31	0	1	74	0.09376202341491803
31	0	1	0	0.09376202341491803
31	0	1	73	0.09376202341491803
31	0	1	7	0.09376202341491803
31	0	1	3	0.09376202341491803
31	0	1	1	0.09376202341491803
31	0	1	4	0.09376202341491803
31	0	1	6	0.09376202341491803
31	0	1	2	0.09376202341491803
31	0	1	17	0.05616330142894542
31	0	1	77	0.05616330142894542
31	0	1	44	0.013297605499006203
31	0	1	78	0.013297605499006203
31	0	1	59	0.05616330142894542
31	0	1	94	0.05616330142894542
31	0	1	20	0.05616330142894542
31	0	1	33	0.05616330142894542
31	0	1	84	0.05616330142894542
31	0	1	28	0.05616330142894542
31	0	1	100	0.01145027379608984
31	0	2	74	0.11041817765767635
31	0	2	0	0.11041817765767635
31	0	2	73	0.11041817765767635
31	0	2	7	0.11041817765767635
31	0	2	3	0.11041817765767635
31	0	2	17	0.03931793117630522
31	0	2	4	0.11041817765767635
31	0	2	1	0.11041817765767635
31	0	2	6	0.11041817765767635
31	0	2	2	0.11041817765767635
31	0	2	44	0.012059995370767249
31	0	2	78	0.012059995370767249
31	0	2	77	0.028237964038191773
31	0	2	59	0.028237964038191773
31	0	2	94	0.028237964038191773
31	0	2	33	0.028237964038191773
31	0	2	84	0.028237964038191773
31	0	2	20	0.028237964038191773
31	0	2	28	0.028237964038191773
31	0	2	70	0.013278259250207088
31	0	2	100	0.013278259250207088
31	0	2	15	0.013278259250207088
31	0	3	74	0.09496747707810832
31	0	3	0	0.09496747707810832
31	0	3	73	0.09496747707810832
31	0	3	7	0.09496747707810832
31	0	3	3	0.09496747707810832
31	0	3	44	0.009120520034423667
31	0	3	4	0.09496747707810832
31	0	3	1	0.09496747707810832
31	0	3	6	0.09496747707810832
31	0	3	2	0.09496747707810832
31	0	3	17	0.05044285417484815
31	0	3	77	0.05044285417484815
31	0	3	78	0.009120520034423667
31	0	3	42	0.0037929122841726523
31	0	3	94	0.05044285417484815
31	0	3	33	0.05044285417484815
31	0	3	20	0.05044285417484815
31	0	3	59	0.05044285417484815
31	0	3	28	0.05044285417484815
31	0	3	84	0.05044285417484815
31	0	3	15	0.013017720720925342
31	0	4	74	0.10566806305140403
31	0	4	0	0.10566806305140403
31	0	4	73	0.10566806305140403
31	0	4	7	0.10566806305140403
31	0	4	3	0.10566806305140403
31	0	4	17	0.051643716079656204
31	0	4	1	0.10566806305140403
31	0	4	4	0.10566806305140403
31	0	4	6	0.10566806305140403
31	0	4	2	0.10566806305140403
31	0	4	44	0.012745054480795284
31	0	4	78	0.012745054480795284
31	0	4	94	0.03212596555588089
31	0	4	59	0.03212596555588089
31	0	4	77	0.03212596555588089
31	0	4	20	0.03212596555588089
31	0	4	33	0.03212596555588089
31	0	4	28	0.03212596555588089
31	0	4	84	0.020516372910667168
31	0	4	15	0.018243993800609124
31	0	4	70	0.018243993800609124
31	0	5	74	0.09030959404269201
31	0	5	0	0.09030959404269201
31	0	5	73	0.07527783420990551
31	0	5	7	0.07527783420990551
31	0	5	3	0.07527783420990551
31	0	5	1	0.07527783420990551
31	0	5	4	0.07527783420990551
31	0	5	6	0.07527783420990551
31	0	5	2	0.07527783420990551
31	0	5	17	0.05071732507558604
31	0	5	77	0.04964947268846288
31	0	5	33	0.04964947268846288
31	0	5	78	0.01593626568786066
31	0	5	44	0.01593626568786066
31	0	5	59	0.04964947268846288
31	0	5	94	0.04964947268846288
31	0	5	20	0.04964947268846288
31	0	5	28	0.04964947268846288
31	0	5	84	0.04964947268846288
31	0	5	15	0.006520080821756257
31	0	6	74	0.10071689900356974
31	0	6	0	0.10071689900356974
31	0	6	73	0.10071689900356974
31	0	6	17	0.051640962581934846
31	0	6	7	0.10071689900356974
31	0	6	3	0.10071689900356974
31	0	6	44	0.011008372937733487
31	0	6	4	0.10071689900356974
31	0	6	1	0.10071689900356974
31	0	6	6	0.10071689900356974
31	0	6	2	0.10071689900356974
31	0	6	77	0.021938725220278805
31	0	6	78	0.011008372937733487
31	0	6	59	0.021938725220278805
31	0	6	33	0.021938725220278805
31	0	6	94	0.021938725220278805
31	0	6	84	0.021938725220278805
31	0	6	20	0.021938725220278805
31	0	6	28	0.021938725220278805
31	0	6	15	0.021938725220278805
31	0	6	100	0.021938725220278805
31	0	6	70	0.021938725220278805
31	0	7	74	0.1064726966198106
31	0	7	0	0.1064726966198106
31	0	7	73	0.1064726966198106
31	0	7	7	0.1064726966198106
31	0	7	3	0.1064726966198106
31	0	7	42	0.013883224408678122
31	0	7	4	0.1064726966198106
31	0	7	1	0.1064726966198106
31	0	7	6	0.1064726966198106
31	0	7	2	0.1064726966198106
31	0	7	17	0.054996411813140536
31	0	7	77	0.05200601004565849
31	0	7	67	0.013883224408678122
31	0	7	44	0.013883224408678122
31	0	7	94	0.05200601004565849
31	0	7	59	0.05200601004565849
31	0	7	20	0.05200601004565849
31	0	7	33	0.05200601004565849
31	0	7	28	0.05200601004565849
31	0	7	84	0.05200601004565849
31	0	7	15	0.011804429163147114
31	0	7	100	0.011804429163147114
31	0	8	74	0.11754712849240272
31	0	8	0	0.11754712849240272
31	0	8	73	0.11754712849240272
31	0	8	17	0.040288417419572044
31	0	8	3	0.11754712849240272
31	0	8	7	0.11754712849240272
31	0	8	44	0.017704395797586852
31	0	8	4	0.11754712849240272
31	0	8	1	0.11754712849240272
31	0	8	6	0.11754712849240272
31	0	8	2	0.11754712849240272
31	0	8	78	0.017704395797586852
31	0	8	42	0.0144316015513253
31	0	8	67	0.0144316015513253
31	0	8	77	0.0144316015513253
31	0	8	59	0.0144316015513253
31	0	8	12	0.013105724181510832
31	0	8	82	0.013105724181510832
31	0	8	79	0.012078785969861372
31	0	8	28	0.0144316015513253
31	0	8	94	0.0144316015513253
31	0	8	20	0.0144316015513253
31	0	8	66	0.0144316015513253
31	0	8	33	0.0144316015513253
31	0	8	36	0.0144316015513253
31	0	9	74	0.12418279402836385
31	0	9	0	0.12418279402836385
31	0	9	73	0.12418279402836385
31	0	9	7	0.12418279402836385
31	0	9	3	0.12418279402836385
31	0	9	17	0.015847498668502824
31	0	9	4	0.12418279402836385
31	0	9	1	0.12418279402836385
31	0	9	6	0.12418279402836385
31	0	9	2	0.12418279402836385
31	0	9	94	0.015847498668502824
31	0	9	20	0.015847498668502824
31	0	9	59	0.015847498668502824
31	0	9	84	0.012330898393191807
31	0	9	78	0.015125480098915263
31	0	9	44	0.015125480098915263
31	0	9	42	0.009605211102403232
31	0	9	12	0.012123978981359675
31	0	9	82	0.012123978981359675
31	0	9	67	0.009605211102403232
31	0	10	74	0.11850646180641157
31	0	10	0	0.11850646180641157
31	0	10	73	0.11850646180641157
31	0	10	7	0.11850646180641157
31	0	10	3	0.11850646180641157
31	0	10	17	0.04326027421267778
31	0	10	4	0.11850646180641157
31	0	10	1	0.11850646180641157
31	0	10	6	0.11850646180641157
31	0	10	2	0.11850646180641157
31	0	10	44	0.01016128800755359
31	0	10	59	0.04326027421267778
31	0	10	94	0.04326027421267778
31	0	10	77	0.04326027421267778
31	0	10	78	0.007241642381238759
31	0	10	33	0.04326027421267778
31	0	10	28	0.04326027421267778
31	0	10	20	0.04326027421267778
31	0	10	84	0.04326027421267778
31	0	10	70	0.0071465854287927
31	0	10	100	0.0071465854287927
31	0	10	15	0.0071465854287927
31	0	11	74	0.09469217553379665
31	0	11	0	0.09469217553379665
31	0	11	73	0.09469217553379665
31	0	11	7	0.09469217553379665
31	0	11	3	0.09469217553379665
31	0	11	17	0.05290327063360078
31	0	11	4	0.09469217553379665
31	0	11	1	0.09469217553379665
31	0	11	6	0.09469217553379665
31	0	11	2	0.09469217553379665
31	0	11	77	0.05290327063360078
31	0	11	44	0.010864313177015488
31	0	11	78	0.010864313177015488
31	0	11	42	0.0037900663221306636
31	0	11	94	0.05290327063360078
31	0	11	20	0.05290327063360078
31	0	11	59	0.05290327063360078
31	0	11	33	0.05290327063360078
31	0	11	84	0.05290327063360078
31	0	11	28	0.05290327063360078
31	0	11	15	0.012884015061031694
31	0	11	100	0.012884015061031694
31	0	12	74	0.10534280638718617
31	0	12	0	0.10534280638718617
31	0	12	73	0.10534280638718617
31	0	12	7	0.10534280638718617
31	0	12	3	0.10534280638718617
31	0	12	1	0.10534280638718617
31	0	12	4	0.10534280638718617
31	0	12	6	0.10534280638718617
31	0	12	2	0.10534280638718617
31	0	12	17	0.051573659285174024
31	0	12	44	0.012748731406918134
31	0	12	78	0.012748731406918134
31	0	12	77	0.034019782361079214
31	0	12	42	0.003278645872720141
31	0	12	33	0.034019782361079214
31	0	12	59	0.034019782361079214
31	0	12	20	0.034019782361079214
31	0	12	94	0.034019782361079214
31	0	12	28	0.034019782361079214
31	0	12	84	0.034019782361079214
31	0	12	15	0.01995731599052361
31	0	13	74	0.0843396175512361
31	0	13	0	0.0843396175512361
31	0	13	73	0.07291335696502449
31	0	13	7	0.07291335696502449
31	0	13	3	0.07291335696502449
31	0	13	17	0.04845109237430369
31	0	13	4	0.07291335696502449
31	0	13	1	0.07291335696502449
31	0	13	6	0.07291335696502449
31	0	13	2	0.07291335696502449
31	0	13	77	0.03985145261711221
31	0	13	33	0.03985145261711221
31	0	13	78	0.010442084919942486
31	0	13	44	0.010442084919942486
31	0	13	59	0.03985145261711221
31	0	13	94	0.03985145261711221
31	0	13	20	0.03985145261711221
31	0	13	84	0.03985145261711221
31	0	13	28	0.03985145261711221
31	0	13	15	0.012010728177712605
31	0	13	100	0.012010728177712605
31	0	13	71	0.011279993234547094
31	0	14	74	0.09230746007463408
31	0	14	0	0.09230746007463408
31	0	14	73	0.09230746007463408
31	0	14	7	0.09230746007463408
31	0	14	3	0.09230746007463408
31	0	14	44	0.009614414412764057
31	0	14	4	0.09230746007463408
31	0	14	1	0.09230746007463408
31	0	14	6	0.09230746007463408
31	0	14	2	0.09230746007463408
31	0	14	17	0.06687585942245947
31	0	14	78	0.008884282967431444
31	0	14	94	0.04341193705286522
31	0	14	33	0.04341193705286522
31	0	14	20	0.04341193705286522
31	0	14	59	0.04341193705286522
31	0	14	77	0.04341193705286522
31	0	14	28	0.04341193705286522
31	0	14	84	0.04341193705286522
31	0	14	15	0.011435342003031966
31	0	15	74	0.1166426322804921
31	0	15	0	0.1166426322804921
31	0	15	73	0.1166426322804921
31	0	15	7	0.1166426322804921
31	0	15	3	0.1166426322804921
31	0	15	17	0.023948311233273838
31	0	15	4	0.1166426322804921
31	0	15	1	0.1166426322804921
31	0	15	6	0.1166426322804921
31	0	15	2	0.1166426322804921
31	0	15	44	0.016650467211774555
31	0	15	67	0.018071978703022195
31	0	15	42	0.018071978703022195
31	0	15	36	0.00976510409989479
31	0	15	78	0.016650467211774555
31	0	15	82	0.01009001789054307
31	0	15	12	0.01009001789054307
31	0	15	77	0.01009001789054307
31	0	15	94	0.01009001789054307
31	0	15	20	0.01009001789054307
31	0	15	59	0.01009001789054307
31	0	15	79	0.01009001789054307
31	0	15	66	0.008769890358508399
31	0	16	74	0.1027344003130318
31	0	16	0	0.1027344003130318
31	0	16	73	0.1027344003130318
31	0	16	7	0.1027344003130318
31	0	16	3	0.1027344003130318
31	0	16	17	0.02162819069664932
31	0	16	4	0.1027344003130318
31	0	16	1	0.1027344003130318
31	0	16	6	0.1027344003130318
31	0	16	2	0.1027344003130318
31	0	16	67	0.01851631096341281
31	0	16	42	0.01851631096341281
31	0	16	36	0.015875300496332154
31	0	16	78	0.02162819069664932
31	0	16	44	0.02162819069664932
31	0	16	12	0.02162819069664932
31	0	16	82	0.02162819069664932
31	0	16	94	0.015875300496332154
31	0	16	66	0.015875300496332154
31	0	16	20	0.02162819069664932
31	0	16	33	0.02162819069664932
31	0	16	79	0.02162819069664932
31	0	16	77	0.02162819069664932
31	0	17	74	0.11797189667476489
31	0	17	0	0.11797189667476489
31	0	17	73	0.11797189667476489
31	0	17	17	0.04285244490443967
31	0	17	7	0.11797189667476489
31	0	17	3	0.11797189667476489
31	0	17	42	0.012032372346753894
31	0	17	6	0.11797189667476489
31	0	17	2	0.11797189667476489
31	0	17	4	0.11797189667476489
31	0	17	1	0.11797189667476489
31	0	17	44	0.03441888796510438
31	0	17	78	0.03441888796510438
31	0	17	67	0.012032372346753894
31	0	17	77	0.012032372346753894
31	0	17	94	0.014614194374891568
31	0	17	79	0.014614194374891568
31	0	17	20	0.014614194374891568
31	0	17	59	0.014614194374891568
31	0	17	82	0.0028804979906317443
31	0	18	74	0.08663673509659846
31	0	18	0	0.08663673509659846
31	0	18	73	0.08663673509659846
31	0	18	7	0.08663673509659846
31	0	18	3	0.08663673509659846
31	0	18	44	0.012241335261648867
31	0	18	4	0.08663673509659846
31	0	18	1	0.08663673509659846
31	0	18	6	0.08663673509659846
31	0	18	2	0.08663673509659846
31	0	18	17	0.050776717121346966
31	0	18	78	0.012241335261648867
31	0	18	59	0.03055130110888648
31	0	18	94	0.03055130110888648
31	0	18	77	0.03055130110888648
31	0	18	20	0.03055130110888648
31	0	18	33	0.03055130110888648
31	0	18	28	0.03055130110888648
31	0	18	84	0.03055130110888648
31	0	18	15	0.03055130110888648
31	0	18	70	0.03055130110888648
31	0	19	74	0.08206033087864857
31	0	19	0	0.08206033087864857
31	0	19	73	0.07449497016772626
31	0	19	17	0.07449497016772626
31	0	19	3	0.07449497016772626
31	0	19	7	0.07449497016772626
31	0	19	4	0.07449497016772626
31	0	19	1	0.07449497016772626
31	0	19	6	0.07449497016772626
31	0	19	2	0.07449497016772626
31	0	19	44	0.01100939837880557
31	0	19	78	0.01100939837880557
31	0	19	42	0.003762846616331791
31	0	19	59	0.04589083445917282
31	0	19	77	0.04589083445917282
31	0	19	20	0.04589083445917282
31	0	19	33	0.04589083445917282
31	0	19	94	0.04589083445917282
31	0	19	84	0.04589083445917282
31	0	19	28	0.04589083445917282
31	0	19	100	0.020730114820435814
31	0	19	15	0.015473087483637507
31	0	20	74	0.121822309513913
31	0	20	0	0.121822309513913
31	0	20	73	0.121822309513913
31	0	20	17	0.023147957824730208
31	0	20	3	0.121822309513913
31	0	20	7	0.121822309513913
31	0	20	4	0.121822309513913
31	0	20	1	0.121822309513913
31	0	20	6	0.121822309513913
31	0	20	2	0.121822309513913
31	0	20	44	0.01851353559630784
31	0	20	78	0.01851353559630784
31	0	20	36	0.011913945710835525
31	0	20	67	0.01851353559630784
31	0	20	42	0.01851353559630784
31	0	20	77	0.011913945710835525
31	0	20	12	0.011913945710835525
31	0	20	82	0.011913945710835525
31	0	20	79	0.0094779377426739
31	0	20	20	0.0094779377426739
31	0	20	94	0.0094779377426739
31	0	20	33	0.0094779377426739
31	0	20	59	0.0094779377426739
31	0	21	74	0.14530037797853712
31	0	21	0	0.14530037797853712
31	0	21	73	0.14530037797853712
31	0	21	7	0.14530037797853712
31	0	21	3	0.14530037797853712
31	0	21	17	0.020806514185697823
31	0	21	4	0.14530037797853712
31	0	21	1	0.14530037797853712
31	0	21	6	0.14530037797853712
31	0	21	2	0.14530037797853712
31	0	21	44	0.014667618416543881
31	0	21	78	0.014667618416543881
31	0	21	94	0.020806514185697823
31	0	21	20	0.020806514185697823
31	0	21	59	0.020806514185697823
31	0	21	28	0.014667618416543881
31	0	21	42	0.014667618416543881
31	0	21	84	0.014667618416543881
31	0	21	67	0.014667618416543881
31	0	21	77	0.014667618416543881
31	0	22	74	0.11537142806771056
31	0	22	0	0.11537142806771056
31	0	22	73	0.11537142806771056
31	0	22	7	0.11537142806771056
31	0	22	3	0.11537142806771056
31	0	22	44	0.016346735579711075
31	0	22	4	0.11537142806771056
31	0	22	1	0.11537142806771056
31	0	22	6	0.11537142806771056
31	0	22	2	0.11537142806771056
31	0	22	17	0.0415810330565728
31	0	22	59	0.0415810330565728
31	0	22	77	0.0415810330565728
31	0	22	78	0.016346735579711075
31	0	22	42	0.003849174729700679
31	0	22	20	0.0415810330565728
31	0	22	33	0.0415810330565728
31	0	22	94	0.0415810330565728
31	0	22	84	0.0415810330565728
31	0	22	28	0.0415810330565728
31	0	22	100	0.006383956143307068
31	0	23	74	0.11050699980873112
31	0	23	0	0.11050699980873112
31	0	23	73	0.11050699980873112
31	0	23	7	0.11050699980873112
31	0	23	3	0.11050699980873112
31	0	23	17	0.05375356465122783
31	0	23	44	0.014833669645903479
31	0	23	6	0.11050699980873112
31	0	23	2	0.11050699980873112
31	0	23	4	0.11050699980873112
31	0	23	1	0.11050699980873112
31	0	23	94	0.03593022628267083
31	0	23	77	0.03593022628267083
31	0	23	59	0.03593022628267083
31	0	23	20	0.03593022628267083
31	0	23	33	0.03593022628267083
31	0	23	28	0.03593022628267083
31	0	23	84	0.03593022628267083
31	0	23	15	0.016628818463945635
31	0	23	70	0.013288225779921586
31	0	23	100	0.013288225779921586
31	0	24	74	0.10034386084795191
31	0	24	0	0.10034386084795191
31	0	24	73	0.10034386084795191
31	0	24	17	0.04102876948726634
31	0	24	3	0.10034386084795191
31	0	24	7	0.10034386084795191
31	0	24	4	0.10034386084795191
31	0	24	1	0.10034386084795191
31	0	24	6	0.10034386084795191
31	0	24	2	0.10034386084795191
31	0	24	44	0.02232143610116532
31	0	24	78	0.02232143610116532
31	0	24	42	0.018057663850926255
31	0	24	12	0.02232143610116532
31	0	24	82	0.02232143610116532
31	0	24	77	0.02232143610116532
31	0	24	20	0.02232143610116532
31	0	24	67	0.018057663850926255
31	0	24	79	0.02232143610116532
31	0	24	94	0.02232143610116532
31	0	24	59	0.02232143610116532
31	0	24	33	0.02232143610116532
31	0	25	74	0.10082105087551775
31	0	25	0	0.10082105087551775
31	0	25	73	0.10082105087551775
31	0	25	7	0.10082105087551775
31	0	25	3	0.10082105087551775
31	0	25	17	0.044921103766516576
31	0	25	4	0.10082105087551775
31	0	25	1	0.10082105087551775
31	0	25	6	0.10082105087551775
31	0	25	2	0.10082105087551775
31	0	25	44	0.019062714525801435
31	0	25	78	0.019062714525801435
31	0	25	42	0.015384766299697785
31	0	25	12	0.015384766299697785
31	0	25	82	0.015384766299697785
31	0	25	77	0.015384766299697785
31	0	25	67	0.015384766299697785
31	0	25	20	0.011913472850660403
31	0	25	79	0.015384766299697785
31	0	25	94	0.009225206634017127
31	0	25	33	0.009225206634017127
31	0	25	59	0.009225206634017127
31	0	26	74	0.12005246289383847
31	0	26	0	0.12005246289383847
31	0	26	73	0.12005246289383847
31	0	26	7	0.12005246289383847
31	0	26	3	0.12005246289383847
31	0	26	17	0.03209365041735069
31	0	26	4	0.12005246289383847
31	0	26	1	0.12005246289383847
31	0	26	6	0.12005246289383847
31	0	26	2	0.12005246289383847
31	0	26	94	0.03209365041735069
31	0	26	59	0.03209365041735069
31	0	26	44	0.01352758462946384
31	0	26	78	0.01352758462946384
31	0	26	28	0.015662227588484998
31	0	26	77	0.015662227588484998
31	0	26	84	0.015662227588484998
31	0	26	20	0.015662227588484998
31	0	26	33	0.015662227588484998
31	0	26	15	0.00864596359651614
31	0	27	74	0.12920336926364898
31	0	27	0	0.12920336926364898
31	0	27	73	0.12920336926364898
31	0	27	7	0.12920336926364898
31	0	27	3	0.12920336926364898
31	0	27	17	0.039396677649672876
31	0	27	4	0.12920336926364898
31	0	27	1	0.12920336926364898
31	0	27	6	0.12920336926364898
31	0	27	2	0.12920336926364898
31	0	27	94	0.039396677649672876
31	0	27	59	0.039396677649672876
31	0	27	44	0.008666347577803586
31	0	27	78	0.006881753008322921
31	0	27	20	0.039396677649672876
31	0	27	77	0.039396677649672876
31	0	27	84	0.039396677649672876
31	0	27	33	0.039396677649672876
31	0	27	15	0.039396677649672876
31	0	27	28	0.039396677649672876
31	0	27	70	0.039396677649672876
31	0	27	100	0.039396677649672876
31	0	28	74	0.13933522720580394
31	0	28	0	0.13933522720580394
31	0	28	73	0.13933522720580394
31	0	28	7	0.13933522720580394
31	0	28	3	0.13933522720580394
31	0	28	17	0.021252607293941884
31	0	28	4	0.13933522720580394
31	0	28	1	0.13933522720580394
31	0	28	6	0.13933522720580394
31	0	28	2	0.13933522720580394
31	0	28	20	0.021252607293941884
31	0	28	94	0.021252607293941884
31	0	28	59	0.020560992353766273
31	0	28	84	0.020560992353766273
31	0	28	77	0.019024795006400308
31	0	28	28	0.019024795006400308
31	0	28	44	0.008772202730543924
31	0	28	15	0.019024795006400308
31	0	28	33	0.019024795006400308
31	0	28	100	0.019024795006400308
31	0	28	70	0.019024795006400308
31	0	29	74	0.10063142961299293
31	0	29	0	0.10063142961299293
31	0	29	73	0.10063142961299293
31	0	29	7	0.10063142961299293
31	0	29	3	0.10063142961299293
31	0	29	17	0.05409864627613755
31	0	29	4	0.10063142961299293
31	0	29	1	0.10063142961299293
31	0	29	6	0.10063142961299293
31	0	29	2	0.10063142961299293
31	0	29	77	0.05409864627613755
31	0	29	44	0.0151740698513798
31	0	29	78	0.0151740698513798
31	0	29	59	0.05409864627613755
31	0	29	94	0.05409864627613755
31	0	29	20	0.05409864627613755
31	0	29	33	0.05409864627613755
31	0	29	84	0.05409864627613755
31	0	29	28	0.05409864627613755
31	0	29	15	0.009504646145883358
31	0	30	74	0.11692482836074584
31	0	30	0	0.11692482836074584
31	0	30	73	0.11692482836074584
31	0	30	7	0.11692482836074584
31	0	30	3	0.11692482836074584
31	0	30	17	0.03370634485598406
31	0	30	4	0.11692482836074584
31	0	30	1	0.11692482836074584
31	0	30	6	0.11692482836074584
31	0	30	2	0.11692482836074584
31	0	30	44	0.013629852211560487
31	0	30	78	0.013629852211560487
31	0	30	77	0.028099571327991672
31	0	30	59	0.028099571327991672
31	0	30	94	0.028099571327991672
31	0	30	33	0.028099571327991672
31	0	30	28	0.028099571327991672
31	0	30	20	0.028099571327991672
31	0	30	84	0.028099571327991672
31	0	30	15	0.012415041615709919
31	0	31	74	0.10554618476468061
31	0	31	0	0.10554618476468061
31	0	31	73	0.10554618476468061
31	0	31	7	0.10554618476468061
31	0	31	3	0.10554618476468061
31	0	31	17	0.05770741184345606
31	0	31	4	0.10554618476468061
31	0	31	1	0.10554618476468061
31	0	31	6	0.10554618476468061
31	0	31	2	0.10554618476468061
31	0	31	44	0.01280805903842569
31	0	31	78	0.01280805903842569
31	0	31	94	0.04089959602706125
31	0	31	77	0.04089959602706125
31	0	31	59	0.04089959602706125
31	0	31	20	0.04089959602706125
31	0	31	33	0.04089959602706125
31	0	31	28	0.04089959602706125
31	0	31	84	0.04089959602706125
31	0	31	70	0.009802878599729052
31	0	32	74	0.10925130349210281
31	0	32	0	0.10925130349210281
31	0	32	73	0.10925130349210281
31	0	32	17	0.03670687938227206
31	0	32	3	0.10925130349210281
31	0	32	7	0.10925130349210281
31	0	32	4	0.10925130349210281
31	0	32	1	0.10925130349210281
31	0	32	6	0.10925130349210281
31	0	32	2	0.10925130349210281
31	0	32	44	0.017496494305782696
31	0	32	78	0.017496494305782696
31	0	32	42	0.013300257762467446
31	0	32	67	0.013300257762467446
31	0	32	77	0.012336301077724323
31	0	32	36	0.012336301077724323
31	0	32	12	0.012336301077724323
31	0	32	82	0.012336301077724323
31	0	32	79	0.01098808115818328
31	0	32	20	0.009824092239971839
31	0	32	94	0.009824092239971839
31	0	32	59	0.009824092239971839
31	0	32	33	0.009824092239971839
31	0	33	74	0.09753522152553093
31	0	33	0	0.09753522152553093
31	0	33	73	0.09753522152553093
31	0	33	7	0.09753522152553093
31	0	33	3	0.09753522152553093
31	0	33	17	0.05083192791164264
31	0	33	4	0.09753522152553093
31	0	33	1	0.09753522152553093
31	0	33	6	0.09753522152553093
31	0	33	2	0.09753522152553093
31	0	33	77	0.03243528707893696
31	0	33	59	0.03243528707893696
31	0	33	44	0.009005410238080226
31	0	33	20	0.03243528707893696
31	0	33	33	0.03243528707893696
31	0	33	94	0.03243528707893696
31	0	33	28	0.03243528707893696
31	0	33	84	0.03243528707893696
31	0	33	70	0.019206221764244046
31	0	33	15	0.019206221764244046
31	0	34	74	0.08810602276650917
31	0	34	0	0.08810602276650917
31	0	34	73	0.08810602276650917
31	0	34	7	0.08810602276650917
31	0	34	3	0.08810602276650917
31	0	34	44	0.010950337757460312
31	0	34	4	0.08810602276650917
31	0	34	1	0.08810602276650917
31	0	34	6	0.08810602276650917
31	0	34	2	0.08810602276650917
31	0	34	17	0.051488926589395245
31	0	34	77	0.051488926589395245
31	0	34	20	0.051488926589395245
31	0	34	78	0.010950337757460312
31	0	34	94	0.051488926589395245
31	0	34	59	0.051488926589395245
31	0	34	33	0.051488926589395245
31	0	34	84	0.051488926589395245
31	0	34	28	0.051488926589395245
31	0	34	15	0.006896630504353792
31	0	35	74	0.1290408904122817
31	0	35	0	0.1290408904122817
31	0	35	73	0.1290408904122817
31	0	35	7	0.1290408904122817
31	0	35	3	0.1290408904122817
31	0	35	44	0.018552370917793506
31	0	35	4	0.1290408904122817
31	0	35	1	0.1290408904122817
31	0	35	6	0.1290408904122817
31	0	35	2	0.1290408904122817
31	0	35	20	0.02979102716983008
31	0	35	59	0.02708712987892441
31	0	35	94	0.02708712987892441
31	0	35	17	0.02708712987892441
31	0	35	78	0.018552370917793506
31	0	35	28	0.00966132929583513
31	0	35	42	0.00966132929583513
31	0	35	12	0.009003365950019876
31	0	35	82	0.009003365950019876
31	0	35	84	0.00966132929583513
31	0	35	77	0.00966132929583513
31	0	35	67	0.00966132929583513
31	0	36	74	0.10005695827730435
31	0	36	0	0.10005695827730435
31	0	36	73	0.05415617042125101
31	0	36	7	0.0599245555511501
31	0	36	3	0.0599245555511501
31	0	36	1	0.0599245555511501
31	0	36	4	0.0599245555511501
31	0	36	6	0.0599245555511501
31	0	36	2	0.0599245555511501
31	0	36	17	0.05189269278382026
31	0	36	77	0.03464180862250647
31	0	36	44	0.015235655518953407
31	0	36	78	0.015235655518953407
31	0	36	20	0.03464180862250647
31	0	36	33	0.03464180862250647
31	0	36	59	0.03464180862250647
31	0	36	94	0.03464180862250647
31	0	36	84	0.03464180862250647
31	0	36	28	0.03464180862250647
31	0	36	15	0.008151047272419247
31	0	37	74	0.1321696488606512
31	0	37	0	0.1321696488606512
31	0	37	73	0.1321696488606512
31	0	37	7	0.1321696488606512
31	0	37	3	0.1321696488606512
31	0	37	17	0.028216225767109356
31	0	37	4	0.1321696488606512
31	0	37	1	0.1321696488606512
31	0	37	6	0.1321696488606512
31	0	37	2	0.1321696488606512
31	0	37	94	0.028216225767109356
31	0	37	20	0.028216225767109356
31	0	37	59	0.021086091913872708
31	0	37	44	0.01163107399541287
31	0	37	77	0.021086091913872708
31	0	37	84	0.021086091913872708
31	0	37	78	0.01163107399541287
31	0	37	15	0.01451699680445897
31	0	37	28	0.01451699680445897
31	0	37	33	0.01451699680445897
31	0	37	100	0.01451699680445897
31	0	37	70	0.01451699680445897
31	0	38	74	0.08417629177673834
31	0	38	0	0.08417629177673834
31	0	38	73	0.08417629177673834
31	0	38	17	0.05365713872264821
31	0	38	7	0.08417629177673834
31	0	38	3	0.08417629177673834
31	0	38	44	0.00894326531069446
31	0	38	6	0.08417629177673834
31	0	38	2	0.08417629177673834
31	0	38	4	0.08417629177673834
31	0	38	1	0.08417629177673834
31	0	38	77	0.05365713872264821
31	0	38	78	0.007725654933091051
31	0	38	94	0.05365713872264821
31	0	38	59	0.05365713872264821
31	0	38	33	0.05365713872264821
31	0	38	20	0.05365713872264821
31	0	38	84	0.05365713872264821
31	0	38	28	0.05365713872264821
31	0	38	100	0.011355610576396365
31	0	38	15	0.011355610576396365
31	0	39	74	0.08826688986523501
31	0	39	0	0.08826688986523501
31	0	39	73	0.08826688986523501
31	0	39	7	0.08826688986523501
31	0	39	3	0.08826688986523501
31	0	39	44	0.01576397363008151
31	0	39	4	0.08826688986523501
31	0	39	1	0.08826688986523501
31	0	39	2	0.08826688986523501
31	0	39	6	0.08826688986523501
31	0	39	17	0.05346787111048085
31	0	39	77	0.05346787111048085
31	0	39	78	0.01576397363008151
31	0	39	33	0.05346787111048085
31	0	39	94	0.05346787111048085
31	0	39	20	0.05346787111048085
31	0	39	59	0.05346787111048085
31	0	39	28	0.05346787111048085
31	0	39	84	0.05346787111048085
31	0	39	15	0.010290518468975636
31	0	40	74	0.08652373194726522
31	0	40	0	0.08652373194726522
31	0	40	73	0.08652373194726522
31	0	40	7	0.08652373194726522
31	0	40	3	0.08652373194726522
31	0	40	44	0.013462851451313183
31	0	40	4	0.08652373194726522
31	0	40	1	0.08652373194726522
31	0	40	6	0.08652373194726522
31	0	40	2	0.08652373194726522
31	0	40	17	0.055917716578401847
31	0	40	77	0.055917716578401847
31	0	40	78	0.013462851451313183
31	0	40	42	0.004184478557339554
31	0	40	20	0.055917716578401847
31	0	40	94	0.055917716578401847
31	0	40	59	0.055917716578401847
31	0	40	33	0.055917716578401847
31	0	40	84	0.055917716578401847
31	0	40	28	0.055917716578401847
31	0	41	74	0.13861850663335862
31	0	41	0	0.13861850663335862
31	0	41	73	0.13861850663335862
31	0	41	7	0.13861850663335862
31	0	41	3	0.13861850663335862
31	0	41	17	0.016289115455036002
31	0	41	4	0.13861850663335862
31	0	41	1	0.13861850663335862
31	0	41	6	0.13861850663335862
31	0	41	2	0.13861850663335862
31	0	41	77	0.016289115455036002
31	0	41	20	0.016289115455036002
31	0	41	78	0.016289115455036002
31	0	41	44	0.016289115455036002
31	0	41	94	0.016289115455036002
31	0	41	59	0.016289115455036002
31	0	41	84	0.016289115455036002
31	0	41	67	0.016289115455036002
31	0	41	42	0.016289115455036002
31	0	41	28	0.016289115455036002
31	0	41	36	0.012167220232197094
31	0	42	74	0.11782682297259285
31	0	42	0	0.11782682297259285
31	0	42	73	0.11782682297259285
31	0	42	17	0.05031856245344183
31	0	42	7	0.11782682297259285
31	0	42	3	0.11782682297259285
31	0	42	44	0.01828649458125405
31	0	42	4	0.11782682297259285
31	0	42	1	0.11782682297259285
31	0	42	6	0.11782682297259285
31	0	42	2	0.11782682297259285
31	0	42	78	0.01828649458125405
31	0	42	77	0.03608591575951602
31	0	42	67	0.03608591575951602
31	0	42	42	0.03608591575951602
31	0	42	82	0.016154224042691134
31	0	42	12	0.016154224042691134
31	0	42	79	0.0040236732524833495
31	0	42	36	0.03608591575951602
31	0	42	28	0.03608591575951602
31	0	42	94	0.03608591575951602
31	0	42	66	0.03608591575951602
31	0	42	20	0.03608591575951602
31	0	42	59	0.03608591575951602
31	0	42	33	0.03608591575951602
31	0	43	74	0.14036434508404008
31	0	43	0	0.14036434508404008
31	0	43	73	0.14036434508404008
31	0	43	7	0.14036434508404008
31	0	43	3	0.14036434508404008
31	0	43	17	0.030738435001065517
31	0	43	4	0.14036434508404008
31	0	43	1	0.14036434508404008
31	0	43	6	0.14036434508404008
31	0	43	2	0.14036434508404008
31	0	43	44	0.02021282655167654
31	0	43	78	0.02021282655167654
31	0	43	42	0.014188408440199397
31	0	43	12	0.02021282655167654
31	0	43	82	0.02021282655167654
31	0	43	77	0.02021282655167654
31	0	43	59	0.02021282655167654
31	0	43	94	0.02021282655167654
31	0	43	67	0.014188408440199397
31	0	43	79	0.02021282655167654
31	0	43	33	0.02021282655167654
31	0	43	28	0.011325808946384434
31	0	44	74	0.12795283699965335
31	0	44	0	0.12795283699965335
31	0	44	73	0.12795283699965335
31	0	44	7	0.12795283699965335
31	0	44	3	0.12795283699965335
31	0	44	17	0.04162338471917933
31	0	44	4	0.12795283699965335
31	0	44	1	0.12795283699965335
31	0	44	6	0.12795283699965335
31	0	44	2	0.12795283699965335
31	0	44	59	0.04162338471917933
31	0	44	94	0.04162338471917933
31	0	44	77	0.04162338471917933
31	0	44	44	0.012949876883752154
31	0	44	78	0.012949876883752154
31	0	44	42	0.0041647262685096725
31	0	44	33	0.04162338471917933
31	0	44	20	0.04162338471917933
31	0	44	84	0.04162338471917933
31	0	44	28	0.04162338471917933
31	0	45	74	0.12873515500089744
31	0	45	0	0.12873515500089744
31	0	45	73	0.12873515500089744
31	0	45	7	0.12873515500089744
31	0	45	3	0.12873515500089744
31	0	45	17	0.023978267486740337
31	0	45	4	0.12873515500089744
31	0	45	1	0.12873515500089744
31	0	45	6	0.12873515500089744
31	0	45	2	0.12873515500089744
31	0	45	44	0.017217530277516508
31	0	45	78	0.017217530277516508
31	0	45	42	0.017217530277516508
31	0	45	67	0.017217530277516508
31	0	45	82	0.01143239321594763
31	0	45	59	0.017217530277516508
31	0	45	20	0.017217530277516508
31	0	45	36	0.01654913580006951
31	0	45	77	0.01654913580006951
31	0	45	66	0.01654913580006951
31	0	45	79	0.01143239321594763
31	0	45	12	0.01143239321594763
31	0	46	74	0.12161509419926682
31	0	46	0	0.12161509419926682
31	0	46	73	0.12161509419926682
31	0	46	7	0.12161509419926682
31	0	46	3	0.12161509419926682
31	0	46	17	0.03917082221099521
31	0	46	4	0.12161509419926682
31	0	46	1	0.12161509419926682
31	0	46	6	0.12161509419926682
31	0	46	2	0.12161509419926682
31	0	46	59	0.03917082221099521
31	0	46	78	0.013233990460772834
31	0	46	44	0.013233990460772834
31	0	46	77	0.03917082221099521
31	0	46	94	0.03917082221099521
31	0	46	42	0.003831026679176702
31	0	46	20	0.03917082221099521
31	0	46	28	0.03917082221099521
31	0	46	33	0.03917082221099521
31	0	46	84	0.03917082221099521
31	0	46	100	0.004205053179142663
31	0	47	74	0.1247352000862037
31	0	47	0	0.1247352000862037
31	0	47	73	0.1247352000862037
31	0	47	17	0.022518536048467614
31	0	47	3	0.1247352000862037
31	0	47	7	0.1247352000862037
31	0	47	4	0.1247352000862037
31	0	47	1	0.1247352000862037
31	0	47	6	0.1247352000862037
31	0	47	2	0.1247352000862037
31	0	47	94	0.012004029143672566
31	0	47	78	0.012004029143672566
31	0	47	44	0.012004029143672566
31	0	47	59	0.012004029143672566
31	0	47	42	0.012004029143672566
31	0	47	67	0.012004029143672566
31	0	47	77	0.012004029143672566
31	0	47	12	0.012004029143672566
31	0	47	82	0.012004029143672566
31	0	47	79	0.009913389342614367
31	0	48	74	0.12894568391119335
31	0	48	0	0.12894568391119335
31	0	48	73	0.12894568391119335
31	0	48	7	0.12894568391119335
31	0	48	3	0.12894568391119335
31	0	48	1	0.12894568391119335
31	0	48	4	0.12894568391119335
31	0	48	44	0.012083322823004495
31	0	48	6	0.12894568391119335
31	0	48	2	0.12894568391119335
31	0	48	17	0.0363329648639812
31	0	48	59	0.0363329648639812
31	0	48	78	0.012083322823004495
31	0	48	77	0.0363329648639812
31	0	48	20	0.0363329648639812
31	0	48	94	0.0363329648639812
31	0	48	33	0.0363329648639812
31	0	48	28	0.0363329648639812
31	0	48	84	0.0363329648639812
31	0	48	15	0.007604147221752656
31	0	49	74	0.09363917194827358
31	0	49	0	0.09363917194827358
31	0	49	73	0.09363917194827358
31	0	49	7	0.09363917194827358
31	0	49	3	0.09363917194827358
31	0	49	44	0.010411736225845899
31	0	49	4	0.09363917194827358
31	0	49	1	0.09363917194827358
31	0	49	6	0.09363917194827358
31	0	49	2	0.09363917194827358
31	0	49	17	0.05554094072675278
31	0	49	77	0.05554094072675278
31	0	49	59	0.05554094072675278
31	0	49	78	0.010411736225845899
31	0	49	94	0.05554094072675278
31	0	49	20	0.05554094072675278
31	0	49	33	0.05554094072675278
31	0	49	28	0.05554094072675278
31	0	49	84	0.05554094072675278
31	0	49	15	0.009469196690241656
31	0	50	74	0.13043625455966928
31	0	50	0	0.13043625455966928
31	0	50	73	0.13043625455966928
31	0	50	7	0.13043625455966928
31	0	50	3	0.13043625455966928
31	0	50	17	0.04360246061370044
31	0	50	4	0.13043625455966928
31	0	50	1	0.13043625455966928
31	0	50	6	0.13043625455966928
31	0	50	2	0.13043625455966928
31	0	50	59	0.04360246061370044
31	0	50	20	0.04360246061370044
31	0	50	78	0.011829890144482694
31	0	50	44	0.011829890144482694
31	0	50	77	0.04360246061370044
31	0	50	94	0.04360246061370044
31	0	50	33	0.04360246061370044
31	0	50	28	0.04360246061370044
31	0	50	84	0.04360246061370044
31	0	50	100	0.013555909787055523
31	0	50	15	0.013555909787055523
31	0	51	74	0.1476428562832352
31	0	51	0	0.1476428562832352
31	0	51	73	0.1476428562832352
31	0	51	7	0.1476428562832352
31	0	51	3	0.1476428562832352
31	0	51	17	0.030794430341751
31	0	51	4	0.1476428562832352
31	0	51	1	0.1476428562832352
31	0	51	6	0.1476428562832352
31	0	51	2	0.1476428562832352
31	0	51	44	0.018657773034272483
31	0	51	59	0.030794430341751
31	0	51	94	0.030794430341751
31	0	51	78	0.018657773034272483
31	0	51	77	0.02568680378845169
31	0	51	42	0.003490264997424655
31	0	51	33	0.02568680378845169
31	0	51	28	0.02568680378845169
31	0	51	20	0.02568680378845169
31	0	51	84	0.02568680378845169
31	0	52	74	0.11811076373105182
31	0	52	0	0.11811076373105182
31	0	52	73	0.11811076373105182
31	0	52	7	0.11811076373105182
31	0	52	3	0.11811076373105182
31	0	52	17	0.03948688944313611
31	0	52	4	0.11811076373105182
31	0	52	1	0.11811076373105182
31	0	52	6	0.11811076373105182
31	0	52	2	0.11811076373105182
31	0	52	59	0.03948688944313611
31	0	52	78	0.01317150137078598
31	0	52	44	0.01317150137078598
31	0	52	77	0.03948688944313611
31	0	52	20	0.03948688944313611
31	0	52	94	0.03948688944313611
31	0	52	28	0.03948688944313611
31	0	52	84	0.03948688944313611
31	0	52	33	0.03948688944313611
31	0	52	15	0.006263559023859714
31	0	53	74	0.10619814066475776
31	0	53	0	0.10619814066475776
31	0	53	73	0.05062472900386605
31	0	53	7	0.06749026653520204
31	0	53	3	0.06749026653520204
31	0	53	1	0.06749026653520204
31	0	53	4	0.06749026653520204
31	0	53	6	0.06749026653520204
31	0	53	2	0.06749026653520204
31	0	53	17	0.04962625888669174
31	0	53	77	0.04432451822996219
31	0	53	78	0.014235468804492935
31	0	53	44	0.014235468804492935
31	0	53	42	0.003803655123782015
31	0	53	20	0.04432451822996219
31	0	53	33	0.04432451822996219
31	0	53	94	0.04432451822996219
31	0	53	59	0.04432451822996219
31	0	53	28	0.04432451822996219
31	0	53	84	0.04432451822996219
31	0	53	15	0.011036363216588893
31	0	54	74	0.12871662151273863
31	0	54	0	0.12871662151273863
31	0	54	73	0.12871662151273863
31	0	54	7	0.12871662151273863
31	0	54	3	0.12871662151273863
31	0	54	17	0.03888595848930909
31	0	54	4	0.12871662151273863
31	0	54	1	0.12871662151273863
31	0	54	6	0.12871662151273863
31	0	54	2	0.12871662151273863
31	0	54	44	0.01567846615961696
31	0	54	78	0.01567846615961696
31	0	54	42	0.004291149888108373
31	0	54	77	0.03888595848930909
31	0	54	94	0.03888595848930909
31	0	54	20	0.03888595848930909
31	0	54	59	0.03888595848930909
31	0	54	33	0.03888595848930909
31	0	54	28	0.03888595848930909
31	0	54	84	0.03888595848930909
31	0	55	74	0.14040697265846003
31	0	55	0	0.14040697265846003
31	0	55	73	0.14040697265846003
31	0	55	7	0.14040697265846003
31	0	55	3	0.14040697265846003
31	0	55	17	0.03729406404020404
31	0	55	4	0.14040697265846003
31	0	55	1	0.14040697265846003
31	0	55	6	0.14040697265846003
31	0	55	2	0.14040697265846003
31	0	55	44	0.015557150701986391
31	0	55	78	0.015557150701986391
31	0	55	42	0.002745536851384428
31	0	55	77	0.03729406404020404
31	0	55	20	0.03729406404020404
31	0	55	59	0.03729406404020404
31	0	55	94	0.03729406404020404
31	0	55	28	0.03729406404020404
31	0	55	93	0.03729406404020404
31	0	55	84	0.03729406404020404
31	0	55	33	0.03729406404020404
31	0	56	74	0.09643871515884524
31	0	56	0	0.09643871515884524
31	0	56	73	0.09643871515884524
31	0	56	7	0.09643871515884524
31	0	56	3	0.09643871515884524
31	0	56	17	0.06193031277065551
31	0	56	1	0.09643871515884524
31	0	56	4	0.09643871515884524
31	0	56	6	0.09643871515884524
31	0	56	2	0.09643871515884524
31	0	56	77	0.06193031277065551
31	0	56	44	0.012221976736142202
31	0	56	78	0.012221976736142202
31	0	56	42	0.003581715610187358
31	0	56	20	0.06193031277065551
31	0	56	33	0.06193031277065551
31	0	56	94	0.06193031277065551
31	0	56	59	0.06193031277065551
31	0	56	84	0.06193031277065551
31	0	56	28	0.06193031277065551
31	0	56	100	0.015449569755719058
31	0	56	15	0.015449569755719058
31	0	57	74	0.10077549495313051
31	0	57	0	0.10077549495313051
31	0	57	73	0.10077549495313051
31	0	57	17	0.046543516563325164
31	0	57	3	0.10077549495313051
31	0	57	7	0.10077549495313051
31	0	57	44	0.012277227266841233
31	0	57	4	0.10077549495313051
31	0	57	1	0.10077549495313051
31	0	57	6	0.10077549495313051
31	0	57	2	0.10077549495313051
31	0	57	78	0.012277227266841233
31	0	57	77	0.037505834823377014
31	0	57	59	0.037505834823377014
31	0	57	94	0.037505834823377014
31	0	57	33	0.037505834823377014
31	0	57	28	0.037505834823377014
31	0	57	84	0.037505834823377014
31	0	57	20	0.037505834823377014
31	0	57	15	0.011686828508021444
31	0	58	74	0.09590605452796734
31	0	58	0	0.061041812147039805
31	0	58	73	0.061041812147039805
31	0	58	7	0.061041812147039805
31	0	58	3	0.061041812147039805
31	0	58	44	0.013518719219051002
31	0	58	4	0.061041812147039805
31	0	58	1	0.061041812147039805
31	0	58	6	0.061041812147039805
31	0	58	2	0.061041812147039805
31	0	58	17	0.05074477482599295
31	0	58	77	0.04216080500337614
31	0	58	33	0.04216080500337614
31	0	58	20	0.04216080500337614
31	0	58	94	0.04216080500337614
31	0	58	59	0.04216080500337614
31	0	58	84	0.04216080500337614
31	0	58	28	0.04216080500337614
31	0	58	78	0.013518719219051002
31	0	58	100	0.00712706622939755
31	0	59	74	0.09676250110716776
31	0	59	0	0.059057846614786094
31	0	59	73	0.059057846614786094
31	0	59	17	0.04738153932808822
31	0	59	7	0.059057846614786094
31	0	59	3	0.059057846614786094
31	0	59	77	0.030041381187714086
31	0	59	6	0.059057846614786094
31	0	59	2	0.059057846614786094
31	0	59	4	0.059057846614786094
31	0	59	1	0.059057846614786094
31	0	59	44	0.014158221558918754
31	0	59	78	0.014158221558918754
31	0	59	42	0.0038061600681725937
31	0	59	59	0.030041381187714086
31	0	59	20	0.030041381187714086
31	0	59	94	0.030041381187714086
31	0	59	33	0.030041381187714086
31	0	59	84	0.030041381187714086
31	0	59	28	0.030041381187714086
31	0	59	15	0.014642994245222389
31	0	60	74	0.1158011085948323
31	0	60	0	0.1158011085948323
31	0	60	73	0.1158011085948323
31	0	60	7	0.1158011085948323
31	0	60	3	0.1158011085948323
31	0	60	17	0.04146298442041626
31	0	60	4	0.1158011085948323
31	0	60	1	0.1158011085948323
31	0	60	6	0.1158011085948323
31	0	60	2	0.1158011085948323
31	0	60	44	0.010867379989982379
31	0	60	78	0.007952946121520381
31	0	60	94	0.04146298442041626
31	0	60	59	0.04146298442041626
31	0	60	77	0.04146298442041626
31	0	60	20	0.04146298442041626
31	0	60	84	0.04146298442041626
31	0	60	28	0.04146298442041626
31	0	60	33	0.04146298442041626
31	0	60	15	0.013009837874280658
31	0	60	70	0.00863982979258819
31	0	61	74	0.12199858938157246
31	0	61	0	0.12199858938157246
31	0	61	73	0.12199858938157246
31	0	61	7	0.12199858938157246
31	0	61	3	0.12199858938157246
31	0	61	17	0.019868803512098684
31	0	61	4	0.12199858938157246
31	0	61	1	0.12199858938157246
31	0	61	6	0.12199858938157246
31	0	61	2	0.12199858938157246
31	0	61	44	0.019868803512098684
31	0	61	78	0.019868803512098684
31	0	61	42	0.019868803512098684
31	0	61	12	0.019868803512098684
31	0	61	82	0.019868803512098684
31	0	61	79	0.019868803512098684
31	0	61	77	0.019868803512098684
31	0	61	67	0.019868803512098684
31	0	61	33	0.014608859185330662
31	0	61	59	0.014608859185330662
31	0	61	94	0.014608859185330662
31	0	61	20	0.014608859185330662
31	0	62	74	0.13515523474723157
31	0	62	0	0.13515523474723157
31	0	62	73	0.13515523474723157
31	0	62	7	0.13515523474723157
31	0	62	3	0.13515523474723157
31	0	62	17	0.02412508829904317
31	0	62	4	0.13515523474723157
31	0	62	1	0.13515523474723157
31	0	62	6	0.13515523474723157
31	0	62	2	0.13515523474723157
31	0	62	20	0.02412508829904317
31	0	62	94	0.02412508829904317
31	0	62	44	0.013394758799318496
31	0	62	78	0.013394758799318496
31	0	62	84	0.02349771220114212
31	0	62	77	0.02349771220114212
31	0	62	59	0.02349771220114212
31	0	62	33	0.02349771220114212
31	0	62	28	0.02349771220114212
31	0	62	100	0.016444569422372712
31	0	62	15	0.016444569422372712
31	0	63	74	0.0914982706276286
31	0	63	0	0.09132574318095596
31	0	63	73	0.09132574318095596
31	0	63	7	0.09132574318095596
31	0	63	3	0.09132574318095596
31	0	63	17	0.04949977296599716
31	0	63	4	0.09132574318095596
31	0	63	1	0.09132574318095596
31	0	63	6	0.09132574318095596
31	0	63	2	0.09132574318095596
31	0	63	77	0.023577420063001085
31	0	63	44	0.017820032742316774
31	0	63	78	0.017820032742316774
31	0	63	94	0.020509737701461698
31	0	63	59	0.020509737701461698
31	0	63	33	0.020509737701461698
31	0	63	28	0.01519750463192384
31	0	63	67	0.01519750463192384
31	0	63	42	0.01519750463192384
31	0	63	84	0.01519750463192384
31	0	63	36	0.012313767259435653
31	0	64	74	0.12048121533918164
31	0	64	0	0.12048121533918164
31	0	64	73	0.12048121533918164
31	0	64	7	0.12048121533918164
31	0	64	3	0.12048121533918164
31	0	64	17	0.04199439246435732
31	0	64	4	0.12048121533918164
31	0	64	1	0.12048121533918164
31	0	64	6	0.12048121533918164
31	0	64	2	0.12048121533918164
31	0	64	44	0.012397815289512976
31	0	64	78	0.012397815289512976
31	0	64	94	0.04199439246435732
31	0	64	77	0.04199439246435732
31	0	64	20	0.04199439246435732
31	0	64	59	0.04199439246435732
31	0	64	33	0.04199439246435732
31	0	64	28	0.04199439246435732
31	0	64	84	0.04199439246435732
31	0	64	15	0.011925235344059627
31	0	65	74	0.1126250718620856
31	0	65	0	0.1126250718620856
31	0	65	73	0.1126250718620856
31	0	65	7	0.1126250718620856
31	0	65	3	0.1126250718620856
31	0	65	17	0.057263284075727436
31	0	65	4	0.1126250718620856
31	0	65	1	0.1126250718620856
31	0	65	6	0.1126250718620856
31	0	65	2	0.1126250718620856
31	0	65	44	0.015769340569147295
31	0	65	78	0.015769340569147295
31	0	65	94	0.03325606026155204
31	0	65	77	0.03325606026155204
31	0	65	33	0.03325606026155204
31	0	65	59	0.03325606026155204
31	0	65	20	0.03325606026155204
31	0	65	84	0.03325606026155204
31	0	65	28	0.03325606026155204
31	0	65	15	0.02057089281378722
31	0	65	70	0.02057089281378722
31	0	65	100	0.02057089281378722
31	0	66	74	0.12356414904261552
31	0	66	0	0.12356414904261552
31	0	66	73	0.12356414904261552
31	0	66	7	0.12356414904261552
31	0	66	3	0.12356414904261552
31	0	66	44	0.009846397036219019
31	0	66	4	0.12356414904261552
31	0	66	1	0.12356414904261552
31	0	66	6	0.12356414904261552
31	0	66	2	0.12356414904261552
31	0	66	17	0.0287864776755314
31	0	66	59	0.026870703725148944
31	0	66	94	0.026870703725148944
31	0	66	77	0.026870703725148944
31	0	66	78	0.009846397036219019
31	0	66	42	0.0043833089922464446
31	0	66	84	0.02043962090895663
31	0	66	28	0.02043962090895663
31	0	66	33	0.02043962090895663
31	0	66	20	0.02043962090895663
31	0	66	15	0.01747974782930173
31	0	66	70	0.01747974782930173
31	0	66	100	0.013788133562806866
31	0	67	74	0.1356479553238011
31	0	67	0	0.1356479553238011
31	0	67	73	0.1356479553238011
31	0	67	7	0.1356479553238011
31	0	67	3	0.1356479553238011
31	0	67	17	0.04602878635982307
31	0	67	4	0.1356479553238011
31	0	67	1	0.1356479553238011
31	0	67	6	0.1356479553238011
31	0	67	2	0.1356479553238011
31	0	67	44	0.007235541167002785
31	0	67	78	0.007235541167002785
31	0	67	94	0.04602878635982307
31	0	67	59	0.04602878635982307
31	0	67	20	0.04602878635982307
31	0	67	77	0.04602878635982307
31	0	67	84	0.04602878635982307
31	0	67	28	0.04602878635982307
31	0	67	33	0.04602878635982307
31	0	67	70	0.011425684719572657
31	0	67	100	0.011425684719572657
31	0	67	15	0.011425684719572657
31	0	68	74	0.07429715427726458
31	0	68	0	0.06478740260021199
31	0	68	73	0.06478740260021199
31	0	68	3	0.06478740260021199
31	0	68	7	0.06478740260021199
31	0	68	6	0.06478740260021199
31	0	68	2	0.06478740260021199
31	0	68	17	0.04912535498926347
31	0	68	4	0.06478740260021199
31	0	68	1	0.06478740260021199
31	0	68	77	0.028449108148897635
31	0	68	44	0.01636365270909909
31	0	68	78	0.01636365270909909
31	0	68	42	0.002722969937049271
31	0	68	20	0.028449108148897635
31	0	68	94	0.028449108148897635
31	0	68	59	0.028449108148897635
31	0	68	33	0.028449108148897635
31	0	68	28	0.028449108148897635
31	0	68	84	0.028449108148897635
31	0	68	15	0.014893965475400842
31	0	69	74	0.08875723505825334
31	0	69	0	0.08875723505825334
31	0	69	73	0.08875723505825334
31	0	69	7	0.08875723505825334
31	0	69	3	0.08875723505825334
31	0	69	17	0.05120765762462206
31	0	69	4	0.08875723505825334
31	0	69	1	0.08875723505825334
31	0	69	6	0.08875723505825334
31	0	69	2	0.08875723505825334
31	0	69	77	0.04725266286447803
31	0	69	44	0.010200268083623079
31	0	69	78	0.010200268083623079
31	0	69	42	0.0037272662137538704
31	0	69	94	0.04725266286447803
31	0	69	20	0.04725266286447803
31	0	69	59	0.04725266286447803
31	0	69	33	0.04725266286447803
31	0	69	28	0.04725266286447803
31	0	69	84	0.04725266286447803
31	0	69	15	0.01597888172674928
31	0	70	74	0.10182160459658468
31	0	70	0	0.10182160459658468
31	0	70	73	0.10182160459658468
31	0	70	7	0.10182160459658468
31	0	70	3	0.10182160459658468
31	0	70	44	0.02456127428570347
31	0	70	4	0.10182160459658468
31	0	70	1	0.10182160459658468
31	0	70	6	0.10182160459658468
31	0	70	2	0.10182160459658468
31	0	70	17	0.051236790430756615
31	0	70	77	0.02456127428570347
31	0	70	78	0.02456127428570347
31	0	70	59	0.02456127428570347
31	0	70	42	0.02456127428570347
31	0	70	12	0.02456127428570347
31	0	70	82	0.02456127428570347
31	0	70	33	0.02456127428570347
31	0	70	67	0.02456127428570347
31	0	70	79	0.02456127428570347
31	0	71	74	0.12139972112343321
31	0	71	0	0.12139972112343321
31	0	71	73	0.12139972112343321
31	0	71	7	0.12139972112343321
31	0	71	3	0.12139972112343321
31	0	71	17	0.024943112352756053
31	0	71	4	0.12139972112343321
31	0	71	1	0.12139972112343321
31	0	71	6	0.12139972112343321
31	0	71	2	0.12139972112343321
31	0	71	94	0.024943112352756053
31	0	71	20	0.024943112352756053
31	0	71	44	0.010604418672243715
31	0	71	77	0.024943112352756053
31	0	71	59	0.024943112352756053
31	0	71	33	0.024943112352756053
31	0	71	84	0.024943112352756053
31	0	71	28	0.024943112352756053
31	0	71	78	0.010604418672243715
31	0	71	70	0.017942947255086245
31	0	71	100	0.017942947255086245
31	0	71	15	0.017942947255086245
31	0	72	74	0.12912546334282363
31	0	72	0	0.12912546334282363
31	0	72	73	0.12912546334282363
31	0	72	7	0.12912546334282363
31	0	72	3	0.12912546334282363
31	0	72	1	0.12912546334282363
31	0	72	4	0.12912546334282363
31	0	72	6	0.12912546334282363
31	0	72	2	0.12912546334282363
31	0	72	20	0.03734385263436249
31	0	72	17	0.03734385263436249
31	0	72	44	0.014477489671728083
31	0	72	59	0.03734385263436249
31	0	72	94	0.03734385263436249
31	0	72	78	0.014477489671728083
31	0	72	28	0.03734385263436249
31	0	72	84	0.03734385263436249
31	0	72	77	0.03734385263436249
31	0	72	33	0.03734385263436249
31	0	72	42	0.004086607263000517
31	0	73	74	0.08426569363665362
31	0	73	0	0.08426569363665362
31	0	73	73	0.08426569363665362
31	0	73	17	0.05444233370634306
31	0	73	7	0.08426569363665362
31	0	73	3	0.08426569363665362
31	0	73	44	0.019039911515225872
31	0	73	6	0.08426569363665362
31	0	73	2	0.08426569363665362
31	0	73	4	0.08426569363665362
31	0	73	1	0.08426569363665362
31	0	73	77	0.05444233370634306
31	0	73	78	0.019039911515225872
31	0	73	42	0.0008497373563383147
31	0	73	20	0.05444233370634306
31	0	73	59	0.05444233370634306
31	0	73	94	0.05444233370634306
31	0	73	33	0.05444233370634306
31	0	73	84	0.05444233370634306
31	0	73	28	0.05444233370634306
31	0	73	15	0.0011099124522598559
31	0	74	74	0.10729388715796878
31	0	74	0	0.10729388715796878
31	0	74	73	0.10729388715796878
31	0	74	7	0.10729388715796878
31	0	74	3	0.10729388715796878
31	0	74	17	0.04698336604499481
31	0	74	4	0.10729388715796878
31	0	74	1	0.10729388715796878
31	0	74	6	0.10729388715796878
31	0	74	2	0.10729388715796878
31	0	74	44	0.012090557456610557
31	0	74	78	0.012090557456610557
31	0	74	77	0.03338770508263133
31	0	74	94	0.03338770508263133
31	0	74	20	0.03338770508263133
31	0	74	59	0.03338770508263133
31	0	74	33	0.03338770508263133
31	0	74	28	0.03338770508263133
31	0	74	84	0.022961334920770796
31	0	74	15	0.01819357010689891
31	0	74	70	0.01819357010689891
31	0	75	74	0.1054991759311528
31	0	75	0	0.1054991759311528
31	0	75	73	0.1054991759311528
31	0	75	7	0.1054991759311528
31	0	75	3	0.1054991759311528
31	0	75	17	0.03634631378783103
31	0	75	4	0.1054991759311528
31	0	75	1	0.1054991759311528
31	0	75	6	0.1054991759311528
31	0	75	2	0.1054991759311528
31	0	75	44	0.018168512616726078
31	0	75	78	0.018168512616726078
31	0	75	67	0.018168512616726078
31	0	75	42	0.018168512616726078
31	0	75	79	0.0145544294565815
31	0	75	12	0.0145544294565815
31	0	75	82	0.0145544294565815
31	0	75	77	0.012297651616131723
31	0	75	36	0.012297651616131723
31	0	75	59	0.011536245403027192
31	0	76	74	0.11081375890777777
31	0	76	0	0.11081375890777777
31	0	76	73	0.11081375890777777
31	0	76	7	0.11081375890777777
31	0	76	3	0.11081375890777777
31	0	76	17	0.05361332124497596
31	0	76	4	0.11081375890777777
31	0	76	1	0.11081375890777777
31	0	76	6	0.11081375890777777
31	0	76	2	0.11081375890777777
31	0	76	44	0.01449845763934394
31	0	76	78	0.01449845763934394
31	0	76	42	0.0033888369070838495
31	0	76	94	0.03311162191471536
31	0	76	33	0.03311162191471536
31	0	76	20	0.03311162191471536
31	0	76	59	0.03311162191471536
31	0	76	77	0.03311162191471536
31	0	76	84	0.03311162191471536
31	0	76	28	0.03311162191471536
31	0	76	15	0.0107671459629825
31	0	77	74	0.08919728920665197
31	0	77	0	0.08919728920665197
31	0	77	73	0.08919728920665197
31	0	77	17	0.05189434253198336
31	0	77	7	0.08919728920665197
31	0	77	3	0.08919728920665197
31	0	77	44	0.015194626915694707
31	0	77	6	0.08919728920665197
31	0	77	2	0.08919728920665197
31	0	77	4	0.08919728920665197
31	0	77	1	0.08919728920665197
31	0	77	77	0.05189434253198336
31	0	77	78	0.015194626915694707
31	0	77	42	0.0036130445933769103
31	0	77	20	0.05189434253198336
31	0	77	33	0.05189434253198336
31	0	77	59	0.05189434253198336
31	0	77	94	0.05189434253198336
31	0	77	28	0.05189434253198336
31	0	77	84	0.05189434253198336
31	0	77	15	0.00890231188722664
31	0	78	74	0.09198619113797042
31	0	78	0	0.09198619113797042
31	0	78	73	0.09198619113797042
31	0	78	7	0.09198619113797042
31	0	78	3	0.09198619113797042
31	0	78	17	0.05777577957863216
31	0	78	4	0.09198619113797042
31	0	78	1	0.09198619113797042
31	0	78	6	0.09198619113797042
31	0	78	2	0.09198619113797042
31	0	78	77	0.05777577957863216
31	0	78	44	0.015317466956000798
31	0	78	78	0.015317466956000798
31	0	78	42	0.0033071816449051997
31	0	78	20	0.05777577957863216
31	0	78	94	0.05777577957863216
31	0	78	33	0.05777577957863216
31	0	78	59	0.05777577957863216
31	0	78	28	0.05777577957863216
31	0	78	84	0.05777577957863216
31	0	78	15	0.006801130598995757
31	0	79	74	0.07612888087799931
31	0	79	0	0.07612888087799931
31	0	79	73	0.0713506612099559
31	0	79	7	0.0713506612099559
31	0	79	3	0.0713506612099559
31	0	79	44	0.039800137615120204
31	0	79	4	0.0713506612099559
31	0	79	1	0.0713506612099559
31	0	79	6	0.0713506612099559
31	0	79	2	0.0713506612099559
31	0	79	17	0.039800137615120204
31	0	79	78	0.039800137615120204
31	0	79	77	0.02240849914724608
31	0	79	67	0.02240849914724608
31	0	79	42	0.02240849914724608
31	0	79	79	0.039800137615120204
31	0	79	12	0.039800137615120204
31	0	79	82	0.039800137615120204
31	0	79	59	0.02240849914724608
31	0	79	20	0.00409692725157695
31	0	80	74	0.10513139407394065
31	0	80	0	0.10513139407394065
31	0	80	73	0.10513139407394065
31	0	80	7	0.10513139407394065
31	0	80	3	0.10513139407394065
31	0	80	17	0.040518089771872885
31	0	80	4	0.10513139407394065
31	0	80	1	0.10513139407394065
31	0	80	6	0.10513139407394065
31	0	80	2	0.10513139407394065
31	0	80	44	0.006739201556280135
31	0	80	78	0.005795037087143383
31	0	80	59	0.040518089771872885
31	0	80	20	0.040518089771872885
31	0	80	94	0.040518089771872885
31	0	80	77	0.040518089771872885
31	0	80	28	0.040518089771872885
31	0	80	33	0.040518089771872885
31	0	80	84	0.040518089771872885
31	0	80	15	0.017962704991111664
31	0	80	70	0.017962704991111664
31	0	80	100	0.017962704991111664
31	0	81	74	0.10817640357844849
31	0	81	0	0.10817640357844849
31	0	81	73	0.10817640357844849
31	0	81	7	0.10817640357844849
31	0	81	3	0.10817640357844849
31	0	81	44	0.022080940832225462
31	0	81	4	0.10817640357844849
31	0	81	1	0.10817640357844849
31	0	81	6	0.10817640357844849
31	0	81	2	0.10817640357844849
31	0	81	17	0.03532114893233062
31	0	81	78	0.022080940832225462
31	0	81	42	0.016132419502283397
31	0	81	12	0.022080940832225462
31	0	81	82	0.022080940832225462
31	0	81	77	0.009674892894077537
31	0	81	67	0.016132419502283397
31	0	81	59	0.022080940832225462
31	0	81	79	0.022080940832225462
31	0	81	94	0.022080940832225462
31	0	81	20	0.022080940832225462
31	0	82	74	0.11271425879675147
31	0	82	0	0.08948650402716778
31	0	82	73	0.08948650402716778
31	0	82	7	0.08948650402716778
31	0	82	3	0.08948650402716778
31	0	82	17	0.04835551468831788
31	0	82	4	0.08948650402716778
31	0	82	1	0.08948650402716778
31	0	82	6	0.08948650402716778
31	0	82	2	0.08948650402716778
31	0	82	44	0.013265318734787946
31	0	82	78	0.013265318734787946
31	0	82	42	0.003648330797753592
31	0	82	59	0.037304754203135726
31	0	82	77	0.037304754203135726
31	0	82	94	0.037304754203135726
31	0	82	20	0.037304754203135726
31	0	82	33	0.037304754203135726
31	0	82	84	0.037304754203135726
31	0	82	28	0.037304754203135726
31	0	82	70	0.009625534944518423
31	0	82	100	0.009625534944518423
31	0	82	15	0.009625534944518423
31	0	83	74	0.12155036114083798
31	0	83	0	0.12155036114083798
31	0	83	73	0.12155036114083798
31	0	83	7	0.12155036114083798
31	0	83	3	0.12155036114083798
31	0	83	17	0.02948401902901408
31	0	83	4	0.12155036114083798
31	0	83	1	0.12155036114083798
31	0	83	6	0.12155036114083798
31	0	83	2	0.12155036114083798
31	0	83	20	0.02948401902901408
31	0	83	59	0.02948401902901408
31	0	83	77	0.02948401902901408
31	0	83	44	0.010732810225549326
31	0	83	78	0.010732810225549326
31	0	83	42	0.0036991791627050538
31	0	83	94	0.02948401902901408
31	0	83	28	0.02948401902901408
31	0	83	84	0.02948401902901408
31	0	83	33	0.02948401902901408
31	0	83	15	0.015349839016763536
31	0	83	70	0.015349839016763536
31	0	83	100	0.015349839016763536
31	0	84	74	0.10130497427504462
31	0	84	0	0.10130497427504462
31	0	84	73	0.05664462572605992
31	0	84	7	0.0602372363357508
31	0	84	3	0.0602372363357508
31	0	84	1	0.0602372363357508
31	0	84	4	0.0602372363357508
31	0	84	6	0.0602372363357508
31	0	84	2	0.0602372363357508
31	0	84	17	0.04852363350492288
31	0	84	77	0.04743443799801773
31	0	84	44	0.01397475948208115
31	0	84	78	0.01397475948208115
31	0	84	33	0.04743443799801773
31	0	84	59	0.04743443799801773
31	0	84	20	0.04743443799801773
31	0	84	94	0.04743443799801773
31	0	84	84	0.04743443799801773
31	0	84	28	0.04743443799801773
31	0	84	70	0.006293566752352151
31	0	84	100	0.006293566752352151
31	0	84	15	0.006293566752352151
31	0	85	74	0.11257665290122747
31	0	85	0	0.11257665290122747
31	0	85	73	0.11257665290122747
31	0	85	7	0.11257665290122747
31	0	85	3	0.11257665290122747
31	0	85	17	0.049550907430765484
31	0	85	4	0.11257665290122747
31	0	85	1	0.11257665290122747
31	0	85	6	0.11257665290122747
31	0	85	2	0.11257665290122747
31	0	85	77	0.02097106322769588
31	0	85	59	0.02097106322769588
31	0	85	78	0.02097106322769588
31	0	85	44	0.02097106322769588
31	0	85	84	0.02097106322769588
31	0	85	33	0.02097106322769588
31	0	85	94	0.02097106322769588
31	0	85	42	0.02097106322769588
31	0	85	28	0.02097106322769588
31	0	85	67	0.02097106322769588
31	0	86	74	0.10785918440981773
31	0	86	0	0.10785918440981773
31	0	86	73	0.10785918440981773
31	0	86	17	0.0403978851493852
31	0	86	7	0.10785918440981773
31	0	86	3	0.10785918440981773
31	0	86	44	0.0170855460787126
31	0	86	4	0.10785918440981773
31	0	86	1	0.10785918440981773
31	0	86	6	0.10785918440981773
31	0	86	2	0.10785918440981773
31	0	86	59	0.0170855460787126
31	0	86	78	0.0170855460787126
31	0	86	82	0.012131183748797198
31	0	86	77	0.0170855460787126
31	0	86	94	0.0170855460787126
31	0	86	42	0.0170855460787126
31	0	86	67	0.0170855460787126
31	0	86	33	0.0067165205365996485
31	0	86	12	0.012131183748797198
31	0	86	79	0.011634900100546948
31	0	87	74	0.14234336644785622
31	0	87	0	0.14234336644785622
31	0	87	73	0.14234336644785622
31	0	87	7	0.14234336644785622
31	0	87	3	0.14234336644785622
31	0	87	17	0.02150975837955314
31	0	87	4	0.14234336644785622
31	0	87	1	0.14234336644785622
31	0	87	6	0.14234336644785622
31	0	87	2	0.14234336644785622
31	0	87	44	0.009066012120738222
31	0	87	94	0.02150975837955314
31	0	87	20	0.02150975837955314
31	0	87	59	0.02150975837955314
31	0	87	77	0.02150975837955314
31	0	87	84	0.02150975837955314
31	0	87	33	0.01612422840826704
31	0	87	28	0.01612422840826704
31	0	87	15	0.015720718425183012
31	0	87	78	0.009066012120738222
31	0	87	70	0.015720718425183012
31	0	87	100	0.015720718425183012
31	0	88	74	0.1364332976004684
31	0	88	0	0.1364332976004684
31	0	88	73	0.1364332976004684
31	0	88	7	0.1364332976004684
31	0	88	3	0.1364332976004684
31	0	88	17	0.04012677145245742
31	0	88	4	0.1364332976004684
31	0	88	1	0.1364332976004684
31	0	88	6	0.1364332976004684
31	0	88	2	0.1364332976004684
31	0	88	44	0.014164109306334315
31	0	88	78	0.014164109306334315
31	0	88	20	0.04012677145245742
31	0	88	59	0.04012677145245742
31	0	88	94	0.04012677145245742
31	0	88	77	0.04012677145245742
31	0	88	84	0.04012677145245742
31	0	88	33	0.04012677145245742
31	0	88	28	0.04012677145245742
31	0	88	15	0.008523133879416596
31	0	89	74	0.09514494333291897
31	0	89	0	0.09514494333291897
31	0	89	73	0.09514494333291897
31	0	89	7	0.09514494333291897
31	0	89	3	0.09514494333291897
31	0	89	17	0.052372273826366764
31	0	89	4	0.09514494333291897
31	0	89	1	0.09514494333291897
31	0	89	6	0.09514494333291897
31	0	89	2	0.09514494333291897
31	0	89	77	0.052372273826366764
31	0	89	44	0.014706325470560257
31	0	89	78	0.014706325470560257
31	0	89	42	0.003970843217672119
31	0	89	94	0.052372273826366764
31	0	89	59	0.052372273826366764
31	0	89	20	0.052372273826366764
31	0	89	33	0.052372273826366764
31	0	89	28	0.052372273826366764
31	0	89	84	0.052372273826366764
31	0	89	15	0.0057955630436027465
31	0	90	74	0.10350613058673883
31	0	90	0	0.06770815392228387
31	0	90	73	0.06770815392228387
31	0	90	17	0.0653135554110264
31	0	90	7	0.06770815392228387
31	0	90	3	0.06770815392228387
31	0	90	94	0.013804718325868203
31	0	90	6	0.06770815392228387
31	0	90	2	0.06770815392228387
31	0	90	4	0.06770815392228387
31	0	90	1	0.06770815392228387
31	0	90	33	0.013804718325868203
31	0	90	77	0.013804718325868203
31	0	90	59	0.013804718325868203
31	0	90	44	0.013804718325868203
31	0	90	78	0.013804718325868203
31	0	90	84	0.013804718325868203
31	0	90	67	0.013804718325868203
31	0	90	42	0.013804718325868203
31	0	90	36	0.012509911475288652
31	0	91	74	0.09320360618538386
31	0	91	0	0.09320360618538386
31	0	91	73	0.09320360618538386
31	0	91	7	0.09320360618538386
31	0	91	3	0.09320360618538386
31	0	91	17	0.051272636980603956
31	0	91	1	0.09320360618538386
31	0	91	4	0.09320360618538386
31	0	91	6	0.09320360618538386
31	0	91	2	0.09320360618538386
31	0	91	77	0.04767169019818551
31	0	91	59	0.04767169019818551
31	0	91	44	0.014382197185198294
31	0	91	78	0.014382197185198294
31	0	91	33	0.04767169019818551
31	0	91	20	0.04767169019818551
31	0	91	28	0.04767169019818551
31	0	91	84	0.04767169019818551
31	0	91	94	0.04767169019818551
31	0	91	100	0.028234056195960543
31	0	92	74	0.1122585501980792
31	0	92	0	0.1122585501980792
31	0	92	73	0.1122585501980792
31	0	92	7	0.1122585501980792
31	0	92	3	0.1122585501980792
31	0	92	17	0.05259465004307034
31	0	92	4	0.1122585501980792
31	0	92	1	0.1122585501980792
31	0	92	6	0.1122585501980792
31	0	92	2	0.1122585501980792
31	0	92	44	0.010434268862748508
31	0	92	78	0.010434268862748508
31	0	92	77	0.0320995360532623
31	0	92	94	0.0320995360532623
31	0	92	59	0.0320995360532623
31	0	92	33	0.0320995360532623
31	0	92	20	0.0320995360532623
31	0	92	28	0.0320995360532623
31	0	92	84	0.019367164676555935
31	0	92	15	0.019367164676555935
31	0	92	70	0.019367164676555935
31	0	93	74	0.08797993242286069
31	0	93	0	0.08797993242286069
31	0	93	73	0.08797993242286069
31	0	93	7	0.08797993242286069
31	0	93	3	0.08797993242286069
31	0	93	44	0.012116787588331547
31	0	93	4	0.08797993242286069
31	0	93	1	0.08797993242286069
31	0	93	6	0.08797993242286069
31	0	93	2	0.08797993242286069
31	0	93	17	0.05059426779371209
31	0	93	77	0.047732498432215
31	0	93	78	0.012116787588331547
31	0	93	42	0.0040466519261614445
31	0	93	94	0.047732498432215
31	0	93	20	0.047732498432215
31	0	93	59	0.047732498432215
31	0	93	33	0.047732498432215
31	0	93	28	0.047732498432215
31	0	93	84	0.047732498432215
31	0	93	15	0.011038371925998677
31	0	94	74	0.0928774664933526
31	0	94	0	0.0928774664933526
31	0	94	73	0.0928774664933526
31	0	94	17	0.02251397073146206
31	0	94	3	0.0928774664933526
31	0	94	7	0.0928774664933526
31	0	94	4	0.0928774664933526
31	0	94	1	0.0928774664933526
31	0	94	6	0.0928774664933526
31	0	94	2	0.0928774664933526
31	0	94	44	0.01891365200916645
31	0	94	78	0.01891365200916645
31	0	94	67	0.016917598650373813
31	0	94	42	0.016917598650373813
31	0	94	79	0.01891365200916645
31	0	94	12	0.01891365200916645
31	0	94	82	0.01891365200916645
31	0	94	20	0.01891365200916645
31	0	94	94	0.01891365200916645
31	0	94	59	0.016113811077151072
31	0	95	74	0.11041313113014432
31	0	95	0	0.11041313113014432
31	0	95	73	0.11041313113014432
31	0	95	7	0.11041313113014432
31	0	95	3	0.11041313113014432
31	0	95	1	0.11041313113014432
31	0	95	4	0.11041313113014432
31	0	95	6	0.11041313113014432
31	0	95	2	0.11041313113014432
31	0	95	17	0.038086307440915915
31	0	95	44	0.014661961587304366
31	0	95	78	0.014661961587304366
31	0	95	94	0.038086307440915915
31	0	95	77	0.038086307440915915
31	0	95	59	0.038086307440915915
31	0	95	20	0.038086307440915915
31	0	95	84	0.038086307440915915
31	0	95	28	0.038086307440915915
31	0	95	33	0.038086307440915915
31	0	95	70	0.017155210574007606
31	0	95	100	0.017155210574007606
31	0	95	15	0.017155210574007606
31	0	96	74	0.08087508318800153
31	0	96	0	0.08087508318800153
31	0	96	73	0.07996968343799186
31	0	96	7	0.07996968343799186
31	0	96	3	0.07996968343799186
31	0	96	44	0.016268361402102118
31	0	96	4	0.07996968343799186
31	0	96	1	0.07996968343799186
31	0	96	6	0.07996968343799186
31	0	96	2	0.07996968343799186
31	0	96	17	0.049591412635223354
31	0	96	77	0.037533864161817296
31	0	96	20	0.037533864161817296
31	0	96	78	0.016268361402102118
31	0	96	94	0.037533864161817296
31	0	96	33	0.037533864161817296
31	0	96	59	0.037533864161817296
31	0	96	84	0.037533864161817296
31	0	96	70	0.00343036487604056
31	0	96	15	0.009628505619215274
31	0	96	28	0.009628505619215274
31	0	97	74	0.07966252919990299
31	0	97	0	0.07061363612120343
31	0	97	73	0.07061363612120343
31	0	97	7	0.07061363612120343
31	0	97	3	0.07061363612120343
31	0	97	44	0.02542846723966197
31	0	97	4	0.07061363612120343
31	0	97	1	0.07061363612120343
31	0	97	6	0.07061363612120343
31	0	97	2	0.07061363612120343
31	0	97	17	0.04222884990117608
31	0	97	78	0.02542846723966197
31	0	97	42	0.010858479706490447
31	0	97	12	0.02542846723966197
31	0	97	82	0.02542846723966197
31	0	97	79	0.02542846723966197
31	0	97	20	0.015998238053159607
31	0	97	94	0.015998238053159607
31	0	97	77	0.015998238053159607
31	0	97	67	0.010858479706490447
31	0	97	59	0.015998238053159607
31	0	98	74	0.12177322508394478
31	0	98	0	0.12177322508394478
31	0	98	73	0.12177322508394478
31	0	98	7	0.12177322508394478
31	0	98	3	0.12177322508394478
31	0	98	17	0.023328300232936337
31	0	98	4	0.12177322508394478
31	0	98	1	0.12177322508394478
31	0	98	6	0.12177322508394478
31	0	98	2	0.12177322508394478
31	0	98	44	0.008236579198895264
31	0	98	94	0.023328300232936337
31	0	98	20	0.023328300232936337
31	0	98	77	0.023328300232936337
31	0	98	59	0.023328300232936337
31	0	98	84	0.023328300232936337
31	0	98	33	0.023328300232936337
31	0	98	28	0.023328300232936337
31	0	98	15	0.01717859993624981
31	0	98	70	0.01717859993624981
31	0	98	100	0.01717859993624981
31	0	99	74	0.11179719923952643
31	0	99	0	0.11179719923952643
31	0	99	73	0.11179719923952643
31	0	99	7	0.11179719923952643
31	0	99	3	0.11179719923952643
31	0	99	4	0.11179719923952643
31	0	99	1	0.11179719923952643
31	0	99	6	0.11179719923952643
31	0	99	2	0.11179719923952643
31	0	99	17	0.05092031069614686
31	0	99	44	0.014563946769014825
31	0	99	78	0.014563946769014825
31	0	99	42	0.0036976021387152024
31	0	99	94	0.04975372958447377
31	0	99	33	0.04975372958447377
31	0	99	20	0.04975372958447377
31	0	99	59	0.04975372958447377
31	0	99	77	0.04975372958447377
31	0	99	28	0.04975372958447377
31	0	99	84	0.04975372958447377
31	0	99	15	0.014563946769014825
31	0	100	74	0.1156757556374389
31	0	100	0	0.1156757556374389
31	0	100	73	0.1156757556374389
31	0	100	7	0.1156757556374389
31	0	100	3	0.1156757556374389
31	0	100	17	0.027057227792729045
31	0	100	4	0.1156757556374389
31	0	100	1	0.1156757556374389
31	0	100	6	0.1156757556374389
31	0	100	2	0.1156757556374389
31	0	100	77	0.027057227792729045
31	0	100	20	0.027057227792729045
31	0	100	94	0.027057227792729045
31	0	100	59	0.027057227792729045
31	0	100	84	0.02666041805703503
31	0	100	28	0.02666041805703503
31	0	100	44	0.01030952931732026
31	0	100	15	0.011417159962972366
31	0	100	33	0.011417159962972366
31	0	100	78	0.01030952931732026
31	0.00001	1	74	0.0924874047638861
31	0.00001	1	0	0.0924874047638861
31	0.00001	1	73	0.0924874047638861
31	0.00001	1	7	0.0924874047638861
31	0.00001	1	3	0.0924874047638861
31	0.00001	1	44	0.013714678055167143
31	0.00001	1	4	0.0924874047638861
31	0.00001	1	1	0.0924874047638861
31	0.00001	1	6	0.0924874047638861
31	0.00001	1	2	0.0924874047638861
31	0.00001	1	17	0.05619519138154911
31	0.00001	1	77	0.05619519138154911
31	0.00001	1	78	0.013714678055167143
31	0.00001	1	59	0.05619519138154911
31	0.00001	1	94	0.05619519138154911
31	0.00001	1	20	0.05619519138154911
31	0.00001	1	33	0.05619519138154911
31	0.00001	1	28	0.05619519138154911
31	0.00001	1	84	0.05619519138154911
31	0.00001	1	100	0.011622009965900848
31	0.00001	2	74	0.10911112013755336
31	0.00001	2	0	0.10911112013755336
31	0.00001	2	73	0.10911112013755336
31	0.00001	2	7	0.10911112013755336
31	0.00001	2	3	0.10911112013755336
31	0.00001	2	17	0.038438518821489916
31	0.00001	2	4	0.10911112013755336
31	0.00001	2	1	0.10911112013755336
31	0.00001	2	6	0.10911112013755336
31	0.00001	2	2	0.10911112013755336
31	0.00001	2	44	0.012262217811872934
31	0.00001	2	78	0.012262217811872934
31	0.00001	2	77	0.02775843016239195
31	0.00001	2	59	0.02775843016239195
31	0.00001	2	94	0.02775843016239195
31	0.00001	2	33	0.02775843016239195
31	0.00001	2	84	0.02775843016239195
31	0.00001	2	20	0.02775843016239195
31	0.00001	2	28	0.02775843016239195
31	0.00001	2	70	0.010563279527990124
31	0.00001	2	100	0.010563279527990124
31	0.00001	2	15	0.010563279527990124
31	0.00001	3	74	0.0955231897374818
31	0.00001	3	0	0.0955231897374818
31	0.00001	3	73	0.0955231897374818
31	0.00001	3	7	0.0955231897374818
31	0.00001	3	3	0.0955231897374818
31	0.00001	3	44	0.009063358222836038
31	0.00001	3	4	0.0955231897374818
31	0.00001	3	1	0.0955231897374818
31	0.00001	3	6	0.0955231897374818
31	0.00001	3	2	0.0955231897374818
31	0.00001	3	17	0.05087142207209194
31	0.00001	3	77	0.05087142207209194
31	0.00001	3	78	0.007916529173268358
31	0.00001	3	42	0.005928551971388684
31	0.00001	3	94	0.05087142207209194
31	0.00001	3	33	0.05087142207209194
31	0.00001	3	20	0.05087142207209194
31	0.00001	3	59	0.05087142207209194
31	0.00001	3	28	0.05087142207209194
31	0.00001	3	84	0.05087142207209194
31	0.00001	3	15	0.012780289143201087
31	0.00001	4	74	0.1065560612845307
31	0.00001	4	0	0.1065560612845307
31	0.00001	4	73	0.1065560612845307
31	0.00001	4	7	0.1065560612845307
31	0.00001	4	3	0.1065560612845307
31	0.00001	4	17	0.050322376370012946
31	0.00001	4	1	0.1065560612845307
31	0.00001	4	4	0.1065560612845307
31	0.00001	4	6	0.1065560612845307
31	0.00001	4	2	0.1065560612845307
31	0.00001	4	44	0.01206871489895729
31	0.00001	4	78	0.01206871489895729
31	0.00001	4	94	0.03609559041037071
31	0.00001	4	77	0.03609559041037071
31	0.00001	4	59	0.03609559041037071
31	0.00001	4	28	0.03609559041037071
31	0.00001	4	20	0.03609559041037071
31	0.00001	4	33	0.03609559041037071
31	0.00001	4	84	0.018051867954631567
31	0.00001	4	15	0.016275322662397056
31	0.00001	4	70	0.016275322662397056
31	0.00001	5	74	0.09039881650203901
31	0.00001	5	0	0.09039881650203901
31	0.00001	5	73	0.0749705037742177
31	0.00001	5	7	0.0749705037742177
31	0.00001	5	3	0.0749705037742177
31	0.00001	5	1	0.0749705037742177
31	0.00001	5	4	0.0749705037742177
31	0.00001	5	6	0.0749705037742177
31	0.00001	5	2	0.0749705037742177
31	0.00001	5	17	0.05101007999517488
31	0.00001	5	77	0.050982631766088075
31	0.00001	5	33	0.050982631766088075
31	0.00001	5	78	0.01631372768296598
31	0.00001	5	44	0.01631372768296598
31	0.00001	5	59	0.050982631766088075
31	0.00001	5	94	0.050982631766088075
31	0.00001	5	20	0.050982631766088075
31	0.00001	5	28	0.050982631766088075
31	0.00001	5	84	0.050982631766088075
31	0.00001	5	15	0.0053155799956400235
31	0.00001	6	74	0.10063964280661938
31	0.00001	6	0	0.10063964280661938
31	0.00001	6	73	0.10063964280661938
31	0.00001	6	17	0.05162365946615904
31	0.00001	6	7	0.10063964280661938
31	0.00001	6	3	0.10063964280661938
31	0.00001	6	44	0.010990568232224577
31	0.00001	6	4	0.10063964280661938
31	0.00001	6	1	0.10063964280661938
31	0.00001	6	6	0.10063964280661938
31	0.00001	6	2	0.10063964280661938
31	0.00001	6	77	0.03289055352892453
31	0.00001	6	59	0.03289055352892453
31	0.00001	6	78	0.010990568232224577
31	0.00001	6	33	0.03289055352892453
31	0.00001	6	94	0.03289055352892453
31	0.00001	6	84	0.03289055352892453
31	0.00001	6	20	0.03289055352892453
31	0.00001	6	28	0.03289055352892453
31	0.00001	6	15	0.03289055352892453
31	0.00001	6	100	0.03289055352892453
31	0.00001	6	70	0.03289055352892453
31	0.00001	7	74	0.162737481805288
31	0.00001	7	0	0.162737481805288
31	0.00001	7	7	0.12067977278142526
31	0.00001	7	3	0.12067977278142526
31	0.00001	7	44	0.014982080199416475
31	0.00001	7	4	0.12067977278142526
31	0.00001	7	1	0.12067977278142526
31	0.00001	7	6	0.12067977278142526
31	0.00001	7	2	0.12067977278142526
31	0.00001	7	17	0.04288242346080498
31	0.00001	7	94	0.027586030993983893
31	0.00001	7	77	0.027586030993983893
31	0.00001	7	59	0.027586030993983893
31	0.00001	7	33	0.027586030993983893
31	0.00001	7	84	0.014982080199416475
31	0.00001	7	67	0.014982080199416475
31	0.00001	7	42	0.014982080199416475
31	0.00001	7	78	0.014982080199416475
31	0.00001	7	28	0.014982080199416475
31	0.00001	7	82	0.013045270193878172
31	0.00001	8	74	0.11753363345122927
31	0.00001	8	0	0.11753363345122927
31	0.00001	8	73	0.11753363345122927
31	0.00001	8	17	0.04011773714994045
31	0.00001	8	3	0.11753363345122927
31	0.00001	8	7	0.11753363345122927
31	0.00001	8	44	0.01762813939110598
31	0.00001	8	4	0.11753363345122927
31	0.00001	8	1	0.11753363345122927
31	0.00001	8	6	0.11753363345122927
31	0.00001	8	2	0.11753363345122927
31	0.00001	8	78	0.01762813939110598
31	0.00001	8	42	0.01341971585092652
31	0.00001	8	67	0.01341971585092652
31	0.00001	8	77	0.01341971585092652
31	0.00001	8	12	0.012553740820883364
31	0.00001	8	82	0.012553740820883364
31	0.00001	8	59	0.01341971585092652
31	0.00001	8	79	0.012553740820883364
31	0.00001	8	28	0.01341971585092652
31	0.00001	8	94	0.01341971585092652
31	0.00001	8	20	0.01341971585092652
31	0.00001	8	66	0.01341971585092652
31	0.00001	8	33	0.01341971585092652
31	0.00001	8	36	0.01341971585092652
31	0.00001	9	74	0.12086044044399066
31	0.00001	9	0	0.12086044044399066
31	0.00001	9	73	0.12086044044399066
31	0.00001	9	7	0.12086044044399066
31	0.00001	9	3	0.12086044044399066
31	0.00001	9	17	0.01602757092965667
31	0.00001	9	4	0.12086044044399066
31	0.00001	9	1	0.12086044044399066
31	0.00001	9	6	0.12086044044399066
31	0.00001	9	2	0.12086044044399066
31	0.00001	9	94	0.01602757092965667
31	0.00001	9	20	0.01602757092965667
31	0.00001	9	59	0.01602757092965667
31	0.00001	9	78	0.01602757092965667
31	0.00001	9	44	0.01602757092965667
31	0.00001	9	84	0.01115105322896614
31	0.00001	9	42	0.008824357929173672
31	0.00001	9	12	0.010634136777311532
31	0.00001	9	82	0.010634136777311532
31	0.00001	9	67	0.008824357929173672
31	0.00001	10	74	0.11851756178294838
31	0.00001	10	0	0.11851756178294838
31	0.00001	10	73	0.11851756178294838
31	0.00001	10	7	0.11851756178294838
31	0.00001	10	3	0.11851756178294838
31	0.00001	10	17	0.04376905626320518
31	0.00001	10	4	0.11851756178294838
31	0.00001	10	1	0.11851756178294838
31	0.00001	10	6	0.11851756178294838
31	0.00001	10	2	0.11851756178294838
31	0.00001	10	44	0.010174215951254369
31	0.00001	10	59	0.04376905626320518
31	0.00001	10	94	0.04376905626320518
31	0.00001	10	77	0.04376905626320518
31	0.00001	10	78	0.00671970667500941
31	0.00001	10	33	0.04376905626320518
31	0.00001	10	28	0.04376905626320518
31	0.00001	10	20	0.04376905626320518
31	0.00001	10	84	0.04376905626320518
31	0.00001	10	70	0.007314962249767152
31	0.00001	10	100	0.007314962249767152
31	0.00001	10	15	0.007314962249767152
31	0.00001	11	74	0.09435188140424342
31	0.00001	11	0	0.09435188140424342
31	0.00001	11	73	0.09435188140424342
31	0.00001	11	7	0.09435188140424342
31	0.00001	11	3	0.09435188140424342
31	0.00001	11	17	0.04812694527786762
31	0.00001	11	4	0.09435188140424342
31	0.00001	11	1	0.09435188140424342
31	0.00001	11	6	0.09435188140424342
31	0.00001	11	2	0.09435188140424342
31	0.00001	11	77	0.03144616575704827
31	0.00001	11	44	0.011550582117173216
31	0.00001	11	78	0.011550582117173216
31	0.00001	11	42	0.004377408797715697
31	0.00001	11	33	0.03144616575704827
31	0.00001	11	84	0.03144616575704827
31	0.00001	11	94	0.03144616575704827
31	0.00001	11	20	0.03144616575704827
31	0.00001	11	59	0.03144616575704827
31	0.00001	11	28	0.03144616575704827
31	0.00001	11	100	0.02700244480143679
31	0.00001	11	15	0.015062102651444193
31	0.00001	12	74	0.09869286079145644
31	0.00001	12	0	0.09869286079145644
31	0.00001	12	73	0.09869286079145644
31	0.00001	12	7	0.09869286079145644
31	0.00001	12	3	0.09869286079145644
31	0.00001	12	1	0.09869286079145644
31	0.00001	12	4	0.09869286079145644
31	0.00001	12	6	0.09869286079145644
31	0.00001	12	2	0.09869286079145644
31	0.00001	12	17	0.05248511092571614
31	0.00001	12	77	0.05248511092571614
31	0.00001	12	44	0.012482117921485049
31	0.00001	12	78	0.012482117921485049
31	0.00001	12	42	0.00328969420138602
31	0.00001	12	33	0.05248511092571614
31	0.00001	12	94	0.05248511092571614
31	0.00001	12	59	0.05248511092571614
31	0.00001	12	20	0.05248511092571614
31	0.00001	12	28	0.05248511092571614
31	0.00001	12	84	0.05248511092571614
31	0.00001	12	15	0.009845153657575805
31	0.00001	13	74	0.0851385860412805
31	0.00001	13	0	0.0851385860412805
31	0.00001	13	73	0.0851385860412805
31	0.00001	13	7	0.0851385860412805
31	0.00001	13	3	0.0851385860412805
31	0.00001	13	17	0.04902891899854528
31	0.00001	13	4	0.0851385860412805
31	0.00001	13	1	0.0851385860412805
31	0.00001	13	6	0.0851385860412805
31	0.00001	13	2	0.0851385860412805
31	0.00001	13	77	0.03071041021067946
31	0.00001	13	33	0.03071041021067946
31	0.00001	13	44	0.011615892766764925
31	0.00001	13	78	0.011615892766764925
31	0.00001	13	59	0.03071041021067946
31	0.00001	13	94	0.03071041021067946
31	0.00001	13	20	0.03071041021067946
31	0.00001	13	84	0.03071041021067946
31	0.00001	13	93	0.03071041021067946
31	0.00001	13	28	0.03071041021067946
31	0.00001	13	15	0.013199375544681142
31	0.00001	13	100	0.011082711524662005
31	0.00001	14	74	0.09176233934119281
31	0.00001	14	0	0.09176233934119281
31	0.00001	14	73	0.09176233934119281
31	0.00001	14	7	0.09176233934119281
31	0.00001	14	3	0.09176233934119281
31	0.00001	14	44	0.009631559292634042
31	0.00001	14	4	0.09176233934119281
31	0.00001	14	1	0.09176233934119281
31	0.00001	14	6	0.09176233934119281
31	0.00001	14	2	0.09176233934119281
31	0.00001	14	17	0.06359783561387929
31	0.00001	14	78	0.00912931571528537
31	0.00001	14	42	0.006343758935577113
31	0.00001	14	67	0.006343758935577113
31	0.00001	14	20	0.043988359068566685
31	0.00001	14	33	0.043988359068566685
31	0.00001	14	59	0.043988359068566685
31	0.00001	14	94	0.043988359068566685
31	0.00001	14	77	0.043988359068566685
31	0.00001	14	28	0.043988359068566685
31	0.00001	14	84	0.043988359068566685
31	0.00001	14	15	0.01113822001552316
31	0.00001	15	74	0.11412157735661507
31	0.00001	15	0	0.11412157735661507
31	0.00001	15	73	0.11412157735661507
31	0.00001	15	7	0.11412157735661507
31	0.00001	15	3	0.11412157735661507
31	0.00001	15	17	0.023690126817717972
31	0.00001	15	4	0.11412157735661507
31	0.00001	15	1	0.11412157735661507
31	0.00001	15	6	0.11412157735661507
31	0.00001	15	2	0.11412157735661507
31	0.00001	15	44	0.014871879448372559
31	0.00001	15	67	0.01814873505308109
31	0.00001	15	42	0.01814873505308109
31	0.00001	15	36	0.01087310390808812
31	0.00001	15	78	0.014871879448372559
31	0.00001	15	82	0.010277872663492027
31	0.00001	15	12	0.010277872663492027
31	0.00001	15	77	0.010277872663492027
31	0.00001	15	20	0.010277872663492027
31	0.00001	15	94	0.010277872663492027
31	0.00001	15	59	0.010277872663492027
31	0.00001	15	79	0.010277872663492027
31	0.00001	15	66	0.008999530673249967
31	0.00001	16	74	0.10252269823247981
31	0.00001	16	0	0.10252269823247981
31	0.00001	16	73	0.10252269823247981
31	0.00001	16	7	0.10252269823247981
31	0.00001	16	3	0.10252269823247981
31	0.00001	16	17	0.02122044875621355
31	0.00001	16	4	0.10252269823247981
31	0.00001	16	1	0.10252269823247981
31	0.00001	16	6	0.10252269823247981
31	0.00001	16	2	0.10252269823247981
31	0.00001	16	67	0.018286267805156662
31	0.00001	16	42	0.018286267805156662
31	0.00001	16	36	0.011514798409413508
31	0.00001	16	78	0.02122044875621355
31	0.00001	16	44	0.02122044875621355
31	0.00001	16	59	0.005769542004433092
31	0.00001	16	94	0.009819768658587153
31	0.00001	16	66	0.005769542004433092
31	0.00001	16	33	0.02122044875621355
31	0.00001	16	79	0.02122044875621355
31	0.00001	16	77	0.02122044875621355
31	0.00001	16	12	0.02122044875621355
31	0.00001	16	82	0.02122044875621355
31	0.00001	16	20	0.02122044875621355
31	0.00001	17	74	0.1181236739130678
31	0.00001	17	0	0.1181236739130678
31	0.00001	17	73	0.1181236739130678
31	0.00001	17	17	0.04215819932680234
31	0.00001	17	7	0.1181236739130678
31	0.00001	17	3	0.1181236739130678
31	0.00001	17	42	0.015471175045699986
31	0.00001	17	6	0.1181236739130678
31	0.00001	17	2	0.1181236739130678
31	0.00001	17	4	0.1181236739130678
31	0.00001	17	1	0.1181236739130678
31	0.00001	17	44	0.03391289416224198
31	0.00001	17	78	0.03391289416224198
31	0.00001	17	67	0.015471175045699986
31	0.00001	17	77	0.015471175045699986
31	0.00001	17	94	0.015471175045699986
31	0.00001	17	79	0.015471175045699986
31	0.00001	17	20	0.015471175045699986
31	0.00001	17	59	0.015471175045699986
31	0.00001	17	82	0.0035522854363765006
31	0.00001	18	74	0.08698800977500187
31	0.00001	18	0	0.08698800977500187
31	0.00001	18	73	0.08698800977500187
31	0.00001	18	7	0.08698800977500187
31	0.00001	18	3	0.08698800977500187
31	0.00001	18	44	0.012711454610909303
31	0.00001	18	4	0.08698800977500187
31	0.00001	18	1	0.08698800977500187
31	0.00001	18	6	0.08698800977500187
31	0.00001	18	2	0.08698800977500187
31	0.00001	18	17	0.05116259700741325
31	0.00001	18	78	0.012711454610909303
31	0.00001	18	59	0.031615030515850476
31	0.00001	18	94	0.031615030515850476
31	0.00001	18	77	0.031615030515850476
31	0.00001	18	20	0.031615030515850476
31	0.00001	18	33	0.031615030515850476
31	0.00001	18	28	0.031615030515850476
31	0.00001	18	84	0.031615030515850476
31	0.00001	18	15	0.031615030515850476
31	0.00001	18	70	0.031615030515850476
31	0.00001	19	74	0.08780295709696416
31	0.00001	19	0	0.08780295709696416
31	0.00001	19	73	0.06745341244171159
31	0.00001	19	7	0.06745341244171159
31	0.00001	19	3	0.06745341244171159
31	0.00001	19	17	0.06745341244171159
31	0.00001	19	4	0.06745341244171159
31	0.00001	19	1	0.06745341244171159
31	0.00001	19	6	0.06745341244171159
31	0.00001	19	2	0.06745341244171159
31	0.00001	19	44	0.012397939935950222
31	0.00001	19	78	0.012397939935950222
31	0.00001	19	77	0.04959295974720709
31	0.00001	19	42	0.003794196459274999
31	0.00001	19	94	0.04959295974720709
31	0.00001	19	59	0.04959295974720709
31	0.00001	19	20	0.04959295974720709
31	0.00001	19	33	0.04959295974720709
31	0.00001	19	84	0.04959295974720709
31	0.00001	19	28	0.04959295974720709
31	0.00001	19	70	0.010905038185417597
31	0.00001	19	15	0.010905038185417597
31	0.00001	19	100	0.010905038185417597
31	0.00001	20	74	0.12217060658303393
31	0.00001	20	0	0.12217060658303393
31	0.00001	20	73	0.12217060658303393
31	0.00001	20	17	0.02188243397434471
31	0.00001	20	3	0.12217060658303393
31	0.00001	20	7	0.12217060658303393
31	0.00001	20	4	0.12217060658303393
31	0.00001	20	1	0.12217060658303393
31	0.00001	20	6	0.12217060658303393
31	0.00001	20	2	0.12217060658303393
31	0.00001	20	44	0.014574631858271962
31	0.00001	20	67	0.018370781528927654
31	0.00001	20	42	0.018370781528927654
31	0.00001	20	36	0.011781887377469059
31	0.00001	20	78	0.014574631858271962
31	0.00001	20	82	0.011781887377469059
31	0.00001	20	77	0.011781887377469059
31	0.00001	20	12	0.011781887377469059
31	0.00001	20	79	0.009556740153853714
31	0.00001	20	20	0.009556740153853714
31	0.00001	20	94	0.009556740153853714
31	0.00001	20	33	0.009556740153853714
31	0.00001	20	59	0.009556740153853714
31	0.00001	21	74	0.1449120254470165
31	0.00001	21	0	0.1449120254470165
31	0.00001	21	73	0.1449120254470165
31	0.00001	21	7	0.1449120254470165
31	0.00001	21	3	0.1449120254470165
31	0.00001	21	17	0.0207606740980769
31	0.00001	21	4	0.1449120254470165
31	0.00001	21	1	0.1449120254470165
31	0.00001	21	6	0.1449120254470165
31	0.00001	21	2	0.1449120254470165
31	0.00001	21	44	0.01448255484097166
31	0.00001	21	78	0.01448255484097166
31	0.00001	21	94	0.0207606740980769
31	0.00001	21	20	0.0207606740980769
31	0.00001	21	59	0.0207606740980769
31	0.00001	21	28	0.01448255484097166
31	0.00001	21	84	0.01448255484097166
31	0.00001	21	42	0.01448255484097166
31	0.00001	21	67	0.01448255484097166
31	0.00001	21	77	0.01448255484097166
31	0.00001	22	74	0.10957199906785126
31	0.00001	22	0	0.10957199906785126
31	0.00001	22	73	0.10957199906785126
31	0.00001	22	7	0.10957199906785126
31	0.00001	22	3	0.10957199906785126
31	0.00001	22	44	0.013840232331463208
31	0.00001	22	4	0.10957199906785126
31	0.00001	22	1	0.10957199906785126
31	0.00001	22	6	0.10957199906785126
31	0.00001	22	2	0.10957199906785126
31	0.00001	22	17	0.0446488995657959
31	0.00001	22	59	0.03502618228932289
31	0.00001	22	77	0.03502618228932289
31	0.00001	22	78	0.013840232331463208
31	0.00001	22	42	0.006312253708292787
31	0.00001	22	33	0.03502618228932289
31	0.00001	22	28	0.03502618228932289
31	0.00001	22	94	0.03502618228932289
31	0.00001	22	84	0.03502618228932289
31	0.00001	22	20	0.03502618228932289
31	0.00001	22	70	0.025890974873401165
31	0.00001	22	100	0.025890974873401165
31	0.00001	23	74	0.1105284105973024
31	0.00001	23	0	0.1105284105973024
31	0.00001	23	73	0.1105284105973024
31	0.00001	23	7	0.1105284105973024
31	0.00001	23	3	0.1105284105973024
31	0.00001	23	17	0.054012537180542115
31	0.00001	23	44	0.014824888916694744
31	0.00001	23	6	0.1105284105973024
31	0.00001	23	2	0.1105284105973024
31	0.00001	23	4	0.1105284105973024
31	0.00001	23	1	0.1105284105973024
31	0.00001	23	77	0.036505468430966935
31	0.00001	23	94	0.036505468430966935
31	0.00001	23	59	0.036505468430966935
31	0.00001	23	20	0.036505468430966935
31	0.00001	23	33	0.036505468430966935
31	0.00001	23	28	0.036505468430966935
31	0.00001	23	84	0.036505468430966935
31	0.00001	23	15	0.016010803217619475
31	0.00001	23	70	0.013954391923798869
31	0.00001	23	100	0.013954391923798869
31	0.00001	24	74	0.10059990895435611
31	0.00001	24	0	0.10059990895435611
31	0.00001	24	73	0.10059990895435611
31	0.00001	24	7	0.10059990895435611
31	0.00001	24	3	0.10059990895435611
31	0.00001	24	17	0.038389651129545004
31	0.00001	24	4	0.10059990895435611
31	0.00001	24	1	0.10059990895435611
31	0.00001	24	6	0.10059990895435611
31	0.00001	24	2	0.10059990895435611
31	0.00001	24	44	0.020724565369188496
31	0.00001	24	78	0.020724565369188496
31	0.00001	24	42	0.020724565369188496
31	0.00001	24	12	0.020724565369188496
31	0.00001	24	82	0.020724565369188496
31	0.00001	24	67	0.020724565369188496
31	0.00001	24	20	0.020724565369188496
31	0.00001	24	79	0.020724565369188496
31	0.00001	24	77	0.020724565369188496
31	0.00001	24	59	0.020116065457988802
31	0.00001	24	94	0.020116065457988802
31	0.00001	24	33	0.020116065457988802
31	0.00001	25	74	0.10081467010274679
31	0.00001	25	0	0.10081467010274679
31	0.00001	25	73	0.10081467010274679
31	0.00001	25	7	0.10081467010274679
31	0.00001	25	3	0.10081467010274679
31	0.00001	25	17	0.045070376265024116
31	0.00001	25	4	0.10081467010274679
31	0.00001	25	1	0.10081467010274679
31	0.00001	25	6	0.10081467010274679
31	0.00001	25	2	0.10081467010274679
31	0.00001	25	44	0.01906116934679743
31	0.00001	25	78	0.01906116934679743
31	0.00001	25	42	0.015248322910290045
31	0.00001	25	12	0.015248322910290045
31	0.00001	25	82	0.015248322910290045
31	0.00001	25	77	0.015248322910290045
31	0.00001	25	67	0.015248322910290045
31	0.00001	25	20	0.011853935035711903
31	0.00001	25	79	0.015248322910290045
31	0.00001	25	94	0.009344041041037652
31	0.00001	25	33	0.009344041041037652
31	0.00001	25	59	0.009344041041037652
31	0.00001	26	74	0.11962275394283982
31	0.00001	26	0	0.11962275394283982
31	0.00001	26	73	0.11962275394283982
31	0.00001	26	7	0.11962275394283982
31	0.00001	26	3	0.11962275394283982
31	0.00001	26	17	0.022687730244784418
31	0.00001	26	4	0.11962275394283982
31	0.00001	26	1	0.11962275394283982
31	0.00001	26	6	0.11962275394283982
31	0.00001	26	2	0.11962275394283982
31	0.00001	26	94	0.022687730244784418
31	0.00001	26	59	0.022687730244784418
31	0.00001	26	77	0.018915638913301183
31	0.00001	26	84	0.018915638913301183
31	0.00001	26	44	0.018915638913301183
31	0.00001	26	78	0.018915638913301183
31	0.00001	26	20	0.018915638913301183
31	0.00001	26	33	0.018915638913301183
31	0.00001	26	28	0.018915638913301183
31	0.00001	26	42	0.004162695282247761
31	0.00001	27	74	0.12942084493686726
31	0.00001	27	0	0.12942084493686726
31	0.00001	27	73	0.12942084493686726
31	0.00001	27	7	0.12942084493686726
31	0.00001	27	3	0.12942084493686726
31	0.00001	27	17	0.0393274597154559
31	0.00001	27	4	0.12942084493686726
31	0.00001	27	1	0.12942084493686726
31	0.00001	27	6	0.12942084493686726
31	0.00001	27	2	0.12942084493686726
31	0.00001	27	94	0.0393274597154559
31	0.00001	27	59	0.0393274597154559
31	0.00001	27	44	0.00866717812973525
31	0.00001	27	78	0.0061270196215497275
31	0.00001	27	20	0.0393274597154559
31	0.00001	27	77	0.0393274597154559
31	0.00001	27	84	0.0393274597154559
31	0.00001	27	33	0.0393274597154559
31	0.00001	27	15	0.0393274597154559
31	0.00001	27	28	0.0393274597154559
31	0.00001	27	70	0.0393274597154559
31	0.00001	27	100	0.0393274597154559
31	0.00001	28	74	0.13625153438379117
31	0.00001	28	0	0.13625153438379117
31	0.00001	28	73	0.13625153438379117
31	0.00001	28	7	0.13625153438379117
31	0.00001	28	3	0.13625153438379117
31	0.00001	28	17	0.02177903379424088
31	0.00001	28	4	0.13625153438379117
31	0.00001	28	1	0.13625153438379117
31	0.00001	28	6	0.13625153438379117
31	0.00001	28	2	0.13625153438379117
31	0.00001	28	20	0.02177903379424088
31	0.00001	28	94	0.02177903379424088
31	0.00001	28	59	0.020320771468953704
31	0.00001	28	84	0.020320771468953704
31	0.00001	28	77	0.017712132878373883
31	0.00001	28	28	0.017712132878373883
31	0.00001	28	44	0.009148544852822394
31	0.00001	28	15	0.017712132878373883
31	0.00001	28	33	0.017712132878373883
31	0.00001	28	70	0.017712132878373883
31	0.00001	28	100	0.017712132878373883
31	0.00001	29	74	0.10033099002523738
31	0.00001	29	0	0.10033099002523738
31	0.00001	29	73	0.10033099002523738
31	0.00001	29	7	0.10033099002523738
31	0.00001	29	3	0.10033099002523738
31	0.00001	29	17	0.05596260918681776
31	0.00001	29	4	0.10033099002523738
31	0.00001	29	1	0.10033099002523738
31	0.00001	29	6	0.10033099002523738
31	0.00001	29	2	0.10033099002523738
31	0.00001	29	77	0.05596260918681776
31	0.00001	29	44	0.015774081704316305
31	0.00001	29	78	0.015774081704316305
31	0.00001	29	59	0.05596260918681776
31	0.00001	29	94	0.05596260918681776
31	0.00001	29	20	0.05596260918681776
31	0.00001	29	33	0.05596260918681776
31	0.00001	29	84	0.05596260918681776
31	0.00001	29	28	0.05596260918681776
31	0.00001	29	15	0.009105245500471534
31	0.00001	30	74	0.11749802715197791
31	0.00001	30	0	0.11749802715197791
31	0.00001	30	73	0.11749802715197791
31	0.00001	30	7	0.11749802715197791
31	0.00001	30	3	0.11749802715197791
31	0.00001	30	17	0.03261621000085056
31	0.00001	30	4	0.11749802715197791
31	0.00001	30	1	0.11749802715197791
31	0.00001	30	6	0.11749802715197791
31	0.00001	30	2	0.11749802715197791
31	0.00001	30	94	0.02842231169297908
31	0.00001	30	78	0.013831574759310674
31	0.00001	30	44	0.013831574759310674
31	0.00001	30	77	0.02842231169297908
31	0.00001	30	59	0.02842231169297908
31	0.00001	30	33	0.02842231169297908
31	0.00001	30	28	0.02842231169297908
31	0.00001	30	20	0.02842231169297908
31	0.00001	30	84	0.02842231169297908
31	0.00001	30	15	0.012568674162912474
31	0.00001	31	74	0.10576204833456207
31	0.00001	31	0	0.10576204833456207
31	0.00001	31	73	0.10576204833456207
31	0.00001	31	7	0.10576204833456207
31	0.00001	31	3	0.10576204833456207
31	0.00001	31	17	0.05768784923599909
31	0.00001	31	4	0.10576204833456207
31	0.00001	31	1	0.10576204833456207
31	0.00001	31	6	0.10576204833456207
31	0.00001	31	2	0.10576204833456207
31	0.00001	31	44	0.011042050398795503
31	0.00001	31	78	0.011042050398795503
31	0.00001	31	94	0.04100253233988988
31	0.00001	31	77	0.04100253233988988
31	0.00001	31	59	0.04100253233988988
31	0.00001	31	20	0.04100253233988988
31	0.00001	31	33	0.04100253233988988
31	0.00001	31	28	0.04100253233988988
31	0.00001	31	84	0.04100253233988988
31	0.00001	31	70	0.00983086775784958
31	0.00001	32	74	0.10911141447027174
31	0.00001	32	0	0.10911141447027174
31	0.00001	32	73	0.10911141447027174
31	0.00001	32	17	0.03628111314002989
31	0.00001	32	3	0.10911141447027174
31	0.00001	32	7	0.10911141447027174
31	0.00001	32	4	0.10911141447027174
31	0.00001	32	1	0.10911141447027174
31	0.00001	32	6	0.10911141447027174
31	0.00001	32	2	0.10911141447027174
31	0.00001	32	44	0.017746333151994195
31	0.00001	32	78	0.017746333151994195
31	0.00001	32	42	0.013855662523177712
31	0.00001	32	67	0.013855662523177712
31	0.00001	32	77	0.012369180155557262
31	0.00001	32	36	0.012369180155557262
31	0.00001	32	12	0.012369180155557262
31	0.00001	32	82	0.012369180155557262
31	0.00001	32	79	0.011400628925814709
31	0.00001	32	20	0.009373332877472572
31	0.00001	32	94	0.009373332877472572
31	0.00001	32	59	0.009373332877472572
31	0.00001	32	33	0.009373332877472572
31	0.00001	33	74	0.09197660837564595
31	0.00001	33	0	0.09197660837564595
31	0.00001	33	73	0.09197660837564595
31	0.00001	33	7	0.09197660837564595
31	0.00001	33	3	0.09197660837564595
31	0.00001	33	17	0.050294109464145975
31	0.00001	33	4	0.09197660837564595
31	0.00001	33	1	0.09197660837564595
31	0.00001	33	6	0.09197660837564595
31	0.00001	33	2	0.09197660837564595
31	0.00001	33	77	0.030254427436938208
31	0.00001	33	59	0.030254427436938208
31	0.00001	33	44	0.009111197670059369
31	0.00001	33	20	0.030254427436938208
31	0.00001	33	33	0.030254427436938208
31	0.00001	33	94	0.030254427436938208
31	0.00001	33	28	0.030254427436938208
31	0.00001	33	84	0.030254427436938208
31	0.00001	33	70	0.030254427436938208
31	0.00001	33	15	0.030254427436938208
31	0.00001	34	74	0.09087220650296549
31	0.00001	34	0	0.09087220650296549
31	0.00001	34	73	0.09087220650296549
31	0.00001	34	7	0.09087220650296549
31	0.00001	34	3	0.09087220650296549
31	0.00001	34	44	0.011453232895065208
31	0.00001	34	4	0.09087220650296549
31	0.00001	34	1	0.09087220650296549
31	0.00001	34	6	0.09087220650296549
31	0.00001	34	2	0.09087220650296549
31	0.00001	34	17	0.0509130248865956
31	0.00001	34	77	0.0509130248865956
31	0.00001	34	20	0.0509130248865956
31	0.00001	34	78	0.011453232895065208
31	0.00001	34	94	0.0509130248865956
31	0.00001	34	59	0.0509130248865956
31	0.00001	34	33	0.0509130248865956
31	0.00001	34	84	0.0509130248865956
31	0.00001	34	28	0.0509130248865956
31	0.00001	34	15	0.00792020035038014
31	0.00001	35	74	0.12889323888991064
31	0.00001	35	0	0.12889323888991064
31	0.00001	35	73	0.12889323888991064
31	0.00001	35	7	0.12889323888991064
31	0.00001	35	3	0.12889323888991064
31	0.00001	35	44	0.017857108154294452
31	0.00001	35	4	0.12889323888991064
31	0.00001	35	1	0.12889323888991064
31	0.00001	35	6	0.12889323888991064
31	0.00001	35	2	0.12889323888991064
31	0.00001	35	20	0.03499249285840608
31	0.00001	35	59	0.03499249285840608
31	0.00001	35	94	0.03499249285840608
31	0.00001	35	17	0.03499249285840608
31	0.00001	35	78	0.017857108154294452
31	0.00001	35	28	0.014410632562089926
31	0.00001	35	42	0.008996058456141444
31	0.00001	35	12	0.014410632562089926
31	0.00001	35	82	0.014410632562089926
31	0.00001	35	67	0.008996058456141444
31	0.00001	36	74	0.09946500971734884
31	0.00001	36	0	0.09946500971734884
31	0.00001	36	73	0.05560169010874832
31	0.00001	36	7	0.059228574318565055
31	0.00001	36	3	0.059228574318565055
31	0.00001	36	1	0.059228574318565055
31	0.00001	36	4	0.059228574318565055
31	0.00001	36	6	0.059228574318565055
31	0.00001	36	2	0.059228574318565055
31	0.00001	36	17	0.05225967325708225
31	0.00001	36	77	0.03475952198133491
31	0.00001	36	44	0.015017951742681009
31	0.00001	36	78	0.015017951742681009
31	0.00001	36	20	0.03475952198133491
31	0.00001	36	33	0.03475952198133491
31	0.00001	36	59	0.03475952198133491
31	0.00001	36	94	0.03475952198133491
31	0.00001	36	84	0.03475952198133491
31	0.00001	36	28	0.03475952198133491
31	0.00001	36	15	0.008824280235368595
31	0.00001	37	74	0.1282918746186654
31	0.00001	37	0	0.1282918746186654
31	0.00001	37	73	0.1282918746186654
31	0.00001	37	7	0.1282918746186654
31	0.00001	37	3	0.1282918746186654
31	0.00001	37	17	0.028782254133003844
31	0.00001	37	4	0.1282918746186654
31	0.00001	37	1	0.1282918746186654
31	0.00001	37	6	0.1282918746186654
31	0.00001	37	2	0.1282918746186654
31	0.00001	37	20	0.028782254133003844
31	0.00001	37	94	0.028782254133003844
31	0.00001	37	59	0.028782254133003844
31	0.00001	37	44	0.011555572401271554
31	0.00001	37	84	0.028782254133003844
31	0.00001	37	77	0.028782254133003844
31	0.00001	37	33	0.028782254133003844
31	0.00001	37	28	0.028782254133003844
31	0.00001	37	78	0.011555572401271554
31	0.00001	37	15	0.0052126757267848605
31	0.00001	38	74	0.08627648177286806
31	0.00001	38	0	0.08627648177286806
31	0.00001	38	73	0.08627648177286806
31	0.00001	38	17	0.05532342764578377
31	0.00001	38	3	0.08627648177286806
31	0.00001	38	7	0.08627648177286806
31	0.00001	38	4	0.08627648177286806
31	0.00001	38	1	0.08627648177286806
31	0.00001	38	6	0.08627648177286806
31	0.00001	38	2	0.08627648177286806
31	0.00001	38	77	0.05532342764578377
31	0.00001	38	44	0.00909871859661446
31	0.00001	38	33	0.05532342764578377
31	0.00001	38	59	0.05532342764578377
31	0.00001	38	94	0.05532342764578377
31	0.00001	38	20	0.05532342764578377
31	0.00001	38	84	0.05532342764578377
31	0.00001	38	28	0.05532342764578377
31	0.00001	38	78	0.008578686613290823
31	0.00001	38	100	0.00909871859661446
31	0.00001	38	15	0.00909871859661446
31	0.00001	39	74	0.09048792986202209
31	0.00001	39	0	0.09048792986202209
31	0.00001	39	73	0.09048792986202209
31	0.00001	39	7	0.09048792986202209
31	0.00001	39	3	0.09048792986202209
31	0.00001	39	44	0.016438259172022178
31	0.00001	39	4	0.09048792986202209
31	0.00001	39	1	0.09048792986202209
31	0.00001	39	2	0.09048792986202209
31	0.00001	39	6	0.09048792986202209
31	0.00001	39	17	0.053407771026616535
31	0.00001	39	77	0.053407771026616535
31	0.00001	39	78	0.016438259172022178
31	0.00001	39	33	0.053407771026616535
31	0.00001	39	94	0.053407771026616535
31	0.00001	39	20	0.053407771026616535
31	0.00001	39	59	0.053407771026616535
31	0.00001	39	28	0.053407771026616535
31	0.00001	39	84	0.053407771026616535
31	0.00001	39	15	0.010447714321505486
31	0.00001	40	74	0.08472367595898121
31	0.00001	40	0	0.08472367595898121
31	0.00001	40	73	0.08472367595898121
31	0.00001	40	7	0.08472367595898121
31	0.00001	40	3	0.08472367595898121
31	0.00001	40	44	0.012105790326820425
31	0.00001	40	4	0.08472367595898121
31	0.00001	40	1	0.08472367595898121
31	0.00001	40	6	0.08472367595898121
31	0.00001	40	2	0.08472367595898121
31	0.00001	40	17	0.0464079818940516
31	0.00001	40	77	0.03467135530619077
31	0.00001	40	78	0.012105790326820425
31	0.00001	40	42	0.003752613173735848
31	0.00001	40	67	0.0020472623578768746
31	0.00001	40	84	0.03467135530619077
31	0.00001	40	20	0.03467135530619077
31	0.00001	40	94	0.03467135530619077
31	0.00001	40	59	0.03467135530619077
31	0.00001	40	33	0.03467135530619077
31	0.00001	40	28	0.03467135530619077
31	0.00001	40	100	0.02954718162294059
31	0.00001	40	15	0.012373297265685987
31	0.00001	41	74	0.13959965810089353
31	0.00001	41	0	0.13959965810089353
31	0.00001	41	73	0.13959965810089353
31	0.00001	41	7	0.13959965810089353
31	0.00001	41	3	0.13959965810089353
31	0.00001	41	17	0.01606547534359242
31	0.00001	41	4	0.13959965810089353
31	0.00001	41	1	0.13959965810089353
31	0.00001	41	6	0.13959965810089353
31	0.00001	41	2	0.13959965810089353
31	0.00001	41	77	0.01606547534359242
31	0.00001	41	20	0.01606547534359242
31	0.00001	41	78	0.01606547534359242
31	0.00001	41	44	0.01606547534359242
31	0.00001	41	84	0.01606547534359242
31	0.00001	41	94	0.01606547534359242
31	0.00001	41	59	0.01606547534359242
31	0.00001	41	42	0.01606547534359242
31	0.00001	41	36	0.008911558834296915
31	0.00001	41	28	0.01606547534359242
31	0.00001	41	67	0.01606547534359242
31	0.00001	42	74	0.1177146765798933
31	0.00001	42	0	0.1177146765798933
31	0.00001	42	73	0.1177146765798933
31	0.00001	42	17	0.050059004390182495
31	0.00001	42	7	0.1177146765798933
31	0.00001	42	3	0.1177146765798933
31	0.00001	42	44	0.01828842004359579
31	0.00001	42	6	0.1177146765798933
31	0.00001	42	2	0.1177146765798933
31	0.00001	42	4	0.1177146765798933
31	0.00001	42	1	0.1177146765798933
31	0.00001	42	78	0.01828842004359579
31	0.00001	42	42	0.03880814758273067
31	0.00001	42	67	0.03880814758273067
31	0.00001	42	77	0.03880814758273067
31	0.00001	42	82	0.016156658394826738
31	0.00001	42	12	0.016156658394826738
31	0.00001	42	79	0.004839891744202696
31	0.00001	42	36	0.03880814758273067
31	0.00001	42	28	0.03880814758273067
31	0.00001	42	94	0.03880814758273067
31	0.00001	42	66	0.03880814758273067
31	0.00001	42	20	0.03880814758273067
31	0.00001	42	59	0.03880814758273067
31	0.00001	42	33	0.03880814758273067
31	0.00001	43	74	0.1236099937380082
31	0.00001	43	0	0.1236099937380082
31	0.00001	43	73	0.1236099937380082
31	0.00001	43	7	0.1236099937380082
31	0.00001	43	3	0.1236099937380082
31	0.00001	43	17	0.04739653319537721
31	0.00001	43	4	0.1236099937380082
31	0.00001	43	1	0.1236099937380082
31	0.00001	43	6	0.1236099937380082
31	0.00001	43	2	0.1236099937380082
31	0.00001	43	44	0.020510298435600354
31	0.00001	43	78	0.020510298435600354
31	0.00001	43	42	0.014690455648235042
31	0.00001	43	12	0.020510298435600354
31	0.00001	43	82	0.020510298435600354
31	0.00001	43	77	0.020510298435600354
31	0.00001	43	94	0.020510298435600354
31	0.00001	43	59	0.020510298435600354
31	0.00001	43	67	0.014690455648235042
31	0.00001	43	79	0.020510298435600354
31	0.00001	43	33	0.020510298435600354
31	0.00001	43	28	0.015417459974731767
31	0.00001	44	74	0.12851368932249418
31	0.00001	44	0	0.12851368932249418
31	0.00001	44	73	0.12851368932249418
31	0.00001	44	7	0.12851368932249418
31	0.00001	44	3	0.12851368932249418
31	0.00001	44	17	0.04175432941128873
31	0.00001	44	4	0.12851368932249418
31	0.00001	44	1	0.12851368932249418
31	0.00001	44	6	0.12851368932249418
31	0.00001	44	2	0.12851368932249418
31	0.00001	44	59	0.04175432941128873
31	0.00001	44	94	0.04175432941128873
31	0.00001	44	77	0.04175432941128873
31	0.00001	44	44	0.012949733180291733
31	0.00001	44	78	0.012949733180291733
31	0.00001	44	42	0.004216154737861274
31	0.00001	44	33	0.04175432941128873
31	0.00001	44	20	0.04175432941128873
31	0.00001	44	84	0.04175432941128873
31	0.00001	44	28	0.04175432941128873
31	0.00001	45	74	0.12879119625994995
31	0.00001	45	0	0.12879119625994995
31	0.00001	45	73	0.12879119625994995
31	0.00001	45	7	0.12879119625994995
31	0.00001	45	3	0.12879119625994995
31	0.00001	45	17	0.024039890577257455
31	0.00001	45	4	0.12879119625994995
31	0.00001	45	1	0.12879119625994995
31	0.00001	45	6	0.12879119625994995
31	0.00001	45	2	0.12879119625994995
31	0.00001	45	44	0.016841157605692582
31	0.00001	45	78	0.016841157605692582
31	0.00001	45	42	0.016841157605692582
31	0.00001	45	67	0.016841157605692582
31	0.00001	45	82	0.011488098489402986
31	0.00001	45	59	0.016841157605692582
31	0.00001	45	20	0.016841157605692582
31	0.00001	45	36	0.01652965784536619
31	0.00001	45	77	0.01652965784536619
31	0.00001	45	66	0.01652965784536619
31	0.00001	45	79	0.011488098489402986
31	0.00001	45	12	0.011488098489402986
31	0.00001	46	74	0.12057300937039393
31	0.00001	46	0	0.12057300937039393
31	0.00001	46	73	0.12057300937039393
31	0.00001	46	7	0.12057300937039393
31	0.00001	46	3	0.12057300937039393
31	0.00001	46	17	0.03968805898046721
31	0.00001	46	4	0.12057300937039393
31	0.00001	46	1	0.12057300937039393
31	0.00001	46	6	0.12057300937039393
31	0.00001	46	2	0.12057300937039393
31	0.00001	46	44	0.013657236419019496
31	0.00001	46	78	0.013657236419019496
31	0.00001	46	77	0.03597426360755421
31	0.00001	46	94	0.03597426360755421
31	0.00001	46	59	0.03597426360755421
31	0.00001	46	33	0.03597426360755421
31	0.00001	46	28	0.03597426360755421
31	0.00001	46	20	0.03597426360755421
31	0.00001	46	84	0.03597426360755421
31	0.00001	46	15	0.00705916654521378
31	0.00001	47	74	0.12558515720119112
31	0.00001	47	0	0.12558515720119112
31	0.00001	47	73	0.12558515720119112
31	0.00001	47	17	0.02032107250670916
31	0.00001	47	3	0.12558515720119112
31	0.00001	47	7	0.12558515720119112
31	0.00001	47	4	0.12558515720119112
31	0.00001	47	1	0.12558515720119112
31	0.00001	47	6	0.12558515720119112
31	0.00001	47	2	0.12558515720119112
31	0.00001	47	94	0.012106521337008815
31	0.00001	47	44	0.012106521337008815
31	0.00001	47	78	0.012106521337008815
31	0.00001	47	59	0.012106521337008815
31	0.00001	47	82	0.011470867233133885
31	0.00001	47	67	0.012106521337008815
31	0.00001	47	42	0.012106521337008815
31	0.00001	47	77	0.011470867233133885
31	0.00001	47	12	0.011470867233133885
31	0.00001	47	79	0.009483106047505631
31	0.00001	48	74	0.12518963153226717
31	0.00001	48	0	0.12518963153226717
31	0.00001	48	73	0.12518963153226717
31	0.00001	48	7	0.12518963153226717
31	0.00001	48	3	0.12518963153226717
31	0.00001	48	1	0.12518963153226717
31	0.00001	48	4	0.12518963153226717
31	0.00001	48	6	0.12518963153226717
31	0.00001	48	2	0.12518963153226717
31	0.00001	48	17	0.024981838343566404
31	0.00001	48	20	0.024981838343566404
31	0.00001	48	78	0.01129096547543201
31	0.00001	48	44	0.01129096547543201
31	0.00001	48	59	0.024981838343566404
31	0.00001	48	94	0.024981838343566404
31	0.00001	48	77	0.024981838343566404
31	0.00001	48	84	0.024981838343566404
31	0.00001	48	33	0.024981838343566404
31	0.00001	48	28	0.024981838343566404
31	0.00001	48	15	0.024981838343566404
31	0.00001	48	100	0.024981838343566404
31	0.00001	48	70	0.024981838343566404
31	0.00001	49	74	0.09602307302053667
31	0.00001	49	0	0.09602307302053667
31	0.00001	49	73	0.09602307302053667
31	0.00001	49	7	0.09602307302053667
31	0.00001	49	3	0.09602307302053667
31	0.00001	49	44	0.010327219279351289
31	0.00001	49	4	0.09602307302053667
31	0.00001	49	1	0.09602307302053667
31	0.00001	49	6	0.09602307302053667
31	0.00001	49	2	0.09602307302053667
31	0.00001	49	17	0.05473142791408709
31	0.00001	49	77	0.05473142791408709
31	0.00001	49	59	0.05473142791408709
31	0.00001	49	78	0.010327219279351289
31	0.00001	49	94	0.05473142791408709
31	0.00001	49	33	0.05473142791408709
31	0.00001	49	20	0.05473142791408709
31	0.00001	49	84	0.05473142791408709
31	0.00001	49	28	0.05473142791408709
31	0.00001	49	15	0.009318515079381478
31	0.00001	50	74	0.13131389649136554
31	0.00001	50	0	0.13131389649136554
31	0.00001	50	73	0.13131389649136554
31	0.00001	50	7	0.13131389649136554
31	0.00001	50	3	0.13131389649136554
31	0.00001	50	17	0.04342586808805029
31	0.00001	50	4	0.13131389649136554
31	0.00001	50	1	0.13131389649136554
31	0.00001	50	6	0.13131389649136554
31	0.00001	50	2	0.13131389649136554
31	0.00001	50	59	0.04342586808805029
31	0.00001	50	20	0.04342586808805029
31	0.00001	50	78	0.010286829107338217
31	0.00001	50	44	0.010286829107338217
31	0.00001	50	94	0.04342586808805029
31	0.00001	50	77	0.04342586808805029
31	0.00001	50	33	0.04342586808805029
31	0.00001	50	28	0.04342586808805029
31	0.00001	50	84	0.04342586808805029
31	0.00001	50	100	0.014466085569103221
31	0.00001	50	15	0.010995427281332425
31	0.00001	51	74	0.15077937273887074
31	0.00001	51	0	0.15077937273887074
31	0.00001	51	73	0.15077937273887074
31	0.00001	51	7	0.15077937273887074
31	0.00001	51	3	0.15077937273887074
31	0.00001	51	17	0.030887798910152472
31	0.00001	51	4	0.15077937273887074
31	0.00001	51	1	0.15077937273887074
31	0.00001	51	6	0.15077937273887074
31	0.00001	51	2	0.15077937273887074
31	0.00001	51	44	0.017525942293070067
31	0.00001	51	59	0.030887798910152472
31	0.00001	51	94	0.030887798910152472
31	0.00001	51	78	0.017525942293070067
31	0.00001	51	77	0.013529572334440288
31	0.00001	51	84	0.013529572334440288
31	0.00001	51	28	0.013529572334440288
31	0.00001	51	42	0.004054155488775382
31	0.00001	51	67	0.004054155488775382
31	0.00001	51	20	0.004054155488775382
31	0.00001	51	33	0.004054155488775382
31	0.00001	52	74	0.11765068838274809
31	0.00001	52	0	0.11765068838274809
31	0.00001	52	73	0.11765068838274809
31	0.00001	52	7	0.11765068838274809
31	0.00001	52	3	0.11765068838274809
31	0.00001	52	17	0.0399443165079888
31	0.00001	52	4	0.11765068838274809
31	0.00001	52	1	0.11765068838274809
31	0.00001	52	6	0.11765068838274809
31	0.00001	52	2	0.11765068838274809
31	0.00001	52	59	0.0399443165079888
31	0.00001	52	78	0.013246976840895396
31	0.00001	52	44	0.013246976840895396
31	0.00001	52	77	0.0399443165079888
31	0.00001	52	20	0.0399443165079888
31	0.00001	52	94	0.0399443165079888
31	0.00001	52	28	0.0399443165079888
31	0.00001	52	84	0.0399443165079888
31	0.00001	52	33	0.0399443165079888
31	0.00001	52	15	0.006328499170424648
31	0.00001	53	74	0.1060516128467765
31	0.00001	53	0	0.1060516128467765
31	0.00001	53	73	0.050921243864067094
31	0.00001	53	7	0.0681645887194657
31	0.00001	53	3	0.0681645887194657
31	0.00001	53	1	0.0681645887194657
31	0.00001	53	4	0.0681645887194657
31	0.00001	53	6	0.0681645887194657
31	0.00001	53	2	0.0681645887194657
31	0.00001	53	17	0.050921243864067094
31	0.00001	53	44	0.014669395146170959
31	0.00001	53	78	0.014669395146170959
31	0.00001	53	77	0.02928245404049347
31	0.00001	53	94	0.02928245404049347
31	0.00001	53	59	0.02928245404049347
31	0.00001	53	84	0.02928245404049347
31	0.00001	53	20	0.02928245404049347
31	0.00001	53	33	0.02928245404049347
31	0.00001	53	28	0.02928245404049347
31	0.00001	53	15	0.02696760322962639
31	0.00001	53	70	0.02696760322962639
31	0.00001	53	100	0.02696760322962639
31	0.00001	54	74	0.1287879777825532
31	0.00001	54	0	0.1287879777825532
31	0.00001	54	73	0.1287879777825532
31	0.00001	54	7	0.1287879777825532
31	0.00001	54	3	0.1287879777825532
31	0.00001	54	17	0.03867025240147403
31	0.00001	54	4	0.1287879777825532
31	0.00001	54	1	0.1287879777825532
31	0.00001	54	6	0.1287879777825532
31	0.00001	54	2	0.1287879777825532
31	0.00001	54	44	0.0157486519091625
31	0.00001	54	78	0.0157486519091625
31	0.00001	54	42	0.004123778080574037
31	0.00001	54	77	0.03867025240147403
31	0.00001	54	94	0.03867025240147403
31	0.00001	54	20	0.03867025240147403
31	0.00001	54	59	0.03867025240147403
31	0.00001	54	33	0.03867025240147403
31	0.00001	54	28	0.03867025240147403
31	0.00001	54	84	0.03867025240147403
31	0.00001	55	74	0.14065554304092
31	0.00001	55	0	0.14065554304092
31	0.00001	55	73	0.14065554304092
31	0.00001	55	7	0.14065554304092
31	0.00001	55	3	0.14065554304092
31	0.00001	55	17	0.03703415019815153
31	0.00001	55	4	0.14065554304092
31	0.00001	55	1	0.14065554304092
31	0.00001	55	6	0.14065554304092
31	0.00001	55	2	0.14065554304092
31	0.00001	55	44	0.015570252138843619
31	0.00001	55	78	0.015570252138843619
31	0.00001	55	42	0.0027370686680777555
31	0.00001	55	77	0.03703415019815153
31	0.00001	55	20	0.03703415019815153
31	0.00001	55	59	0.03703415019815153
31	0.00001	55	94	0.03703415019815153
31	0.00001	55	28	0.03703415019815153
31	0.00001	55	93	0.03703415019815153
31	0.00001	55	84	0.03703415019815153
31	0.00001	55	33	0.03703415019815153
31	0.00001	56	74	0.0968246895863523
31	0.00001	56	0	0.0968246895863523
31	0.00001	56	73	0.0968246895863523
31	0.00001	56	7	0.0968246895863523
31	0.00001	56	3	0.0968246895863523
31	0.00001	56	17	0.06170780046306436
31	0.00001	56	1	0.0968246895863523
31	0.00001	56	4	0.0968246895863523
31	0.00001	56	6	0.0968246895863523
31	0.00001	56	2	0.0968246895863523
31	0.00001	56	77	0.06170780046306436
31	0.00001	56	44	0.011916578293961906
31	0.00001	56	78	0.011916578293961906
31	0.00001	56	42	0.0035948469472850643
31	0.00001	56	20	0.06170780046306436
31	0.00001	56	33	0.06170780046306436
31	0.00001	56	94	0.06170780046306436
31	0.00001	56	59	0.06170780046306436
31	0.00001	56	84	0.06170780046306436
31	0.00001	56	28	0.06170780046306436
31	0.00001	56	100	0.015480739469709844
31	0.00001	56	15	0.015480739469709844
31	0.00001	57	74	0.10012430586417109
31	0.00001	57	0	0.10012430586417109
31	0.00001	57	73	0.10012430586417109
31	0.00001	57	17	0.04648839504510629
31	0.00001	57	7	0.10012430586417109
31	0.00001	57	3	0.10012430586417109
31	0.00001	57	44	0.013150701323389793
31	0.00001	57	4	0.10012430586417109
31	0.00001	57	1	0.10012430586417109
31	0.00001	57	6	0.10012430586417109
31	0.00001	57	2	0.10012430586417109
31	0.00001	57	78	0.013150701323389793
31	0.00001	57	77	0.03756016239806853
31	0.00001	57	59	0.03756016239806853
31	0.00001	57	94	0.03756016239806853
31	0.00001	57	33	0.03756016239806853
31	0.00001	57	28	0.03756016239806853
31	0.00001	57	84	0.03756016239806853
31	0.00001	57	20	0.03756016239806853
31	0.00001	57	15	0.013261545337055121
31	0.00001	58	74	0.09575903910320539
31	0.00001	58	0	0.06053418795451027
31	0.00001	58	73	0.06053418795451027
31	0.00001	58	7	0.06053418795451027
31	0.00001	58	3	0.06053418795451027
31	0.00001	58	44	0.013448526973836349
31	0.00001	58	4	0.06053418795451027
31	0.00001	58	1	0.06053418795451027
31	0.00001	58	6	0.06053418795451027
31	0.00001	58	2	0.06053418795451027
31	0.00001	58	17	0.05099745114221595
31	0.00001	58	77	0.041748440751410286
31	0.00001	58	33	0.041748440751410286
31	0.00001	58	20	0.041748440751410286
31	0.00001	58	94	0.041748440751410286
31	0.00001	58	59	0.041748440751410286
31	0.00001	58	84	0.041748440751410286
31	0.00001	58	28	0.041748440751410286
31	0.00001	58	78	0.013448526973836349
31	0.00001	58	100	0.007093490255274361
31	0.00001	59	74	0.09707539308617154
31	0.00001	59	0	0.058982724055002586
31	0.00001	59	73	0.058982724055002586
31	0.00001	59	17	0.04764271950027733
31	0.00001	59	7	0.058982724055002586
31	0.00001	59	3	0.058982724055002586
31	0.00001	59	77	0.03070760283841122
31	0.00001	59	6	0.058982724055002586
31	0.00001	59	2	0.058982724055002586
31	0.00001	59	4	0.058982724055002586
31	0.00001	59	1	0.058982724055002586
31	0.00001	59	44	0.014375559849167554
31	0.00001	59	78	0.014375559849167554
31	0.00001	59	42	0.003474344199614324
31	0.00001	59	59	0.03070760283841122
31	0.00001	59	20	0.03070760283841122
31	0.00001	59	94	0.03070760283841122
31	0.00001	59	33	0.03070760283841122
31	0.00001	59	84	0.03070760283841122
31	0.00001	59	28	0.03070760283841122
31	0.00001	59	15	0.014375559849167554
31	0.00001	60	74	0.11616355904255388
31	0.00001	60	0	0.11616355904255388
31	0.00001	60	73	0.11616355904255388
31	0.00001	60	7	0.11616355904255388
31	0.00001	60	3	0.11616355904255388
31	0.00001	60	17	0.0418364829505649
31	0.00001	60	4	0.11616355904255388
31	0.00001	60	1	0.11616355904255388
31	0.00001	60	6	0.11616355904255388
31	0.00001	60	2	0.11616355904255388
31	0.00001	60	44	0.010782823164722049
31	0.00001	60	78	0.008619622654879635
31	0.00001	60	42	0.003818454170355347
31	0.00001	60	77	0.0418364829505649
31	0.00001	60	20	0.0418364829505649
31	0.00001	60	94	0.0418364829505649
31	0.00001	60	59	0.0418364829505649
31	0.00001	60	84	0.0418364829505649
31	0.00001	60	28	0.0418364829505649
31	0.00001	60	33	0.0418364829505649
31	0.00001	60	15	0.014097358825174617
31	0.00001	61	74	0.13170808750027316
31	0.00001	61	0	0.13170808750027316
31	0.00001	61	73	0.13170808750027316
31	0.00001	61	7	0.13170808750027316
31	0.00001	61	3	0.13170808750027316
31	0.00001	61	17	0.020421816698282202
31	0.00001	61	1	0.13170808750027316
31	0.00001	61	4	0.13170808750027316
31	0.00001	61	6	0.13170808750027316
31	0.00001	61	2	0.13170808750027316
31	0.00001	61	44	0.020421816698282202
31	0.00001	61	78	0.020421816698282202
31	0.00001	61	42	0.020421816698282202
31	0.00001	61	12	0.020421816698282202
31	0.00001	61	82	0.020421816698282202
31	0.00001	61	67	0.020421816698282202
31	0.00001	61	36	0.005374603330323566
31	0.00001	61	59	0.013395320965835154
31	0.00001	61	94	0.013395320965835154
31	0.00001	61	77	0.020421816698282202
31	0.00001	61	79	0.020421816698282202
31	0.00001	61	20	0.013395320965835154
31	0.00001	61	33	0.013395320965835154
31	0.00001	62	74	0.11519531656037783
31	0.00001	62	0	0.11519531656037783
31	0.00001	62	73	0.11519531656037783
31	0.00001	62	7	0.11519531656037783
31	0.00001	62	3	0.11519531656037783
31	0.00001	62	17	0.03460112384935178
31	0.00001	62	4	0.11519531656037783
31	0.00001	62	1	0.11519531656037783
31	0.00001	62	6	0.11519531656037783
31	0.00001	62	2	0.11519531656037783
31	0.00001	62	44	0.014595888687008604
31	0.00001	62	78	0.014595888687008604
31	0.00001	62	77	0.023212213046954536
31	0.00001	62	94	0.023212213046954536
31	0.00001	62	20	0.023212213046954536
31	0.00001	62	33	0.023212213046954536
31	0.00001	62	84	0.023212213046954536
31	0.00001	62	59	0.023212213046954536
31	0.00001	62	28	0.019301810200687854
31	0.00001	62	100	0.019301810200687854
31	0.00001	62	15	0.019301810200687854
31	0.00001	62	70	0.012257947734113825
31	0.00001	63	74	0.09237568418537606
31	0.00001	63	0	0.09237568418537606
31	0.00001	63	73	0.09237568418537606
31	0.00001	63	7	0.09237568418537606
31	0.00001	63	3	0.09237568418537606
31	0.00001	63	17	0.04953102277368546
31	0.00001	63	4	0.09237568418537606
31	0.00001	63	1	0.09237568418537606
31	0.00001	63	6	0.09237568418537606
31	0.00001	63	2	0.09237568418537606
31	0.00001	63	77	0.021700356104277077
31	0.00001	63	44	0.01776503457281839
31	0.00001	63	78	0.01776503457281839
31	0.00001	63	94	0.019911875140702417
31	0.00001	63	33	0.019911875140702417
31	0.00001	63	59	0.019911875140702417
31	0.00001	63	28	0.015144463592521085
31	0.00001	63	67	0.015144463592521085
31	0.00001	63	42	0.015144463592521085
31	0.00001	63	84	0.015144463592521085
31	0.00001	63	36	0.012296185946366776
31	0.00001	64	74	0.12085221736383997
31	0.00001	64	0	0.12085221736383997
31	0.00001	64	73	0.12085221736383997
31	0.00001	64	7	0.12085221736383997
31	0.00001	64	3	0.12085221736383997
31	0.00001	64	17	0.04043616177856833
31	0.00001	64	4	0.12085221736383997
31	0.00001	64	1	0.12085221736383997
31	0.00001	64	6	0.12085221736383997
31	0.00001	64	2	0.12085221736383997
31	0.00001	64	44	0.013104168143899423
31	0.00001	64	78	0.013104168143899423
31	0.00001	64	94	0.04043616177856833
31	0.00001	64	77	0.04043616177856833
31	0.00001	64	20	0.04043616177856833
31	0.00001	64	59	0.04043616177856833
31	0.00001	64	33	0.04043616177856833
31	0.00001	64	28	0.04043616177856833
31	0.00001	64	84	0.04043616177856833
31	0.00001	64	15	0.013104168143899423
31	0.00001	65	74	0.11306747883817858
31	0.00001	65	0	0.11306747883817858
31	0.00001	65	73	0.11306747883817858
31	0.00001	65	7	0.11306747883817858
31	0.00001	65	3	0.11306747883817858
31	0.00001	65	17	0.05104466765073787
31	0.00001	65	4	0.11306747883817858
31	0.00001	65	1	0.11306747883817858
31	0.00001	65	6	0.11306747883817858
31	0.00001	65	2	0.11306747883817858
31	0.00001	65	20	0.03369060094436717
31	0.00001	65	78	0.015373099432492479
31	0.00001	65	44	0.015373099432492479
31	0.00001	65	42	0.0020474915178334357
31	0.00001	65	33	0.03369060094436717
31	0.00001	65	59	0.03369060094436717
31	0.00001	65	94	0.03369060094436717
31	0.00001	65	77	0.03369060094436717
31	0.00001	65	84	0.03369060094436717
31	0.00001	65	28	0.03369060094436717
31	0.00001	65	15	0.01907226359000584
31	0.00001	65	100	0.01907226359000584
31	0.00001	65	70	0.01907226359000584
31	0.00001	66	74	0.1275790385633525
31	0.00001	66	0	0.1275790385633525
31	0.00001	66	73	0.1275790385633525
31	0.00001	66	7	0.1275790385633525
31	0.00001	66	3	0.1275790385633525
31	0.00001	66	44	0.010620909586032123
31	0.00001	66	4	0.1275790385633525
31	0.00001	66	1	0.1275790385633525
31	0.00001	66	6	0.1275790385633525
31	0.00001	66	2	0.1275790385633525
31	0.00001	66	17	0.02725477968018211
31	0.00001	66	59	0.026809017855741978
31	0.00001	66	94	0.026809017855741978
31	0.00001	66	77	0.026809017855741978
31	0.00001	66	78	0.010620909586032123
31	0.00001	66	42	0.004383751520765674
31	0.00001	66	84	0.020229743784602825
31	0.00001	66	28	0.020229743784602825
31	0.00001	66	33	0.020229743784602825
31	0.00001	66	20	0.020229743784602825
31	0.00001	66	15	0.020229743784602825
31	0.00001	66	70	0.020229743784602825
31	0.00001	66	100	0.01205066279523957
31	0.00001	67	74	0.1361567353329037
31	0.00001	67	0	0.1361567353329037
31	0.00001	67	73	0.1361567353329037
31	0.00001	67	7	0.1361567353329037
31	0.00001	67	3	0.1361567353329037
31	0.00001	67	17	0.044800787499037174
31	0.00001	67	4	0.1361567353329037
31	0.00001	67	1	0.1361567353329037
31	0.00001	67	6	0.1361567353329037
31	0.00001	67	2	0.1361567353329037
31	0.00001	67	44	0.00864951491243209
31	0.00001	67	78	0.00864951491243209
31	0.00001	67	94	0.044800787499037174
31	0.00001	67	59	0.044800787499037174
31	0.00001	67	20	0.044800787499037174
31	0.00001	67	84	0.044800787499037174
31	0.00001	67	77	0.044800787499037174
31	0.00001	67	28	0.044800787499037174
31	0.00001	67	33	0.044800787499037174
31	0.00001	67	70	0.011706987219669186
31	0.00001	67	100	0.011706987219669186
31	0.00001	67	15	0.011706987219669186
31	0.00001	68	74	0.07117564219546908
31	0.00001	68	0	0.07028203065626136
31	0.00001	68	7	0.07028203065626136
31	0.00001	68	3	0.07028203065626136
31	0.00001	68	6	0.07028203065626136
31	0.00001	68	2	0.07028203065626136
31	0.00001	68	73	0.07028203065626136
31	0.00001	68	4	0.07028203065626136
31	0.00001	68	1	0.07028203065626136
31	0.00001	68	17	0.05521336527560356
31	0.00001	68	77	0.03214110113639754
31	0.00001	68	78	0.01555922179484281
31	0.00001	68	44	0.01555922179484281
31	0.00001	68	59	0.03214110113639754
31	0.00001	68	20	0.03214110113639754
31	0.00001	68	33	0.03214110113639754
31	0.00001	68	94	0.03214110113639754
31	0.00001	68	28	0.03214110113639754
31	0.00001	68	84	0.03214110113639754
31	0.00001	68	15	0.01555922179484281
31	0.00001	69	74	0.08877718263721625
31	0.00001	69	0	0.08877718263721625
31	0.00001	69	73	0.08877718263721625
31	0.00001	69	7	0.08877718263721625
31	0.00001	69	3	0.08877718263721625
31	0.00001	69	17	0.05134278395613155
31	0.00001	69	4	0.08877718263721625
31	0.00001	69	1	0.08877718263721625
31	0.00001	69	6	0.08877718263721625
31	0.00001	69	2	0.08877718263721625
31	0.00001	69	77	0.046944831477877286
31	0.00001	69	44	0.01013010509031974
31	0.00001	69	78	0.01013010509031974
31	0.00001	69	42	0.0038704689346185706
31	0.00001	69	94	0.046944831477877286
31	0.00001	69	20	0.046944831477877286
31	0.00001	69	59	0.046944831477877286
31	0.00001	69	33	0.046944831477877286
31	0.00001	69	28	0.046944831477877286
31	0.00001	69	84	0.046944831477877286
31	0.00001	69	15	0.016251453943574117
31	0.00001	70	74	0.1018057306186757
31	0.00001	70	0	0.1018057306186757
31	0.00001	70	73	0.1018057306186757
31	0.00001	70	7	0.1018057306186757
31	0.00001	70	3	0.1018057306186757
31	0.00001	70	44	0.02404094217843061
31	0.00001	70	4	0.1018057306186757
31	0.00001	70	1	0.1018057306186757
31	0.00001	70	6	0.1018057306186757
31	0.00001	70	2	0.1018057306186757
31	0.00001	70	17	0.05144247081547917
31	0.00001	70	77	0.02404094217843061
31	0.00001	70	78	0.02404094217843061
31	0.00001	70	59	0.02404094217843061
31	0.00001	70	42	0.02404094217843061
31	0.00001	70	12	0.02404094217843061
31	0.00001	70	82	0.02404094217843061
31	0.00001	70	33	0.02404094217843061
31	0.00001	70	67	0.02404094217843061
31	0.00001	70	79	0.02404094217843061
31	0.00001	71	74	0.129807654199097
31	0.00001	71	0	0.129807654199097
31	0.00001	71	73	0.129807654199097
31	0.00001	71	7	0.129807654199097
31	0.00001	71	3	0.129807654199097
31	0.00001	71	17	0.024959964800642304
31	0.00001	71	4	0.129807654199097
31	0.00001	71	1	0.129807654199097
31	0.00001	71	6	0.129807654199097
31	0.00001	71	2	0.129807654199097
31	0.00001	71	94	0.024959964800642304
31	0.00001	71	20	0.024959964800642304
31	0.00001	71	59	0.024959964800642304
31	0.00001	71	44	0.012692863273657968
31	0.00001	71	84	0.024959964800642304
31	0.00001	71	77	0.024959964800642304
31	0.00001	71	33	0.024959964800642304
31	0.00001	71	28	0.024959964800642304
31	0.00001	71	78	0.012692863273657968
31	0.00001	71	15	0.008026354228556123
31	0.00001	72	74	0.129163441103628
31	0.00001	72	0	0.129163441103628
31	0.00001	72	73	0.129163441103628
31	0.00001	72	7	0.129163441103628
31	0.00001	72	3	0.129163441103628
31	0.00001	72	1	0.129163441103628
31	0.00001	72	4	0.129163441103628
31	0.00001	72	6	0.129163441103628
31	0.00001	72	2	0.129163441103628
31	0.00001	72	20	0.036653754660115036
31	0.00001	72	17	0.036653754660115036
31	0.00001	72	44	0.015224943361832997
31	0.00001	72	59	0.036653754660115036
31	0.00001	72	94	0.036653754660115036
31	0.00001	72	78	0.015224943361832997
31	0.00001	72	28	0.036653754660115036
31	0.00001	72	77	0.036653754660115036
31	0.00001	72	84	0.036653754660115036
31	0.00001	72	33	0.036653754660115036
31	0.00001	72	42	0.004106480420420839
31	0.00001	73	74	0.08509632491216688
31	0.00001	73	0	0.08509632491216688
31	0.00001	73	73	0.08509632491216688
31	0.00001	73	17	0.05455555557382264
31	0.00001	73	7	0.08509632491216688
31	0.00001	73	3	0.08509632491216688
31	0.00001	73	77	0.05455555557382264
31	0.00001	73	6	0.08509632491216688
31	0.00001	73	2	0.08509632491216688
31	0.00001	73	4	0.08509632491216688
31	0.00001	73	1	0.08509632491216688
31	0.00001	73	44	0.01935972725232153
31	0.00001	73	78	0.01935972725232153
31	0.00001	73	42	0.0007400354439165283
31	0.00001	73	20	0.05455555557382264
31	0.00001	73	59	0.05455555557382264
31	0.00001	73	33	0.05455555557382264
31	0.00001	73	94	0.05455555557382264
31	0.00001	73	84	0.05455555557382264
31	0.00001	73	28	0.05455555557382264
31	0.00001	74	74	0.10811856091915409
31	0.00001	74	0	0.10811856091915409
31	0.00001	74	73	0.10811856091915409
31	0.00001	74	7	0.10811856091915409
31	0.00001	74	3	0.10811856091915409
31	0.00001	74	17	0.047236954552987806
31	0.00001	74	4	0.10811856091915409
31	0.00001	74	1	0.10811856091915409
31	0.00001	74	6	0.10811856091915409
31	0.00001	74	2	0.10811856091915409
31	0.00001	74	44	0.011411179331729561
31	0.00001	74	78	0.011411179331729561
31	0.00001	74	42	0.005161286446187499
31	0.00001	74	94	0.03438014863361855
31	0.00001	74	20	0.03438014863361855
31	0.00001	74	59	0.03438014863361855
31	0.00001	74	77	0.03438014863361855
31	0.00001	74	33	0.03438014863361855
31	0.00001	74	28	0.03438014863361855
31	0.00001	74	84	0.022061922743070655
31	0.00001	74	15	0.01876202266320445
31	0.00001	74	70	0.01876202266320445
31	0.00001	75	74	0.10304369651479418
31	0.00001	75	0	0.10304369651479418
31	0.00001	75	73	0.10304369651479418
31	0.00001	75	7	0.10304369651479418
31	0.00001	75	3	0.10304369651479418
31	0.00001	75	17	0.03590515417656064
31	0.00001	75	4	0.10304369651479418
31	0.00001	75	1	0.10304369651479418
31	0.00001	75	6	0.10304369651479418
31	0.00001	75	2	0.10304369651479418
31	0.00001	75	44	0.020603998440245217
31	0.00001	75	78	0.020603998440245217
31	0.00001	75	42	0.013599972578807218
31	0.00001	75	12	0.020603998440245217
31	0.00001	75	82	0.020603998440245217
31	0.00001	75	94	0.020603998440245217
31	0.00001	75	67	0.013599972578807218
31	0.00001	75	79	0.020603998440245217
31	0.00001	75	77	0.020603998440245217
31	0.00001	75	20	0.020603998440245217
31	0.00001	75	33	0.020603998440245217
31	0.00001	75	59	0.020603998440245217
31	0.00001	76	74	0.10649247613815224
31	0.00001	76	0	0.10649247613815224
31	0.00001	76	73	0.10649247613815224
31	0.00001	76	7	0.10649247613815224
31	0.00001	76	3	0.10649247613815224
31	0.00001	76	1	0.10649247613815224
31	0.00001	76	4	0.10649247613815224
31	0.00001	76	6	0.10649247613815224
31	0.00001	76	2	0.10649247613815224
31	0.00001	76	17	0.05242085748505973
31	0.00001	76	44	0.012825929279037699
31	0.00001	76	78	0.012825929279037699
31	0.00001	76	42	0.005579523255971873
31	0.00001	76	77	0.030625498870371415
31	0.00001	76	94	0.030625498870371415
31	0.00001	76	84	0.030625498870371415
31	0.00001	76	33	0.030625498870371415
31	0.00001	76	59	0.030625498870371415
31	0.00001	76	20	0.030625498870371415
31	0.00001	76	28	0.022316676000800915
31	0.00001	76	70	0.021586299196621424
31	0.00001	76	100	0.021586299196621424
31	0.00001	76	15	0.021586299196621424
31	0.00001	77	74	0.08744396588158018
31	0.00001	77	0	0.08744396588158018
31	0.00001	77	73	0.08744396588158018
31	0.00001	77	17	0.04708876218134652
31	0.00001	77	7	0.08744396588158018
31	0.00001	77	3	0.08744396588158018
31	0.00001	77	44	0.01996249462612908
31	0.00001	77	4	0.08744396588158018
31	0.00001	77	1	0.08744396588158018
31	0.00001	77	6	0.08744396588158018
31	0.00001	77	2	0.08744396588158018
31	0.00001	77	77	0.03950557324029455
31	0.00001	77	78	0.01996249462612908
31	0.00001	77	59	0.03950557324029455
31	0.00001	77	20	0.03950557324029455
31	0.00001	77	33	0.03950557324029455
31	0.00001	77	94	0.03950557324029455
31	0.00001	77	28	0.03950557324029455
31	0.00001	77	84	0.03950557324029455
31	0.00001	77	42	0.003994982401452721
31	0.00001	78	74	0.09266715020453078
31	0.00001	78	0	0.09266715020453078
31	0.00001	78	73	0.09266715020453078
31	0.00001	78	7	0.09266715020453078
31	0.00001	78	3	0.09266715020453078
31	0.00001	78	17	0.057611613104803935
31	0.00001	78	4	0.09266715020453078
31	0.00001	78	1	0.09266715020453078
31	0.00001	78	6	0.09266715020453078
31	0.00001	78	2	0.09266715020453078
31	0.00001	78	77	0.057611613104803935
31	0.00001	78	44	0.015324725576696426
31	0.00001	78	78	0.015324725576696426
31	0.00001	78	42	0.00331085285353341
31	0.00001	78	20	0.057611613104803935
31	0.00001	78	94	0.057611613104803935
31	0.00001	78	33	0.057611613104803935
31	0.00001	78	59	0.057611613104803935
31	0.00001	78	28	0.057611613104803935
31	0.00001	78	84	0.057611613104803935
31	0.00001	78	15	0.006962475816369786
31	0.00001	79	74	0.07595656764869804
31	0.00001	79	0	0.07595656764869804
31	0.00001	79	73	0.07154507216755997
31	0.00001	79	7	0.07154507216755997
31	0.00001	79	3	0.07154507216755997
31	0.00001	79	44	0.03989848759667512
31	0.00001	79	4	0.07154507216755997
31	0.00001	79	1	0.07154507216755997
31	0.00001	79	6	0.07154507216755997
31	0.00001	79	2	0.07154507216755997
31	0.00001	79	17	0.03989848759667512
31	0.00001	79	78	0.03989848759667512
31	0.00001	79	77	0.02240725435688331
31	0.00001	79	67	0.02240725435688331
31	0.00001	79	42	0.02240725435688331
31	0.00001	79	79	0.03989848759667512
31	0.00001	79	12	0.03989848759667512
31	0.00001	79	82	0.03989848759667512
31	0.00001	79	59	0.02240725435688331
31	0.00001	79	20	0.004647648040087721
31	0.00001	80	74	0.10871389879126142
31	0.00001	80	0	0.10871389879126142
31	0.00001	80	73	0.10871389879126142
31	0.00001	80	7	0.10696751112376301
31	0.00001	80	3	0.10696751112376301
31	0.00001	80	17	0.03884496130307536
31	0.00001	80	4	0.10696751112376301
31	0.00001	80	1	0.10696751112376301
31	0.00001	80	6	0.10696751112376301
31	0.00001	80	2	0.10696751112376301
31	0.00001	80	44	0.0071870823346765695
31	0.00001	80	78	0.005306360186911902
31	0.00001	80	59	0.03884496130307536
31	0.00001	80	20	0.03884496130307536
31	0.00001	80	94	0.03884496130307536
31	0.00001	80	77	0.03884496130307536
31	0.00001	80	33	0.03884496130307536
31	0.00001	80	28	0.03884496130307536
31	0.00001	80	84	0.03884496130307536
31	0.00001	80	15	0.016651931580995042
31	0.00001	80	100	0.016651931580995042
31	0.00001	80	70	0.016651931580995042
31	0.00001	81	74	0.10781438663544506
31	0.00001	81	0	0.10781438663544506
31	0.00001	81	73	0.10781438663544506
31	0.00001	81	7	0.10781438663544506
31	0.00001	81	3	0.10781438663544506
31	0.00001	81	44	0.022387676482601874
31	0.00001	81	4	0.10781438663544506
31	0.00001	81	1	0.10781438663544506
31	0.00001	81	6	0.10781438663544506
31	0.00001	81	2	0.10781438663544506
31	0.00001	81	17	0.03169566206954237
31	0.00001	81	78	0.022387676482601874
31	0.00001	81	67	0.019078771376265485
31	0.00001	81	42	0.019078771376265485
31	0.00001	81	77	0.0049955469425352495
31	0.00001	81	12	0.022387676482601874
31	0.00001	81	82	0.022387676482601874
31	0.00001	81	79	0.022387676482601874
31	0.00001	81	20	0.022387676482601874
31	0.00001	81	94	0.022387676482601874
31	0.00001	81	59	0.022387676482601874
31	0.00001	82	74	0.11328983997557852
31	0.00001	82	0	0.08989523012952622
31	0.00001	82	73	0.08989523012952622
31	0.00001	82	7	0.08989523012952622
31	0.00001	82	3	0.08989523012952622
31	0.00001	82	17	0.047011695828702134
31	0.00001	82	4	0.08989523012952622
31	0.00001	82	1	0.08989523012952622
31	0.00001	82	6	0.08989523012952622
31	0.00001	82	2	0.08989523012952622
31	0.00001	82	44	0.013371193414735768
31	0.00001	82	78	0.013371193414735768
31	0.00001	82	42	0.00352264394787256
31	0.00001	82	59	0.037408768286095614
31	0.00001	82	77	0.037408768286095614
31	0.00001	82	20	0.037408768286095614
31	0.00001	82	94	0.037408768286095614
31	0.00001	82	33	0.037408768286095614
31	0.00001	82	84	0.037408768286095614
31	0.00001	82	28	0.037408768286095614
31	0.00001	82	70	0.009203453501604836
31	0.00001	82	100	0.009203453501604836
31	0.00001	82	15	0.009203453501604836
31	0.00001	83	74	0.12177471351341866
31	0.00001	83	0	0.12177471351341866
31	0.00001	83	73	0.12177471351341866
31	0.00001	83	7	0.12177471351341866
31	0.00001	83	3	0.12177471351341866
31	0.00001	83	17	0.028476549612820246
31	0.00001	83	4	0.12177471351341866
31	0.00001	83	1	0.12177471351341866
31	0.00001	83	6	0.12177471351341866
31	0.00001	83	2	0.12177471351341866
31	0.00001	83	20	0.028476549612820246
31	0.00001	83	59	0.028476549612820246
31	0.00001	83	77	0.028476549612820246
31	0.00001	83	44	0.010556797319771362
31	0.00001	83	78	0.010556797319771362
31	0.00001	83	42	0.0038820263645751546
31	0.00001	83	94	0.028476549612820246
31	0.00001	83	28	0.028476549612820246
31	0.00001	83	84	0.028476549612820246
31	0.00001	83	33	0.028476549612820246
31	0.00001	83	15	0.014935996162799262
31	0.00001	83	70	0.014935996162799262
31	0.00001	83	100	0.014935996162799262
31	0.00001	84	74	0.10146935625183996
31	0.00001	84	0	0.10146935625183996
31	0.00001	84	73	0.05590222408155754
31	0.00001	84	7	0.06021503023352206
31	0.00001	84	3	0.06021503023352206
31	0.00001	84	4	0.06021503023352206
31	0.00001	84	1	0.06021503023352206
31	0.00001	84	6	0.06021503023352206
31	0.00001	84	2	0.06021503023352206
31	0.00001	84	17	0.04883936682925928
31	0.00001	84	77	0.04883936682925928
31	0.00001	84	44	0.013562528565640332
31	0.00001	84	78	0.013562528565640332
31	0.00001	84	33	0.04883936682925928
31	0.00001	84	59	0.04883936682925928
31	0.00001	84	20	0.04883936682925928
31	0.00001	84	94	0.04883936682925928
31	0.00001	84	84	0.04883936682925928
31	0.00001	84	28	0.04883936682925928
31	0.00001	84	70	0.0046842452684733174
31	0.00001	84	15	0.0046842452684733174
31	0.00001	84	100	0.0046842452684733174
31	0.00001	85	74	0.11299932797976822
31	0.00001	85	0	0.11299932797976822
31	0.00001	85	73	0.11299932797976822
31	0.00001	85	7	0.11299932797976822
31	0.00001	85	3	0.11299932797976822
31	0.00001	85	17	0.05011586437164024
31	0.00001	85	4	0.11299932797976822
31	0.00001	85	1	0.11299932797976822
31	0.00001	85	6	0.11299932797976822
31	0.00001	85	2	0.11299932797976822
31	0.00001	85	77	0.018696736508825723
31	0.00001	85	44	0.018696736508825723
31	0.00001	85	78	0.018696736508825723
31	0.00001	85	84	0.018696736508825723
31	0.00001	85	33	0.018696736508825723
31	0.00001	85	59	0.018696736508825723
31	0.00001	85	94	0.018696736508825723
31	0.00001	85	42	0.018696736508825723
31	0.00001	85	67	0.018696736508825723
31	0.00001	85	28	0.018696736508825723
31	0.00001	86	74	0.10830112336885768
31	0.00001	86	0	0.10830112336885768
31	0.00001	86	73	0.10830112336885768
31	0.00001	86	17	0.04027282867782912
31	0.00001	86	7	0.10830112336885768
31	0.00001	86	3	0.10830112336885768
31	0.00001	86	44	0.017414278170308
31	0.00001	86	4	0.10830112336885768
31	0.00001	86	1	0.10830112336885768
31	0.00001	86	6	0.10830112336885768
31	0.00001	86	2	0.10830112336885768
31	0.00001	86	59	0.017414278170308
31	0.00001	86	78	0.017414278170308
31	0.00001	86	82	0.012246598613859794
31	0.00001	86	77	0.017414278170308
31	0.00001	86	94	0.017414278170308
31	0.00001	86	42	0.017414278170308
31	0.00001	86	67	0.017414278170308
31	0.00001	86	33	0.006316194004058299
31	0.00001	86	12	0.012246598613859794
31	0.00001	86	79	0.011249700799735918
31	0.00001	87	74	0.1301465692976959
31	0.00001	87	0	0.1301465692976959
31	0.00001	87	73	0.1301465692976959
31	0.00001	87	7	0.1301465692976959
31	0.00001	87	3	0.1301465692976959
31	0.00001	87	1	0.1301465692976959
31	0.00001	87	4	0.1301465692976959
31	0.00001	87	6	0.1301465692976959
31	0.00001	87	2	0.1301465692976959
31	0.00001	87	17	0.02414465376127319
31	0.00001	87	44	0.009229653518843629
31	0.00001	87	94	0.02414465376127319
31	0.00001	87	20	0.02414465376127319
31	0.00001	87	59	0.02414465376127319
31	0.00001	87	84	0.02414465376127319
31	0.00001	87	77	0.02414465376127319
31	0.00001	87	28	0.02414465376127319
31	0.00001	87	33	0.02414465376127319
31	0.00001	87	15	0.010675903018551442
31	0.00001	87	70	0.010675903018551442
31	0.00001	87	100	0.010675903018551442
31	0.00001	88	74	0.13679312976986074
31	0.00001	88	0	0.13679312976986074
31	0.00001	88	73	0.13679312976986074
31	0.00001	88	7	0.13679312976986074
31	0.00001	88	3	0.13679312976986074
31	0.00001	88	17	0.040904869758756984
31	0.00001	88	4	0.13679312976986074
31	0.00001	88	1	0.13679312976986074
31	0.00001	88	6	0.13679312976986074
31	0.00001	88	2	0.13679312976986074
31	0.00001	88	44	0.012352574824453752
31	0.00001	88	78	0.012352574824453752
31	0.00001	88	20	0.040904869758756984
31	0.00001	88	59	0.040904869758756984
31	0.00001	88	94	0.040904869758756984
31	0.00001	88	77	0.040904869758756984
31	0.00001	88	33	0.040904869758756984
31	0.00001	88	84	0.040904869758756984
31	0.00001	88	28	0.040904869758756984
31	0.00001	88	15	0.00988204490025116
31	0.00001	89	74	0.09474705538851999
31	0.00001	89	0	0.09474705538851999
31	0.00001	89	73	0.09474705538851999
31	0.00001	89	7	0.09474705538851999
31	0.00001	89	3	0.09474705538851999
31	0.00001	89	17	0.05041503592812902
31	0.00001	89	4	0.09474705538851999
31	0.00001	89	1	0.09474705538851999
31	0.00001	89	6	0.09474705538851999
31	0.00001	89	2	0.09474705538851999
31	0.00001	89	77	0.05041503592812902
31	0.00001	89	44	0.014585285590911141
31	0.00001	89	78	0.014585285590911141
31	0.00001	89	20	0.05041503592812902
31	0.00001	89	94	0.05041503592812902
31	0.00001	89	59	0.05041503592812902
31	0.00001	89	33	0.05041503592812902
31	0.00001	89	28	0.05041503592812902
31	0.00001	89	84	0.05041503592812902
31	0.00001	89	15	0.00688159084109301
31	0.00001	90	74	0.09972972250776377
31	0.00001	90	0	0.0758458544011258
31	0.00001	90	73	0.0758458544011258
31	0.00001	90	17	0.05116761664269181
31	0.00001	90	7	0.0758458544011258
31	0.00001	90	3	0.0758458544011258
31	0.00001	90	77	0.017554792021471192
31	0.00001	90	6	0.0758458544011258
31	0.00001	90	2	0.0758458544011258
31	0.00001	90	4	0.0758458544011258
31	0.00001	90	1	0.0758458544011258
31	0.00001	90	94	0.017554792021471192
31	0.00001	90	33	0.017554792021471192
31	0.00001	90	44	0.016048243620873006
31	0.00001	90	42	0.016048243620873006
31	0.00001	90	78	0.016048243620873006
31	0.00001	90	59	0.016048243620873006
31	0.00001	90	67	0.016048243620873006
31	0.00001	90	84	0.012546426036584096
31	0.00001	90	36	0.012546426036584096
31	0.00001	91	74	0.09332857460888143
31	0.00001	91	0	0.09332857460888143
31	0.00001	91	73	0.09332857460888143
31	0.00001	91	7	0.09332857460888143
31	0.00001	91	3	0.09332857460888143
31	0.00001	91	17	0.0512716999148567
31	0.00001	91	1	0.09332857460888143
31	0.00001	91	4	0.09332857460888143
31	0.00001	91	6	0.09332857460888143
31	0.00001	91	2	0.09332857460888143
31	0.00001	91	77	0.04796546562236781
31	0.00001	91	59	0.04796546562236781
31	0.00001	91	78	0.014912480132936976
31	0.00001	91	44	0.014912480132936976
31	0.00001	91	33	0.04796546562236781
31	0.00001	91	20	0.04796546562236781
31	0.00001	91	28	0.04796546562236781
31	0.00001	91	84	0.04796546562236781
31	0.00001	91	94	0.04796546562236781
31	0.00001	91	100	0.027645565523357986
31	0.00001	92	74	0.1130682812090825
31	0.00001	92	0	0.1130682812090825
31	0.00001	92	73	0.1130682812090825
31	0.00001	92	7	0.1130682812090825
31	0.00001	92	3	0.1130682812090825
31	0.00001	92	17	0.05073953635579229
31	0.00001	92	4	0.1130682812090825
31	0.00001	92	1	0.1130682812090825
31	0.00001	92	6	0.1130682812090825
31	0.00001	92	2	0.1130682812090825
31	0.00001	92	44	0.01061582157154538
31	0.00001	92	78	0.01061582157154538
31	0.00001	92	77	0.03340391198833362
31	0.00001	92	59	0.03340391198833362
31	0.00001	92	94	0.03340391198833362
31	0.00001	92	33	0.03340391198833362
31	0.00001	92	20	0.03340391198833362
31	0.00001	92	28	0.03340391198833362
31	0.00001	92	84	0.0178828044749566
31	0.00001	92	15	0.0178828044749566
31	0.00001	92	70	0.0178828044749566
31	0.00001	93	74	0.08567220216207702
31	0.00001	93	0	0.08567220216207702
31	0.00001	93	73	0.08567220216207702
31	0.00001	93	7	0.08567220216207702
31	0.00001	93	3	0.08567220216207702
31	0.00001	93	44	0.013606437776394243
31	0.00001	93	4	0.08567220216207702
31	0.00001	93	1	0.08567220216207702
31	0.00001	93	6	0.08567220216207702
31	0.00001	93	2	0.08567220216207702
31	0.00001	93	17	0.053365704463485625
31	0.00001	93	77	0.053365704463485625
31	0.00001	93	78	0.0096674799079792
31	0.00001	93	42	0.002076785605010928
31	0.00001	93	20	0.053365704463485625
31	0.00001	93	94	0.053365704463485625
31	0.00001	93	59	0.053365704463485625
31	0.00001	93	33	0.053365704463485625
31	0.00001	93	84	0.053365704463485625
31	0.00001	93	28	0.053365704463485625
31	0.00001	93	15	0.007809538359622404
31	0.00001	94	74	0.1343106049760148
31	0.00001	94	0	0.1343106049760148
31	0.00001	94	7	0.1017192943581762
31	0.00001	94	3	0.1017192943581762
31	0.00001	94	73	0.032763574117005693
31	0.00001	94	17	0.023038421195703217
31	0.00001	94	4	0.1017192943581762
31	0.00001	94	1	0.1017192943581762
31	0.00001	94	6	0.1017192943581762
31	0.00001	94	2	0.1017192943581762
31	0.00001	94	44	0.01979309923163425
31	0.00001	94	42	0.020487805157394318
31	0.00001	94	67	0.020487805157394318
31	0.00001	94	78	0.01979309923163425
31	0.00001	94	79	0.01979309923163425
31	0.00001	94	82	0.01979309923163425
31	0.00001	94	12	0.01979309923163425
31	0.00001	94	20	0.01884178566555168
31	0.00001	94	94	0.01884178566555168
31	0.00001	94	59	0.016471788144864476
31	0.00001	95	74	0.11890155134607604
31	0.00001	95	0	0.11890155134607604
31	0.00001	95	73	0.11890155134607604
31	0.00001	95	7	0.11890155134607604
31	0.00001	95	3	0.11890155134607604
31	0.00001	95	1	0.11890155134607604
31	0.00001	95	4	0.11890155134607604
31	0.00001	95	6	0.11890155134607604
31	0.00001	95	2	0.11890155134607604
31	0.00001	95	17	0.02361688729962199
31	0.00001	95	94	0.02361688729962199
31	0.00001	95	44	0.015082456846699129
31	0.00001	95	59	0.02361688729962199
31	0.00001	95	20	0.02361688729962199
31	0.00001	95	84	0.02361688729962199
31	0.00001	95	77	0.02361688729962199
31	0.00001	95	28	0.02361688729962199
31	0.00001	95	33	0.02361688729962199
31	0.00001	95	15	0.010319188065021214
31	0.00001	95	78	0.015082456846699129
31	0.00001	96	74	0.08149249442835012
31	0.00001	96	0	0.08149249442835012
31	0.00001	96	73	0.07929261482783088
31	0.00001	96	7	0.07929261482783088
31	0.00001	96	3	0.07929261482783088
31	0.00001	96	1	0.07929261482783088
31	0.00001	96	4	0.07929261482783088
31	0.00001	96	6	0.07929261482783088
31	0.00001	96	2	0.07929261482783088
31	0.00001	96	17	0.04955712087905316
31	0.00001	96	77	0.0373493696864563
31	0.00001	96	44	0.016280140017055605
31	0.00001	96	78	0.016280140017055605
31	0.00001	96	33	0.0373493696864563
31	0.00001	96	20	0.0373493696864563
31	0.00001	96	94	0.0373493696864563
31	0.00001	96	59	0.0373493696864563
31	0.00001	96	84	0.0373493696864563
31	0.00001	96	70	0.010554490746589554
31	0.00001	96	28	0.010554490746589554
31	0.00001	96	15	0.010554490746589554
31	0.00001	96	100	0.010554490746589554
31	0.00001	97	74	0.07885970477286156
31	0.00001	97	0	0.06932521089914066
31	0.00001	97	73	0.06932521089914066
31	0.00001	97	7	0.06932521089914066
31	0.00001	97	3	0.06932521089914066
31	0.00001	97	44	0.024768694330738725
31	0.00001	97	4	0.06932521089914066
31	0.00001	97	1	0.06932521089914066
31	0.00001	97	6	0.06932521089914066
31	0.00001	97	2	0.06932521089914066
31	0.00001	97	17	0.04246534047014449
31	0.00001	97	78	0.024768694330738725
31	0.00001	97	82	0.024768694330738725
31	0.00001	97	12	0.024768694330738725
31	0.00001	97	79	0.024768694330738725
31	0.00001	97	42	0.009229373047474428
31	0.00001	97	94	0.016341416368320455
31	0.00001	97	20	0.016341416368320455
31	0.00001	97	77	0.016341416368320455
31	0.00001	97	67	0.009229373047474428
31	0.00001	97	59	0.016341416368320455
31	0.00001	98	74	0.12162639758930337
31	0.00001	98	0	0.12162639758930337
31	0.00001	98	73	0.12162639758930337
31	0.00001	98	7	0.12162639758930337
31	0.00001	98	3	0.12162639758930337
31	0.00001	98	17	0.02354606209807601
31	0.00001	98	4	0.12162639758930337
31	0.00001	98	1	0.12162639758930337
31	0.00001	98	6	0.12162639758930337
31	0.00001	98	2	0.12162639758930337
31	0.00001	98	44	0.00820781063133103
31	0.00001	98	94	0.02354606209807601
31	0.00001	98	20	0.02354606209807601
31	0.00001	98	77	0.02354606209807601
31	0.00001	98	59	0.02354606209807601
31	0.00001	98	84	0.02354606209807601
31	0.00001	98	33	0.02354606209807601
31	0.00001	98	28	0.02354606209807601
31	0.00001	98	15	0.019044254848309496
31	0.00001	98	70	0.019044254848309496
31	0.00001	98	100	0.019044254848309496
31	0.00001	99	74	0.11389260696256692
31	0.00001	99	0	0.11389260696256692
31	0.00001	99	73	0.11389260696256692
31	0.00001	99	7	0.11389260696256692
31	0.00001	99	3	0.11389260696256692
31	0.00001	99	4	0.11389260696256692
31	0.00001	99	1	0.11389260696256692
31	0.00001	99	6	0.11389260696256692
31	0.00001	99	2	0.11389260696256692
31	0.00001	99	17	0.049602625674383595
31	0.00001	99	44	0.01464082432798723
31	0.00001	99	78	0.01464082432798723
31	0.00001	99	42	0.003709366859517669
31	0.00001	99	20	0.049602625674383595
31	0.00001	99	77	0.049602625674383595
31	0.00001	99	59	0.049602625674383595
31	0.00001	99	94	0.049602625674383595
31	0.00001	99	33	0.049602625674383595
31	0.00001	99	28	0.049602625674383595
31	0.00001	99	84	0.049602625674383595
31	0.00001	99	15	0.01464082432798723
31	0.00001	100	74	0.11503516548561304
31	0.00001	100	0	0.11503516548561304
31	0.00001	100	73	0.11503516548561304
31	0.00001	100	7	0.11503516548561304
31	0.00001	100	3	0.11503516548561304
31	0.00001	100	17	0.028876667541092898
31	0.00001	100	4	0.11503516548561304
31	0.00001	100	1	0.11503516548561304
31	0.00001	100	6	0.11503516548561304
31	0.00001	100	2	0.11503516548561304
31	0.00001	100	77	0.028876667541092898
31	0.00001	100	20	0.028876667541092898
31	0.00001	100	94	0.028876667541092898
31	0.00001	100	59	0.028876667541092898
31	0.00001	100	84	0.028876667541092898
31	0.00001	100	28	0.028876667541092898
31	0.00001	100	44	0.010298875281619184
31	0.00001	100	78	0.010298875281619184
31	0.00001	100	15	0.010298875281619184
31	0.00001	100	33	0.010298875281619184
31	0.0001	1	74	0.09445725928673675
31	0.0001	1	0	0.09445725928673675
31	0.0001	1	73	0.09445725928673675
31	0.0001	1	7	0.09445725928673675
31	0.0001	1	3	0.09445725928673675
31	0.0001	1	44	0.013186004310585682
31	0.0001	1	4	0.09445725928673675
31	0.0001	1	1	0.09445725928673675
31	0.0001	1	6	0.09445725928673675
31	0.0001	1	2	0.09445725928673675
31	0.0001	1	17	0.05565532898842749
31	0.0001	1	77	0.05565532898842749
31	0.0001	1	78	0.013186004310585682
31	0.0001	1	59	0.05565532898842749
31	0.0001	1	94	0.05565532898842749
31	0.0001	1	33	0.05565532898842749
31	0.0001	1	20	0.05565532898842749
31	0.0001	1	28	0.05565532898842749
31	0.0001	1	84	0.05565532898842749
31	0.0001	1	100	0.012065690330693362
31	0.0001	2	74	0.09539899341673427
31	0.0001	2	0	0.09539899341673427
31	0.0001	2	73	0.09539899341673427
31	0.0001	2	17	0.051835130239987266
31	0.0001	2	3	0.09539899341673427
31	0.0001	2	7	0.09539899341673427
31	0.0001	2	44	0.012834135606737811
31	0.0001	2	6	0.09539899341673427
31	0.0001	2	2	0.09539899341673427
31	0.0001	2	4	0.09539899341673427
31	0.0001	2	1	0.09539899341673427
31	0.0001	2	78	0.012834135606737811
31	0.0001	2	42	0.003941110959882225
31	0.0001	2	33	0.027959573870480016
31	0.0001	2	59	0.027959573870480016
31	0.0001	2	77	0.027959573870480016
31	0.0001	2	94	0.027959573870480016
31	0.0001	2	84	0.027959573870480016
31	0.0001	2	20	0.027959573870480016
31	0.0001	2	28	0.027959573870480016
31	0.0001	2	15	0.010278990432626462
31	0.0001	3	74	0.09753934270427446
31	0.0001	3	0	0.09753934270427446
31	0.0001	3	73	0.09753934270427446
31	0.0001	3	7	0.09753934270427446
31	0.0001	3	3	0.09753934270427446
31	0.0001	3	44	0.0091964413319738
31	0.0001	3	4	0.09753934270427446
31	0.0001	3	1	0.09753934270427446
31	0.0001	3	6	0.09753934270427446
31	0.0001	3	2	0.09753934270427446
31	0.0001	3	17	0.053359390557162295
31	0.0001	3	77	0.053359390557162295
31	0.0001	3	78	0.00767281632087158
31	0.0001	3	59	0.053359390557162295
31	0.0001	3	94	0.053359390557162295
31	0.0001	3	33	0.053359390557162295
31	0.0001	3	20	0.053359390557162295
31	0.0001	3	28	0.053359390557162295
31	0.0001	3	84	0.053359390557162295
31	0.0001	3	15	0.01180673464890746
31	0.0001	4	74	0.10475584503519131
31	0.0001	4	0	0.10475584503519131
31	0.0001	4	73	0.10475584503519131
31	0.0001	4	7	0.10475584503519131
31	0.0001	4	3	0.10475584503519131
31	0.0001	4	17	0.049787038315701
31	0.0001	4	1	0.10475584503519131
31	0.0001	4	4	0.10475584503519131
31	0.0001	4	6	0.10475584503519131
31	0.0001	4	2	0.10475584503519131
31	0.0001	4	44	0.010680261412011139
31	0.0001	4	78	0.010680261412011139
31	0.0001	4	94	0.03776818380178864
31	0.0001	4	77	0.03776818380178864
31	0.0001	4	59	0.03776818380178864
31	0.0001	4	28	0.03776818380178864
31	0.0001	4	20	0.03776818380178864
31	0.0001	4	33	0.03776818380178864
31	0.0001	4	84	0.01771268684586596
31	0.0001	4	15	0.014136753643886193
31	0.0001	4	70	0.014136753643886193
31	0.0001	5	74	0.09084284496910293
31	0.0001	5	0	0.09084284496910293
31	0.0001	5	73	0.07450583847530755
31	0.0001	5	7	0.07450583847530755
31	0.0001	5	3	0.07450583847530755
31	0.0001	5	4	0.07450583847530755
31	0.0001	5	1	0.07450583847530755
31	0.0001	5	6	0.07450583847530755
31	0.0001	5	2	0.07450583847530755
31	0.0001	5	17	0.05300506228120906
31	0.0001	5	77	0.05300506228120906
31	0.0001	5	33	0.05300506228120906
31	0.0001	5	78	0.01703868014341307
31	0.0001	5	44	0.01703868014341307
31	0.0001	5	94	0.05300506228120906
31	0.0001	5	59	0.05300506228120906
31	0.0001	5	20	0.05300506228120906
31	0.0001	5	28	0.05300506228120906
31	0.0001	5	84	0.05300506228120906
31	0.0001	5	100	0.004953893382614872
31	0.0001	5	15	0.004953893382614872
31	0.0001	6	74	0.10031040709424871
31	0.0001	6	0	0.10031040709424871
31	0.0001	6	73	0.10031040709424871
31	0.0001	6	17	0.05202347744472196
31	0.0001	6	7	0.10031040709424871
31	0.0001	6	3	0.10031040709424871
31	0.0001	6	44	0.01129667031085066
31	0.0001	6	4	0.10031040709424871
31	0.0001	6	1	0.10031040709424871
31	0.0001	6	6	0.10031040709424871
31	0.0001	6	2	0.10031040709424871
31	0.0001	6	77	0.03362489911049253
31	0.0001	6	59	0.03362489911049253
31	0.0001	6	78	0.01129667031085066
31	0.0001	6	33	0.03362489911049253
31	0.0001	6	94	0.03362489911049253
31	0.0001	6	84	0.03362489911049253
31	0.0001	6	20	0.03362489911049253
31	0.0001	6	28	0.03362489911049253
31	0.0001	6	15	0.03362489911049253
31	0.0001	6	70	0.03362489911049253
31	0.0001	6	100	0.03362489911049253
31	0.0001	7	74	0.1587435488025564
31	0.0001	7	0	0.1587435488025564
31	0.0001	7	7	0.10593559622484099
31	0.0001	7	3	0.10593559622484099
31	0.0001	7	44	0.01694593018426086
31	0.0001	7	1	0.10593559622484099
31	0.0001	7	4	0.10593559622484099
31	0.0001	7	6	0.10593559622484099
31	0.0001	7	2	0.10593559622484099
31	0.0001	7	17	0.051262190402652806
31	0.0001	7	77	0.022097023395818226
31	0.0001	7	94	0.022097023395818226
31	0.0001	7	59	0.022097023395818226
31	0.0001	7	84	0.022097023395818226
31	0.0001	7	33	0.022097023395818226
31	0.0001	7	28	0.022097023395818226
31	0.0001	7	78	0.014611389428503208
31	0.0001	7	67	0.014611389428503208
31	0.0001	7	42	0.014611389428503208
31	0.0001	7	82	0.009022937814965626
31	0.0001	8	74	0.11769763649106162
31	0.0001	8	0	0.11769763649106162
31	0.0001	8	73	0.11769763649106162
31	0.0001	8	17	0.03917436921116066
31	0.0001	8	3	0.11769763649106162
31	0.0001	8	7	0.11769763649106162
31	0.0001	8	4	0.11769763649106162
31	0.0001	8	1	0.11769763649106162
31	0.0001	8	6	0.11769763649106162
31	0.0001	8	2	0.11769763649106162
31	0.0001	8	44	0.017847013224067846
31	0.0001	8	78	0.017847013224067846
31	0.0001	8	42	0.01429082708632901
31	0.0001	8	67	0.01429082708632901
31	0.0001	8	77	0.01429082708632901
31	0.0001	8	12	0.01429082708632901
31	0.0001	8	82	0.01429082708632901
31	0.0001	8	59	0.01429082708632901
31	0.0001	8	79	0.01429082708632901
31	0.0001	8	36	0.012989730640235793
31	0.0001	9	74	0.11978622481706307
31	0.0001	9	0	0.11978622481706307
31	0.0001	9	73	0.11978622481706307
31	0.0001	9	7	0.11978622481706307
31	0.0001	9	3	0.11978622481706307
31	0.0001	9	17	0.018149413218141577
31	0.0001	9	1	0.11978622481706307
31	0.0001	9	4	0.11978622481706307
31	0.0001	9	6	0.11978622481706307
31	0.0001	9	2	0.11978622481706307
31	0.0001	9	94	0.018149413218141577
31	0.0001	9	20	0.018149413218141577
31	0.0001	9	59	0.015310900299606113
31	0.0001	9	78	0.015310900299606113
31	0.0001	9	44	0.015310900299606113
31	0.0001	9	84	0.011796185527248733
31	0.0001	9	42	0.008281465872355419
31	0.0001	9	12	0.011796185527248733
31	0.0001	9	82	0.011796185527248733
31	0.0001	9	77	0.008281465872355419
31	0.0001	9	67	0.008281465872355419
31	0.0001	10	74	0.11859848679278107
31	0.0001	10	0	0.11859848679278107
31	0.0001	10	73	0.11859848679278107
31	0.0001	10	7	0.11859848679278107
31	0.0001	10	3	0.11859848679278107
31	0.0001	10	17	0.0441443313577771
31	0.0001	10	4	0.11859848679278107
31	0.0001	10	1	0.11859848679278107
31	0.0001	10	6	0.11859848679278107
31	0.0001	10	2	0.11859848679278107
31	0.0001	10	44	0.010260564607609839
31	0.0001	10	59	0.0441443313577771
31	0.0001	10	94	0.0441443313577771
31	0.0001	10	77	0.0441443313577771
31	0.0001	10	78	0.0062037738403004725
31	0.0001	10	42	0.005340090835129478
31	0.0001	10	28	0.0441443313577771
31	0.0001	10	20	0.0441443313577771
31	0.0001	10	84	0.0441443313577771
31	0.0001	10	33	0.0441443313577771
31	0.0001	10	70	0.007007344634340931
31	0.0001	10	100	0.007007344634340931
31	0.0001	10	15	0.007007344634340931
31	0.0001	11	74	0.09816496853359313
31	0.0001	11	0	0.09816496853359313
31	0.0001	11	73	0.09816496853359313
31	0.0001	11	7	0.09816496853359313
31	0.0001	11	3	0.09816496853359313
31	0.0001	11	1	0.09816496853359313
31	0.0001	11	4	0.09816496853359313
31	0.0001	11	6	0.09816496853359313
31	0.0001	11	2	0.09816496853359313
31	0.0001	11	17	0.04741673468586576
31	0.0001	11	77	0.030794757687890174
31	0.0001	11	44	0.010646992693117365
31	0.0001	11	78	0.010646992693117365
31	0.0001	11	42	0.005304907457965648
31	0.0001	11	59	0.030794757687890174
31	0.0001	11	84	0.030794757687890174
31	0.0001	11	94	0.030794757687890174
31	0.0001	11	33	0.030794757687890174
31	0.0001	11	20	0.030794757687890174
31	0.0001	11	28	0.030794757687890174
31	0.0001	11	100	0.029801386517063367
31	0.0001	11	15	0.014564097945297836
31	0.0001	12	74	0.09888868835328248
31	0.0001	12	0	0.09888868835328248
31	0.0001	12	73	0.09888868835328248
31	0.0001	12	7	0.09888868835328248
31	0.0001	12	3	0.09888868835328248
31	0.0001	12	44	0.012637324504327906
31	0.0001	12	4	0.09888868835328248
31	0.0001	12	1	0.09888868835328248
31	0.0001	12	6	0.09888868835328248
31	0.0001	12	2	0.09888868835328248
31	0.0001	12	17	0.0623571388400847
31	0.0001	12	77	0.0623571388400847
31	0.0001	12	78	0.012637324504327906
31	0.0001	12	20	0.0623571388400847
31	0.0001	12	94	0.0623571388400847
31	0.0001	12	33	0.0623571388400847
31	0.0001	12	59	0.0623571388400847
31	0.0001	12	28	0.0623571388400847
31	0.0001	12	84	0.0623571388400847
31	0.0001	12	42	0.004020124863345437
31	0.0001	13	74	0.08547302449407462
31	0.0001	13	0	0.08547302449407462
31	0.0001	13	73	0.08547302449407462
31	0.0001	13	7	0.08547302449407462
31	0.0001	13	3	0.08547302449407462
31	0.0001	13	17	0.05026264734094347
31	0.0001	13	4	0.08547302449407462
31	0.0001	13	1	0.08547302449407462
31	0.0001	13	6	0.08547302449407462
31	0.0001	13	2	0.08547302449407462
31	0.0001	13	77	0.03000569261159416
31	0.0001	13	33	0.03000569261159416
31	0.0001	13	44	0.011255223977576908
31	0.0001	13	78	0.011255223977576908
31	0.0001	13	59	0.03000569261159416
31	0.0001	13	94	0.03000569261159416
31	0.0001	13	20	0.03000569261159416
31	0.0001	13	84	0.03000569261159416
31	0.0001	13	28	0.03000569261159416
31	0.0001	13	93	0.03000569261159416
31	0.0001	13	15	0.014543013776081548
31	0.0001	13	100	0.011152983049415973
31	0.0001	14	74	0.09166102305145742
31	0.0001	14	0	0.09166102305145742
31	0.0001	14	73	0.09166102305145742
31	0.0001	14	7	0.09166102305145742
31	0.0001	14	3	0.09166102305145742
31	0.0001	14	44	0.010376685442678906
31	0.0001	14	4	0.09166102305145742
31	0.0001	14	1	0.09166102305145742
31	0.0001	14	6	0.09166102305145742
31	0.0001	14	2	0.09166102305145742
31	0.0001	14	17	0.05767235331697318
31	0.0001	14	77	0.048169753580077315
31	0.0001	14	78	0.010376685442678906
31	0.0001	14	94	0.048169753580077315
31	0.0001	14	20	0.048169753580077315
31	0.0001	14	33	0.048169753580077315
31	0.0001	14	59	0.048169753580077315
31	0.0001	14	28	0.048169753580077315
31	0.0001	14	84	0.048169753580077315
31	0.0001	14	15	0.008345431742692965
31	0.0001	15	74	0.11395166387748909
31	0.0001	15	0	0.11395166387748909
31	0.0001	15	73	0.11395166387748909
31	0.0001	15	7	0.11395166387748909
31	0.0001	15	3	0.11395166387748909
31	0.0001	15	17	0.023474521288668317
31	0.0001	15	1	0.11395166387748909
31	0.0001	15	4	0.11395166387748909
31	0.0001	15	6	0.11395166387748909
31	0.0001	15	2	0.11395166387748909
31	0.0001	15	44	0.014818755323264968
31	0.0001	15	67	0.01910319367458328
31	0.0001	15	42	0.01910319367458328
31	0.0001	15	36	0.01036423593159981
31	0.0001	15	78	0.014818755323264968
31	0.0001	15	82	0.009218566466878846
31	0.0001	15	12	0.009218566466878846
31	0.0001	15	77	0.009218566466878846
31	0.0001	15	20	0.008677570343763147
31	0.0001	15	94	0.008677570343763147
31	0.0001	15	59	0.008677570343763147
31	0.0001	15	79	0.009218566466878846
31	0.0001	15	66	0.009218566466878846
31	0.0001	16	74	0.10213464100452004
31	0.0001	16	0	0.10213464100452004
31	0.0001	16	73	0.10213464100452004
31	0.0001	16	7	0.10213464100452004
31	0.0001	16	3	0.10213464100452004
31	0.0001	16	17	0.02545855272713301
31	0.0001	16	1	0.10213464100452004
31	0.0001	16	4	0.10213464100452004
31	0.0001	16	6	0.10213464100452004
31	0.0001	16	2	0.10213464100452004
31	0.0001	16	67	0.021166252451436402
31	0.0001	16	42	0.021166252451436402
31	0.0001	16	36	0.013435424519366749
31	0.0001	16	78	0.02545855272713301
31	0.0001	16	44	0.02545855272713301
31	0.0001	16	59	0.013435424519366749
31	0.0001	16	94	0.013435424519366749
31	0.0001	16	66	0.013435424519366749
31	0.0001	16	33	0.02545855272713301
31	0.0001	16	77	0.02545855272713301
31	0.0001	16	79	0.02545855272713301
31	0.0001	16	12	0.02545855272713301
31	0.0001	16	82	0.02545855272713301
31	0.0001	16	20	0.02545855272713301
31	0.0001	17	74	0.11693868309867196
31	0.0001	17	0	0.11693868309867196
31	0.0001	17	73	0.11693868309867196
31	0.0001	17	17	0.040874414876112805
31	0.0001	17	7	0.11693868309867196
31	0.0001	17	3	0.11693868309867196
31	0.0001	17	42	0.015667371790885613
31	0.0001	17	6	0.11693868309867196
31	0.0001	17	2	0.11693868309867196
31	0.0001	17	1	0.11693868309867196
31	0.0001	17	4	0.11693868309867196
31	0.0001	17	44	0.03145889706003701
31	0.0001	17	78	0.03145889706003701
31	0.0001	17	20	0.015667371790885613
31	0.0001	17	67	0.015667371790885613
31	0.0001	17	77	0.015667371790885613
31	0.0001	17	82	0.005601457041010968
31	0.0001	17	94	0.015667371790885613
31	0.0001	17	79	0.015667371790885613
31	0.0001	17	59	0.015667371790885613
31	0.0001	17	36	0.012553288133194675
31	0.0001	18	74	0.09000611829463366
31	0.0001	18	0	0.09000611829463366
31	0.0001	18	73	0.09000611829463366
31	0.0001	18	7	0.09000611829463366
31	0.0001	18	3	0.09000611829463366
31	0.0001	18	44	0.014107563960928715
31	0.0001	18	4	0.09000611829463366
31	0.0001	18	1	0.09000611829463366
31	0.0001	18	6	0.09000611829463366
31	0.0001	18	2	0.09000611829463366
31	0.0001	18	17	0.051926321352713245
31	0.0001	18	78	0.014107563960928715
31	0.0001	18	77	0.02323804657266115
31	0.0001	18	94	0.02323804657266115
31	0.0001	18	20	0.02323804657266115
31	0.0001	18	33	0.02323804657266115
31	0.0001	18	59	0.02323804657266115
31	0.0001	18	28	0.021944789804189797
31	0.0001	18	84	0.016618661708034912
31	0.0001	18	15	0.013576854014316473
31	0.0001	19	74	0.09487559832977743
31	0.0001	19	0	0.09487559832977743
31	0.0001	19	73	0.06272199834654434
31	0.0001	19	7	0.06272199834654434
31	0.0001	19	3	0.06272199834654434
31	0.0001	19	44	0.011213948968376502
31	0.0001	19	4	0.06272199834654434
31	0.0001	19	1	0.06272199834654434
31	0.0001	19	6	0.06272199834654434
31	0.0001	19	2	0.06272199834654434
31	0.0001	19	17	0.055963793019836415
31	0.0001	19	77	0.042567060145997766
31	0.0001	19	78	0.011213948968376502
31	0.0001	19	42	0.0038046245810485825
31	0.0001	19	59	0.042567060145997766
31	0.0001	19	20	0.042567060145997766
31	0.0001	19	33	0.042567060145997766
31	0.0001	19	94	0.042567060145997766
31	0.0001	19	84	0.042567060145997766
31	0.0001	19	28	0.042567060145997766
31	0.0001	19	15	0.018087435168992715
31	0.0001	19	70	0.018087435168992715
31	0.0001	19	100	0.018087435168992715
31	0.0001	20	74	0.12310854919987843
31	0.0001	20	0	0.12310854919987843
31	0.0001	20	73	0.12310854919987843
31	0.0001	20	7	0.12310854919987843
31	0.0001	20	3	0.12310854919987843
31	0.0001	20	17	0.01874925280336837
31	0.0001	20	4	0.12310854919987843
31	0.0001	20	1	0.12310854919987843
31	0.0001	20	6	0.12310854919987843
31	0.0001	20	2	0.12310854919987843
31	0.0001	20	67	0.01874925280336837
31	0.0001	20	42	0.01874925280336837
31	0.0001	20	36	0.01874925280336837
31	0.0001	20	78	0.01874925280336837
31	0.0001	20	44	0.01874925280336837
31	0.0001	20	82	0.008263517331963196
31	0.0001	20	12	0.008263517331963196
31	0.0001	20	77	0.01874925280336837
31	0.0001	20	20	0.01874925280336837
31	0.0001	20	94	0.01874925280336837
31	0.0001	20	66	0.01874925280336837
31	0.0001	20	59	0.01874925280336837
31	0.0001	20	79	0.008263517331963196
31	0.0001	21	74	0.14440983671682545
31	0.0001	21	0	0.14440983671682545
31	0.0001	21	73	0.14440983671682545
31	0.0001	21	7	0.14440983671682545
31	0.0001	21	3	0.14440983671682545
31	0.0001	21	17	0.02064263447871686
31	0.0001	21	4	0.14440983671682545
31	0.0001	21	1	0.14440983671682545
31	0.0001	21	6	0.14440983671682545
31	0.0001	21	2	0.14440983671682545
31	0.0001	21	44	0.013017842925004606
31	0.0001	21	78	0.013017842925004606
31	0.0001	21	94	0.02064263447871686
31	0.0001	21	20	0.02064263447871686
31	0.0001	21	59	0.02064263447871686
31	0.0001	21	28	0.013017842925004606
31	0.0001	21	42	0.013017842925004606
31	0.0001	21	84	0.013017842925004606
31	0.0001	21	67	0.013017842925004606
31	0.0001	21	77	0.013017842925004606
31	0.0001	22	74	0.10540065215517273
31	0.0001	22	0	0.10540065215517273
31	0.0001	22	73	0.10540065215517273
31	0.0001	22	7	0.10540065215517273
31	0.0001	22	3	0.10540065215517273
31	0.0001	22	44	0.012637416823544755
31	0.0001	22	4	0.10540065215517273
31	0.0001	22	1	0.10540065215517273
31	0.0001	22	6	0.10540065215517273
31	0.0001	22	2	0.10540065215517273
31	0.0001	22	17	0.04792432973590501
31	0.0001	22	77	0.03539532146622669
31	0.0001	22	59	0.03539532146622669
31	0.0001	22	78	0.012637416823544755
31	0.0001	22	42	0.007446151696985493
31	0.0001	22	33	0.03539532146622669
31	0.0001	22	28	0.03539532146622669
31	0.0001	22	94	0.03539532146622669
31	0.0001	22	84	0.03539532146622669
31	0.0001	22	20	0.03539532146622669
31	0.0001	22	70	0.03539532146622669
31	0.0001	22	100	0.03539532146622669
31	0.0001	23	74	0.10982796613434506
31	0.0001	23	0	0.10982796613434506
31	0.0001	23	73	0.10982796613434506
31	0.0001	23	7	0.10982796613434506
31	0.0001	23	3	0.10982796613434506
31	0.0001	23	17	0.0542115316018694
31	0.0001	23	44	0.014580115315684731
31	0.0001	23	6	0.10982796613434506
31	0.0001	23	2	0.10982796613434506
31	0.0001	23	4	0.10982796613434506
31	0.0001	23	1	0.10982796613434506
31	0.0001	23	77	0.038515348245729934
31	0.0001	23	94	0.038515348245729934
31	0.0001	23	59	0.038515348245729934
31	0.0001	23	20	0.038515348245729934
31	0.0001	23	33	0.038515348245729934
31	0.0001	23	84	0.038515348245729934
31	0.0001	23	28	0.038515348245729934
31	0.0001	23	15	0.018254796315805562
31	0.0001	23	70	0.018254796315805562
31	0.0001	23	100	0.018254796315805562
31	0.0001	24	74	0.09908767564837831
31	0.0001	24	0	0.09908767564837831
31	0.0001	24	73	0.09908767564837831
31	0.0001	24	7	0.09908767564837831
31	0.0001	24	3	0.09908767564837831
31	0.0001	24	17	0.03518993211614927
31	0.0001	24	4	0.09908767564837831
31	0.0001	24	1	0.09908767564837831
31	0.0001	24	6	0.09908767564837831
31	0.0001	24	2	0.09908767564837831
31	0.0001	24	44	0.019757367476551185
31	0.0001	24	78	0.019757367476551185
31	0.0001	24	82	0.019757367476551185
31	0.0001	24	12	0.019757367476551185
31	0.0001	24	42	0.019757367476551185
31	0.0001	24	67	0.019757367476551185
31	0.0001	24	20	0.019757367476551185
31	0.0001	24	77	0.019757367476551185
31	0.0001	24	79	0.019757367476551185
31	0.0001	24	59	0.019338177863014568
31	0.0001	24	94	0.019338177863014568
31	0.0001	24	33	0.019338177863014568
31	0.0001	25	74	0.10104554067380571
31	0.0001	25	0	0.10104554067380571
31	0.0001	25	73	0.10104554067380571
31	0.0001	25	7	0.10104554067380571
31	0.0001	25	3	0.10104554067380571
31	0.0001	25	17	0.04528572996507927
31	0.0001	25	4	0.10104554067380571
31	0.0001	25	1	0.10104554067380571
31	0.0001	25	6	0.10104554067380571
31	0.0001	25	2	0.10104554067380571
31	0.0001	25	44	0.019049725052968185
31	0.0001	25	78	0.019049725052968185
31	0.0001	25	42	0.0150383011936198
31	0.0001	25	12	0.0150383011936198
31	0.0001	25	82	0.0150383011936198
31	0.0001	25	77	0.0150383011936198
31	0.0001	25	67	0.0150383011936198
31	0.0001	25	20	0.011710205796840215
31	0.0001	25	79	0.0150383011936198
31	0.0001	25	94	0.010065222731920379
31	0.0001	25	33	0.010065222731920379
31	0.0001	25	59	0.010065222731920379
31	0.0001	26	74	0.11934939641203644
31	0.0001	26	0	0.11934939641203644
31	0.0001	26	73	0.11934939641203644
31	0.0001	26	7	0.11934939641203644
31	0.0001	26	3	0.11934939641203644
31	0.0001	26	17	0.03748095904281465
31	0.0001	26	4	0.11934939641203644
31	0.0001	26	1	0.11934939641203644
31	0.0001	26	6	0.11934939641203644
31	0.0001	26	2	0.11934939641203644
31	0.0001	26	44	0.01208371193834677
31	0.0001	26	78	0.01208371193834677
31	0.0001	26	77	0.0167923065415351
31	0.0001	26	59	0.0167923065415351
31	0.0001	26	94	0.0167923065415351
31	0.0001	26	84	0.005546910954780064
31	0.0001	26	33	0.005546910954780064
31	0.0001	26	42	0.011808646169677936
31	0.0001	26	12	0.011808646169677936
31	0.0001	26	82	0.011808646169677936
31	0.0001	26	67	0.011808646169677936
31	0.0001	26	79	0.010253697841099864
31	0.0001	27	74	0.13133841359069173
31	0.0001	27	0	0.13133841359069173
31	0.0001	27	73	0.13133841359069173
31	0.0001	27	7	0.13133841359069173
31	0.0001	27	3	0.13133841359069173
31	0.0001	27	17	0.03769615551342622
31	0.0001	27	4	0.13133841359069173
31	0.0001	27	1	0.13133841359069173
31	0.0001	27	6	0.13133841359069173
31	0.0001	27	2	0.13133841359069173
31	0.0001	27	94	0.03769615551342622
31	0.0001	27	59	0.03769615551342622
31	0.0001	27	44	0.008619614859966044
31	0.0001	27	84	0.03769615551342622
31	0.0001	27	20	0.03769615551342622
31	0.0001	27	77	0.03769615551342622
31	0.0001	27	33	0.03769615551342622
31	0.0001	27	15	0.03769615551342622
31	0.0001	27	28	0.03769615551342622
31	0.0001	27	100	0.03769615551342622
31	0.0001	27	70	0.03769615551342622
31	0.0001	28	74	0.13668912255427212
31	0.0001	28	0	0.13668912255427212
31	0.0001	28	73	0.13668912255427212
31	0.0001	28	7	0.13668912255427212
31	0.0001	28	3	0.13668912255427212
31	0.0001	28	17	0.02199567192979961
31	0.0001	28	4	0.13668912255427212
31	0.0001	28	1	0.13668912255427212
31	0.0001	28	6	0.13668912255427212
31	0.0001	28	2	0.13668912255427212
31	0.0001	28	20	0.02199567192979961
31	0.0001	28	94	0.02199567192979961
31	0.0001	28	59	0.02199567192979961
31	0.0001	28	84	0.02199567192979961
31	0.0001	28	44	0.012551188421868899
31	0.0001	28	78	0.012551188421868899
31	0.0001	28	28	0.01648895120535549
31	0.0001	28	77	0.01648895120535549
31	0.0001	28	15	0.01648895120535549
31	0.0001	28	33	0.01648895120535549
31	0.0001	28	70	0.01648895120535549
31	0.0001	28	100	0.01648895120535549
31	0.0001	29	74	0.10137057308068248
31	0.0001	29	0	0.10137057308068248
31	0.0001	29	73	0.10137057308068248
31	0.0001	29	7	0.10137057308068248
31	0.0001	29	3	0.10137057308068248
31	0.0001	29	17	0.056386235070375795
31	0.0001	29	4	0.10137057308068248
31	0.0001	29	1	0.10137057308068248
31	0.0001	29	6	0.10137057308068248
31	0.0001	29	2	0.10137057308068248
31	0.0001	29	77	0.056386235070375795
31	0.0001	29	44	0.015937861120616032
31	0.0001	29	78	0.015937861120616032
31	0.0001	29	59	0.056386235070375795
31	0.0001	29	33	0.056386235070375795
31	0.0001	29	20	0.056386235070375795
31	0.0001	29	94	0.056386235070375795
31	0.0001	29	84	0.056386235070375795
31	0.0001	29	28	0.056386235070375795
31	0.0001	29	15	0.009511472385778787
31	0.0001	30	74	0.11822657367139792
31	0.0001	30	0	0.11822657367139792
31	0.0001	30	73	0.11822657367139792
31	0.0001	30	7	0.11822657367139792
31	0.0001	30	3	0.11822657367139792
31	0.0001	30	17	0.025845453222863704
31	0.0001	30	1	0.11822657367139792
31	0.0001	30	4	0.11822657367139792
31	0.0001	30	6	0.11822657367139792
31	0.0001	30	2	0.11822657367139792
31	0.0001	30	94	0.023861561290076282
31	0.0001	30	59	0.023861561290076282
31	0.0001	30	77	0.023861561290076282
31	0.0001	30	44	0.013164003074079778
31	0.0001	30	78	0.013164003074079778
31	0.0001	30	84	0.023861561290076282
31	0.0001	30	28	0.023861561290076282
31	0.0001	30	20	0.023861561290076282
31	0.0001	30	33	0.023861561290076282
31	0.0001	30	15	0.01690280227280009
31	0.0001	30	70	0.01690280227280009
31	0.0001	30	100	0.01690280227280009
31	0.0001	31	74	0.10541840954856214
31	0.0001	31	0	0.10541840954856214
31	0.0001	31	73	0.10541840954856214
31	0.0001	31	7	0.10541840954856214
31	0.0001	31	3	0.10541840954856214
31	0.0001	31	17	0.057446771296782766
31	0.0001	31	4	0.10541840954856214
31	0.0001	31	1	0.10541840954856214
31	0.0001	31	6	0.10541840954856214
31	0.0001	31	2	0.10541840954856214
31	0.0001	31	44	0.010719465964742587
31	0.0001	31	78	0.010495182167120636
31	0.0001	31	94	0.039526718156456066
31	0.0001	31	77	0.039526718156456066
31	0.0001	31	59	0.039526718156456066
31	0.0001	31	20	0.039526718156456066
31	0.0001	31	33	0.039526718156456066
31	0.0001	31	28	0.039526718156456066
31	0.0001	31	84	0.039526718156456066
31	0.0001	31	70	0.011408945810216807
31	0.0001	32	74	0.10833999448683157
31	0.0001	32	0	0.10833999448683157
31	0.0001	32	73	0.10833999448683157
31	0.0001	32	17	0.033919555662284
31	0.0001	32	3	0.10833999448683157
31	0.0001	32	7	0.10833999448683157
31	0.0001	32	4	0.10833999448683157
31	0.0001	32	1	0.10833999448683157
31	0.0001	32	6	0.10833999448683157
31	0.0001	32	2	0.10833999448683157
31	0.0001	32	44	0.018267967396159945
31	0.0001	32	78	0.018267967396159945
31	0.0001	32	42	0.016815173785469283
31	0.0001	32	67	0.016815173785469283
31	0.0001	32	77	0.012449480009759088
31	0.0001	32	36	0.012449480009759088
31	0.0001	32	12	0.012449480009759088
31	0.0001	32	82	0.012449480009759088
31	0.0001	32	79	0.012308246048545033
31	0.0001	32	20	0.008482618634450252
31	0.0001	32	94	0.008482618634450252
31	0.0001	32	33	0.008482618634450252
31	0.0001	32	59	0.008482618634450252
31	0.0001	33	74	0.09252809472240525
31	0.0001	33	0	0.09252809472240525
31	0.0001	33	73	0.09252809472240525
31	0.0001	33	7	0.09252809472240525
31	0.0001	33	3	0.09252809472240525
31	0.0001	33	17	0.05040339307992239
31	0.0001	33	4	0.09252809472240525
31	0.0001	33	1	0.09252809472240525
31	0.0001	33	6	0.09252809472240525
31	0.0001	33	2	0.09252809472240525
31	0.0001	33	77	0.031013569898020243
31	0.0001	33	44	0.0087266971392654
31	0.0001	33	59	0.031013569898020243
31	0.0001	33	20	0.031013569898020243
31	0.0001	33	33	0.031013569898020243
31	0.0001	33	94	0.031013569898020243
31	0.0001	33	28	0.031013569898020243
31	0.0001	33	84	0.031013569898020243
31	0.0001	33	70	0.0266287052070836
31	0.0001	33	15	0.0266287052070836
31	0.0001	34	74	0.09163121413783615
31	0.0001	34	0	0.09163121413783615
31	0.0001	34	73	0.09163121413783615
31	0.0001	34	7	0.09163121413783615
31	0.0001	34	3	0.09163121413783615
31	0.0001	34	44	0.011575219630346648
31	0.0001	34	4	0.09163121413783615
31	0.0001	34	1	0.09163121413783615
31	0.0001	34	6	0.09163121413783615
31	0.0001	34	2	0.09163121413783615
31	0.0001	34	17	0.04677038393921519
31	0.0001	34	77	0.04677038393921519
31	0.0001	34	20	0.04677038393921519
31	0.0001	34	78	0.011575219630346648
31	0.0001	34	94	0.04677038393921519
31	0.0001	34	59	0.04677038393921519
31	0.0001	34	33	0.04677038393921519
31	0.0001	34	84	0.04677038393921519
31	0.0001	34	28	0.04677038393921519
31	0.0001	34	15	0.009800468337168305
31	0.0001	35	74	0.1293837792343739
31	0.0001	35	0	0.1293837792343739
31	0.0001	35	73	0.1293837792343739
31	0.0001	35	7	0.1293837792343739
31	0.0001	35	3	0.1293837792343739
31	0.0001	35	44	0.018263358650094316
31	0.0001	35	4	0.1293837792343739
31	0.0001	35	1	0.1293837792343739
31	0.0001	35	6	0.1293837792343739
31	0.0001	35	2	0.1293837792343739
31	0.0001	35	20	0.035634754202738726
31	0.0001	35	17	0.035634754202738726
31	0.0001	35	94	0.035634754202738726
31	0.0001	35	59	0.035634754202738726
31	0.0001	35	78	0.018263358650094316
31	0.0001	35	82	0.0073105840322857454
31	0.0001	35	12	0.0073105840322857454
31	0.0001	35	28	0.0073105840322857454
31	0.0001	35	79	0.0064496826492112
31	0.0001	35	67	0.0068613253626406264
31	0.0001	35	42	0.0068613253626406264
31	0.0001	36	74	0.09918003719525514
31	0.0001	36	0	0.09918003719525514
31	0.0001	36	73	0.05728882873053854
31	0.0001	36	7	0.05893892639096761
31	0.0001	36	3	0.05893892639096761
31	0.0001	36	17	0.05243756930253052
31	0.0001	36	4	0.05893892639096761
31	0.0001	36	1	0.05893892639096761
31	0.0001	36	6	0.05893892639096761
31	0.0001	36	2	0.05893892639096761
31	0.0001	36	77	0.034503186521622646
31	0.0001	36	44	0.014293765570502144
31	0.0001	36	78	0.014293765570502144
31	0.0001	36	20	0.034503186521622646
31	0.0001	36	33	0.034503186521622646
31	0.0001	36	59	0.034503186521622646
31	0.0001	36	94	0.034503186521622646
31	0.0001	36	84	0.034503186521622646
31	0.0001	36	28	0.034503186521622646
31	0.0001	36	15	0.009311230280169698
31	0.0001	37	74	0.12718705334900557
31	0.0001	37	0	0.12718705334900557
31	0.0001	37	73	0.12718705334900557
31	0.0001	37	7	0.12718705334900557
31	0.0001	37	3	0.12718705334900557
31	0.0001	37	17	0.022828040961955395
31	0.0001	37	1	0.12718705334900557
31	0.0001	37	4	0.12718705334900557
31	0.0001	37	6	0.12718705334900557
31	0.0001	37	2	0.12718705334900557
31	0.0001	37	20	0.022828040961955395
31	0.0001	37	94	0.022828040961955395
31	0.0001	37	59	0.02272941637010996
31	0.0001	37	44	0.010903764675936026
31	0.0001	37	77	0.02272941637010996
31	0.0001	37	84	0.02272941637010996
31	0.0001	37	28	0.02272941637010996
31	0.0001	37	33	0.02272941637010996
31	0.0001	37	78	0.010903764675936026
31	0.0001	37	15	0.0045826610800917
31	0.0001	38	74	0.09103071072560197
31	0.0001	38	0	0.09103071072560197
31	0.0001	38	73	0.09103071072560197
31	0.0001	38	7	0.09103071072560197
31	0.0001	38	3	0.09103071072560197
31	0.0001	38	17	0.054677148514114926
31	0.0001	38	4	0.09103071072560197
31	0.0001	38	1	0.09103071072560197
31	0.0001	38	6	0.09103071072560197
31	0.0001	38	2	0.09103071072560197
31	0.0001	38	77	0.054677148514114926
31	0.0001	38	59	0.054677148514114926
31	0.0001	38	44	0.010110711908751407
31	0.0001	38	78	0.008109447245382245
31	0.0001	38	94	0.054677148514114926
31	0.0001	38	20	0.054677148514114926
31	0.0001	38	33	0.054677148514114926
31	0.0001	38	84	0.054677148514114926
31	0.0001	38	28	0.054677148514114926
31	0.0001	38	100	0.009040902881987022
31	0.0001	38	15	0.009040902881987022
31	0.0001	39	74	0.09168924388037768
31	0.0001	39	0	0.09168924388037768
31	0.0001	39	73	0.09168924388037768
31	0.0001	39	7	0.09168924388037768
31	0.0001	39	3	0.09168924388037768
31	0.0001	39	44	0.01649041531305868
31	0.0001	39	4	0.09168924388037768
31	0.0001	39	1	0.09168924388037768
31	0.0001	39	2	0.09168924388037768
31	0.0001	39	6	0.09168924388037768
31	0.0001	39	17	0.052842583957237996
31	0.0001	39	77	0.052842583957237996
31	0.0001	39	78	0.01649041531305868
31	0.0001	39	42	0.003047106918181003
31	0.0001	39	20	0.052842583957237996
31	0.0001	39	94	0.052842583957237996
31	0.0001	39	59	0.052842583957237996
31	0.0001	39	33	0.052842583957237996
31	0.0001	39	28	0.052842583957237996
31	0.0001	39	84	0.052842583957237996
31	0.0001	39	15	0.010325527330935218
31	0.0001	40	74	0.0845522960516484
31	0.0001	40	0	0.0845522960516484
31	0.0001	40	73	0.0845522960516484
31	0.0001	40	7	0.0845522960516484
31	0.0001	40	3	0.0845522960516484
31	0.0001	40	44	0.012420088270609983
31	0.0001	40	4	0.0845522960516484
31	0.0001	40	1	0.0845522960516484
31	0.0001	40	6	0.0845522960516484
31	0.0001	40	2	0.0845522960516484
31	0.0001	40	17	0.04632963619978927
31	0.0001	40	77	0.03236043573503231
31	0.0001	40	78	0.012420088270609983
31	0.0001	40	42	0.0037909995679223317
31	0.0001	40	67	0.001989881260491561
31	0.0001	40	84	0.03236043573503231
31	0.0001	40	20	0.03236043573503231
31	0.0001	40	94	0.03236043573503231
31	0.0001	40	59	0.03236043573503231
31	0.0001	40	33	0.03236043573503231
31	0.0001	40	28	0.03236043573503231
31	0.0001	40	100	0.03236043573503231
31	0.0001	40	15	0.011665391994982217
31	0.0001	41	74	0.13910089486913743
31	0.0001	41	0	0.13910089486913743
31	0.0001	41	73	0.13910089486913743
31	0.0001	41	7	0.13910089486913743
31	0.0001	41	3	0.13910089486913743
31	0.0001	41	1	0.13910089486913743
31	0.0001	41	4	0.13910089486913743
31	0.0001	41	6	0.13910089486913743
31	0.0001	41	2	0.13910089486913743
31	0.0001	41	17	0.01773314576924654
31	0.0001	41	44	0.01773314576924654
31	0.0001	41	78	0.01773314576924654
31	0.0001	41	77	0.0175542901322034
31	0.0001	41	20	0.0175542901322034
31	0.0001	41	82	0.0175542901322034
31	0.0001	41	12	0.0175542901322034
31	0.0001	41	79	0.0175542901322034
31	0.0001	41	67	0.013005048148326466
31	0.0001	41	42	0.013005048148326466
31	0.0001	41	94	0.0175542901322034
31	0.0001	41	59	0.0175542901322034
31	0.0001	41	84	0.0175542901322034
31	0.0001	42	74	0.11676075782207729
31	0.0001	42	0	0.11676075782207729
31	0.0001	42	73	0.11676075782207729
31	0.0001	42	17	0.048468957951097916
31	0.0001	42	7	0.11676075782207729
31	0.0001	42	3	0.11676075782207729
31	0.0001	42	44	0.018278174107211935
31	0.0001	42	6	0.11676075782207729
31	0.0001	42	2	0.11676075782207729
31	0.0001	42	4	0.11676075782207729
31	0.0001	42	1	0.11676075782207729
31	0.0001	42	78	0.018278174107211935
31	0.0001	42	42	0.0395494998751484
31	0.0001	42	77	0.0395494998751484
31	0.0001	42	67	0.0395494998751484
31	0.0001	42	82	0.015978878368750265
31	0.0001	42	12	0.015978878368750265
31	0.0001	42	79	0.00827319931916616
31	0.0001	42	59	0.0395494998751484
31	0.0001	42	28	0.0395494998751484
31	0.0001	42	94	0.0395494998751484
31	0.0001	42	66	0.0395494998751484
31	0.0001	42	20	0.0395494998751484
31	0.0001	42	36	0.0395494998751484
31	0.0001	42	33	0.0395494998751484
31	0.0001	43	74	0.1262312146360344
31	0.0001	43	0	0.1262312146360344
31	0.0001	43	73	0.1262312146360344
31	0.0001	43	7	0.1262312146360344
31	0.0001	43	3	0.1262312146360344
31	0.0001	43	17	0.043521263779244666
31	0.0001	43	4	0.1262312146360344
31	0.0001	43	1	0.1262312146360344
31	0.0001	43	6	0.1262312146360344
31	0.0001	43	2	0.1262312146360344
31	0.0001	43	44	0.021470103252196327
31	0.0001	43	78	0.021470103252196327
31	0.0001	43	12	0.021470103252196327
31	0.0001	43	82	0.021470103252196327
31	0.0001	43	77	0.021470103252196327
31	0.0001	43	59	0.021470103252196327
31	0.0001	43	67	0.00875965899834523
31	0.0001	43	42	0.00875965899834523
31	0.0001	43	94	0.021470103252196327
31	0.0001	43	79	0.021470103252196327
31	0.0001	43	33	0.021470103252196327
31	0.0001	43	28	0.021470103252196327
31	0.0001	44	74	0.1306203371460862
31	0.0001	44	0	0.1306203371460862
31	0.0001	44	73	0.1306203371460862
31	0.0001	44	7	0.1306203371460862
31	0.0001	44	3	0.1306203371460862
31	0.0001	44	17	0.04253553171216928
31	0.0001	44	4	0.1306203371460862
31	0.0001	44	1	0.1306203371460862
31	0.0001	44	6	0.1306203371460862
31	0.0001	44	2	0.1306203371460862
31	0.0001	44	59	0.04253553171216928
31	0.0001	44	94	0.04253553171216928
31	0.0001	44	44	0.012915912033043958
31	0.0001	44	78	0.012915912033043958
31	0.0001	44	77	0.04253553171216928
31	0.0001	44	42	0.00452151415955853
31	0.0001	44	33	0.04253553171216928
31	0.0001	44	20	0.04253553171216928
31	0.0001	44	84	0.04253553171216928
31	0.0001	44	28	0.04253553171216928
31	0.0001	45	74	0.1299753499344549
31	0.0001	45	0	0.1299753499344549
31	0.0001	45	73	0.1299753499344549
31	0.0001	45	7	0.1299753499344549
31	0.0001	45	3	0.1299753499344549
31	0.0001	45	17	0.0239048848296623
31	0.0001	45	4	0.1299753499344549
31	0.0001	45	1	0.1299753499344549
31	0.0001	45	6	0.1299753499344549
31	0.0001	45	2	0.1299753499344549
31	0.0001	45	44	0.016222804329168776
31	0.0001	45	78	0.016222804329168776
31	0.0001	45	20	0.016222804329168776
31	0.0001	45	67	0.016222804329168776
31	0.0001	45	42	0.016222804329168776
31	0.0001	45	59	0.016222804329168776
31	0.0001	45	82	0.011861908348166096
31	0.0001	45	79	0.011861908348166096
31	0.0001	45	77	0.016222804329168776
31	0.0001	45	12	0.011861908348166096
31	0.0001	45	66	0.016222804329168776
31	0.0001	45	36	0.016222804329168776
31	0.0001	46	74	0.11800417209110117
31	0.0001	46	0	0.11800417209110117
31	0.0001	46	73	0.11800417209110117
31	0.0001	46	7	0.11800417209110117
31	0.0001	46	3	0.11800417209110117
31	0.0001	46	1	0.11800417209110117
31	0.0001	46	4	0.11800417209110117
31	0.0001	46	6	0.11800417209110117
31	0.0001	46	2	0.11800417209110117
31	0.0001	46	17	0.041911071758819474
31	0.0001	46	44	0.014143165027925175
31	0.0001	46	78	0.014143165027925175
31	0.0001	46	77	0.03971868836817092
31	0.0001	46	94	0.03971868836817092
31	0.0001	46	59	0.03971868836817092
31	0.0001	46	28	0.03971868836817092
31	0.0001	46	84	0.03971868836817092
31	0.0001	46	33	0.03971868836817092
31	0.0001	46	20	0.03971868836817092
31	0.0001	46	42	0.004427568165452919
31	0.0001	47	74	0.12702410448500115
31	0.0001	47	0	0.12702410448500115
31	0.0001	47	73	0.12702410448500115
31	0.0001	47	17	0.017226800926425704
31	0.0001	47	3	0.12702410448500115
31	0.0001	47	7	0.12702410448500115
31	0.0001	47	4	0.12702410448500115
31	0.0001	47	1	0.12702410448500115
31	0.0001	47	6	0.12702410448500115
31	0.0001	47	2	0.12702410448500115
31	0.0001	47	94	0.01416445627645063
31	0.0001	47	44	0.01143479291767204
31	0.0001	47	78	0.01143479291767204
31	0.0001	47	59	0.01143479291767204
31	0.0001	47	82	0.01143479291767204
31	0.0001	47	67	0.01143479291767204
31	0.0001	47	42	0.01143479291767204
31	0.0001	47	77	0.01143479291767204
31	0.0001	47	12	0.01143479291767204
31	0.0001	47	79	0.008239778807538406
31	0.0001	48	74	0.12052467070463584
31	0.0001	48	0	0.12052467070463584
31	0.0001	48	73	0.12052467070463584
31	0.0001	48	7	0.12052467070463584
31	0.0001	48	3	0.12052467070463584
31	0.0001	48	44	0.01035811230867263
31	0.0001	48	4	0.12052467070463584
31	0.0001	48	1	0.12052467070463584
31	0.0001	48	2	0.12052467070463584
31	0.0001	48	6	0.12052467070463584
31	0.0001	48	17	0.026087950542720485
31	0.0001	48	20	0.026087950542720485
31	0.0001	48	59	0.026087950542720485
31	0.0001	48	94	0.026087950542720485
31	0.0001	48	84	0.026087950542720485
31	0.0001	48	77	0.026087950542720485
31	0.0001	48	28	0.026087950542720485
31	0.0001	48	33	0.026087950542720485
31	0.0001	48	78	0.01035811230867263
31	0.0001	48	100	0.018450761920599832
31	0.0001	48	70	0.018450761920599832
31	0.0001	48	15	0.018450761920599832
31	0.0001	49	74	0.09779719602477357
31	0.0001	49	0	0.09779719602477357
31	0.0001	49	73	0.09779719602477357
31	0.0001	49	7	0.09779719602477357
31	0.0001	49	3	0.09779719602477357
31	0.0001	49	44	0.009322033242285819
31	0.0001	49	4	0.09779719602477357
31	0.0001	49	1	0.09779719602477357
31	0.0001	49	6	0.09779719602477357
31	0.0001	49	2	0.09779719602477357
31	0.0001	49	17	0.054628310897841495
31	0.0001	49	77	0.054628310897841495
31	0.0001	49	59	0.054628310897841495
31	0.0001	49	78	0.009322033242285819
31	0.0001	49	33	0.054628310897841495
31	0.0001	49	20	0.054628310897841495
31	0.0001	49	94	0.054628310897841495
31	0.0001	49	84	0.054628310897841495
31	0.0001	49	28	0.054628310897841495
31	0.0001	49	15	0.009322033242285819
31	0.0001	50	74	0.13649976305470626
31	0.0001	50	0	0.13649976305470626
31	0.0001	50	73	0.13649976305470626
31	0.0001	50	7	0.13649976305470626
31	0.0001	50	3	0.13649976305470626
31	0.0001	50	17	0.03340000448071384
31	0.0001	50	4	0.13649976305470626
31	0.0001	50	1	0.13649976305470626
31	0.0001	50	6	0.13649976305470626
31	0.0001	50	2	0.13649976305470626
31	0.0001	50	59	0.03340000448071384
31	0.0001	50	20	0.03340000448071384
31	0.0001	50	78	0.010685539219336676
31	0.0001	50	44	0.010685539219336676
31	0.0001	50	94	0.03340000448071384
31	0.0001	50	28	0.03340000448071384
31	0.0001	50	77	0.03340000448071384
31	0.0001	50	84	0.03340000448071384
31	0.0001	50	33	0.03340000448071384
31	0.0001	50	100	0.022866046250353312
31	0.0001	50	15	0.011043702030910166
31	0.0001	51	74	0.1536292389371722
31	0.0001	51	0	0.1536292389371722
31	0.0001	51	73	0.1536292389371722
31	0.0001	51	7	0.1536292389371722
31	0.0001	51	3	0.1536292389371722
31	0.0001	51	17	0.034666718228090566
31	0.0001	51	4	0.1536292389371722
31	0.0001	51	1	0.1536292389371722
31	0.0001	51	6	0.1536292389371722
31	0.0001	51	2	0.1536292389371722
31	0.0001	51	44	0.018271986432106216
31	0.0001	51	59	0.034666718228090566
31	0.0001	51	94	0.034666718228090566
31	0.0001	51	78	0.018271986432106216
31	0.0001	51	82	0.009870330005866625
31	0.0001	51	42	0.011652512700192491
31	0.0001	51	84	0.011652512700192491
31	0.0001	51	67	0.011652512700192491
31	0.0001	51	12	0.009870330005866625
31	0.0001	51	28	0.011652512700192491
31	0.0001	51	77	0.011652512700192491
31	0.0001	51	79	0.007978657477604456
31	0.0001	52	74	0.11606471919288083
31	0.0001	52	0	0.11606471919288083
31	0.0001	52	73	0.11606471919288083
31	0.0001	52	7	0.11606471919288083
31	0.0001	52	3	0.11606471919288083
31	0.0001	52	17	0.03965468038710398
31	0.0001	52	4	0.11606471919288083
31	0.0001	52	1	0.11606471919288083
31	0.0001	52	6	0.11606471919288083
31	0.0001	52	2	0.11606471919288083
31	0.0001	52	44	0.01261697872645736
31	0.0001	52	78	0.01261697872645736
31	0.0001	52	77	0.03965468038710398
31	0.0001	52	94	0.03965468038710398
31	0.0001	52	59	0.03965468038710398
31	0.0001	52	20	0.03965468038710398
31	0.0001	52	28	0.03965468038710398
31	0.0001	52	84	0.03965468038710398
31	0.0001	52	33	0.03965468038710398
31	0.0001	52	70	0.008044566694432908
31	0.0001	52	100	0.008044566694432908
31	0.0001	52	15	0.008044566694432908
31	0.0001	53	74	0.10593381157798093
31	0.0001	53	0	0.10593381157798093
31	0.0001	53	73	0.052223847303580234
31	0.0001	53	7	0.06902944180461389
31	0.0001	53	3	0.06902944180461389
31	0.0001	53	44	0.016214662832313324
31	0.0001	53	4	0.06902944180461389
31	0.0001	53	1	0.06902944180461389
31	0.0001	53	6	0.06902944180461389
31	0.0001	53	2	0.06902944180461389
31	0.0001	53	17	0.05043803173985916
31	0.0001	53	78	0.016214662832313324
31	0.0001	53	77	0.023637423286471865
31	0.0001	53	94	0.023637423286471865
31	0.0001	53	59	0.023637423286471865
31	0.0001	53	84	0.023637423286471865
31	0.0001	53	20	0.023637423286471865
31	0.0001	53	33	0.023637423286471865
31	0.0001	53	28	0.023637423286471865
31	0.0001	53	15	0.023637423286471865
31	0.0001	53	70	0.023637423286471865
31	0.0001	53	100	0.023637423286471865
31	0.0001	54	74	0.12890437902288096
31	0.0001	54	0	0.12890437902288096
31	0.0001	54	73	0.12890437902288096
31	0.0001	54	7	0.12890437902288096
31	0.0001	54	3	0.12890437902288096
31	0.0001	54	1	0.12890437902288096
31	0.0001	54	4	0.12890437902288096
31	0.0001	54	2	0.12890437902288096
31	0.0001	54	6	0.12890437902288096
31	0.0001	54	17	0.03963068923404844
31	0.0001	54	44	0.01611954574339116
31	0.0001	54	78	0.01611954574339116
31	0.0001	54	42	0.0034803653070092887
31	0.0001	54	77	0.03963068923404844
31	0.0001	54	94	0.03963068923404844
31	0.0001	54	59	0.03963068923404844
31	0.0001	54	20	0.03963068923404844
31	0.0001	54	33	0.03963068923404844
31	0.0001	54	28	0.03963068923404844
31	0.0001	54	84	0.03963068923404844
31	0.0001	55	74	0.1421310848192013
31	0.0001	55	0	0.1421310848192013
31	0.0001	55	73	0.1421310848192013
31	0.0001	55	7	0.1421310848192013
31	0.0001	55	3	0.1421310848192013
31	0.0001	55	17	0.035326073995146805
31	0.0001	55	4	0.1421310848192013
31	0.0001	55	1	0.1421310848192013
31	0.0001	55	6	0.1421310848192013
31	0.0001	55	2	0.1421310848192013
31	0.0001	55	44	0.015609405013503563
31	0.0001	55	78	0.015609405013503563
31	0.0001	55	42	0.0027349765696758205
31	0.0001	55	77	0.035326073995146805
31	0.0001	55	20	0.035326073995146805
31	0.0001	55	59	0.035326073995146805
31	0.0001	55	94	0.035326073995146805
31	0.0001	55	28	0.035326073995146805
31	0.0001	55	93	0.035326073995146805
31	0.0001	55	84	0.035326073995146805
31	0.0001	55	33	0.035326073995146805
31	0.0001	56	74	0.09720252038627587
31	0.0001	56	0	0.09720252038627587
31	0.0001	56	73	0.09720252038627587
31	0.0001	56	7	0.09720252038627587
31	0.0001	56	3	0.09720252038627587
31	0.0001	56	17	0.06039481088722071
31	0.0001	56	1	0.09720252038627587
31	0.0001	56	4	0.09720252038627587
31	0.0001	56	6	0.09720252038627587
31	0.0001	56	2	0.09720252038627587
31	0.0001	56	77	0.06039481088722071
31	0.0001	56	44	0.011432481331440201
31	0.0001	56	78	0.011432481331440201
31	0.0001	56	42	0.003710765768580813
31	0.0001	56	20	0.06039481088722071
31	0.0001	56	33	0.06039481088722071
31	0.0001	56	94	0.06039481088722071
31	0.0001	56	59	0.06039481088722071
31	0.0001	56	84	0.06039481088722071
31	0.0001	56	28	0.06039481088722071
31	0.0001	56	100	0.015287912646032659
31	0.0001	56	15	0.015287912646032659
31	0.0001	57	74	0.09495005538707178
31	0.0001	57	0	0.09495005538707178
31	0.0001	57	73	0.09495005538707178
31	0.0001	57	17	0.04585057655860855
31	0.0001	57	7	0.09424504511933642
31	0.0001	57	3	0.09424504511933642
31	0.0001	57	44	0.011838482702300788
31	0.0001	57	4	0.09424504511933642
31	0.0001	57	1	0.09424504511933642
31	0.0001	57	6	0.09424504511933642
31	0.0001	57	2	0.09424504511933642
31	0.0001	57	78	0.011838482702300788
31	0.0001	57	77	0.038408009778284714
31	0.0001	57	59	0.038408009778284714
31	0.0001	57	94	0.038408009778284714
31	0.0001	57	20	0.038408009778284714
31	0.0001	57	33	0.038408009778284714
31	0.0001	57	84	0.038408009778284714
31	0.0001	57	28	0.038408009778284714
31	0.0001	57	15	0.01727152250244973
31	0.0001	58	74	0.09543236416169347
31	0.0001	58	0	0.05991276759364714
31	0.0001	58	73	0.05991276759364714
31	0.0001	58	7	0.05991276759364714
31	0.0001	58	3	0.05991276759364714
31	0.0001	58	44	0.012748163869705918
31	0.0001	58	4	0.05991276759364714
31	0.0001	58	1	0.05991276759364714
31	0.0001	58	6	0.05991276759364714
31	0.0001	58	2	0.05991276759364714
31	0.0001	58	17	0.05179329811391089
31	0.0001	58	77	0.038905471782214734
31	0.0001	58	33	0.038905471782214734
31	0.0001	58	78	0.012748163869705918
31	0.0001	58	20	0.038905471782214734
31	0.0001	58	94	0.038905471782214734
31	0.0001	58	59	0.038905471782214734
31	0.0001	58	84	0.038905471782214734
31	0.0001	58	28	0.038905471782214734
31	0.0001	58	100	0.006828944082716543
31	0.0001	59	74	0.09521482873599682
31	0.0001	59	0	0.06124903420751281
31	0.0001	59	73	0.06124903420751281
31	0.0001	59	17	0.0479994331238443
31	0.0001	59	7	0.06124903420751281
31	0.0001	59	3	0.06124903420751281
31	0.0001	59	77	0.03124907508307987
31	0.0001	59	6	0.06124903420751281
31	0.0001	59	2	0.06124903420751281
31	0.0001	59	4	0.06124903420751281
31	0.0001	59	1	0.06124903420751281
31	0.0001	59	44	0.014706860694763412
31	0.0001	59	78	0.014706860694763412
31	0.0001	59	33	0.03124907508307987
31	0.0001	59	59	0.03124907508307987
31	0.0001	59	20	0.03124907508307987
31	0.0001	59	94	0.03124907508307987
31	0.0001	59	84	0.03124907508307987
31	0.0001	59	28	0.03124907508307987
31	0.0001	59	15	0.014310475546587419
31	0.0001	60	74	0.11678095913358615
31	0.0001	60	0	0.11678095913358615
31	0.0001	60	73	0.11678095913358615
31	0.0001	60	7	0.11678095913358615
31	0.0001	60	3	0.11678095913358615
31	0.0001	60	17	0.03898418155106733
31	0.0001	60	4	0.11678095913358615
31	0.0001	60	1	0.11678095913358615
31	0.0001	60	6	0.11678095913358615
31	0.0001	60	2	0.11678095913358615
31	0.0001	60	44	0.011001057315335136
31	0.0001	60	78	0.008752257126793958
31	0.0001	60	42	0.0033495514586953288
31	0.0001	60	77	0.03898418155106733
31	0.0001	60	20	0.03898418155106733
31	0.0001	60	94	0.03898418155106733
31	0.0001	60	59	0.03898418155106733
31	0.0001	60	84	0.03898418155106733
31	0.0001	60	28	0.03898418155106733
31	0.0001	60	33	0.03898418155106733
31	0.0001	60	15	0.015411013637770286
31	0.0001	61	74	0.13366060700477456
31	0.0001	61	0	0.13366060700477456
31	0.0001	61	73	0.13366060700477456
31	0.0001	61	7	0.13366060700477456
31	0.0001	61	3	0.13366060700477456
31	0.0001	61	17	0.0217600053526541
31	0.0001	61	1	0.13366060700477456
31	0.0001	61	4	0.13366060700477456
31	0.0001	61	6	0.13366060700477456
31	0.0001	61	2	0.13366060700477456
31	0.0001	61	44	0.0217600053526541
31	0.0001	61	78	0.0217600053526541
31	0.0001	61	42	0.0217600053526541
31	0.0001	61	12	0.0217600053526541
31	0.0001	61	82	0.0217600053526541
31	0.0001	61	79	0.0217600053526541
31	0.0001	61	77	0.0217600053526541
31	0.0001	61	94	0.012574678565693328
31	0.0001	61	67	0.0217600053526541
31	0.0001	61	20	0.012574678565693328
31	0.0001	61	33	0.012574678565693328
31	0.0001	61	59	0.012574678565693328
31	0.0001	62	74	0.0956645909693941
31	0.0001	62	0	0.0956645909693941
31	0.0001	62	73	0.0956645909693941
31	0.0001	62	7	0.0956645909693941
31	0.0001	62	3	0.0956645909693941
31	0.0001	62	44	0.01909681891493147
31	0.0001	62	1	0.0956645909693941
31	0.0001	62	4	0.0956645909693941
31	0.0001	62	6	0.0956645909693941
31	0.0001	62	2	0.0956645909693941
31	0.0001	62	17	0.050291514710183796
31	0.0001	62	78	0.01909681891493147
31	0.0001	62	77	0.03626825675396238
31	0.0001	62	33	0.03626825675396238
31	0.0001	62	20	0.03626825675396238
31	0.0001	62	94	0.03626825675396238
31	0.0001	62	59	0.03626825675396238
31	0.0001	62	84	0.03626825675396238
31	0.0001	62	42	0.0015616196576486066
31	0.0001	62	15	0.014285633806537763
31	0.0001	62	28	0.014285633806537763
31	0.0001	63	74	0.09300922450061064
31	0.0001	63	0	0.09291794483354253
31	0.0001	63	73	0.09291794483354253
31	0.0001	63	7	0.09291794483354253
31	0.0001	63	3	0.09291794483354253
31	0.0001	63	1	0.09291794483354253
31	0.0001	63	4	0.09291794483354253
31	0.0001	63	6	0.09291794483354253
31	0.0001	63	2	0.09291794483354253
31	0.0001	63	17	0.04935882265001583
31	0.0001	63	77	0.020471862490205443
31	0.0001	63	44	0.017413287762476633
31	0.0001	63	78	0.017413287762476633
31	0.0001	63	94	0.02022348889727234
31	0.0001	63	33	0.02022348889727234
31	0.0001	63	59	0.02022348889727234
31	0.0001	63	28	0.014789995838377794
31	0.0001	63	67	0.014789995838377794
31	0.0001	63	42	0.014789995838377794
31	0.0001	63	84	0.014789995838377794
31	0.0001	63	36	0.0120120325461956
31	0.0001	64	74	0.1227369012895521
31	0.0001	64	0	0.1227369012895521
31	0.0001	64	73	0.1227369012895521
31	0.0001	64	7	0.1227369012895521
31	0.0001	64	3	0.1227369012895521
31	0.0001	64	17	0.036650928587750674
31	0.0001	64	4	0.1227369012895521
31	0.0001	64	1	0.1227369012895521
31	0.0001	64	6	0.1227369012895521
31	0.0001	64	2	0.1227369012895521
31	0.0001	64	44	0.014706528037326035
31	0.0001	64	78	0.014706528037326035
31	0.0001	64	94	0.036650928587750674
31	0.0001	64	77	0.036650928587750674
31	0.0001	64	20	0.036650928587750674
31	0.0001	64	59	0.036650928587750674
31	0.0001	64	28	0.036650928587750674
31	0.0001	64	84	0.036650928587750674
31	0.0001	64	33	0.036650928587750674
31	0.0001	64	15	0.01127859960724195
31	0.0001	65	74	0.11307044664880339
31	0.0001	65	0	0.11307044664880339
31	0.0001	65	73	0.11307044664880339
31	0.0001	65	7	0.11307044664880339
31	0.0001	65	3	0.11307044664880339
31	0.0001	65	17	0.0458504456850472
31	0.0001	65	4	0.11307044664880339
31	0.0001	65	1	0.11307044664880339
31	0.0001	65	6	0.11307044664880339
31	0.0001	65	2	0.11307044664880339
31	0.0001	65	20	0.03348273278418036
31	0.0001	65	78	0.013155455115688726
31	0.0001	65	44	0.013155455115688726
31	0.0001	65	94	0.03348273278418036
31	0.0001	65	33	0.03348273278418036
31	0.0001	65	59	0.03348273278418036
31	0.0001	65	77	0.03348273278418036
31	0.0001	65	84	0.03348273278418036
31	0.0001	65	28	0.03348273278418036
31	0.0001	65	15	0.017454408434069788
31	0.0001	65	100	0.017454408434069788
31	0.0001	65	70	0.017454408434069788
31	0.0001	66	74	0.12744618862879242
31	0.0001	66	0	0.12744618862879242
31	0.0001	66	73	0.12744618862879242
31	0.0001	66	7	0.12744618862879242
31	0.0001	66	3	0.12744618862879242
31	0.0001	66	44	0.0114562145097763
31	0.0001	66	4	0.12744618862879242
31	0.0001	66	1	0.12744618862879242
31	0.0001	66	6	0.12744618862879242
31	0.0001	66	2	0.12744618862879242
31	0.0001	66	17	0.027713328644602905
31	0.0001	66	59	0.02614704169655593
31	0.0001	66	94	0.02614704169655593
31	0.0001	66	77	0.02614704169655593
31	0.0001	66	78	0.0114562145097763
31	0.0001	66	42	0.004076477994911398
31	0.0001	66	84	0.022720074446130008
31	0.0001	66	28	0.022720074446130008
31	0.0001	66	33	0.022720074446130008
31	0.0001	66	20	0.022720074446130008
31	0.0001	66	15	0.022720074446130008
31	0.0001	66	70	0.022720074446130008
31	0.0001	66	100	0.010577409791226405
31	0.0001	67	74	0.14076019069130527
31	0.0001	67	0	0.14076019069130527
31	0.0001	67	73	0.14076019069130527
31	0.0001	67	7	0.14076019069130527
31	0.0001	67	3	0.14076019069130527
31	0.0001	67	17	0.038787605748658686
31	0.0001	67	1	0.14076019069130527
31	0.0001	67	4	0.14076019069130527
31	0.0001	67	6	0.14076019069130527
31	0.0001	67	2	0.14076019069130527
31	0.0001	67	20	0.038787605748658686
31	0.0001	67	78	0.011283254544149595
31	0.0001	67	44	0.011283254544149595
31	0.0001	67	94	0.038787605748658686
31	0.0001	67	59	0.038787605748658686
31	0.0001	67	28	0.038787605748658686
31	0.0001	67	77	0.038787605748658686
31	0.0001	67	84	0.038787605748658686
31	0.0001	67	33	0.038787605748658686
31	0.0001	67	70	0.0093883097392716
31	0.0001	67	100	0.0093883097392716
31	0.0001	67	15	0.0093883097392716
31	0.0001	68	74	0.07325805940714168
31	0.0001	68	0	0.07325805940714168
31	0.0001	68	7	0.07325805940714168
31	0.0001	68	3	0.07325805940714168
31	0.0001	68	6	0.07325805940714168
31	0.0001	68	2	0.07325805940714168
31	0.0001	68	73	0.07325805940714168
31	0.0001	68	4	0.07325805940714168
31	0.0001	68	1	0.07325805940714168
31	0.0001	68	17	0.055494744083633585
31	0.0001	68	77	0.04316718742575618
31	0.0001	68	78	0.017218475664475055
31	0.0001	68	44	0.017218475664475055
31	0.0001	68	59	0.04316718742575618
31	0.0001	68	20	0.04316718742575618
31	0.0001	68	33	0.04316718742575618
31	0.0001	68	94	0.04316718742575618
31	0.0001	68	28	0.04316718742575618
31	0.0001	68	84	0.04316718742575618
31	0.0001	68	15	0.017218475664475055
31	0.0001	69	74	0.08919169908574161
31	0.0001	69	0	0.08919169908574161
31	0.0001	69	73	0.08919169908574161
31	0.0001	69	7	0.08919169908574161
31	0.0001	69	3	0.08919169908574161
31	0.0001	69	17	0.05166870884773025
31	0.0001	69	4	0.08919169908574161
31	0.0001	69	1	0.08919169908574161
31	0.0001	69	6	0.08919169908574161
31	0.0001	69	2	0.08919169908574161
31	0.0001	69	77	0.04708988499517152
31	0.0001	69	44	0.01023306927521286
31	0.0001	69	78	0.01023306927521286
31	0.0001	69	42	0.004479671479723641
31	0.0001	69	20	0.04708988499517152
31	0.0001	69	94	0.04708988499517152
31	0.0001	69	33	0.04708988499517152
31	0.0001	69	59	0.04708988499517152
31	0.0001	69	28	0.04708988499517152
31	0.0001	69	84	0.04708988499517152
31	0.0001	69	15	0.01543053630649952
31	0.0001	70	74	0.10142938564823588
31	0.0001	70	0	0.10142938564823588
31	0.0001	70	73	0.10142938564823588
31	0.0001	70	7	0.10142938564823588
31	0.0001	70	3	0.10142938564823588
31	0.0001	70	44	0.023408014847759256
31	0.0001	70	4	0.10142938564823588
31	0.0001	70	1	0.10142938564823588
31	0.0001	70	6	0.10142938564823588
31	0.0001	70	2	0.10142938564823588
31	0.0001	70	17	0.051642577748957426
31	0.0001	70	77	0.023408014847759256
31	0.0001	70	78	0.023408014847759256
31	0.0001	70	82	0.023408014847759256
31	0.0001	70	42	0.023408014847759256
31	0.0001	70	59	0.023408014847759256
31	0.0001	70	12	0.023408014847759256
31	0.0001	70	33	0.023408014847759256
31	0.0001	70	67	0.023408014847759256
31	0.0001	70	79	0.023408014847759256
31	0.0001	71	74	0.12882003152348592
31	0.0001	71	0	0.12882003152348592
31	0.0001	71	73	0.12882003152348592
31	0.0001	71	7	0.12882003152348592
31	0.0001	71	3	0.12882003152348592
31	0.0001	71	17	0.022949499848039377
31	0.0001	71	4	0.12882003152348592
31	0.0001	71	1	0.12882003152348592
31	0.0001	71	6	0.12882003152348592
31	0.0001	71	2	0.12882003152348592
31	0.0001	71	94	0.022949499848039377
31	0.0001	71	20	0.022949499848039377
31	0.0001	71	59	0.01768023302381461
31	0.0001	71	84	0.014383721796440008
31	0.0001	71	78	0.014383721796440008
31	0.0001	71	44	0.014383721796440008
31	0.0001	71	77	0.014383721796440008
31	0.0001	71	82	0.005744980582421386
31	0.0001	71	67	0.014383721796440008
31	0.0001	71	42	0.014383721796440008
31	0.0001	72	74	0.1292515623071088
31	0.0001	72	0	0.1292515623071088
31	0.0001	72	73	0.1292515623071088
31	0.0001	72	7	0.1292515623071088
31	0.0001	72	3	0.1292515623071088
31	0.0001	72	1	0.1292515623071088
31	0.0001	72	4	0.1292515623071088
31	0.0001	72	6	0.1292515623071088
31	0.0001	72	2	0.1292515623071088
31	0.0001	72	20	0.03497420705315659
31	0.0001	72	17	0.03497420705315659
31	0.0001	72	44	0.016120961474126675
31	0.0001	72	59	0.03497420705315659
31	0.0001	72	94	0.03497420705315659
31	0.0001	72	78	0.016120961474126675
31	0.0001	72	28	0.03465694286904893
31	0.0001	72	77	0.03465694286904893
31	0.0001	72	84	0.03465694286904893
31	0.0001	72	33	0.03465694286904893
31	0.0001	72	42	0.004306339541940296
31	0.0001	73	74	0.08613177500974306
31	0.0001	73	0	0.08613177500974306
31	0.0001	73	73	0.08613177500974306
31	0.0001	73	17	0.054415047786936614
31	0.0001	73	7	0.08613177500974306
31	0.0001	73	3	0.08613177500974306
31	0.0001	73	44	0.020581105522410912
31	0.0001	73	4	0.08613177500974306
31	0.0001	73	1	0.08613177500974306
31	0.0001	73	6	0.08613177500974306
31	0.0001	73	2	0.08613177500974306
31	0.0001	73	77	0.054415047786936614
31	0.0001	73	78	0.020581105522410912
31	0.0001	73	82	0.00018052473525917174
31	0.0001	73	20	0.054415047786936614
31	0.0001	73	33	0.054415047786936614
31	0.0001	73	59	0.054415047786936614
31	0.0001	73	94	0.054415047786936614
31	0.0001	73	84	0.054415047786936614
31	0.0001	73	28	0.054415047786936614
31	0.0001	73	100	0.0013324196891615694
31	0.0001	74	74	0.11167909587227036
31	0.0001	74	0	0.11167909587227036
31	0.0001	74	73	0.11167909587227036
31	0.0001	74	7	0.11167909587227036
31	0.0001	74	3	0.11167909587227036
31	0.0001	74	1	0.11167909587227036
31	0.0001	74	4	0.11167909587227036
31	0.0001	74	6	0.11167909587227036
31	0.0001	74	2	0.11167909587227036
31	0.0001	74	17	0.045307831202615334
31	0.0001	74	44	0.009477106533852461
31	0.0001	74	78	0.009477106533852461
31	0.0001	74	42	0.0062306724642251015
31	0.0001	74	94	0.039052742900409304
31	0.0001	74	77	0.039052742900409304
31	0.0001	74	59	0.039052742900409304
31	0.0001	74	20	0.039052742900409304
31	0.0001	74	33	0.039052742900409304
31	0.0001	74	28	0.039052742900409304
31	0.0001	74	84	0.02006687667759484
31	0.0001	74	15	0.02006687667759484
31	0.0001	74	70	0.02006687667759484
31	0.0001	75	74	0.10298355551500325
31	0.0001	75	0	0.10298355551500325
31	0.0001	75	73	0.10298355551500325
31	0.0001	75	7	0.10298355551500325
31	0.0001	75	3	0.10298355551500325
31	0.0001	75	17	0.03506467691930701
31	0.0001	75	4	0.10298355551500325
31	0.0001	75	1	0.10298355551500325
31	0.0001	75	6	0.10298355551500325
31	0.0001	75	2	0.10298355551500325
31	0.0001	75	44	0.02018597739081034
31	0.0001	75	78	0.02018597739081034
31	0.0001	75	42	0.014105326809166461
31	0.0001	75	12	0.02018597739081034
31	0.0001	75	82	0.02018597739081034
31	0.0001	75	94	0.02018597739081034
31	0.0001	75	67	0.014105326809166461
31	0.0001	75	79	0.02018597739081034
31	0.0001	75	77	0.02018597739081034
31	0.0001	75	33	0.02018597739081034
31	0.0001	75	20	0.02018597739081034
31	0.0001	75	59	0.02018597739081034
31	0.0001	76	74	0.1040762293030403
31	0.0001	76	0	0.1040762293030403
31	0.0001	76	73	0.1040762293030403
31	0.0001	76	7	0.1040762293030403
31	0.0001	76	3	0.1040762293030403
31	0.0001	76	1	0.1040762293030403
31	0.0001	76	4	0.1040762293030403
31	0.0001	76	6	0.1040762293030403
31	0.0001	76	2	0.1040762293030403
31	0.0001	76	17	0.04388817513936695
31	0.0001	76	44	0.018863646195133678
31	0.0001	76	94	0.028841541646397476
31	0.0001	76	42	0.003901359347804782
31	0.0001	76	78	0.003901359347804782
31	0.0001	76	77	0.028841541646397476
31	0.0001	76	20	0.028841541646397476
31	0.0001	76	59	0.028841541646397476
31	0.0001	76	33	0.028841541646397476
31	0.0001	76	84	0.028841541646397476
31	0.0001	76	28	0.023750914644962495
31	0.0001	76	15	0.023750914644962495
31	0.0001	76	70	0.023750914644962495
31	0.0001	76	100	0.023750914644962495
31	0.0001	77	74	0.08289175076303738
31	0.0001	77	0	0.08289175076303738
31	0.0001	77	73	0.08289175076303738
31	0.0001	77	17	0.04705380594606963
31	0.0001	77	7	0.08289175076303738
31	0.0001	77	3	0.08289175076303738
31	0.0001	77	1	0.08289175076303738
31	0.0001	77	4	0.08289175076303738
31	0.0001	77	6	0.08289175076303738
31	0.0001	77	2	0.08289175076303738
31	0.0001	77	77	0.02916554129810562
31	0.0001	77	44	0.019252648040022066
31	0.0001	77	78	0.019252648040022066
31	0.0001	77	82	0.001060593124989694
31	0.0001	77	20	0.02916554129810562
31	0.0001	77	33	0.02916554129810562
31	0.0001	77	94	0.02916554129810562
31	0.0001	77	59	0.02916554129810562
31	0.0001	77	28	0.02916554129810562
31	0.0001	77	84	0.02916554129810562
31	0.0001	77	67	0.004838130512643619
31	0.0001	77	42	0.004838130512643619
31	0.0001	78	74	0.09253660521768406
31	0.0001	78	0	0.09253660521768406
31	0.0001	78	73	0.09253660521768406
31	0.0001	78	7	0.09253660521768406
31	0.0001	78	3	0.09253660521768406
31	0.0001	78	17	0.0570033102867337
31	0.0001	78	4	0.09253660521768406
31	0.0001	78	1	0.09253660521768406
31	0.0001	78	6	0.09253660521768406
31	0.0001	78	2	0.09253660521768406
31	0.0001	78	77	0.0570033102867337
31	0.0001	78	44	0.015491107560225275
31	0.0001	78	78	0.015491107560225275
31	0.0001	78	42	0.0033563119381625943
31	0.0001	78	20	0.0570033102867337
31	0.0001	78	94	0.0570033102867337
31	0.0001	78	33	0.0570033102867337
31	0.0001	78	59	0.0570033102867337
31	0.0001	78	28	0.0570033102867337
31	0.0001	78	84	0.0570033102867337
31	0.0001	78	15	0.007568491813000022
31	0.0001	79	74	0.0758994739667073
31	0.0001	79	0	0.0758994739667073
31	0.0001	79	73	0.0724677833765021
31	0.0001	79	7	0.0724677833765021
31	0.0001	79	3	0.0724677833765021
31	0.0001	79	44	0.036730448355231406
31	0.0001	79	4	0.0724677833765021
31	0.0001	79	1	0.0724677833765021
31	0.0001	79	6	0.0724677833765021
31	0.0001	79	2	0.0724677833765021
31	0.0001	79	17	0.036730448355231406
31	0.0001	79	78	0.036730448355231406
31	0.0001	79	77	0.02092740071743261
31	0.0001	79	67	0.02092740071743261
31	0.0001	79	42	0.02092740071743261
31	0.0001	79	79	0.036730448355231406
31	0.0001	79	12	0.036730448355231406
31	0.0001	79	82	0.036730448355231406
31	0.0001	79	59	0.02092740071743261
31	0.0001	79	20	0.0044135254244118535
31	0.0001	80	74	0.10789234264213082
31	0.0001	80	0	0.10789234264213082
31	0.0001	80	73	0.10789234264213082
31	0.0001	80	7	0.10720772972665941
31	0.0001	80	3	0.10720772972665941
31	0.0001	80	17	0.03647001816641341
31	0.0001	80	4	0.10720772972665941
31	0.0001	80	1	0.10720772972665941
31	0.0001	80	6	0.10720772972665941
31	0.0001	80	2	0.10720772972665941
31	0.0001	80	44	0.009090301572579196
31	0.0001	80	94	0.03647001816641341
31	0.0001	80	59	0.03647001816641341
31	0.0001	80	20	0.03647001816641341
31	0.0001	80	77	0.03647001816641341
31	0.0001	80	84	0.03647001816641341
31	0.0001	80	33	0.03647001816641341
31	0.0001	80	28	0.03647001816641341
31	0.0001	80	15	0.01571901814080383
31	0.0001	80	70	0.01571901814080383
31	0.0001	80	100	0.01571901814080383
31	0.0001	81	74	0.10616579721714112
31	0.0001	81	0	0.10616579721714112
31	0.0001	81	73	0.10616579721714112
31	0.0001	81	7	0.10616579721714112
31	0.0001	81	3	0.10616579721714112
31	0.0001	81	44	0.024936123392756013
31	0.0001	81	4	0.10616579721714112
31	0.0001	81	1	0.10616579721714112
31	0.0001	81	6	0.10616579721714112
31	0.0001	81	2	0.10616579721714112
31	0.0001	81	17	0.030144714762095473
31	0.0001	81	78	0.024936123392756013
31	0.0001	81	67	0.018304732948397805
31	0.0001	81	42	0.018304732948397805
31	0.0001	81	77	0.004638887216226105
31	0.0001	81	12	0.024936123392756013
31	0.0001	81	82	0.024936123392756013
31	0.0001	81	79	0.024936123392756013
31	0.0001	81	20	0.024936123392756013
31	0.0001	81	94	0.024936123392756013
31	0.0001	81	59	0.024936123392756013
31	0.0001	82	74	0.11397164389461793
31	0.0001	82	0	0.09221929930103796
31	0.0001	82	73	0.09221929930103796
31	0.0001	82	7	0.09221929930103796
31	0.0001	82	3	0.09221929930103796
31	0.0001	82	17	0.04125893288447476
31	0.0001	82	4	0.09221929930103796
31	0.0001	82	1	0.09221929930103796
31	0.0001	82	6	0.09221929930103796
31	0.0001	82	2	0.09221929930103796
31	0.0001	82	44	0.013076293891753483
31	0.0001	82	78	0.013076293891753483
31	0.0001	82	42	0.0038251427856203575
31	0.0001	82	59	0.036306311327439174
31	0.0001	82	77	0.036306311327439174
31	0.0001	82	94	0.036306311327439174
31	0.0001	82	20	0.036306311327439174
31	0.0001	82	33	0.036306311327439174
31	0.0001	82	84	0.036306311327439174
31	0.0001	82	28	0.036306311327439174
31	0.0001	82	70	0.009494702837670548
31	0.0001	82	100	0.009494702837670548
31	0.0001	82	15	0.009494702837670548
31	0.0001	83	74	0.1255324162656416
31	0.0001	83	0	0.1255324162656416
31	0.0001	83	73	0.1255324162656416
31	0.0001	83	7	0.1255324162656416
31	0.0001	83	3	0.1255324162656416
31	0.0001	83	17	0.02636637821396576
31	0.0001	83	4	0.1255324162656416
31	0.0001	83	1	0.1255324162656416
31	0.0001	83	6	0.1255324162656416
31	0.0001	83	2	0.1255324162656416
31	0.0001	83	20	0.02636637821396576
31	0.0001	83	59	0.02636637821396576
31	0.0001	83	77	0.02636637821396576
31	0.0001	83	44	0.010809899061824562
31	0.0001	83	78	0.010809899061824562
31	0.0001	83	42	0.0049975641182673615
31	0.0001	83	94	0.02541758993098644
31	0.0001	83	28	0.02541758993098644
31	0.0001	83	33	0.02541758993098644
31	0.0001	83	84	0.02541758993098644
31	0.0001	83	15	0.013376766990211175
31	0.0001	84	74	0.10132321585140956
31	0.0001	84	0	0.10132321585140956
31	0.0001	84	73	0.05535499154826995
31	0.0001	84	7	0.05947609203061393
31	0.0001	84	3	0.05947609203061393
31	0.0001	84	4	0.05947609203061393
31	0.0001	84	1	0.05947609203061393
31	0.0001	84	2	0.05947609203061393
31	0.0001	84	6	0.05947609203061393
31	0.0001	84	17	0.04975028421554584
31	0.0001	84	77	0.04677534972788996
31	0.0001	84	44	0.012790367477230771
31	0.0001	84	78	0.012790367477230771
31	0.0001	84	33	0.04677534972788996
31	0.0001	84	59	0.04677534972788996
31	0.0001	84	94	0.04677534972788996
31	0.0001	84	20	0.04677534972788996
31	0.0001	84	84	0.04677534972788996
31	0.0001	84	28	0.04677534972788996
31	0.0001	84	70	0.00600685474729397
31	0.0001	84	15	0.00600685474729397
31	0.0001	84	100	0.00600685474729397
31	0.0001	85	74	0.11463398187959221
31	0.0001	85	0	0.11463398187959221
31	0.0001	85	73	0.11463398187959221
31	0.0001	85	7	0.11463398187959221
31	0.0001	85	3	0.11463398187959221
31	0.0001	85	1	0.11463398187959221
31	0.0001	85	4	0.11463398187959221
31	0.0001	85	6	0.11463398187959221
31	0.0001	85	2	0.11463398187959221
31	0.0001	85	17	0.050474289318201936
31	0.0001	85	77	0.019690813290843153
31	0.0001	85	44	0.018174828573639574
31	0.0001	85	78	0.018174828573639574
31	0.0001	85	84	0.018174828573639574
31	0.0001	85	33	0.018174828573639574
31	0.0001	85	59	0.018174828573639574
31	0.0001	85	94	0.018174828573639574
31	0.0001	85	42	0.015201741649865229
31	0.0001	85	67	0.015201741649865229
31	0.0001	85	28	0.015201741649865229
31	0.0001	86	74	0.10860515260385595
31	0.0001	86	0	0.10860515260385595
31	0.0001	86	73	0.10860515260385595
31	0.0001	86	17	0.040434896793115266
31	0.0001	86	7	0.10860515260385595
31	0.0001	86	3	0.10860515260385595
31	0.0001	86	44	0.02046090148683119
31	0.0001	86	4	0.10860515260385595
31	0.0001	86	1	0.10860515260385595
31	0.0001	86	6	0.10860515260385595
31	0.0001	86	2	0.10860515260385595
31	0.0001	86	78	0.02046090148683119
31	0.0001	86	59	0.016109468773392182
31	0.0001	86	94	0.016109468773392182
31	0.0001	86	77	0.016109468773392182
31	0.0001	86	12	0.012785820096349364
31	0.0001	86	67	0.016109468773392182
31	0.0001	86	42	0.016109468773392182
31	0.0001	86	82	0.012785820096349364
31	0.0001	86	79	0.01176789631616267
31	0.0001	87	74	0.13296256344109544
31	0.0001	87	0	0.13296256344109544
31	0.0001	87	73	0.13296256344109544
31	0.0001	87	7	0.13296256344109544
31	0.0001	87	3	0.13296256344109544
31	0.0001	87	4	0.13296256344109544
31	0.0001	87	1	0.13296256344109544
31	0.0001	87	6	0.13296256344109544
31	0.0001	87	2	0.13296256344109544
31	0.0001	87	20	0.026448871203138484
31	0.0001	87	44	0.011625552785020551
31	0.0001	87	17	0.026448871203138484
31	0.0001	87	94	0.026448871203138484
31	0.0001	87	59	0.016813978459435653
31	0.0001	87	84	0.01665819135443672
31	0.0001	87	77	0.01665819135443672
31	0.0001	87	28	0.015514736082930436
31	0.0001	87	33	0.015514736082930436
31	0.0001	87	15	0.011788327109719835
31	0.0001	87	78	0.008794323488017576
31	0.0001	88	74	0.14105840101383593
31	0.0001	88	0	0.14105840101383593
31	0.0001	88	73	0.14105840101383593
31	0.0001	88	7	0.14105840101383593
31	0.0001	88	3	0.14105840101383593
31	0.0001	88	1	0.14105840101383593
31	0.0001	88	4	0.14105840101383593
31	0.0001	88	6	0.14105840101383593
31	0.0001	88	2	0.14105840101383593
31	0.0001	88	17	0.0397034979445529
31	0.0001	88	44	0.012046077260020892
31	0.0001	88	59	0.0397034979445529
31	0.0001	88	94	0.0397034979445529
31	0.0001	88	78	0.012046077260020892
31	0.0001	88	77	0.0397034979445529
31	0.0001	88	20	0.0397034979445529
31	0.0001	88	33	0.0397034979445529
31	0.0001	88	84	0.0397034979445529
31	0.0001	88	28	0.0397034979445529
31	0.0001	88	15	0.010019030623067379
31	0.0001	89	74	0.0939496071167757
31	0.0001	89	0	0.0939496071167757
31	0.0001	89	73	0.0939496071167757
31	0.0001	89	7	0.0939496071167757
31	0.0001	89	3	0.0939496071167757
31	0.0001	89	17	0.04927694563775212
31	0.0001	89	4	0.0939496071167757
31	0.0001	89	1	0.0939496071167757
31	0.0001	89	6	0.0939496071167757
31	0.0001	89	2	0.0939496071167757
31	0.0001	89	44	0.012777249593906822
31	0.0001	89	20	0.04927694563775212
31	0.0001	89	77	0.04927694563775212
31	0.0001	89	78	0.012777249593906822
31	0.0001	89	94	0.04927694563775212
31	0.0001	89	59	0.04927694563775212
31	0.0001	89	33	0.04927694563775212
31	0.0001	89	28	0.04927694563775212
31	0.0001	89	84	0.04927694563775212
31	0.0001	89	15	0.00693916927756545
31	0.0001	90	74	0.09985232029695978
31	0.0001	90	0	0.0776632163875949
31	0.0001	90	73	0.0776632163875949
31	0.0001	90	17	0.050519080690233885
31	0.0001	90	7	0.0776632163875949
31	0.0001	90	3	0.0776632163875949
31	0.0001	90	77	0.01638089851278429
31	0.0001	90	6	0.0776632163875949
31	0.0001	90	2	0.0776632163875949
31	0.0001	90	4	0.0776632163875949
31	0.0001	90	1	0.0776632163875949
31	0.0001	90	94	0.01638089851278429
31	0.0001	90	33	0.01638089851278429
31	0.0001	90	44	0.015761843359768254
31	0.0001	90	42	0.015761843359768254
31	0.0001	90	78	0.015761843359768254
31	0.0001	90	59	0.015761843359768254
31	0.0001	90	67	0.015761843359768254
31	0.0001	90	84	0.012523784257201803
31	0.0001	90	36	0.012523784257201803
31	0.0001	91	74	0.09347564876655613
31	0.0001	91	0	0.09347564876655613
31	0.0001	91	73	0.09347564876655613
31	0.0001	91	7	0.09347564876655613
31	0.0001	91	3	0.09347564876655613
31	0.0001	91	17	0.05139299161268678
31	0.0001	91	1	0.09347564876655613
31	0.0001	91	4	0.09347564876655613
31	0.0001	91	6	0.09347564876655613
31	0.0001	91	2	0.09347564876655613
31	0.0001	91	77	0.04843857045938807
31	0.0001	91	59	0.04843857045938807
31	0.0001	91	78	0.015772390164905798
31	0.0001	91	44	0.015772390164905798
31	0.0001	91	33	0.04843857045938807
31	0.0001	91	20	0.04843857045938807
31	0.0001	91	28	0.04843857045938807
31	0.0001	91	84	0.04843857045938807
31	0.0001	91	94	0.04843857045938807
31	0.0001	91	100	0.02737810230439937
31	0.0001	92	74	0.11604948076551588
31	0.0001	92	0	0.11604948076551588
31	0.0001	92	73	0.11604948076551588
31	0.0001	92	7	0.11604948076551588
31	0.0001	92	3	0.11604948076551588
31	0.0001	92	17	0.04476528938955192
31	0.0001	92	4	0.11604948076551588
31	0.0001	92	1	0.11604948076551588
31	0.0001	92	6	0.11604948076551588
31	0.0001	92	2	0.11604948076551588
31	0.0001	92	44	0.011784861549297124
31	0.0001	92	78	0.011784861549297124
31	0.0001	92	77	0.0359155714089019
31	0.0001	92	59	0.0359155714089019
31	0.0001	92	94	0.0359155714089019
31	0.0001	92	20	0.0359155714089019
31	0.0001	92	33	0.0359155714089019
31	0.0001	92	28	0.0359155714089019
31	0.0001	92	84	0.015562383691830026
31	0.0001	92	15	0.015158968554428505
31	0.0001	92	70	0.015158968554428505
31	0.0001	93	74	0.08320902914046222
31	0.0001	93	0	0.08320902914046222
31	0.0001	93	73	0.08320902914046222
31	0.0001	93	44	0.02413353479996336
31	0.0001	93	3	0.08320902914046222
31	0.0001	93	7	0.08320902914046222
31	0.0001	93	1	0.08320902914046222
31	0.0001	93	4	0.08320902914046222
31	0.0001	93	6	0.08320902914046222
31	0.0001	93	2	0.08320902914046222
31	0.0001	93	17	0.05215686187568274
31	0.0001	93	77	0.04684137095171831
31	0.0001	93	33	0.04684137095171831
31	0.0001	93	59	0.04684137095171831
31	0.0001	93	20	0.04684137095171831
31	0.0001	93	94	0.04684137095171831
31	0.0001	93	84	0.04684137095171831
31	0.0001	93	28	0.04684137095171831
31	0.0001	93	70	0.00841738544543691
31	0.0001	93	100	0.00841738544543691
31	0.0001	94	74	0.1451508583558749
31	0.0001	94	0	0.1451508583558749
31	0.0001	94	7	0.11273020087647298
31	0.0001	94	17	0.022307272429186255
31	0.0001	94	3	0.11273020087647298
31	0.0001	94	4	0.11273020087647298
31	0.0001	94	1	0.11273020087647298
31	0.0001	94	6	0.11273020087647298
31	0.0001	94	2	0.11273020087647298
31	0.0001	94	78	0.022307272429186255
31	0.0001	94	42	0.019390369781871614
31	0.0001	94	67	0.019390369781871614
31	0.0001	94	44	0.022307272429186255
31	0.0001	94	82	0.022307272429186255
31	0.0001	94	79	0.022307272429186255
31	0.0001	94	12	0.022307272429186255
31	0.0001	94	20	0.022307272429186255
31	0.0001	94	94	0.022307272429186255
31	0.0001	94	59	0.016375754355490265
31	0.0001	94	33	0.019390369781871614
31	0.0001	94	66	0.019390369781871614
31	0.0001	94	36	0.019390369781871614
31	0.0001	94	77	0.019390369781871614
31	0.0001	95	74	0.12729239243295978
31	0.0001	95	0	0.12729239243295978
31	0.0001	95	73	0.12729239243295978
31	0.0001	95	7	0.12729239243295978
31	0.0001	95	3	0.12729239243295978
31	0.0001	95	1	0.12729239243295978
31	0.0001	95	4	0.12729239243295978
31	0.0001	95	6	0.12729239243295978
31	0.0001	95	2	0.12729239243295978
31	0.0001	95	17	0.018714628899650046
31	0.0001	95	94	0.018714628899650046
31	0.0001	95	44	0.011979156229867723
31	0.0001	95	59	0.018714628899650046
31	0.0001	95	20	0.018714628899650046
31	0.0001	95	77	0.016831204550275213
31	0.0001	95	84	0.016831204550275213
31	0.0001	95	33	0.015990724059229255
31	0.0001	95	28	0.015990724059229255
31	0.0001	95	78	0.011979156229867723
31	0.0001	95	15	0.00843148950038267
31	0.0001	96	74	0.08255594052551944
31	0.0001	96	0	0.08255594052551944
31	0.0001	96	73	0.07904444244350128
31	0.0001	96	7	0.07904444244350128
31	0.0001	96	3	0.07904444244350128
31	0.0001	96	1	0.07904444244350128
31	0.0001	96	4	0.07904444244350128
31	0.0001	96	6	0.07904444244350128
31	0.0001	96	2	0.07904444244350128
31	0.0001	96	17	0.04927583913819506
31	0.0001	96	77	0.03418922493052004
31	0.0001	96	78	0.016422886028271702
31	0.0001	96	44	0.016422886028271702
31	0.0001	96	33	0.03418922493052004
31	0.0001	96	20	0.03418922493052004
31	0.0001	96	94	0.03418922493052004
31	0.0001	96	59	0.03418922493052004
31	0.0001	96	84	0.03418922493052004
31	0.0001	96	70	0.010821573690891944
31	0.0001	96	28	0.010821573690891944
31	0.0001	96	15	0.010821573690891944
31	0.0001	96	100	0.010821573690891944
31	0.0001	97	74	0.07626635293018971
31	0.0001	97	0	0.06673405827145724
31	0.0001	97	73	0.06578843387883732
31	0.0001	97	7	0.06578843387883732
31	0.0001	97	3	0.06578843387883732
31	0.0001	97	44	0.021821019887478334
31	0.0001	97	1	0.06578843387883732
31	0.0001	97	4	0.06578843387883732
31	0.0001	97	2	0.06578843387883732
31	0.0001	97	6	0.06578843387883732
31	0.0001	97	17	0.0418982543193518
31	0.0001	97	78	0.021821019887478334
31	0.0001	97	82	0.021821019887478334
31	0.0001	97	12	0.021821019887478334
31	0.0001	97	79	0.021821019887478334
31	0.0001	97	20	0.016244680424275616
31	0.0001	97	94	0.016244680424275616
31	0.0001	97	77	0.016244680424275616
31	0.0001	97	59	0.016244680424275616
31	0.0001	97	67	0.012185900215118691
31	0.0001	97	42	0.012185900215118691
31	0.0001	98	74	0.12104421385003084
31	0.0001	98	0	0.12104421385003084
31	0.0001	98	73	0.12104421385003084
31	0.0001	98	7	0.12104421385003084
31	0.0001	98	3	0.12104421385003084
31	0.0001	98	17	0.0238876427652808
31	0.0001	98	4	0.12104421385003084
31	0.0001	98	1	0.12104421385003084
31	0.0001	98	6	0.12104421385003084
31	0.0001	98	2	0.12104421385003084
31	0.0001	98	20	0.0238876427652808
31	0.0001	98	94	0.0238876427652808
31	0.0001	98	44	0.00846967655360213
31	0.0001	98	77	0.0238876427652808
31	0.0001	98	59	0.0238876427652808
31	0.0001	98	84	0.0238876427652808
31	0.0001	98	33	0.0238876427652808
31	0.0001	98	28	0.0238876427652808
31	0.0001	98	15	0.019261249464719764
31	0.0001	98	78	0.00846967655360213
31	0.0001	98	70	0.019261249464719764
31	0.0001	98	100	0.019261249464719764
31	0.0001	99	74	0.11828210309869837
31	0.0001	99	0	0.11828210309869837
31	0.0001	99	73	0.11828210309869837
31	0.0001	99	7	0.11828210309869837
31	0.0001	99	3	0.11828210309869837
31	0.0001	99	4	0.11828210309869837
31	0.0001	99	1	0.11828210309869837
31	0.0001	99	6	0.11828210309869837
31	0.0001	99	2	0.11828210309869837
31	0.0001	99	17	0.043213599846762034
31	0.0001	99	44	0.014754680971806001
31	0.0001	99	78	0.014754680971806001
31	0.0001	99	42	0.0037467599377955796
31	0.0001	99	77	0.043213599846762034
31	0.0001	99	20	0.043213599846762034
31	0.0001	99	59	0.043213599846762034
31	0.0001	99	94	0.043213599846762034
31	0.0001	99	33	0.043213599846762034
31	0.0001	99	84	0.043213599846762034
31	0.0001	99	28	0.043213599846762034
31	0.0001	99	15	0.014754680971806001
31	0.0001	100	74	0.11567097584595476
31	0.0001	100	0	0.11567097584595476
31	0.0001	100	73	0.11567097584595476
31	0.0001	100	7	0.11567097584595476
31	0.0001	100	3	0.11567097584595476
31	0.0001	100	17	0.03154966612439326
31	0.0001	100	1	0.11567097584595476
31	0.0001	100	4	0.11567097584595476
31	0.0001	100	6	0.11567097584595476
31	0.0001	100	2	0.11567097584595476
31	0.0001	100	77	0.03154966612439326
31	0.0001	100	20	0.03154966612439326
31	0.0001	100	94	0.03154966612439326
31	0.0001	100	59	0.03154966612439326
31	0.0001	100	84	0.03154966612439326
31	0.0001	100	28	0.03154966612439326
31	0.0001	100	44	0.010329661095535576
31	0.0001	100	78	0.010329661095535576
31	0.0001	100	15	0.010329661095535576
31	0.0001	100	33	0.010329661095535576
31	0.001	1	74	0.09353818740892834
31	0.001	1	0	0.09353818740892834
31	0.001	1	73	0.09353818740892834
31	0.001	1	7	0.09353818740892834
31	0.001	1	3	0.09353818740892834
31	0.001	1	44	0.014704564855648984
31	0.001	1	4	0.09353818740892834
31	0.001	1	1	0.09353818740892834
31	0.001	1	6	0.09353818740892834
31	0.001	1	2	0.09353818740892834
31	0.001	1	17	0.05127013817396219
31	0.001	1	77	0.05109189073460486
31	0.001	1	78	0.014704564855648984
31	0.001	1	59	0.05109189073460486
31	0.001	1	94	0.05109189073460486
31	0.001	1	33	0.05109189073460486
31	0.001	1	20	0.05109189073460486
31	0.001	1	28	0.05109189073460486
31	0.001	1	84	0.05109189073460486
31	0.001	1	100	0.016124847958175974
31	0.001	2	74	0.07505923943604735
31	0.001	2	0	0.0686940604956525
31	0.001	2	73	0.0631634701727539
31	0.001	2	17	0.05318673941574068
31	0.001	2	7	0.0631634701727539
31	0.001	2	3	0.0631634701727539
31	0.001	2	44	0.015127300406848133
31	0.001	2	6	0.0631634701727539
31	0.001	2	2	0.0631634701727539
31	0.001	2	4	0.0631634701727539
31	0.001	2	1	0.0631634701727539
31	0.001	2	77	0.01915904534954774
31	0.001	2	78	0.015127300406848133
31	0.001	2	59	0.018150862877380155
31	0.001	2	33	0.018150862877380155
31	0.001	2	94	0.018150862877380155
31	0.001	2	84	0.018150862877380155
31	0.001	2	28	0.014566274093407714
31	0.001	2	20	0.014566274093407714
31	0.001	2	82	0.009010642563899416
31	0.001	3	74	0.09782667431631344
31	0.001	3	0	0.09782667431631344
31	0.001	3	73	0.09782667431631344
31	0.001	3	7	0.09782667431631344
31	0.001	3	3	0.09782667431631344
31	0.001	3	44	0.009938511178990594
31	0.001	3	4	0.09782667431631344
31	0.001	3	1	0.09782667431631344
31	0.001	3	6	0.09782667431631344
31	0.001	3	2	0.09782667431631344
31	0.001	3	17	0.0527521656072642
31	0.001	3	77	0.0527521656072642
31	0.001	3	78	0.007769059673221902
31	0.001	3	42	0.004582443324679276
31	0.001	3	94	0.0527521656072642
31	0.001	3	33	0.0527521656072642
31	0.001	3	20	0.0527521656072642
31	0.001	3	59	0.0527521656072642
31	0.001	3	84	0.0527521656072642
31	0.001	3	28	0.0527521656072642
31	0.001	3	15	0.011290286520366765
31	0.001	4	74	0.10053282501891693
31	0.001	4	0	0.10053282501891693
31	0.001	4	73	0.10053282501891693
31	0.001	4	7	0.10053282501891693
31	0.001	4	3	0.10053282501891693
31	0.001	4	44	0.014671713702236707
31	0.001	4	1	0.10053282501891693
31	0.001	4	4	0.10053282501891693
31	0.001	4	6	0.10053282501891693
31	0.001	4	2	0.10053282501891693
31	0.001	4	17	0.048895914505013974
31	0.001	4	78	0.005601083384132561
31	0.001	4	59	0.028986092351125547
31	0.001	4	94	0.028986092351125547
31	0.001	4	77	0.028986092351125547
31	0.001	4	33	0.028986092351125547
31	0.001	4	28	0.026257641747763242
31	0.001	4	20	0.026257641747763242
31	0.001	4	84	0.026257641747763242
31	0.001	4	70	0.014671713702236707
31	0.001	4	15	0.014671713702236707
31	0.001	5	74	0.09423731709171883
31	0.001	5	0	0.09423731709171883
31	0.001	5	73	0.0720526959320856
31	0.001	5	7	0.0720526959320856
31	0.001	5	3	0.0720526959320856
31	0.001	5	4	0.0720526959320856
31	0.001	5	1	0.0720526959320856
31	0.001	5	2	0.0720526959320856
31	0.001	5	6	0.0720526959320856
31	0.001	5	17	0.05083517413996185
31	0.001	5	77	0.04789669387739242
31	0.001	5	33	0.04789669387739242
31	0.001	5	78	0.01889432904565326
31	0.001	5	44	0.01889432904565326
31	0.001	5	59	0.04789669387739242
31	0.001	5	94	0.04789669387739242
31	0.001	5	20	0.04789669387739242
31	0.001	5	84	0.04789669387739242
31	0.001	5	28	0.04789669387739242
31	0.001	5	71	0.007204549887000925
31	0.001	5	100	0.007204549887000925
31	0.001	5	15	0.007204549887000925
31	0.001	6	74	0.10046386691484382
31	0.001	6	0	0.10046386691484382
31	0.001	6	73	0.10046386691484382
31	0.001	6	17	0.053552652581666776
31	0.001	6	3	0.10046386691484382
31	0.001	6	7	0.10046386691484382
31	0.001	6	44	0.011223766082323557
31	0.001	6	4	0.10046386691484382
31	0.001	6	1	0.10046386691484382
31	0.001	6	6	0.10046386691484382
31	0.001	6	2	0.10046386691484382
31	0.001	6	59	0.0345786996829669
31	0.001	6	77	0.0345786996829669
31	0.001	6	78	0.011223766082323557
31	0.001	6	42	0.0053746580831215305
31	0.001	6	67	0.0053746580831215305
31	0.001	6	28	0.0345786996829669
31	0.001	6	94	0.0345786996829669
31	0.001	6	20	0.0345786996829669
31	0.001	6	84	0.0345786996829669
31	0.001	6	33	0.0345786996829669
31	0.001	6	15	0.0345786996829669
31	0.001	6	100	0.0345786996829669
31	0.001	6	70	0.0345786996829669
31	0.001	7	74	0.15346586975757298
31	0.001	7	0	0.15346586975757298
31	0.001	7	44	0.0167409374157175
31	0.001	7	3	0.09438431833506264
31	0.001	7	7	0.09438431833506264
31	0.001	7	1	0.09438431833506264
31	0.001	7	4	0.09438431833506264
31	0.001	7	6	0.09438431833506264
31	0.001	7	2	0.09438431833506264
31	0.001	7	17	0.04308506670768423
31	0.001	7	94	0.02408848063957638
31	0.001	7	78	0.01053141318162183
31	0.001	7	77	0.02408848063957638
31	0.001	7	59	0.02408848063957638
31	0.001	7	28	0.02408848063957638
31	0.001	7	84	0.02408848063957638
31	0.001	7	33	0.022331507195574106
31	0.001	7	70	0.017374884932430307
31	0.001	7	100	0.017374884932430307
31	0.001	7	83	0.017374884932430307
31	0.001	7	35	0.017374884932430307
31	0.001	8	74	0.11459014933295383
31	0.001	8	0	0.11459014933295383
31	0.001	8	73	0.11459014933295383
31	0.001	8	7	0.11459014933295383
31	0.001	8	3	0.11459014933295383
31	0.001	8	17	0.037890490998208876
31	0.001	8	4	0.11459014933295383
31	0.001	8	1	0.11459014933295383
31	0.001	8	6	0.11459014933295383
31	0.001	8	2	0.11459014933295383
31	0.001	8	44	0.01777039367386371
31	0.001	8	78	0.01777039367386371
31	0.001	8	82	0.014722511960137389
31	0.001	8	67	0.014722511960137389
31	0.001	8	42	0.014722511960137389
31	0.001	8	77	0.014722511960137389
31	0.001	8	12	0.014722511960137389
31	0.001	8	59	0.014722511960137389
31	0.001	8	79	0.014722511960137389
31	0.001	8	36	0.014722511960137389
31	0.001	9	74	0.12039501219185693
31	0.001	9	0	0.12039501219185693
31	0.001	9	73	0.12039501219185693
31	0.001	9	7	0.12039501219185693
31	0.001	9	3	0.12039501219185693
31	0.001	9	4	0.12039501219185693
31	0.001	9	1	0.12039501219185693
31	0.001	9	20	0.021143932477568662
31	0.001	9	6	0.12039501219185693
31	0.001	9	2	0.12039501219185693
31	0.001	9	17	0.021143932477568662
31	0.001	9	94	0.021143932477568662
31	0.001	9	59	0.017190540265417737
31	0.001	9	78	0.017190540265417737
31	0.001	9	44	0.017190540265417737
31	0.001	9	84	0.017190540265417737
31	0.001	9	42	0.0060461666513388955
31	0.001	9	12	0.017190540265417737
31	0.001	9	82	0.017190540265417737
31	0.001	9	79	0.017190540265417737
31	0.001	9	28	0.017190540265417737
31	0.001	10	74	0.11931615074416167
31	0.001	10	0	0.11931615074416167
31	0.001	10	73	0.11931615074416167
31	0.001	10	7	0.11931615074416167
31	0.001	10	3	0.11931615074416167
31	0.001	10	17	0.0477791385809027
31	0.001	10	1	0.11931615074416167
31	0.001	10	4	0.11931615074416167
31	0.001	10	6	0.11931615074416167
31	0.001	10	2	0.11931615074416167
31	0.001	10	44	0.010530477782502939
31	0.001	10	59	0.0477791385809027
31	0.001	10	94	0.0477791385809027
31	0.001	10	77	0.0477791385809027
31	0.001	10	33	0.0477791385809027
31	0.001	10	78	0.00544363470970681
31	0.001	10	84	0.0477791385809027
31	0.001	10	28	0.0477791385809027
31	0.001	10	20	0.0477791385809027
31	0.001	10	70	0.006059816749256132
31	0.001	10	100	0.006059816749256132
31	0.001	10	15	0.006059816749256132
31	0.001	11	74	0.10568451807107847
31	0.001	11	0	0.10568451807107847
31	0.001	11	73	0.10568451807107847
31	0.001	11	44	0.019777568054640857
31	0.001	11	17	0.047129194588641614
31	0.001	11	1	0.10568451807107847
31	0.001	11	3	0.10568451807107847
31	0.001	11	7	0.10568451807107847
31	0.001	11	4	0.10568451807107847
31	0.001	11	6	0.10568451807107847
31	0.001	11	2	0.10568451807107847
31	0.001	11	77	0.034985993345101433
31	0.001	11	59	0.034985993345101433
31	0.001	11	20	0.034985993345101433
31	0.001	11	42	0.0013534332942807686
31	0.001	11	33	0.034985993345101433
31	0.001	11	84	0.034985993345101433
31	0.001	11	94	0.034985993345101433
31	0.001	11	28	0.034985993345101433
31	0.001	11	100	0.034985993345101433
31	0.001	11	15	0.010232692843811463
31	0.001	12	74	0.09226569828898697
31	0.001	12	0	0.09226569828898697
31	0.001	12	73	0.09226569828898697
31	0.001	12	7	0.09226569828898697
31	0.001	12	3	0.09226569828898697
31	0.001	12	44	0.012838879919295778
31	0.001	12	4	0.09226569828898697
31	0.001	12	1	0.09226569828898697
31	0.001	12	2	0.09226569828898697
31	0.001	12	6	0.09226569828898697
31	0.001	12	17	0.049070365687610265
31	0.001	12	77	0.049070365687610265
31	0.001	12	20	0.049070365687610265
31	0.001	12	78	0.012838879919295778
31	0.001	12	94	0.049070365687610265
31	0.001	12	33	0.049070365687610265
31	0.001	12	59	0.049070365687610265
31	0.001	12	28	0.049070365687610265
31	0.001	12	84	0.049070365687610265
31	0.001	12	100	0.012838879919295778
31	0.001	13	74	0.08886036117060309
31	0.001	13	0	0.08886036117060309
31	0.001	13	73	0.08886036117060309
31	0.001	13	17	0.05200651047393139
31	0.001	13	3	0.08886036117060309
31	0.001	13	7	0.08886036117060309
31	0.001	13	4	0.08886036117060309
31	0.001	13	1	0.08886036117060309
31	0.001	13	2	0.08886036117060309
31	0.001	13	6	0.08886036117060309
31	0.001	13	77	0.031900927765849164
31	0.001	13	33	0.031900927765849164
31	0.001	13	44	0.008556268941666818
31	0.001	13	20	0.031900927765849164
31	0.001	13	94	0.031900927765849164
31	0.001	13	59	0.031900927765849164
31	0.001	13	84	0.025275971239108314
31	0.001	13	28	0.025275971239108314
31	0.001	13	93	0.025275971239108314
31	0.001	13	78	0.008486390796203936
31	0.001	14	74	0.0904513651804917
31	0.001	14	0	0.0904513651804917
31	0.001	14	73	0.0904513651804917
31	0.001	14	7	0.0904513651804917
31	0.001	14	3	0.0904513651804917
31	0.001	14	44	0.010584725764563091
31	0.001	14	4	0.0904513651804917
31	0.001	14	1	0.0904513651804917
31	0.001	14	6	0.0904513651804917
31	0.001	14	2	0.0904513651804917
31	0.001	14	17	0.057382522651442926
31	0.001	14	77	0.05452099683483454
31	0.001	14	78	0.010584725764563091
31	0.001	14	67	0.006638798328789257
31	0.001	14	20	0.05452099683483454
31	0.001	14	33	0.05452099683483454
31	0.001	14	59	0.05452099683483454
31	0.001	14	94	0.05452099683483454
31	0.001	14	84	0.05452099683483454
31	0.001	14	28	0.05452099683483454
31	0.001	14	100	0.010584725764563091
31	0.001	15	74	0.1092359909227297
31	0.001	15	0	0.1092359909227297
31	0.001	15	73	0.1092359909227297
31	0.001	15	7	0.1092359909227297
31	0.001	15	3	0.1092359909227297
31	0.001	15	17	0.024205690892166117
31	0.001	15	1	0.1092359909227297
31	0.001	15	4	0.1092359909227297
31	0.001	15	6	0.1092359909227297
31	0.001	15	2	0.1092359909227297
31	0.001	15	44	0.013224413735115726
31	0.001	15	67	0.020080282916598063
31	0.001	15	42	0.020080282916598063
31	0.001	15	36	0.012630581150726877
31	0.001	15	78	0.013224413735115726
31	0.001	15	82	0.011186011663174466
31	0.001	15	12	0.011186011663174466
31	0.001	15	77	0.008422284368355184
31	0.001	15	20	0.005232591454783892
31	0.001	15	94	0.005232591454783892
31	0.001	15	59	0.005232591454783892
31	0.001	15	79	0.008422284368355184
31	0.001	15	66	0.008422284368355184
31	0.001	16	74	0.10336861073880563
31	0.001	16	0	0.10336861073880563
31	0.001	16	73	0.10336861073880563
31	0.001	16	7	0.10336861073880563
31	0.001	16	3	0.10336861073880563
31	0.001	16	4	0.10336861073880563
31	0.001	16	1	0.10336861073880563
31	0.001	16	6	0.10336861073880563
31	0.001	16	2	0.10336861073880563
31	0.001	16	42	0.024235112730710832
31	0.001	16	67	0.024235112730710832
31	0.001	16	78	0.023719819149183842
31	0.001	16	44	0.023719819149183842
31	0.001	16	17	0.023719819149183842
31	0.001	16	36	0.023719819149183842
31	0.001	16	59	0.023719819149183842
31	0.001	16	94	0.023719819149183842
31	0.001	16	66	0.023719819149183842
31	0.001	16	20	0.021706744223026347
31	0.001	16	33	0.021706744223026347
31	0.001	16	77	0.021706744223026347
31	0.001	16	79	0.021706744223026347
31	0.001	16	82	0.021706744223026347
31	0.001	16	12	0.021706744223026347
31	0.001	17	74	0.10155352851666329
31	0.001	17	0	0.10155352851666329
31	0.001	17	73	0.10155352851666329
31	0.001	17	17	0.03757857151275781
31	0.001	17	7	0.10155352851666329
31	0.001	17	3	0.10155352851666329
31	0.001	17	4	0.10155352851666329
31	0.001	17	6	0.10155352851666329
31	0.001	17	2	0.10155352851666329
31	0.001	17	1	0.10155352851666329
31	0.001	17	44	0.021510384263157756
31	0.001	17	78	0.021510384263157756
31	0.001	17	20	0.011426841007279764
31	0.001	17	67	0.00953384140294814
31	0.001	17	42	0.00953384140294814
31	0.001	17	79	0.011426841007279764
31	0.001	17	82	0.011426841007279764
31	0.001	17	77	0.011426841007279764
31	0.001	17	12	0.011426841007279764
31	0.001	17	36	0.008851978835140537
31	0.001	17	33	0.011426841007279764
31	0.001	17	59	0.011426841007279764
31	0.001	17	94	0.011426841007279764
31	0.001	18	74	0.09493895841727258
31	0.001	18	0	0.09493895841727258
31	0.001	18	73	0.09493895841727258
31	0.001	18	7	0.09493895841727258
31	0.001	18	3	0.09493895841727258
31	0.001	18	17	0.05278029118605736
31	0.001	18	4	0.09493895841727258
31	0.001	18	1	0.09493895841727258
31	0.001	18	6	0.09493895841727258
31	0.001	18	2	0.09493895841727258
31	0.001	18	44	0.01713869598526562
31	0.001	18	78	0.01713869598526562
31	0.001	18	77	0.01713869598526562
31	0.001	18	94	0.01713869598526562
31	0.001	18	59	0.01713869598526562
31	0.001	18	33	0.01713869598526562
31	0.001	18	67	0.01713869598526562
31	0.001	18	42	0.01713869598526562
31	0.001	18	20	0.01713869598526562
31	0.001	18	28	0.0033888447551004256
31	0.001	19	74	0.09676478281591322
31	0.001	19	0	0.09676478281591322
31	0.001	19	73	0.06390027773185801
31	0.001	19	7	0.06390027773185801
31	0.001	19	3	0.06390027773185801
31	0.001	19	44	0.010286381568539024
31	0.001	19	4	0.06390027773185801
31	0.001	19	1	0.06390027773185801
31	0.001	19	6	0.06390027773185801
31	0.001	19	2	0.06390027773185801
31	0.001	19	17	0.054067979495315915
31	0.001	19	77	0.03952751997835632
31	0.001	19	78	0.009525352564617728
31	0.001	19	94	0.03952751997835632
31	0.001	19	59	0.03952751997835632
31	0.001	19	33	0.03952751997835632
31	0.001	19	20	0.03952751997835632
31	0.001	19	84	0.03952751997835632
31	0.001	19	28	0.03952751997835632
31	0.001	19	15	0.017244599337540304
31	0.001	19	70	0.017244599337540304
31	0.001	19	100	0.017244599337540304
31	0.001	20	74	0.12291685085802889
31	0.001	20	0	0.12291685085802889
31	0.001	20	73	0.12291685085802889
31	0.001	20	7	0.12291685085802889
31	0.001	20	3	0.12291685085802889
31	0.001	20	17	0.014827281285816403
31	0.001	20	1	0.12291685085802889
31	0.001	20	4	0.12291685085802889
31	0.001	20	2	0.12291685085802889
31	0.001	20	6	0.12291685085802889
31	0.001	20	67	0.014827281285816403
31	0.001	20	42	0.014827281285816403
31	0.001	20	44	0.014827281285816403
31	0.001	20	78	0.014827281285816403
31	0.001	20	82	0.010333217125317809
31	0.001	20	36	0.014827281285816403
31	0.001	20	66	0.014827281285816403
31	0.001	20	94	0.014827281285816403
31	0.001	20	20	0.014827281285816403
31	0.001	20	59	0.014827281285816403
31	0.001	21	74	0.1423905149063892
31	0.001	21	0	0.1423905149063892
31	0.001	21	73	0.1423905149063892
31	0.001	21	7	0.1423905149063892
31	0.001	21	3	0.1423905149063892
31	0.001	21	17	0.01684120640999656
31	0.001	21	4	0.1423905149063892
31	0.001	21	1	0.1423905149063892
31	0.001	21	6	0.1423905149063892
31	0.001	21	2	0.1423905149063892
31	0.001	21	44	0.01684120640999656
31	0.001	21	78	0.01684120640999656
31	0.001	21	94	0.01684120640999656
31	0.001	21	20	0.01684120640999656
31	0.001	21	59	0.01684120640999656
31	0.001	21	42	0.011374685726017998
31	0.001	21	67	0.011374685726017998
31	0.001	21	28	0.011635140236924161
31	0.001	21	12	0.011635140236924161
31	0.001	21	82	0.011635140236924161
31	0.001	21	79	0.011635140236924161
31	0.001	21	84	0.011635140236924161
31	0.001	22	74	0.10772376193792685
31	0.001	22	0	0.10772376193792685
31	0.001	22	73	0.10772376193792685
31	0.001	22	7	0.10772376193792685
31	0.001	22	3	0.10772376193792685
31	0.001	22	44	0.01046673014246701
31	0.001	22	4	0.10772376193792685
31	0.001	22	1	0.10772376193792685
31	0.001	22	6	0.10772376193792685
31	0.001	22	2	0.10772376193792685
31	0.001	22	17	0.04502770916233763
31	0.001	22	77	0.02887532449835958
31	0.001	22	59	0.02887532449835958
31	0.001	22	78	0.01046673014246701
31	0.001	22	42	0.00938608555475812
31	0.001	22	84	0.02887532449835958
31	0.001	22	28	0.02887532449835958
31	0.001	22	94	0.02887532449835958
31	0.001	22	33	0.02887532449835958
31	0.001	22	20	0.02887532449835958
31	0.001	22	100	0.02653126937670114
31	0.001	22	70	0.02653126937670114
31	0.001	23	74	0.10635427359203611
31	0.001	23	0	0.10635427359203611
31	0.001	23	73	0.10635427359203611
31	0.001	23	7	0.10635427359203611
31	0.001	23	3	0.10635427359203611
31	0.001	23	17	0.05447000377466729
31	0.001	23	44	0.014780382823262987
31	0.001	23	6	0.10635427359203611
31	0.001	23	2	0.10635427359203611
31	0.001	23	4	0.10635427359203611
31	0.001	23	1	0.10635427359203611
31	0.001	23	77	0.03051905184985948
31	0.001	23	94	0.03051905184985948
31	0.001	23	59	0.03051905184985948
31	0.001	23	20	0.03051905184985948
31	0.001	23	33	0.03051905184985948
31	0.001	23	28	0.03051905184985948
31	0.001	23	84	0.03051905184985948
31	0.001	23	15	0.02193998443707377
31	0.001	23	70	0.014124546720853629
31	0.001	23	100	0.014124546720853629
31	0.001	24	74	0.09955299146185516
31	0.001	24	0	0.09955299146185516
31	0.001	24	73	0.09955299146185516
31	0.001	24	7	0.09955299146185516
31	0.001	24	3	0.09955299146185516
31	0.001	24	17	0.023785992621747718
31	0.001	24	4	0.09955299146185516
31	0.001	24	1	0.09955299146185516
31	0.001	24	6	0.09955299146185516
31	0.001	24	2	0.09955299146185516
31	0.001	24	44	0.016919704059953595
31	0.001	24	78	0.016919704059953595
31	0.001	24	82	0.016919704059953595
31	0.001	24	12	0.016919704059953595
31	0.001	24	79	0.016919704059953595
31	0.001	24	77	0.016919704059953595
31	0.001	24	20	0.015245935531615712
31	0.001	24	42	0.012381903715650568
31	0.001	24	67	0.012381903715650568
31	0.001	24	94	0.015245935531615712
31	0.001	24	33	0.015245935531615712
31	0.001	24	59	0.014936708731972868
31	0.001	25	74	0.1004408854523586
31	0.001	25	0	0.1004408854523586
31	0.001	25	73	0.1004408854523586
31	0.001	25	7	0.1004408854523586
31	0.001	25	3	0.1004408854523586
31	0.001	25	17	0.04601200951095795
31	0.001	25	4	0.1004408854523586
31	0.001	25	1	0.1004408854523586
31	0.001	25	6	0.1004408854523586
31	0.001	25	2	0.1004408854523586
31	0.001	25	44	0.01900871982040276
31	0.001	25	78	0.01900871982040276
31	0.001	25	42	0.014931127412506403
31	0.001	25	12	0.014931127412506403
31	0.001	25	82	0.014931127412506403
31	0.001	25	77	0.014931127412506403
31	0.001	25	20	0.011646487982615488
31	0.001	25	67	0.014931127412506403
31	0.001	25	79	0.014931127412506403
31	0.001	25	94	0.011564842901324304
31	0.001	25	33	0.011564842901324304
31	0.001	25	59	0.011564842901324304
31	0.001	26	74	0.11163601743005122
31	0.001	26	0	0.11163601743005122
31	0.001	26	73	0.11163601743005122
31	0.001	26	7	0.11163601743005122
31	0.001	26	3	0.11163601743005122
31	0.001	26	1	0.11163601743005122
31	0.001	26	4	0.11163601743005122
31	0.001	26	2	0.11163601743005122
31	0.001	26	6	0.11163601743005122
31	0.001	26	17	0.05089298076100379
31	0.001	26	77	0.013694535042389846
31	0.001	26	78	0.013694535042389846
31	0.001	26	44	0.013694535042389846
31	0.001	26	67	0.013694535042389846
31	0.001	26	42	0.013694535042389846
31	0.001	26	82	0.013694535042389846
31	0.001	26	12	0.013694535042389846
31	0.001	26	79	0.013694535042389846
31	0.001	26	94	0.007117685221989447
31	0.001	26	59	0.006053870682073118
31	0.001	27	74	0.1366155404689524
31	0.001	27	0	0.1366155404689524
31	0.001	27	73	0.1366155404689524
31	0.001	27	7	0.1366155404689524
31	0.001	27	3	0.1366155404689524
31	0.001	27	17	0.03181237681487975
31	0.001	27	4	0.1366155404689524
31	0.001	27	1	0.1366155404689524
31	0.001	27	6	0.1366155404689524
31	0.001	27	2	0.1366155404689524
31	0.001	27	94	0.03181237681487975
31	0.001	27	59	0.03181237681487975
31	0.001	27	84	0.03181237681487975
31	0.001	27	44	0.009133114067868013
31	0.001	27	77	0.03181237681487975
31	0.001	27	20	0.03181237681487975
31	0.001	27	28	0.03181237681487975
31	0.001	27	42	0.0057475831405743244
31	0.001	27	78	0.0057475831405743244
31	0.001	27	100	0.03181237681487975
31	0.001	27	15	0.03181237681487975
31	0.001	27	33	0.03181237681487975
31	0.001	27	70	0.03181237681487975
31	0.001	28	74	0.137138890563378
31	0.001	28	0	0.137138890563378
31	0.001	28	73	0.137138890563378
31	0.001	28	7	0.137138890563378
31	0.001	28	3	0.137138890563378
31	0.001	28	17	0.026093482522528116
31	0.001	28	4	0.137138890563378
31	0.001	28	1	0.137138890563378
31	0.001	28	2	0.137138890563378
31	0.001	28	6	0.137138890563378
31	0.001	28	20	0.026093482522528116
31	0.001	28	94	0.026093482522528116
31	0.001	28	59	0.026093482522528116
31	0.001	28	84	0.026093482522528116
31	0.001	28	44	0.011982861776286245
31	0.001	28	78	0.011982861776286245
31	0.001	28	77	0.012835269821873713
31	0.001	28	28	0.012835269821873713
31	0.001	28	15	0.012835269821873713
31	0.001	28	33	0.012835269821873713
31	0.001	28	70	0.012835269821873713
31	0.001	28	100	0.012835269821873713
31	0.001	29	74	0.10628087203765034
31	0.001	29	0	0.10628087203765034
31	0.001	29	73	0.10628087203765034
31	0.001	29	17	0.0545317632971564
31	0.001	29	7	0.10628087203765034
31	0.001	29	3	0.10628087203765034
31	0.001	29	78	0.013463252665150714
31	0.001	29	44	0.013463252665150714
31	0.001	29	4	0.10628087203765034
31	0.001	29	1	0.10628087203765034
31	0.001	29	6	0.10628087203765034
31	0.001	29	2	0.10628087203765034
31	0.001	29	82	0.0045060123020053185
31	0.001	29	42	0.023600056605574425
31	0.001	29	33	0.03280100032447409
31	0.001	29	59	0.03280100032447409
31	0.001	29	20	0.03280100032447409
31	0.001	29	94	0.03280100032447409
31	0.001	29	77	0.03280100032447409
31	0.001	29	84	0.023600056605574425
31	0.001	29	28	0.023600056605574425
31	0.001	29	67	0.023600056605574425
31	0.001	30	74	0.11108747135328839
31	0.001	30	0	0.11108747135328839
31	0.001	30	73	0.11108747135328839
31	0.001	30	7	0.11108747135328839
31	0.001	30	3	0.11108747135328839
31	0.001	30	17	0.02565638826956183
31	0.001	30	1	0.11108747135328839
31	0.001	30	4	0.11108747135328839
31	0.001	30	6	0.11108747135328839
31	0.001	30	2	0.11108747135328839
31	0.001	30	94	0.02565638826956183
31	0.001	30	59	0.02565638826956183
31	0.001	30	78	0.014379235015039508
31	0.001	30	44	0.014379235015039508
31	0.001	30	84	0.02565638826956183
31	0.001	30	77	0.02565638826956183
31	0.001	30	33	0.02565638826956183
31	0.001	30	28	0.02565638826956183
31	0.001	30	20	0.02565638826956183
31	0.001	30	70	0.02565638826956183
31	0.001	30	100	0.02565638826956183
31	0.001	30	15	0.02565638826956183
31	0.001	31	74	0.10059293948069699
31	0.001	31	0	0.10059293948069699
31	0.001	31	73	0.10059293948069699
31	0.001	31	7	0.10059293948069699
31	0.001	31	3	0.10059293948069699
31	0.001	31	17	0.061017701061867595
31	0.001	31	4	0.10059293948069699
31	0.001	31	1	0.10059293948069699
31	0.001	31	6	0.10059293948069699
31	0.001	31	2	0.10059293948069699
31	0.001	31	44	0.011194466316885275
31	0.001	31	78	0.011194466316885275
31	0.001	31	94	0.03757892349339779
31	0.001	31	59	0.03757892349339779
31	0.001	31	77	0.03757892349339779
31	0.001	31	20	0.03757892349339779
31	0.001	31	33	0.03757892349339779
31	0.001	31	28	0.03757892349339779
31	0.001	31	84	0.03757892349339779
31	0.001	31	70	0.017921296645557108
31	0.001	32	74	0.10716630293315679
31	0.001	32	0	0.10716630293315679
31	0.001	32	73	0.10716630293315679
31	0.001	32	7	0.10716630293315679
31	0.001	32	3	0.10716630293315679
31	0.001	32	17	0.02811165811506722
31	0.001	32	4	0.10716630293315679
31	0.001	32	1	0.10716630293315679
31	0.001	32	6	0.10716630293315679
31	0.001	32	2	0.10716630293315679
31	0.001	32	44	0.018305389672711673
31	0.001	32	78	0.018305389672711673
31	0.001	32	67	0.018305389672711673
31	0.001	32	42	0.018305389672711673
31	0.001	32	82	0.014193875381859435
31	0.001	32	12	0.014193875381859435
31	0.001	32	79	0.011370464674099435
31	0.001	32	77	0.011370464674099435
31	0.001	32	36	0.011370464674099435
31	0.001	32	66	0.011370464674099435
31	0.001	33	74	0.09002566511212712
31	0.001	33	0	0.08679204251326045
31	0.001	33	73	0.08679204251326045
31	0.001	33	7	0.08679204251326045
31	0.001	33	17	0.05310250787947092
31	0.001	33	44	0.013536092300992574
31	0.001	33	3	0.08679204251326045
31	0.001	33	4	0.08679204251326045
31	0.001	33	1	0.08679204251326045
31	0.001	33	2	0.08679204251326045
31	0.001	33	6	0.08679204251326045
31	0.001	33	77	0.028043377462348137
31	0.001	33	20	0.028043377462348137
31	0.001	33	33	0.028043377462348137
31	0.001	33	59	0.028043377462348137
31	0.001	33	94	0.028043377462348137
31	0.001	33	84	0.022040487628811955
31	0.001	33	78	0.013536092300992574
31	0.001	33	67	0.022040487628811955
31	0.001	33	28	0.022040487628811955
31	0.001	33	42	0.022040487628811955
31	0.001	34	74	0.0906783047101219
31	0.001	34	0	0.0906783047101219
31	0.001	34	73	0.0906783047101219
31	0.001	34	7	0.0906783047101219
31	0.001	34	3	0.0906783047101219
31	0.001	34	44	0.012135158393349195
31	0.001	34	4	0.0906783047101219
31	0.001	34	1	0.0906783047101219
31	0.001	34	6	0.0906783047101219
31	0.001	34	2	0.0906783047101219
31	0.001	34	17	0.04341684575494104
31	0.001	34	20	0.03665360916366609
31	0.001	34	77	0.03665360916366609
31	0.001	34	78	0.012135158393349195
31	0.001	34	94	0.03665360916366609
31	0.001	34	59	0.03665360916366609
31	0.001	34	33	0.03665360916366609
31	0.001	34	84	0.03652785375036586
31	0.001	34	28	0.03652785375036586
31	0.001	34	15	0.0153604626348398
31	0.001	35	74	0.13142506920731503
31	0.001	35	0	0.13142506920731503
31	0.001	35	73	0.13142506920731503
31	0.001	35	7	0.13142506920731503
31	0.001	35	3	0.13142506920731503
31	0.001	35	44	0.018553614469590123
31	0.001	35	1	0.13142506920731503
31	0.001	35	4	0.13142506920731503
31	0.001	35	2	0.13142506920731503
31	0.001	35	6	0.13142506920731503
31	0.001	35	20	0.0238236157445116
31	0.001	35	17	0.0238236157445116
31	0.001	35	94	0.0238236157445116
31	0.001	35	78	0.018553614469590123
31	0.001	35	42	0.012726883214855732
31	0.001	35	12	0.012726883214855732
31	0.001	35	82	0.012726883214855732
31	0.001	35	79	0.012726883214855732
31	0.001	35	59	0.012726883214855732
31	0.001	35	67	0.012726883214855732
31	0.001	36	74	0.0987763773668362
31	0.001	36	0	0.0987763773668362
31	0.001	36	73	0.06335824149788966
31	0.001	36	7	0.06335824149788966
31	0.001	36	3	0.06335824149788966
31	0.001	36	17	0.05300225655931521
31	0.001	36	4	0.06335824149788966
31	0.001	36	1	0.06335824149788966
31	0.001	36	6	0.06335824149788966
31	0.001	36	2	0.06335824149788966
31	0.001	36	77	0.0335088345624083
31	0.001	36	44	0.012911552941186632
31	0.001	36	78	0.012911552941186632
31	0.001	36	42	0.003331253837660347
31	0.001	36	59	0.0335088345624083
31	0.001	36	94	0.0335088345624083
31	0.001	36	33	0.0335088345624083
31	0.001	36	20	0.0335088345624083
31	0.001	36	84	0.0335088345624083
31	0.001	36	28	0.0335088345624083
31	0.001	36	15	0.01137072149869112
31	0.001	37	74	0.12639399488460054
31	0.001	37	0	0.12639399488460054
31	0.001	37	73	0.12639399488460054
31	0.001	37	7	0.12639399488460054
31	0.001	37	3	0.12639399488460054
31	0.001	37	4	0.12639399488460054
31	0.001	37	1	0.12639399488460054
31	0.001	37	2	0.12639399488460054
31	0.001	37	6	0.12639399488460054
31	0.001	37	20	0.021841938602855868
31	0.001	37	94	0.021841938602855868
31	0.001	37	17	0.021841938602855868
31	0.001	37	59	0.021841938602855868
31	0.001	37	84	0.017825507405735026
31	0.001	37	77	0.017825507405735026
31	0.001	37	44	0.012353617595019477
31	0.001	37	33	0.017825507405735026
31	0.001	37	28	0.017825507405735026
31	0.001	37	78	0.011134511581337225
31	0.001	37	15	0.0054170094272260405
31	0.001	38	74	0.08665523090725105
31	0.001	38	0	0.08665523090725105
31	0.001	38	73	0.08665523090725105
31	0.001	38	7	0.08665523090725105
31	0.001	38	3	0.08665523090725105
31	0.001	38	1	0.08665523090725105
31	0.001	38	4	0.08665523090725105
31	0.001	38	6	0.08665523090725105
31	0.001	38	2	0.08665523090725105
31	0.001	38	17	0.052682933813219784
31	0.001	38	44	0.019598983848288443
31	0.001	38	77	0.04838791341460004
31	0.001	38	59	0.04838791341460004
31	0.001	38	33	0.04838791341460004
31	0.001	38	94	0.04838791341460004
31	0.001	38	20	0.04838791341460004
31	0.001	38	84	0.04838791341460004
31	0.001	38	28	0.04838791341460004
31	0.001	38	15	0.011236385241668164
31	0.001	38	100	0.005988491912267082
31	0.001	39	74	0.09374596340212132
31	0.001	39	0	0.09374596340212132
31	0.001	39	73	0.09374596340212132
31	0.001	39	7	0.09374596340212132
31	0.001	39	3	0.09374596340212132
31	0.001	39	44	0.014075460458745064
31	0.001	39	1	0.09374596340212132
31	0.001	39	4	0.09374596340212132
31	0.001	39	2	0.09374596340212132
31	0.001	39	6	0.09374596340212132
31	0.001	39	17	0.05138172523280125
31	0.001	39	77	0.05138172523280125
31	0.001	39	78	0.014075460458745064
31	0.001	39	42	0.002837983202835409
31	0.001	39	20	0.05138172523280125
31	0.001	39	94	0.05138172523280125
31	0.001	39	33	0.05138172523280125
31	0.001	39	59	0.05138172523280125
31	0.001	39	28	0.05138172523280125
31	0.001	39	84	0.05138172523280125
31	0.001	39	15	0.010133584995882863
31	0.001	40	74	0.08693252357469863
31	0.001	40	0	0.08693252357469863
31	0.001	40	73	0.08693252357469863
31	0.001	40	7	0.08693252357469863
31	0.001	40	3	0.08693252357469863
31	0.001	40	44	0.016199658003278064
31	0.001	40	4	0.08693252357469863
31	0.001	40	1	0.08693252357469863
31	0.001	40	6	0.08693252357469863
31	0.001	40	2	0.08693252357469863
31	0.001	40	17	0.04669919984190927
31	0.001	40	77	0.03155584446647516
31	0.001	40	78	0.016199658003278064
31	0.001	40	42	0.004050429598687112
31	0.001	40	67	0.0030118849977819194
31	0.001	40	84	0.03155584446647516
31	0.001	40	20	0.03155584446647516
31	0.001	40	33	0.03155584446647516
31	0.001	40	94	0.03155584446647516
31	0.001	40	59	0.03155584446647516
31	0.001	40	28	0.03155584446647516
31	0.001	40	100	0.02963108335288754
31	0.001	41	74	0.11521928346520403
31	0.001	41	0	0.11521928346520403
31	0.001	41	73	0.11521928346520403
31	0.001	41	7	0.11521928346520403
31	0.001	41	3	0.11521928346520403
31	0.001	41	44	0.0164571538700892
31	0.001	41	4	0.11521928346520403
31	0.001	41	1	0.11521928346520403
31	0.001	41	6	0.11521928346520403
31	0.001	41	2	0.11521928346520403
31	0.001	41	17	0.030064433039590572
31	0.001	41	78	0.0164571538700892
31	0.001	41	82	0.01469580455490744
31	0.001	41	12	0.01469580455490744
31	0.001	41	20	0.01469580455490744
31	0.001	41	42	0.01469580455490744
31	0.001	41	79	0.01469580455490744
31	0.001	41	67	0.01469580455490744
31	0.001	41	77	0.01469580455490744
31	0.001	41	36	0.01469580455490744
31	0.001	42	74	0.1126295970541928
31	0.001	42	0	0.1126295970541928
31	0.001	42	73	0.1126295970541928
31	0.001	42	17	0.045169267284806434
31	0.001	42	7	0.1126295970541928
31	0.001	42	3	0.1126295970541928
31	0.001	42	1	0.1126295970541928
31	0.001	42	6	0.1126295970541928
31	0.001	42	2	0.1126295970541928
31	0.001	42	4	0.1126295970541928
31	0.001	42	44	0.01739617587059163
31	0.001	42	78	0.01739617587059163
31	0.001	42	42	0.036781570650924335
31	0.001	42	67	0.036781570650924335
31	0.001	42	77	0.036781570650924335
31	0.001	42	59	0.036781570650924335
31	0.001	42	12	0.013601499406373506
31	0.001	42	82	0.013601499406373506
31	0.001	42	79	0.008263753027531406
31	0.001	42	28	0.036781570650924335
31	0.001	42	94	0.036781570650924335
31	0.001	42	36	0.036781570650924335
31	0.001	42	66	0.036781570650924335
31	0.001	42	20	0.036781570650924335
31	0.001	42	33	0.036781570650924335
31	0.001	43	74	0.12209568860479095
31	0.001	43	0	0.12209568860479095
31	0.001	43	73	0.12209568860479095
31	0.001	43	7	0.12209568860479095
31	0.001	43	17	0.027143246792212795
31	0.001	43	3	0.12209568860479095
31	0.001	43	1	0.12209568860479095
31	0.001	43	4	0.12209568860479095
31	0.001	43	6	0.12209568860479095
31	0.001	43	2	0.12209568860479095
31	0.001	43	44	0.023627885148349043
31	0.001	43	67	0.01648022489947102
31	0.001	43	42	0.01648022489947102
31	0.001	43	12	0.023627885148349043
31	0.001	43	78	0.023627885148349043
31	0.001	43	82	0.023627885148349043
31	0.001	43	36	0.01648022489947102
31	0.001	43	77	0.023627885148349043
31	0.001	43	59	0.023627885148349043
31	0.001	43	79	0.023627885148349043
31	0.001	43	28	0.023627885148349043
31	0.001	43	33	0.023627885148349043
31	0.001	43	94	0.023627885148349043
31	0.001	44	74	0.13317560202956444
31	0.001	44	0	0.13317560202956444
31	0.001	44	73	0.13317560202956444
31	0.001	44	7	0.13317560202956444
31	0.001	44	3	0.13317560202956444
31	0.001	44	17	0.03148259395697098
31	0.001	44	4	0.13317560202956444
31	0.001	44	1	0.13317560202956444
31	0.001	44	6	0.13317560202956444
31	0.001	44	2	0.13317560202956444
31	0.001	44	59	0.03148259395697098
31	0.001	44	94	0.03148259395697098
31	0.001	44	44	0.012970593788722588
31	0.001	44	78	0.012970593788722588
31	0.001	44	42	0.005627722544023874
31	0.001	44	77	0.028120092943251126
31	0.001	44	20	0.028120092943251126
31	0.001	44	84	0.028120092943251126
31	0.001	44	28	0.028120092943251126
31	0.001	44	33	0.028120092943251126
31	0.001	45	74	0.11260461752108293
31	0.001	45	0	0.11260461752108293
31	0.001	45	73	0.11260461752108293
31	0.001	45	17	0.024550512089389343
31	0.001	45	3	0.11260461752108293
31	0.001	45	7	0.11260461752108293
31	0.001	45	4	0.11260461752108293
31	0.001	45	1	0.11260461752108293
31	0.001	45	6	0.11260461752108293
31	0.001	45	2	0.11260461752108293
31	0.001	45	44	0.015032067524270349
31	0.001	45	78	0.015032067524270349
31	0.001	45	82	0.01492896613456617
31	0.001	45	67	0.01492896613456617
31	0.001	45	42	0.01492896613456617
31	0.001	45	36	0.00909518990675934
31	0.001	45	20	0.01492896613456617
31	0.001	45	59	0.01492896613456617
31	0.001	45	79	0.01492896613456617
31	0.001	45	77	0.01492896613456617
31	0.001	45	12	0.01492896613456617
31	0.001	46	74	0.1331847130654811
31	0.001	46	0	0.1331847130654811
31	0.001	46	73	0.1331847130654811
31	0.001	46	7	0.1331847130654811
31	0.001	46	3	0.1331847130654811
31	0.001	46	1	0.1331847130654811
31	0.001	46	4	0.1331847130654811
31	0.001	46	6	0.1331847130654811
31	0.001	46	2	0.1331847130654811
31	0.001	46	17	0.019523988663162437
31	0.001	46	44	0.01364119025225608
31	0.001	46	59	0.019365737005346
31	0.001	46	94	0.019365737005346
31	0.001	46	77	0.01499181376971933
31	0.001	46	84	0.01499181376971933
31	0.001	46	78	0.01364119025225608
31	0.001	46	33	0.01499181376971933
31	0.001	46	28	0.01499181376971933
31	0.001	46	20	0.01499181376971933
31	0.001	46	67	0.01499181376971933
31	0.001	46	42	0.01499181376971933
31	0.001	47	74	0.1297485183965045
31	0.001	47	0	0.1297485183965045
31	0.001	47	73	0.1297485183965045
31	0.001	47	17	0.0175966806018684
31	0.001	47	3	0.1297485183965045
31	0.001	47	7	0.1297485183965045
31	0.001	47	4	0.1297485183965045
31	0.001	47	1	0.1297485183965045
31	0.001	47	2	0.1297485183965045
31	0.001	47	6	0.1297485183965045
31	0.001	47	94	0.0175966806018684
31	0.001	47	44	0.0175966806018684
31	0.001	47	78	0.0175966806018684
31	0.001	47	59	0.0175966806018684
31	0.001	47	67	0.0175966806018684
31	0.001	47	42	0.0175966806018684
31	0.001	47	77	0.011936510798065634
31	0.001	47	82	0.0175966806018684
31	0.001	47	79	0.011936510798065634
31	0.001	47	12	0.011936510798065634
31	0.001	48	74	0.11218974135051157
31	0.001	48	0	0.11218974135051157
31	0.001	48	73	0.11218974135051157
31	0.001	48	7	0.11218974135051157
31	0.001	48	3	0.11218974135051157
31	0.001	48	44	0.01042710795328346
31	0.001	48	1	0.11218974135051157
31	0.001	48	4	0.11218974135051157
31	0.001	48	6	0.11218974135051157
31	0.001	48	2	0.11218974135051157
31	0.001	48	17	0.03429298658590262
31	0.001	48	20	0.03429298658590262
31	0.001	48	59	0.03429298658590262
31	0.001	48	94	0.03429298658590262
31	0.001	48	77	0.03429298658590262
31	0.001	48	84	0.03429298658590262
31	0.001	48	28	0.03429298658590262
31	0.001	48	33	0.03429298658590262
31	0.001	48	78	0.001953997493967244
31	0.001	48	100	0.015187462475015378
31	0.001	48	15	0.015187462475015378
31	0.001	48	70	0.015187462475015378
31	0.001	49	74	0.10150453301633515
31	0.001	49	0	0.10150453301633515
31	0.001	49	73	0.10150453301633515
31	0.001	49	7	0.10150453301633515
31	0.001	49	3	0.10150453301633515
31	0.001	49	44	0.00676051461280693
31	0.001	49	1	0.10150453301633515
31	0.001	49	4	0.10150453301633515
31	0.001	49	6	0.10150453301633515
31	0.001	49	2	0.10150453301633515
31	0.001	49	17	0.06288213697694654
31	0.001	49	77	0.06288213697694654
31	0.001	49	59	0.06288213697694654
31	0.001	49	20	0.06288213697694654
31	0.001	49	33	0.06288213697694654
31	0.001	49	94	0.06288213697694654
31	0.001	49	84	0.06288213697694654
31	0.001	49	28	0.06288213697694654
31	0.001	49	15	0.010162486771225058
31	0.001	49	78	0.006669225827540182
31	0.001	50	74	0.14701786799466451
31	0.001	50	0	0.14701786799466451
31	0.001	50	73	0.14701786799466451
31	0.001	50	7	0.14701786799466451
31	0.001	50	3	0.14701786799466451
31	0.001	50	17	0.030397961376763528
31	0.001	50	4	0.14701786799466451
31	0.001	50	1	0.14701786799466451
31	0.001	50	6	0.14701786799466451
31	0.001	50	2	0.14701786799466451
31	0.001	50	59	0.030397961376763528
31	0.001	50	20	0.030397961376763528
31	0.001	50	78	0.010207204510612083
31	0.001	50	44	0.010207204510612083
31	0.001	50	94	0.030397961376763528
31	0.001	50	84	0.030397961376763528
31	0.001	50	77	0.030397961376763528
31	0.001	50	28	0.030397961376763528
31	0.001	50	33	0.030397961376763528
31	0.001	50	100	0.030397961376763528
31	0.001	50	15	0.010857715091375795
31	0.001	51	74	0.15526403673767855
31	0.001	51	0	0.15526403673767855
31	0.001	51	73	0.15526403673767855
31	0.001	51	7	0.15526403673767855
31	0.001	51	3	0.15526403673767855
31	0.001	51	17	0.03368363322348372
31	0.001	51	1	0.15526403673767855
31	0.001	51	4	0.15526403673767855
31	0.001	51	2	0.15526403673767855
31	0.001	51	6	0.15526403673767855
31	0.001	51	44	0.01922475318499202
31	0.001	51	94	0.03368363322348372
31	0.001	51	59	0.03368363322348372
31	0.001	51	78	0.01922475318499202
31	0.001	51	82	0.015785435673073594
31	0.001	51	42	0.010755301809336827
31	0.001	51	12	0.015785435673073594
31	0.001	51	84	0.015785435673073594
31	0.001	51	67	0.010755301809336827
31	0.001	51	79	0.015785435673073594
31	0.001	51	77	0.015785435673073594
31	0.001	51	28	0.015785435673073594
31	0.001	52	74	0.10652096255233152
31	0.001	52	0	0.10652096255233152
31	0.001	52	73	0.10652096255233152
31	0.001	52	17	0.04779851525104704
31	0.001	52	3	0.10652096255233152
31	0.001	52	7	0.10652096255233152
31	0.001	52	44	0.012432178051575716
31	0.001	52	1	0.10652096255233152
31	0.001	52	4	0.10652096255233152
31	0.001	52	6	0.10652096255233152
31	0.001	52	2	0.10652096255233152
31	0.001	52	94	0.04779851525104704
31	0.001	52	78	0.012432178051575716
31	0.001	52	77	0.04779851525104704
31	0.001	52	59	0.04779851525104704
31	0.001	52	20	0.04779851525104704
31	0.001	52	28	0.04779851525104704
31	0.001	52	84	0.04779851525104704
31	0.001	52	33	0.04779851525104704
31	0.001	52	70	0.016670703977025903
31	0.001	52	100	0.016670703977025903
31	0.001	52	15	0.016670703977025903
31	0.001	53	74	0.10518339031648083
31	0.001	53	0	0.10518339031648083
31	0.001	53	73	0.05587243961676227
31	0.001	53	7	0.07042772463673037
31	0.001	53	3	0.07042772463673037
31	0.001	53	4	0.07042772463673037
31	0.001	53	1	0.07042772463673037
31	0.001	53	2	0.07042772463673037
31	0.001	53	6	0.07042772463673037
31	0.001	53	17	0.04508868851087535
31	0.001	53	44	0.016640346946921233
31	0.001	53	78	0.013753433702400914
31	0.001	53	77	0.018628561108059986
31	0.001	53	94	0.018628561108059986
31	0.001	53	59	0.018628561108059986
31	0.001	53	84	0.018628561108059986
31	0.001	53	20	0.018628561108059986
31	0.001	53	33	0.018628561108059986
31	0.001	53	28	0.018628561108059986
31	0.001	53	82	0.0012773122546443012
31	0.001	54	74	0.12722536671801388
31	0.001	54	0	0.12722536671801388
31	0.001	54	73	0.12722536671801388
31	0.001	54	7	0.12722536671801388
31	0.001	54	3	0.12722536671801388
31	0.001	54	1	0.12722536671801388
31	0.001	54	4	0.12722536671801388
31	0.001	54	2	0.12722536671801388
31	0.001	54	6	0.12722536671801388
31	0.001	54	17	0.038315886350558916
31	0.001	54	44	0.017849543924013514
31	0.001	54	78	0.017849543924013514
31	0.001	54	20	0.038315886350558916
31	0.001	54	77	0.038315886350558916
31	0.001	54	94	0.038315886350558916
31	0.001	54	59	0.038315886350558916
31	0.001	54	33	0.038315886350558916
31	0.001	54	28	0.038315886350558916
31	0.001	54	84	0.038315886350558916
31	0.001	54	15	0.002047215463795966
31	0.001	55	74	0.14941945044622731
31	0.001	55	0	0.14941945044622731
31	0.001	55	73	0.14941945044622731
31	0.001	55	7	0.14941945044622731
31	0.001	55	3	0.14941945044622731
31	0.001	55	1	0.14941945044622731
31	0.001	55	4	0.14941945044622731
31	0.001	55	6	0.14941945044622731
31	0.001	55	2	0.14941945044622731
31	0.001	55	17	0.03816044508812935
31	0.001	55	44	0.01603034863613774
31	0.001	55	78	0.01603034863613774
31	0.001	55	20	0.03816044508812935
31	0.001	55	94	0.03816044508812935
31	0.001	55	59	0.03816044508812935
31	0.001	55	77	0.03816044508812935
31	0.001	55	28	0.03816044508812935
31	0.001	55	93	0.03816044508812935
31	0.001	55	33	0.03816044508812935
31	0.001	55	84	0.03816044508812935
31	0.001	56	74	0.09665103890441058
31	0.001	56	0	0.09665103890441058
31	0.001	56	73	0.09665103890441058
31	0.001	56	7	0.09665103890441058
31	0.001	56	3	0.09665103890441058
31	0.001	56	17	0.0533495811618487
31	0.001	56	1	0.09665103890441058
31	0.001	56	4	0.09665103890441058
31	0.001	56	6	0.09665103890441058
31	0.001	56	2	0.09665103890441058
31	0.001	56	77	0.0533495811618487
31	0.001	56	44	0.009791387403077246
31	0.001	56	78	0.009791387403077246
31	0.001	56	33	0.0533495811618487
31	0.001	56	59	0.0533495811618487
31	0.001	56	94	0.0533495811618487
31	0.001	56	20	0.0533495811618487
31	0.001	56	84	0.0533495811618487
31	0.001	56	28	0.0533495811618487
31	0.001	56	100	0.016399449868835556
31	0.001	56	15	0.01563554516178299
31	0.001	57	74	0.08354192773066679
31	0.001	57	0	0.08354192773066679
31	0.001	57	73	0.08354192773066679
31	0.001	57	17	0.05067787228363387
31	0.001	57	7	0.0786199829531903
31	0.001	57	3	0.0786199829531903
31	0.001	57	4	0.0786199829531903
31	0.001	57	1	0.0786199829531903
31	0.001	57	6	0.0786199829531903
31	0.001	57	2	0.0786199829531903
31	0.001	57	44	0.009082374182354339
31	0.001	57	78	0.009082374182354339
31	0.001	57	42	0.00817260400855007
31	0.001	57	59	0.03434468117960704
31	0.001	57	77	0.03434468117960704
31	0.001	57	94	0.03434468117960704
31	0.001	57	20	0.03434468117960704
31	0.001	57	33	0.03434468117960704
31	0.001	57	28	0.03434468117960704
31	0.001	57	84	0.03434468117960704
31	0.001	57	15	0.018724148775687337
31	0.001	57	100	0.014510326568939122
31	0.001	57	70	0.014510326568939122
31	0.001	58	74	0.09904161442698779
31	0.001	58	0	0.06094117118579875
31	0.001	58	73	0.05912767022988164
31	0.001	58	7	0.06094117118579875
31	0.001	58	3	0.06094117118579875
31	0.001	58	44	0.01383321812425606
31	0.001	58	1	0.06094117118579875
31	0.001	58	4	0.06094117118579875
31	0.001	58	2	0.06094117118579875
31	0.001	58	6	0.06094117118579875
31	0.001	58	17	0.05184616776789077
31	0.001	58	77	0.03506779667982755
31	0.001	58	78	0.0082092210349141
31	0.001	58	20	0.03506779667982755
31	0.001	58	94	0.03506779667982755
31	0.001	58	33	0.03506779667982755
31	0.001	58	59	0.03506779667982755
31	0.001	58	84	0.03506779667982755
31	0.001	58	28	0.030144253288631576
31	0.001	58	70	0.00707073645808983
31	0.001	58	100	0.00707073645808983
31	0.001	59	74	0.08980113573619232
31	0.001	59	0	0.0658353360588713
31	0.001	59	73	0.0658353360588713
31	0.001	59	17	0.04888351497476937
31	0.001	59	7	0.0658353360588713
31	0.001	59	3	0.0658353360588713
31	0.001	59	44	0.017625566817640343
31	0.001	59	6	0.0658353360588713
31	0.001	59	2	0.0658353360588713
31	0.001	59	1	0.0658353360588713
31	0.001	59	4	0.0658353360588713
31	0.001	59	77	0.03143837273726365
31	0.001	59	78	0.017625566817640343
31	0.001	59	33	0.03143837273726365
31	0.001	59	59	0.03143837273726365
31	0.001	59	20	0.03143837273726365
31	0.001	59	94	0.03143837273726365
31	0.001	59	84	0.03143837273726365
31	0.001	59	28	0.03143837273726365
31	0.001	59	15	0.015398933590150586
31	0.001	60	74	0.11786258988111507
31	0.001	60	0	0.11786258988111507
31	0.001	60	73	0.11786258988111507
31	0.001	60	7	0.11786258988111507
31	0.001	60	3	0.11786258988111507
31	0.001	60	1	0.11786258988111507
31	0.001	60	4	0.11786258988111507
31	0.001	60	17	0.029922178267039398
31	0.001	60	6	0.11786258988111507
31	0.001	60	2	0.11786258988111507
31	0.001	60	44	0.012971357332132458
31	0.001	60	94	0.02405102925899828
31	0.001	60	78	0.007673276217700553
31	0.001	60	77	0.02405102925899828
31	0.001	60	20	0.02405102925899828
31	0.001	60	59	0.02405102925899828
31	0.001	60	33	0.02405102925899828
31	0.001	60	84	0.02405102925899828
31	0.001	60	28	0.02405102925899828
31	0.001	60	15	0.02103172020255077
31	0.001	60	70	0.01353072601186673
31	0.001	61	74	0.13020955940947318
31	0.001	61	0	0.13020955940947318
31	0.001	61	73	0.13020955940947318
31	0.001	61	7	0.13020955940947318
31	0.001	61	3	0.13020955940947318
31	0.001	61	17	0.01576064994638914
31	0.001	61	1	0.13020955940947318
31	0.001	61	4	0.13020955940947318
31	0.001	61	6	0.13020955940947318
31	0.001	61	2	0.13020955940947318
31	0.001	61	44	0.01576064994638914
31	0.001	61	78	0.01576064994638914
31	0.001	61	82	0.01576064994638914
31	0.001	61	12	0.01576064994638914
31	0.001	61	42	0.014779770158441034
31	0.001	61	77	0.014779770158441034
31	0.001	61	79	0.014779770158441034
31	0.001	61	94	0.014471727865535956
31	0.001	61	67	0.014779770158441034
31	0.001	61	28	0.014471727865535956
31	0.001	61	84	0.014471727865535956
31	0.001	61	20	0.014471727865535956
31	0.001	61	66	0.014471727865535956
31	0.001	61	36	0.014471727865535956
31	0.001	61	59	0.014471727865535956
31	0.001	62	74	0.09791727482164721
31	0.001	62	0	0.09791727482164721
31	0.001	62	73	0.09791727482164721
31	0.001	62	7	0.09791727482164721
31	0.001	62	3	0.09791727482164721
31	0.001	62	4	0.09791727482164721
31	0.001	62	1	0.09791727482164721
31	0.001	62	6	0.09791727482164721
31	0.001	62	2	0.09791727482164721
31	0.001	62	17	0.05152788745501094
31	0.001	62	44	0.01641328329885233
31	0.001	62	78	0.01641328329885233
31	0.001	62	82	0.013615149523039102
31	0.001	62	77	0.013615149523039102
31	0.001	62	94	0.013615149523039102
31	0.001	62	20	0.013615149523039102
31	0.001	62	33	0.013615149523039102
31	0.001	62	84	0.013615149523039102
31	0.001	62	36	0.008154947939026916
31	0.001	62	59	0.013615149523039102
31	0.001	62	42	0.008154947939026916
31	0.001	62	67	0.008154947939026916
31	0.001	62	12	0.013615149523039102
31	0.001	63	74	0.1010289414180461
31	0.001	63	0	0.09703310339979454
31	0.001	63	73	0.09703310339979454
31	0.001	63	7	0.09703310339979454
31	0.001	63	3	0.09703310339979454
31	0.001	63	1	0.09703310339979454
31	0.001	63	4	0.09703310339979454
31	0.001	63	6	0.09703310339979454
31	0.001	63	2	0.09703310339979454
31	0.001	63	17	0.04868020533173073
31	0.001	63	77	0.02232950639695739
31	0.001	63	59	0.02232950639695739
31	0.001	63	78	0.016827651473746257
31	0.001	63	44	0.016827651473746257
31	0.001	63	33	0.02232950639695739
31	0.001	63	94	0.02232950639695739
31	0.001	63	82	0.006506231637970316
31	0.001	63	42	0.014286862629393259
31	0.001	63	28	0.014286862629393259
31	0.001	63	84	0.014286862629393259
31	0.001	63	67	0.014286862629393259
31	0.001	64	74	0.12186302805346429
31	0.001	64	0	0.12186302805346429
31	0.001	64	73	0.12186302805346429
31	0.001	64	7	0.12186302805346429
31	0.001	64	3	0.12186302805346429
31	0.001	64	17	0.04198948423453087
31	0.001	64	4	0.12186302805346429
31	0.001	64	1	0.12186302805346429
31	0.001	64	2	0.12186302805346429
31	0.001	64	6	0.12186302805346429
31	0.001	64	44	0.014909315290021262
31	0.001	64	78	0.014909315290021262
31	0.001	64	82	0.005059461895462872
31	0.001	64	77	0.04198948423453087
31	0.001	64	94	0.04198948423453087
31	0.001	64	59	0.04198948423453087
31	0.001	64	20	0.04198948423453087
31	0.001	64	28	0.04198948423453087
31	0.001	64	84	0.04198948423453087
31	0.001	64	33	0.04198948423453087
31	0.001	64	15	0.006379870962196375
31	0.001	65	74	0.10871316926566452
31	0.001	65	0	0.10871316926566452
31	0.001	65	73	0.10871316926566452
31	0.001	65	7	0.10871316926566452
31	0.001	65	3	0.10871316926566452
31	0.001	65	4	0.10871316926566452
31	0.001	65	1	0.10871316926566452
31	0.001	65	2	0.10871316926566452
31	0.001	65	6	0.10871316926566452
31	0.001	65	17	0.03494092417623288
31	0.001	65	20	0.03141482433835062
31	0.001	65	78	0.012084297012791895
31	0.001	65	44	0.012084297012791895
31	0.001	65	94	0.03141482433835062
31	0.001	65	33	0.03141482433835062
31	0.001	65	77	0.03141482433835062
31	0.001	65	59	0.03141482433835062
31	0.001	65	28	0.03141482433835062
31	0.001	65	84	0.03141482433835062
31	0.001	65	15	0.01672771039755148
31	0.001	65	100	0.01672771039755148
31	0.001	65	70	0.01672771039755148
31	0.001	66	74	0.12284711091738973
31	0.001	66	0	0.12284711091738973
31	0.001	66	73	0.12284711091738973
31	0.001	66	7	0.12284711091738973
31	0.001	66	3	0.12284711091738973
31	0.001	66	44	0.013315006354890354
31	0.001	66	4	0.12284711091738973
31	0.001	66	1	0.12284711091738973
31	0.001	66	6	0.12284711091738973
31	0.001	66	2	0.12284711091738973
31	0.001	66	17	0.026994425091981106
31	0.001	66	94	0.026994425091981106
31	0.001	66	59	0.026994425091981106
31	0.001	66	77	0.026994425091981106
31	0.001	66	78	0.013315006354890354
31	0.001	66	20	0.026994425091981106
31	0.001	66	84	0.026994425091981106
31	0.001	66	28	0.026994425091981106
31	0.001	66	33	0.026994425091981106
31	0.001	66	15	0.026994425091981106
31	0.001	66	70	0.026994425091981106
31	0.001	67	74	0.136696553374369
31	0.001	67	0	0.136696553374369
31	0.001	67	73	0.136696553374369
31	0.001	67	7	0.136696553374369
31	0.001	67	3	0.136696553374369
31	0.001	67	4	0.136696553374369
31	0.001	67	1	0.136696553374369
31	0.001	67	17	0.02578260193825307
31	0.001	67	2	0.136696553374369
31	0.001	67	6	0.136696553374369
31	0.001	67	20	0.02578260193825307
31	0.001	67	59	0.02578260193825307
31	0.001	67	44	0.009471639833678464
31	0.001	67	94	0.02578260193825307
31	0.001	67	84	0.02336558980660246
31	0.001	67	28	0.02336558980660246
31	0.001	67	77	0.02336558980660246
31	0.001	67	33	0.01670396221631716
31	0.001	67	15	0.01670396221631716
31	0.001	67	100	0.01670396221631716
31	0.001	68	74	0.06956804351407375
31	0.001	68	0	0.06956804351407375
31	0.001	68	7	0.06956804351407375
31	0.001	68	3	0.06956804351407375
31	0.001	68	73	0.06956804351407375
31	0.001	68	6	0.06956804351407375
31	0.001	68	2	0.06956804351407375
31	0.001	68	4	0.06956804351407375
31	0.001	68	1	0.06956804351407375
31	0.001	68	17	0.053394314874726116
31	0.001	68	44	0.021349079763567147
31	0.001	68	77	0.037129337644253
31	0.001	68	78	0.00851286138920352
31	0.001	68	59	0.037129337644253
31	0.001	68	20	0.037129337644253
31	0.001	68	33	0.037129337644253
31	0.001	68	94	0.037129337644253
31	0.001	68	84	0.037129337644253
31	0.001	68	28	0.037129337644253
31	0.001	68	15	0.017843791311728776
31	0.001	69	74	0.09215015660708681
31	0.001	69	0	0.09215015660708681
31	0.001	69	73	0.09215015660708681
31	0.001	69	7	0.09215015660708681
31	0.001	69	3	0.09215015660708681
31	0.001	69	17	0.05262977873383274
31	0.001	69	1	0.09215015660708681
31	0.001	69	4	0.09215015660708681
31	0.001	69	6	0.09215015660708681
31	0.001	69	2	0.09215015660708681
31	0.001	69	77	0.043007275985096245
31	0.001	69	44	0.013417515747045531
31	0.001	69	78	0.013417515747045531
31	0.001	69	42	0.00653422420095712
31	0.001	69	20	0.043007275985096245
31	0.001	69	94	0.043007275985096245
31	0.001	69	59	0.043007275985096245
31	0.001	69	33	0.043007275985096245
31	0.001	69	28	0.043007275985096245
31	0.001	69	84	0.043007275985096245
31	0.001	69	15	0.009118860479611583
31	0.001	70	74	0.0986728467577382
31	0.001	70	0	0.0986728467577382
31	0.001	70	73	0.0986728467577382
31	0.001	70	7	0.0986728467577382
31	0.001	70	3	0.0986728467577382
31	0.001	70	44	0.015531945728076159
31	0.001	70	4	0.0986728467577382
31	0.001	70	1	0.0986728467577382
31	0.001	70	6	0.0986728467577382
31	0.001	70	2	0.0986728467577382
31	0.001	70	17	0.05239497690876013
31	0.001	70	77	0.015531945728076159
31	0.001	70	78	0.015531945728076159
31	0.001	70	59	0.015531945728076159
31	0.001	70	42	0.015531945728076159
31	0.001	70	82	0.015531945728076159
31	0.001	70	67	0.015531945728076159
31	0.001	70	33	0.015531945728076159
31	0.001	70	12	0.015531945728076159
31	0.001	70	79	0.015531945728076159
31	0.001	71	74	0.12782578526697863
31	0.001	71	0	0.12782578526697863
31	0.001	71	73	0.12782578526697863
31	0.001	71	7	0.12782578526697863
31	0.001	71	3	0.12782578526697863
31	0.001	71	17	0.017417983073213062
31	0.001	71	1	0.12782578526697863
31	0.001	71	4	0.12782578526697863
31	0.001	71	6	0.12782578526697863
31	0.001	71	2	0.12782578526697863
31	0.001	71	20	0.01964785896704913
31	0.001	71	94	0.01964785896704913
31	0.001	71	59	0.013812031697712987
31	0.001	71	78	0.013812031697712987
31	0.001	71	44	0.013812031697712987
31	0.001	71	84	0.013286871174723826
31	0.001	71	82	0.011542439019067995
31	0.001	71	67	0.013191767033366943
31	0.001	71	42	0.013191767033366943
31	0.001	71	77	0.009270248706063841
31	0.001	71	12	0.011542439019067995
31	0.001	72	74	0.13009143371646734
31	0.001	72	0	0.13009143371646734
31	0.001	72	73	0.13009143371646734
31	0.001	72	7	0.13009143371646734
31	0.001	72	3	0.13009143371646734
31	0.001	72	44	0.018019464095085574
31	0.001	72	4	0.13009143371646734
31	0.001	72	1	0.13009143371646734
31	0.001	72	6	0.13009143371646734
31	0.001	72	2	0.13009143371646734
31	0.001	72	20	0.028724116744295484
31	0.001	72	94	0.028724116744295484
31	0.001	72	17	0.028724116744295484
31	0.001	72	59	0.028724116744295484
31	0.001	72	84	0.022462416069852203
31	0.001	72	78	0.018019464095085574
31	0.001	72	28	0.022462416069852203
31	0.001	72	77	0.022462416069852203
31	0.001	72	33	0.022462416069852203
31	0.001	72	42	0.0040717159673555655
31	0.001	73	74	0.09145294280276545
31	0.001	73	0	0.09145294280276545
31	0.001	73	73	0.09145294280276545
31	0.001	73	17	0.0521593035472657
31	0.001	73	7	0.09145294280276545
31	0.001	73	3	0.09145294280276545
31	0.001	73	44	0.017884838800178136
31	0.001	73	1	0.09145294280276545
31	0.001	73	4	0.09145294280276545
31	0.001	73	6	0.09145294280276545
31	0.001	73	2	0.09145294280276545
31	0.001	73	77	0.0521593035472657
31	0.001	73	78	0.017884838800178136
31	0.001	73	12	0.004426935279399365
31	0.001	73	33	0.0521593035472657
31	0.001	73	20	0.0521593035472657
31	0.001	73	94	0.0521593035472657
31	0.001	73	59	0.0521593035472657
31	0.001	73	84	0.0521593035472657
31	0.001	73	28	0.0521593035472657
31	0.001	74	74	0.1134198033236656
31	0.001	74	0	0.1134198033236656
31	0.001	74	73	0.1134198033236656
31	0.001	74	7	0.1134198033236656
31	0.001	74	3	0.1134198033236656
31	0.001	74	44	0.00850492240004463
31	0.001	74	1	0.1134198033236656
31	0.001	74	4	0.1134198033236656
31	0.001	74	6	0.1134198033236656
31	0.001	74	2	0.1134198033236656
31	0.001	74	17	0.03664460146165394
31	0.001	74	20	0.03664460146165394
31	0.001	74	42	0.0077876754230674266
31	0.001	74	78	0.0077876754230674266
31	0.001	74	77	0.03664460146165394
31	0.001	74	59	0.03664460146165394
31	0.001	74	94	0.03664460146165394
31	0.001	74	28	0.03664460146165394
31	0.001	74	33	0.03664460146165394
31	0.001	74	84	0.018472052323219492
31	0.001	74	70	0.017964749216852413
31	0.001	74	15	0.017964749216852413
31	0.001	75	74	0.10501782000485284
31	0.001	75	0	0.10501782000485284
31	0.001	75	73	0.10501782000485284
31	0.001	75	7	0.10501782000485284
31	0.001	75	3	0.10501782000485284
31	0.001	75	17	0.03486016560381539
31	0.001	75	4	0.10501782000485284
31	0.001	75	1	0.10501782000485284
31	0.001	75	6	0.10501782000485284
31	0.001	75	2	0.10501782000485284
31	0.001	75	42	0.015628067000020982
31	0.001	75	78	0.018559897944162924
31	0.001	75	44	0.018559897944162924
31	0.001	75	12	0.018559897944162924
31	0.001	75	82	0.018559897944162924
31	0.001	75	94	0.018559897944162924
31	0.001	75	67	0.015628067000020982
31	0.001	75	79	0.018559897944162924
31	0.001	75	36	0.007392166647532384
31	0.001	75	33	0.018559897944162924
31	0.001	75	20	0.018559897944162924
31	0.001	75	59	0.018559897944162924
31	0.001	75	77	0.018559897944162924
31	0.001	76	74	0.1083485534699824
31	0.001	76	0	0.1083485534699824
31	0.001	76	73	0.1083485534699824
31	0.001	76	7	0.1083485534699824
31	0.001	76	3	0.1083485534699824
31	0.001	76	44	0.0211754476641496
31	0.001	76	4	0.1083485534699824
31	0.001	76	1	0.1083485534699824
31	0.001	76	6	0.1083485534699824
31	0.001	76	2	0.1083485534699824
31	0.001	76	17	0.03124119859865312
31	0.001	76	94	0.03124119859865312
31	0.001	76	20	0.03124119859865312
31	0.001	76	12	0.01591346784197323
31	0.001	76	42	0.01591346784197323
31	0.001	76	84	0.03124119859865312
31	0.001	76	59	0.03124119859865312
31	0.001	76	77	0.03124119859865312
31	0.001	76	100	0.0211754476641496
31	0.001	76	15	0.0211754476641496
31	0.001	76	28	0.0211754476641496
31	0.001	76	33	0.0211754476641496
31	0.001	77	74	0.08316539440531587
31	0.001	77	0	0.08316539440531587
31	0.001	77	73	0.08316539440531587
31	0.001	77	17	0.04703627393893029
31	0.001	77	7	0.08316539440531587
31	0.001	77	3	0.08316539440531587
31	0.001	77	77	0.02690558142217555
31	0.001	77	1	0.08316539440531587
31	0.001	77	4	0.08316539440531587
31	0.001	77	2	0.08316539440531587
31	0.001	77	6	0.08316539440531587
31	0.001	77	44	0.017014719620358287
31	0.001	77	78	0.017014719620358287
31	0.001	77	82	0.004507746240566556
31	0.001	77	20	0.017014719620358287
31	0.001	77	59	0.017014719620358287
31	0.001	77	94	0.017014719620358287
31	0.001	77	33	0.017014719620358287
31	0.001	77	28	0.011546474081453238
31	0.001	77	67	0.011546474081453238
31	0.001	77	42	0.011546474081453238
31	0.001	77	84	0.011546474081453238
31	0.001	78	74	0.0913354089984955
31	0.001	78	0	0.0913354089984955
31	0.001	78	73	0.0913354089984955
31	0.001	78	7	0.0913354089984955
31	0.001	78	3	0.0913354089984955
31	0.001	78	17	0.05719166107606183
31	0.001	78	4	0.0913354089984955
31	0.001	78	1	0.0913354089984955
31	0.001	78	2	0.0913354089984955
31	0.001	78	6	0.0913354089984955
31	0.001	78	77	0.05719166107606183
31	0.001	78	44	0.016245413267570605
31	0.001	78	78	0.016245413267570605
31	0.001	78	42	0.0017681672885557062
31	0.001	78	20	0.05719166107606183
31	0.001	78	33	0.05719166107606183
31	0.001	78	94	0.05719166107606183
31	0.001	78	59	0.05719166107606183
31	0.001	78	28	0.05719166107606183
31	0.001	78	84	0.05719166107606183
31	0.001	78	15	0.007155723655353903
31	0.001	79	74	0.07503759561040774
31	0.001	79	0	0.07503759561040774
31	0.001	79	73	0.074710268324372
31	0.001	79	7	0.074710268324372
31	0.001	79	3	0.074710268324372
31	0.001	79	1	0.074710268324372
31	0.001	79	4	0.074710268324372
31	0.001	79	2	0.074710268324372
31	0.001	79	6	0.074710268324372
31	0.001	79	17	0.0329896501040594
31	0.001	79	42	0.015777718316732196
31	0.001	79	67	0.015777718316732196
31	0.001	79	77	0.015777718316732196
31	0.001	79	79	0.0329896501040594
31	0.001	79	12	0.0329896501040594
31	0.001	79	82	0.0329896501040594
31	0.001	79	78	0.0329896501040594
31	0.001	79	44	0.0329896501040594
31	0.001	79	59	0.013885512695103073
31	0.001	79	94	0.008248146002308674
31	0.001	80	74	0.1105342077563232
31	0.001	80	0	0.1105342077563232
31	0.001	80	73	0.1105342077563232
31	0.001	80	7	0.1105342077563232
31	0.001	80	3	0.1105342077563232
31	0.001	80	17	0.027859929501364098
31	0.001	80	4	0.1105342077563232
31	0.001	80	1	0.1105342077563232
31	0.001	80	2	0.1105342077563232
31	0.001	80	6	0.1105342077563232
31	0.001	80	44	0.00699110545337035
31	0.001	80	20	0.027859929501364098
31	0.001	80	94	0.027859929501364098
31	0.001	80	59	0.027859929501364098
31	0.001	80	77	0.027859929501364098
31	0.001	80	42	0.00699110545337035
31	0.001	80	33	0.027859929501364098
31	0.001	80	28	0.027859929501364098
31	0.001	80	84	0.027859929501364098
31	0.001	80	15	0.021898776046250824
31	0.001	80	100	0.021898776046250824
31	0.001	80	70	0.021898776046250824
31	0.001	81	74	0.09914039289463442
31	0.001	81	0	0.09914039289463442
31	0.001	81	73	0.09914039289463442
31	0.001	81	7	0.09914039289463442
31	0.001	81	3	0.09914039289463442
31	0.001	81	44	0.025321924361766432
31	0.001	81	1	0.09914039289463442
31	0.001	81	4	0.09914039289463442
31	0.001	81	6	0.09914039289463442
31	0.001	81	2	0.09914039289463442
31	0.001	81	17	0.029231977296087477
31	0.001	81	78	0.025321924361766432
31	0.001	81	67	0.015717237332642565
31	0.001	81	42	0.015717237332642565
31	0.001	81	12	0.025321924361766432
31	0.001	81	82	0.025321924361766432
31	0.001	81	79	0.025321924361766432
31	0.001	81	59	0.025321924361766432
31	0.001	81	94	0.025321924361766432
31	0.001	81	20	0.025321924361766432
31	0.001	82	74	0.1203060702792159
31	0.001	82	0	0.10361278830733622
31	0.001	82	73	0.10361278830733622
31	0.001	82	7	0.10361278830733622
31	0.001	82	3	0.10361278830733622
31	0.001	82	1	0.10361278830733622
31	0.001	82	4	0.10361278830733622
31	0.001	82	6	0.10361278830733622
31	0.001	82	2	0.10361278830733622
31	0.001	82	17	0.03127135372889322
31	0.001	82	20	0.03127135372889322
31	0.001	82	94	0.03127135372889322
31	0.001	82	44	0.009860879298896173
31	0.001	82	59	0.03127135372889322
31	0.001	82	77	0.03127135372889322
31	0.001	82	33	0.03127135372889322
31	0.001	82	84	0.03127135372889322
31	0.001	82	28	0.03127135372889322
31	0.001	82	15	0.015754768112805267
31	0.001	82	78	0.009860879298896173
31	0.001	82	70	0.015754768112805267
31	0.001	82	100	0.015754768112805267
31	0.001	83	74	0.13390522135227187
31	0.001	83	0	0.13390522135227187
31	0.001	83	73	0.13390522135227187
31	0.001	83	7	0.13390522135227187
31	0.001	83	3	0.13390522135227187
31	0.001	83	1	0.13390522135227187
31	0.001	83	4	0.13390522135227187
31	0.001	83	2	0.13390522135227187
31	0.001	83	6	0.13390522135227187
31	0.001	83	20	0.03295165356699012
31	0.001	83	17	0.03295165356699012
31	0.001	83	59	0.03295165356699012
31	0.001	83	44	0.01050131939904739
31	0.001	83	78	0.008153256960525924
31	0.001	83	28	0.014249503478656823
31	0.001	83	84	0.014249503478656823
31	0.001	83	77	0.014249503478656823
31	0.001	83	33	0.014249503478656823
31	0.001	83	94	0.014249503478656823
31	0.001	83	15	0.014249503478656823
31	0.001	84	74	0.09795463301015181
31	0.001	84	0	0.09795463301015181
31	0.001	84	73	0.05664688194247977
31	0.001	84	7	0.05812897424872614
31	0.001	84	3	0.05812897424872614
31	0.001	84	4	0.05812897424872614
31	0.001	84	1	0.05812897424872614
31	0.001	84	2	0.05812897424872614
31	0.001	84	6	0.05812897424872614
31	0.001	84	17	0.05042203138448161
31	0.001	84	77	0.04368296624804886
31	0.001	84	44	0.01718980569215747
31	0.001	84	78	0.0070585114874053565
31	0.001	84	20	0.04368296624804886
31	0.001	84	33	0.04368296624804886
31	0.001	84	59	0.04368296624804886
31	0.001	84	94	0.04368296624804886
31	0.001	84	84	0.04368296624804886
31	0.001	84	28	0.04368296624804886
31	0.001	84	70	0.003445818770249959
31	0.001	84	100	0.003445818770249959
31	0.001	84	15	0.003445818770249959
31	0.001	85	74	0.11608974097243373
31	0.001	85	0	0.11608974097243373
31	0.001	85	73	0.11608974097243373
31	0.001	85	7	0.11608974097243373
31	0.001	85	3	0.11608974097243373
31	0.001	85	78	0.01642778977313841
31	0.001	85	4	0.11608974097243373
31	0.001	85	1	0.11608974097243373
31	0.001	85	2	0.11608974097243373
31	0.001	85	6	0.11608974097243373
31	0.001	85	17	0.05270772518029564
31	0.001	85	77	0.021618966456875156
31	0.001	85	33	0.01642778977313841
31	0.001	85	59	0.01642778977313841
31	0.001	85	84	0.01642778977313841
31	0.001	85	94	0.01642778977313841
31	0.001	85	44	0.01642778977313841
31	0.001	85	28	0.013709352656492275
31	0.001	85	67	0.013709352656492275
31	0.001	85	42	0.013709352656492275
31	0.001	86	74	0.10842667208257331
31	0.001	86	0	0.1066747225350413
31	0.001	86	73	0.1066747225350413
31	0.001	86	17	0.03285945630431691
31	0.001	86	7	0.1066747225350413
31	0.001	86	3	0.1066747225350413
31	0.001	86	44	0.021162981339517165
31	0.001	86	4	0.1066747225350413
31	0.001	86	1	0.1066747225350413
31	0.001	86	6	0.1066747225350413
31	0.001	86	2	0.1066747225350413
31	0.001	86	78	0.021162981339517165
31	0.001	86	94	0.012759048530914288
31	0.001	86	59	0.012759048530914288
31	0.001	86	77	0.011959432119943582
31	0.001	86	12	0.011959432119943582
31	0.001	86	84	0.011959432119943582
31	0.001	86	42	0.011959432119943582
31	0.001	86	67	0.011959432119943582
31	0.001	86	33	0.008025150000892942
31	0.001	87	74	0.13155025953736343
31	0.001	87	0	0.13155025953736343
31	0.001	87	73	0.13155025953736343
31	0.001	87	7	0.13155025953736343
31	0.001	87	3	0.13155025953736343
31	0.001	87	4	0.13155025953736343
31	0.001	87	1	0.13155025953736343
31	0.001	87	6	0.13155025953736343
31	0.001	87	2	0.13155025953736343
31	0.001	87	20	0.020115243713202734
31	0.001	87	44	0.020115243713202734
31	0.001	87	17	0.020115243713202734
31	0.001	87	94	0.020115243713202734
31	0.001	87	59	0.020115243713202734
31	0.001	87	77	0.020115243713202734
31	0.001	87	84	0.020115243713202734
31	0.001	87	28	0.014573330946293822
31	0.001	87	33	0.014573330946293822
31	0.001	87	15	0.013471635313238082
31	0.001	87	67	0.0015111809023681685
31	0.001	88	74	0.153001827208578
31	0.001	88	0	0.153001827208578
31	0.001	88	73	0.153001827208578
31	0.001	88	7	0.153001827208578
31	0.001	88	3	0.153001827208578
31	0.001	88	17	0.04519810718036004
31	0.001	88	4	0.153001827208578
31	0.001	88	1	0.153001827208578
31	0.001	88	6	0.153001827208578
31	0.001	88	2	0.153001827208578
31	0.001	88	94	0.04519810718036004
31	0.001	88	59	0.04519810718036004
31	0.001	88	44	0.013247995460080425
31	0.001	88	78	0.013247995460080425
31	0.001	88	42	0.0033930492113655696
31	0.001	88	28	0.03539497489404818
31	0.001	88	77	0.03539497489404818
31	0.001	88	33	0.03539497489404818
31	0.001	88	20	0.03539497489404818
31	0.001	88	84	0.03539497489404818
31	0.001	88	15	0.011060544191105552
31	0.001	89	74	0.09236523495968854
31	0.001	89	0	0.09236523495968854
31	0.001	89	73	0.09236523495968854
31	0.001	89	7	0.09236523495968854
31	0.001	89	3	0.09236523495968854
31	0.001	89	17	0.04873041361423616
31	0.001	89	1	0.09236523495968854
31	0.001	89	4	0.09236523495968854
31	0.001	89	6	0.09236523495968854
31	0.001	89	2	0.09236523495968854
31	0.001	89	44	0.012293301629333423
31	0.001	89	20	0.04873041361423616
31	0.001	89	77	0.04873041361423616
31	0.001	89	33	0.04873041361423616
31	0.001	89	78	0.012293301629333423
31	0.001	89	94	0.04873041361423616
31	0.001	89	59	0.04873041361423616
31	0.001	89	28	0.04873041361423616
31	0.001	89	84	0.04873041361423616
31	0.001	89	15	0.0034119939633131748
31	0.001	90	74	0.09984199561203604
31	0.001	90	0	0.07676999118980612
31	0.001	90	73	0.07676999118980612
31	0.001	90	17	0.05259659538642117
31	0.001	90	7	0.07676999118980612
31	0.001	90	3	0.07676999118980612
31	0.001	90	77	0.016000925802325826
31	0.001	90	6	0.07676999118980612
31	0.001	90	2	0.07676999118980612
31	0.001	90	4	0.07676999118980612
31	0.001	90	1	0.07676999118980612
31	0.001	90	94	0.016000925802325826
31	0.001	90	33	0.016000925802325826
31	0.001	90	44	0.015685863537828998
31	0.001	90	42	0.015685863537828998
31	0.001	90	78	0.015685863537828998
31	0.001	90	59	0.015685863537828998
31	0.001	90	67	0.015685863537828998
31	0.001	90	84	0.012412142643615214
31	0.001	90	36	0.012412142643615214
31	0.001	91	74	0.09563536323554912
31	0.001	91	0	0.09563536323554912
31	0.001	91	73	0.09563536323554912
31	0.001	91	7	0.09563536323554912
31	0.001	91	3	0.09563536323554912
31	0.001	91	17	0.0521493787050055
31	0.001	91	1	0.09563536323554912
31	0.001	91	4	0.09563536323554912
31	0.001	91	6	0.09563536323554912
31	0.001	91	2	0.09563536323554912
31	0.001	91	77	0.04793176754860391
31	0.001	91	59	0.04793176754860391
31	0.001	91	44	0.01651943420815599
31	0.001	91	78	0.01651943420815599
31	0.001	91	33	0.04793176754860391
31	0.001	91	20	0.04793176754860391
31	0.001	91	28	0.04793176754860391
31	0.001	91	84	0.04793176754860391
31	0.001	91	94	0.04793176754860391
31	0.001	91	100	0.027427861015532427
31	0.001	92	74	0.1265360615346452
31	0.001	92	0	0.1265360615346452
31	0.001	92	73	0.1265360615346452
31	0.001	92	7	0.1265360615346452
31	0.001	92	3	0.1265360615346452
31	0.001	92	17	0.03394219550266072
31	0.001	92	4	0.1265360615346452
31	0.001	92	1	0.1265360615346452
31	0.001	92	6	0.1265360615346452
31	0.001	92	2	0.1265360615346452
31	0.001	92	94	0.03394219550266072
31	0.001	92	59	0.03394219550266072
31	0.001	92	77	0.03394219550266072
31	0.001	92	20	0.03394219550266072
31	0.001	92	78	0.013239994886092694
31	0.001	92	44	0.013239994886092694
31	0.001	92	28	0.03394219550266072
31	0.001	92	33	0.03394219550266072
31	0.001	92	84	0.01889345310457349
31	0.001	92	15	0.01889345310457349
31	0.001	92	70	0.006875917614902047
31	0.001	93	7	0.06984844191811918
31	0.001	93	0	0.07110954212696227
31	0.001	93	74	0.07110954212696227
31	0.001	93	73	0.06984844191811918
31	0.001	93	44	0.018101403773108857
31	0.001	93	3	0.06984844191811918
31	0.001	93	1	0.06984844191811918
31	0.001	93	4	0.06984844191811918
31	0.001	93	6	0.06984844191811918
31	0.001	93	2	0.06984844191811918
31	0.001	93	17	0.05294702446591508
31	0.001	93	77	0.035239766666788845
31	0.001	93	67	0.01303510632629228
31	0.001	93	33	0.035239766666788845
31	0.001	93	59	0.035239766666788845
31	0.001	93	20	0.035239766666788845
31	0.001	93	94	0.035239766666788845
31	0.001	93	28	0.035239766666788845
31	0.001	93	84	0.035239766666788845
31	0.001	93	100	0.014179086007579934
31	0.001	93	70	0.014179086007579934
31	0.001	94	74	0.14418614918116027
31	0.001	94	0	0.14418614918116027
31	0.001	94	7	0.09515218597924142
31	0.001	94	17	0.028337790544158373
31	0.001	94	1	0.09515218597924142
31	0.001	94	3	0.09515218597924142
31	0.001	94	4	0.09515218597924142
31	0.001	94	78	0.028337790544158373
31	0.001	94	2	0.09515218597924142
31	0.001	94	6	0.09515218597924142
31	0.001	94	67	0.012581313176062989
31	0.001	94	42	0.012581313176062989
31	0.001	94	79	0.028337790544158373
31	0.001	94	12	0.028337790544158373
31	0.001	94	44	0.028337790544158373
31	0.001	94	94	0.028337790544158373
31	0.001	94	82	0.028337790544158373
31	0.001	94	20	0.028337790544158373
31	0.001	94	59	0.02444174022255736
31	0.001	94	84	0.02444174022255736
31	0.001	94	77	0.014358835512347023
31	0.001	95	74	0.13396157886828894
31	0.001	95	0	0.13396157886828894
31	0.001	95	73	0.13396157886828894
31	0.001	95	7	0.13396157886828894
31	0.001	95	3	0.13396157886828894
31	0.001	95	17	0.030364173719420677
31	0.001	95	1	0.13396157886828894
31	0.001	95	4	0.13396157886828894
31	0.001	95	6	0.13396157886828894
31	0.001	95	2	0.13396157886828894
31	0.001	95	94	0.030364173719420677
31	0.001	95	44	0.0125608325795437
31	0.001	95	59	0.030364173719420677
31	0.001	95	20	0.030364173719420677
31	0.001	95	84	0.030364173719420677
31	0.001	95	77	0.017137494368213334
31	0.001	95	28	0.017137494368213334
31	0.001	95	42	0.009844491335735504
31	0.001	95	78	0.009844491335735504
31	0.001	95	100	0.010152715388651482
31	0.001	95	15	0.010152715388651482
31	0.001	95	70	0.010152715388651482
31	0.001	96	74	0.08609052801454242
31	0.001	96	0	0.08609052801454242
31	0.001	96	73	0.08609052801454242
31	0.001	96	7	0.08609052801454242
31	0.001	96	3	0.08609052801454242
31	0.001	96	1	0.08609052801454242
31	0.001	96	4	0.08609052801454242
31	0.001	96	2	0.08609052801454242
31	0.001	96	6	0.08609052801454242
31	0.001	96	17	0.05042135324727296
31	0.001	96	44	0.018306101489828974
31	0.001	96	78	0.018306101489828974
31	0.001	96	94	0.03174252392546796
31	0.001	96	20	0.03174252392546796
31	0.001	96	77	0.03174252392546796
31	0.001	96	33	0.03174252392546796
31	0.001	96	59	0.015402400380344199
31	0.001	96	84	0.01067676999606413
31	0.001	96	42	0.01067676999606413
31	0.001	96	67	0.01067676999606413
31	0.001	97	74	0.07209012568772785
31	0.001	97	0	0.07209012568772785
31	0.001	97	73	0.05693181054387822
31	0.001	97	44	0.024975297143204553
31	0.001	97	3	0.05693181054387822
31	0.001	97	7	0.05693181054387822
31	0.001	97	1	0.05693181054387822
31	0.001	97	4	0.05693181054387822
31	0.001	97	2	0.05693181054387822
31	0.001	97	6	0.05693181054387822
31	0.001	97	17	0.03133068823261705
31	0.001	97	42	0.024975297143204553
31	0.001	97	67	0.024975297143204553
31	0.001	97	12	0.024975297143204553
31	0.001	97	82	0.024975297143204553
31	0.001	97	78	0.024975297143204553
31	0.001	97	79	0.024975297143204553
31	0.001	97	77	0.009874574622054957
31	0.001	97	94	0.024975297143204553
31	0.001	97	20	0.024975297143204553
31	0.001	97	36	0.019500481446419592
31	0.001	98	74	0.12102803401867883
31	0.001	98	0	0.12102803401867883
31	0.001	98	73	0.12102803401867883
31	0.001	98	7	0.12102803401867883
31	0.001	98	3	0.12102803401867883
31	0.001	98	17	0.02545972879453202
31	0.001	98	1	0.12102803401867883
31	0.001	98	4	0.12102803401867883
31	0.001	98	6	0.12102803401867883
31	0.001	98	2	0.12102803401867883
31	0.001	98	20	0.02545972879453202
31	0.001	98	94	0.02545972879453202
31	0.001	98	44	0.008839689678254018
31	0.001	98	77	0.02545972879453202
31	0.001	98	59	0.02545972879453202
31	0.001	98	84	0.02545972879453202
31	0.001	98	33	0.02545972879453202
31	0.001	98	28	0.02545972879453202
31	0.001	98	15	0.011317980336681048
31	0.001	98	70	0.011280899024058521
31	0.001	98	100	0.011280899024058521
31	0.001	99	74	0.118578120565472
31	0.001	99	0	0.118578120565472
31	0.001	99	73	0.118578120565472
31	0.001	99	7	0.118578120565472
31	0.001	99	3	0.118578120565472
31	0.001	99	4	0.118578120565472
31	0.001	99	1	0.118578120565472
31	0.001	99	6	0.118578120565472
31	0.001	99	2	0.118578120565472
31	0.001	99	17	0.04339161338533423
31	0.001	99	44	0.014446042518686211
31	0.001	99	78	0.014446042518686211
31	0.001	99	42	0.004360202110073137
31	0.001	99	77	0.04339161338533423
31	0.001	99	59	0.04339161338533423
31	0.001	99	20	0.04339161338533423
31	0.001	99	94	0.04339161338533423
31	0.001	99	84	0.04339161338533423
31	0.001	99	28	0.04339161338533423
31	0.001	99	33	0.04339161338533423
31	0.001	99	15	0.014498963627619363
31	0.001	100	74	0.11702175072438907
31	0.001	100	0	0.11702175072438907
31	0.001	100	73	0.11702175072438907
31	0.001	100	7	0.11702175072438907
31	0.001	100	3	0.11702175072438907
31	0.001	100	4	0.11702175072438907
31	0.001	100	1	0.11702175072438907
31	0.001	100	6	0.11702175072438907
31	0.001	100	2	0.11702175072438907
31	0.001	100	77	0.03046415047290609
31	0.001	100	20	0.03046415047290609
31	0.001	100	94	0.03046415047290609
31	0.001	100	44	0.008871155399521848
31	0.001	100	17	0.03046415047290609
31	0.001	100	59	0.03046415047290609
31	0.001	100	84	0.03046415047290609
31	0.001	100	28	0.03046415047290609
31	0.001	100	78	0.00762559648036142
31	0.001	100	33	0.013887951577932075
31	0.001	100	15	0.013887951577932075
31	0.001	100	100	0.013887951577932075
31	0.001	100	70	0.013887951577932075
31	0.01	1	74	0.08830148763322435
31	0.01	1	0	0.08830148763322435
31	0.01	1	73	0.08830148763322435
31	0.01	1	7	0.08830148763322435
31	0.01	1	3	0.08830148763322435
31	0.01	1	44	0.023001677364943966
31	0.01	1	4	0.08830148763322435
31	0.01	1	1	0.08830148763322435
31	0.01	1	6	0.08830148763322435
31	0.01	1	2	0.08830148763322435
31	0.01	1	17	0.04993443762857302
31	0.01	1	77	0.02574793933014113
31	0.01	1	59	0.02574793933014113
31	0.01	1	78	0.006362677742144483
31	0.01	1	20	0.02574793933014113
31	0.01	1	33	0.02574793933014113
31	0.01	1	94	0.02574793933014113
31	0.01	1	84	0.02574793933014113
31	0.01	1	28	0.02574793933014113
31	0.01	1	100	0.017742543479904668
31	0.01	1	15	0.011990939271929258
31	0.01	2	74	0.11660539954764285
31	0.01	2	0	0.11660539954764285
31	0.01	2	17	0.033642507436299915
31	0.01	2	73	0.026407596929716674
31	0.01	2	3	0.08309603372666469
31	0.01	2	7	0.08309603372666469
31	0.01	2	77	0.026407596929716674
31	0.01	2	2	0.08309603372666469
31	0.01	2	6	0.08309603372666469
31	0.01	2	1	0.08309603372666469
31	0.01	2	4	0.08309603372666469
31	0.01	2	33	0.026407596929716674
31	0.01	2	44	0.01804328110374042
31	0.01	2	78	0.01804328110374042
31	0.01	2	59	0.026407596929716674
31	0.01	2	94	0.026407596929716674
31	0.01	2	84	0.026407596929716674
31	0.01	2	28	0.01804328110374042
31	0.01	2	42	0.01804328110374042
31	0.01	2	20	0.0023915032104392707
31	0.01	2	82	0.01804328110374042
31	0.01	3	74	0.0971747270300555
31	0.01	3	0	0.0971747270300555
31	0.01	3	73	0.0971747270300555
31	0.01	3	7	0.0971747270300555
31	0.01	3	3	0.0971747270300555
31	0.01	3	44	0.013861565519198107
31	0.01	3	1	0.0971747270300555
31	0.01	3	4	0.0971747270300555
31	0.01	3	6	0.0971747270300555
31	0.01	3	2	0.0971747270300555
31	0.01	3	17	0.05541700800819085
31	0.01	3	78	0.009639459017413511
31	0.01	3	77	0.05311652346349606
31	0.01	3	59	0.05311652346349606
31	0.01	3	94	0.05311652346349606
31	0.01	3	33	0.05311652346349606
31	0.01	3	20	0.05311652346349606
31	0.01	3	84	0.05311652346349606
31	0.01	3	28	0.05311652346349606
31	0.01	3	15	0.008662011322848497
31	0.01	4	74	0.08815724418824247
31	0.01	4	0	0.08815724418824247
31	0.01	4	73	0.08815724418824247
31	0.01	4	7	0.08815724418824247
31	0.01	4	4	0.08815724418824247
31	0.01	4	44	0.020083904119614294
31	0.01	4	17	0.04263413485228903
31	0.01	4	1	0.08815724418824247
31	0.01	4	3	0.08815724418824247
31	0.01	4	2	0.08815724418824247
31	0.01	4	6	0.08815724418824247
31	0.01	4	77	0.04263413485228903
31	0.01	4	94	0.04263413485228903
31	0.01	4	59	0.04263413485228903
31	0.01	4	33	0.04263413485228903
31	0.01	4	28	0.020083904119614294
31	0.01	4	84	0.020083904119614294
31	0.01	4	15	0.020083904119614294
31	0.01	4	70	0.020083904119614294
31	0.01	4	42	0.00277298587693814
31	0.01	5	74	0.10663290756555398
31	0.01	5	0	0.10663290756555398
31	0.01	5	73	0.07146609664236513
31	0.01	5	7	0.07146609664236513
31	0.01	5	3	0.07146609664236513
31	0.01	5	4	0.07146609664236513
31	0.01	5	1	0.07146609664236513
31	0.01	5	2	0.07146609664236513
31	0.01	5	6	0.07146609664236513
31	0.01	5	17	0.044194178172605604
31	0.01	5	77	0.03202933845679384
31	0.01	5	33	0.03202933845679384
31	0.01	5	94	0.03202933845679384
31	0.01	5	59	0.03202933845679384
31	0.01	5	44	0.008036304831514806
31	0.01	5	78	0.008036304831514806
31	0.01	5	84	0.03202933845679384
31	0.01	5	20	0.03202933845679384
31	0.01	5	28	0.03202933845679384
31	0.01	5	15	0.012645974360324276
31	0.01	5	100	0.012195656950436926
31	0.01	6	74	0.10141054875075504
31	0.01	6	0	0.10141054875075504
31	0.01	6	73	0.10141054875075504
31	0.01	6	17	0.05326939049930878
31	0.01	6	3	0.10141054875075504
31	0.01	6	7	0.10141054875075504
31	0.01	6	44	0.011252426006342825
31	0.01	6	4	0.10141054875075504
31	0.01	6	1	0.10141054875075504
31	0.01	6	6	0.10141054875075504
31	0.01	6	2	0.10141054875075504
31	0.01	6	78	0.011252426006342825
31	0.01	6	59	0.0294249599168012
31	0.01	6	77	0.0294249599168012
31	0.01	6	84	0.0294249599168012
31	0.01	6	82	0.009817223437290854
31	0.01	6	12	0.009817223437290854
31	0.01	6	67	0.009817223437290854
31	0.01	6	42	0.009817223437290854
31	0.01	6	28	0.0294249599168012
31	0.01	6	94	0.0294249599168012
31	0.01	6	33	0.0294249599168012
31	0.01	6	20	0.0294249599168012
31	0.01	6	15	0.0294249599168012
31	0.01	6	100	0.0294249599168012
31	0.01	6	70	0.0294249599168012
31	0.01	7	74	0.14582152908599086
31	0.01	7	0	0.14582152908599086
31	0.01	7	7	0.10217092183518428
31	0.01	7	3	0.10217092183518428
31	0.01	7	4	0.10217092183518428
31	0.01	7	1	0.10217092183518428
31	0.01	7	2	0.10217092183518428
31	0.01	7	6	0.10217092183518428
31	0.01	7	17	0.04984538568951514
31	0.01	7	94	0.04984538568951514
31	0.01	7	59	0.04984538568951514
31	0.01	7	77	0.04984538568951514
31	0.01	7	84	0.04984538568951514
31	0.01	7	28	0.04984538568951514
31	0.01	7	70	0.03854030403804863
31	0.01	7	100	0.03854030403804863
31	0.01	7	82	0.04984538568951514
31	0.01	7	44	0.04984538568951514
31	0.01	7	78	0.04984538568951514
31	0.01	7	83	0.03854030403804863
31	0.01	7	35	0.03854030403804863
31	0.01	7	12	0.04984538568951514
31	0.01	7	66	0.04984538568951514
31	0.01	7	79	0.04984538568951514
31	0.01	8	74	0.10549349094950947
31	0.01	8	0	0.10549349094950947
31	0.01	8	73	0.10549349094950947
31	0.01	8	7	0.10549349094950947
31	0.01	8	3	0.10549349094950947
31	0.01	8	17	0.031934060398903494
31	0.01	8	4	0.10549349094950947
31	0.01	8	1	0.10549349094950947
31	0.01	8	6	0.10549349094950947
31	0.01	8	2	0.10549349094950947
31	0.01	8	44	0.019319594115923478
31	0.01	8	78	0.019319594115923478
31	0.01	8	82	0.01722064188855723
31	0.01	8	67	0.01722064188855723
31	0.01	8	42	0.01722064188855723
31	0.01	8	77	0.016662318377173448
31	0.01	8	12	0.01722064188855723
31	0.01	8	36	0.016662318377173448
31	0.01	8	59	0.016662318377173448
31	0.01	8	79	0.016662318377173448
31	0.01	9	74	0.11246002166817466
31	0.01	9	0	0.11246002166817466
31	0.01	9	73	0.11246002166817466
31	0.01	9	7	0.11246002166817466
31	0.01	9	3	0.11246002166817466
31	0.01	9	4	0.11246002166817466
31	0.01	9	94	0.022251410202384653
31	0.01	9	20	0.022251410202384653
31	0.01	9	17	0.022251410202384653
31	0.01	9	2	0.11246002166817466
31	0.01	9	6	0.11246002166817466
31	0.01	9	1	0.11246002166817466
31	0.01	9	44	0.022251410202384653
31	0.01	9	84	0.022251410202384653
31	0.01	9	59	0.022251410202384653
31	0.01	9	67	0.008492406757034363
31	0.01	9	42	0.008492406757034363
31	0.01	9	12	0.022251410202384653
31	0.01	9	82	0.022251410202384653
31	0.01	9	78	0.022251410202384653
31	0.01	9	28	0.022251410202384653
31	0.01	9	79	0.022251410202384653
31	0.01	10	74	0.10059787655307076
31	0.01	10	0	0.10059787655307076
31	0.01	10	73	0.10059787655307076
31	0.01	10	7	0.10059787655307076
31	0.01	10	3	0.10059787655307076
31	0.01	10	44	0.01312922517154194
31	0.01	10	1	0.10059787655307076
31	0.01	10	4	0.10059787655307076
31	0.01	10	6	0.10059787655307076
31	0.01	10	2	0.10059787655307076
31	0.01	10	17	0.05122011621497997
31	0.01	10	78	0.00418874329381471
31	0.01	10	59	0.04344422564883415
31	0.01	10	77	0.04344422564883415
31	0.01	10	94	0.04344422564883415
31	0.01	10	20	0.04344422564883415
31	0.01	10	33	0.04344422564883415
31	0.01	10	28	0.04344422564883415
31	0.01	10	84	0.04344422564883415
31	0.01	10	15	0.009206569369110372
31	0.01	10	70	0.00721751800985984
31	0.01	10	100	0.00721751800985984
31	0.01	11	74	0.10548823553032048
31	0.01	11	0	0.10548823553032048
31	0.01	11	73	0.10548823553032048
31	0.01	11	17	0.04563230033383976
31	0.01	11	44	0.009435269739227169
31	0.01	11	1	0.10548823553032048
31	0.01	11	7	0.10548823553032048
31	0.01	11	3	0.10548823553032048
31	0.01	11	4	0.10548823553032048
31	0.01	11	6	0.10548823553032048
31	0.01	11	2	0.10548823553032048
31	0.01	11	77	0.023813215395499625
31	0.01	11	42	0.0016520396652813822
31	0.01	11	20	0.023813215395499625
31	0.01	11	94	0.023813215395499625
31	0.01	11	59	0.023813215395499625
31	0.01	11	84	0.023813215395499625
31	0.01	11	28	0.023813215395499625
31	0.01	11	33	0.023813215395499625
31	0.01	11	100	0.021569011859014317
31	0.01	11	70	0.014773084570038116
31	0.01	12	74	0.07331615064588985
31	0.01	12	0	0.0654612630136007
31	0.01	12	73	0.0654612630136007
31	0.01	12	7	0.0654612630136007
31	0.01	12	3	0.0654612630136007
31	0.01	12	44	0.016075773612511723
31	0.01	12	4	0.0654612630136007
31	0.01	12	1	0.0654612630136007
31	0.01	12	2	0.0654612630136007
31	0.01	12	6	0.0654612630136007
31	0.01	12	17	0.044939124234556545
31	0.01	12	77	0.03389290161442247
31	0.01	12	33	0.03389290161442247
31	0.01	12	20	0.03389290161442247
31	0.01	12	94	0.03389290161442247
31	0.01	12	59	0.03389290161442247
31	0.01	12	84	0.013347566611022479
31	0.01	12	78	0.016075773612511723
31	0.01	12	42	0.016075773612511723
31	0.01	12	67	0.01298921583900977
31	0.01	13	74	0.09685730978751798
31	0.01	13	0	0.09685730978751798
31	0.01	13	73	0.09685730978751798
31	0.01	13	17	0.05410682509817145
31	0.01	13	7	0.09685730978751798
31	0.01	13	3	0.09685730978751798
31	0.01	13	44	0.010244387683519955
31	0.01	13	4	0.09685730978751798
31	0.01	13	1	0.09685730978751798
31	0.01	13	2	0.09685730978751798
31	0.01	13	6	0.09685730978751798
31	0.01	13	77	0.023335249383802745
31	0.01	13	33	0.023335249383802745
31	0.01	13	94	0.023335249383802745
31	0.01	13	20	0.023335249383802745
31	0.01	13	59	0.023335249383802745
31	0.01	13	42	0.011932050304830756
31	0.01	13	82	0.004763025636895331
31	0.01	13	84	0.006943825344231907
31	0.01	13	67	0.006943825344231907
31	0.01	14	74	0.084885170363779
31	0.01	14	0	0.084885170363779
31	0.01	14	73	0.08453307685786679
31	0.01	14	7	0.08453307685786679
31	0.01	14	3	0.08453307685786679
31	0.01	14	17	0.06216081891607394
31	0.01	14	4	0.08453307685786679
31	0.01	14	1	0.08453307685786679
31	0.01	14	2	0.08453307685786679
31	0.01	14	6	0.08453307685786679
31	0.01	14	94	0.048635772488113335
31	0.01	14	77	0.048635772488113335
31	0.01	14	33	0.048635772488113335
31	0.01	14	20	0.048635772488113335
31	0.01	14	84	0.048635772488113335
31	0.01	14	59	0.048635772488113335
31	0.01	14	28	0.024547126813767785
31	0.01	14	100	0.015680986375316897
31	0.01	14	70	0.015680986375316897
31	0.01	14	67	0.013142082707561818
31	0.01	15	74	0.09009746799034378
31	0.01	15	0	0.09009746799034378
31	0.01	15	73	0.09009746799034378
31	0.01	15	7	0.09009746799034378
31	0.01	15	3	0.09009746799034378
31	0.01	15	17	0.02493871640130819
31	0.01	15	1	0.09009746799034378
31	0.01	15	4	0.09009746799034378
31	0.01	15	6	0.09009746799034378
31	0.01	15	2	0.09009746799034378
31	0.01	15	44	0.022739311852147698
31	0.01	15	78	0.022739311852147698
31	0.01	15	36	0.021076988871525974
31	0.01	15	67	0.021076988871525974
31	0.01	15	42	0.021076988871525974
31	0.01	15	82	0.011116877262786018
31	0.01	15	12	0.011116877262786018
31	0.01	15	77	0.011116877262786018
31	0.01	15	79	0.010577466321564274
31	0.01	15	33	0.011116877262786018
31	0.01	15	66	0.011116877262786018
31	0.01	16	74	0.09795724233560488
31	0.01	16	0	0.09795724233560488
31	0.01	16	73	0.09795724233560488
31	0.01	16	7	0.09795724233560488
31	0.01	16	3	0.09795724233560488
31	0.01	16	4	0.09795724233560488
31	0.01	16	67	0.029782240144730066
31	0.01	16	6	0.09795724233560488
31	0.01	16	2	0.09795724233560488
31	0.01	16	1	0.09795724233560488
31	0.01	16	44	0.029782240144730066
31	0.01	16	17	0.029782240144730066
31	0.01	16	42	0.029782240144730066
31	0.01	16	66	0.029782240144730066
31	0.01	16	78	0.0035580807853239846
31	0.01	16	59	0.029782240144730066
31	0.01	16	36	0.029782240144730066
31	0.01	16	94	0.029782240144730066
31	0.01	16	77	0.022745814905155762
31	0.01	16	33	0.022745814905155762
31	0.01	16	20	0.022745814905155762
31	0.01	17	74	0.07704034046107791
31	0.01	17	0	0.07704034046107791
31	0.01	17	73	0.07704034046107791
31	0.01	17	17	0.02541735217051387
31	0.01	17	3	0.07704034046107791
31	0.01	17	7	0.07704034046107791
31	0.01	17	44	0.042491353461739746
31	0.01	17	6	0.07704034046107791
31	0.01	17	2	0.07704034046107791
31	0.01	17	1	0.07704034046107791
31	0.01	17	4	0.07704034046107791
31	0.01	17	36	0.015970158321018654
31	0.01	17	67	0.015970158321018654
31	0.01	17	79	0.015970158321018654
31	0.01	17	78	0.015970158321018654
31	0.01	17	20	0.015970158321018654
31	0.01	17	42	0.015970158321018654
31	0.01	17	77	0.015970158321018654
31	0.01	17	82	0.015970158321018654
31	0.01	17	94	0.015970158321018654
31	0.01	18	74	0.08770645107464917
31	0.01	18	0	0.08770645107464917
31	0.01	18	73	0.08770645107464917
31	0.01	18	7	0.08770645107464917
31	0.01	18	3	0.08770645107464917
31	0.01	18	44	0.021714470240417026
31	0.01	18	1	0.08770645107464917
31	0.01	18	4	0.08770645107464917
31	0.01	18	6	0.08770645107464917
31	0.01	18	2	0.08770645107464917
31	0.01	18	17	0.0527888509835271
31	0.01	18	77	0.021714470240417026
31	0.01	18	67	0.020770538160304178
31	0.01	18	78	0.021714470240417026
31	0.01	18	12	0.021714470240417026
31	0.01	18	82	0.021714470240417026
31	0.01	18	42	0.020770538160304178
31	0.01	18	79	0.021714470240417026
31	0.01	18	66	0.02003421649990959
31	0.01	18	36	0.02003421649990959
31	0.01	18	59	0.021714470240417026
31	0.01	18	94	0.021714470240417026
31	0.01	18	33	0.021714470240417026
31	0.01	18	20	0.021714470240417026
31	0.01	19	74	0.08941969285256557
31	0.01	19	0	0.08941969285256557
31	0.01	19	73	0.06567877018628568
31	0.01	19	7	0.06630929786804464
31	0.01	19	3	0.06630929786804464
31	0.01	19	44	0.012503965747328863
31	0.01	19	4	0.06630929786804464
31	0.01	19	1	0.06630929786804464
31	0.01	19	2	0.06630929786804464
31	0.01	19	6	0.06630929786804464
31	0.01	19	17	0.04699178499950338
31	0.01	19	77	0.031140325451367013
31	0.01	19	94	0.031140325451367013
31	0.01	19	33	0.031140325451367013
31	0.01	19	20	0.031140325451367013
31	0.01	19	59	0.031140325451367013
31	0.01	19	84	0.02695556669790798
31	0.01	19	28	0.02695556669790798
31	0.01	19	15	0.017232273824489736
31	0.01	19	100	0.017232273824489736
31	0.01	19	70	0.017232273824489736
31	0.01	20	74	0.10760396072097601
31	0.01	20	0	0.10760396072097601
31	0.01	20	73	0.10760396072097601
31	0.01	20	17	0.02822547254879096
31	0.01	20	3	0.10760396072097601
31	0.01	20	7	0.10760396072097601
31	0.01	20	44	0.015599258058022692
31	0.01	20	2	0.10760396072097601
31	0.01	20	6	0.10760396072097601
31	0.01	20	1	0.10760396072097601
31	0.01	20	4	0.10760396072097601
31	0.01	20	67	0.02822547254879096
31	0.01	20	42	0.02822547254879096
31	0.01	20	36	0.02822547254879096
31	0.01	20	82	0.011875820771885617
31	0.01	20	78	0.011875820771885617
31	0.01	20	12	0.009448946236326859
31	0.01	20	59	0.02822547254879096
31	0.01	20	94	0.02822547254879096
31	0.01	20	66	0.02822547254879096
31	0.01	20	20	0.02822547254879096
31	0.01	20	84	0.02822547254879096
31	0.01	20	93	0.02822547254879096
31	0.01	20	28	0.02822547254879096
31	0.01	21	74	0.13938602383766843
31	0.01	21	0	0.13938602383766843
31	0.01	21	73	0.13938602383766843
31	0.01	21	7	0.13938602383766843
31	0.01	21	3	0.13938602383766843
31	0.01	21	17	0.026559703747982777
31	0.01	21	1	0.13938602383766843
31	0.01	21	4	0.13938602383766843
31	0.01	21	6	0.13938602383766843
31	0.01	21	2	0.13938602383766843
31	0.01	21	44	0.026559703747982777
31	0.01	21	78	0.026559703747982777
31	0.01	21	42	0.017661736533610757
31	0.01	21	67	0.017661736533610757
31	0.01	21	94	0.026559703747982777
31	0.01	21	20	0.026559703747982777
31	0.01	21	59	0.026559703747982777
31	0.01	21	77	0.001984638589152249
31	0.01	21	82	0.026559703747982777
31	0.01	21	12	0.026559703747982777
31	0.01	21	79	0.026559703747982777
31	0.01	21	84	0.026559703747982777
31	0.01	21	28	0.026559703747982777
31	0.01	22	74	0.1024258304242068
31	0.01	22	0	0.1024258304242068
31	0.01	22	73	0.1024258304242068
31	0.01	22	7	0.1024258304242068
31	0.01	22	3	0.1024258304242068
31	0.01	22	44	0.0105953050661409
31	0.01	22	4	0.1024258304242068
31	0.01	22	1	0.1024258304242068
31	0.01	22	6	0.1024258304242068
31	0.01	22	2	0.1024258304242068
31	0.01	22	17	0.04983740256914895
31	0.01	22	77	0.04477744249249962
31	0.01	22	59	0.04477744249249962
31	0.01	22	78	0.009496206271751134
31	0.01	22	42	0.009496206271751134
31	0.01	22	12	0.004189159560724296
31	0.01	22	67	0.004189159560724296
31	0.01	22	82	0.004189159560724296
31	0.01	22	28	0.04477744249249962
31	0.01	22	94	0.04477744249249962
31	0.01	22	33	0.04477744249249962
31	0.01	22	84	0.04477744249249962
31	0.01	22	20	0.04477744249249962
31	0.01	22	70	0.011808329898403903
31	0.01	22	100	0.011808329898403903
31	0.01	23	74	0.10552204543452803
31	0.01	23	0	0.10552204543452803
31	0.01	23	73	0.10552204543452803
31	0.01	23	7	0.10552204543452803
31	0.01	23	3	0.10552204543452803
31	0.01	23	17	0.053038522708672944
31	0.01	23	44	0.011794329136505494
31	0.01	23	6	0.10552204543452803
31	0.01	23	2	0.10552204543452803
31	0.01	23	4	0.10552204543452803
31	0.01	23	1	0.10552204543452803
31	0.01	23	94	0.030840937609911807
31	0.01	23	59	0.030840937609911807
31	0.01	23	77	0.030840937609911807
31	0.01	23	20	0.030840937609911807
31	0.01	23	33	0.030840937609911807
31	0.01	23	28	0.030840937609911807
31	0.01	23	84	0.030840937609911807
31	0.01	23	15	0.02213504880687057
31	0.01	23	70	0.014619415898961173
31	0.01	23	100	0.014619415898961173
31	0.01	24	74	0.1073237863527251
31	0.01	24	0	0.1073237863527251
31	0.01	24	73	0.1073237863527251
31	0.01	24	7	0.1073237863527251
31	0.01	24	3	0.1073237863527251
31	0.01	24	17	0.028876137485288625
31	0.01	24	4	0.1073237863527251
31	0.01	24	1	0.1073237863527251
31	0.01	24	2	0.1073237863527251
31	0.01	24	6	0.1073237863527251
31	0.01	24	67	0.015238608612971261
31	0.01	24	42	0.015238608612971261
31	0.01	24	82	0.028876137485288625
31	0.01	24	78	0.028876137485288625
31	0.01	24	44	0.028876137485288625
31	0.01	24	12	0.028876137485288625
31	0.01	24	66	0.005762674510845616
31	0.01	24	20	0.01659407193602353
31	0.01	24	36	0.005762674510845616
31	0.01	24	77	0.028876137485288625
31	0.01	24	79	0.028876137485288625
31	0.01	24	33	0.028876137485288625
31	0.01	24	94	0.028876137485288625
31	0.01	24	93	0.01659407193602353
31	0.01	25	74	0.09076814013800069
31	0.01	25	0	0.09076814013800069
31	0.01	25	73	0.09076814013800069
31	0.01	25	7	0.09076814013800069
31	0.01	25	3	0.09076814013800069
31	0.01	25	17	0.04187019511614897
31	0.01	25	1	0.09076814013800069
31	0.01	25	4	0.09076814013800069
31	0.01	25	2	0.09076814013800069
31	0.01	25	6	0.09076814013800069
31	0.01	25	44	0.022152090356366578
31	0.01	25	78	0.022152090356366578
31	0.01	25	82	0.022152090356366578
31	0.01	25	12	0.022152090356366578
31	0.01	25	42	0.021105957776054243
31	0.01	25	79	0.022152090356366578
31	0.01	25	77	0.022152090356366578
31	0.01	25	67	0.021105957776054243
31	0.01	25	20	0.022152090356366578
31	0.01	25	94	0.022152090356366578
31	0.01	25	59	0.022152090356366578
31	0.01	25	33	0.022152090356366578
31	0.01	26	74	0.1080516146532323
31	0.01	26	0	0.0930571603742835
31	0.01	26	73	0.0930571603742835
31	0.01	26	7	0.0930571603742835
31	0.01	26	3	0.0930571603742835
31	0.01	26	1	0.0930571603742835
31	0.01	26	4	0.0930571603742835
31	0.01	26	2	0.0930571603742835
31	0.01	26	6	0.0930571603742835
31	0.01	26	17	0.04166913007080952
31	0.01	26	78	0.019690061327218407
31	0.01	26	77	0.019690061327218407
31	0.01	26	42	0.019690061327218407
31	0.01	26	67	0.019690061327218407
31	0.01	26	33	0.019209127661687517
31	0.01	26	82	0.019690061327218407
31	0.01	26	20	0.019209127661687517
31	0.01	26	79	0.019690061327218407
31	0.01	26	44	0.019690061327218407
31	0.01	26	12	0.019690061327218407
31	0.01	27	74	0.13986478250680992
31	0.01	27	0	0.13986478250680992
31	0.01	27	73	0.13986478250680992
31	0.01	27	7	0.13986478250680992
31	0.01	27	3	0.13986478250680992
31	0.01	27	44	0.012426674915085463
31	0.01	27	1	0.13986478250680992
31	0.01	27	4	0.13986478250680992
31	0.01	27	6	0.13986478250680992
31	0.01	27	2	0.13986478250680992
31	0.01	27	94	0.027469906944802912
31	0.01	27	17	0.027469906944802912
31	0.01	27	84	0.027469906944802912
31	0.01	27	59	0.027469906944802912
31	0.01	27	20	0.027469906944802912
31	0.01	27	28	0.021555532773330086
31	0.01	27	77	0.021555532773330086
31	0.01	27	15	0.021555532773330086
31	0.01	27	42	0.006633895586721094
31	0.01	27	78	0.006633895586721094
31	0.01	27	70	0.021555532773330086
31	0.01	27	33	0.021555532773330086
31	0.01	27	100	0.021555532773330086
31	0.01	28	74	0.13673338771846288
31	0.01	28	0	0.13673338771846288
31	0.01	28	73	0.13673338771846288
31	0.01	28	7	0.13673338771846288
31	0.01	28	3	0.13673338771846288
31	0.01	28	17	0.029166108530387588
31	0.01	28	44	0.025565601673655885
31	0.01	28	2	0.13673338771846288
31	0.01	28	6	0.13673338771846288
31	0.01	28	4	0.13673338771846288
31	0.01	28	1	0.13673338771846288
31	0.01	28	20	0.029166108530387588
31	0.01	28	94	0.029166108530387588
31	0.01	28	59	0.029166108530387588
31	0.01	28	84	0.025565601673655885
31	0.01	28	28	0.025565601673655885
31	0.01	28	15	0.025565601673655885
31	0.01	28	78	0.004403922550845975
31	0.01	28	33	0.025565601673655885
31	0.01	28	100	0.025565601673655885
31	0.01	28	70	0.025565601673655885
31	0.01	29	74	0.11645149608979179
31	0.01	29	0	0.11645149608979179
31	0.01	29	73	0.11645149608979179
31	0.01	29	17	0.044259773827047266
31	0.01	29	3	0.11645149608979179
31	0.01	29	78	0.018734710163344166
31	0.01	29	44	0.018734710163344166
31	0.01	29	7	0.11645149608979179
31	0.01	29	1	0.11645149608979179
31	0.01	29	4	0.11645149608979179
31	0.01	29	6	0.11645149608979179
31	0.01	29	2	0.11645149608979179
31	0.01	29	77	0.018734710163344166
31	0.01	29	94	0.018734710163344166
31	0.01	29	20	0.018734710163344166
31	0.01	29	59	0.018734710163344166
31	0.01	29	67	0.018734710163344166
31	0.01	29	42	0.018734710163344166
31	0.01	29	33	0.018734710163344166
31	0.01	29	82	0.018734710163344166
31	0.01	30	74	0.08815161608898936
31	0.01	30	0	0.08815161608898936
31	0.01	30	73	0.08815161608898936
31	0.01	30	17	0.041444393079865874
31	0.01	30	7	0.08815161608898936
31	0.01	30	3	0.08815161608898936
31	0.01	30	4	0.08815161608898936
31	0.01	30	1	0.08815161608898936
31	0.01	30	6	0.08815161608898936
31	0.01	30	2	0.08815161608898936
31	0.01	30	94	0.02977351461491822
31	0.01	30	77	0.02977351461491822
31	0.01	30	59	0.02977351461491822
31	0.01	30	33	0.02977351461491822
31	0.01	30	84	0.02977351461491822
31	0.01	30	28	0.02880882543274356
31	0.01	30	20	0.02880882543274356
31	0.01	30	44	0.00966997088275894
31	0.01	30	78	0.00966997088275894
31	0.01	30	70	0.02880882543274356
31	0.01	30	15	0.02880882543274356
31	0.01	30	100	0.02880882543274356
31	0.01	31	74	0.07846901835183875
31	0.01	31	0	0.07846901835183875
31	0.01	31	73	0.07846901835183875
31	0.01	31	7	0.07846901835183875
31	0.01	31	3	0.07846901835183875
31	0.01	31	17	0.05555869582260544
31	0.01	31	44	0.015912996412610545
31	0.01	31	6	0.07846901835183875
31	0.01	31	2	0.07846901835183875
31	0.01	31	4	0.07846901835183875
31	0.01	31	1	0.07846901835183875
31	0.01	31	77	0.030927199252540023
31	0.01	31	78	0.015912996412610545
31	0.01	31	94	0.030927199252540023
31	0.01	31	20	0.030927199252540023
31	0.01	31	33	0.030927199252540023
31	0.01	31	59	0.030927199252540023
31	0.01	31	28	0.030927199252540023
31	0.01	31	84	0.030927199252540023
31	0.01	31	70	0.030927199252540023
31	0.01	32	74	0.11209784309400787
31	0.01	32	73	0.10356223464179433
31	0.01	32	0	0.10356223464179433
31	0.01	32	7	0.10356223464179433
31	0.01	32	3	0.10356223464179433
31	0.01	32	17	0.02724442579690159
31	0.01	32	44	0.022810005316997485
31	0.01	32	6	0.10356223464179433
31	0.01	32	2	0.10356223464179433
31	0.01	32	4	0.10356223464179433
31	0.01	32	1	0.10356223464179433
31	0.01	32	78	0.015052334226753077
31	0.01	32	67	0.017990786694027806
31	0.01	32	42	0.017990786694027806
31	0.01	32	12	0.015052334226753077
31	0.01	32	82	0.015052334226753077
31	0.01	32	79	0.015052334226753077
31	0.01	32	77	0.017990786694027806
31	0.01	32	59	0.017990786694027806
31	0.01	32	94	0.017990786694027806
31	0.01	32	33	0.017990786694027806
31	0.01	32	20	0.017990786694027806
31	0.01	32	36	0.017990786694027806
31	0.01	32	66	0.017990786694027806
31	0.01	33	74	0.09801945235276238
31	0.01	33	7	0.07280733006887018
31	0.01	33	73	0.07280733006887018
31	0.01	33	0	0.07280733006887018
31	0.01	33	1	0.07280733006887018
31	0.01	33	4	0.07280733006887018
31	0.01	33	6	0.07280733006887018
31	0.01	33	2	0.07280733006887018
31	0.01	33	3	0.07280733006887018
31	0.01	33	17	0.057439397923086284
31	0.01	33	44	0.017622488518607225
31	0.01	33	20	0.03090649633076715
31	0.01	33	77	0.03090649633076715
31	0.01	33	94	0.03090649633076715
31	0.01	33	42	0.03090649633076715
31	0.01	33	82	0.008211023830459565
31	0.01	33	67	0.03090649633076715
31	0.01	33	33	0.03090649633076715
31	0.01	33	84	0.03090649633076715
31	0.01	33	59	0.03090649633076715
31	0.01	34	74	0.0885979697505863
31	0.01	34	0	0.0885979697505863
31	0.01	34	73	0.0885979697505863
31	0.01	34	7	0.0885979697505863
31	0.01	34	3	0.0885979697505863
31	0.01	34	44	0.011386494247260449
31	0.01	34	4	0.0885979697505863
31	0.01	34	1	0.0885979697505863
31	0.01	34	2	0.0885979697505863
31	0.01	34	6	0.0885979697505863
31	0.01	34	17	0.04228555598279769
31	0.01	34	77	0.038674855205307286
31	0.01	34	20	0.038674855205307286
31	0.01	34	33	0.038674855205307286
31	0.01	34	78	0.011386494247260449
31	0.01	34	94	0.038674855205307286
31	0.01	34	59	0.038674855205307286
31	0.01	34	84	0.03739257733362173
31	0.01	34	28	0.03739257733362173
31	0.01	34	15	0.013048879605944705
31	0.01	34	18	0.009712922584740833
31	0.01	35	74	0.11787580662718955
31	0.01	35	0	0.11787580662718955
31	0.01	35	73	0.11787580662718955
31	0.01	35	7	0.11787580662718955
31	0.01	35	3	0.11787580662718955
31	0.01	35	4	0.11787580662718955
31	0.01	35	1	0.11787580662718955
31	0.01	35	6	0.11787580662718955
31	0.01	35	2	0.11787580662718955
31	0.01	35	17	0.02804007850048474
31	0.01	35	78	0.02804007850048474
31	0.01	35	94	0.02804007850048474
31	0.01	35	20	0.02804007850048474
31	0.01	35	42	0.019170437742228173
31	0.01	35	67	0.019170437742228173
31	0.01	35	44	0.02804007850048474
31	0.01	35	79	0.02804007850048474
31	0.01	35	12	0.02804007850048474
31	0.01	35	82	0.02804007850048474
31	0.01	35	77	0.02804007850048474
31	0.01	35	33	0.02804007850048474
31	0.01	35	28	0.02804007850048474
31	0.01	36	74	0.09923693872856275
31	0.01	36	0	0.09923693872856275
31	0.01	36	73	0.06641146533389213
31	0.01	36	7	0.06641146533389213
31	0.01	36	3	0.06641146533389213
31	0.01	36	17	0.05308143110599019
31	0.01	36	1	0.06641146533389213
31	0.01	36	4	0.06641146533389213
31	0.01	36	6	0.06641146533389213
31	0.01	36	2	0.06641146533389213
31	0.01	36	77	0.02370604821336303
31	0.01	36	44	0.015061912641280952
31	0.01	36	20	0.02370604821336303
31	0.01	36	33	0.02370604821336303
31	0.01	36	59	0.02370604821336303
31	0.01	36	94	0.02370604821336303
31	0.01	36	84	0.02370604821336303
31	0.01	36	28	0.015061912641280952
31	0.01	36	67	0.015061912641280952
31	0.01	36	42	0.015061912641280952
31	0.01	37	74	0.12041051190554973
31	0.01	37	0	0.12041051190554973
31	0.01	37	73	0.12041051190554973
31	0.01	37	3	0.12041051190554973
31	0.01	37	7	0.12041051190554973
31	0.01	37	4	0.12041051190554973
31	0.01	37	1	0.12041051190554973
31	0.01	37	2	0.12041051190554973
31	0.01	37	6	0.12041051190554973
31	0.01	37	20	0.03885992719176177
31	0.01	37	94	0.03885992719176177
31	0.01	37	44	0.02417421583035576
31	0.01	37	17	0.03885992719176177
31	0.01	37	59	0.03885992719176177
31	0.01	37	12	0.0032114484139860963
31	0.01	37	28	0.020851077004777004
31	0.01	37	84	0.020851077004777004
31	0.01	37	77	0.011969162566941612
31	0.01	37	15	0.005893116236077247
31	0.01	37	78	0.0032114484139860963
31	0.01	37	33	0.005893116236077247
31	0.01	37	100	0.005893116236077247
31	0.01	38	0	0.0612970037647639
31	0.01	38	74	0.0612970037647639
31	0.01	38	73	0.0612970037647639
31	0.01	38	17	0.0612970037647639
31	0.01	38	44	0.04958334705046378
31	0.01	38	3	0.0612970037647639
31	0.01	38	7	0.0612970037647639
31	0.01	38	1	0.0612970037647639
31	0.01	38	6	0.0612970037647639
31	0.01	38	2	0.0612970037647639
31	0.01	38	4	0.0612970037647639
31	0.01	38	77	0.04958334705046378
31	0.01	38	82	0.005271907047473821
31	0.01	38	33	0.04958334705046378
31	0.01	38	59	0.04958334705046378
31	0.01	38	20	0.04958334705046378
31	0.01	38	94	0.04958334705046378
31	0.01	38	84	0.04958334705046378
31	0.01	38	28	0.04958334705046378
31	0.01	38	15	0.02140993275875563
31	0.01	38	71	0.02140993275875563
31	0.01	39	74	0.09381413055094946
31	0.01	39	0	0.09381413055094946
31	0.01	39	73	0.09381413055094946
31	0.01	39	7	0.09381413055094946
31	0.01	39	3	0.09381413055094946
31	0.01	39	17	0.04976671492597162
31	0.01	39	1	0.09381413055094946
31	0.01	39	4	0.09381413055094946
31	0.01	39	2	0.09381413055094946
31	0.01	39	6	0.09381413055094946
31	0.01	39	77	0.04976671492597162
31	0.01	39	78	0.009649984125592492
31	0.01	39	44	0.009649984125592492
31	0.01	39	82	0.0018523727923816877
31	0.01	39	59	0.04976671492597162
31	0.01	39	20	0.04976671492597162
31	0.01	39	33	0.04976671492597162
31	0.01	39	94	0.04976671492597162
31	0.01	39	84	0.04976671492597162
31	0.01	39	28	0.04976671492597162
31	0.01	39	15	0.010323637789283406
31	0.01	39	70	0.0041704997894192455
31	0.01	40	74	0.09336389730096671
31	0.01	40	0	0.09336389730096671
31	0.01	40	73	0.09336389730096671
31	0.01	40	7	0.09336389730096671
31	0.01	40	3	0.09336389730096671
31	0.01	40	44	0.017442774849854847
31	0.01	40	4	0.09336389730096671
31	0.01	40	1	0.09336389730096671
31	0.01	40	6	0.09336389730096671
31	0.01	40	2	0.09336389730096671
31	0.01	40	17	0.04651875686661426
31	0.01	40	77	0.017442774849854847
31	0.01	40	78	0.017442774849854847
31	0.01	40	59	0.017442774849854847
31	0.01	40	42	0.0028221592642593205
31	0.01	40	20	0.017442774849854847
31	0.01	40	33	0.017442774849854847
31	0.01	40	84	0.017442774849854847
31	0.01	40	94	0.017442774849854847
31	0.01	40	28	0.017442774849854847
31	0.01	40	12	0.008210498353593783
31	0.01	41	74	0.11480782875611063
31	0.01	41	0	0.11480782875611063
31	0.01	41	73	0.11480782875611063
31	0.01	41	7	0.11480782875611063
31	0.01	41	3	0.11480782875611063
31	0.01	41	4	0.11480782875611063
31	0.01	41	1	0.11480782875611063
31	0.01	41	2	0.11480782875611063
31	0.01	41	6	0.11480782875611063
31	0.01	41	17	0.0272991365086186
31	0.01	41	44	0.01838118946583888
31	0.01	41	78	0.01838118946583888
31	0.01	41	82	0.01838118946583888
31	0.01	41	20	0.01838118946583888
31	0.01	41	12	0.01838118946583888
31	0.01	41	79	0.01838118946583888
31	0.01	41	42	0.01838118946583888
31	0.01	41	67	0.01838118946583888
31	0.01	41	36	0.01838118946583888
31	0.01	41	77	0.01838118946583888
31	0.01	42	74	0.0964577776571124
31	0.01	42	0	0.0964577776571124
31	0.01	42	73	0.0964577776571124
31	0.01	42	17	0.0439479174930508
31	0.01	42	44	0.01682866014240827
31	0.01	42	3	0.0964577776571124
31	0.01	42	7	0.0964577776571124
31	0.01	42	1	0.0964577776571124
31	0.01	42	6	0.0964577776571124
31	0.01	42	2	0.0964577776571124
31	0.01	42	4	0.0964577776571124
31	0.01	42	78	0.01682866014240827
31	0.01	42	42	0.030960199044951484
31	0.01	42	77	0.030960199044951484
31	0.01	42	82	0.01682866014240827
31	0.01	42	67	0.030960199044951484
31	0.01	42	59	0.030960199044951484
31	0.01	42	66	0.030960199044951484
31	0.01	42	20	0.030960199044951484
31	0.01	42	33	0.030960199044951484
31	0.01	42	79	0.0038127922823720066
31	0.01	42	12	0.0038127922823720066
31	0.01	42	28	0.030960199044951484
31	0.01	42	94	0.030960199044951484
31	0.01	42	36	0.030960199044951484
31	0.01	43	74	0.0975623370368303
31	0.01	43	7	0.0975623370368303
31	0.01	43	73	0.0975623370368303
31	0.01	43	0	0.0975623370368303
31	0.01	43	78	0.0354127211598011
31	0.01	43	1	0.0975623370368303
31	0.01	43	4	0.0975623370368303
31	0.01	43	2	0.0975623370368303
31	0.01	43	3	0.0975623370368303
31	0.01	43	6	0.0975623370368303
31	0.01	43	17	0.0354127211598011
31	0.01	43	12	0.0354127211598011
31	0.01	43	36	0.0354127211598011
31	0.01	43	67	0.0354127211598011
31	0.01	43	42	0.0354127211598011
31	0.01	43	20	0.0354127211598011
31	0.01	43	82	0.0354127211598011
31	0.01	43	44	0.0354127211598011
31	0.01	43	79	0.0354127211598011
31	0.01	43	59	0.0354127211598011
31	0.01	44	74	0.14207501568569508
31	0.01	44	0	0.14207501568569508
31	0.01	44	73	0.14207501568569508
31	0.01	44	7	0.14207501568569508
31	0.01	44	3	0.14207501568569508
31	0.01	44	17	0.02480264967187573
31	0.01	44	4	0.14207501568569508
31	0.01	44	1	0.14207501568569508
31	0.01	44	2	0.14207501568569508
31	0.01	44	6	0.14207501568569508
31	0.01	44	59	0.02480264967187573
31	0.01	44	94	0.02480264967187573
31	0.01	44	84	0.02480264967187573
31	0.01	44	28	0.02480264967187573
31	0.01	44	20	0.02480264967187573
31	0.01	44	77	0.02480264967187573
31	0.01	44	44	0.011865265866767014
31	0.01	44	78	0.011865265866767014
31	0.01	44	42	0.006877571874790936
31	0.01	44	33	0.004593108176957672
31	0.01	45	74	0.08124999132422779
31	0.01	45	0	0.08124999132422779
31	0.01	45	73	0.08124999132422779
31	0.01	45	17	0.030884094032874187
31	0.01	45	7	0.08124999132422779
31	0.01	45	3	0.08124999132422779
31	0.01	45	1	0.08124999132422779
31	0.01	45	6	0.08124999132422779
31	0.01	45	2	0.08124999132422779
31	0.01	45	4	0.08124999132422779
31	0.01	45	44	0.023502545280353993
31	0.01	45	78	0.023502545280353993
31	0.01	45	82	0.023502545280353993
31	0.01	45	77	0.023502545280353993
31	0.01	45	36	0.018323225227471207
31	0.01	45	67	0.018323225227471207
31	0.01	45	42	0.018323225227471207
31	0.01	45	79	0.023502545280353993
31	0.01	45	12	0.023502545280353993
31	0.01	45	20	0.007761505549865577
31	0.01	45	94	0.0042431701156120105
31	0.01	45	66	0.01311677477988815
31	0.01	46	74	0.13517751444649906
31	0.01	46	0	0.13517751444649906
31	0.01	46	73	0.13517751444649906
31	0.01	46	7	0.13517751444649906
31	0.01	46	3	0.13517751444649906
31	0.01	46	1	0.13517751444649906
31	0.01	46	42	0.027591948186861635
31	0.01	46	6	0.13517751444649906
31	0.01	46	2	0.13517751444649906
31	0.01	46	4	0.13517751444649906
31	0.01	46	94	0.03944599315235101
31	0.01	46	59	0.03944599315235101
31	0.01	46	84	0.027591948186861635
31	0.01	46	28	0.027591948186861635
31	0.01	46	67	0.027591948186861635
31	0.01	46	33	0.002281513823583304
31	0.01	46	44	0.027591948186861635
31	0.01	46	82	0.027591948186861635
31	0.01	46	12	0.027591948186861635
31	0.01	46	78	0.027591948186861635
31	0.01	46	79	0.007352082662884103
31	0.01	47	74	0.10583530623461793
31	0.01	47	0	0.10583530623461793
31	0.01	47	73	0.10583530623461793
31	0.01	47	7	0.10583530623461793
31	0.01	47	3	0.10583530623461793
31	0.01	47	94	0.020904237995602242
31	0.01	47	67	0.028605608246743356
31	0.01	47	42	0.028605608246743356
31	0.01	47	4	0.10583530623461793
31	0.01	47	1	0.10583530623461793
31	0.01	47	2	0.10583530623461793
31	0.01	47	6	0.10583530623461793
31	0.01	47	44	0.02001327959169802
31	0.01	47	59	0.020904237995602242
31	0.01	47	17	0.020904237995602242
31	0.01	47	78	0.02001327959169802
31	0.01	47	82	0.02001327959169802
31	0.01	47	33	0.02001327959169802
31	0.01	47	36	0.014708281594522398
31	0.01	47	66	0.014708281594522398
31	0.01	47	84	0.014708281594522398
31	0.01	47	93	0.014708281594522398
31	0.01	47	20	0.02001327959169802
31	0.01	47	12	0.02001327959169802
31	0.01	47	79	0.02001327959169802
31	0.01	48	74	0.07658211555963018
31	0.01	48	0	0.07658211555963018
31	0.01	48	73	0.07658211555963018
31	0.01	48	7	0.07658211555963018
31	0.01	48	42	0.01768891527342366
31	0.01	48	4	0.07658211555963018
31	0.01	48	3	0.07658211555963018
31	0.01	48	1	0.07658211555963018
31	0.01	48	6	0.07658211555963018
31	0.01	48	2	0.07658211555963018
31	0.01	48	17	0.02801281098633016
31	0.01	48	59	0.02801281098633016
31	0.01	48	33	0.02801281098633016
31	0.01	48	20	0.02801281098633016
31	0.01	48	84	0.02801281098633016
31	0.01	48	94	0.02801281098633016
31	0.01	48	78	0.01768891527342366
31	0.01	48	12	0.01768891527342366
31	0.01	48	82	0.01768891527342366
31	0.01	48	44	0.01768891527342366
31	0.01	48	28	0.02801281098633016
31	0.01	48	77	0.02801281098633016
31	0.01	48	15	0.01776275086475259
31	0.01	48	100	0.006058156045667142
31	0.01	48	18	0.006058156045667142
31	0.01	49	74	0.13109571318878277
31	0.01	49	0	0.13109571318878277
31	0.01	49	73	0.13109571318878277
31	0.01	49	3	0.13109571318878277
31	0.01	49	7	0.13109571318878277
31	0.01	49	17	0.026188937352067804
31	0.01	49	2	0.13109571318878277
31	0.01	49	6	0.13109571318878277
31	0.01	49	1	0.13109571318878277
31	0.01	49	4	0.13109571318878277
31	0.01	49	59	0.02501455172890968
31	0.01	49	77	0.019926421956257788
31	0.01	49	20	0.019926421956257788
31	0.01	49	33	0.019926421956257788
31	0.01	49	28	0.019926421956257788
31	0.01	49	94	0.019926421956257788
31	0.01	49	84	0.019926421956257788
31	0.01	49	42	0.019926421956257788
31	0.01	49	67	0.006271650756880669
31	0.01	49	36	0.006271650756880669
31	0.01	50	74	0.13823766053001352
31	0.01	50	0	0.13823766053001352
31	0.01	50	73	0.13823766053001352
31	0.01	50	7	0.13823766053001352
31	0.01	50	3	0.13823766053001352
31	0.01	50	17	0.02582252195689055
31	0.01	50	4	0.13823766053001352
31	0.01	50	1	0.13823766053001352
31	0.01	50	2	0.13823766053001352
31	0.01	50	6	0.13823766053001352
31	0.01	50	20	0.02582252195689055
31	0.01	50	59	0.02582252195689055
31	0.01	50	78	0.0044409459728488275
31	0.01	50	44	0.0044409459728488275
31	0.01	50	94	0.02582252195689055
31	0.01	50	84	0.02582252195689055
31	0.01	50	28	0.021974756947041745
31	0.01	50	77	0.015585986337326442
31	0.01	50	100	0.015585986337326442
31	0.01	50	33	0.015585986337326442
31	0.01	50	15	0.008858044540956947
31	0.01	50	70	0.008767416345153295
31	0.01	51	74	0.15343080206909357
31	0.01	51	0	0.15343080206909357
31	0.01	51	73	0.15343080206909357
31	0.01	51	7	0.15343080206909357
31	0.01	51	44	0.030534947030118095
31	0.01	51	78	0.030534947030118095
31	0.01	51	17	0.0316602169776999
31	0.01	51	1	0.15343080206909357
31	0.01	51	4	0.15343080206909357
31	0.01	51	3	0.15343080206909357
31	0.01	51	2	0.15343080206909357
31	0.01	51	6	0.15343080206909357
31	0.01	51	59	0.0316602169776999
31	0.01	51	94	0.0316602169776999
31	0.01	51	82	0.01747187313619157
31	0.01	51	84	0.01747187313619157
31	0.01	51	28	0.01747187313619157
31	0.01	51	67	0.002849140356285406
31	0.01	51	12	0.01747187313619157
31	0.01	51	79	0.01747187313619157
31	0.01	51	77	0.01747187313619157
31	0.01	52	74	0.08421118189155631
31	0.01	52	0	0.07514157147748546
31	0.01	52	73	0.07514157147748546
31	0.01	52	17	0.051278290594711555
31	0.01	52	7	0.07514157147748546
31	0.01	52	3	0.07514157147748546
31	0.01	52	4	0.07514157147748546
31	0.01	52	1	0.07514157147748546
31	0.01	52	2	0.07514157147748546
31	0.01	52	6	0.07514157147748546
31	0.01	52	77	0.044137275367916805
31	0.01	52	78	0.012419178071191594
31	0.01	52	44	0.007050572084300667
31	0.01	52	20	0.044137275367916805
31	0.01	52	33	0.044137275367916805
31	0.01	52	59	0.044137275367916805
31	0.01	52	94	0.044137275367916805
31	0.01	52	84	0.044137275367916805
31	0.01	52	28	0.044137275367916805
31	0.01	52	15	0.01810276592598692
31	0.01	52	100	0.01810276592598692
31	0.01	52	70	0.01810276592598692
31	0.01	53	74	0.10399713307579349
31	0.01	53	0	0.10399713307579349
31	0.01	53	73	0.060903523760336406
31	0.01	53	44	0.023394095150783934
31	0.01	53	3	0.07368312392705775
31	0.01	53	7	0.07368312392705775
31	0.01	53	4	0.07368312392705775
31	0.01	53	1	0.07368312392705775
31	0.01	53	2	0.07368312392705775
31	0.01	53	6	0.07368312392705775
31	0.01	53	17	0.050761166193403255
31	0.01	53	77	0.017896436746307334
31	0.01	53	94	0.017896436746307334
31	0.01	53	59	0.012649727736093696
31	0.01	53	82	0.012649727736093696
31	0.01	53	12	0.012649727736093696
31	0.01	53	33	0.012649727736093696
31	0.01	53	20	0.012649727736093696
31	0.01	53	84	0.012649727736093696
31	0.01	53	67	0.008911170682133863
31	0.01	53	42	0.008911170682133863
31	0.01	53	78	0.012649727736093696
31	0.01	54	74	0.13011219098981022
31	0.01	54	0	0.13011219098981022
31	0.01	54	73	0.13011219098981022
31	0.01	54	7	0.13011219098981022
31	0.01	54	3	0.13011219098981022
31	0.01	54	1	0.13011219098981022
31	0.01	54	4	0.13011219098981022
31	0.01	54	6	0.13011219098981022
31	0.01	54	2	0.13011219098981022
31	0.01	54	17	0.041213969916910405
31	0.01	54	20	0.041213969916910405
31	0.01	54	78	0.019170550249552103
31	0.01	54	44	0.019170550249552103
31	0.01	54	77	0.041213969916910405
31	0.01	54	59	0.041213969916910405
31	0.01	54	94	0.041213969916910405
31	0.01	54	84	0.041213969916910405
31	0.01	54	28	0.041213969916910405
31	0.01	54	33	0.041213969916910405
31	0.01	54	67	0.002017904843031791
31	0.01	55	74	0.1580890177739816
31	0.01	55	0	0.1580890177739816
31	0.01	55	73	0.1580890177739816
31	0.01	55	7	0.1580890177739816
31	0.01	55	3	0.1580890177739816
31	0.01	55	44	0.015581955847761142
31	0.01	55	4	0.1580890177739816
31	0.01	55	1	0.1580890177739816
31	0.01	55	6	0.1580890177739816
31	0.01	55	2	0.1580890177739816
31	0.01	55	17	0.03011721985075363
31	0.01	55	78	0.015581955847761142
31	0.01	55	94	0.03011721985075363
31	0.01	55	20	0.03011721985075363
31	0.01	55	59	0.03011721985075363
31	0.01	55	28	0.03011721985075363
31	0.01	55	93	0.03011721985075363
31	0.01	55	77	0.03011721985075363
31	0.01	55	84	0.03011721985075363
31	0.01	55	33	0.03011721985075363
31	0.01	56	74	0.08212579962253759
31	0.01	56	0	0.0718169764075756
31	0.01	56	73	0.0718169764075756
31	0.01	56	7	0.0718169764075756
31	0.01	56	3	0.0718169764075756
31	0.01	56	4	0.0718169764075756
31	0.01	56	1	0.0718169764075756
31	0.01	56	6	0.0718169764075756
31	0.01	56	2	0.0718169764075756
31	0.01	56	17	0.05289923672427547
31	0.01	56	77	0.04320761753160686
31	0.01	56	44	0.007739791774063472
31	0.01	56	78	0.007739791774063472
31	0.01	56	42	0.007739791774063472
31	0.01	56	20	0.04320761753160686
31	0.01	56	33	0.04320761753160686
31	0.01	56	59	0.04320761753160686
31	0.01	56	94	0.04320761753160686
31	0.01	56	84	0.04320761753160686
31	0.01	56	28	0.04320761753160686
31	0.01	56	100	0.019932275620399453
31	0.01	56	15	0.019932275620399453
31	0.01	56	70	0.019932275620399453
31	0.01	57	74	0.08147548313829361
31	0.01	57	0	0.07720372626725569
31	0.01	57	73	0.07720372626725569
31	0.01	57	17	0.04921562474648075
31	0.01	57	7	0.07720372626725569
31	0.01	57	3	0.07720372626725569
31	0.01	57	77	0.02925908645240749
31	0.01	57	1	0.07720372626725569
31	0.01	57	4	0.07720372626725569
31	0.01	57	2	0.07720372626725569
31	0.01	57	6	0.07720372626725569
31	0.01	57	94	0.02925908645240749
31	0.01	57	42	0.010083772022493347
31	0.01	57	78	0.010083772022493347
31	0.01	57	44	0.010083772022493347
31	0.01	57	59	0.02925908645240749
31	0.01	57	20	0.02925908645240749
31	0.01	57	33	0.02925908645240749
31	0.01	57	84	0.02925908645240749
31	0.01	57	28	0.02925908645240749
31	0.01	57	15	0.02925908645240749
31	0.01	57	100	0.02925908645240749
31	0.01	57	70	0.02925908645240749
31	0.01	58	74	0.12949109568379225
31	0.01	58	0	0.06127742722983119
31	0.01	58	73	0.06127742722983119
31	0.01	58	7	0.06127742722983119
31	0.01	58	44	0.02428055221756134
31	0.01	58	3	0.06127742722983119
31	0.01	58	4	0.06127742722983119
31	0.01	58	2	0.06127742722983119
31	0.01	58	6	0.06127742722983119
31	0.01	58	1	0.06127742722983119
31	0.01	58	17	0.049380065539891
31	0.01	58	77	0.04243764968966737
31	0.01	58	33	0.04243764968966737
31	0.01	58	94	0.04243764968966737
31	0.01	58	20	0.04243764968966737
31	0.01	58	84	0.04243764968966737
31	0.01	58	59	0.04243764968966737
31	0.01	58	100	0.004239849081076321
31	0.01	58	42	0.0027170347234241514
31	0.01	58	67	0.0027170347234241514
31	0.01	59	74	0.08411735314507195
31	0.01	59	0	0.06206114656287553
31	0.01	59	73	0.06206114656287553
31	0.01	59	17	0.051332682286159254
31	0.01	59	7	0.06206114656287553
31	0.01	59	3	0.06206114656287553
31	0.01	59	44	0.017598690082669052
31	0.01	59	6	0.06206114656287553
31	0.01	59	1	0.06206114656287553
31	0.01	59	2	0.06206114656287553
31	0.01	59	4	0.06206114656287553
31	0.01	59	77	0.026789556921868695
31	0.01	59	78	0.017598690082669052
31	0.01	59	82	0.00652713176387702
31	0.01	59	12	0.005138335239087259
31	0.01	59	84	0.026789556921868695
31	0.01	59	59	0.026789556921868695
31	0.01	59	94	0.026789556921868695
31	0.01	59	33	0.026789556921868695
31	0.01	59	20	0.026789556921868695
31	0.01	59	28	0.026789556921868695
31	0.01	59	15	0.023551519642842203
31	0.01	60	74	0.12816983431218773
31	0.01	60	0	0.12816983431218773
31	0.01	60	73	0.12816983431218773
31	0.01	60	7	0.12816983431218773
31	0.01	60	3	0.12816983431218773
31	0.01	60	1	0.12816983431218773
31	0.01	60	4	0.12816983431218773
31	0.01	60	6	0.12816983431218773
31	0.01	60	2	0.12816983431218773
31	0.01	60	44	0.009820450926235258
31	0.01	60	94	0.030664897088295735
31	0.01	60	17	0.030664897088295735
31	0.01	60	59	0.030664897088295735
31	0.01	60	20	0.030664897088295735
31	0.01	60	33	0.030664897088295735
31	0.01	60	77	0.030664897088295735
31	0.01	60	28	0.030664897088295735
31	0.01	60	84	0.030664897088295735
31	0.01	60	15	0.030664897088295735
31	0.01	60	78	0.0030824873627066126
31	0.01	61	74	0.1303269222625011
31	0.01	61	0	0.1303269222625011
31	0.01	61	73	0.1303269222625011
31	0.01	61	7	0.1303269222625011
31	0.01	61	3	0.1303269222625011
31	0.01	61	4	0.1303269222625011
31	0.01	61	1	0.1303269222625011
31	0.01	61	17	0.023555161314098915
31	0.01	61	6	0.1303269222625011
31	0.01	61	2	0.1303269222625011
31	0.01	61	42	0.023555161314098915
31	0.01	61	78	0.02130192561502621
31	0.01	61	44	0.02130192561502621
31	0.01	61	82	0.02130192561502621
31	0.01	61	12	0.02130192561502621
31	0.01	61	79	0.02130192561502621
31	0.01	61	77	0.02130192561502621
31	0.01	61	94	0.023555161314098915
31	0.01	61	33	0.002638397868227477
31	0.01	61	28	0.023555161314098915
31	0.01	61	20	0.023555161314098915
31	0.01	61	84	0.023555161314098915
31	0.01	61	66	0.023555161314098915
31	0.01	61	59	0.023555161314098915
31	0.01	61	36	0.023555161314098915
31	0.01	61	67	0.023555161314098915
31	0.01	61	15	0.015215219593417874
31	0.01	62	74	0.12497041045032185
31	0.01	62	0	0.12497041045032185
31	0.01	62	73	0.12497041045032185
31	0.01	62	7	0.12497041045032185
31	0.01	62	3	0.12497041045032185
31	0.01	62	17	0.030517020904018817
31	0.01	62	1	0.12497041045032185
31	0.01	62	4	0.12497041045032185
31	0.01	62	2	0.12497041045032185
31	0.01	62	6	0.12497041045032185
31	0.01	62	94	0.030517020904018817
31	0.01	62	84	0.008788380944692495
31	0.01	62	44	0.019425458323438064
31	0.01	62	82	0.019425458323438064
31	0.01	62	78	0.019425458323438064
31	0.01	62	77	0.008788380944692495
31	0.01	62	42	0.019425458323438064
31	0.01	62	12	0.019425458323438064
31	0.01	62	67	0.019425458323438064
31	0.01	62	33	0.0028557472946660173
31	0.01	62	20	0.008788380944692495
31	0.01	63	74	0.12111755341953942
31	0.01	63	73	0.10985730268244177
31	0.01	63	0	0.10985730268244177
31	0.01	63	7	0.10985730268244177
31	0.01	63	3	0.10985730268244177
31	0.01	63	17	0.047963338625972796
31	0.01	63	4	0.10985730268244177
31	0.01	63	1	0.10985730268244177
31	0.01	63	6	0.10985730268244177
31	0.01	63	2	0.10985730268244177
31	0.01	63	77	0.01603254368775703
31	0.01	63	59	0.01603254368775703
31	0.01	63	94	0.01603254368775703
31	0.01	63	33	0.01603254368775703
31	0.01	63	42	0.010523133900929219
31	0.01	63	67	0.00822639612894164
31	0.01	63	28	0.01603254368775703
31	0.01	63	12	0.01603254368775703
31	0.01	63	82	0.01603254368775703
31	0.01	63	44	0.01603254368775703
31	0.01	63	78	0.01603254368775703
31	0.01	63	79	0.01603254368775703
31	0.01	64	74	0.09808059417871855
31	0.01	64	0	0.09808059417871855
31	0.01	64	73	0.09808059417871855
31	0.01	64	17	0.05123712247121178
31	0.01	64	3	0.09808059417871855
31	0.01	64	7	0.09808059417871855
31	0.01	64	44	0.015784698750342475
31	0.01	64	6	0.09808059417871855
31	0.01	64	2	0.09808059417871855
31	0.01	64	1	0.09808059417871855
31	0.01	64	4	0.09808059417871855
31	0.01	64	77	0.05123712247121178
31	0.01	64	20	0.05123712247121178
31	0.01	64	82	0.011046153707224341
31	0.01	64	78	0.015784698750342475
31	0.01	64	84	0.05123712247121178
31	0.01	64	33	0.05123712247121178
31	0.01	64	94	0.05123712247121178
31	0.01	64	59	0.05123712247121178
31	0.01	64	28	0.05123712247121178
31	0.01	65	74	0.10609638321672483
31	0.01	65	0	0.10609638321672483
31	0.01	65	73	0.05518151810007276
31	0.01	65	7	0.07413622531182971
31	0.01	65	3	0.07413622531182971
31	0.01	65	4	0.07413622531182971
31	0.01	65	1	0.07413622531182971
31	0.01	65	2	0.07413622531182971
31	0.01	65	6	0.07413622531182971
31	0.01	65	17	0.03588492334856782
31	0.01	65	20	0.03472957050655995
31	0.01	65	94	0.03472957050655995
31	0.01	65	42	0.011883551144953135
31	0.01	65	78	0.011883551144953135
31	0.01	65	44	0.011883551144953135
31	0.01	65	84	0.03472957050655995
31	0.01	65	33	0.03472957050655995
31	0.01	65	77	0.03472957050655995
31	0.01	65	59	0.03472957050655995
31	0.01	65	28	0.03472957050655995
31	0.01	65	15	0.016049675820448313
31	0.01	65	100	0.016049675820448313
31	0.01	65	70	0.016049675820448313
31	0.01	66	74	0.12138439714902677
31	0.01	66	0	0.12138439714902677
31	0.01	66	73	0.12138439714902677
31	0.01	66	7	0.12138439714902677
31	0.01	66	3	0.12138439714902677
31	0.01	66	1	0.12138439714902677
31	0.01	66	44	0.007236428406649542
31	0.01	66	78	0.007236428406649542
31	0.01	66	6	0.12138439714902677
31	0.01	66	4	0.12138439714902677
31	0.01	66	2	0.12138439714902677
31	0.01	66	17	0.03191871529803426
31	0.01	66	94	0.03191871529803426
31	0.01	66	59	0.03191871529803426
31	0.01	66	67	0.005277867582273339
31	0.01	66	82	0.005127250718272087
31	0.01	66	28	0.0275019970587355
31	0.01	66	33	0.0275019970587355
31	0.01	66	84	0.0275019970587355
31	0.01	66	20	0.0275019970587355
31	0.01	66	77	0.0275019970587355
31	0.01	66	15	0.0275019970587355
31	0.01	66	70	0.0275019970587355
31	0.01	66	100	0.007462936101237984
31	0.01	67	74	0.1240026173739182
31	0.01	67	0	0.1240026173739182
31	0.01	67	73	0.1240026173739182
31	0.01	67	7	0.1240026173739182
31	0.01	67	44	0.01597692970213332
31	0.01	67	3	0.1240026173739182
31	0.01	67	4	0.1240026173739182
31	0.01	67	1	0.1240026173739182
31	0.01	67	6	0.1240026173739182
31	0.01	67	2	0.1240026173739182
31	0.01	67	20	0.03247928278303512
31	0.01	67	59	0.03247928278303512
31	0.01	67	94	0.03247928278303512
31	0.01	67	28	0.01597692970213332
31	0.01	67	84	0.01597692970213332
31	0.01	67	17	0.01597692970213332
31	0.01	67	77	0.01597692970213332
31	0.01	67	15	0.01597692970213332
31	0.01	67	42	0.011477532181414734
31	0.01	67	33	0.010375014984936322
31	0.01	68	74	0.07547705658526258
31	0.01	68	0	0.05140244114967359
31	0.01	68	7	0.05140244114967359
31	0.01	68	3	0.05140244114967359
31	0.01	68	73	0.05140244114967359
31	0.01	68	6	0.05140244114967359
31	0.01	68	2	0.05140244114967359
31	0.01	68	4	0.05140244114967359
31	0.01	68	1	0.05140244114967359
31	0.01	68	17	0.05140244114967359
31	0.01	68	44	0.02794164937591117
31	0.01	68	77	0.02794164937591117
31	0.01	68	33	0.02794164937591117
31	0.01	68	82	0.006245540533315072
31	0.01	68	20	0.02794164937591117
31	0.01	68	94	0.02794164937591117
31	0.01	68	59	0.02794164937591117
31	0.01	68	84	0.02794164937591117
31	0.01	68	28	0.02794164937591117
31	0.01	68	15	0.014701392089975082
31	0.01	69	74	0.08888083108488733
31	0.01	69	0	0.08888083108488733
31	0.01	69	73	0.08888083108488733
31	0.01	69	7	0.08888083108488733
31	0.01	69	3	0.08888083108488733
31	0.01	69	4	0.08888083108488733
31	0.01	69	1	0.08888083108488733
31	0.01	69	6	0.08888083108488733
31	0.01	69	2	0.08888083108488733
31	0.01	69	17	0.053721095881175566
31	0.01	69	77	0.02008110377842193
31	0.01	69	44	0.01787038012398763
31	0.01	69	78	0.01787038012398763
31	0.01	69	42	0.013403689172152428
31	0.01	69	94	0.01787038012398763
31	0.01	69	33	0.01787038012398763
31	0.01	69	20	0.01787038012398763
31	0.01	69	59	0.01787038012398763
31	0.01	69	67	0.013403689172152428
31	0.01	69	36	0.007310658731496122
31	0.01	70	74	0.08470601681570689
31	0.01	70	0	0.08470601681570689
31	0.01	70	73	0.08349755826477157
31	0.01	70	7	0.08349755826477157
31	0.01	70	3	0.08349755826477157
31	0.01	70	1	0.08349755826477157
31	0.01	70	4	0.08349755826477157
31	0.01	70	2	0.08349755826477157
31	0.01	70	6	0.08349755826477157
31	0.01	70	17	0.052978860058740564
31	0.01	70	77	0.022965076415341686
31	0.01	70	59	0.022965076415341686
31	0.01	70	78	0.022965076415341686
31	0.01	70	44	0.022965076415341686
31	0.01	70	42	0.022965076415341686
31	0.01	70	33	0.022965076415341686
31	0.01	70	82	0.022965076415341686
31	0.01	70	84	0.022965076415341686
31	0.01	70	67	0.022965076415341686
31	0.01	70	20	0.004791932125304701
31	0.01	70	66	0.004791932125304701
31	0.01	70	28	0.004791932125304701
31	0.01	70	36	0.004791932125304701
31	0.01	71	74	0.1340361497883877
31	0.01	71	0	0.1340361497883877
31	0.01	71	73	0.1340361497883877
31	0.01	71	7	0.1340361497883877
31	0.01	71	3	0.1340361497883877
31	0.01	71	4	0.1340361497883877
31	0.01	71	1	0.1340361497883877
31	0.01	71	6	0.1340361497883877
31	0.01	71	2	0.1340361497883877
31	0.01	71	17	0.027691124899788984
31	0.01	71	44	0.01713125273240881
31	0.01	71	94	0.027691124899788984
31	0.01	71	20	0.027691124899788984
31	0.01	71	78	0.01713125273240881
31	0.01	71	42	0.014596003085442533
31	0.01	71	59	0.014596003085442533
31	0.01	71	84	0.014596003085442533
31	0.01	71	82	0.012760492565987514
31	0.01	71	67	0.014596003085442533
31	0.01	71	77	0.006921835451076509
31	0.01	71	12	0.012760492565987514
31	0.01	72	74	0.12958302782894512
31	0.01	72	0	0.12958302782894512
31	0.01	72	73	0.12958302782894512
31	0.01	72	7	0.12958302782894512
31	0.01	72	3	0.12958302782894512
31	0.01	72	4	0.12958302782894512
31	0.01	72	1	0.12958302782894512
31	0.01	72	6	0.12958302782894512
31	0.01	72	2	0.12958302782894512
31	0.01	72	20	0.023918493812991656
31	0.01	72	94	0.023918493812991656
31	0.01	72	59	0.023918493812991656
31	0.01	72	44	0.015529327798493038
31	0.01	72	84	0.023918493812991656
31	0.01	72	17	0.023918493812991656
31	0.01	72	28	0.02351709146602533
31	0.01	72	77	0.018025072337691392
31	0.01	72	78	0.015529327798493038
31	0.01	72	42	0.003949437152073619
31	0.01	72	82	0.0027435356734393066
31	0.01	73	74	0.0901311262779419
31	0.01	73	0	0.0901311262779419
31	0.01	73	73	0.0901311262779419
31	0.01	73	17	0.05149216112507384
31	0.01	73	7	0.0901311262779419
31	0.01	73	3	0.0901311262779419
31	0.01	73	77	0.04232950411168238
31	0.01	73	1	0.0901311262779419
31	0.01	73	4	0.0901311262779419
31	0.01	73	6	0.0901311262779419
31	0.01	73	2	0.0901311262779419
31	0.01	73	44	0.014461179730070717
31	0.01	73	12	0.006481133924083617
31	0.01	73	59	0.04232950411168238
31	0.01	73	33	0.04232950411168238
31	0.01	73	94	0.04232950411168238
31	0.01	73	20	0.04232950411168238
31	0.01	73	28	0.04232950411168238
31	0.01	73	84	0.04232950411168238
31	0.01	73	15	0.014461179730070717
31	0.01	73	100	0.014461179730070717
31	0.01	74	74	0.11728324607599222
31	0.01	74	0	0.11728324607599222
31	0.01	74	73	0.11728324607599222
31	0.01	74	7	0.11728324607599222
31	0.01	74	3	0.11728324607599222
31	0.01	74	4	0.11728324607599222
31	0.01	74	1	0.11728324607599222
31	0.01	74	2	0.11728324607599222
31	0.01	74	6	0.11728324607599222
31	0.01	74	17	0.035707805848159684
31	0.01	74	20	0.035707805848159684
31	0.01	74	94	0.035707805848159684
31	0.01	74	59	0.035707805848159684
31	0.01	74	77	0.035707805848159684
31	0.01	74	44	0.009638627246566884
31	0.01	74	28	0.035707805848159684
31	0.01	74	33	0.035707805848159684
31	0.01	74	70	0.01646699727964558
31	0.01	74	84	0.01646699727964558
31	0.01	74	78	0.009638627246566884
31	0.01	75	74	0.10110542697652199
31	0.01	75	0	0.10110542697652199
31	0.01	75	73	0.10110542697652199
31	0.01	75	17	0.035053877827232585
31	0.01	75	3	0.10110542697652199
31	0.01	75	7	0.10110542697652199
31	0.01	75	44	0.021475584861642836
31	0.01	75	6	0.10110542697652199
31	0.01	75	2	0.10110542697652199
31	0.01	75	4	0.10110542697652199
31	0.01	75	1	0.10110542697652199
31	0.01	75	42	0.0175500508506244
31	0.01	75	67	0.0175500508506244
31	0.01	75	78	0.021475584861642836
31	0.01	75	82	0.021475584861642836
31	0.01	75	79	0.021475584861642836
31	0.01	75	12	0.021475584861642836
31	0.01	75	36	0.00925338367256353
31	0.01	75	77	0.021475584861642836
31	0.01	75	94	0.021475584861642836
31	0.01	75	33	0.021475584861642836
31	0.01	75	20	0.021475584861642836
31	0.01	75	59	0.021475584861642836
31	0.01	76	74	0.1283723991677525
31	0.01	76	0	0.1283723991677525
31	0.01	76	73	0.1283723991677525
31	0.01	76	7	0.1283723991677525
31	0.01	76	3	0.1283723991677525
31	0.01	76	1	0.1283723991677525
31	0.01	76	4	0.1283723991677525
31	0.01	76	6	0.1283723991677525
31	0.01	76	2	0.1283723991677525
31	0.01	76	94	0.0547277939574911
31	0.01	76	20	0.0547277939574911
31	0.01	76	12	0.017956660011028084
31	0.01	76	44	0.017956660011028084
31	0.01	76	42	0.017956660011028084
31	0.01	76	84	0.0547277939574911
31	0.01	76	59	0.0547277939574911
31	0.01	76	77	0.0547277939574911
31	0.01	76	17	0.0547277939574911
31	0.01	76	28	0.0547277939574911
31	0.01	76	15	0.0547277939574911
31	0.01	76	100	0.0547277939574911
31	0.01	77	74	0.08217622906923487
31	0.01	77	0	0.08217622906923487
31	0.01	77	73	0.07879194740259818
31	0.01	77	17	0.04928626601439691
31	0.01	77	44	0.020283693549196204
31	0.01	77	7	0.07879194740259818
31	0.01	77	3	0.07879194740259818
31	0.01	77	4	0.07879194740259818
31	0.01	77	2	0.07879194740259818
31	0.01	77	6	0.07879194740259818
31	0.01	77	1	0.07879194740259818
31	0.01	77	77	0.01667361604766803
31	0.01	77	78	0.012889589323324296
31	0.01	77	59	0.012889589323324296
31	0.01	77	20	0.012889589323324296
31	0.01	77	33	0.012889589323324296
31	0.01	77	94	0.010638065582127019
31	0.01	77	82	0.011788652901580498
31	0.01	77	66	0.011788652901580498
31	0.01	77	79	0.011788652901580498
31	0.01	77	67	0.011788652901580498
31	0.01	77	12	0.011788652901580498
31	0.01	77	42	0.011788652901580498
31	0.01	77	36	0.011788652901580498
31	0.01	78	74	0.09057307844276671
31	0.01	78	0	0.09057307844276671
31	0.01	78	73	0.09057307844276671
31	0.01	78	7	0.09057307844276671
31	0.01	78	3	0.09057307844276671
31	0.01	78	44	0.014614696888665018
31	0.01	78	4	0.09057307844276671
31	0.01	78	1	0.09057307844276671
31	0.01	78	2	0.09057307844276671
31	0.01	78	6	0.09057307844276671
31	0.01	78	17	0.05173233574551098
31	0.01	78	78	0.014614696888665018
31	0.01	78	77	0.05173233574551098
31	0.01	78	94	0.05173233574551098
31	0.01	78	33	0.05173233574551098
31	0.01	78	20	0.05173233574551098
31	0.01	78	59	0.05173233574551098
31	0.01	78	84	0.05173233574551098
31	0.01	78	28	0.05173233574551098
31	0.01	78	15	0.004477226878477302
31	0.01	79	74	0.07515639040689323
31	0.01	79	0	0.07515639040689323
31	0.01	79	73	0.07515639040689323
31	0.01	79	7	0.07515639040689323
31	0.01	79	3	0.07515639040689323
31	0.01	79	1	0.07515639040689323
31	0.01	79	4	0.07515639040689323
31	0.01	79	2	0.07515639040689323
31	0.01	79	6	0.07515639040689323
31	0.01	79	17	0.028477931303037936
31	0.01	79	42	0.028477931303037936
31	0.01	79	44	0.028477931303037936
31	0.01	79	78	0.028477931303037936
31	0.01	79	82	0.028477931303037936
31	0.01	79	79	0.028477931303037936
31	0.01	79	12	0.028477931303037936
31	0.01	79	94	0.027891150608212074
31	0.01	79	59	0.027891150608212074
31	0.01	79	20	0.004763747675657384
31	0.01	79	67	0.003156268040564335
31	0.01	79	77	0.003156268040564335
31	0.01	80	74	0.11513494882167265
31	0.01	80	0	0.11513494882167265
31	0.01	80	73	0.11513494882167265
31	0.01	80	7	0.11513494882167265
31	0.01	80	3	0.11513494882167265
31	0.01	80	1	0.11513494882167265
31	0.01	80	44	0.022439049036113965
31	0.01	80	17	0.028361263270981978
31	0.01	80	6	0.11513494882167265
31	0.01	80	4	0.11513494882167265
31	0.01	80	2	0.11513494882167265
31	0.01	80	59	0.028361263270981978
31	0.01	80	94	0.028361263270981978
31	0.01	80	20	0.028361263270981978
31	0.01	80	84	0.01550274730356562
31	0.01	80	100	0.01550274730356562
31	0.01	80	77	0.01550274730356562
31	0.01	80	42	0.0045118393311014676
31	0.01	80	12	0.0045118393311014676
31	0.01	80	82	0.0045118393311014676
31	0.01	80	28	0.01550274730356562
31	0.01	80	15	0.01550274730356562
31	0.01	80	33	0.01550274730356562
31	0.01	81	74	0.09347949408372352
31	0.01	81	0	0.09347949408372352
31	0.01	81	73	0.09347949408372352
31	0.01	81	7	0.09347949408372352
31	0.01	81	3	0.09347949408372352
31	0.01	81	4	0.09347949408372352
31	0.01	81	1	0.09347949408372352
31	0.01	81	6	0.09347949408372352
31	0.01	81	2	0.09347949408372352
31	0.01	81	17	0.03470484508443938
31	0.01	81	42	0.008417660549190072
31	0.01	81	67	0.007487170245163281
31	0.01	81	82	0.02683203759024276
31	0.01	81	44	0.02683203759024276
31	0.01	81	78	0.02683203759024276
31	0.01	81	12	0.02683203759024276
31	0.01	81	79	0.02683203759024276
31	0.01	81	94	0.02683203759024276
31	0.01	81	59	0.02683203759024276
31	0.01	81	20	0.02683203759024276
31	0.01	82	74	0.14283934815873503
31	0.01	82	73	0.12289281626145672
31	0.01	82	0	0.12289281626145672
31	0.01	82	7	0.12289281626145672
31	0.01	82	3	0.12289281626145672
31	0.01	82	1	0.12289281626145672
31	0.01	82	4	0.12289281626145672
31	0.01	82	6	0.12289281626145672
31	0.01	82	2	0.12289281626145672
31	0.01	82	78	0.018234444022572783
31	0.01	82	20	0.025965852978553448
31	0.01	82	17	0.025965852978553448
31	0.01	82	94	0.025965852978553448
31	0.01	82	59	0.025965852978553448
31	0.01	82	77	0.025965852978553448
31	0.01	82	84	0.025965852978553448
31	0.01	82	28	0.025965852978553448
31	0.01	82	33	0.025965852978553448
31	0.01	82	42	0.0022703128586820153
31	0.01	82	70	0.025965852978553448
31	0.01	82	15	0.025965852978553448
31	0.01	82	100	0.025965852978553448
31	0.01	83	74	0.13823637193612026
31	0.01	83	0	0.13823637193612026
31	0.01	83	73	0.13823637193612026
31	0.01	83	7	0.13823637193612026
31	0.01	83	3	0.13823637193612026
31	0.01	83	1	0.13823637193612026
31	0.01	83	4	0.13823637193612026
31	0.01	83	2	0.13823637193612026
31	0.01	83	6	0.13823637193612026
31	0.01	83	20	0.03494284799197869
31	0.01	83	17	0.02262602000760818
31	0.01	83	59	0.02262602000760818
31	0.01	83	84	0.02262602000760818
31	0.01	83	44	0.01460494373767903
31	0.01	83	77	0.02262602000760818
31	0.01	83	28	0.02262602000760818
31	0.01	83	33	0.008606857394248766
31	0.01	83	78	0.010816390286627528
31	0.01	83	42	0.010816390286627528
31	0.01	83	82	0.00816802496901175
31	0.01	84	74	0.09026729774720753
31	0.01	84	0	0.09026729774720753
31	0.01	84	73	0.05417757131760141
31	0.01	84	17	0.053583764005669096
31	0.01	84	3	0.06403324941029453
31	0.01	84	7	0.06403324941029453
31	0.01	84	4	0.06403324941029453
31	0.01	84	1	0.06403324941029453
31	0.01	84	2	0.06403324941029453
31	0.01	84	6	0.06403324941029453
31	0.01	84	77	0.026147517095849688
31	0.01	84	44	0.013414467089936566
31	0.01	84	12	0.009220311751973395
31	0.01	84	94	0.026147517095849688
31	0.01	84	33	0.026147517095849688
31	0.01	84	20	0.026147517095849688
31	0.01	84	59	0.026147517095849688
31	0.01	84	84	0.026147517095849688
31	0.01	84	28	0.026147517095849688
31	0.01	84	15	0.0097168174446611
31	0.01	85	74	0.10268106004007167
31	0.01	85	0	0.10268106004007167
31	0.01	85	73	0.10268106004007167
31	0.01	85	3	0.07256836481083814
31	0.01	85	7	0.07256836481083814
31	0.01	85	4	0.07256836481083814
31	0.01	85	2	0.07256836481083814
31	0.01	85	1	0.07256836481083814
31	0.01	85	6	0.07256836481083814
31	0.01	85	17	0.06785042086998902
31	0.01	85	77	0.03311360750074818
31	0.01	85	33	0.03311360750074818
31	0.01	85	59	0.03311360750074818
31	0.01	85	94	0.01885879472977509
31	0.01	85	84	0.01885879472977509
31	0.01	85	42	0.012405426931317813
31	0.01	85	67	0.012405426931317813
31	0.01	85	28	0.012405426931317813
31	0.01	85	100	0.012405426931317813
31	0.01	85	36	0.007622343090787609
31	0.01	86	74	0.1371735920963477
31	0.01	86	73	0.09954961336328465
31	0.01	86	7	0.08939591306528447
31	0.01	86	17	0.01804814127240464
31	0.01	86	3	0.08939591306528447
31	0.01	86	1	0.08939591306528447
31	0.01	86	4	0.08939591306528447
31	0.01	86	2	0.08939591306528447
31	0.01	86	6	0.08939591306528447
31	0.01	86	94	0.016844187565335053
31	0.01	86	59	0.016844187565335053
31	0.01	86	78	0.016844187565335053
31	0.01	86	0	0.016844187565335053
31	0.01	86	44	0.016844187565335053
31	0.01	86	67	0.016370848990138607
31	0.01	86	84	0.016370848990138607
31	0.01	86	77	0.016370848990138607
31	0.01	86	79	0.015322610663588651
31	0.01	86	33	0.016370848990138607
31	0.01	86	42	0.016370848990138607
31	0.01	87	74	0.13065055111368237
31	0.01	87	0	0.13065055111368237
31	0.01	87	73	0.13065055111368237
31	0.01	87	7	0.13065055111368237
31	0.01	87	3	0.13065055111368237
31	0.01	87	4	0.13065055111368237
31	0.01	87	1	0.13065055111368237
31	0.01	87	2	0.13065055111368237
31	0.01	87	6	0.13065055111368237
31	0.01	87	20	0.02929246466480017
31	0.01	87	94	0.02929246466480017
31	0.01	87	17	0.022101922901787873
31	0.01	87	59	0.022101922901787873
31	0.01	87	84	0.022101922901787873
31	0.01	87	44	0.012430898753228304
31	0.01	87	28	0.015392760762703251
31	0.01	87	77	0.015392760762703251
31	0.01	87	67	0.01122978613155826
31	0.01	87	82	0.01122978613155826
31	0.01	87	12	0.004745425878429496
31	0.01	88	74	0.15557327541070684
31	0.01	88	0	0.15557327541070684
31	0.01	88	73	0.15557327541070684
31	0.01	88	7	0.15557327541070684
31	0.01	88	3	0.15557327541070684
31	0.01	88	17	0.03652318163292158
31	0.01	88	4	0.15557327541070684
31	0.01	88	1	0.15557327541070684
31	0.01	88	6	0.15557327541070684
31	0.01	88	2	0.15557327541070684
31	0.01	88	78	0.011172331349566047
31	0.01	88	94	0.03652318163292158
31	0.01	88	59	0.03652318163292158
31	0.01	88	84	0.02515501024729229
31	0.01	88	44	0.011172331349566047
31	0.01	88	77	0.02515501024729229
31	0.01	88	28	0.02515501024729229
31	0.01	88	20	0.02515501024729229
31	0.01	88	33	0.02515501024729229
31	0.01	88	15	0.011421840091835564
31	0.01	88	70	0.011309016641652271
31	0.01	89	74	0.08258667141123954
31	0.01	89	0	0.08258667141123954
31	0.01	89	73	0.08258667141123954
31	0.01	89	7	0.08258667141123954
31	0.01	89	3	0.08258667141123954
31	0.01	89	4	0.08258667141123954
31	0.01	89	1	0.08258667141123954
31	0.01	89	6	0.08258667141123954
31	0.01	89	2	0.08258667141123954
31	0.01	89	17	0.05559182197217883
31	0.01	89	77	0.03388010930879753
31	0.01	89	44	0.011999659751803593
31	0.01	89	78	0.011354870601566236
31	0.01	89	67	0.005895411531831308
31	0.01	89	59	0.03388010930879753
31	0.01	89	20	0.03388010930879753
31	0.01	89	33	0.03388010930879753
31	0.01	89	94	0.03388010930879753
31	0.01	89	84	0.03388010930879753
31	0.01	89	28	0.03388010930879753
31	0.01	89	15	0.007684473648193984
31	0.01	90	74	0.09953327162844329
31	0.01	90	0	0.07462389731364812
31	0.01	90	73	0.07462389731364812
31	0.01	90	17	0.053697935275277234
31	0.01	90	7	0.07462389731364812
31	0.01	90	3	0.07462389731364812
31	0.01	90	77	0.018565654891477854
31	0.01	90	2	0.07462389731364812
31	0.01	90	6	0.07462389731364812
31	0.01	90	1	0.07462389731364812
31	0.01	90	4	0.07462389731364812
31	0.01	90	94	0.018565654891477854
31	0.01	90	33	0.018565654891477854
31	0.01	90	44	0.016748811113787274
31	0.01	90	59	0.016748811113787274
31	0.01	90	78	0.016748811113787274
31	0.01	90	84	0.016748811113787274
31	0.01	90	67	0.016748811113787274
31	0.01	90	42	0.016748811113787274
31	0.01	90	36	0.011646462055089417
31	0.01	91	74	0.109296818640607
31	0.01	91	0	0.109296818640607
31	0.01	91	73	0.109296818640607
31	0.01	91	7	0.109296818640607
31	0.01	91	3	0.109296818640607
31	0.01	91	17	0.05269423331974968
31	0.01	91	1	0.109296818640607
31	0.01	91	4	0.109296818640607
31	0.01	91	6	0.109296818640607
31	0.01	91	2	0.109296818640607
31	0.01	91	44	0.007760142829371199
31	0.01	91	59	0.05269423331974968
31	0.01	91	77	0.05269423331974968
31	0.01	91	78	0.007760142829371199
31	0.01	91	33	0.05269423331974968
31	0.01	91	84	0.05269423331974968
31	0.01	91	94	0.05269423331974968
31	0.01	91	20	0.05269423331974968
31	0.01	91	28	0.05269423331974968
31	0.01	91	100	0.012891212164660435
31	0.01	91	42	0.012891212164660435
31	0.01	91	67	0.012891212164660435
31	0.01	92	74	0.13341409653660496
31	0.01	92	0	0.13341409653660496
31	0.01	92	73	0.13341409653660496
31	0.01	92	17	0.03500145363529676
31	0.01	92	7	0.13341409653660496
31	0.01	92	3	0.13341409653660496
31	0.01	92	1	0.13341409653660496
31	0.01	92	4	0.13341409653660496
31	0.01	92	6	0.13341409653660496
31	0.01	92	2	0.13341409653660496
31	0.01	92	59	0.03500145363529676
31	0.01	92	94	0.03500145363529676
31	0.01	92	77	0.03500145363529676
31	0.01	92	28	0.03500145363529676
31	0.01	92	20	0.03500145363529676
31	0.01	92	15	0.011132544920054577
31	0.01	92	78	0.011132544920054577
31	0.01	92	67	0.011132544920054577
31	0.01	92	33	0.011132544920054577
31	0.01	92	84	0.011132544920054577
31	0.01	93	0	0.08287436303833298
31	0.01	93	73	0.05665801280476966
31	0.01	93	44	0.03220911412227053
31	0.01	93	67	0.03220911412227053
31	0.01	93	1	0.05905330528022447
31	0.01	93	3	0.05905330528022447
31	0.01	93	7	0.05905330528022447
31	0.01	93	4	0.05905330528022447
31	0.01	93	6	0.05905330528022447
31	0.01	93	2	0.05905330528022447
31	0.01	93	17	0.05665801280476966
31	0.01	93	77	0.03220911412227053
31	0.01	93	82	0.00650287616210364
31	0.01	93	79	0.0008442076047895068
31	0.01	93	20	0.03220911412227053
31	0.01	93	33	0.03220911412227053
31	0.01	93	94	0.03220911412227053
31	0.01	93	59	0.03220911412227053
31	0.01	93	28	0.03220911412227053
31	0.01	93	84	0.03220911412227053
31	0.01	93	74	0.03220911412227053
31	0.01	93	70	0.011561222693805082
31	0.01	94	74	0.14397768939765043
31	0.01	94	0	0.14397768939765043
31	0.01	94	7	0.07417556477610414
31	0.01	94	1	0.07417556477610414
31	0.01	94	17	0.03096751240640533
31	0.01	94	78	0.03096751240640533
31	0.01	94	4	0.07417556477610414
31	0.01	94	6	0.07417556477610414
31	0.01	94	2	0.07417556477610414
31	0.01	94	3	0.07417556477610414
31	0.01	94	36	0.015922688138118736
31	0.01	94	67	0.0032410623461917886
31	0.01	94	12	0.03096751240640533
31	0.01	94	79	0.03096751240640533
31	0.01	94	44	0.03096751240640533
31	0.01	94	82	0.03096751240640533
31	0.01	94	94	0.03096751240640533
31	0.01	94	20	0.03096751240640533
31	0.01	94	59	0.028526615243532307
31	0.01	94	84	0.028526615243532307
31	0.01	94	15	0.028526615243532307
31	0.01	95	74	0.11883725013276322
31	0.01	95	0	0.11883725013276322
31	0.01	95	7	0.11883725013276322
31	0.01	95	3	0.11883725013276322
31	0.01	95	73	0.11883725013276322
31	0.01	95	17	0.023912261607180966
31	0.01	95	42	0.011012934344085618
31	0.01	95	6	0.11883725013276322
31	0.01	95	2	0.11883725013276322
31	0.01	95	1	0.11883725013276322
31	0.01	95	4	0.11883725013276322
31	0.01	95	84	0.023912261607180966
31	0.01	95	59	0.023912261607180966
31	0.01	95	28	0.023912261607180966
31	0.01	95	20	0.023912261607180966
31	0.01	95	94	0.023912261607180966
31	0.01	95	66	0.0004350814525795051
31	0.01	95	77	0.023912261607180966
31	0.01	95	100	0.023912261607180966
31	0.01	95	70	0.023912261607180966
31	0.01	95	15	0.017348154131669388
31	0.01	95	83	0.017348154131669388
31	0.01	96	74	0.10670525020085699
31	0.01	96	0	0.10670525020085699
31	0.01	96	73	0.10670525020085699
31	0.01	96	7	0.10670525020085699
31	0.01	96	3	0.10670525020085699
31	0.01	96	1	0.10670525020085699
31	0.01	96	4	0.10670525020085699
31	0.01	96	2	0.10670525020085699
31	0.01	96	6	0.10670525020085699
31	0.01	96	17	0.027275258029265184
31	0.01	96	78	0.024482355209536184
31	0.01	96	44	0.024482355209536184
31	0.01	96	77	0.024482355209536184
31	0.01	96	94	0.024482355209536184
31	0.01	96	20	0.024482355209536184
31	0.01	96	42	0.024482355209536184
31	0.01	96	36	0.024482355209536184
31	0.01	96	67	0.024482355209536184
31	0.01	96	33	0.024482355209536184
31	0.01	96	79	0.0053964043381602754
31	0.01	96	12	0.0053964043381602754
31	0.01	96	82	0.0053964043381602754
31	0.01	97	74	0.05576857488094906
31	0.01	97	0	0.05576857488094906
31	0.01	97	73	0.05576857488094906
31	0.01	97	44	0.035755658008339575
31	0.01	97	7	0.05576857488094906
31	0.01	97	3	0.05576857488094906
31	0.01	97	1	0.05576857488094906
31	0.01	97	4	0.05576857488094906
31	0.01	97	2	0.05576857488094906
31	0.01	97	6	0.05576857488094906
31	0.01	97	82	0.03571634361691941
31	0.01	97	17	0.035755658008339575
31	0.01	97	33	0.035755658008339575
31	0.01	97	42	0.035755658008339575
31	0.01	97	67	0.035755658008339575
31	0.01	97	78	0.03571634361691941
31	0.01	97	12	0.03571634361691941
31	0.01	97	79	0.03571634361691941
31	0.01	97	66	0.010281657270139568
31	0.01	97	84	0.010281657270139568
31	0.01	97	28	0.010281657270139568
31	0.01	97	77	0.010281657270139568
31	0.01	97	36	0.010281657270139568
31	0.01	97	20	0.010281657270139568
31	0.01	97	94	0.010281657270139568
31	0.01	98	74	0.11589773346702911
31	0.01	98	0	0.11589773346702911
31	0.01	98	73	0.11589773346702911
31	0.01	98	7	0.11589773346702911
31	0.01	98	3	0.11589773346702911
31	0.01	98	17	0.02830546288717302
31	0.01	98	1	0.11589773346702911
31	0.01	98	4	0.11589773346702911
31	0.01	98	6	0.11589773346702911
31	0.01	98	2	0.11589773346702911
31	0.01	98	44	0.014248576151159945
31	0.01	98	20	0.02830546288717302
31	0.01	98	94	0.02830546288717302
31	0.01	98	59	0.02830546288717302
31	0.01	98	77	0.02830546288717302
31	0.01	98	33	0.02830546288717302
31	0.01	98	84	0.02830546288717302
31	0.01	98	28	0.02830546288717302
31	0.01	98	15	0.01078324387532091
31	0.01	98	100	0.01078324387532091
31	0.01	99	74	0.11988943198080328
31	0.01	99	0	0.11988943198080328
31	0.01	99	73	0.11988943198080328
31	0.01	99	7	0.11988943198080328
31	0.01	99	3	0.11988943198080328
31	0.01	99	4	0.11988943198080328
31	0.01	99	1	0.11988943198080328
31	0.01	99	6	0.11988943198080328
31	0.01	99	2	0.11988943198080328
31	0.01	99	17	0.04491165547057731
31	0.01	99	20	0.04491165547057731
31	0.01	99	44	0.011481310435766182
31	0.01	99	78	0.011481310435766182
31	0.01	99	77	0.04491165547057731
31	0.01	99	59	0.04491165547057731
31	0.01	99	94	0.04491165547057731
31	0.01	99	33	0.04491165547057731
31	0.01	99	84	0.04491165547057731
31	0.01	99	28	0.04491165547057731
31	0.01	99	15	0.012419681156697771
31	0.01	99	100	0.00939354260951378
31	0.01	100	74	0.14102367503399035
31	0.01	100	73	0.11500313069948143
31	0.01	100	0	0.11500313069948143
31	0.01	100	7	0.11500313069948143
31	0.01	100	3	0.11500313069948143
31	0.01	100	4	0.11500313069948143
31	0.01	100	1	0.11500313069948143
31	0.01	100	2	0.11500313069948143
31	0.01	100	6	0.11500313069948143
31	0.01	100	77	0.03885251311411877
31	0.01	100	20	0.03885251311411877
31	0.01	100	17	0.03885251311411877
31	0.01	100	44	0.007588445468556533
31	0.01	100	94	0.03885251311411877
31	0.01	100	59	0.03885251311411877
31	0.01	100	84	0.03885251311411877
31	0.01	100	28	0.017653011538114553
31	0.01	100	15	0.017653011538114553
31	0.01	100	33	0.017653011538114553
31	0.01	100	70	0.017653011538114553
31	0.01	100	100	0.017653011538114553
31	0.1	1	74	0.10050457446730424
31	0.1	1	0	0.054221056450846114
31	0.1	1	7	0.05225242820535069
31	0.1	1	73	0.05225242820535069
31	0.1	1	17	0.05225242820535069
31	0.1	1	4	0.05225242820535069
31	0.1	1	1	0.05225242820535069
31	0.1	1	3	0.05225242820535069
31	0.1	1	6	0.05225242820535069
31	0.1	1	2	0.05225242820535069
31	0.1	1	44	0.005152729185218138
31	0.1	1	59	0.04980956197083923
31	0.1	1	77	0.04980956197083923
31	0.1	1	33	0.04980956197083923
31	0.1	1	28	0.04980956197083923
31	0.1	1	94	0.01917761609355108
31	0.1	1	20	0.01917761609355108
31	0.1	1	83	0.01917761609355108
31	0.1	1	100	0.010283979471254446
31	0.1	1	66	0.002109694401427408
31	0.1	1	36	0.002109694401427408
31	0.1	1	42	0.002109694401427408
31	0.1	1	67	0.002109694401427408
31	0.1	2	74	0.09529806667897463
31	0.1	2	0	0.09529806667897463
31	0.1	2	17	0.052011967565768306
31	0.1	2	7	0.052011967565768306
31	0.1	2	3	0.052011967565768306
31	0.1	2	77	0.03476278848907053
31	0.1	2	4	0.052011967565768306
31	0.1	2	1	0.052011967565768306
31	0.1	2	2	0.052011967565768306
31	0.1	2	6	0.052011967565768306
31	0.1	2	78	0.02791914128729774
31	0.1	2	82	0.02004511869379951
31	0.1	2	33	0.03476278848907053
31	0.1	2	59	0.03476278848907053
31	0.1	2	94	0.03476278848907053
31	0.1	2	84	0.03476278848907053
31	0.1	2	42	0.02004511869379951
31	0.1	2	44	0.02004511869379951
31	0.1	2	12	0.010076032989041318
31	0.1	2	70	0.004279087886615975
31	0.1	3	74	0.09354604471605026
31	0.1	3	0	0.09354604471605026
31	0.1	3	73	0.09354604471605026
31	0.1	3	7	0.09354604471605026
31	0.1	3	3	0.09354604471605026
31	0.1	3	78	0.015760568450229755
31	0.1	3	44	0.021732504343795228
31	0.1	3	17	0.06412045747889969
31	0.1	3	6	0.09354604471605026
31	0.1	3	2	0.09354604471605026
31	0.1	3	1	0.09354604471605026
31	0.1	3	4	0.09354604471605026
31	0.1	3	59	0.03568299257585909
31	0.1	3	20	0.03568299257585909
31	0.1	3	33	0.03568299257585909
31	0.1	3	77	0.03568299257585909
31	0.1	3	94	0.03568299257585909
31	0.1	3	84	0.03568299257585909
31	0.1	3	28	0.03568299257585909
31	0.1	3	100	0.002291797655864985
31	0.1	4	74	0.08731828438566307
31	0.1	4	0	0.08731828438566307
31	0.1	4	73	0.08731828438566307
31	0.1	4	33	0.05026231007282416
31	0.1	4	1	0.07541132745510183
31	0.1	4	4	0.07541132745510183
31	0.1	4	7	0.07541132745510183
31	0.1	4	6	0.07541132745510183
31	0.1	4	3	0.07541132745510183
31	0.1	4	2	0.07541132745510183
31	0.1	4	44	0.03651410450104996
31	0.1	4	77	0.05026231007282416
31	0.1	4	17	0.05026231007282416
31	0.1	4	94	0.05026231007282416
31	0.1	4	59	0.05026231007282416
31	0.1	4	28	0.05026231007282416
31	0.1	4	42	0.03651410450104996
31	0.1	4	67	0.03651410450104996
31	0.1	4	79	0.017886448308989174
31	0.1	4	78	0.011506762404612184
31	0.1	5	74	0.10224401036826823
31	0.1	5	0	0.10224401036826823
31	0.1	5	73	0.09320873425706612
31	0.1	5	7	0.09320873425706612
31	0.1	5	3	0.09320873425706612
31	0.1	5	78	0.011199901210252723
31	0.1	5	4	0.09320873425706612
31	0.1	5	2	0.09320873425706612
31	0.1	5	6	0.09320873425706612
31	0.1	5	1	0.09320873425706612
31	0.1	5	33	0.047763668212451205
31	0.1	5	77	0.047763668212451205
31	0.1	5	17	0.047763668212451205
31	0.1	5	67	0.005108497269506357
31	0.1	5	84	0.047763668212451205
31	0.1	5	59	0.047763668212451205
31	0.1	5	94	0.047763668212451205
31	0.1	5	28	0.026474498027485378
31	0.1	5	15	0.016664872629926185
31	0.1	5	71	0.014881261075105205
31	0.1	6	74	0.08183116818893277
31	0.1	6	0	0.08183116818893277
31	0.1	6	73	0.08183116818893277
31	0.1	6	17	0.04832927630057709
31	0.1	6	3	0.08183116818893277
31	0.1	6	7	0.08183116818893277
31	0.1	6	44	0.017815854462741008
31	0.1	6	4	0.08183116818893277
31	0.1	6	1	0.08183116818893277
31	0.1	6	6	0.08183116818893277
31	0.1	6	2	0.08183116818893277
31	0.1	6	77	0.0201435341631817
31	0.1	6	78	0.017815854462741008
31	0.1	6	67	0.017815854462741008
31	0.1	6	42	0.017815854462741008
31	0.1	6	12	0.01109951739927995
31	0.1	6	28	0.017262482298621953
31	0.1	6	84	0.017262482298621953
31	0.1	6	94	0.017262482298621953
31	0.1	6	59	0.017262482298621953
31	0.1	6	20	0.017262482298621953
31	0.1	6	33	0.017262482298621953
31	0.1	6	15	0.008666644194542147
31	0.1	7	74	0.11740202382808977
31	0.1	7	0	0.11740202382808977
31	0.1	7	7	0.07480522993616665
31	0.1	7	3	0.07480522993616665
31	0.1	7	4	0.07480522993616665
31	0.1	7	78	0.06094055313355706
31	0.1	7	82	0.06094055313355706
31	0.1	7	6	0.07480522993616665
31	0.1	7	2	0.07480522993616665
31	0.1	7	1	0.07480522993616665
31	0.1	7	17	0.06473425356960537
31	0.1	7	59	0.06473425356960537
31	0.1	7	94	0.06094055313355706
31	0.1	7	77	0.043117251141654246
31	0.1	7	84	0.06094055313355706
31	0.1	7	66	0.06094055313355706
31	0.1	7	12	0.06094055313355706
31	0.1	7	79	0.06094055313355706
31	0.1	7	44	0.06094055313355706
31	0.1	7	28	0.0018977300589602523
31	0.1	8	74	0.11711709030571711
31	0.1	8	0	0.11711709030571711
31	0.1	8	73	0.11711709030571711
31	0.1	8	44	0.028399432791495503
31	0.1	8	3	0.11711709030571711
31	0.1	8	7	0.11711709030571711
31	0.1	8	4	0.11711709030571711
31	0.1	8	1	0.11711709030571711
31	0.1	8	2	0.11711709030571711
31	0.1	8	6	0.11711709030571711
31	0.1	8	78	0.028399432791495503
31	0.1	8	17	0.028399432791495503
31	0.1	8	82	0.028399432791495503
31	0.1	8	67	0.028399432791495503
31	0.1	8	42	0.028399432791495503
31	0.1	8	12	0.028399432791495503
31	0.1	8	77	0.028399432791495503
31	0.1	8	33	0.028399432791495503
31	0.1	8	79	0.028399432791495503
31	0.1	8	59	0.028399432791495503
31	0.1	9	74	0.1308372537318645
31	0.1	9	7	0.0736287997504604
31	0.1	9	73	0.08392220579646499
31	0.1	9	0	0.08392220579646499
31	0.1	9	94	0.02471638489787042
31	0.1	9	6	0.0736287997504604
31	0.1	9	3	0.0736287997504604
31	0.1	9	20	0.02471638489787042
31	0.1	9	1	0.0736287997504604
31	0.1	9	4	0.0736287997504604
31	0.1	9	2	0.0736287997504604
31	0.1	9	17	0.023819940760491418
31	0.1	9	84	0.02471638489787042
31	0.1	9	82	0.018047764821306277
31	0.1	9	28	0.01630397958005219
31	0.1	9	78	0.009173673660917963
31	0.1	9	12	0.008566360295825087
31	0.1	9	59	0.008566360295825087
31	0.1	9	44	0.007414013067050511
31	0.1	9	100	0.005555720957042474
31	0.1	10	74	0.08180788334695605
31	0.1	10	0	0.07663066321393411
31	0.1	10	73	0.07663066321393411
31	0.1	10	7	0.07663066321393411
31	0.1	10	3	0.07663066321393411
31	0.1	10	44	0.019914089880872624
31	0.1	10	1	0.07663066321393411
31	0.1	10	4	0.07663066321393411
31	0.1	10	6	0.07663066321393411
31	0.1	10	2	0.07663066321393411
31	0.1	10	17	0.051246461177679586
31	0.1	10	77	0.046187846247263555
31	0.1	10	78	0.00970875586194075
31	0.1	10	20	0.046187846247263555
31	0.1	10	59	0.046187846247263555
31	0.1	10	33	0.046187846247263555
31	0.1	10	94	0.046187846247263555
31	0.1	10	28	0.046187846247263555
31	0.1	10	84	0.046187846247263555
31	0.1	10	15	0.0020935223130447225
31	0.1	11	74	0.10431324503220005
31	0.1	11	0	0.10431324503220005
31	0.1	11	3	0.10431324503220005
31	0.1	11	73	0.10431324503220005
31	0.1	11	17	0.054065768198506226
31	0.1	11	42	0.006002010388584191
31	0.1	11	7	0.10431324503220005
31	0.1	11	1	0.10431324503220005
31	0.1	11	6	0.10431324503220005
31	0.1	11	2	0.10431324503220005
31	0.1	11	4	0.10431324503220005
31	0.1	11	77	0.054065768198506226
31	0.1	11	94	0.054065768198506226
31	0.1	11	59	0.054065768198506226
31	0.1	11	28	0.02911190730658976
31	0.1	11	20	0.02911190730658976
31	0.1	11	84	0.02911190730658976
31	0.1	11	70	0.02911190730658976
31	0.1	11	35	0.01166882328189912
31	0.1	11	81	0.0064303409840731265
31	0.1	12	74	0.1590375069412771
31	0.1	12	7	0.06976537642914328
31	0.1	12	42	0.0480072588592385
31	0.1	12	73	0.0480072588592385
31	0.1	12	67	0.03531794661543897
31	0.1	12	4	0.06105875429320356
31	0.1	12	1	0.06105875429320356
31	0.1	12	2	0.06105875429320356
31	0.1	12	6	0.06105875429320356
31	0.1	12	3	0.06105875429320356
31	0.1	12	17	0.0480072588592385
31	0.1	12	33	0.0480072588592385
31	0.1	12	77	0.0480072588592385
31	0.1	12	0	0.0480072588592385
31	0.1	12	44	0.03531794661543897
31	0.1	12	20	0.03826535321263496
31	0.1	12	70	0.03826535321263496
31	0.1	12	59	0.03826535321263496
31	0.1	12	94	0.03826535321263496
31	0.1	12	78	0.03531794661543897
31	0.1	13	74	0.07528329436575977
31	0.1	13	0	0.07528329436575977
31	0.1	13	73	0.07528329436575977
31	0.1	13	17	0.06446680692683002
31	0.1	13	82	0.01338577172270389
31	0.1	13	7	0.07528329436575977
31	0.1	13	3	0.07528329436575977
31	0.1	13	1	0.07528329436575977
31	0.1	13	4	0.07528329436575977
31	0.1	13	2	0.07528329436575977
31	0.1	13	6	0.07528329436575977
31	0.1	13	77	0.04086130335468961
31	0.1	13	33	0.04086130335468961
31	0.1	13	59	0.04086130335468961
31	0.1	13	20	0.01338577172270389
31	0.1	13	42	0.01338577172270389
31	0.1	13	12	0.01338577172270389
31	0.1	13	28	0.01338577172270389
31	0.1	13	94	0.01338577172270389
31	0.1	13	44	0.01338577172270389
31	0.1	14	0	0.07303801875545891
31	0.1	14	74	0.07303801875545891
31	0.1	14	73	0.07303801875545891
31	0.1	14	17	0.05079819177126315
31	0.1	14	7	0.07303801875545891
31	0.1	14	3	0.07303801875545891
31	0.1	14	4	0.07303801875545891
31	0.1	14	1	0.07303801875545891
31	0.1	14	2	0.07303801875545891
31	0.1	14	6	0.07303801875545891
31	0.1	14	94	0.03543095593770893
31	0.1	14	84	0.03543095593770893
31	0.1	14	77	0.03543095593770893
31	0.1	14	67	0.013760981663050008
31	0.1	14	20	0.03543095593770893
31	0.1	14	33	0.03543095593770893
31	0.1	14	59	0.03543095593770893
31	0.1	14	28	0.013760981663050008
31	0.1	14	100	0.013760981663050008
31	0.1	14	78	0.009493550087534289
31	0.1	15	74	0.10181588190905766
31	0.1	15	0	0.10181588190905766
31	0.1	15	73	0.08270770285416974
31	0.1	15	17	0.034260468859173096
31	0.1	15	7	0.08270770285416974
31	0.1	15	3	0.08270770285416974
31	0.1	15	2	0.08270770285416974
31	0.1	15	6	0.08270770285416974
31	0.1	15	1	0.08270770285416974
31	0.1	15	4	0.08270770285416974
31	0.1	15	42	0.032849623638513126
31	0.1	15	44	0.034260468859173096
31	0.1	15	78	0.034260468859173096
31	0.1	15	36	0.032849623638513126
31	0.1	15	67	0.032849623638513126
31	0.1	15	66	0.013661830035619228
31	0.1	15	84	0.013661830035619228
31	0.1	15	33	0.013661830035619228
31	0.1	15	77	0.013661830035619228
31	0.1	15	82	0.005909992140891809
31	0.1	16	74	0.06925501319115997
31	0.1	16	0	0.06925501319115997
31	0.1	16	73	0.06925501319115997
31	0.1	16	67	0.03642045304690702
31	0.1	16	3	0.04711657614429013
31	0.1	16	7	0.04711657614429013
31	0.1	16	2	0.04711657614429013
31	0.1	16	1	0.04711657614429013
31	0.1	16	4	0.04711657614429013
31	0.1	16	6	0.04711657614429013
31	0.1	16	44	0.04711657614429013
31	0.1	16	66	0.03642045304690702
31	0.1	16	59	0.03642045304690702
31	0.1	16	94	0.03642045304690702
31	0.1	16	36	0.03642045304690702
31	0.1	16	42	0.03284985642954476
31	0.1	16	77	0.016836762129603906
31	0.1	16	12	0.016836762129603906
31	0.1	16	33	0.016836762129603906
31	0.1	16	20	0.0069285239088114564
31	0.1	17	74	0.07900119872280642
31	0.1	17	0	0.06498548138044663
31	0.1	17	73	0.060185751286230806
31	0.1	17	3	0.060185751286230806
31	0.1	17	44	0.03803452398100471
31	0.1	17	36	0.034664107792407445
31	0.1	17	67	0.034664107792407445
31	0.1	17	1	0.060185751286230806
31	0.1	17	4	0.060185751286230806
31	0.1	17	6	0.060185751286230806
31	0.1	17	7	0.060185751286230806
31	0.1	17	2	0.060185751286230806
31	0.1	17	20	0.034664107792407445
31	0.1	17	59	0.034664107792407445
31	0.1	17	79	0.013739707522962172
31	0.1	17	42	0.034664107792407445
31	0.1	17	17	0.034664107792407445
31	0.1	17	78	0.013739707522962172
31	0.1	17	33	0.034664107792407445
31	0.1	17	77	0.034664107792407445
31	0.1	18	74	0.08831513307027668
31	0.1	18	0	0.08831513307027668
31	0.1	18	73	0.08831513307027668
31	0.1	18	7	0.08831513307027668
31	0.1	18	3	0.08831513307027668
31	0.1	18	17	0.0565448602357242
31	0.1	18	4	0.08831513307027668
31	0.1	18	6	0.08831513307027668
31	0.1	18	2	0.08831513307027668
31	0.1	18	1	0.08831513307027668
31	0.1	18	77	0.020430102246878978
31	0.1	18	33	0.020430102246878978
31	0.1	18	20	0.020430102246878978
31	0.1	18	67	0.020430102246878978
31	0.1	18	42	0.020430102246878978
31	0.1	18	94	0.020430102246878978
31	0.1	18	36	0.020430102246878978
31	0.1	18	78	0.005074441505230257
31	0.1	18	12	0.005074441505230257
31	0.1	18	82	0.005074441505230257
31	0.1	18	44	0.005074441505230257
31	0.1	18	66	0.020430102246878978
31	0.1	18	59	0.020430102246878978
31	0.1	18	84	0.018469892732296298
31	0.1	19	74	0.08106032017537095
31	0.1	19	0	0.08106032017537095
31	0.1	19	73	0.08106032017537095
31	0.1	19	7	0.08106032017537095
31	0.1	19	3	0.08106032017537095
31	0.1	19	82	0.010072661700306138
31	0.1	19	4	0.08106032017537095
31	0.1	19	1	0.08106032017537095
31	0.1	19	2	0.08106032017537095
31	0.1	19	6	0.08106032017537095
31	0.1	19	17	0.02418396861014461
31	0.1	19	77	0.023792545499103465
31	0.1	19	33	0.023792545499103465
31	0.1	19	20	0.023792545499103465
31	0.1	19	94	0.023792545499103465
31	0.1	19	59	0.023792545499103465
31	0.1	19	84	0.018842546918139077
31	0.1	19	28	0.018842546918139077
31	0.1	19	44	0.004799767364014426
31	0.1	19	70	0.004799767364014426
31	0.1	20	74	0.08815990016197114
31	0.1	20	0	0.08815990016197114
31	0.1	20	73	0.08815990016197114
31	0.1	20	3	0.08815990016197114
31	0.1	20	7	0.08815990016197114
31	0.1	20	17	0.021630290637765594
31	0.1	20	42	0.020530893280969995
31	0.1	20	2	0.08815990016197114
31	0.1	20	6	0.08815990016197114
31	0.1	20	1	0.08815990016197114
31	0.1	20	4	0.08815990016197114
31	0.1	20	20	0.020530893280969995
31	0.1	20	67	0.020530893280969995
31	0.1	20	36	0.020530893280969995
31	0.1	20	66	0.020530893280969995
31	0.1	20	44	0.011350432028745857
31	0.1	20	94	0.020530893280969995
31	0.1	20	59	0.020530893280969995
31	0.1	20	84	0.020530893280969995
31	0.1	20	82	0.00643053773625011
31	0.1	21	74	0.13005633232791441
31	0.1	21	7	0.13005633232791441
31	0.1	21	73	0.13005633232791441
31	0.1	21	0	0.13005633232791441
31	0.1	21	3	0.13005633232791441
31	0.1	21	4	0.13005633232791441
31	0.1	21	1	0.13005633232791441
31	0.1	21	2	0.13005633232791441
31	0.1	21	6	0.13005633232791441
31	0.1	21	17	0.055329822223125213
31	0.1	21	44	0.055329822223125213
31	0.1	21	78	0.055329822223125213
31	0.1	21	42	0.011505998591706163
31	0.1	21	20	0.055329822223125213
31	0.1	21	94	0.055329822223125213
31	0.1	21	59	0.055329822223125213
31	0.1	21	12	0.055329822223125213
31	0.1	21	67	0.011244807109423818
31	0.1	21	84	0.055329822223125213
31	0.1	21	79	0.055329822223125213
31	0.1	21	28	0.055329822223125213
31	0.1	21	82	0.055329822223125213
31	0.1	22	74	0.10040870347013528
31	0.1	22	0	0.10040870347013528
31	0.1	22	73	0.10040870347013528
31	0.1	22	7	0.10040870347013528
31	0.1	22	44	0.015383619527819298
31	0.1	22	1	0.10040870347013528
31	0.1	22	3	0.10040870347013528
31	0.1	22	2	0.10040870347013528
31	0.1	22	6	0.10040870347013528
31	0.1	22	4	0.10040870347013528
31	0.1	22	17	0.059784187427724796
31	0.1	22	77	0.03413793707958316
31	0.1	22	82	0.014942118100715805
31	0.1	22	42	0.010658440330256402
31	0.1	22	78	0.008426659585905012
31	0.1	22	67	0.008426659585905012
31	0.1	22	94	0.03413793707958316
31	0.1	22	84	0.03413793707958316
31	0.1	22	33	0.03413793707958316
31	0.1	22	59	0.03413793707958316
31	0.1	22	20	0.03413793707958316
31	0.1	22	28	0.017313971411713782
31	0.1	23	74	0.10186639843806909
31	0.1	23	0	0.10186639843806909
31	0.1	23	73	0.10186639843806909
31	0.1	23	17	0.05333531528156338
31	0.1	23	3	0.10186639843806909
31	0.1	23	7	0.10186639843806909
31	0.1	23	4	0.10186639843806909
31	0.1	23	6	0.10186639843806909
31	0.1	23	1	0.10186639843806909
31	0.1	23	2	0.10186639843806909
31	0.1	23	44	0.0018996971307610481
31	0.1	23	94	0.023256132682971914
31	0.1	23	77	0.023256132682971914
31	0.1	23	59	0.023256132682971914
31	0.1	23	20	0.021553910909707354
31	0.1	23	33	0.021553910909707354
31	0.1	23	84	0.021553910909707354
31	0.1	23	28	0.021298338392537315
31	0.1	23	100	0.01840167825496898
31	0.1	23	70	0.01840167825496898
31	0.1	23	15	0.01840167825496898
31	0.1	24	74	0.11681215202387492
31	0.1	24	0	0.11681215202387492
31	0.1	24	73	0.11681215202387492
31	0.1	24	7	0.11681215202387492
31	0.1	24	78	0.07074497903916359
31	0.1	24	3	0.11681215202387492
31	0.1	24	4	0.11681215202387492
31	0.1	24	1	0.11681215202387492
31	0.1	24	6	0.11681215202387492
31	0.1	24	2	0.11681215202387492
31	0.1	24	36	0.012788954810596704
31	0.1	24	42	0.012788954810596704
31	0.1	24	67	0.012788954810596704
31	0.1	24	12	0.07074497903916359
31	0.1	24	44	0.07074497903916359
31	0.1	24	82	0.07074497903916359
31	0.1	24	17	0.07074497903916359
31	0.1	24	66	0.012788954810596704
31	0.1	24	59	0.012788954810596704
31	0.1	24	20	0.012788954810596704
31	0.1	24	94	0.07074497903916359
31	0.1	24	33	0.07074497903916359
31	0.1	24	79	0.07074497903916359
31	0.1	24	77	0.07074497903916359
31	0.1	24	93	0.015639780966411287
31	0.1	25	74	0.06663439268654885
31	0.1	25	0	0.06663439268654885
31	0.1	25	73	0.06663439268654885
31	0.1	25	17	0.03837457435769558
31	0.1	25	7	0.06663439268654885
31	0.1	25	3	0.06663439268654885
31	0.1	25	4	0.06663439268654885
31	0.1	25	6	0.06663439268654885
31	0.1	25	1	0.06663439268654885
31	0.1	25	2	0.06663439268654885
31	0.1	25	44	0.029061035248336937
31	0.1	25	78	0.02382378996194421
31	0.1	25	82	0.02382378996194421
31	0.1	25	12	0.022245100945621286
31	0.1	25	79	0.022245100945621286
31	0.1	25	77	0.022245100945621286
31	0.1	25	67	0.022245100945621286
31	0.1	25	42	0.022245100945621286
31	0.1	25	33	0.017837961138742257
31	0.1	25	59	0.017837961138742257
31	0.1	25	94	0.017837961138742257
31	0.1	25	20	0.017837961138742257
31	0.1	26	74	0.1252334487095664
31	0.1	26	73	0.08986032025029073
31	0.1	26	78	0.02226420106157359
31	0.1	26	7	0.08648370119077778
31	0.1	26	3	0.08648370119077778
31	0.1	26	82	0.02226420106157359
31	0.1	26	4	0.08648370119077778
31	0.1	26	1	0.08648370119077778
31	0.1	26	0	0.08648370119077778
31	0.1	26	6	0.08648370119077778
31	0.1	26	2	0.08648370119077778
31	0.1	26	17	0.035261279092937914
31	0.1	26	77	0.035261279092937914
31	0.1	26	33	0.02226420106157359
31	0.1	26	42	0.02226420106157359
31	0.1	26	84	0.02226420106157359
31	0.1	26	67	0.02226420106157359
31	0.1	26	20	0.0072760645739950456
31	0.1	26	79	0.02226420106157359
31	0.1	26	12	0.02226420106157359
31	0.1	27	74	0.13944225993271253
31	0.1	27	0	0.13944225993271253
31	0.1	27	73	0.13944225993271253
31	0.1	27	44	0.022368662673597793
31	0.1	27	7	0.13944225993271253
31	0.1	27	3	0.13944225993271253
31	0.1	27	78	0.01082052348221602
31	0.1	27	1	0.13944225993271253
31	0.1	27	4	0.13944225993271253
31	0.1	27	6	0.13944225993271253
31	0.1	27	2	0.13944225993271253
31	0.1	27	94	0.030435951684077134
31	0.1	27	84	0.022368662673597793
31	0.1	27	59	0.022368662673597793
31	0.1	27	17	0.022368662673597793
31	0.1	27	42	0.01082052348221602
31	0.1	27	20	0.01365682911680648
31	0.1	27	77	0.01365682911680648
31	0.1	27	28	0.01365682911680648
31	0.1	27	33	0.01365682911680648
31	0.1	28	74	0.12155904324876743
31	0.1	28	0	0.12155904324876743
31	0.1	28	7	0.12155904324876743
31	0.1	28	73	0.12155904324876743
31	0.1	28	3	0.12155904324876743
31	0.1	28	17	0.021809136186422454
31	0.1	28	44	0.021809136186422454
31	0.1	28	2	0.12155904324876743
31	0.1	28	4	0.12155904324876743
31	0.1	28	6	0.12155904324876743
31	0.1	28	1	0.12155904324876743
31	0.1	28	94	0.045797512957483126
31	0.1	28	20	0.045797512957483126
31	0.1	28	59	0.045797512957483126
31	0.1	28	28	0.02086971622790344
31	0.1	28	15	0.02086971622790344
31	0.1	28	70	0.0180871506510745
31	0.1	28	84	0.0180871506510745
31	0.1	28	35	0.0180871506510745
31	0.1	28	100	0.0180871506510745
31	0.1	29	74	0.12989260612958287
31	0.1	29	3	0.11444109598548262
31	0.1	29	73	0.11444109598548262
31	0.1	29	0	0.11444109598548262
31	0.1	29	17	0.022345248855388553
31	0.1	29	7	0.11444109598548262
31	0.1	29	1	0.11444109598548262
31	0.1	29	4	0.11444109598548262
31	0.1	29	2	0.11444109598548262
31	0.1	29	6	0.11444109598548262
31	0.1	29	20	0.021597469101634875
31	0.1	29	94	0.021597469101634875
31	0.1	29	42	0.021597469101634875
31	0.1	29	77	0.021597469101634875
31	0.1	29	44	0.021597469101634875
31	0.1	29	78	0.021597469101634875
31	0.1	29	67	0.018693739024761645
31	0.1	29	28	0.01635873245035843
31	0.1	29	82	0.014621682308254075
31	0.1	29	66	0.011514274906252514
31	0.1	30	74	0.12343370451948436
31	0.1	30	7	0.10405391407112681
31	0.1	30	0	0.10405391407112681
31	0.1	30	73	0.10405391407112681
31	0.1	30	3	0.10405391407112681
31	0.1	30	17	0.03943953634976927
31	0.1	30	4	0.10405391407112681
31	0.1	30	33	0.03943953634976927
31	0.1	30	94	0.03943953634976927
31	0.1	30	6	0.10405391407112681
31	0.1	30	1	0.10405391407112681
31	0.1	30	2	0.10405391407112681
31	0.1	30	42	0.026849658612994563
31	0.1	30	67	0.007892544653066262
31	0.1	30	44	0.007892544653066262
31	0.1	30	78	0.007892544653066262
31	0.1	30	84	0.03943953634976927
31	0.1	30	59	0.03943953634976927
31	0.1	30	28	0.03943953634976927
31	0.1	30	77	0.03943953634976927
31	0.1	30	100	0.021586467711866213
31	0.1	30	70	0.021586467711866213
31	0.1	31	74	0.10471991952337734
31	0.1	31	0	0.10471991952337734
31	0.1	31	73	0.10471991952337734
31	0.1	31	3	0.10471991952337734
31	0.1	31	7	0.10471991952337734
31	0.1	31	2	0.10471991952337734
31	0.1	31	78	0.02581395938229528
31	0.1	31	44	0.02581395938229528
31	0.1	31	6	0.10471991952337734
31	0.1	31	4	0.10471991952337734
31	0.1	31	1	0.10471991952337734
31	0.1	31	17	0.02581395938229528
31	0.1	31	77	0.02581395938229528
31	0.1	31	67	0.010530042835944513
31	0.1	31	42	0.010530042835944513
31	0.1	31	94	0.02581395938229528
31	0.1	31	20	0.02581395938229528
31	0.1	31	33	0.02581395938229528
31	0.1	31	28	0.02581395938229528
31	0.1	31	59	0.02581395938229528
31	0.1	31	84	0.02581395938229528
31	0.1	31	70	0.02581395938229528
31	0.1	32	74	0.14071075930902277
31	0.1	32	73	0.08811670242503056
31	0.1	32	17	0.03651438462099022
31	0.1	32	7	0.08811670242503056
31	0.1	32	3	0.08811670242503056
31	0.1	32	2	0.08811670242503056
31	0.1	32	6	0.08811670242503056
31	0.1	32	4	0.08811670242503056
31	0.1	32	1	0.08811670242503056
31	0.1	32	0	0.08811670242503056
31	0.1	32	44	0.03132860975199067
31	0.1	32	20	0.01609151055716148
31	0.1	32	78	0.01609151055716148
31	0.1	32	59	0.01609151055716148
31	0.1	32	67	0.009110991637447767
31	0.1	32	42	0.009110991637447767
31	0.1	32	66	0.009110991637447767
31	0.1	32	79	0.01609151055716148
31	0.1	32	12	0.01609151055716148
31	0.1	32	82	0.01609151055716148
31	0.1	32	77	0.01609151055716148
31	0.1	32	28	0.006507981259131204
31	0.1	32	94	0.009110991637447767
31	0.1	32	33	0.009110991637447767
31	0.1	32	36	0.009110991637447767
31	0.1	33	74	0.10310434198811773
31	0.1	33	7	0.07021773297976242
31	0.1	33	0	0.07021773297976242
31	0.1	33	73	0.07021773297976242
31	0.1	33	17	0.06364288629366671
31	0.1	33	44	0.033005158982202465
31	0.1	33	4	0.07021773297976242
31	0.1	33	1	0.07021773297976242
31	0.1	33	2	0.07021773297976242
31	0.1	33	3	0.07021773297976242
31	0.1	33	6	0.07021773297976242
31	0.1	33	20	0.04837595842265162
31	0.1	33	59	0.033005158982202465
31	0.1	33	82	0.033005158982202465
31	0.1	33	79	0.033005158982202465
31	0.1	33	12	0.033005158982202465
31	0.1	33	78	0.033005158982202465
31	0.1	33	67	0.033005158982202465
31	0.1	33	42	0.033005158982202465
31	0.1	33	93	0.024277484729313938
31	0.1	34	74	0.0780804587774986
31	0.1	34	0	0.0780804587774986
31	0.1	34	73	0.0780804587774986
31	0.1	34	7	0.0780804587774986
31	0.1	34	78	0.01741851760258977
31	0.1	34	44	0.006429637863150474
31	0.1	34	3	0.0780804587774986
31	0.1	34	2	0.0780804587774986
31	0.1	34	6	0.0780804587774986
31	0.1	34	4	0.0780804587774986
31	0.1	34	1	0.0780804587774986
31	0.1	34	17	0.04116340303367544
31	0.1	34	77	0.03544497683385099
31	0.1	34	33	0.03544497683385099
31	0.1	34	20	0.03544497683385099
31	0.1	34	59	0.03544497683385099
31	0.1	34	28	0.023647415935557328
31	0.1	34	94	0.023647415935557328
31	0.1	34	84	0.021291745338095486
31	0.1	34	18	0.021291745338095486
31	0.1	34	15	0.021291745338095486
31	0.1	35	74	0.11794077300718854
31	0.1	35	0	0.11794077300718854
31	0.1	35	73	0.11794077300718854
31	0.1	35	17	0.023154284275285267
31	0.1	35	3	0.0937610196438851
31	0.1	35	7	0.0937610196438851
31	0.1	35	78	0.023154284275285267
31	0.1	35	1	0.0937610196438851
31	0.1	35	4	0.0937610196438851
31	0.1	35	6	0.0937610196438851
31	0.1	35	94	0.023154284275285267
31	0.1	35	2	0.023154284275285267
31	0.1	35	67	0.01784252765409001
31	0.1	35	28	0.01680394223845088
31	0.1	35	36	0.005150216026161719
31	0.1	35	12	0.01680394223845088
31	0.1	35	82	0.01680394223845088
31	0.1	35	44	0.01680394223845088
31	0.1	35	79	0.01680394223845088
31	0.1	35	20	0.007214842357385454
31	0.1	36	74	0.10894806937602222
31	0.1	36	0	0.10894806937602222
31	0.1	36	73	0.06715504564369021
31	0.1	36	44	0.018747275967739643
31	0.1	36	7	0.06715504564369021
31	0.1	36	3	0.06715504564369021
31	0.1	36	1	0.06715504564369021
31	0.1	36	4	0.06715504564369021
31	0.1	36	6	0.06715504564369021
31	0.1	36	2	0.06715504564369021
31	0.1	36	17	0.04337279213826199
31	0.1	36	77	0.02702183672847816
31	0.1	36	42	0.012745899606131275
31	0.1	36	33	0.02079059133289297
31	0.1	36	94	0.02079059133289297
31	0.1	36	20	0.02079059133289297
31	0.1	36	59	0.018747275967739643
31	0.1	36	84	0.018747275967739643
31	0.1	36	28	0.018747275967739643
31	0.1	36	12	0.005139728001275531
31	0.1	36	67	0.012745899606131275
31	0.1	37	74	0.09206757106209366
31	0.1	37	0	0.09206757106209366
31	0.1	37	73	0.09206757106209366
31	0.1	37	3	0.09206757106209366
31	0.1	37	7	0.09206757106209366
31	0.1	37	17	0.019833532946269945
31	0.1	37	20	0.08440655980698171
31	0.1	37	4	0.09206757106209366
31	0.1	37	6	0.09206757106209366
31	0.1	37	2	0.09206757106209366
31	0.1	37	1	0.09206757106209366
31	0.1	37	28	0.01853107341122776
31	0.1	37	94	0.01853107341122776
31	0.1	37	59	0.01853107341122776
31	0.1	37	100	0.01853107341122776
31	0.1	37	18	0.01853107341122776
31	0.1	37	70	0.01853107341122776
31	0.1	37	78	0.005115304033698895
31	0.1	37	67	0.005115304033698895
31	0.1	37	36	0.005115304033698895
31	0.1	37	66	0.005115304033698895
31	0.1	37	82	0.005115304033698895
31	0.1	37	44	0.005115304033698895
31	0.1	37	12	0.005115304033698895
31	0.1	37	35	0.01853107341122776
31	0.1	37	15	0.01853107341122776
31	0.1	37	83	0.014679723178998915
31	0.1	38	3	0.08599529637590413
31	0.1	38	0	0.07628290405412462
31	0.1	38	73	0.07628290405412462
31	0.1	38	17	0.07628290405412462
31	0.1	38	44	0.056068087787031554
31	0.1	38	7	0.07628290405412462
31	0.1	38	2	0.07628290405412462
31	0.1	38	1	0.07628290405412462
31	0.1	38	6	0.07628290405412462
31	0.1	38	4	0.07628290405412462
31	0.1	38	28	0.05478754830539888
31	0.1	38	59	0.05478754830539888
31	0.1	38	33	0.05478754830539888
31	0.1	38	77	0.05478754830539888
31	0.1	38	20	0.05478754830539888
31	0.1	38	94	0.05478754830539888
31	0.1	38	71	0.05478754830539888
31	0.1	38	82	0.0046918426615093906
31	0.1	38	12	0.002829759655685529
31	0.1	38	62	0.007484569745069294
31	0.1	38	29	0.007484569745069294
31	0.1	38	84	0.007484569745069294
31	0.1	39	74	0.08660603188049187
31	0.1	39	0	0.08660603188049187
31	0.1	39	73	0.06740370689683683
31	0.1	39	7	0.06740370689683683
31	0.1	39	3	0.06740370689683683
31	0.1	39	17	0.06219199050727681
31	0.1	39	1	0.06740370689683683
31	0.1	39	4	0.06740370689683683
31	0.1	39	2	0.06740370689683683
31	0.1	39	6	0.06740370689683683
31	0.1	39	77	0.03411925285608692
31	0.1	39	33	0.03411925285608692
31	0.1	39	20	0.03411925285608692
31	0.1	39	94	0.03411925285608692
31	0.1	39	59	0.028697200513678408
31	0.1	39	84	0.028697200513678408
31	0.1	39	28	0.028697200513678408
31	0.1	39	15	0.0074166806573088
31	0.1	39	100	0.0054465751087084055
31	0.1	39	78	0.00545043645049036
31	0.1	39	82	0.00545043645049036
31	0.1	40	74	0.0895607615991406
31	0.1	40	0	0.0895607615991406
31	0.1	40	73	0.0895607615991406
31	0.1	40	7	0.0895607615991406
31	0.1	40	3	0.0895607615991406
31	0.1	40	1	0.0895607615991406
31	0.1	40	4	0.0895607615991406
31	0.1	40	6	0.0895607615991406
31	0.1	40	2	0.0895607615991406
31	0.1	40	17	0.048461310223389904
31	0.1	40	44	0.01930356988355512
31	0.1	40	77	0.01930356988355512
31	0.1	40	59	0.01930356988355512
31	0.1	40	78	0.014037729711875179
31	0.1	40	33	0.01930356988355512
31	0.1	40	94	0.01930356988355512
31	0.1	40	84	0.01930356988355512
31	0.1	40	20	0.01930356988355512
31	0.1	40	67	0.01930356988355512
31	0.1	40	42	0.01930356988355512
31	0.1	41	74	0.12461308778795939
31	0.1	41	0	0.12461308778795939
31	0.1	41	73	0.12461308778795939
31	0.1	41	7	0.12461308778795939
31	0.1	41	3	0.12461308778795939
31	0.1	41	4	0.12461308778795939
31	0.1	41	17	0.028484013707723355
31	0.1	41	2	0.12461308778795939
31	0.1	41	6	0.12461308778795939
31	0.1	41	1	0.12461308778795939
31	0.1	41	20	0.028484013707723355
31	0.1	41	82	0.028484013707723355
31	0.1	41	44	0.028484013707723355
31	0.1	41	78	0.028484013707723355
31	0.1	41	94	0.028484013707723355
31	0.1	41	59	0.028484013707723355
31	0.1	41	84	0.028484013707723355
31	0.1	41	67	0.0073736380963816675
31	0.1	41	12	0.028484013707723355
31	0.1	41	77	0.028484013707723355
31	0.1	41	79	0.028484013707723355
31	0.1	42	0	0.07415768432447456
31	0.1	42	73	0.07415768432447456
31	0.1	42	74	0.07415768432447456
31	0.1	42	3	0.07415768432447456
31	0.1	42	17	0.03527304382873118
31	0.1	42	44	0.024430069000138593
31	0.1	42	4	0.07415768432447456
31	0.1	42	7	0.07415768432447456
31	0.1	42	1	0.07415768432447456
31	0.1	42	6	0.07415768432447456
31	0.1	42	2	0.07415768432447456
31	0.1	42	42	0.024430069000138593
31	0.1	42	67	0.024430069000138593
31	0.1	42	82	0.024430069000138593
31	0.1	42	78	0.024430069000138593
31	0.1	42	59	0.024430069000138593
31	0.1	42	77	0.024430069000138593
31	0.1	42	66	0.024430069000138593
31	0.1	42	12	0.024430069000138593
31	0.1	42	79	0.024430069000138593
31	0.1	43	1	0.07549275228501533
31	0.1	43	74	0.03458842332346538
31	0.1	43	7	0.07549275228501533
31	0.1	43	4	0.07549275228501533
31	0.1	43	6	0.07549275228501533
31	0.1	43	2	0.07549275228501533
31	0.1	43	3	0.07549275228501533
31	0.1	43	36	0.03458842332346538
31	0.1	43	12	0.03458842332346538
31	0.1	43	67	0.03458842332346538
31	0.1	43	42	0.03458842332346538
31	0.1	43	78	0.03458842332346538
31	0.1	43	82	0.03458842332346538
31	0.1	43	73	0.03458842332346538
31	0.1	43	44	0.02268001695813802
31	0.1	43	20	0.03458842332346538
31	0.1	43	0	0.03458842332346538
31	0.1	43	59	0.01282281546026385
31	0.1	43	33	0.008141414837679998
31	0.1	43	17	0.008141414837679998
31	0.1	43	66	0.008141414837679998
31	0.1	43	84	0.008141414837679998
31	0.1	44	74	0.12684015851619576
31	0.1	44	0	0.12684015851619576
31	0.1	44	73	0.12684015851619576
31	0.1	44	17	0.029091007209768947
31	0.1	44	3	0.12684015851619576
31	0.1	44	7	0.12684015851619576
31	0.1	44	1	0.12684015851619576
31	0.1	44	6	0.12684015851619576
31	0.1	44	4	0.12684015851619576
31	0.1	44	2	0.12684015851619576
31	0.1	44	94	0.033713765625188984
31	0.1	44	84	0.029091007209768947
31	0.1	44	59	0.029091007209768947
31	0.1	44	28	0.029091007209768947
31	0.1	44	78	0.008176756353490225
31	0.1	44	42	0.008176756353490225
31	0.1	44	100	0.029091007209768947
31	0.1	44	93	0.029091007209768947
31	0.1	44	15	0.029091007209768947
31	0.1	44	35	0.004235478525221256
31	0.1	45	74	0.07421689520341611
31	0.1	45	0	0.07421689520341611
31	0.1	45	73	0.07421689520341611
31	0.1	45	17	0.046212718199614
31	0.1	45	3	0.07421689520341611
31	0.1	45	7	0.07421689520341611
31	0.1	45	1	0.07421689520341611
31	0.1	45	6	0.07421689520341611
31	0.1	45	2	0.07421689520341611
31	0.1	45	4	0.07421689520341611
31	0.1	45	78	0.046212718199614
31	0.1	45	44	0.046212718199614
31	0.1	45	77	0.046212718199614
31	0.1	45	82	0.046212718199614
31	0.1	45	42	0.007687748672293101
31	0.1	45	67	0.007687748672293101
31	0.1	45	36	0.007687748672293101
31	0.1	45	12	0.046212718199614
31	0.1	45	79	0.046212718199614
31	0.1	45	33	0.021836150290120773
31	0.1	45	84	0.021836150290120773
31	0.1	45	94	0.021836150290120773
31	0.1	45	59	0.021836150290120773
31	0.1	46	74	0.10045984688015491
31	0.1	46	0	0.10045984688015491
31	0.1	46	7	0.05697803319145707
31	0.1	46	3	0.05697803319145707
31	0.1	46	73	0.05697803319145707
31	0.1	46	2	0.05697803319145707
31	0.1	46	42	0.02052654037465517
31	0.1	46	1	0.05697803319145707
31	0.1	46	4	0.05697803319145707
31	0.1	46	6	0.05697803319145707
31	0.1	46	94	0.05697803319145707
31	0.1	46	59	0.05697803319145707
31	0.1	46	15	0.02052654037465517
31	0.1	46	100	0.02052654037465517
31	0.1	46	28	0.009962204599483878
31	0.1	46	83	0.007472032391690568
31	0.1	46	84	0.007472032391690568
31	0.1	46	82	0.009962204599483878
31	0.1	46	78	0.009962204599483878
31	0.1	46	12	0.009962204599483878
31	0.1	46	67	0.009962204599483878
31	0.1	46	20	0.0074702955384554105
31	0.1	47	74	0.13307070915928731
31	0.1	47	73	0.0744732194141634
31	0.1	47	42	0.0744732194141634
31	0.1	47	67	0.0744732194141634
31	0.1	47	84	0.023973879095925174
31	0.1	47	3	0.0744732194141634
31	0.1	47	7	0.0744732194141634
31	0.1	47	1	0.0744732194141634
31	0.1	47	2	0.0744732194141634
31	0.1	47	6	0.0744732194141634
31	0.1	47	4	0.0744732194141634
31	0.1	47	44	0.03564760915806902
31	0.1	47	0	0.03564760915806902
31	0.1	47	66	0.023973879095925174
31	0.1	47	94	0.023973879095925174
31	0.1	47	93	0.023973879095925174
31	0.1	47	33	0.03564760915806902
31	0.1	47	12	0.03564760915806902
31	0.1	47	82	0.03564760915806902
31	0.1	47	78	0.03564760915806902
31	0.1	47	79	0.03564760915806902
31	0.1	47	17	0.02161898005637072
31	0.1	47	20	0.02161898005637072
31	0.1	48	0	0.07251077227454832
31	0.1	48	4	0.07251077227454832
31	0.1	48	74	0.07251077227454832
31	0.1	48	73	0.07251077227454832
31	0.1	48	7	0.06461477666525145
31	0.1	48	3	0.06461477666525145
31	0.1	48	59	0.027510984735996308
31	0.1	48	12	0.027510984735996308
31	0.1	48	82	0.027510984735996308
31	0.1	48	77	0.027510984735996308
31	0.1	48	1	0.027510984735996308
31	0.1	48	33	0.027510984735996308
31	0.1	48	6	0.027510984735996308
31	0.1	48	28	0.027510984735996308
31	0.1	48	42	0.027510984735996308
31	0.1	48	2	0.027510984735996308
31	0.1	48	15	0.027510984735996308
31	0.1	48	18	0.027510984735996308
31	0.1	48	84	0.027510984735996308
31	0.1	48	17	0.027510984735996308
31	0.1	48	20	0.0104623075355036
31	0.1	49	74	0.12062964940282898
31	0.1	49	0	0.12062964940282898
31	0.1	49	7	0.12062964940282898
31	0.1	49	3	0.12062964940282898
31	0.1	49	2	0.12062964940282898
31	0.1	49	73	0.12062964940282898
31	0.1	49	17	0.04072780573054265
31	0.1	49	82	0.01205142970743891
31	0.1	49	6	0.12062964940282898
31	0.1	49	1	0.12062964940282898
31	0.1	49	4	0.12062964940282898
31	0.1	49	59	0.08450853704779517
31	0.1	49	28	0.03525189312825439
31	0.1	49	42	0.006760105031524776
31	0.1	49	36	0.006760105031524776
31	0.1	49	20	0.030723151840786535
31	0.1	49	33	0.030723151840786535
31	0.1	49	77	0.030723151840786535
31	0.1	49	71	0.030723151840786535
31	0.1	49	83	0.01205142970743891
31	0.1	49	94	0.01205142970743891
31	0.1	49	12	0.004907272835495988
31	0.1	50	74	0.11643293145658101
31	0.1	50	0	0.11643293145658101
31	0.1	50	73	0.11643293145658101
31	0.1	50	17	0.0374427144275477
31	0.1	50	7	0.11643293145658101
31	0.1	50	3	0.11643293145658101
31	0.1	50	4	0.11643293145658101
31	0.1	50	1	0.11643293145658101
31	0.1	50	2	0.11643293145658101
31	0.1	50	6	0.11643293145658101
31	0.1	50	78	0.01216351446450028
31	0.1	50	20	0.0374427144275477
31	0.1	50	84	0.0374427144275477
31	0.1	50	94	0.0374427144275477
31	0.1	50	59	0.0374427144275477
31	0.1	50	28	0.0374427144275477
31	0.1	50	100	0.018648417596492904
31	0.1	50	67	0.0008109088118176832
31	0.1	50	70	0.01216351446450028
31	0.1	50	15	0.01216351446450028
31	0.1	50	77	0.01216351446450028
31	0.1	51	74	0.14735679310890654
31	0.1	51	0	0.14735679310890654
31	0.1	51	4	0.14735679310890654
31	0.1	51	78	0.02614543194397291
31	0.1	51	73	0.14735679310890654
31	0.1	51	1	0.14735679310890654
31	0.1	51	7	0.14735679310890654
31	0.1	51	3	0.14735679310890654
31	0.1	51	6	0.14735679310890654
31	0.1	51	2	0.14735679310890654
31	0.1	51	59	0.04522584223547781
31	0.1	51	44	0.02614543194397291
31	0.1	51	17	0.02614543194397291
31	0.1	51	36	0.02614543194397291
31	0.1	51	33	0.01649689468697079
31	0.1	51	15	0.01649689468697079
31	0.1	51	84	0.01649689468697079
31	0.1	51	94	0.01649689468697079
31	0.1	51	82	0.008616819626436078
31	0.1	51	66	0.008538675568306169
31	0.1	52	74	0.07735440035260618
31	0.1	52	7	0.05459679414288247
31	0.1	52	73	0.05459679414288247
31	0.1	52	0	0.05459679414288247
31	0.1	52	17	0.04649223147994989
31	0.1	52	3	0.05339767352073501
31	0.1	52	4	0.05339767352073501
31	0.1	52	1	0.05339767352073501
31	0.1	52	2	0.05339767352073501
31	0.1	52	6	0.05339767352073501
31	0.1	52	78	0.03639903217974251
31	0.1	52	77	0.03639903217974251
31	0.1	52	20	0.03639903217974251
31	0.1	52	59	0.03639903217974251
31	0.1	52	82	0.005378508987473593
31	0.1	52	42	0.0038437518775256197
31	0.1	52	33	0.03639903217974251
31	0.1	52	28	0.03639903217974251
31	0.1	52	84	0.03639903217974251
31	0.1	52	100	0.03639903217974251
31	0.1	52	94	0.03639903217974251
31	0.1	52	15	0.01201248200482853
31	0.1	53	74	0.08839258035913031
31	0.1	53	0	0.08839258035913031
31	0.1	53	73	0.05678884549731609
31	0.1	53	7	0.05953461781051858
31	0.1	53	3	0.05953461781051858
31	0.1	53	4	0.05953461781051858
31	0.1	53	17	0.04616497281522671
31	0.1	53	2	0.05953461781051858
31	0.1	53	1	0.05953461781051858
31	0.1	53	6	0.05953461781051858
31	0.1	53	77	0.03244503846025169
31	0.1	53	20	0.03244503846025169
31	0.1	53	33	0.03244503846025169
31	0.1	53	44	0.014551877811895163
31	0.1	53	59	0.014551877811895163
31	0.1	53	42	0.009459187864682079
31	0.1	53	12	0.014551877811895163
31	0.1	53	82	0.014551877811895163
31	0.1	53	94	0.014551877811895163
31	0.1	53	84	0.014551877811895163
31	0.1	53	28	0.009459187864682079
31	0.1	53	36	0.009459187864682079
31	0.1	53	67	0.009459187864682079
31	0.1	54	74	0.12390632753041884
31	0.1	54	0	0.12390632753041884
31	0.1	54	73	0.12390632753041884
31	0.1	54	7	0.12390632753041884
31	0.1	54	3	0.12390632753041884
31	0.1	54	1	0.12390632753041884
31	0.1	54	4	0.12390632753041884
31	0.1	54	6	0.12390632753041884
31	0.1	54	2	0.12390632753041884
31	0.1	54	17	0.035002319916694294
31	0.1	54	78	0.016709826127550686
31	0.1	54	20	0.035002319916694294
31	0.1	54	94	0.035002319916694294
31	0.1	54	77	0.035002319916694294
31	0.1	54	59	0.035002319916694294
31	0.1	54	44	0.004289733649592298
31	0.1	54	28	0.035002319916694294
31	0.1	54	33	0.035002319916694294
31	0.1	54	84	0.035002319916694294
31	0.1	54	100	0.0133531595069371
31	0.1	55	74	0.16117730721273427
31	0.1	55	0	0.16117730721273427
31	0.1	55	73	0.16117730721273427
31	0.1	55	7	0.16117730721273427
31	0.1	55	3	0.16117730721273427
31	0.1	55	44	0.011368708901369982
31	0.1	55	1	0.16117730721273427
31	0.1	55	4	0.16117730721273427
31	0.1	55	6	0.16117730721273427
31	0.1	55	2	0.16117730721273427
31	0.1	55	17	0.037727706272266924
31	0.1	55	78	0.011368708901369982
31	0.1	55	94	0.037727706272266924
31	0.1	55	59	0.037727706272266924
31	0.1	55	20	0.037727706272266924
31	0.1	55	77	0.037727706272266924
31	0.1	55	84	0.037727706272266924
31	0.1	55	33	0.037727706272266924
31	0.1	55	93	0.037727706272266924
31	0.1	55	28	0.037727706272266924
31	0.1	56	74	0.12992369727658282
31	0.1	56	0	0.12992369727658282
31	0.1	56	44	0.012744144478497296
31	0.1	56	7	0.12127602693537186
31	0.1	56	3	0.12127602693537186
31	0.1	56	1	0.12127602693537186
31	0.1	56	4	0.12127602693537186
31	0.1	56	6	0.12127602693537186
31	0.1	56	2	0.12127602693537186
31	0.1	56	17	0.046779271684794094
31	0.1	56	77	0.03706335430086102
31	0.1	56	33	0.03706335430086102
31	0.1	56	73	0.03706335430086102
31	0.1	56	67	0.012744144478497296
31	0.1	56	78	0.012744144478497296
31	0.1	56	42	0.012744144478497296
31	0.1	56	59	0.03706335430086102
31	0.1	56	94	0.03706335430086102
31	0.1	56	20	0.03706335430086102
31	0.1	56	84	0.03706335430086102
31	0.1	56	28	0.03706335430086102
31	0.1	56	70	0.03706335430086102
31	0.1	56	15	0.03706335430086102
31	0.1	56	100	0.03706335430086102
31	0.1	57	74	0.09818203913052459
31	0.1	57	7	0.09818203913052459
31	0.1	57	73	0.09818203913052459
31	0.1	57	0	0.09818203913052459
31	0.1	57	17	0.030399685108148135
31	0.1	57	33	0.030399685108148135
31	0.1	57	4	0.09818203913052459
31	0.1	57	1	0.09818203913052459
31	0.1	57	3	0.09818203913052459
31	0.1	57	2	0.09818203913052459
31	0.1	57	6	0.09818203913052459
31	0.1	57	78	0.010450146618995718
31	0.1	57	44	0.010450146618995718
31	0.1	57	42	0.010450146618995718
31	0.1	57	77	0.030399685108148135
31	0.1	57	20	0.030399685108148135
31	0.1	57	59	0.030399685108148135
31	0.1	57	94	0.030399685108148135
31	0.1	57	84	0.030399685108148135
31	0.1	57	28	0.030399685108148135
31	0.1	57	15	0.030399685108148135
31	0.1	57	100	0.0179279555052716
31	0.1	58	74	0.1147963712160574
31	0.1	58	73	0.08994028827601674
31	0.1	58	44	0.02042835027260336
31	0.1	58	0	0.08994028827601674
31	0.1	58	7	0.08994028827601674
31	0.1	58	4	0.08994028827601674
31	0.1	58	1	0.08994028827601674
31	0.1	58	3	0.08994028827601674
31	0.1	58	2	0.08994028827601674
31	0.1	58	6	0.08994028827601674
31	0.1	58	17	0.08994028827601674
31	0.1	58	77	0.08994028827601674
31	0.1	58	33	0.08994028827601674
31	0.1	58	59	0.008990308042469126
31	0.1	58	82	0.019360914047019534
31	0.1	58	12	0.019360914047019534
31	0.1	58	67	0.019360914047019534
31	0.1	58	42	0.019360914047019534
31	0.1	58	79	0.019360914047019534
31	0.1	58	78	0.019360914047019534
31	0.1	58	66	0.014695707222868693
31	0.1	59	74	0.08972267337967396
31	0.1	59	0	0.08972267337967396
31	0.1	59	7	0.08972267337967396
31	0.1	59	73	0.05159997181057319
31	0.1	59	17	0.05159997181057319
31	0.1	59	2	0.08972267337967396
31	0.1	59	3	0.08972267337967396
31	0.1	59	1	0.08972267337967396
31	0.1	59	4	0.08972267337967396
31	0.1	59	6	0.08972267337967396
31	0.1	59	44	0.006119853876498417
31	0.1	59	33	0.03854492104012396
31	0.1	59	20	0.03854492104012396
31	0.1	59	77	0.03854492104012396
31	0.1	59	59	0.03854492104012396
31	0.1	59	84	0.03854492104012396
31	0.1	59	94	0.03854492104012396
31	0.1	59	28	0.03854492104012396
31	0.1	59	15	0.024847274733904558
31	0.1	59	71	0.00976097680628553
31	0.1	59	35	0.00976097680628553
31	0.1	60	74	0.11745439981557414
31	0.1	60	0	0.11745439981557414
31	0.1	60	73	0.11745439981557414
31	0.1	60	78	0.030320380078415955
31	0.1	60	67	0.01813397653740023
31	0.1	60	44	0.01813397653740023
31	0.1	60	42	0.01813397653740023
31	0.1	60	6	0.11745439981557414
31	0.1	60	2	0.11745439981557414
31	0.1	60	4	0.11745439981557414
31	0.1	60	1	0.11745439981557414
31	0.1	60	7	0.11745439981557414
31	0.1	60	3	0.11745439981557414
31	0.1	60	59	0.030320380078415955
31	0.1	60	20	0.030320380078415955
31	0.1	60	94	0.030320380078415955
31	0.1	60	82	0.01813397653740023
31	0.1	60	12	0.007956779349083076
31	0.1	60	84	0.01813397653740023
31	0.1	60	28	0.01813397653740023
31	0.1	60	17	0.01813397653740023
31	0.1	61	74	0.12846451353892566
31	0.1	61	0	0.12846451353892566
31	0.1	61	73	0.12846451353892566
31	0.1	61	3	0.12846451353892566
31	0.1	61	7	0.12846451353892566
31	0.1	61	2	0.12846451353892566
31	0.1	61	6	0.12846451353892566
31	0.1	61	36	0.022399111004573164
31	0.1	61	1	0.12846451353892566
31	0.1	61	4	0.12846451353892566
31	0.1	61	82	0.0251245980110486
31	0.1	61	66	0.022399111004573164
31	0.1	61	67	0.022399111004573164
31	0.1	61	59	0.022399111004573164
31	0.1	61	84	0.022399111004573164
31	0.1	61	79	0.0251245980110486
31	0.1	61	17	0.0251245980110486
31	0.1	61	77	0.0251245980110486
31	0.1	61	44	0.0251245980110486
31	0.1	61	78	0.0251245980110486
31	0.1	61	12	0.0251245980110486
31	0.1	61	33	0.01740562608309842
31	0.1	61	15	0.022399111004573164
31	0.1	61	94	0.022399111004573164
31	0.1	61	28	0.022399111004573164
31	0.1	61	20	0.022399111004573164
31	0.1	61	42	0.022399111004573164
31	0.1	61	35	0.022399111004573164
31	0.1	62	74	0.11862193780926694
31	0.1	62	0	0.11862193780926694
31	0.1	62	73	0.11862193780926694
31	0.1	62	7	0.08635227843653284
31	0.1	62	17	0.04777400132166441
31	0.1	62	3	0.08635227843653284
31	0.1	62	1	0.08635227843653284
31	0.1	62	4	0.08635227843653284
31	0.1	62	2	0.08635227843653284
31	0.1	62	6	0.08635227843653284
31	0.1	62	94	0.04777400132166441
31	0.1	62	82	0.015575064865440977
31	0.1	62	84	0.04777400132166441
31	0.1	62	15	0.04777400132166441
31	0.1	62	59	0.015575064865440977
31	0.1	62	20	0.015575064865440977
31	0.1	62	12	0.015575064865440977
31	0.1	62	78	0.015575064865440977
31	0.1	62	44	0.015575064865440977
31	0.1	62	33	0.015575064865440977
31	0.1	63	74	0.1328029961197326
31	0.1	63	73	0.1328029961197326
31	0.1	63	17	0.046984418607394274
31	0.1	63	7	0.1328029961197326
31	0.1	63	3	0.1328029961197326
31	0.1	63	0	0.1328029961197326
31	0.1	63	1	0.1328029961197326
31	0.1	63	4	0.1328029961197326
31	0.1	63	2	0.1328029961197326
31	0.1	63	6	0.1328029961197326
31	0.1	63	77	0.03123647688824586
31	0.1	63	59	0.03123647688824586
31	0.1	63	94	0.03123647688824586
31	0.1	63	78	0.03123647688824586
31	0.1	63	82	0.03123647688824586
31	0.1	63	67	0.005295483365608693
31	0.1	63	33	0.03123647688824586
31	0.1	63	42	0.005295483365608693
31	0.1	63	12	0.03123647688824586
31	0.1	63	44	0.03123647688824586
31	0.1	63	79	0.03123647688824586
31	0.1	63	28	0.03123647688824586
31	0.1	64	74	0.06907117178436724
31	0.1	64	0	0.06907117178436724
31	0.1	64	73	0.06907117178436724
31	0.1	64	3	0.06907117178436724
31	0.1	64	17	0.047939665940558665
31	0.1	64	7	0.06907117178436724
31	0.1	64	2	0.06907117178436724
31	0.1	64	6	0.06907117178436724
31	0.1	64	1	0.06907117178436724
31	0.1	64	4	0.06907117178436724
31	0.1	64	78	0.031010790140425005
31	0.1	64	77	0.03415309360607762
31	0.1	64	20	0.03415309360607762
31	0.1	64	33	0.03415309360607762
31	0.1	64	84	0.03415309360607762
31	0.1	64	59	0.03415309360607762
31	0.1	64	28	0.03415309360607762
31	0.1	64	82	0.010028524974981952
31	0.1	64	70	0.004488195718136045
31	0.1	64	35	0.004142588267667164
31	0.1	65	74	0.15374628466454118
31	0.1	65	0	0.15374628466454118
31	0.1	65	3	0.10367618323299119
31	0.1	65	7	0.10367618323299119
31	0.1	65	4	0.10367618323299119
31	0.1	65	6	0.10367618323299119
31	0.1	65	1	0.10367618323299119
31	0.1	65	2	0.10367618323299119
31	0.1	65	17	0.04762646863800862
31	0.1	65	20	0.0466671635962217
31	0.1	65	77	0.0466671635962217
31	0.1	65	78	0.025378650427570194
31	0.1	65	42	0.025378650427570194
31	0.1	65	67	0.025378650427570194
31	0.1	65	44	0.025378650427570194
31	0.1	65	84	0.0466671635962217
31	0.1	65	59	0.0466671635962217
31	0.1	65	94	0.0466671635962217
31	0.1	65	33	0.0466671635962217
31	0.1	65	28	0.0466671635962217
31	0.1	66	74	0.11074784004777584
31	0.1	66	0	0.11074784004777584
31	0.1	66	73	0.11074784004777584
31	0.1	66	7	0.07750386360712533
31	0.1	66	3	0.07750386360712533
31	0.1	66	94	0.0428206048320059
31	0.1	66	1	0.07750386360712533
31	0.1	66	6	0.07750386360712533
31	0.1	66	2	0.07750386360712533
31	0.1	66	4	0.07750386360712533
31	0.1	66	17	0.0428206048320059
31	0.1	66	59	0.0428206048320059
31	0.1	66	28	0.021752081181821255
31	0.1	66	84	0.021752081181821255
31	0.1	66	82	0.01427009907259777
31	0.1	66	67	0.01427009907259777
31	0.1	66	33	0.021752081181821255
31	0.1	66	15	0.021752081181821255
31	0.1	66	20	0.021752081181821255
31	0.1	66	78	0.001408098418846224
31	0.1	67	74	0.07971383348330506
31	0.1	67	0	0.060039267435350714
31	0.1	67	73	0.060039267435350714
31	0.1	67	44	0.04987002015189632
31	0.1	67	82	0.02669446358418905
31	0.1	67	4	0.060039267435350714
31	0.1	67	7	0.060039267435350714
31	0.1	67	1	0.060039267435350714
31	0.1	67	6	0.060039267435350714
31	0.1	67	2	0.060039267435350714
31	0.1	67	3	0.060039267435350714
31	0.1	67	94	0.040653848322551076
31	0.1	67	59	0.040653848322551076
31	0.1	67	20	0.040653848322551076
31	0.1	67	15	0.040653848322551076
31	0.1	67	28	0.040653848322551076
31	0.1	67	42	0.008564726340149252
31	0.1	67	35	0.025969369701415997
31	0.1	67	18	0.025969369701415997
31	0.1	67	79	0.007664202143110548
31	0.1	68	74	0.08770427520334224
31	0.1	68	7	0.057890826304829356
31	0.1	68	0	0.057890826304829356
31	0.1	68	3	0.057890826304829356
31	0.1	68	73	0.057890826304829356
31	0.1	68	6	0.057890826304829356
31	0.1	68	2	0.057890826304829356
31	0.1	68	4	0.057890826304829356
31	0.1	68	1	0.057890826304829356
31	0.1	68	17	0.057890826304829356
31	0.1	68	42	0.020144363131380977
31	0.1	68	33	0.02936834925484919
31	0.1	68	77	0.02936834925484919
31	0.1	68	94	0.02936834925484919
31	0.1	68	59	0.02936834925484919
31	0.1	68	84	0.02936834925484919
31	0.1	68	28	0.02936834925484919
31	0.1	68	20	0.014456729173936873
31	0.1	68	67	0.004483317298486452
31	0.1	68	15	0.014456729173936873
31	0.1	68	100	0.014456729173936873
31	0.1	69	74	0.08500601480604722
31	0.1	69	0	0.08500601480604722
31	0.1	69	73	0.08500601480604722
31	0.1	69	7	0.08500601480604722
31	0.1	69	3	0.08500601480604722
31	0.1	69	4	0.08500601480604722
31	0.1	69	1	0.08500601480604722
31	0.1	69	6	0.08500601480604722
31	0.1	69	2	0.08500601480604722
31	0.1	69	17	0.05834763079335169
31	0.1	69	77	0.05241118028009995
31	0.1	69	44	0.028743664881682097
31	0.1	69	33	0.05241118028009995
31	0.1	69	94	0.05241118028009995
31	0.1	69	78	0.028743664881682097
31	0.1	69	82	0.028743664881682097
31	0.1	69	12	0.028743664881682097
31	0.1	69	67	0.008643907619528947
31	0.1	69	59	0.028743664881682097
31	0.1	69	36	0.008643907619528947
31	0.1	69	42	0.008643907619528947
31	0.1	69	20	0.028743664881682097
31	0.1	70	74	0.12877759365254668
31	0.1	70	0	0.12877759365254668
31	0.1	70	7	0.0889397188440661
31	0.1	70	3	0.0889397188440661
31	0.1	70	78	0.03518153198113144
31	0.1	70	82	0.03518153198113144
31	0.1	70	6	0.0889397188440661
31	0.1	70	4	0.0889397188440661
31	0.1	70	1	0.0889397188440661
31	0.1	70	2	0.0889397188440661
31	0.1	70	17	0.04501134886885335
31	0.1	70	73	0.04501134886885335
31	0.1	70	77	0.03518153198113144
31	0.1	70	33	0.03518153198113144
31	0.1	70	84	0.03518153198113144
31	0.1	70	59	0.03518153198113144
31	0.1	70	28	0.03518153198113144
31	0.1	70	67	0.03518153198113144
31	0.1	70	42	0.03518153198113144
31	0.1	70	44	0.03518153198113144
31	0.1	71	74	0.12968331832326635
31	0.1	71	0	0.12968331832326635
31	0.1	71	73	0.12968331832326635
31	0.1	71	7	0.12968331832326635
31	0.1	71	44	0.03671868288357589
31	0.1	71	17	0.045032948647370126
31	0.1	71	78	0.017430489580634253
31	0.1	71	3	0.12968331832326635
31	0.1	71	1	0.12968331832326635
31	0.1	71	2	0.12968331832326635
31	0.1	71	6	0.12968331832326635
31	0.1	71	4	0.12968331832326635
31	0.1	71	20	0.045032948647370126
31	0.1	71	84	0.010089541981004214
31	0.1	71	82	0.017430489580634253
31	0.1	71	12	0.017430489580634253
31	0.1	71	94	0.010089541981004214
31	0.1	71	77	0.017430489580634253
31	0.1	71	28	0.010089541981004214
31	0.1	71	66	0.017430489580634253
31	0.1	71	67	0.017430489580634253
31	0.1	71	42	0.017430489580634253
31	0.1	71	79	0.017430489580634253
31	0.1	72	74	0.1246854108667925
31	0.1	72	0	0.1246854108667925
31	0.1	72	73	0.1246854108667925
31	0.1	72	7	0.1246854108667925
31	0.1	72	3	0.1246854108667925
31	0.1	72	4	0.1246854108667925
31	0.1	72	1	0.1246854108667925
31	0.1	72	2	0.1246854108667925
31	0.1	72	6	0.1246854108667925
31	0.1	72	20	0.031537116665629306
31	0.1	72	17	0.024842803250728164
31	0.1	72	59	0.031537116665629306
31	0.1	72	94	0.031537116665629306
31	0.1	72	84	0.031537116665629306
31	0.1	72	28	0.024842803250728164
31	0.1	72	44	0.015385022673111306
31	0.1	72	15	0.015385022673111306
31	0.1	72	70	0.015385022673111306
31	0.1	72	100	0.015385022673111306
31	0.1	72	78	0.003247732294385777
31	0.1	73	74	0.08315049857711211
31	0.1	73	0	0.08315049857711211
31	0.1	73	73	0.08315049857711211
31	0.1	73	17	0.05504566339597176
31	0.1	73	59	0.03792548401880743
31	0.1	73	3	0.08315049857711211
31	0.1	73	7	0.08315049857711211
31	0.1	73	4	0.08315049857711211
31	0.1	73	1	0.08315049857711211
31	0.1	73	6	0.08315049857711211
31	0.1	73	2	0.08315049857711211
31	0.1	73	44	0.015011308271257106
31	0.1	73	77	0.03792548401880743
31	0.1	73	20	0.03792548401880743
31	0.1	73	33	0.03792548401880743
31	0.1	73	94	0.03792548401880743
31	0.1	73	28	0.03792548401880743
31	0.1	73	84	0.023100800258855168
31	0.1	73	15	0.008317204274803215
31	0.1	73	35	0.008317204274803215
31	0.1	74	74	0.1068293876578076
31	0.1	74	0	0.1068293876578076
31	0.1	74	73	0.1068293876578076
31	0.1	74	7	0.09347477045974534
31	0.1	74	20	0.04209642274948093
31	0.1	74	2	0.09347477045974534
31	0.1	74	4	0.09347477045974534
31	0.1	74	3	0.09347477045974534
31	0.1	74	6	0.09347477045974534
31	0.1	74	1	0.09347477045974534
31	0.1	74	78	0.02258918103014049
31	0.1	74	94	0.04209642274948093
31	0.1	74	59	0.04209642274948093
31	0.1	74	17	0.04209642274948093
31	0.1	74	44	0.02258918103014049
31	0.1	74	42	0.011422352725343785
31	0.1	74	67	0.011422352725343785
31	0.1	74	82	0.006240090994365289
31	0.1	74	12	0.006240090994365289
31	0.1	74	83	0.02258918103014049
31	0.1	74	33	0.02258918103014049
31	0.1	74	77	0.02258918103014049
31	0.1	74	70	0.02258918103014049
31	0.1	74	28	0.02258918103014049
31	0.1	75	74	0.08938322097804142
31	0.1	75	0	0.07540265029525754
31	0.1	75	73	0.06769920838882754
31	0.1	75	7	0.06912346830264508
31	0.1	75	3	0.06912346830264508
31	0.1	75	17	0.04877049177301787
31	0.1	75	44	0.007404760460216383
31	0.1	75	6	0.06912346830264508
31	0.1	75	2	0.06912346830264508
31	0.1	75	4	0.06912346830264508
31	0.1	75	1	0.06912346830264508
31	0.1	75	42	0.03479627342877736
31	0.1	75	67	0.03479627342877736
31	0.1	75	78	0.007404760460216383
31	0.1	75	82	0.007404760460216383
31	0.1	75	79	0.007404760460216383
31	0.1	75	12	0.007404760460216383
31	0.1	75	77	0.03479627342877736
31	0.1	75	20	0.03479627342877736
31	0.1	75	36	0.03479627342877736
31	0.1	75	33	0.03479627342877736
31	0.1	75	66	0.03479627342877736
31	0.1	75	94	0.03479627342877736
31	0.1	75	59	0.03479627342877736
31	0.1	75	84	0.03479627342877736
31	0.1	76	7	0.08657581821108445
31	0.1	76	0	0.08657581821108445
31	0.1	76	74	0.08657581821108445
31	0.1	76	3	0.08657581821108445
31	0.1	76	2	0.08657581821108445
31	0.1	76	42	0.040475914413449096
31	0.1	76	73	0.08657581821108445
31	0.1	76	6	0.08657581821108445
31	0.1	76	4	0.08657581821108445
31	0.1	76	1	0.08657581821108445
31	0.1	76	12	0.00830878840670884
31	0.1	76	67	0.00830878840670884
31	0.1	76	20	0.03277390198896588
31	0.1	76	94	0.03277390198896588
31	0.1	76	77	0.03277390198896588
31	0.1	76	59	0.03277390198896588
31	0.1	76	84	0.03277390198896588
31	0.1	76	15	0.03277390198896588
31	0.1	76	28	0.03277390198896588
31	0.1	76	100	0.021264638599088014
31	0.1	76	83	0.021264638599088014
31	0.1	76	95	0.013013539907600034
31	0.1	77	74	0.1297066177479832
31	0.1	77	0	0.1297066177479832
31	0.1	77	3	0.05232148001703031
31	0.1	77	4	0.03474537699867983
31	0.1	77	17	0.03203759531008079
31	0.1	77	73	0.03203759531008079
31	0.1	77	44	0.0331177999611294
31	0.1	77	6	0.03474537699867983
31	0.1	77	1	0.03474537699867983
31	0.1	77	7	0.03474537699867983
31	0.1	77	2	0.0331177999611294
31	0.1	77	42	0.030555133027653676
31	0.1	77	33	0.030555133027653676
31	0.1	77	59	0.030555133027653676
31	0.1	77	77	0.030555133027653676
31	0.1	77	82	0.027842061182920437
31	0.1	77	84	0.030555133027653676
31	0.1	77	67	0.030555133027653676
31	0.1	77	28	0.006283428556566825
31	0.1	77	20	0.006283428556566825
31	0.1	77	78	0.027842061182920437
31	0.1	77	12	0.027842061182920437
31	0.1	78	74	0.08288358730979956
31	0.1	78	0	0.08288358730979956
31	0.1	78	73	0.08288358730979956
31	0.1	78	44	0.014629039424912343
31	0.1	78	3	0.08288358730979956
31	0.1	78	7	0.08288358730979956
31	0.1	78	17	0.050980887341769025
31	0.1	78	2	0.08288358730979956
31	0.1	78	6	0.08288358730979956
31	0.1	78	1	0.08288358730979956
31	0.1	78	4	0.08288358730979956
31	0.1	78	77	0.050980887341769025
31	0.1	78	94	0.050980887341769025
31	0.1	78	78	0.0050007988462484635
31	0.1	78	42	0.0050007988462484635
31	0.1	78	59	0.050980887341769025
31	0.1	78	20	0.050980887341769025
31	0.1	78	33	0.050980887341769025
31	0.1	78	28	0.050980887341769025
31	0.1	78	84	0.050980887341769025
31	0.1	78	15	0.008613016155843152
31	0.1	79	74	0.06645798048256477
31	0.1	79	0	0.06645798048256477
31	0.1	79	73	0.06487088896725375
31	0.1	79	7	0.06487088896725375
31	0.1	79	44	0.029806319655638545
31	0.1	79	78	0.029806319655638545
31	0.1	79	82	0.029806319655638545
31	0.1	79	2	0.06487088896725375
31	0.1	79	4	0.06487088896725375
31	0.1	79	6	0.06487088896725375
31	0.1	79	3	0.06487088896725375
31	0.1	79	1	0.06487088896725375
31	0.1	79	17	0.03591149725908886
31	0.1	79	42	0.029806319655638545
31	0.1	79	79	0.029806319655638545
31	0.1	79	12	0.029806319655638545
31	0.1	79	94	0.029806319655638545
31	0.1	79	59	0.004221407452878842
31	0.1	79	36	0.01633105863434079
31	0.1	79	77	0.01633105863434079
31	0.1	79	66	0.016251170233003983
31	0.1	80	74	0.104745936136609
31	0.1	80	0	0.104745936136609
31	0.1	80	44	0.04805741944022363
31	0.1	80	73	0.06113069171789083
31	0.1	80	3	0.06113069171789083
31	0.1	80	7	0.06113069171789083
31	0.1	80	1	0.06113069171789083
31	0.1	80	6	0.06113069171789083
31	0.1	80	4	0.06113069171789083
31	0.1	80	2	0.06113069171789083
31	0.1	80	20	0.04681266926870341
31	0.1	80	33	0.030151239345967782
31	0.1	80	94	0.04681266926870341
31	0.1	80	59	0.04681266926870341
31	0.1	80	100	0.039494088767960615
31	0.1	80	84	0.039494088767960615
31	0.1	80	15	0.039494088767960615
31	0.1	80	58	0.00929087854354246
31	0.1	80	18	0.00929087854354246
31	0.1	80	93	0.009542576782346832
31	0.1	80	79	0.030151239345967782
31	0.1	80	78	0.030151239345967782
31	0.1	80	17	0.030151239345967782
31	0.1	80	12	0.030151239345967782
31	0.1	80	82	0.030151239345967782
31	0.1	80	77	0.030151239345967782
31	0.1	81	74	0.07635703828757837
31	0.1	81	0	0.07635703828757837
31	0.1	81	73	0.07635703828757837
31	0.1	81	82	0.02862224539127133
31	0.1	81	3	0.06513170282027395
31	0.1	81	7	0.06513170282027395
31	0.1	81	4	0.06513170282027395
31	0.1	81	1	0.06513170282027395
31	0.1	81	2	0.06513170282027395
31	0.1	81	6	0.06513170282027395
31	0.1	81	17	0.044620144012744084
31	0.1	81	77	0.02714624914356785
31	0.1	81	78	0.02862224539127133
31	0.1	81	44	0.02714624914356785
31	0.1	81	12	0.02714624914356785
31	0.1	81	20	0.010486061655120766
31	0.1	81	79	0.010486061655120766
31	0.1	81	94	0.010486061655120766
31	0.1	81	66	0.02714624914356785
31	0.1	81	36	0.02714624914356785
31	0.1	81	67	0.02714624914356785
31	0.1	81	33	0.02714624914356785
31	0.1	81	42	0.02714624914356785
31	0.1	82	74	0.16249416519264406
31	0.1	82	73	0.10442246301440106
31	0.1	82	7	0.10442246301440106
31	0.1	82	0	0.10442246301440106
31	0.1	82	3	0.10442246301440106
31	0.1	82	17	0.02520465887398076
31	0.1	82	78	0.02520465887398076
31	0.1	82	1	0.10442246301440106
31	0.1	82	6	0.10442246301440106
31	0.1	82	4	0.10442246301440106
31	0.1	82	2	0.10442246301440106
31	0.1	82	20	0.02520465887398076
31	0.1	82	59	0.02520465887398076
31	0.1	82	100	0.023025945728627092
31	0.1	82	42	0.01420394562833622
31	0.1	82	28	0.01368981671034008
31	0.1	82	44	0.0026503401442092766
31	0.1	82	15	0.01368981671034008
31	0.1	82	77	0.01368981671034008
31	0.1	82	84	0.01368981671034008
31	0.1	82	33	0.01368981671034008
31	0.1	82	70	0.01368981671034008
31	0.1	83	73	0.1370435402817337
31	0.1	83	74	0.05416449749874497
31	0.1	83	3	0.1370435402817337
31	0.1	83	17	0.05416449749874497
31	0.1	83	0	0.1370435402817337
31	0.1	83	7	0.1370435402817337
31	0.1	83	6	0.1370435402817337
31	0.1	83	4	0.1370435402817337
31	0.1	83	1	0.1370435402817337
31	0.1	83	2	0.1370435402817337
31	0.1	83	84	0.05416449749874497
31	0.1	83	20	0.05416449749874497
31	0.1	83	44	0.039929930009850796
31	0.1	83	42	0.039929930009850796
31	0.1	83	67	0.00624002695925113
31	0.1	83	59	0.018286831788056755
31	0.1	83	77	0.018286831788056755
31	0.1	83	28	0.0139702185729323
31	0.1	83	33	0.0139702185729323
31	0.1	83	95	0.010029838677473556
31	0.1	84	74	0.0965308255952123
31	0.1	84	0	0.0764000952090072
31	0.1	84	3	0.0764000952090072
31	0.1	84	7	0.0764000952090072
31	0.1	84	12	0.013024643557699635
31	0.1	84	1	0.0764000952090072
31	0.1	84	4	0.0764000952090072
31	0.1	84	6	0.0764000952090072
31	0.1	84	2	0.0764000952090072
31	0.1	84	73	0.0764000952090072
31	0.1	84	17	0.0764000952090072
31	0.1	84	33	0.07504000926383678
31	0.1	84	44	0.013024643557699635
31	0.1	84	77	0.07504000926383678
31	0.1	84	94	0.07504000926383678
31	0.1	84	20	0.07504000926383678
31	0.1	84	71	0.02158833745003463
31	0.1	84	84	0.02158833745003463
31	0.1	84	15	0.02158833745003463
31	0.1	84	70	0.014491663328161852
31	0.1	84	59	0.009691356404564692
31	0.1	85	74	0.07934258114516947
31	0.1	85	0	0.07934258114516947
31	0.1	85	3	0.06517689875421315
31	0.1	85	73	0.054233293859591795
31	0.1	85	2	0.03978085727860548
31	0.1	85	17	0.03978085727860548
31	0.1	85	12	0.02033921696524519
31	0.1	85	82	0.02033921696524519
31	0.1	85	59	0.02033921696524519
31	0.1	85	33	0.02033921696524519
31	0.1	85	7	0.02033921696524519
31	0.1	85	4	0.02033921696524519
31	0.1	85	1	0.01943525423621692
31	0.1	85	28	0.01943525423621692
31	0.1	85	84	0.01943525423621692
31	0.1	85	79	0.01167686906860154
31	0.1	85	67	0.01167686906860154
31	0.1	85	44	0.01167686906860154
31	0.1	85	42	0.01167686906860154
31	0.1	85	15	0.01943525423621692
31	0.1	85	100	0.01943525423621692
31	0.1	85	6	0.01943525423621692
31	0.1	85	94	0.01943525423621692
31	0.1	85	77	0.009456860797056462
31	0.1	86	74	0.19962691433286522
31	0.1	86	7	0.054183935124339756
31	0.1	86	73	0.054183935124339756
31	0.1	86	94	0.021678825791340978
31	0.1	86	2	0.054183935124339756
31	0.1	86	1	0.054183935124339756
31	0.1	86	6	0.054183935124339756
31	0.1	86	4	0.054183935124339756
31	0.1	86	3	0.0340377826317828
31	0.1	86	44	0.021678825791340978
31	0.1	86	67	0.01796736806214476
31	0.1	86	17	0.021678825791340978
31	0.1	86	59	0.021678825791340978
31	0.1	86	42	0.01796736806214476
31	0.1	86	66	0.01796736806214476
31	0.1	86	15	0.021678825791340978
31	0.1	86	77	0.021678825791340978
31	0.1	86	84	0.021678825791340978
31	0.1	86	33	0.021678825791340978
31	0.1	86	70	0.021678825791340978
31	0.1	86	69	0.021678825791340978
31	0.1	87	74	0.1277515825350209
31	0.1	87	0	0.1277515825350209
31	0.1	87	73	0.1277515825350209
31	0.1	87	7	0.1277515825350209
31	0.1	87	3	0.1277515825350209
31	0.1	87	4	0.1277515825350209
31	0.1	87	1	0.1277515825350209
31	0.1	87	2	0.1277515825350209
31	0.1	87	6	0.1277515825350209
31	0.1	87	20	0.030152574018893975
31	0.1	87	94	0.026810611293568088
31	0.1	87	84	0.026810611293568088
31	0.1	87	59	0.026810611293568088
31	0.1	87	100	0.020498390791883155
31	0.1	87	44	0.01243392605361571
31	0.1	87	82	0.01243392605361571
31	0.1	87	12	0.01243392605361571
31	0.1	87	17	0.020498390791883155
31	0.1	87	28	0.020498390791883155
31	0.1	87	77	0.020498390791883155
31	0.1	87	70	0.020498390791883155
31	0.1	87	15	0.020498390791883155
31	0.1	88	74	0.144806027896642
31	0.1	88	7	0.144806027896642
31	0.1	88	73	0.144806027896642
31	0.1	88	0	0.144806027896642
31	0.1	88	3	0.144806027896642
31	0.1	88	1	0.144806027896642
31	0.1	88	78	0.010412345898903939
31	0.1	88	44	0.010412345898903939
31	0.1	88	6	0.144806027896642
31	0.1	88	2	0.144806027896642
31	0.1	88	4	0.144806027896642
31	0.1	88	59	0.029194564134301913
31	0.1	88	84	0.029194564134301913
31	0.1	88	17	0.029194564134301913
31	0.1	88	94	0.029194564134301913
31	0.1	88	33	0.029194564134301913
31	0.1	88	28	0.029194564134301913
31	0.1	88	77	0.029194564134301913
31	0.1	88	70	0.029194564134301913
31	0.1	88	20	0.029194564134301913
31	0.1	88	15	0.029194564134301913
31	0.1	88	42	0.005426157413178745
31	0.1	89	74	0.06534908011170837
31	0.1	89	0	0.06534908011170837
31	0.1	89	73	0.06534908011170837
31	0.1	89	7	0.06534908011170837
31	0.1	89	3	0.06534908011170837
31	0.1	89	44	0.015276170717910346
31	0.1	89	1	0.06534908011170837
31	0.1	89	4	0.06534908011170837
31	0.1	89	6	0.06534908011170837
31	0.1	89	2	0.06534908011170837
31	0.1	89	17	0.05179268940356834
31	0.1	89	94	0.03597844318220026
31	0.1	89	78	0.015276170717910346
31	0.1	89	33	0.03381659806510614
31	0.1	89	59	0.03381659806510614
31	0.1	89	77	0.03381659806510614
31	0.1	89	84	0.03381659806510614
31	0.1	89	100	0.03381659806510614
31	0.1	89	15	0.03381659806510614
31	0.1	89	70	0.03381659806510614
31	0.1	89	28	0.03381659806510614
31	0.1	90	74	0.12076678172431263
31	0.1	90	0	0.07604425055053754
31	0.1	90	73	0.07604425055053754
31	0.1	90	17	0.04890123601483442
31	0.1	90	7	0.07604425055053754
31	0.1	90	3	0.07604425055053754
31	0.1	90	77	0.030622763897815233
31	0.1	90	2	0.07604425055053754
31	0.1	90	6	0.07604425055053754
31	0.1	90	1	0.07604425055053754
31	0.1	90	4	0.07604425055053754
31	0.1	90	94	0.030622763897815233
31	0.1	90	33	0.030622763897815233
31	0.1	90	59	0.030622763897815233
31	0.1	90	42	0.030622763897815233
31	0.1	90	82	0.013512775766026738
31	0.1	90	12	0.017809731240950828
31	0.1	90	67	0.030622763897815233
31	0.1	90	78	0.017809731240950828
31	0.1	90	44	0.017809731240950828
31	0.1	90	84	0.030622763897815233
31	0.1	90	28	0.008199867144536783
31	0.1	90	36	0.008199867144536783
31	0.1	91	74	0.13091113388226241
31	0.1	91	0	0.13091113388226241
31	0.1	91	73	0.13091113388226241
31	0.1	91	7	0.13091113388226241
31	0.1	91	3	0.13091113388226241
31	0.1	91	82	0.021358275073866517
31	0.1	91	12	0.021358275073866517
31	0.1	91	6	0.13091113388226241
31	0.1	91	1	0.13091113388226241
31	0.1	91	2	0.13091113388226241
31	0.1	91	4	0.13091113388226241
31	0.1	91	17	0.02255120805135109
31	0.1	91	59	0.02255120805135109
31	0.1	91	67	0.021358275073866517
31	0.1	91	84	0.009825203093721587
31	0.1	91	77	0.009825203093721587
31	0.1	91	78	0.021358275073866517
31	0.1	91	44	0.021358275073866517
31	0.1	91	42	0.021358275073866517
31	0.1	91	79	0.006757208152164802
31	0.1	91	20	0.008499709257280491
31	0.1	91	28	0.008499709257280491
31	0.1	91	33	0.008499709257280491
31	0.1	91	94	0.008499709257280491
31	0.1	92	74	0.12317176249024302
31	0.1	92	3	0.10989120140034098
31	0.1	92	73	0.12317176249024302
31	0.1	92	0	0.12317176249024302
31	0.1	92	1	0.10989120140034098
31	0.1	92	2	0.10989120140034098
31	0.1	92	79	0.01799507825558052
31	0.1	92	59	0.03106314281661104
31	0.1	92	67	0.01799507825558052
31	0.1	92	7	0.10989120140034098
31	0.1	92	6	0.10989120140034098
31	0.1	92	4	0.10989120140034098
31	0.1	92	28	0.03106314281661104
31	0.1	92	77	0.01799507825558052
31	0.1	92	78	0.01799507825558052
31	0.1	92	36	0.01799507825558052
31	0.1	92	15	0.015621343007422411
31	0.1	92	20	0.00964353234607065
31	0.1	92	17	0.00964353234607065
31	0.1	92	12	0.015621343007422411
31	0.1	92	44	0.015621343007422411
31	0.1	92	82	0.015621343007422411
31	0.1	93	0	0.07972700386525801
31	0.1	93	73	0.055571626605713846
31	0.1	93	7	0.055571626605713846
31	0.1	93	3	0.055571626605713846
31	0.1	93	1	0.055571626605713846
31	0.1	93	44	0.04739705525148131
31	0.1	93	67	0.04230856828485906
31	0.1	93	4	0.055571626605713846
31	0.1	93	6	0.055571626605713846
31	0.1	93	2	0.055571626605713846
31	0.1	93	17	0.04739705525148131
31	0.1	93	20	0.04739705525148131
31	0.1	93	94	0.04739705525148131
31	0.1	93	33	0.04739705525148131
31	0.1	93	84	0.04739705525148131
31	0.1	93	59	0.04739705525148131
31	0.1	93	28	0.04739705525148131
31	0.1	93	77	0.04739705525148131
31	0.1	93	100	0.0027337482231661915
31	0.1	93	79	0.007602593491117238
31	0.1	93	42	0.007602593491117238
31	0.1	94	0	0.11009710989182496
31	0.1	94	2	0.0534426703431878
31	0.1	94	6	0.0534426703431878
31	0.1	94	7	0.0534426703431878
31	0.1	94	1	0.0534426703431878
31	0.1	94	4	0.0534426703431878
31	0.1	94	17	0.0534426703431878
31	0.1	94	79	0.0534426703431878
31	0.1	94	44	0.0534426703431878
31	0.1	94	36	0.0534426703431878
31	0.1	94	3	0.0534426703431878
31	0.1	94	67	0.007477794343096079
31	0.1	94	78	0.0534426703431878
31	0.1	94	12	0.0534426703431878
31	0.1	94	42	0.007477794343096079
31	0.1	94	20	0.0534426703431878
31	0.1	94	94	0.0534426703431878
31	0.1	94	59	0.04007146059201313
31	0.1	94	82	0.0534426703431878
31	0.1	94	74	0.0534426703431878
31	0.1	94	100	0.01399690731956862
31	0.1	94	15	0.01399690731956862
31	0.1	95	74	0.09251268457578952
31	0.1	95	0	0.08848504032450068
31	0.1	95	17	0.04115680095782803
31	0.1	95	7	0.08848504032450068
31	0.1	95	3	0.08848504032450068
31	0.1	95	77	0.0405678372828785
31	0.1	95	1	0.08848504032450068
31	0.1	95	4	0.08848504032450068
31	0.1	95	6	0.08848504032450068
31	0.1	95	2	0.08848504032450068
31	0.1	95	84	0.04100568087281113
31	0.1	95	73	0.04100568087281113
31	0.1	95	100	0.02185999029340231
31	0.1	95	28	0.02185999029340231
31	0.1	95	59	0.018529552527633733
31	0.1	95	36	0.0405678372828785
31	0.1	95	67	0.0405678372828785
31	0.1	95	66	0.0405678372828785
31	0.1	95	42	0.0405678372828785
31	0.1	95	93	0.03427738860231912
31	0.1	96	74	0.1031894955486379
31	0.1	96	0	0.1031894955486379
31	0.1	96	73	0.1031894955486379
31	0.1	96	3	0.1031894955486379
31	0.1	96	7	0.1031894955486379
31	0.1	96	1	0.1031894955486379
31	0.1	96	4	0.1031894955486379
31	0.1	96	6	0.1031894955486379
31	0.1	96	2	0.1031894955486379
31	0.1	96	94	0.04532753006583208
31	0.1	96	78	0.029497105479152103
31	0.1	96	17	0.04532753006583208
31	0.1	96	20	0.04532753006583208
31	0.1	96	77	0.01783473699970764
31	0.1	96	44	0.01783473699970764
31	0.1	96	36	0.01783473699970764
31	0.1	96	42	0.01783473699970764
31	0.1	96	33	0.01783473699970764
31	0.1	96	70	0.01783473699970764
31	0.1	96	67	0.01783473699970764
31	0.1	97	73	0.05543474229821708
31	0.1	97	0	0.047348590215736834
31	0.1	97	7	0.047348590215736834
31	0.1	97	3	0.047348590215736834
31	0.1	97	44	0.03293301235176392
31	0.1	97	1	0.047348590215736834
31	0.1	97	4	0.047348590215736834
31	0.1	97	2	0.047348590215736834
31	0.1	97	6	0.047348590215736834
31	0.1	97	33	0.03293301235176392
31	0.1	97	74	0.029237655959518716
31	0.1	97	84	0.022420227545132575
31	0.1	97	82	0.022420227545132575
31	0.1	97	17	0.029237655959518716
31	0.1	97	42	0.029237655959518716
31	0.1	97	67	0.029237655959518716
31	0.1	97	94	0.01623322393514451
31	0.1	97	28	0.01623322393514451
31	0.1	97	66	0.01623322393514451
31	0.1	97	79	0.013153963071460058
31	0.1	97	12	0.013153963071460058
31	0.1	97	20	0.01502665685647267
31	0.1	98	74	0.09368514168623913
31	0.1	98	0	0.09368514168623913
31	0.1	98	73	0.09368514168623913
31	0.1	98	17	0.03344657128555425
31	0.1	98	44	0.03251457321467127
31	0.1	98	7	0.09368514168623913
31	0.1	98	3	0.09368514168623913
31	0.1	98	1	0.09368514168623913
31	0.1	98	4	0.09368514168623913
31	0.1	98	6	0.09368514168623913
31	0.1	98	2	0.09368514168623913
31	0.1	98	94	0.03251457321467127
31	0.1	98	42	0.007386047679736115
31	0.1	98	20	0.03251457321467127
31	0.1	98	59	0.03251457321467127
31	0.1	98	77	0.03251457321467127
31	0.1	98	28	0.03251457321467127
31	0.1	98	33	0.03251457321467127
31	0.1	98	84	0.03251457321467127
31	0.1	98	100	0.011167642651970334
31	0.1	98	15	0.009405876158128736
31	0.1	99	74	0.12773445426322833
31	0.1	99	0	0.12773445426322833
31	0.1	99	73	0.12773445426322833
31	0.1	99	7	0.12773445426322833
31	0.1	99	3	0.12773445426322833
31	0.1	99	17	0.04300660754986961
31	0.1	99	4	0.12773445426322833
31	0.1	99	1	0.12773445426322833
31	0.1	99	6	0.12773445426322833
31	0.1	99	2	0.12773445426322833
31	0.1	99	20	0.04300660754986961
31	0.1	99	44	0.009536110920119245
31	0.1	99	78	0.009536110920119245
31	0.1	99	77	0.04300660754986961
31	0.1	99	94	0.04300660754986961
31	0.1	99	59	0.04300660754986961
31	0.1	99	28	0.04300660754986961
31	0.1	99	84	0.04300660754986961
31	0.1	99	33	0.04300660754986961
31	0.1	99	42	0.009536110920119245
31	0.1	100	74	0.13466735748404202
31	0.1	100	73	0.1071687384183246
31	0.1	100	3	0.1071687384183246
31	0.1	100	0	0.1071687384183246
31	0.1	100	7	0.1071687384183246
31	0.1	100	6	0.1071687384183246
31	0.1	100	2	0.1071687384183246
31	0.1	100	1	0.1071687384183246
31	0.1	100	4	0.1071687384183246
31	0.1	100	77	0.05999868821432457
31	0.1	100	59	0.05999868821432457
31	0.1	100	17	0.05999868821432457
31	0.1	100	94	0.05999868821432457
31	0.1	100	42	0.02042285876804894
31	0.1	100	20	0.05999868821432457
31	0.1	100	84	0.05999868821432457
31	0.1	100	15	0.02042285876804894
31	0.1	100	33	0.02042285876804894
31	0.1	100	70	0.02042285876804894
31	0.1	100	78	0.0012866096928357594
31	1	1	74	0.12367475150616895
31	1	1	7	0.08574144259965863
31	1	1	17	0.08574144259965863
31	1	1	3	0.08574144259965863
31	1	1	4	0.08574144259965863
31	1	1	1	0.08574144259965863
31	1	1	59	0.08574144259965863
31	1	1	28	0.08574144259965863
31	1	1	77	0.08574144259965863
31	1	1	36	0.08574144259965863
31	1	1	66	0.08574144259965863
31	1	1	42	0.08574144259965863
31	1	1	67	0.08574144259965863
31	1	1	0	0.08574144259965863
31	1	1	33	0.08574144259965863
31	1	1	73	0.08574144259965863
31	1	1	2	0.005583628880329657
31	1	1	44	0.034585047074585255
31	1	1	95	0.034585047074585255
31	1	1	15	0.034585047074585255
31	1	2	74	0.10883473257750013
31	1	2	0	0.10036704767608524
31	1	2	7	0.04862500999614161
31	1	2	3	0.03198269012011176
31	1	2	77	0.04194894820378699
31	1	2	17	0.04194894820378699
31	1	2	94	0.029422560279035462
31	1	2	78	0.029422560279035462
31	1	2	6	0.029422560279035462
31	1	2	4	0.029422560279035462
31	1	2	2	0.029422560279035462
31	1	2	1	0.029422560279035462
31	1	2	59	0.029422560279035462
31	1	2	20	0.029422560279035462
31	1	2	82	0.01615790890351695
31	1	2	44	0.01206347278168483
31	1	2	70	0.029422560279035462
31	1	2	35	0.029422560279035462
31	1	2	33	0.029422560279035462
31	1	2	58	0.024026474575534404
31	1	3	74	0.07026557979744674
31	1	3	0	0.07026557979744674
31	1	3	17	0.059953917874796946
31	1	3	73	0.07026557979744674
31	1	3	44	0.022754125068366614
31	1	3	78	0.022754125068366614
31	1	3	3	0.07026557979744674
31	1	3	12	0.022754125068366614
31	1	3	82	0.022754125068366614
31	1	3	6	0.07026557979744674
31	1	3	2	0.07026557979744674
31	1	3	1	0.07026557979744674
31	1	3	4	0.07026557979744674
31	1	3	7	0.07026557979744674
31	1	3	59	0.05113206079008733
31	1	3	20	0.022754125068366614
31	1	3	33	0.022754125068366614
31	1	3	28	0.022754125068366614
31	1	3	84	0.015463318971393475
31	1	3	35	0.012513726168144253
31	1	3	79	0.022754125068366614
31	1	4	1	0.09602456788870657
31	1	4	74	0.09602456788870657
31	1	4	73	0.09602456788870657
31	1	4	0	0.09602456788870657
31	1	4	33	0.09602456788870657
31	1	4	6	0.09602456788870657
31	1	4	67	0.06630596890780456
31	1	4	42	0.06630596890780456
31	1	4	4	0.09602456788870657
31	1	4	2	0.09602456788870657
31	1	4	3	0.09602456788870657
31	1	4	7	0.09602456788870657
31	1	4	77	0.018843439063063218
31	1	4	44	0.032470836566715275
31	1	4	66	0.032470836566715275
31	1	4	84	0.032470836566715275
31	1	4	79	0.0290940355569806
31	1	4	17	0.011709994677659503
31	1	4	78	0.0290940355569806
31	1	4	12	0.0290940355569806
31	1	4	82	0.0290940355569806
31	1	4	18	0.0290940355569806
31	1	5	74	0.1077808234454772
31	1	5	7	0.046062769156490456
31	1	5	0	0.046062769156490456
31	1	5	73	0.046062769156490456
31	1	5	67	0.0298361626282098
31	1	5	42	0.0298361626282098
31	1	5	79	0.0298361626282098
31	1	5	2	0.046062769156490456
31	1	5	6	0.046062769156490456
31	1	5	1	0.046062769156490456
31	1	5	4	0.046062769156490456
31	1	5	3	0.046062769156490456
31	1	5	33	0.046062769156490456
31	1	5	59	0.03415116364995134
31	1	5	77	0.0298361626282098
31	1	5	84	0.0298361626282098
31	1	5	78	0.0298361626282098
31	1	5	17	0.0298361626282098
31	1	5	94	0.0298361626282098
31	1	5	28	0.022820713155183938
31	1	6	74	0.11494665659870935
31	1	6	0	0.04920984775037455
31	1	6	3	0.041416312249767766
31	1	6	7	0.041416312249767766
31	1	6	17	0.041416312249767766
31	1	6	73	0.041416312249767766
31	1	6	77	0.041416312249767766
31	1	6	33	0.041416312249767766
31	1	6	6	0.041416312249767766
31	1	6	4	0.041416312249767766
31	1	6	2	0.041416312249767766
31	1	6	1	0.041416312249767766
31	1	6	44	0.037339896302064406
31	1	6	20	0.041416312249767766
31	1	6	94	0.041416312249767766
31	1	6	59	0.041416312249767766
31	1	6	28	0.041416312249767766
31	1	6	71	0.041416312249767766
31	1	6	78	0.01673502216891472
31	1	6	84	0.012884761636872317
31	1	7	0	0.08860327563302173
31	1	7	78	0.08860327563302173
31	1	7	74	0.08860327563302173
31	1	7	7	0.08860327563302173
31	1	7	3	0.08860327563302173
31	1	7	4	0.08860327563302173
31	1	7	82	0.044230325532023905
31	1	7	6	0.08860327563302173
31	1	7	2	0.08860327563302173
31	1	7	1	0.08860327563302173
31	1	7	17	0.08860327563302173
31	1	7	59	0.08860327563302173
31	1	7	86	0.044230325532023905
31	1	7	44	0.044230325532023905
31	1	7	12	0.044230325532023905
31	1	7	79	0.044230325532023905
31	1	7	66	0.044230325532023905
31	1	7	94	0.044230325532023905
31	1	7	19	0.031415438576021595
31	1	7	35	0.031415438576021595
31	1	8	74	0.12364388836249195
31	1	8	0	0.12364388836249195
31	1	8	73	0.12364388836249195
31	1	8	44	0.022446309277910432
31	1	8	3	0.12364388836249195
31	1	8	7	0.12364388836249195
31	1	8	78	0.022446309277910432
31	1	8	77	0.021071875676978175
31	1	8	2	0.12364388836249195
31	1	8	6	0.12364388836249195
31	1	8	4	0.12364388836249195
31	1	8	1	0.12364388836249195
31	1	8	59	0.021071875676978175
31	1	8	82	0.021071875676978175
31	1	8	12	0.021071875676978175
31	1	8	79	0.021071875676978175
31	1	8	17	0.021071875676978175
31	1	8	84	0.017208855568409336
31	1	8	67	0.01846072213219322
31	1	8	42	0.01846072213219322
31	1	9	74	0.16297723391682614
31	1	9	73	0.086620580016185
31	1	9	94	0.07408763912325766
31	1	9	7	0.02551800984458889
31	1	9	84	0.027437221056390033
31	1	9	0	0.027437221056390033
31	1	9	3	0.02551800984458889
31	1	9	6	0.02551800984458889
31	1	9	2	0.02551800984458889
31	1	9	20	0.02551800984458889
31	1	9	28	0.02551800984458889
31	1	9	17	0.02551800984458889
31	1	9	33	0.02551800984458889
31	1	9	1	0.02551800984458889
31	1	9	4	0.02551800984458889
31	1	9	100	0.02361273670134535
31	1	9	22	0.007039859288670867
31	1	9	15	0.007039859288670867
31	1	9	77	0.017901550203931464
31	1	9	67	0.017901550203931464
31	1	9	42	0.017901550203931464
31	1	9	82	0.017901550203931464
31	1	10	74	0.12032921193444492
31	1	10	0	0.08266643370866841
31	1	10	73	0.08266643370866841
31	1	10	7	0.08266643370866841
31	1	10	3	0.08266643370866841
31	1	10	4	0.08266643370866841
31	1	10	1	0.08266643370866841
31	1	10	2	0.08266643370866841
31	1	10	6	0.08266643370866841
31	1	10	17	0.04174217499140205
31	1	10	20	0.04174217499140205
31	1	10	44	0.03196483865775798
31	1	10	78	0.03196483865775798
31	1	10	33	0.04174217499140205
31	1	10	77	0.04174217499140205
31	1	10	12	0.03196483865775798
31	1	10	82	0.03196483865775798
31	1	10	79	0.00705122371846221
31	1	10	84	0.04174217499140205
31	1	10	28	0.04174217499140205
31	1	10	59	0.04174217499140205
31	1	10	94	0.04174217499140205
31	1	10	18	0.012682385657858621
31	1	10	70	0.012682385657858621
31	1	10	29	0.012682385657858621
31	1	11	93	0.0371652587285637
31	1	11	94	0.07097828887928971
31	1	11	42	0.016201251099546374
31	1	11	67	0.016201251099546374
31	1	11	36	0.013940569084075453
31	1	11	6	0.07097828887928971
31	1	11	2	0.07097828887928971
31	1	11	4	0.07097828887928971
31	1	11	7	0.07097828887928971
31	1	11	1	0.07097828887928971
31	1	11	3	0.07097828887928971
31	1	11	73	0.07097828887928971
31	1	11	77	0.07097828887928971
31	1	11	17	0.07097828887928971
31	1	11	74	0.07097828887928971
31	1	11	59	0.07097828887928971
31	1	11	82	0.0037567629399946345
31	1	11	95	0.013940569084075453
31	1	11	28	0.013940569084075453
31	1	11	70	0.013940569084075453
31	1	11	35	0.009454796818952275
31	1	11	81	0.009454796818952275
31	1	12	74	0.15936687175470884
31	1	12	7	0.08447364813032923
31	1	12	33	0.08447364813032923
31	1	12	70	0.08447364813032923
31	1	12	4	0.08447364813032923
31	1	12	1	0.08447364813032923
31	1	12	6	0.08447364813032923
31	1	12	2	0.08447364813032923
31	1	12	3	0.08447364813032923
31	1	12	77	0.08447364813032923
31	1	12	17	0.08447364813032923
31	1	12	59	0.08447364813032923
31	1	12	67	0.08447364813032923
31	1	12	20	0.08447364813032923
31	1	12	42	0.08447364813032923
31	1	12	94	0.08447364813032923
31	1	12	73	0.04225793033707365
31	1	12	58	0.0516068521877403
31	1	12	84	0.018067693265377837
31	1	12	100	0.018067693265377837
31	1	13	74	0.08524458711098683
31	1	13	0	0.0704046241983693
31	1	13	3	0.0704046241983693
31	1	13	17	0.0704046241983693
31	1	13	73	0.0704046241983693
31	1	13	7	0.0704046241983693
31	1	13	59	0.04777404493124179
31	1	13	4	0.0704046241983693
31	1	13	1	0.0704046241983693
31	1	13	2	0.0704046241983693
31	1	13	6	0.0704046241983693
31	1	13	33	0.04777404493124179
31	1	13	77	0.04777404493124179
31	1	13	28	0.04777404493124179
31	1	13	35	0.01822921555488895
31	1	13	30	0.01822921555488895
31	1	13	36	0.03919576034091996
31	1	13	66	0.03919576034091996
31	1	13	67	0.03919576034091996
31	1	13	42	0.03919576034091996
31	1	13	12	0.02219118761121258
31	1	13	82	0.02219118761121258
31	1	14	0	0.13050435659689255
31	1	14	3	0.04081371285092415
31	1	14	7	0.04081371285092415
31	1	14	73	0.04081371285092415
31	1	14	4	0.04081371285092415
31	1	14	1	0.04081371285092415
31	1	14	2	0.04081371285092415
31	1	14	6	0.04081371285092415
31	1	14	12	0.04081371285092415
31	1	14	84	0.04081371285092415
31	1	14	17	0.04081371285092415
31	1	14	20	0.04081371285092415
31	1	14	94	0.017687374765106446
31	1	14	82	0.018316137447585423
31	1	14	78	0.018316137447585423
31	1	14	44	0.013588195593147497
31	1	14	77	0.017687374765106446
31	1	14	67	0.00799641373282658
31	1	14	33	0.017687374765106446
31	1	14	100	0.017687374765106446
31	1	14	74	0.017687374765106446
31	1	14	59	0.017687374765106446
31	1	14	28	0.017687374765106446
31	1	14	8	0.017687374765106446
31	1	15	74	0.12116510280858922
31	1	15	0	0.12116510280858922
31	1	15	73	0.11841589799565377
31	1	15	17	0.04548874862934386
31	1	15	7	0.11841589799565377
31	1	15	42	0.03405956584894667
31	1	15	3	0.11841589799565377
31	1	15	2	0.11841589799565377
31	1	15	1	0.11841589799565377
31	1	15	4	0.11841589799565377
31	1	15	6	0.11841589799565377
31	1	15	78	0.03405956584894667
31	1	15	44	0.03405956584894667
31	1	15	67	0.03405956584894667
31	1	15	66	0.03405956584894667
31	1	15	84	0.03405956584894667
31	1	15	36	0.03405956584894667
31	1	15	93	0.013151730402102066
31	1	15	15	0.013151730402102066
31	1	15	77	0.004922408020981517
31	1	16	0	0.0663361159937194
31	1	16	20	0.05263531267164138
31	1	16	74	0.05594432364487678
31	1	16	59	0.05594432364487678
31	1	16	73	0.05594432364487678
31	1	16	7	0.03631855434178464
31	1	16	67	0.03631855434178464
31	1	16	77	0.03631855434178464
31	1	16	3	0.03631855434178464
31	1	16	66	0.03631855434178464
31	1	16	44	0.03631855434178464
31	1	16	94	0.03631855434178464
31	1	16	12	0.015067353397245303
31	1	16	2	0.03631855434178464
31	1	16	1	0.03631855434178464
31	1	16	4	0.03631855434178464
31	1	16	36	0.0361580156336847
31	1	16	6	0.0361580156336847
31	1	16	83	0.030731481068847866
31	1	16	33	0.01211770004489903
31	1	16	84	0.01211770004489903
31	1	17	74	0.16684162481620252
31	1	17	0	0.1323750174074605
31	1	17	2	0.05121652815962912
31	1	17	3	0.05121652815962912
31	1	17	6	0.05121652815962912
31	1	17	7	0.05121652815962912
31	1	17	4	0.05121652815962912
31	1	17	1	0.05121652815962912
31	1	17	20	0.046882466321782425
31	1	17	73	0.046882466321782425
31	1	17	36	0.046882466321782425
31	1	17	44	0.046882466321782425
31	1	17	59	0.046882466321782425
31	1	17	15	0.046882466321782425
31	1	17	42	0.046882466321782425
31	1	17	67	0.046882466321782425
31	1	17	33	0.024579164219340137
31	1	17	78	0.046882466321782425
31	1	17	79	0.046882466321782425
31	1	17	66	0.011608802635990068
31	1	18	74	0.11220218358588603
31	1	18	0	0.07481865391255878
31	1	18	73	0.06356387793031044
31	1	18	17	0.06356387793031044
31	1	18	7	0.06356387793031044
31	1	18	3	0.06356387793031044
31	1	18	20	0.053203809928739944
31	1	18	2	0.06356387793031044
31	1	18	6	0.06356387793031044
31	1	18	1	0.06356387793031044
31	1	18	4	0.06356387793031044
31	1	18	33	0.053203809928739944
31	1	18	77	0.053203809928739944
31	1	18	71	0.053203809928739944
31	1	18	67	0.02143956520877678
31	1	18	42	0.016605951690303142
31	1	18	94	0.018858567645669625
31	1	18	36	0.013595471152850685
31	1	18	66	0.013595471152850685
31	1	18	79	0.018858567645669625
31	1	18	78	0.018858567645669625
31	1	18	44	0.018858567645669625
31	1	18	12	0.018858567645669625
31	1	18	82	0.018858567645669625
31	1	19	74	0.1375334256241845
31	1	19	0	0.08070390086722438
31	1	19	73	0.08070390086722438
31	1	19	77	0.08070390086722438
31	1	19	42	0.018999494726420197
31	1	19	7	0.08070390086722438
31	1	19	3	0.08070390086722438
31	1	19	4	0.08070390086722438
31	1	19	1	0.08070390086722438
31	1	19	2	0.08070390086722438
31	1	19	6	0.08070390086722438
31	1	19	33	0.018999494726420197
31	1	19	20	0.018999494726420197
31	1	19	17	0.018999494726420197
31	1	19	36	0.018999494726420197
31	1	19	67	0.018999494726420197
31	1	19	70	0.018999494726420197
31	1	19	94	0.018999494726420197
31	1	19	66	0.018999494726420197
31	1	19	82	0.018999494726420197
31	1	19	44	0.012156836489789413
31	1	20	74	0.1389396427075968
31	1	20	0	0.07066701099999802
31	1	20	73	0.02982093023744389
31	1	20	3	0.02982093023744389
31	1	20	33	0.02809179596265808
31	1	20	7	0.02982093023744389
31	1	20	20	0.02982093023744389
31	1	20	4	0.02982093023744389
31	1	20	17	0.02809179596265808
31	1	20	42	0.02809179596265808
31	1	20	2	0.02982093023744389
31	1	20	6	0.02982093023744389
31	1	20	1	0.02982093023744389
31	1	20	100	0.02809179596265808
31	1	20	84	0.02809179596265808
31	1	20	94	0.02809179596265808
31	1	20	67	0.02809179596265808
31	1	20	66	0.02809179596265808
31	1	20	36	0.02809179596265808
31	1	20	59	0.02521469595034581
31	1	21	74	0.08040057725443962
31	1	21	7	0.08040057725443962
31	1	21	73	0.08040057725443962
31	1	21	0	0.08040057725443962
31	1	21	78	0.040051547846782026
31	1	21	1	0.08040057725443962
31	1	21	4	0.08040057725443962
31	1	21	3	0.08040057725443962
31	1	21	6	0.08040057725443962
31	1	21	2	0.08040057725443962
31	1	21	59	0.02610050004832363
31	1	21	20	0.02610050004832363
31	1	21	44	0.02610050004832363
31	1	21	17	0.02610050004832363
31	1	21	84	0.02610050004832363
31	1	21	94	0.02610050004832363
31	1	21	82	0.02610050004832363
31	1	21	12	0.02610050004832363
31	1	21	42	0.007638780205015089
31	1	21	79	0.015815170531262326
31	1	21	28	0.015815170531262326
31	1	22	74	0.06504751577079917
31	1	22	7	0.06504751577079917
31	1	22	73	0.06504751577079917
31	1	22	0	0.06504751577079917
31	1	22	17	0.06215121259953656
31	1	22	1	0.06504751577079917
31	1	22	44	0.030849126670302415
31	1	22	2	0.06504751577079917
31	1	22	6	0.06504751577079917
31	1	22	3	0.06504751577079917
31	1	22	4	0.06504751577079917
31	1	22	20	0.05084952750141734
31	1	22	77	0.05084952750141734
31	1	22	33	0.05084952750141734
31	1	22	94	0.05084952750141734
31	1	22	59	0.05084952750141734
31	1	22	84	0.030849126670302415
31	1	22	82	0.030849126670302415
31	1	22	67	0.030849126670302415
31	1	22	42	0.030849126670302415
31	1	23	74	0.14428107408193042
31	1	23	0	0.14428107408193042
31	1	23	3	0.07028877821616364
31	1	23	4	0.07028877821616364
31	1	23	7	0.07028877821616364
31	1	23	2	0.07028877821616364
31	1	23	6	0.07028877821616364
31	1	23	73	0.07028877821616364
31	1	23	17	0.05175838769048848
31	1	23	1	0.07028877821616364
31	1	23	94	0.05175838769048848
31	1	23	67	0.014300140290928227
31	1	23	78	0.014300140290928227
31	1	23	77	0.05175838769048848
31	1	23	59	0.05175838769048848
31	1	23	100	0.029988393124642774
31	1	23	84	0.029988393124642774
31	1	23	20	0.018918430081531473
31	1	23	83	0.013117660329180143
31	1	23	36	0.014300140290928227
31	1	23	44	0.013672865176385865
31	1	24	74	0.10687766956832562
31	1	24	0	0.10687766956832562
31	1	24	73	0.10687766956832562
31	1	24	7	0.06241949124694604
31	1	24	78	0.04615180750312314
31	1	24	82	0.04615180750312314
31	1	24	3	0.06241949124694604
31	1	24	4	0.06241949124694604
31	1	24	1	0.06241949124694604
31	1	24	6	0.06241949124694604
31	1	24	2	0.06241949124694604
31	1	24	59	0.04615180750312314
31	1	24	84	0.04615180750312314
31	1	24	20	0.013282348121385358
31	1	24	36	0.013282348121385358
31	1	24	28	0.013282348121385358
31	1	24	42	0.013282348121385358
31	1	24	67	0.013282348121385358
31	1	24	17	0.04615180750312314
31	1	24	79	0.04615180750312314
31	1	24	33	0.04615180750312314
31	1	24	44	0.04615180750312314
31	1	24	12	0.04615180750312314
31	1	24	77	0.04615180750312314
31	1	24	94	0.04615180750312314
31	1	25	74	0.07863091617465454
31	1	25	0	0.07313842687001396
31	1	25	73	0.07313842687001396
31	1	25	17	0.03825802300442578
31	1	25	4	0.05651796347374148
31	1	25	7	0.05651796347374148
31	1	25	3	0.05651796347374148
31	1	25	6	0.05651796347374148
31	1	25	1	0.05651796347374148
31	1	25	2	0.05651796347374148
31	1	25	44	0.03825802300442578
31	1	25	82	0.03825802300442578
31	1	25	78	0.03825802300442578
31	1	25	79	0.03825802300442578
31	1	25	12	0.03825802300442578
31	1	25	77	0.03825802300442578
31	1	25	67	0.03825802300442578
31	1	25	42	0.03825802300442578
31	1	25	59	0.015398324813420539
31	1	25	20	0.015398324813420539
31	1	26	74	0.139758080147543
31	1	26	73	0.08582333788056315
31	1	26	84	0.039550540082837225
31	1	26	7	0.07382896651415351
31	1	26	3	0.07382896651415351
31	1	26	77	0.039550540082837225
31	1	26	93	0.039550540082837225
31	1	26	6	0.07382896651415351
31	1	26	4	0.07382896651415351
31	1	26	1	0.07382896651415351
31	1	26	2	0.07382896651415351
31	1	26	0	0.07382896651415351
31	1	26	18	0.07382896651415351
31	1	26	13	0.03686516564537669
31	1	26	20	0.03686516564537669
31	1	26	78	0.010743649142106217
31	1	26	33	0.03366188050075135
31	1	26	17	0.03366188050075135
31	1	26	15	0.028491801732034763
31	1	26	71	0.026872272224363124
31	1	27	74	0.14185951476291458
31	1	27	0	0.14185951476291458
31	1	27	73	0.14185951476291458
31	1	27	3	0.14185951476291458
31	1	27	44	0.02649657991601213
31	1	27	78	0.02426796154794701
31	1	27	7	0.14185951476291458
31	1	27	82	0.02426796154794701
31	1	27	12	0.02426796154794701
31	1	27	1	0.14185951476291458
31	1	27	4	0.14185951476291458
31	1	27	6	0.14185951476291458
31	1	27	2	0.14185951476291458
31	1	27	94	0.025198057994231866
31	1	27	84	0.025198057994231866
31	1	27	28	0.025198057994231866
31	1	27	33	0.02426796154794701
31	1	27	77	0.011464902302063412
31	1	27	79	0.02426796154794701
31	1	27	17	0.011464902302063412
31	1	28	74	0.125277257508311
31	1	28	7	0.05846464269910653
31	1	28	0	0.05837898971098174
31	1	28	6	0.05837898971098174
31	1	28	2	0.05837898971098174
31	1	28	4	0.05837898971098174
31	1	28	3	0.05837898971098174
31	1	28	1	0.05837898971098174
31	1	28	73	0.05837898971098174
31	1	28	94	0.041940390169536185
31	1	28	20	0.041940390169536185
31	1	28	59	0.041940390169536185
31	1	28	15	0.041940390169536185
31	1	28	44	0.013668677236274896
31	1	28	35	0.01774680993865552
31	1	28	28	0.01774680993865552
31	1	28	8	0.01774680993865552
31	1	28	95	0.01774680993865552
31	1	28	46	0.01774680993865552
31	1	28	17	0.01774680993865552
31	1	28	70	0.01774680993865552
31	1	29	74	0.14142757999763664
31	1	29	3	0.09566679074212116
31	1	29	0	0.09566679074212116
31	1	29	17	0.06113209447556409
31	1	29	42	0.06113209447556409
31	1	29	7	0.09566679074212116
31	1	29	1	0.09566679074212116
31	1	29	4	0.09566679074212116
31	1	29	2	0.06113209447556409
31	1	29	6	0.06113209447556409
31	1	29	78	0.06113209447556409
31	1	29	73	0.03468587102046975
31	1	29	20	0.03468587102046975
31	1	29	77	0.06113209447556409
31	1	29	67	0.06113209447556409
31	1	29	44	0.06113209447556409
31	1	29	28	0.03468587102046975
31	1	29	8	0.029937841402414095
31	1	29	83	0.010577601463346666
31	1	29	93	0.005379053839745907
31	1	30	74	0.10764813776742783
31	1	30	73	0.10286100450213394
31	1	30	7	0.053129720403253144
31	1	30	84	0.03908733074740349
31	1	30	59	0.027354240613918907
31	1	30	3	0.053129720403253144
31	1	30	94	0.026017666813698874
31	1	30	1	0.053129720403253144
31	1	30	4	0.053129720403253144
31	1	30	6	0.053129720403253144
31	1	30	2	0.053129720403253144
31	1	30	42	0.04607425471389088
31	1	30	36	0.026017666813698874
31	1	30	67	0.026017666813698874
31	1	30	28	0.026017666813698874
31	1	30	33	0.026017666813698874
31	1	30	71	0.01995743253592472
31	1	30	66	0.01995743253592472
31	1	30	0	0.01995743253592472
31	1	30	100	0.01995743253592472
31	1	31	74	0.1315247491936445
31	1	31	0	0.08982904963342025
31	1	31	73	0.055026878792475774
31	1	31	78	0.04830609562488907
31	1	31	6	0.055026878792475774
31	1	31	3	0.055026878792475774
31	1	31	2	0.055026878792475774
31	1	31	7	0.055026878792475774
31	1	31	44	0.03240483578444166
31	1	31	77	0.04830609562488907
31	1	31	67	0.03240483578444166
31	1	31	33	0.04830609562488907
31	1	31	20	0.04830609562488907
31	1	31	84	0.04830609562488907
31	1	31	4	0.04830609562488907
31	1	31	1	0.04830609562488907
31	1	31	42	0.03240483578444166
31	1	31	94	0.0023221438095688473
31	1	31	36	0.03240483578444166
31	1	31	79	0.03240483578444166
31	1	31	66	0.03240483578444166
31	1	32	74	0.1925996491905918
31	1	32	3	0.06174076543749862
31	1	32	2	0.06174076543749862
31	1	32	17	0.031284691286116745
31	1	32	6	0.06174076543749862
31	1	32	7	0.06174076543749862
31	1	32	77	0.031284691286116745
31	1	32	73	0.047167637055190025
31	1	32	20	0.047167637055190025
31	1	32	4	0.047167637055190025
31	1	32	1	0.047167637055190025
31	1	32	59	0.04382083304280218
31	1	32	28	0.04382083304280218
31	1	32	66	0.031284691286116745
31	1	32	83	0.031284691286116745
31	1	32	44	0.031284691286116745
31	1	32	78	0.0061380184532045705
31	1	32	67	0.031284691286116745
31	1	32	42	0.031284691286116745
31	1	32	36	0.031284691286116745
31	1	32	94	0.031284691286116745
31	1	33	7	0.14125087349362797
31	1	33	1	0.14125087349362797
31	1	33	0	0.14125087349362797
31	1	33	73	0.14125087349362797
31	1	33	74	0.14125087349362797
31	1	33	4	0.14125087349362797
31	1	33	6	0.14125087349362797
31	1	33	2	0.14125087349362797
31	1	33	3	0.14125087349362797
31	1	33	44	0.059596761591085005
31	1	33	17	0.06882701092501643
31	1	33	18	0.06882701092501643
31	1	33	20	0.06882701092501643
31	1	33	83	0.06882701092501643
31	1	33	59	0.06882701092501643
31	1	33	15	0.06882701092501643
31	1	33	93	0.06882701092501643
31	1	33	82	0.059596761591085005
31	1	33	12	0.059596761591085005
31	1	33	78	0.059596761591085005
31	1	33	79	0.059596761591085005
31	1	34	74	0.08437332009709556
31	1	34	0	0.08437332009709556
31	1	34	73	0.05812329352633338
31	1	34	78	0.04514183351173149
31	1	34	44	0.02222090938932962
31	1	34	82	0.02222090938932962
31	1	34	6	0.05812329352633338
31	1	34	7	0.05812329352633338
31	1	34	2	0.05812329352633338
31	1	34	3	0.05812329352633338
31	1	34	4	0.05812329352633338
31	1	34	1	0.05812329352633338
31	1	34	17	0.05812329352633338
31	1	34	77	0.040189663890680086
31	1	34	20	0.040189663890680086
31	1	34	28	0.040189663890680086
31	1	34	59	0.040189663890680086
31	1	34	33	0.040189663890680086
31	1	34	15	0.024015215792931217
31	1	34	69	0.009919401415378616
31	1	34	18	0.009919401415378616
31	1	34	81	0.009919401415378616
31	1	35	74	0.14728050661964834
31	1	35	73	0.14728050661964834
31	1	35	0	0.14728050661964834
31	1	35	17	0.04998819168208578
31	1	35	3	0.03612420099524158
31	1	35	7	0.03612420099524158
31	1	35	67	0.03612420099524158
31	1	35	36	0.030539137402102418
31	1	35	66	0.030539137402102418
31	1	35	42	0.030539137402102418
31	1	35	35	0.02658233513021008
31	1	35	15	0.02658233513021008
31	1	35	94	0.02658233513021008
31	1	35	28	0.02658233513021008
31	1	35	18	0.016256144508643263
31	1	35	30	0.01192205685777453
31	1	35	6	0.004567580100602564
31	1	35	78	0.004567580100602564
31	1	35	51	0.01192205685777453
31	1	35	81	0.01192205685777453
31	1	35	83	0.01192205685777453
31	1	35	60	0.01192205685777453
31	1	36	74	0.10015144772110542
31	1	36	0	0.10015144772110542
31	1	36	3	0.07032803217841198
31	1	36	7	0.07032803217841198
31	1	36	4	0.07032803217841198
31	1	36	1	0.07032803217841198
31	1	36	2	0.07032803217841198
31	1	36	6	0.07032803217841198
31	1	36	73	0.07032803217841198
31	1	36	77	0.07032803217841198
31	1	36	94	0.07032803217841198
31	1	36	17	0.07032803217841198
31	1	36	33	0.01934306548538032
31	1	36	20	0.01934306548538032
31	1	36	18	0.01934306548538032
31	1	36	84	0.014838508106725315
31	1	36	58	0.014838508106725315
31	1	36	70	0.014838508106725315
31	1	36	36	0.015445165991553397
31	1	36	44	0.015445165991553397
31	1	36	67	0.015445165991553397
31	1	36	42	0.015445165991553397
31	1	36	15	0.0066667193512943285
31	1	36	28	0.0066667193512943285
31	1	37	74	0.14873992665937888
31	1	37	0	0.1135507214064412
31	1	37	20	0.1135507214064412
31	1	37	3	0.1135507214064412
31	1	37	6	0.1135507214064412
31	1	37	2	0.1135507214064412
31	1	37	73	0.1135507214064412
31	1	37	1	0.1135507214064412
31	1	37	4	0.1135507214064412
31	1	37	7	0.1135507214064412
31	1	37	12	0.03573913513502927
31	1	37	18	0.018897353305599298
31	1	37	28	0.018897353305599298
31	1	37	82	0.03573913513502927
31	1	37	17	0.03573913513502927
31	1	37	35	0.018897353305599298
31	1	37	100	0.018897353305599298
31	1	37	30	0.010894174493997679
31	1	37	60	0.010894174493997679
31	1	37	70	0.008130501172382126
31	1	38	3	0.1587572155864665
31	1	38	73	0.04384782526975937
31	1	38	28	0.04384782526975937
31	1	38	44	0.04384782526975937
31	1	38	93	0.04384782526975937
31	1	38	17	0.04384782526975937
31	1	38	7	0.04384782526975937
31	1	38	2	0.04384782526975937
31	1	38	1	0.04384782526975937
31	1	38	4	0.04384782526975937
31	1	38	6	0.04384782526975937
31	1	38	0	0.04384782526975937
31	1	38	71	0.04384782526975937
31	1	38	20	0.029924747027224897
31	1	38	82	0.04384782526975937
31	1	38	78	0.04384782526975937
31	1	38	79	0.04384782526975937
31	1	38	12	0.04384782526975937
31	1	38	94	0.029924747027224897
31	1	38	18	0.029924747027224897
31	1	39	74	0.08313852244915146
31	1	39	0	0.08313852244915146
31	1	39	73	0.06431221518251035
31	1	39	7	0.061475256462104236
31	1	39	3	0.061475256462104236
31	1	39	2	0.061475256462104236
31	1	39	17	0.05085872497515298
31	1	39	1	0.05085872497515298
31	1	39	4	0.05085872497515298
31	1	39	33	0.038889280021966316
31	1	39	94	0.023491210357073838
31	1	39	78	0.02349517804544475
31	1	39	82	0.02349517804544475
31	1	39	20	0.023491210357073838
31	1	39	77	0.023491210357073838
31	1	39	84	0.002886607290235185
31	1	39	36	0.02349517804544475
31	1	39	67	0.02349517804544475
31	1	39	12	0.02349517804544475
31	1	39	42	0.02349517804544475
31	1	39	44	0.014673746178133633
31	1	40	74	0.11743769861621439
31	1	40	0	0.11743769861621439
31	1	40	7	0.11743769861621439
31	1	40	73	0.11743769861621439
31	1	40	17	0.04468449469610691
31	1	40	4	0.11743769861621439
31	1	40	1	0.11743769861621439
31	1	40	3	0.11743769861621439
31	1	40	6	0.11743769861621439
31	1	40	2	0.11743769861621439
31	1	40	59	0.04468449469610691
31	1	40	44	0.02529438589794061
31	1	40	84	0.02529438589794061
31	1	40	77	0.02529438589794061
31	1	40	67	0.02529438589794061
31	1	40	42	0.02529438589794061
31	1	40	78	0.013164999393327275
31	1	40	12	0.013164999393327275
31	1	40	20	0.02529438589794061
31	1	40	94	0.02529438589794061
31	1	41	0	0.09576446762653383
31	1	41	74	0.09576446762653383
31	1	41	7	0.07964539486047335
31	1	41	3	0.07964539486047335
31	1	41	4	0.07964539486047335
31	1	41	17	0.031402793059040444
31	1	41	73	0.06256549810639382
31	1	41	2	0.07964539486047335
31	1	41	1	0.07964539486047335
31	1	41	6	0.07964539486047335
31	1	41	59	0.040528906288372954
31	1	41	84	0.040528906288372954
31	1	41	20	0.040528906288372954
31	1	41	94	0.040528906288372954
31	1	41	77	0.02530817473872778
31	1	41	36	0.009410210846352546
31	1	41	67	0.009410210846352546
31	1	41	42	0.009410210846352546
31	1	41	82	0.011971897236849643
31	1	41	69	0.011971897236849643
31	1	41	44	0.011971897236849643
31	1	41	81	0.011971897236849643
31	1	41	28	0.011971897236849643
31	1	42	0	0.08622885885561489
31	1	42	73	0.08622885885561489
31	1	42	3	0.08622885885561489
31	1	42	42	0.03964130948549982
31	1	42	4	0.08622885885561489
31	1	42	1	0.08622885885561489
31	1	42	7	0.08622885885561489
31	1	42	2	0.08622885885561489
31	1	42	6	0.08622885885561489
31	1	42	44	0.03964130948549982
31	1	42	66	0.03964130948549982
31	1	42	67	0.03964130948549982
31	1	42	94	0.03964130948549982
31	1	42	79	0.03492214683570536
31	1	42	59	0.03964130948549982
31	1	42	78	0.03964130948549982
31	1	42	82	0.03964130948549982
31	1	42	36	0.03964130948549982
31	1	42	17	0.03964130948549982
31	1	42	93	0.03492214683570536
31	1	42	35	0.009012265479751687
31	1	42	12	0.03492214683570536
31	1	43	1	0.044817982713318015
31	1	43	4	0.044817982713318015
31	1	43	82	0.044817982713318015
31	1	43	12	0.044817982713318015
31	1	43	59	0.044817982713318015
31	1	43	78	0.044817982713318015
31	1	43	20	0.044817982713318015
31	1	43	67	0.044817982713318015
31	1	43	42	0.044817982713318015
31	1	43	7	0.044817982713318015
31	1	43	36	0.044817982713318015
31	1	43	44	0.044817982713318015
31	1	43	79	0.044817982713318015
31	1	43	2	0.044817982713318015
31	1	43	3	0.044817982713318015
31	1	43	66	0.044817982713318015
31	1	43	6	0.044817982713318015
31	1	43	11	0.041327802949243965
31	1	43	84	0.020137805791808308
31	1	43	81	0.020137805791808308
31	1	44	74	0.09490669937016875
31	1	44	0	0.09490669937016875
31	1	44	73	0.09490669937016875
31	1	44	17	0.04428785682536912
31	1	44	3	0.09490669937016875
31	1	44	7	0.09490669937016875
31	1	44	1	0.09490669937016875
31	1	44	6	0.09490669937016875
31	1	44	4	0.09490669937016875
31	1	44	2	0.09490669937016875
31	1	44	94	0.0451035836172927
31	1	44	84	0.02940198523676404
31	1	44	42	0.04428785682536912
31	1	44	66	0.04428785682536912
31	1	44	67	0.04428785682536912
31	1	44	78	0.01100409769583599
31	1	44	15	0.02617791714629036
31	1	44	93	0.02617791714629036
31	1	44	36	0.01100409769583599
31	1	44	82	0.010563509704375555
31	1	45	3	0.058165127175015624
31	1	45	74	0.058165127175015624
31	1	45	73	0.058165127175015624
31	1	45	0	0.058165127175015624
31	1	45	17	0.04462587791822611
31	1	45	7	0.058165127175015624
31	1	45	36	0.003113267668497083
31	1	45	6	0.058165127175015624
31	1	45	2	0.058165127175015624
31	1	45	4	0.058165127175015624
31	1	45	1	0.058165127175015624
31	1	45	77	0.04462587791822611
31	1	45	78	0.04462587791822611
31	1	45	44	0.04462587791822611
31	1	45	79	0.04462587791822611
31	1	45	82	0.04462587791822611
31	1	45	12	0.04462587791822611
31	1	45	84	0.04462587791822611
31	1	45	33	0.04462587791822611
31	1	45	15	0.04462587791822611
31	1	45	8	0.014094882582350048
31	1	46	74	0.17685331816408728
31	1	46	0	0.17685331816408728
31	1	46	73	0.08007842181001487
31	1	46	94	0.06716637499948189
31	1	46	7	0.06716637499948189
31	1	46	3	0.05508983090975637
31	1	46	2	0.017995259071403747
31	1	46	42	0.03056595920466437
31	1	46	20	0.03056595920466437
31	1	46	33	0.03056595920466437
31	1	46	67	0.03056595920466437
31	1	46	66	0.028487513558163605
31	1	46	100	0.009064824751379654
31	1	46	59	0.009064824751379654
31	1	46	82	0.028487513558163605
31	1	46	36	0.028487513558163605
31	1	46	12	0.028487513558163605
31	1	46	78	0.028487513558163605
31	1	46	44	0.028487513558163605
31	1	46	93	0.028487513558163605
31	1	46	71	0.028487513558163605
31	1	46	13	0.028487513558163605
31	1	46	79	0.028487513558163605
31	1	47	74	0.15759735623222232
31	1	47	73	0.05934753765780543
31	1	47	42	0.05934753765780543
31	1	47	7	0.05934753765780543
31	1	47	3	0.05934753765780543
31	1	47	84	0.05934753765780543
31	1	47	67	0.05934753765780543
31	1	47	66	0.05934753765780543
31	1	47	36	0.018122187218473064
31	1	47	1	0.05934753765780543
31	1	47	4	0.05934753765780543
31	1	47	2	0.05934753765780543
31	1	47	6	0.05934753765780543
31	1	47	44	0.05934753765780543
31	1	47	79	0.05934753765780543
31	1	47	93	0.018122187218473064
31	1	47	33	0.05934753765780543
31	1	47	12	0.05934753765780543
31	1	47	82	0.05934753765780543
31	1	47	78	0.05934753765780543
31	1	47	20	0.04451439661133913
31	1	47	17	0.04451439661133913
31	1	48	73	0.10466334209239042
31	1	48	0	0.07431621912696275
31	1	48	93	0.07431621912696275
31	1	48	4	0.07431621912696275
31	1	48	77	0.07431621912696275
31	1	48	33	0.07431621912696275
31	1	48	74	0.07431621912696275
31	1	48	59	0.07431621912696275
31	1	48	7	0.07431621912696275
31	1	48	3	0.07431621912696275
31	1	48	42	0.07431621912696275
31	1	48	12	0.07431621912696275
31	1	48	82	0.07431621912696275
31	1	48	28	0.027481844116792505
31	1	48	18	0.027481844116792505
31	1	48	15	0.027481844116792505
31	1	48	79	0.07431621912696275
31	1	48	78	0.07431621912696275
31	1	48	36	0.07431621912696275
31	1	48	67	0.07431621912696275
31	1	48	44	0.07431621912696275
31	1	48	66	0.07431621912696275
31	1	49	0	0.1415235803321114
31	1	49	74	0.1415235803321114
31	1	49	73	0.1415235803321114
31	1	49	17	0.06592792747380984
31	1	49	7	0.1415235803321114
31	1	49	3	0.1415235803321114
31	1	49	2	0.1415235803321114
31	1	49	4	0.1415235803321114
31	1	49	6	0.1415235803321114
31	1	49	1	0.1415235803321114
31	1	49	59	0.1415235803321114
31	1	49	28	0.043575293846541664
31	1	49	71	0.043575293846541664
31	1	49	33	0.02424168704131094
31	1	49	20	0.004258910697951216
31	1	49	42	0.01823679302190953
31	1	49	36	0.01823679302190953
31	1	49	82	0.01608592832154496
31	1	49	67	0.01608592832154496
31	1	49	12	0.01608592832154496
31	1	49	83	0.008573943070790237
31	1	50	74	0.11910869833792952
31	1	50	0	0.11910869833792952
31	1	50	73	0.11910869833792952
31	1	50	3	0.07005517152885862
31	1	50	7	0.07005517152885862
31	1	50	17	0.03606826361386849
31	1	50	20	0.04149518181073827
31	1	50	4	0.07005517152885862
31	1	50	1	0.07005517152885862
31	1	50	2	0.07005517152885862
31	1	50	6	0.07005517152885862
31	1	50	94	0.02458001525239004
31	1	50	84	0.02458001525239004
31	1	50	59	0.02458001525239004
31	1	50	28	0.02458001525239004
31	1	50	70	0.021151236798125465
31	1	50	35	0.021151236798125465
31	1	50	15	0.021151236798125465
31	1	50	100	0.014159841687124518
31	1	50	58	0.014159841687124518
31	1	51	0	0.09170083210103566
31	1	51	4	0.09170083210103566
31	1	51	7	0.09170083210103566
31	1	51	78	0.04408891335490002
31	1	51	33	0.04408891335490002
31	1	51	74	0.09170083210103566
31	1	51	1	0.09170083210103566
31	1	51	3	0.09170083210103566
31	1	51	2	0.09170083210103566
31	1	51	73	0.09170083210103566
31	1	51	6	0.09170083210103566
31	1	51	15	0.04408891335490002
31	1	51	59	0.04408891335490002
31	1	51	95	0.0430530976844959
31	1	51	36	0.0430530976844959
31	1	51	17	0.0430530976844959
31	1	51	44	0.0430530976844959
31	1	51	66	0.01282963048749916
31	1	51	30	0.0430530976844959
31	1	51	83	0.0430530976844959
31	1	52	7	0.08732143236757807
31	1	52	74	0.07379006686647892
31	1	52	0	0.07379006686647892
31	1	52	73	0.07379006686647892
31	1	52	17	0.03359846944177156
31	1	52	77	0.03359846944177156
31	1	52	20	0.03359846944177156
31	1	52	1	0.07358377590581569
31	1	52	3	0.07358377590581569
31	1	52	4	0.07358377590581569
31	1	52	2	0.07358377590581569
31	1	52	6	0.07358377590581569
31	1	52	78	0.025626391723028146
31	1	52	66	0.021576750689039893
31	1	52	84	0.03359846944177156
31	1	52	28	0.03359846944177156
31	1	52	59	0.03359846944177156
31	1	52	100	0.03359846944177156
31	1	52	33	0.021576750689039893
31	1	52	18	0.021576750689039893
31	1	53	74	0.10264106999320419
31	1	53	7	0.10264106999320419
31	1	53	73	0.10264106999320419
31	1	53	0	0.10264106999320419
31	1	53	6	0.10264106999320419
31	1	53	20	0.10264106999320419
31	1	53	77	0.10264106999320419
31	1	53	17	0.10264106999320419
31	1	53	1	0.10264106999320419
31	1	53	4	0.10264106999320419
31	1	53	3	0.10264106999320419
31	1	53	2	0.10264106999320419
31	1	53	59	0.03990494099830153
31	1	53	33	0.10264106999320419
31	1	53	18	0.03990494099830153
31	1	53	22	0.03990494099830153
31	1	53	28	0.017779265491105718
31	1	53	29	0.00492035079023518
31	1	53	36	0.026570597047818237
31	1	53	67	0.026570597047818237
31	1	53	42	0.026570597047818237
31	1	54	74	0.11794782326105537
31	1	54	0	0.11794782326105537
31	1	54	7	0.09160428065943393
31	1	54	3	0.09160428065943393
31	1	54	17	0.04341031903719343
31	1	54	4	0.09160428065943393
31	1	54	1	0.09160428065943393
31	1	54	73	0.09160428065943393
31	1	54	6	0.09160428065943393
31	1	54	2	0.09160428065943393
31	1	54	20	0.027420602727919293
31	1	54	94	0.027420602727919293
31	1	54	77	0.027420602727919293
31	1	54	59	0.027420602727919293
31	1	54	33	0.027420602727919293
31	1	54	28	0.026237819616770075
31	1	54	84	0.026237819616770075
31	1	54	67	0.0021654005443411495
31	1	54	70	0.026237819616770075
31	1	54	100	0.026237819616770075
31	1	54	35	0.026237819616770075
31	1	55	74	0.15100451141296253
31	1	55	0	0.15100451141296253
31	1	55	73	0.15100451141296253
31	1	55	3	0.15100451141296253
31	1	55	7	0.15100451141296253
31	1	55	4	0.15100451141296253
31	1	55	1	0.15100451141296253
31	1	55	6	0.15100451141296253
31	1	55	2	0.15100451141296253
31	1	55	17	0.0400394861509605
31	1	55	20	0.014063907936209506
31	1	55	93	0.014063907936209506
31	1	55	77	0.012501570690876207
31	1	55	42	0.024328657053063
31	1	55	12	0.024328657053063
31	1	55	67	0.024328657053063
31	1	55	78	0.024328657053063
31	1	55	44	0.024328657053063
31	1	55	59	0.004497900482289869
31	1	55	33	0.004497900482289869
31	1	56	74	0.14425201990443146
31	1	56	0	0.14425201990443146
31	1	56	44	0.057652562677346954
31	1	56	1	0.14425201990443146
31	1	56	42	0.00901435791485817
31	1	56	79	0.00453470272256906
31	1	56	2	0.14425201990443146
31	1	56	7	0.14425201990443146
31	1	56	4	0.14425201990443146
31	1	56	6	0.14425201990443146
31	1	56	3	0.14425201990443146
31	1	56	17	0.035708542567847
31	1	56	94	0.035708542567847
31	1	56	20	0.035708542567847
31	1	56	33	0.035708542567847
31	1	56	77	0.035708542567847
31	1	56	100	0.03348949001397815
31	1	56	59	0.03348949001397815
31	1	56	70	0.03348949001397815
31	1	56	28	0.03348949001397815
31	1	56	84	0.009657826616852827
31	1	57	74	0.09382887281405207
31	1	57	7	0.093320735555751
31	1	57	73	0.070799343285332
31	1	57	0	0.070799343285332
31	1	57	59	0.050008949687069024
31	1	57	4	0.050008949687069024
31	1	57	33	0.04371967241862277
31	1	57	3	0.050008949687069024
31	1	57	1	0.050008949687069024
31	1	57	2	0.050008949687069024
31	1	57	6	0.050008949687069024
31	1	57	20	0.04371967241862277
31	1	57	94	0.04371967241862277
31	1	57	67	0.009899657425246964
31	1	57	44	0.009899657425246964
31	1	57	42	0.009899657425246964
31	1	57	78	0.009899657425246964
31	1	57	15	0.04371967241862277
31	1	57	17	0.04371967241862277
31	1	57	28	0.04371967241862277
31	1	57	77	0.04371967241862277
31	1	58	74	0.11756583129909426
31	1	58	73	0.11756583129909426
31	1	58	7	0.08857654914835798
31	1	58	44	0.01710561722981876
31	1	58	4	0.08857654914835798
31	1	58	0	0.08857654914835798
31	1	58	1	0.08857654914835798
31	1	58	3	0.08857654914835798
31	1	58	6	0.08857654914835798
31	1	58	2	0.08857654914835798
31	1	58	77	0.07918047600571358
31	1	58	17	0.07918047600571358
31	1	58	33	0.07918047600571358
31	1	58	71	0.07918047600571358
31	1	58	100	0.07918047600571358
31	1	58	82	0.015419129533856801
31	1	58	12	0.015419129533856801
31	1	58	78	0.00954217141939417
31	1	58	79	0.00954217141939417
31	1	58	95	0.012100330323520604
31	1	58	59	0.012100330323520604
31	1	58	42	0.012100330323520604
31	1	58	67	0.012100330323520604
31	1	58	84	0.012100330323520604
31	1	59	3	0.0771514189795937
31	1	59	7	0.0771514189795937
31	1	59	0	0.0771514189795937
31	1	59	2	0.0771514189795937
31	1	59	17	0.07105303541747279
31	1	59	74	0.07105303541747279
31	1	59	1	0.0771514189795937
31	1	59	4	0.0771514189795937
31	1	59	6	0.0771514189795937
31	1	59	12	0.07105303541747279
31	1	59	82	0.07105303541747279
31	1	59	33	0.07105303541747279
31	1	59	28	0.07105303541747279
31	1	59	59	0.07105303541747279
31	1	59	20	0.07105303541747279
31	1	59	44	0.014818949283796862
31	1	59	84	0.014818949283796862
31	1	59	35	0.014818949283796862
31	1	59	71	0.004890555763972805
31	1	59	66	0.0035234696707314487
31	1	60	74	0.10531411766666407
31	1	60	0	0.10079679418744698
31	1	60	78	0.0770063952888721
31	1	60	73	0.061260773123094525
31	1	60	20	0.061260773123094525
31	1	60	94	0.061260773123094525
31	1	60	93	0.031854700306600814
31	1	60	6	0.0770063952888721
31	1	60	2	0.0770063952888721
31	1	60	4	0.0770063952888721
31	1	60	7	0.0770063952888721
31	1	60	3	0.0770063952888721
31	1	60	1	0.0770063952888721
31	1	60	30	0.031854700306600814
31	1	60	71	0.031854700306600814
31	1	60	67	0.02390079258546437
31	1	60	42	0.02390079258546437
31	1	60	44	0.02390079258546437
31	1	60	82	0.017387385882392085
31	1	60	12	0.0064063091132377115
31	1	61	74	0.138242651561839
31	1	61	73	0.0913950061047713
31	1	61	0	0.0913950061047713
31	1	61	3	0.07185666446698562
31	1	61	36	0.015734228433828986
31	1	61	6	0.07185666446698562
31	1	61	2	0.07185666446698562
31	1	61	7	0.07185666446698562
31	1	61	1	0.07185666446698562
31	1	61	4	0.07185666446698562
31	1	61	77	0.06214092893913612
31	1	61	67	0.015734228433828986
31	1	61	66	0.015734228433828986
31	1	61	59	0.017658362000536217
31	1	61	79	0.06214092893913612
31	1	61	44	0.06214092893913612
31	1	61	78	0.06214092893913612
31	1	61	12	0.06214092893913612
31	1	61	82	0.06214092893913612
31	1	61	84	0.01517147893669304
31	1	61	35	0.01517147893669304
31	1	61	28	0.01517147893669304
31	1	61	20	0.06214092893913612
31	1	61	17	0.06214092893913612
31	1	61	93	0.06214092893913612
31	1	61	33	0.06214092893913612
31	1	62	73	0.08886638295276067
31	1	62	0	0.08886638295276067
31	1	62	74	0.08886638295276067
31	1	62	7	0.048409150086551014
31	1	62	3	0.048409150086551014
31	1	62	59	0.048409150086551014
31	1	62	1	0.048409150086551014
31	1	62	4	0.048409150086551014
31	1	62	2	0.048409150086551014
31	1	62	15	0.048409150086551014
31	1	62	17	0.048409150086551014
31	1	62	6	0.048409150086551014
31	1	62	94	0.04265921793338589
31	1	62	84	0.02243452682700483
31	1	62	33	0.04265921793338589
31	1	62	20	0.04265921793338589
31	1	62	28	0.04265921793338589
31	1	62	82	0.016430032239497527
31	1	62	81	0.02243452682700483
31	1	62	69	0.02243452682700483
31	1	62	30	0.02243452682700483
31	1	63	74	0.07463113131950737
31	1	63	73	0.07463113131950737
31	1	63	3	0.07463113131950737
31	1	63	17	0.0557830067714539
31	1	63	7	0.07463113131950737
31	1	63	1	0.07463113131950737
31	1	63	77	0.0557830067714539
31	1	63	79	0.04076998911716992
31	1	63	0	0.07463113131950737
31	1	63	4	0.07463113131950737
31	1	63	2	0.07463113131950737
31	1	63	6	0.07463113131950737
31	1	63	59	0.04076998911716992
31	1	63	94	0.04076998911716992
31	1	63	93	0.018179157821696303
31	1	63	78	0.011210755593704153
31	1	63	82	0.011210755593704153
31	1	63	44	0.005695729993608178
31	1	63	12	0.005695729993608178
31	1	63	70	0.008602617303428846
31	1	63	29	0.008602617303428846
31	1	63	8	0.008602617303428846
31	1	64	3	0.07204306875836979
31	1	64	74	0.05242568913041434
31	1	64	0	0.05242568913041434
31	1	64	73	0.05242568913041434
31	1	64	17	0.05238267221948681
31	1	64	20	0.05238267221948681
31	1	64	77	0.05238267221948681
31	1	64	78	0.025542429833256008
31	1	64	6	0.05238267221948681
31	1	64	1	0.05238267221948681
31	1	64	4	0.05238267221948681
31	1	64	2	0.05238267221948681
31	1	64	7	0.05238267221948681
31	1	64	28	0.04212232999911747
31	1	64	33	0.04212232999911747
31	1	64	35	0.04212232999911747
31	1	64	84	0.04212232999911747
31	1	64	70	0.012658346860244692
31	1	64	36	0.025542429833256008
31	1	64	67	0.025542429833256008
31	1	64	42	0.025542429833256008
31	1	65	0	0.06946314329500183
31	1	65	74	0.06946314329500183
31	1	65	3	0.06342483226738663
31	1	65	6	0.06342483226738663
31	1	65	67	0.051434190486335754
31	1	65	42	0.051434190486335754
31	1	65	17	0.04375590207295215
31	1	65	1	0.06342483226738663
31	1	65	7	0.06342483226738663
31	1	65	2	0.06342483226738663
31	1	65	4	0.06342483226738663
31	1	65	59	0.04375590207295215
31	1	65	77	0.04375590207295215
31	1	65	94	0.04375590207295215
31	1	65	20	0.04375590207295215
31	1	65	84	0.04375590207295215
31	1	65	28	0.027332016653153143
31	1	65	18	0.027332016653153143
31	1	65	70	0.027332016653153143
31	1	65	36	0.00764323393796693
31	1	66	74	0.12384103163988329
31	1	66	73	0.056086127650099585
31	1	66	0	0.056086127650099585
31	1	66	7	0.045637296308826514
31	1	66	3	0.03668467565246752
31	1	66	94	0.03668467565246752
31	1	66	59	0.03668467565246752
31	1	66	28	0.03668467565246752
31	1	66	15	0.031748007564252806
31	1	66	17	0.03275953821226411
31	1	66	35	0.031748007564252806
31	1	66	30	0.028659376408548203
31	1	66	4	0.03275953821226411
31	1	66	1	0.03275953821226411
31	1	66	6	0.03275953821226411
31	1	66	2	0.03275953821226411
31	1	66	82	0.03275953821226411
31	1	66	67	0.014006155773617747
31	1	66	83	0.028659376408548203
31	1	66	22	0.009194580930602509
31	1	67	74	0.13939062335296462
31	1	67	73	0.07286689760885423
31	1	67	6	0.07286689760885423
31	1	67	0	0.07286689760885423
31	1	67	44	0.07286689760885423
31	1	67	94	0.07286689760885423
31	1	67	79	0.0486527458274053
31	1	67	82	0.0486527458274053
31	1	67	1	0.07286689760885423
31	1	67	4	0.07286689760885423
31	1	67	7	0.07286689760885423
31	1	67	3	0.07286689760885423
31	1	67	2	0.07286689760885423
31	1	67	59	0.0057765388255019805
31	1	67	28	0.02097876406935695
31	1	67	15	0.02097876406935695
31	1	67	78	0.0486527458274053
31	1	67	12	0.0486527458274053
31	1	67	77	0.0486527458274053
31	1	67	93	0.0486527458274053
31	1	67	42	0.0486527458274053
31	1	67	33	0.0486527458274053
31	1	67	67	0.04598318343604395
31	1	68	74	0.11437532952325048
31	1	68	7	0.07088872751010247
31	1	68	3	0.07088872751010247
31	1	68	2	0.07088872751010247
31	1	68	6	0.07088872751010247
31	1	68	73	0.07088872751010247
31	1	68	0	0.07088872751010247
31	1	68	4	0.07088872751010247
31	1	68	1	0.07088872751010247
31	1	68	42	0.036457657486159444
31	1	68	33	0.04380949201401099
31	1	68	17	0.04380949201401099
31	1	68	59	0.036457657486159444
31	1	68	36	0.036457657486159444
31	1	68	67	0.036457657486159444
31	1	68	66	0.036457657486159444
31	1	68	28	0.036457657486159444
31	1	68	77	0.036457657486159444
31	1	68	94	0.036457657486159444
31	1	68	93	0.036457657486159444
31	1	69	0	0.06923494330699201
31	1	69	74	0.06923494330699201
31	1	69	7	0.06923494330699201
31	1	69	73	0.06923494330699201
31	1	69	12	0.038417486209740385
31	1	69	82	0.038417486209740385
31	1	69	3	0.06763287730893144
31	1	69	1	0.06763287730893144
31	1	69	4	0.06763287730893144
31	1	69	6	0.06763287730893144
31	1	69	2	0.06763287730893144
31	1	69	17	0.038417486209740385
31	1	69	94	0.038417486209740385
31	1	69	77	0.038417486209740385
31	1	69	33	0.038417486209740385
31	1	69	70	0.01916680230962457
31	1	69	44	0.01916680230962457
31	1	69	78	0.01916680230962457
31	1	69	15	0.01916680230962457
31	1	69	20	0.01916680230962457
31	1	70	74	0.08353809979304336
31	1	70	0	0.07270480266823187
31	1	70	78	0.05268569814338785
31	1	70	82	0.022955011393295366
31	1	70	3	0.07270480266823187
31	1	70	7	0.07270480266823187
31	1	70	2	0.07270480266823187
31	1	70	6	0.07270480266823187
31	1	70	4	0.07270480266823187
31	1	70	1	0.07270480266823187
31	1	70	77	0.07270480266823187
31	1	70	17	0.07270480266823187
31	1	70	33	0.07270480266823187
31	1	70	42	0.018666674507850534
31	1	70	73	0.022955011393295366
31	1	70	59	0.022955011393295366
31	1	70	84	0.022955011393295366
31	1	70	67	0.018666674507850534
31	1	70	44	0.01478732035094759
31	1	70	12	0.01478732035094759
31	1	71	74	0.10859775343603215
31	1	71	0	0.10859775343603215
31	1	71	73	0.10439143645050308
31	1	71	17	0.05725651962186948
31	1	71	44	0.0326803428127839
31	1	71	4	0.10439143645050308
31	1	71	7	0.10439143645050308
31	1	71	3	0.10439143645050308
31	1	71	1	0.10439143645050308
31	1	71	2	0.10439143645050308
31	1	71	6	0.10439143645050308
31	1	71	20	0.05725651962186948
31	1	71	28	0.027804379132263655
31	1	71	77	0.0326803428127839
31	1	71	84	0.02650246150306003
31	1	71	83	0.02650246150306003
31	1	71	15	0.02650246150306003
31	1	71	79	0.0326803428127839
31	1	71	78	0.0326803428127839
31	1	71	12	0.0326803428127839
31	1	71	82	0.0326803428127839
31	1	72	74	0.11754502335270095
31	1	72	0	0.11754502335270095
31	1	72	73	0.11754502335270095
31	1	72	7	0.11754502335270095
31	1	72	3	0.11754502335270095
31	1	72	17	0.014523978256558828
31	1	72	1	0.11754502335270095
31	1	72	4	0.11754502335270095
31	1	72	6	0.11754502335270095
31	1	72	2	0.11754502335270095
31	1	72	59	0.042999670479230874
31	1	72	20	0.042999670479230874
31	1	72	84	0.03686674973738941
31	1	72	94	0.03686674973738941
31	1	72	28	0.03686674973738941
31	1	72	42	0.011026067243107972
31	1	72	70	0.014523978256558828
31	1	72	100	0.014523978256558828
31	1	72	15	0.014523978256558828
31	1	72	44	0.004444253594744362
31	1	73	73	0.08844910712035169
31	1	73	59	0.0338873364469855
31	1	73	20	0.0338873364469855
31	1	73	17	0.0338873364469855
31	1	73	1	0.05332397727941265
31	1	73	7	0.05332397727941265
31	1	73	4	0.05332397727941265
31	1	73	3	0.05332397727941265
31	1	73	2	0.05332397727941265
31	1	73	6	0.05332397727941265
31	1	73	28	0.029085259540083074
31	1	73	42	0.0338873364469855
31	1	73	0	0.0338873364469855
31	1	73	67	0.0338873364469855
31	1	73	66	0.0338873364469855
31	1	73	36	0.0338873364469855
31	1	73	13	0.029085259540083074
31	1	73	94	0.029085259540083074
31	1	73	33	0.029085259540083074
31	1	73	35	0.029085259540083074
31	1	74	74	0.16115936198379577
31	1	74	73	0.16115936198379577
31	1	74	0	0.16115936198379577
31	1	74	20	0.041392448662598454
31	1	74	59	0.041392448662598454
31	1	74	2	0.041392448662598454
31	1	74	7	0.041392448662598454
31	1	74	94	0.018965435217337626
31	1	74	1	0.041392448662598454
31	1	74	3	0.041392448662598454
31	1	74	4	0.041392448662598454
31	1	74	6	0.041392448662598454
31	1	74	78	0.018100339744709204
31	1	74	83	0.018965435217337626
31	1	74	44	0.018100339744709204
31	1	74	42	0.018100339744709204
31	1	74	67	0.018100339744709204
31	1	74	81	0.014359946546576123
31	1	74	69	0.014359946546576123
31	1	74	60	0.014359946546576123
31	1	74	70	0.014359946546576123
31	1	75	74	0.14448272340263507
31	1	75	7	0.11478211986491818
31	1	75	17	0.05306702197736121
31	1	75	3	0.11478211986491818
31	1	75	2	0.11478211986491818
31	1	75	0	0.11478211986491818
31	1	75	77	0.03986774999741751
31	1	75	93	0.03986774999741751
31	1	75	33	0.03986774999741751
31	1	75	6	0.11478211986491818
31	1	75	4	0.11478211986491818
31	1	75	1	0.11478211986491818
31	1	75	84	0.03986774999741751
31	1	75	42	0.03986774999741751
31	1	75	20	0.03986774999741751
31	1	75	67	0.03986774999741751
31	1	75	66	0.03986774999741751
31	1	75	36	0.03986774999741751
31	1	75	100	0.017525346130157174
31	1	75	82	0.004727474065553757
31	1	76	7	0.087772609726885
31	1	76	3	0.05561947288964807
31	1	76	0	0.051757841372087984
31	1	76	2	0.051757841372087984
31	1	76	94	0.051757841372087984
31	1	76	42	0.051757841372087984
31	1	76	4	0.051757841372087984
31	1	76	1	0.051757841372087984
31	1	76	6	0.051757841372087984
31	1	76	20	0.051757841372087984
31	1	76	77	0.051757841372087984
31	1	76	28	0.0425752883798165
31	1	76	67	0.051757841372087984
31	1	76	93	0.051757841372087984
31	1	76	66	0.051757841372087984
31	1	76	36	0.02237254085727765
31	1	76	73	0.0425752883798165
31	1	76	12	0.018778843781760365
31	1	76	15	0.0425752883798165
31	1	76	74	0.0425752883798165
31	1	76	30	0.0425752883798165
31	1	76	59	0.0425752883798165
31	1	77	74	0.1096544001285171
31	1	77	3	0.1096544001285171
31	1	77	0	0.05742606989610941
31	1	77	4	0.04577960602139078
31	1	77	59	0.05343786477912715
31	1	77	17	0.05343786477912715
31	1	77	33	0.05343786477912715
31	1	77	84	0.04577960602139078
31	1	77	44	0.04577960602139078
31	1	77	42	0.022869408977917914
31	1	77	1	0.04577960602139078
31	1	77	7	0.04577960602139078
31	1	77	82	0.022869408977917914
31	1	77	73	0.005636667007732194
31	1	77	67	0.022869408977917914
31	1	77	12	0.022869408977917914
31	1	77	6	0.022869408977917914
31	1	77	78	0.022869408977917914
31	1	77	2	0.01992078575364252
31	1	77	79	0.01992078575364252
31	1	77	29	0.005636667007732194
31	1	77	69	0.005636667007732194
31	1	78	74	0.09273972556628622
31	1	78	0	0.09273972556628622
31	1	78	73	0.09273972556628622
31	1	78	3	0.09273972556628622
31	1	78	7	0.09273972556628622
31	1	78	42	0.010618219323710505
31	1	78	44	0.010618219323710505
31	1	78	1	0.09273972556628622
31	1	78	4	0.09273972556628622
31	1	78	6	0.09273972556628622
31	1	78	2	0.09273972556628622
31	1	78	17	0.04357541012861581
31	1	78	20	0.04357541012861581
31	1	78	77	0.04357541012861581
31	1	78	94	0.04357541012861581
31	1	78	84	0.04357541012861581
31	1	78	33	0.04357541012861581
31	1	78	15	0.029955002251472615
31	1	78	28	0.029955002251472615
31	1	78	59	0.029955002251472615
31	1	79	7	0.05213732257973499
31	1	79	1	0.05213732257973499
31	1	79	74	0.05213732257973499
31	1	79	0	0.05213732257973499
31	1	79	73	0.05213732257973499
31	1	79	44	0.05213732257973499
31	1	79	78	0.05213732257973499
31	1	79	2	0.05213732257973499
31	1	79	3	0.05213732257973499
31	1	79	6	0.05213732257973499
31	1	79	4	0.05213732257973499
31	1	79	36	0.05213732257973499
31	1	79	17	0.05213732257973499
31	1	79	94	0.03802597098236225
31	1	79	79	0.03802597098236225
31	1	79	82	0.03802597098236225
31	1	79	12	0.03802597098236225
31	1	79	93	0.03802597098236225
31	1	79	77	0.024436649942337532
31	1	79	18	0.015832276296111607
31	1	79	42	0.015832276296111607
31	1	80	1	0.0679989955147416
31	1	80	74	0.07099087617245965
31	1	80	0	0.07099087617245965
31	1	80	7	0.0679989955147416
31	1	80	3	0.0679989955147416
31	1	80	33	0.0679989955147416
31	1	80	44	0.0679989955147416
31	1	80	4	0.0679989955147416
31	1	80	20	0.0679989955147416
31	1	80	2	0.0679989955147416
31	1	80	6	0.0679989955147416
31	1	80	59	0.043597675129573805
31	1	80	77	0.0679989955147416
31	1	80	58	0.041648899863981785
31	1	80	12	0.0679989955147416
31	1	80	82	0.0679989955147416
31	1	80	79	0.0679989955147416
31	1	80	78	0.0679989955147416
31	1	80	17	0.041648899863981785
31	1	80	93	0.041648899863981785
31	1	81	0	0.15085076132280384
31	1	81	74	0.15085076132280384
31	1	81	73	0.15085076132280384
31	1	81	82	0.046071342214650264
31	1	81	7	0.08866832798655296
31	1	81	3	0.08866832798655296
31	1	81	4	0.08866832798655296
31	1	81	1	0.08866832798655296
31	1	81	78	0.046071342214650264
31	1	81	44	0.012474055513049552
31	1	81	2	0.04906868412849511
31	1	81	17	0.04906868412849511
31	1	81	33	0.04906868412849511
31	1	81	77	0.04906868412849511
31	1	81	6	0.04906868412849511
31	1	81	42	0.046071342214650264
31	1	81	66	0.046071342214650264
31	1	81	36	0.046071342214650264
31	1	81	67	0.046071342214650264
31	1	81	94	0.010762908663544353
31	1	82	74	0.14670924477807148
31	1	82	7	0.05953724309999107
31	1	82	17	0.05953724309999107
31	1	82	3	0.05953724309999107
31	1	82	77	0.030466045700054758
31	1	82	78	0.030466045700054758
31	1	82	6	0.05953724309999107
31	1	82	4	0.05953724309999107
31	1	82	2	0.05953724309999107
31	1	82	0	0.05953724309999107
31	1	82	1	0.05953724309999107
31	1	82	73	0.030466045700054758
31	1	82	100	0.030466045700054758
31	1	82	59	0.030466045700054758
31	1	82	20	0.030466045700054758
31	1	82	42	0.004169785830692518
31	1	82	28	0.027526778741099774
31	1	82	15	0.027526778741099774
31	1	82	30	0.027526778741099774
31	1	82	84	0.027526778741099774
31	1	82	70	0.027526778741099774
31	1	83	73	0.11502401345443157
31	1	83	3	0.11502401345443157
31	1	83	84	0.11502401345443157
31	1	83	17	0.11502401345443157
31	1	83	7	0.11502401345443157
31	1	83	93	0.04852620091177932
31	1	83	4	0.11502401345443157
31	1	83	1	0.11502401345443157
31	1	83	6	0.11502401345443157
31	1	83	2	0.11502401345443157
31	1	83	0	0.11502401345443157
31	1	83	42	0.04852620091177932
31	1	83	77	0.04852620091177932
31	1	83	67	0.04852620091177932
31	1	83	86	0.01801316421606679
31	1	83	33	0.04852620091177932
31	1	83	44	0.04852620091177932
31	1	83	95	0.010443280875305515
31	1	83	12	0.01801316421606679
31	1	83	82	0.01801316421606679
31	1	83	78	0.01801316421606679
31	1	84	74	0.16191445858948655
31	1	84	17	0.047523713010200766
31	1	84	3	0.047523713010200766
31	1	84	7	0.047523713010200766
31	1	84	12	0.01554058445651133
31	1	84	1	0.047523713010200766
31	1	84	4	0.047523713010200766
31	1	84	6	0.047523713010200766
31	1	84	2	0.04152642141124084
31	1	84	44	0.01554058445651133
31	1	84	94	0.04152642141124084
31	1	84	33	0.04152642141124084
31	1	84	73	0.04152642141124084
31	1	84	93	0.01554058445651133
31	1	84	82	0.01554058445651133
31	1	84	15	0.04152642141124084
31	1	84	20	0.04152642141124084
31	1	84	71	0.04152642141124084
31	1	84	77	0.04152642141124084
31	1	84	0	0.04152642141124084
31	1	84	38	0.011634998801607776
31	1	85	74	0.1976205727913535
31	1	85	12	0.051009816046397975
31	1	85	59	0.051009816046397975
31	1	85	28	0.051009816046397975
31	1	85	17	0.051009816046397975
31	1	85	71	0.051009816046397975
31	1	85	0	0.051009816046397975
31	1	85	82	0.051009816046397975
31	1	85	33	0.051009816046397975
31	1	85	79	0.051009816046397975
31	1	85	44	0.051009816046397975
31	1	85	94	0.051009816046397975
31	1	85	78	0.027591759481986028
31	1	85	3	0.051009816046397975
31	1	85	73	0.051009816046397975
31	1	85	15	0.051009816046397975
31	1	85	84	0.00820602075513761
31	1	85	95	0.00820602075513761
31	1	85	20	0.027591759481986028
31	1	85	67	0.027591759481986028
31	1	85	42	0.027591759481986028
31	1	85	36	0.027591759481986028
31	1	86	74	0.25507179989786777
31	1	86	7	0.04682528342212271
31	1	86	1	0.03724647939266075
31	1	86	4	0.03724647939266075
31	1	86	93	0.028599239498451022
31	1	86	2	0.028599239498451022
31	1	86	6	0.028599239498451022
31	1	86	15	0.028599239498451022
31	1	86	59	0.028599239498451022
31	1	86	33	0.028599239498451022
31	1	86	94	0.028599239498451022
31	1	86	36	0.028599239498451022
31	1	86	66	0.028599239498451022
31	1	86	42	0.028599239498451022
31	1	86	67	0.028599239498451022
31	1	86	44	0.028599239498451022
31	1	86	20	0.028599239498451022
31	1	86	69	0.028599239498451022
31	1	86	70	0.028599239498451022
31	1	86	58	0.004559737417789138
31	1	87	74	0.10749499523604933
31	1	87	0	0.10352638543666302
31	1	87	73	0.10352638543666302
31	1	87	20	0.04510111829819314
31	1	87	3	0.05597233968720371
31	1	87	7	0.05597233968720371
31	1	87	84	0.04510111829819314
31	1	87	100	0.04510111829819314
31	1	87	77	0.04510111829819314
31	1	87	2	0.04510111829819314
31	1	87	6	0.04510111829819314
31	1	87	1	0.04510111829819314
31	1	87	4	0.04510111829819314
31	1	87	60	0.022002411632776265
31	1	87	82	0.007757592195343945
31	1	87	83	0.022002411632776265
31	1	87	94	0.022002411632776265
31	1	87	79	0.0069490614551795445
31	1	87	78	0.0069490614551795445
31	1	87	12	0.0069490614551795445
31	1	87	44	0.0069490614551795445
31	1	87	81	0.021565071012190976
31	1	87	69	0.021565071012190976
31	1	87	62	0.021565071012190976
31	1	88	74	0.12419143708080886
31	1	88	7	0.12419143708080886
31	1	88	0	0.12419143708080886
31	1	88	73	0.08069756627192833
31	1	88	2	0.12419143708080886
31	1	88	42	0.022033826608643777
31	1	88	36	0.022033826608643777
31	1	88	67	0.022033826608643777
31	1	88	6	0.12419143708080886
31	1	88	4	0.12419143708080886
31	1	88	1	0.12419143708080886
31	1	88	3	0.12419143708080886
31	1	88	59	0.03663777870389952
31	1	88	28	0.028376443222062866
31	1	88	84	0.028376443222062866
31	1	88	15	0.028376443222062866
31	1	88	70	0.028376443222062866
31	1	88	33	0.0067851424514145595
31	1	88	77	0.004762208828644477
31	1	88	66	0.022033826608643777
31	1	88	44	0.013425990173830638
31	1	89	74	0.07097965956704282
31	1	89	0	0.07097965956704282
31	1	89	7	0.07097965956704282
31	1	89	3	0.07097965956704282
31	1	89	73	0.07097965956704282
31	1	89	1	0.07097965956704282
31	1	89	4	0.07097965956704282
31	1	89	17	0.07097965956704282
31	1	89	2	0.07097965956704282
31	1	89	36	0.014208785957305908
31	1	89	94	0.07097965956704282
31	1	89	6	0.07097965956704282
31	1	89	15	0.04148220261437055
31	1	89	84	0.04148220261437055
31	1	89	100	0.04148220261437055
31	1	89	59	0.04148220261437055
31	1	89	33	0.04148220261437055
31	1	89	29	0.014208785957305908
31	1	89	78	0.012398748315675244
31	1	89	44	0.012398748315675244
31	1	89	95	0.014208785957305908
31	1	89	77	0.014208785957305908
31	1	90	74	0.1218787568113224
31	1	90	73	0.09937376387314968
31	1	90	0	0.09937376387314968
31	1	90	7	0.09937376387314968
31	1	90	3	0.09937376387314968
31	1	90	4	0.09937376387314968
31	1	90	1	0.09937376387314968
31	1	90	6	0.09937376387314968
31	1	90	2	0.09937376387314968
31	1	90	78	0.020009984629137157
31	1	90	17	0.017760874624348333
31	1	90	12	0.020009984629137157
31	1	90	44	0.020009984629137157
31	1	90	59	0.020009984629137157
31	1	90	94	0.020009984629137157
31	1	90	77	0.020009984629137157
31	1	90	33	0.017760874624348333
31	1	90	84	0.007168742953768893
31	1	90	20	0.020009984629137157
31	1	90	79	0.020009984629137157
31	1	90	67	0.020009984629137157
31	1	90	42	0.020009984629137157
31	1	90	82	0.020009984629137157
31	1	91	74	0.13861996109533378
31	1	91	0	0.13861996109533378
31	1	91	7	0.13861996109533378
31	1	91	73	0.13861996109533378
31	1	91	82	0.03314538899435733
31	1	91	2	0.13861996109533378
31	1	91	12	0.030249643252908152
31	1	91	4	0.13861996109533378
31	1	91	1	0.13861996109533378
31	1	91	6	0.13861996109533378
31	1	91	3	0.13861996109533378
31	1	91	84	0.03248700295589475
31	1	91	59	0.024236862239751977
31	1	91	94	0.018513410207808202
31	1	91	28	0.018513410207808202
31	1	91	42	0.010753868390046413
31	1	91	67	0.010753868390046413
31	1	91	100	0.018513410207808202
31	1	91	86	0.018513410207808202
31	1	91	83	0.018513410207808202
31	1	91	70	0.018513410207808202
31	1	92	74	0.10452621785470857
31	1	92	3	0.07431067522452264
31	1	92	0	0.09418676158133585
31	1	92	73	0.09418676158133585
31	1	92	28	0.09418676158133585
31	1	92	2	0.03369598057159978
31	1	92	6	0.03369598057159978
31	1	92	1	0.027801220591556364
31	1	92	59	0.027801220591556364
31	1	92	67	0.02750134610449785
31	1	92	4	0.027801220591556364
31	1	92	36	0.02750134610449785
31	1	92	77	0.027801220591556364
31	1	92	15	0.027801220591556364
31	1	92	7	0.027801220591556364
31	1	92	79	0.02750134610449785
31	1	92	78	0.020102670157057526
31	1	92	84	0.020102670157057526
31	1	92	35	0.004263319507007355
31	1	92	66	0.0011941987494352281
31	1	93	3	0.08743311545770041
31	1	93	0	0.08743311545770041
31	1	93	73	0.08743311545770041
31	1	93	7	0.08743311545770041
31	1	93	1	0.08743311545770041
31	1	93	2	0.08743311545770041
31	1	93	6	0.08743311545770041
31	1	93	44	0.049979786105483565
31	1	93	94	0.08743311545770041
31	1	93	20	0.08743311545770041
31	1	93	84	0.08743311545770041
31	1	93	4	0.08743311545770041
31	1	93	59	0.02356383356556811
31	1	93	67	0.02356383356556811
31	1	93	79	0.02356383356556811
31	1	93	17	0.015636331937866014
31	1	93	82	0.02356383356556811
31	1	93	12	0.02356383356556811
31	1	93	42	0.02356383356556811
31	1	93	28	0.023366949296848294
31	1	93	71	0.015636331937866014
31	1	93	33	0.015636331937866014
31	1	93	100	0.015636331937866014
31	1	94	2	0.06258788669578558
31	1	94	0	0.06258788669578558
31	1	94	17	0.06258788669578558
31	1	94	6	0.06258788669578558
31	1	94	93	0.06258788669578558
31	1	94	94	0.06258788669578558
31	1	94	79	0.06258788669578558
31	1	94	44	0.06258788669578558
31	1	94	36	0.03160469848290686
31	1	94	78	0.03160469848290686
31	1	94	20	0.03160469848290686
31	1	94	3	0.03160469848290686
31	1	94	8	0.03160469848290686
31	1	94	30	0.03160469848290686
31	1	94	12	0.03160469848290686
31	1	94	82	0.027735939824708122
31	1	94	7	0.027735939824708122
31	1	94	1	0.027735939824708122
31	1	94	100	0.027735939824708122
31	1	94	59	0.027735939824708122
31	1	95	17	0.09350064817818332
31	1	95	74	0.09350064817818332
31	1	95	0	0.09350064817818332
31	1	95	29	0.09350064817818332
31	1	95	7	0.09350064817818332
31	1	95	3	0.09350064817818332
31	1	95	77	0.09350064817818332
31	1	95	84	0.09350064817818332
31	1	95	6	0.09350064817818332
31	1	95	2	0.09350064817818332
31	1	95	1	0.09350064817818332
31	1	95	4	0.09350064817818332
31	1	95	35	0.09350064817818332
31	1	95	69	0.09350064817818332
31	1	95	100	0.09350064817818332
31	1	95	73	0.09350064817818332
31	1	95	28	0.036492572090575374
31	1	95	42	0.09350064817818332
31	1	95	36	0.09350064817818332
31	1	95	67	0.09350064817818332
31	1	95	66	0.09350064817818332
31	1	96	74	0.09145957369889039
31	1	96	3	0.08067494834704331
31	1	96	73	0.09145957369889039
31	1	96	0	0.09145957369889039
31	1	96	94	0.08067494834704331
31	1	96	17	0.02796550068597755
31	1	96	4	0.08067494834704331
31	1	96	1	0.08067494834704331
31	1	96	7	0.08067494834704331
31	1	96	2	0.08067494834704331
31	1	96	6	0.08067494834704331
31	1	96	33	0.022814161533760223
31	1	96	70	0.022814161533760223
31	1	96	22	0.013730128347689172
31	1	96	36	0.022814161533760223
31	1	96	42	0.022814161533760223
31	1	96	78	0.022814161533760223
31	1	96	77	0.022814161533760223
31	1	96	67	0.022814161533760223
31	1	96	58	0.010711037677684198
31	1	97	73	0.08358464531078996
31	1	97	84	0.050159101235654084
31	1	97	7	0.050159101235654084
31	1	97	100	0.03504639695485627
31	1	97	33	0.04811645786698675
31	1	97	1	0.050159101235654084
31	1	97	4	0.050159101235654084
31	1	97	3	0.050159101235654084
31	1	97	6	0.050159101235654084
31	1	97	2	0.050159101235654084
31	1	97	0	0.04811645786698675
31	1	97	44	0.03504639695485627
31	1	97	82	0.024531201286437057
31	1	97	42	0.024531201286437057
31	1	97	67	0.024531201286437057
31	1	97	17	0.024531201286437057
31	1	97	94	0.024531201286437057
31	1	97	28	0.024531201286437057
31	1	97	66	0.024531201286437057
31	1	97	74	0.017798181215706685
31	1	98	74	0.07625680715988359
31	1	98	0	0.06472515684339189
31	1	98	73	0.06466889388686489
31	1	98	17	0.043509260576997374
31	1	98	3	0.06089330355823986
31	1	98	4	0.06089330355823986
31	1	98	1	0.06089330355823986
31	1	98	7	0.06089330355823986
31	1	98	6	0.06089330355823986
31	1	98	2	0.06089330355823986
31	1	98	44	0.03857111579136413
31	1	98	42	0.014345223443165947
31	1	98	82	0.002273065633289106
31	1	98	33	0.03857111579136413
31	1	98	59	0.03857111579136413
31	1	98	94	0.03857111579136413
31	1	98	84	0.03857111579136413
31	1	98	28	0.03857111579136413
31	1	98	77	0.01406954520365769
31	1	98	100	0.01406954520365769
31	1	98	20	0.007511168692068928
31	1	99	74	0.13871245974910743
31	1	99	0	0.13871245974910743
31	1	99	73	0.13871245974910743
31	1	99	7	0.13871245974910743
31	1	99	3	0.13871245974910743
31	1	99	44	0.014896811758249213
31	1	99	17	0.031306774213354774
31	1	99	6	0.13871245974910743
31	1	99	4	0.13871245974910743
31	1	99	1	0.13871245974910743
31	1	99	2	0.13871245974910743
31	1	99	20	0.031306774213354774
31	1	99	59	0.031306774213354774
31	1	99	78	0.013018505627910864
31	1	99	42	0.013018505627910864
31	1	99	67	0.013018505627910864
31	1	99	28	0.017246117999093664
31	1	99	33	0.017246117999093664
31	1	99	94	0.017246117999093664
31	1	99	77	0.017246117999093664
31	1	99	84	0.017246117999093664
31	1	99	83	0.013738803325981406
31	1	99	70	0.00470520568099179
31	1	100	74	0.1125753228808817
31	1	100	73	0.0692969422256737
31	1	100	77	0.05980441653435246
31	1	100	3	0.06031465957422172
31	1	100	0	0.06031465957422172
31	1	100	6	0.06031465957422172
31	1	100	94	0.04581405045834998
31	1	100	59	0.04581405045834998
31	1	100	7	0.06031465957422172
31	1	100	2	0.06031465957422172
31	1	100	1	0.06031465957422172
31	1	100	4	0.06031465957422172
31	1	100	84	0.03646103347760187
31	1	100	17	0.03500781793070231
31	1	100	71	0.030719306271120024
31	1	100	15	0.030719306271120024
31	1	100	78	0.004935362776811697
31	1	100	70	0.030719306271120024
31	1	100	20	0.030719306271120024
31	1	100	22	0.030719306271120024
31	1	100	33	0.01058003604244497
31	10	1	17	0.061071095451710564
31	10	1	7	0.061071095451710564
31	10	1	74	0.061071095451710564
31	10	1	28	0.061071095451710564
31	10	1	59	0.061071095451710564
31	10	1	77	0.061071095451710564
31	10	1	33	0.034244370275614854
31	10	1	73	0.034244370275614854
31	10	1	3	0.034244370275614854
31	10	1	83	0.02932851157212307
31	10	1	22	0.02932851157212307
31	10	1	4	0.034244370275614854
31	10	1	1	0.034244370275614854
31	10	1	71	0.002428941261497196
31	10	1	81	0.002428941261497196
31	10	1	95	0.034244370275614854
31	10	1	36	0.034244370275614854
31	10	1	66	0.034244370275614854
31	10	1	42	0.034244370275614854
31	10	1	67	0.034244370275614854
31	10	1	15	0.027729848996010668
31	10	1	44	0.009984702615453122
31	10	2	74	0.16275306744406046
31	10	2	0	0.16275306744406046
31	10	2	77	0.14015324073365157
31	10	2	17	0.0643571827099169
31	10	2	20	0.0643571827099169
31	10	2	7	0.056772796175138994
31	10	2	94	0.041269786856447915
31	10	2	3	0.041269786856447915
31	10	2	78	0.041269786856447915
31	10	2	70	0.041269786856447915
31	10	2	35	0.041269786856447915
31	10	2	59	0.041269786856447915
31	10	2	82	0.016973827493132
31	10	2	6	0.041269786856447915
31	10	2	4	0.041269786856447915
31	10	2	58	0.041269786856447915
31	10	2	2	0.041269786856447915
31	10	2	1	0.041269786856447915
31	10	2	33	0.041269786856447915
31	10	2	29	0.02822421472430331
31	10	3	73	0.09903209974358047
31	10	3	0	0.09903209974358047
31	10	3	17	0.05117467306120513
31	10	3	74	0.05117467306120513
31	10	3	44	0.04124419052687856
31	10	3	78	0.04124419052687856
31	10	3	3	0.05117467306120513
31	10	3	12	0.04124419052687856
31	10	3	82	0.04124419052687856
31	10	3	79	0.04124419052687856
31	10	3	20	0.04124419052687856
31	10	3	59	0.05117467306120513
31	10	3	6	0.05117467306120513
31	10	3	2	0.05117467306120513
31	10	3	7	0.05117467306120513
31	10	3	1	0.05117467306120513
31	10	3	4	0.05117467306120513
31	10	3	28	0.04124419052687856
31	10	3	93	0.04124419052687856
31	10	3	33	0.04124419052687856
31	10	4	73	0.1412381096437659
31	10	4	0	0.1412381096437659
31	10	4	1	0.1412381096437659
31	10	4	6	0.1412381096437659
31	10	4	2	0.1412381096437659
31	10	4	74	0.07010335957442257
31	10	4	3	0.1412381096437659
31	10	4	7	0.1412381096437659
31	10	4	4	0.1412381096437659
31	10	4	67	0.07010335957442257
31	10	4	42	0.07010335957442257
31	10	4	66	0.07010335957442257
31	10	4	81	0.07010335957442257
31	10	4	33	0.07010335957442257
31	10	4	46	0.07010335957442257
31	10	4	30	0.07010335957442257
31	10	4	84	0.07010335957442257
31	10	4	18	0.05751571407432362
31	10	4	44	0.05751571407432362
31	10	4	28	0.004123645315838223
31	10	5	74	0.09035151632170889
31	10	5	73	0.09035151632170889
31	10	5	7	0.09035151632170889
31	10	5	42	0.09035151632170889
31	10	5	67	0.09035151632170889
31	10	5	1	0.09035151632170889
31	10	5	4	0.09035151632170889
31	10	5	3	0.09035151632170889
31	10	5	79	0.02438866670543497
31	10	5	2	0.09035151632170889
31	10	5	6	0.09035151632170889
31	10	5	33	0.09035151632170889
31	10	5	59	0.09035151632170889
31	10	5	0	0.02438866670543497
31	10	5	84	0.02438866670543497
31	10	5	77	0.02438866670543497
31	10	5	94	0.016953077828177746
31	10	5	17	0.016953077828177746
31	10	5	95	0.0051015522575733425
31	10	5	78	0.007933387952677923
31	10	5	36	0.007933387952677923
31	10	5	66	0.007933387952677923
31	10	6	74	0.13451426579432701
31	10	6	3	0.04060401411087911
31	10	6	17	0.04574049836968479
31	10	6	77	0.04574049836968479
31	10	6	73	0.04060401411087911
31	10	6	20	0.04574049836968479
31	10	6	71	0.04574049836968479
31	10	6	33	0.04574049836968479
31	10	6	0	0.04574049836968479
31	10	6	94	0.04574049836968479
31	10	6	59	0.04060401411087911
31	10	6	44	0.04060401411087911
31	10	6	18	0.04060401411087911
31	10	6	28	0.01802887132178756
31	10	6	78	0.028051691610127532
31	10	6	65	0.011684338759481787
31	10	6	4	0.04060401411087911
31	10	6	1	0.04060401411087911
31	10	6	6	0.04060401411087911
31	10	6	7	0.04060401411087911
31	10	6	2	0.04060401411087911
31	10	7	0	0.17810845917997142
31	10	7	78	0.17810845917997142
31	10	7	59	0.0799764821291017
31	10	7	7	0.0799764821291017
31	10	7	17	0.0799764821291017
31	10	7	3	0.0799764821291017
31	10	7	4	0.0799764821291017
31	10	7	82	0.05561582540955978
31	10	7	1	0.0799764821291017
31	10	7	6	0.0799764821291017
31	10	7	2	0.0799764821291017
31	10	7	86	0.04230111731620484
31	10	7	19	0.019238059535620952
31	10	7	44	0.05561582540955978
31	10	7	99	0.05561582540955978
31	10	7	58	0.03350086984909825
31	10	7	70	0.05561582540955978
31	10	7	23	0.05561582540955978
31	10	7	98	0.05561582540955978
31	10	7	12	0.05561582540955978
31	10	7	79	0.05561582540955978
31	10	8	0	0.15241928277404715
31	10	8	74	0.15241928277404715
31	10	8	73	0.15241928277404715
31	10	8	84	0.040386791416160146
31	10	8	3	0.0673340025329955
31	10	8	7	0.0673340025329955
31	10	8	44	0.027826540448239453
31	10	8	78	0.027826540448239453
31	10	8	4	0.0673340025329955
31	10	8	1	0.0673340025329955
31	10	8	2	0.0673340025329955
31	10	8	6	0.0673340025329955
31	10	8	77	0.027826540448239453
31	10	8	59	0.027826540448239453
31	10	8	100	0.023187509194219996
31	10	8	12	0.027826540448239453
31	10	8	82	0.027826540448239453
31	10	8	79	0.027826540448239453
31	10	8	93	0.023187509194219996
31	10	8	67	0.011823420874577122
31	10	8	42	0.011823420874577122
31	10	9	74	0.24263243427148806
31	10	9	73	0.09240574763564065
31	10	9	94	0.09240574763564065
31	10	9	84	0.0269804407026219
31	10	9	33	0.026645362341310486
31	10	9	17	0.022986635329576448
31	10	9	28	0.01604132367807287
31	10	9	20	0.012381258814366955
31	10	9	100	0.012381258814366955
31	10	9	22	0.012381258814366955
31	10	9	72	0.011946746594171073
31	10	9	6	0.008333308557234784
31	10	9	7	0.008333308557234784
31	10	9	83	0.011946746594171073
31	10	9	15	0.011946746594171073
31	10	9	59	0.011946746594171073
31	10	9	67	0.008333308557234784
31	10	9	3	0.008333308557234784
31	10	9	42	0.008333308557234784
31	10	9	77	0.008333308557234784
31	10	9	43	0.011946746594171073
31	10	9	70	0.011946746594171073
31	10	9	86	0.011946746594171073
31	10	9	2	0.0049090180580394
31	10	9	36	0.0049090180580394
31	10	9	45	0.004020541618352882
31	10	10	74	0.15926371473682113
31	10	10	0	0.1144276212167334
31	10	10	73	0.1144276212167334
31	10	10	78	0.03175062706185171
31	10	10	7	0.1144276212167334
31	10	10	3	0.1144276212167334
31	10	10	1	0.1144276212167334
31	10	10	4	0.1144276212167334
31	10	10	2	0.1144276212167334
31	10	10	6	0.1144276212167334
31	10	10	17	0.03175062706185171
31	10	10	20	0.03175062706185171
31	10	10	28	0.03175062706185171
31	10	10	33	0.03175062706185171
31	10	10	77	0.012972272927936769
31	10	10	12	0.03175062706185171
31	10	10	44	0.03175062706185171
31	10	10	82	0.03175062706185171
31	10	10	72	0.010997573503606252
31	10	10	79	0.010997573503606252
31	10	11	93	0.08894162942665493
31	10	11	42	0.08894162942665493
31	10	11	67	0.08894162942665493
31	10	11	36	0.08894162942665493
31	10	11	66	0.08894162942665493
31	10	11	82	0.08894162942665493
31	10	11	94	0.08894162942665493
31	10	11	6	0.08894162942665493
31	10	11	2	0.08894162942665493
31	10	11	4	0.08894162942665493
31	10	11	7	0.08894162942665493
31	10	11	1	0.08894162942665493
31	10	11	3	0.08894162942665493
31	10	11	73	0.08894162942665493
31	10	11	17	0.08894162942665493
31	10	11	77	0.08894162942665493
31	10	11	74	0.0559716633108583
31	10	11	59	0.0559716633108583
31	10	11	79	0.08894162942665493
31	10	11	12	0.08894162942665493
31	10	11	44	0.08894162942665493
31	10	11	78	0.013786432208890254
31	10	12	74	0.1967452349108306
31	10	12	33	0.08942756874211062
31	10	12	7	0.0821030432771033
31	10	12	70	0.0821030432771033
31	10	12	77	0.0821030432771033
31	10	12	17	0.0821030432771033
31	10	12	58	0.0821030432771033
31	10	12	94	0.0821030432771033
31	10	12	59	0.0821030432771033
31	10	12	4	0.0821030432771033
31	10	12	1	0.0821030432771033
31	10	12	6	0.0821030432771033
31	10	12	2	0.0821030432771033
31	10	12	3	0.0821030432771033
31	10	12	67	0.07524511138374826
31	10	12	42	0.07524511138374826
31	10	12	20	0.07524511138374826
31	10	12	84	0.012624130438438089
31	10	12	100	0.012624130438438089
31	10	12	71	0.010091028016717365
31	10	13	74	0.16263774408345003
31	10	13	3	0.0938508365361626
31	10	13	7	0.0938508365361626
31	10	13	0	0.0938508365361626
31	10	13	1	0.0938508365361626
31	10	13	4	0.0938508365361626
31	10	13	6	0.029236948001145888
31	10	13	33	0.045929864314132506
31	10	13	59	0.06823862446205542
31	10	13	17	0.06823862446205542
31	10	13	73	0.06823862446205542
31	10	13	77	0.031191814580248688
31	10	13	28	0.031191814580248688
31	10	13	35	0.031191814580248688
31	10	13	30	0.031191814580248688
31	10	13	2	0.029236948001145888
31	10	13	67	0.029236948001145888
31	10	13	83	0.029236948001145888
31	10	13	66	0.029236948001145888
31	10	13	42	0.029236948001145888
31	10	13	36	0.029236948001145888
31	10	13	84	0.020553192777576886
31	10	14	0	0.10068232451206452
31	10	14	3	0.05890197271564662
31	10	14	7	0.05890197271564662
31	10	14	84	0.054580815921502025
31	10	14	4	0.05890197271564662
31	10	14	1	0.05890197271564662
31	10	14	20	0.054580815921502025
31	10	14	2	0.054580815921502025
31	10	14	6	0.054580815921502025
31	10	14	12	0.054580815921502025
31	10	14	73	0.03488589740055472
31	10	14	28	0.03488589740055472
31	10	14	17	0.03488589740055472
31	10	14	78	0.019961201357739017
31	10	14	82	0.019961201357739017
31	10	14	5	0.03488589740055472
31	10	14	8	0.03488589740055472
31	10	14	100	0.03488589740055472
31	10	14	44	0.019961201357739017
31	10	14	29	0.015255511338638334
31	10	14	77	0.015255511338638334
31	10	14	94	0.015255511338638334
31	10	14	59	0.015255511338638334
31	10	15	74	0.18368195924015454
31	10	15	0	0.18368195924015454
31	10	15	73	0.18368195924015454
31	10	15	17	0.05436500122629289
31	10	15	7	0.18368195924015454
31	10	15	2	0.18368195924015454
31	10	15	42	0.03054468592083596
31	10	15	1	0.18368195924015454
31	10	15	4	0.18368195924015454
31	10	15	6	0.18368195924015454
31	10	15	3	0.18368195924015454
31	10	15	78	0.012855369463161223
31	10	15	67	0.03054468592083596
31	10	15	36	0.03054468592083596
31	10	15	84	0.03054468592083596
31	10	15	66	0.025600566565914817
31	10	15	93	0.025600566565914817
31	10	15	15	0.025600566565914817
31	10	15	44	0.008713377591801241
31	10	15	77	0.008713377591801241
31	10	16	20	0.20889521904479164
31	10	16	0	0.20889521904479164
31	10	16	77	0.08726957755722005
31	10	16	59	0.08726957755722005
31	10	16	74	0.08726957755722005
31	10	16	73	0.08726957755722005
31	10	16	44	0.0374871436130416
31	10	16	84	0.029315167994495007
31	10	16	66	0.042516169717417236
31	10	16	67	0.042516169717417236
31	10	16	94	0.042516169717417236
31	10	16	7	0.02507488904175412
31	10	16	12	0.029315167994495007
31	10	16	33	0.029315167994495007
31	10	16	36	0.022112169668775654
31	10	16	3	0.022112169668775654
31	10	16	2	0.022112169668775654
31	10	16	83	0.022112169668775654
31	10	16	4	0.012688377797745449
31	10	16	1	0.012688377797745449
31	10	17	74	0.4007462062430698
31	10	17	0	0.16738032418852053
31	10	17	36	0.061561886722307134
31	10	17	2	0.061561886722307134
31	10	17	3	0.061561886722307134
31	10	17	6	0.061561886722307134
31	10	17	7	0.061561886722307134
31	10	17	20	0.061561886722307134
31	10	17	4	0.061561886722307134
31	10	17	1	0.061561886722307134
31	10	17	44	0.061561886722307134
31	10	17	59	0.061561886722307134
31	10	17	15	0.061561886722307134
31	10	17	73	0.061561886722307134
31	10	17	78	0.061561886722307134
31	10	17	79	0.061561886722307134
31	10	17	42	0.061561886722307134
31	10	17	67	0.061561886722307134
31	10	17	66	0.05555348133938611
31	10	17	33	0.03322372636420995
31	10	18	0	0.12201413431685486
31	10	18	74	0.12201413431685486
31	10	18	73	0.1157601232705298
31	10	18	17	0.11334740888423388
31	10	18	7	0.11334740888423388
31	10	18	3	0.11334740888423388
31	10	18	20	0.11334740888423388
31	10	18	77	0.11334740888423388
31	10	18	71	0.11334740888423388
31	10	18	33	0.11334740888423388
31	10	18	82	0.012035965282827618
31	10	18	2	0.11334740888423388
31	10	18	6	0.11334740888423388
31	10	18	44	0.012035965282827618
31	10	18	12	0.012035965282827618
31	10	18	1	0.11334740888423388
31	10	18	4	0.11334740888423388
31	10	18	70	0.01188441267956306
31	10	18	18	0.01188441267956306
31	10	18	67	0.01188441267956306
31	10	18	29	0.01188441267956306
31	10	18	94	0.0039053938918006395
31	10	18	78	0.007425618486034501
31	10	19	74	0.22523432277622732
31	10	19	77	0.12145297194124229
31	10	19	73	0.0684076453274586
31	10	19	7	0.0684076453274586
31	10	19	3	0.0684076453274586
31	10	19	0	0.04639054727930845
31	10	19	60	0.04639054727930845
31	10	19	70	0.04639054727930845
31	10	19	4	0.0684076453274586
31	10	19	1	0.0684076453274586
31	10	19	94	0.04639054727930845
31	10	19	58	0.04639054727930845
31	10	19	15	0.04639054727930845
31	10	19	71	0.04639054727930845
31	10	19	6	0.04639054727930845
31	10	19	2	0.04639054727930845
31	10	19	95	0.04639054727930845
31	10	19	72	0.0013109892015673785
31	10	19	67	0.015876181531803472
31	10	19	42	0.015876181531803472
31	10	19	36	0.014694150501371763
31	10	20	74	0.12921063087259807
31	10	20	33	0.03159398646213015
31	10	20	0	0.12921063087259807
31	10	20	20	0.12921063087259807
31	10	20	3	0.020484491359279513
31	10	20	84	0.020484491359279513
31	10	20	42	0.023835698409168417
31	10	20	73	0.023835698409168417
31	10	20	17	0.023835698409168417
31	10	20	7	0.020484491359279513
31	10	20	100	0.020484491359279513
31	10	20	66	0.023835698409168417
31	10	20	36	0.023835698409168417
31	10	20	67	0.023835698409168417
31	10	20	94	0.020484491359279513
31	10	20	59	0.016508646182853887
31	10	20	28	0.014926119010769862
31	10	20	77	0.014926119010769862
31	10	20	93	0.014926119010769862
31	10	20	15	0.013771992672644914
31	10	20	29	0.020484491359279513
31	10	20	2	0.020484491359279513
31	10	20	6	0.020484491359279513
31	10	20	1	0.020484491359279513
31	10	20	4	0.020484491359279513
31	10	21	73	0.07896180436959774
31	10	21	0	0.07896180436959774
31	10	21	7	0.04864591093230874
31	10	21	59	0.04864591093230874
31	10	21	78	0.04864591093230874
31	10	21	1	0.04864591093230874
31	10	21	4	0.04864591093230874
31	10	21	74	0.04864591093230874
31	10	21	20	0.04864591093230874
31	10	21	6	0.04864591093230874
31	10	21	2	0.04864591093230874
31	10	21	3	0.04864591093230874
31	10	21	44	0.04864591093230874
31	10	21	94	0.04864591093230874
31	10	21	84	0.04864591093230874
31	10	21	82	0.04864591093230874
31	10	21	12	0.04864591093230874
31	10	21	17	0.028713358967402874
31	10	21	33	0.028713358967402874
31	10	21	18	0.04864591093230874
31	10	21	79	0.04864591093230874
31	10	21	35	0.005106550830925405
31	10	22	74	0.12123553255828508
31	10	22	7	0.11468093485590007
31	10	22	73	0.11468093485590007
31	10	22	17	0.11468093485590007
31	10	22	0	0.11468093485590007
31	10	22	20	0.11468093485590007
31	10	22	1	0.11468093485590007
31	10	22	77	0.11468093485590007
31	10	22	33	0.11468093485590007
31	10	22	94	0.11468093485590007
31	10	22	59	0.04550710647861021
31	10	22	4	0.11468093485590007
31	10	22	2	0.11468093485590007
31	10	22	6	0.11468093485590007
31	10	22	3	0.04550710647861021
31	10	22	18	0.04550710647861021
31	10	22	15	0.04550710647861021
31	10	22	29	0.04550710647861021
31	10	22	42	0.008850179520839021
31	10	22	72	0.0046897529036673
31	10	23	74	0.1420746983371934
31	10	23	0	0.10991312663120631
31	10	23	4	0.03457939479936476
31	10	23	3	0.03457939479936476
31	10	23	77	0.03457939479936476
31	10	23	94	0.027824368364358282
31	10	23	67	0.03029930422244784
31	10	23	36	0.03029930422244784
31	10	23	78	0.03029930422244784
31	10	23	66	0.03029930422244784
31	10	23	17	0.027824368364358282
31	10	23	7	0.027824368364358282
31	10	23	2	0.027824368364358282
31	10	23	42	0.026871368707591093
31	10	23	44	0.026871368707591093
31	10	23	79	0.026871368707591093
31	10	23	12	0.026871368707591093
31	10	23	82	0.026871368707591093
31	10	23	84	0.027824368364358282
31	10	23	71	0.027824368364358282
31	10	23	100	0.027824368364358282
31	10	23	1	0.027824368364358282
31	10	23	6	0.027824368364358282
31	10	23	59	0.027824368364358282
31	10	23	73	0.027824368364358282
31	10	23	93	0.026871368707591093
31	10	24	74	0.08218622096775145
31	10	24	73	0.08218622096775145
31	10	24	0	0.08218622096775145
31	10	24	7	0.054736913954411485
31	10	24	94	0.03214921244181762
31	10	24	59	0.03214921244181762
31	10	24	84	0.02780063190670012
31	10	24	4	0.03214921244181762
31	10	24	1	0.03214921244181762
31	10	24	3	0.03214921244181762
31	10	24	6	0.02780063190670012
31	10	24	2	0.02780063190670012
31	10	24	77	0.023055479413818167
31	10	24	18	0.025847770439217994
31	10	24	28	0.025847770439217994
31	10	24	20	0.022600586070549204
31	10	24	35	0.022600586070549204
31	10	24	69	0.016074512324962667
31	10	24	30	0.016074512324962667
31	10	24	36	0.016074512324962667
31	10	25	74	0.1399999377687139
31	10	25	73	0.1399999377687139
31	10	25	4	0.1399999377687139
31	10	25	3	0.1399999377687139
31	10	25	7	0.1399999377687139
31	10	25	100	0.038681051167252664
31	10	25	6	0.1399999377687139
31	10	25	1	0.1399999377687139
31	10	25	2	0.1399999377687139
31	10	25	59	0.038681051167252664
31	10	25	0	0.038681051167252664
31	10	25	44	0.038681051167252664
31	10	25	82	0.038681051167252664
31	10	25	17	0.038681051167252664
31	10	25	79	0.038681051167252664
31	10	25	78	0.038681051167252664
31	10	25	12	0.038681051167252664
31	10	25	15	0.038681051167252664
31	10	25	28	0.0034160144752618006
31	10	25	67	0.013036485593730942
31	10	25	42	0.013036485593730942
31	10	26	74	0.1383462353509356
31	10	26	73	0.09713844507800455
31	10	26	84	0.07362094342429218
31	10	26	7	0.09713844507800455
31	10	26	3	0.09713844507800455
31	10	26	77	0.07362094342429218
31	10	26	93	0.04264080481924281
31	10	26	15	0.04102540588067398
31	10	26	2	0.09713844507800455
31	10	26	6	0.09713844507800455
31	10	26	18	0.09713844507800455
31	10	26	4	0.09713844507800455
31	10	26	1	0.09713844507800455
31	10	26	20	0.09713844507800455
31	10	26	13	0.09713844507800455
31	10	26	23	0.09713844507800455
31	10	26	98	0.09713844507800455
31	10	26	0	0.09713844507800455
31	10	26	85	0.09713844507800455
31	10	26	34	0.09713844507800455
31	10	27	74	0.13780476966042987
31	10	27	0	0.13780476966042987
31	10	27	73	0.13780476966042987
31	10	27	3	0.13780476966042987
31	10	27	44	0.04611376931590636
31	10	27	78	0.04611376931590636
31	10	27	12	0.04611376931590636
31	10	27	82	0.04611376931590636
31	10	27	1	0.13780476966042987
31	10	27	4	0.13780476966042987
31	10	27	6	0.13780476966042987
31	10	27	7	0.13780476966042987
31	10	27	2	0.13780476966042987
31	10	27	84	0.037096541617735936
31	10	27	28	0.037096541617735936
31	10	27	29	0.036973445317328935
31	10	27	79	0.04611376931590636
31	10	27	93	0.04611376931590636
31	10	27	33	0.036973445317328935
31	10	27	94	0.036973445317328935
31	10	28	74	0.2130527448325605
31	10	28	7	0.0701863963594105
31	10	28	6	0.0701863963594105
31	10	28	2	0.0701863963594105
31	10	28	36	0.0267023608461994
31	10	28	3	0.052744850253242326
31	10	28	4	0.052744850253242326
31	10	28	1	0.04426908638767314
31	10	28	0	0.04426908638767314
31	10	28	73	0.04426908638767314
31	10	28	94	0.04426908638767314
31	10	28	20	0.04426908638767314
31	10	28	59	0.04426908638767314
31	10	28	15	0.04426908638767314
31	10	28	35	0.01412395911806188
31	10	28	28	0.01412395911806188
31	10	28	42	0.0267023608461994
31	10	28	67	0.0267023608461994
31	10	28	95	0.01412395911806188
31	10	28	46	0.01412395911806188
31	10	28	8	0.01412395911806188
31	10	28	17	0.0267023608461994
31	10	28	79	0.0267023608461994
31	10	28	78	0.0267023608461994
31	10	28	12	0.0267023608461994
31	10	28	82	0.0267023608461994
31	10	28	66	0.0267023608461994
31	10	28	44	0.0267023608461994
31	10	29	74	0.21047204976988232
31	10	29	0	0.08485313182763236
31	10	29	3	0.08485313182763236
31	10	29	77	0.0538558145673117
31	10	29	17	0.0538558145673117
31	10	29	7	0.08485313182763236
31	10	29	1	0.08485313182763236
31	10	29	4	0.08485313182763236
31	10	29	2	0.0538558145673117
31	10	29	6	0.0538558145673117
31	10	29	67	0.0538558145673117
31	10	29	8	0.04763231207451974
31	10	29	93	0.0538558145673117
31	10	29	42	0.0538558145673117
31	10	29	28	0.04763231207451974
31	10	29	44	0.04763231207451974
31	10	29	78	0.04763231207451974
31	10	29	5	0.03826103925438195
31	10	29	20	0.03826103925438195
31	10	29	83	0.03826103925438195
31	10	30	74	0.11643062211968201
31	10	30	73	0.10600775619738302
31	10	30	84	0.07674759739390746
31	10	30	7	0.0743667772492855
31	10	30	59	0.04080201739270068
31	10	30	3	0.0743667772492855
31	10	30	71	0.04080201739270068
31	10	30	2	0.0743667772492855
31	10	30	1	0.0743667772492855
31	10	30	4	0.0743667772492855
31	10	30	6	0.0743667772492855
31	10	30	42	0.04535282703324012
31	10	30	29	0.03128445917570857
31	10	30	36	0.03128445917570857
31	10	30	67	0.03128445917570857
31	10	30	66	0.03128445917570857
31	10	30	33	0.04080201739270068
31	10	30	94	0.04080201739270068
31	10	30	100	0.04080201739270068
31	10	30	28	0.04080201739270068
31	10	30	20	0.02370624285584145
31	10	30	18	0.002348090091753641
31	10	30	70	0.04080201739270068
31	10	30	81	0.04080201739270068
31	10	30	69	0.04080201739270068
31	10	30	17	0.017758129106194915
31	10	31	0	0.0701194279096474
31	10	31	74	0.08575246460703595
31	10	31	33	0.08575246460703595
31	10	31	77	0.08575246460703595
31	10	31	84	0.06828294923120283
31	10	31	100	0.05130822004923301
31	10	31	78	0.05130822004923301
31	10	31	73	0.05130822004923301
31	10	31	2	0.05130822004923301
31	10	31	22	0.05130822004923301
31	10	31	20	0.05130822004923301
31	10	31	6	0.05130822004923301
31	10	31	3	0.05130822004923301
31	10	31	97	0.031036308031949962
31	10	31	7	0.02431866588065135
31	10	31	70	0.022291416986914843
31	10	31	81	0.022291416986914843
31	10	31	67	0.018112592504759908
31	10	31	44	0.018112592504759908
31	10	31	66	0.012077969780281226
31	10	31	79	0.012077969780281226
31	10	31	36	0.012077969780281226
31	10	31	42	0.012077969780281226
31	10	32	74	0.1588982352116098
31	10	32	20	0.09926974792692075
31	10	32	77	0.09926974792692075
31	10	32	3	0.09926974792692075
31	10	32	2	0.09926974792692075
31	10	32	28	0.09926974792692075
31	10	32	7	0.09926974792692075
31	10	32	6	0.09926974792692075
31	10	32	17	0.0467988587871518
31	10	32	59	0.09926974792692075
31	10	32	60	0.0467988587871518
31	10	32	1	0.09926974792692075
31	10	32	83	0.09926974792692075
31	10	32	73	0.09926974792692075
31	10	32	4	0.09926974792692075
31	10	32	94	0.0467988587871518
31	10	32	66	0.0467988587871518
31	10	32	42	0.0467988587871518
31	10	32	67	0.0467988587871518
31	10	32	36	0.0467988587871518
31	10	33	73	0.10967597204315076
31	10	33	7	0.10967597204315076
31	10	33	15	0.10967597204315076
31	10	33	83	0.10967597204315076
31	10	33	0	0.10967597204315076
31	10	33	74	0.07913059912267885
31	10	33	44	0.0352785724433283
31	10	33	2	0.10967597204315076
31	10	33	3	0.10967597204315076
31	10	33	6	0.10967597204315076
31	10	33	4	0.10967597204315076
31	10	33	1	0.10967597204315076
31	10	33	18	0.06802973808090544
31	10	33	20	0.06802973808090544
31	10	33	17	0.059651460690417435
31	10	33	59	0.059651460690417435
31	10	33	93	0.0352785724433283
31	10	33	72	0.009586677256298115
31	10	33	79	0.0352785724433283
31	10	33	12	0.0352785724433283
31	10	33	82	0.0352785724433283
31	10	34	0	0.14536479568190583
31	10	34	17	0.06663863277913656
31	10	34	73	0.06663863277913656
31	10	34	74	0.06663863277913656
31	10	34	6	0.025901604877069634
31	10	34	28	0.019432875309629196
31	10	34	7	0.02068181357477082
31	10	34	1	0.02068181357477082
31	10	34	3	0.02068181357477082
31	10	34	4	0.02068181357477082
31	10	34	2	0.019432875309629196
31	10	34	59	0.018720336171331876
31	10	34	20	0.018720336171331876
31	10	34	93	0.018720336171331876
31	10	34	84	0.018720336171331876
31	10	34	78	0.018720336171331876
31	10	34	15	0.018720336171331876
31	10	34	29	0.014353800620788256
31	10	34	81	0.010153035822366641
31	10	34	18	0.010153035822366641
31	10	34	69	0.010153035822366641
31	10	34	33	0.010153035822366641
31	10	34	77	0.010153035822366641
31	10	35	74	0.21934062206055424
31	10	35	17	0.13924125024878345
31	10	35	73	0.11310296368133872
31	10	35	15	0.036200830845427634
31	10	35	67	0.06418508110892171
31	10	35	0	0.026867414227875065
31	10	35	42	0.06418508110892171
31	10	35	66	0.06418508110892171
31	10	35	36	0.06418508110892171
31	10	35	71	0.06418508110892171
31	10	35	22	0.03414252390548759
31	10	35	3	0.020572628729165807
31	10	35	35	0.026867414227875065
31	10	35	28	0.006339497602046584
31	10	35	7	0.020571653130216482
31	10	35	33	0.020571653130216482
31	10	35	78	0.020571653130216482
31	10	35	97	0.020571653130216482
31	10	35	12	0.020571653130216482
31	10	35	82	0.020571653130216482
31	10	35	81	0.006339497602046584
31	10	35	30	0.006339497602046584
31	10	35	61	0.006339497602046584
31	10	35	51	0.006339497602046584
31	10	35	60	0.006339497602046584
31	10	35	94	0.006339497602046584
31	10	36	3	0.05710077059145846
31	10	36	74	0.05710077059145846
31	10	36	7	0.05710077059145846
31	10	36	36	0.05710077059145846
31	10	36	93	0.05710077059145846
31	10	36	67	0.05710077059145846
31	10	36	42	0.05710077059145846
31	10	36	1	0.05710077059145846
31	10	36	4	0.05710077059145846
31	10	36	66	0.05710077059145846
31	10	36	0	0.05710077059145846
31	10	36	44	0.02576137885588355
31	10	36	73	0.05710077059145846
31	10	36	77	0.05710077059145846
31	10	36	6	0.05710077059145846
31	10	36	94	0.05710077059145846
31	10	36	2	0.05710077059145846
31	10	36	17	0.02576137885588355
31	10	36	18	0.02576137885588355
31	10	36	58	0.01157833528049736
31	10	36	70	0.01157833528049736
31	10	37	74	0.18385378791293433
31	10	37	2	0.07087046708037897
31	10	37	6	0.07087046708037897
31	10	37	3	0.07087046708037897
31	10	37	20	0.07087046708037897
31	10	37	12	0.022372404902782594
31	10	37	82	0.022372404902782594
31	10	37	1	0.053894316704402694
31	10	37	4	0.053894316704402694
31	10	37	7	0.053894316704402694
31	10	37	73	0.053894316704402694
31	10	37	17	0.022372404902782594
31	10	37	78	0.019693797667760787
31	10	37	18	0.019693797667760787
31	10	37	35	0.019693797667760787
31	10	37	28	0.019693797667760787
31	10	37	0	0.019693797667760787
31	10	37	60	0.019693797667760787
31	10	37	100	0.019693797667760787
31	10	37	30	0.019693797667760787
31	10	38	3	0.09646520308921129
31	10	38	44	0.09646520308921129
31	10	38	73	0.09646520308921129
31	10	38	28	0.09646520308921129
31	10	38	17	0.054994670705103735
31	10	38	93	0.09646520308921129
31	10	38	71	0.054994670705103735
31	10	38	78	0.09646520308921129
31	10	38	79	0.09646520308921129
31	10	38	12	0.09646520308921129
31	10	38	82	0.09646520308921129
31	10	38	20	0.054994670705103735
31	10	38	94	0.054994670705103735
31	10	38	2	0.054994670705103735
31	10	38	7	0.054994670705103735
31	10	38	1	0.054994670705103735
31	10	38	33	0.04054805207316289
31	10	38	59	0.04054805207316289
31	10	38	18	0.054994670705103735
31	10	38	0	0.04054805207316289
31	10	38	6	0.054994670705103735
31	10	38	4	0.054994670705103735
31	10	39	0	0.11474514227824628
31	10	39	74	0.11474514227824628
31	10	39	73	0.11474514227824628
31	10	39	2	0.033352058903336895
31	10	39	100	0.033352058903336895
31	10	39	42	0.033352058903336895
31	10	39	67	0.033352058903336895
31	10	39	84	0.033352058903336895
31	10	39	7	0.033352058903336895
31	10	39	33	0.033352058903336895
31	10	39	17	0.033352058903336895
31	10	39	71	0.033352058903336895
31	10	39	3	0.020188475518164124
31	10	39	94	0.020188475518164124
31	10	39	78	0.033352058903336895
31	10	39	12	0.033352058903336895
31	10	39	82	0.033352058903336895
31	10	39	36	0.033352058903336895
31	10	39	66	0.033352058903336895
31	10	39	44	0.013422252417862867
31	10	40	74	0.08326392257170635
31	10	40	0	0.08326392257170635
31	10	40	7	0.08326392257170635
31	10	40	17	0.08326392257170635
31	10	40	73	0.08326392257170635
31	10	40	3	0.08326392257170635
31	10	40	67	0.038410941573236386
31	10	40	42	0.038410941573236386
31	10	40	4	0.08326392257170635
31	10	40	1	0.08326392257170635
31	10	40	6	0.08326392257170635
31	10	40	2	0.08326392257170635
31	10	40	59	0.08326392257170635
31	10	40	20	0.031473302489807564
31	10	40	84	0.02669770705842993
31	10	40	44	0.02669770705842993
31	10	40	66	0.02669770705842993
31	10	40	94	0.02669770705842993
31	10	40	36	0.02669770705842993
31	10	40	77	0.02669770705842993
31	10	41	0	0.06858390755476218
31	10	41	74	0.06858390755476218
31	10	41	7	0.06858390755476218
31	10	41	77	0.03674228987978087
31	10	41	3	0.06858390755476218
31	10	41	4	0.06858390755476218
31	10	41	6	0.06858390755476218
31	10	41	2	0.06858390755476218
31	10	41	1	0.06858390755476218
31	10	41	59	0.06858390755476218
31	10	41	73	0.03674228987978087
31	10	41	84	0.03674228987978087
31	10	41	20	0.03674228987978087
31	10	41	81	0.035944705690023754
31	10	41	69	0.035944705690023754
31	10	41	94	0.035944705690023754
31	10	41	28	0.031025869895395925
31	10	41	100	0.002659548202620776
31	10	41	15	0.007250424659933359
31	10	41	67	0.007250424659933359
31	10	41	36	0.007250424659933359
31	10	42	94	0.04285263611160512
31	10	42	3	0.04285263611160512
31	10	42	0	0.03893565467872387
31	10	42	1	0.04285263611160512
31	10	42	4	0.04285263611160512
31	10	42	7	0.04285263611160512
31	10	42	2	0.04285263611160512
31	10	42	6	0.04285263611160512
31	10	42	42	0.04285263611160512
31	10	42	67	0.04285263611160512
31	10	42	66	0.04285263611160512
31	10	42	73	0.04285263611160512
31	10	42	36	0.04285263611160512
31	10	42	60	0.04285263611160512
31	10	42	35	0.04285263611160512
31	10	42	59	0.04285263611160512
31	10	42	93	0.04285263611160512
31	10	42	12	0.025705852016708115
31	10	42	79	0.025705852016708115
31	10	42	78	0.025705852016708115
31	10	42	82	0.025705852016708115
31	10	42	44	0.025705852016708115
31	10	43	12	0.10217382300505258
31	10	43	82	0.10217382300505258
31	10	43	67	0.10217382300505258
31	10	43	42	0.10217382300505258
31	10	43	36	0.10217382300505258
31	10	43	66	0.10217382300505258
31	10	43	20	0.10217382300505258
31	10	43	59	0.10217382300505258
31	10	43	79	0.10217382300505258
31	10	43	44	0.10217382300505258
31	10	43	78	0.10217382300505258
31	10	43	1	0.02131937605895801
31	10	43	11	0.04526880815909386
31	10	43	99	0.04014011733035792
31	10	43	76	0.03646318620754167
31	10	43	75	0.03646318620754167
31	10	43	49	0.03646318620754167
31	10	43	27	0.03646318620754167
31	10	43	43	0.03646318620754167
31	10	43	72	0.03646318620754167
31	10	44	0	0.1440423550128845
31	10	44	73	0.1440423550128845
31	10	44	74	0.07864452044870268
31	10	44	18	0.0523355548433196
31	10	44	17	0.0523355548433196
31	10	44	4	0.07864452044870268
31	10	44	7	0.07864452044870268
31	10	44	1	0.07864452044870268
31	10	44	3	0.07864452044870268
31	10	44	6	0.07864452044870268
31	10	44	2	0.07864452044870268
31	10	44	94	0.0523355548433196
31	10	44	93	0.0523355548433196
31	10	44	35	0.024235330756713174
31	10	44	66	0.0523355548433196
31	10	44	67	0.0523355548433196
31	10	44	42	0.0523355548433196
31	10	44	36	0.0523355548433196
31	10	44	71	0.019172703928182832
31	10	44	84	0.024235330756713174
31	10	44	15	0.024235330756713174
31	10	44	62	0.024235330756713174
31	10	45	73	0.15963127143044314
31	10	45	3	0.06694913693703458
31	10	45	74	0.017322428332216835
31	10	45	7	0.06694913693703458
31	10	45	84	0.017322428332216835
31	10	45	17	0.017322428332216835
31	10	45	15	0.017322428332216835
31	10	45	6	0.06694913693703458
31	10	45	2	0.06694913693703458
31	10	45	4	0.06694913693703458
31	10	45	1	0.06694913693703458
31	10	45	77	0.06694913693703458
31	10	45	44	0.06694913693703458
31	10	45	78	0.06694913693703458
31	10	45	79	0.06694913693703458
31	10	45	12	0.06694913693703458
31	10	45	82	0.06694913693703458
31	10	45	8	0.03287465169477037
31	10	45	0	0.03287465169477037
31	10	45	71	0.008294793904267416
31	10	45	43	0.0024474061992114447
31	10	46	0	0.1859411996401816
31	10	46	74	0.1859411996401816
31	10	46	73	0.14260573556953207
31	10	46	94	0.14260573556953207
31	10	46	7	0.06816304815559923
31	10	46	3	0.029589558747969483
31	10	46	100	0.029589558747969483
31	10	46	59	0.029589558747969483
31	10	46	33	0.029589558747969483
31	10	46	67	0.029589558747969483
31	10	46	20	0.029589558747969483
31	10	46	42	0.029589558747969483
31	10	46	36	0.029589558747969483
31	10	46	66	0.029589558747969483
31	10	46	2	0.010462028432160904
31	10	46	82	0.029589558747969483
31	10	46	12	0.029589558747969483
31	10	46	78	0.029589558747969483
31	10	46	44	0.01650875380010547
31	10	46	93	0.002149205400111274
31	10	46	13	0.002149205400111274
31	10	47	74	0.16978661403389417
31	10	47	73	0.05023603497071748
31	10	47	7	0.05023603497071748
31	10	47	3	0.05023603497071748
31	10	47	67	0.05023603497071748
31	10	47	84	0.05023603497071748
31	10	47	42	0.05023603497071748
31	10	47	66	0.05023603497071748
31	10	47	36	0.026292200725954392
31	10	47	1	0.05023603497071748
31	10	47	4	0.05023603497071748
31	10	47	69	0.016991322257756902
31	10	47	81	0.016991322257756902
31	10	47	93	0.016991322257756902
31	10	47	44	0.05023603497071748
31	10	47	79	0.05023603497071748
31	10	47	33	0.05023603497071748
31	10	47	12	0.05023603497071748
31	10	47	82	0.05023603497071748
31	10	47	78	0.05023603497071748
31	10	47	2	0.05023603497071748
31	10	47	6	0.05023603497071748
31	10	47	20	0.011289676456458023
31	10	47	17	0.011289676456458023
31	10	48	73	0.10842932655469724
31	10	48	93	0.07847382368482092
31	10	48	0	0.07847382368482092
31	10	48	77	0.07847382368482092
31	10	48	4	0.07847382368482092
31	10	48	33	0.07847382368482092
31	10	48	59	0.06002542868865628
31	10	48	74	0.04833638893207507
31	10	48	82	0.07847382368482092
31	10	48	12	0.07847382368482092
31	10	48	42	0.07847382368482092
31	10	48	66	0.07847382368482092
31	10	48	28	0.016015152540044778
31	10	48	7	0.04833638893207507
31	10	48	79	0.07847382368482092
31	10	48	78	0.07847382368482092
31	10	48	36	0.07847382368482092
31	10	48	44	0.07847382368482092
31	10	48	67	0.07847382368482092
31	10	48	3	0.04833638893207507
31	10	49	0	0.1249866750876953
31	10	49	73	0.1249866750876953
31	10	49	74	0.1249866750876953
31	10	49	17	0.07705975441920063
31	10	49	7	0.1249866750876953
31	10	49	3	0.1249866750876953
31	10	49	2	0.1249866750876953
31	10	49	36	0.018232953405359287
31	10	49	59	0.1249866750876953
31	10	49	6	0.1249866750876953
31	10	49	1	0.1249866750876953
31	10	49	4	0.1249866750876953
31	10	49	71	0.044712250709985746
31	10	49	28	0.044712250709985746
31	10	49	33	0.029545431997370534
31	10	49	20	0.007090533407344978
31	10	49	42	0.018232953405359287
31	10	49	67	0.010276035548070763
31	10	49	82	0.010182168224504108
31	10	49	12	0.009286885440316235
31	10	49	83	0.009286885440316235
31	10	50	74	0.13619565389867908
31	10	50	3	0.07481989158608308
31	10	50	0	0.07481989158608308
31	10	50	73	0.07481989158608308
31	10	50	20	0.07481989158608308
31	10	50	7	0.07481989158608308
31	10	50	70	0.022707095500656124
31	10	50	94	0.022707095500656124
31	10	50	4	0.07481989158608308
31	10	50	1	0.07481989158608308
31	10	50	2	0.07481989158608308
31	10	50	6	0.07481989158608308
31	10	50	17	0.044412017581079884
31	10	50	77	0.017086097807371275
31	10	50	33	0.014273830308140776
31	10	50	35	0.021366415076049083
31	10	50	67	0.01091274208628737
31	10	50	78	0.01091274208628737
31	10	50	42	0.01091274208628737
31	10	50	60	0.021366415076049083
31	10	50	59	0.021366415076049083
31	10	50	15	0.021366415076049083
31	10	50	28	0.021366415076049083
31	10	50	58	0.021366415076049083
31	10	50	84	0.021366415076049083
31	10	51	0	0.1140344351226721
31	10	51	33	0.1140344351226721
31	10	51	4	0.1140344351226721
31	10	51	7	0.1140344351226721
31	10	51	1	0.1140344351226721
31	10	51	17	0.049217776718567
31	10	51	3	0.1140344351226721
31	10	51	36	0.049217776718567
31	10	51	78	0.049217776718567
31	10	51	6	0.1140344351226721
31	10	51	73	0.1140344351226721
31	10	51	15	0.1140344351226721
31	10	51	74	0.1140344351226721
31	10	51	2	0.1140344351226721
31	10	51	95	0.060260935954905274
31	10	51	59	0.060260935954905274
31	10	51	66	0.01228229839876854
31	10	51	83	0.04750228502716053
31	10	51	30	0.04750228502716053
31	10	51	60	0.011506028602080394
31	10	51	44	0.011506028602080394
31	10	52	7	0.10047371631307966
31	10	52	0	0.07564430333822288
31	10	52	73	0.07205838210181324
31	10	52	74	0.05764318438002906
31	10	52	17	0.05764318438002906
31	10	52	77	0.05764318438002906
31	10	52	2	0.07564430333822288
31	10	52	6	0.07564430333822288
31	10	52	1	0.07564430333822288
31	10	52	3	0.07564430333822288
31	10	52	4	0.07564430333822288
31	10	52	28	0.05764318438002906
31	10	52	66	0.02636862180264788
31	10	52	78	0.02636862180264788
31	10	52	84	0.05764318438002906
31	10	52	20	0.05764318438002906
31	10	52	100	0.05764318438002906
31	10	52	59	0.05764318438002906
31	10	52	42	0.008676400640472207
31	10	52	33	0.01917219840970061
31	10	52	18	0.01917219840970061
31	10	53	77	0.06109655092067386
31	10	53	6	0.06109655092067386
31	10	53	74	0.06109655092067386
31	10	53	7	0.06109655092067386
31	10	53	2	0.06109655092067386
31	10	53	0	0.06109655092067386
31	10	53	17	0.06109655092067386
31	10	53	73	0.06109655092067386
31	10	53	20	0.06109655092067386
31	10	53	33	0.06109655092067386
31	10	53	59	0.06109655092067386
31	10	53	3	0.06109655092067386
31	10	53	4	0.06109655092067386
31	10	53	1	0.06109655092067386
31	10	53	28	0.006403356269372622
31	10	53	18	0.0486785170789674
31	10	53	22	0.0486785170789674
31	10	53	42	0.001184119868005837
31	10	53	69	0.024955049329346366
31	10	53	81	0.024955049329346366
31	10	53	29	0.024955049329346366
31	10	53	71	0.010092187861933924
31	10	54	74	0.09123673679152194
31	10	54	0	0.08062137754416594
31	10	54	17	0.08062137754416594
31	10	54	7	0.04688383529392465
31	10	54	3	0.030555377725359822
31	10	54	33	0.030555377725359822
31	10	54	1	0.030555377725359822
31	10	54	42	0.030555377725359822
31	10	54	77	0.030555377725359822
31	10	54	67	0.030555377725359822
31	10	54	4	0.030555377725359822
31	10	54	73	0.030555377725359822
31	10	54	2	0.02424491451567121
31	10	54	6	0.02424491451567121
31	10	54	94	0.02424491451567121
31	10	54	20	0.02424491451567121
31	10	54	71	0.02424491451567121
31	10	54	36	0.020489117500586487
31	10	54	82	0.020489117500586487
31	10	54	79	0.020489117500586487
31	10	54	44	0.020489117500586487
31	10	54	78	0.020489117500586487
31	10	54	66	0.020489117500586487
31	10	54	12	0.020489117500586487
31	10	55	74	0.13746872946545588
31	10	55	0	0.06875051600575774
31	10	55	17	0.06875051600575774
31	10	55	3	0.06875051600575774
31	10	55	42	0.041871128371855214
31	10	55	73	0.06875051600575774
31	10	55	1	0.06875051600575774
31	10	55	4	0.06875051600575774
31	10	55	7	0.06875051600575774
31	10	55	6	0.06875051600575774
31	10	55	2	0.06875051600575774
31	10	55	93	0.06875051600575774
31	10	55	30	0.06875051600575774
31	10	55	67	0.019295399460249975
31	10	55	44	0.019295399460249975
31	10	55	20	0.015865472765811822
31	10	55	69	0.015865472765811822
31	10	55	33	0.019295399460249975
31	10	55	12	0.019295399460249975
31	10	55	78	0.019295399460249975
31	10	55	36	0.019295399460249975
31	10	56	1	0.1053577809360182
31	10	56	74	0.1053577809360182
31	10	56	44	0.0860672171415551
31	10	56	79	0.0860672171415551
31	10	56	94	0.1053577809360182
31	10	56	13	0.042867077589263204
31	10	56	7	0.1053577809360182
31	10	56	4	0.1053577809360182
31	10	56	3	0.1053577809360182
31	10	56	6	0.1053577809360182
31	10	56	2	0.1053577809360182
31	10	56	0	0.1053577809360182
31	10	56	12	0.042867077589263204
31	10	56	78	0.038496521769065865
31	10	56	42	0.038496521769065865
31	10	56	20	0.016355945892486574
31	10	56	67	0.038496521769065865
31	10	56	82	0.038496521769065865
31	10	56	100	0.007931877738013758
31	10	56	70	0.007464816320228463
31	10	57	7	0.09143278490904644
31	10	57	74	0.09143278490904644
31	10	57	73	0.09143278490904644
31	10	57	4	0.03887684806831726
31	10	57	59	0.0749736343968011
31	10	57	0	0.0749736343968011
31	10	57	20	0.03619979923699326
31	10	57	3	0.03887684806831726
31	10	57	1	0.03887684806831726
31	10	57	2	0.03887684806831726
31	10	57	6	0.03887684806831726
31	10	57	33	0.03619979923699326
31	10	57	42	0.010496477145111824
31	10	57	78	0.010496477145111824
31	10	57	15	0.03619979923699326
31	10	57	94	0.03619979923699326
31	10	57	17	0.03619979923699326
31	10	57	28	0.03619979923699326
31	10	57	77	0.027467221330223113
31	10	57	67	9.960745028541775e-05
31	10	58	73	0.1492960876744525
31	10	58	74	0.12850051005056687
31	10	58	77	0.12850051005056687
31	10	58	7	0.12850051005056687
31	10	58	4	0.12850051005056687
31	10	58	1	0.12850051005056687
31	10	58	3	0.12850051005056687
31	10	58	0	0.12850051005056687
31	10	58	2	0.12850051005056687
31	10	58	6	0.12850051005056687
31	10	58	44	0.017750735832667043
31	10	58	17	0.12850051005056687
31	10	58	33	0.12850051005056687
31	10	58	71	0.12850051005056687
31	10	58	100	0.12850051005056687
31	10	58	84	0.017750735832667043
31	10	58	95	0.017750735832667043
31	10	58	11	0.017750735832667043
31	10	58	79	0.01685400736150497
31	10	58	78	0.01685400736150497
31	10	58	12	0.01685400736150497
31	10	58	82	0.01685400736150497
31	10	59	3	0.09916635568232779
31	10	59	7	0.09916635568232779
31	10	59	17	0.06469718119717036
31	10	59	2	0.09916635568232779
31	10	59	0	0.09916635568232779
31	10	59	33	0.06469718119717036
31	10	59	1	0.09916635568232779
31	10	59	4	0.09916635568232779
31	10	59	6	0.09916635568232779
31	10	59	12	0.06469718119717036
31	10	59	82	0.06469718119717036
31	10	59	20	0.06469718119717036
31	10	59	44	0.020721970447249338
31	10	59	28	0.06469718119717036
31	10	59	59	0.06469718119717036
31	10	59	78	0.018867445874411186
31	10	59	74	0.019924910740251718
31	10	59	60	0.019924910740251718
31	10	59	35	0.019924910740251718
31	10	59	8	0.019924910740251718
31	10	60	74	0.2574990100488392
31	10	60	30	0.09457252000506151
31	10	60	0	0.09457252000506151
31	10	60	20	0.08257448157084536
31	10	60	94	0.08257448157084536
31	10	60	78	0.08257448157084536
31	10	60	6	0.09457252000506151
31	10	60	2	0.09457252000506151
31	10	60	7	0.09457252000506151
31	10	60	4	0.09457252000506151
31	10	60	3	0.09457252000506151
31	10	60	1	0.09457252000506151
31	10	60	71	0.08257448157084536
31	10	60	93	0.08257448157084536
31	10	60	73	0.04927797178957033
31	10	60	46	0.04927797178957033
31	10	60	95	0.03755046088409953
31	10	60	35	0.03755046088409953
31	10	60	18	0.02495138229759704
31	10	60	67	0.01603607752035589
31	10	61	74	0.18430599426408278
31	10	61	73	0.10985532709125212
31	10	61	0	0.06672058438158673
31	10	61	3	0.06672058438158673
31	10	61	6	0.06672058438158673
31	10	61	2	0.06672058438158673
31	10	61	7	0.06672058438158673
31	10	61	36	0.012813488878369389
31	10	61	1	0.06672058438158673
31	10	61	4	0.06672058438158673
31	10	61	77	0.06672058438158673
31	10	61	12	0.06672058438158673
31	10	61	82	0.06672058438158673
31	10	61	67	0.012813488878369389
31	10	61	66	0.012813488878369389
31	10	61	84	0.012813488878369389
31	10	61	28	0.012813488878369389
31	10	61	59	0.012813488878369389
31	10	61	35	0.012813488878369389
31	10	61	79	0.06672058438158673
31	10	61	44	0.06672058438158673
31	10	61	78	0.06672058438158673
31	10	61	93	0.06672058438158673
31	10	61	20	0.06672058438158673
31	10	61	17	0.06672058438158673
31	10	61	33	0.06672058438158673
31	10	61	71	0.03161615842757356
31	10	62	73	0.13538120170210258
31	10	62	0	0.13538120170210258
31	10	62	7	0.05088760324833197
31	10	62	3	0.05088760324833197
31	10	62	15	0.05088760324833197
31	10	62	59	0.05088760324833197
31	10	62	74	0.05088760324833197
31	10	62	17	0.0439186528822038
31	10	62	1	0.05088760324833197
31	10	62	4	0.05088760324833197
31	10	62	2	0.05088760324833197
31	10	62	6	0.0439186528822038
31	10	62	94	0.032971742249233424
31	10	62	28	0.0439186528822038
31	10	62	33	0.0439186528822038
31	10	62	20	0.0439186528822038
31	10	62	71	0.013764679474059911
31	10	62	69	0.030723833964997425
31	10	62	81	0.030723833964997425
31	10	62	84	0.030723833964997425
31	10	62	30	0.030723833964997425
31	10	63	3	0.08237298391912594
31	10	63	7	0.08237298391912594
31	10	63	1	0.08237298391912594
31	10	63	17	0.08237298391912594
31	10	63	74	0.08237298391912594
31	10	63	73	0.08237298391912594
31	10	63	29	0.08237298391912594
31	10	63	77	0.08237298391912594
31	10	63	4	0.08237298391912594
31	10	63	2	0.08237298391912594
31	10	63	6	0.08237298391912594
31	10	63	0	0.08237298391912594
31	10	63	59	0.029322542632727436
31	10	63	79	0.038933413539351626
31	10	63	93	0.038933413539351626
31	10	63	70	0.029322542632727436
31	10	63	8	0.029322542632727436
31	10	63	94	0.029322542632727436
31	10	63	15	0.01078291521252197
31	10	63	20	0.004171362897731259
31	10	64	20	0.09086719566831163
31	10	64	3	0.07792057885121202
31	10	64	73	0.05840065802442417
31	10	64	74	0.05840065802442417
31	10	64	17	0.05840065802442417
31	10	64	7	0.05840065802442417
31	10	64	2	0.05840065802442417
31	10	64	67	0.028798241214089856
31	10	64	36	0.028798241214089856
31	10	64	77	0.05840065802442417
31	10	64	1	0.05840065802442417
31	10	64	4	0.05840065802442417
31	10	64	6	0.05840065802442417
31	10	64	42	0.02811279286939905
31	10	64	0	0.05840065802442417
31	10	64	28	0.05840065802442417
31	10	64	35	0.05840065802442417
31	10	64	33	0.03421394234071714
31	10	64	38	0.010010253389924919
31	10	64	66	0.02811279286939905
31	10	64	78	0.02811279286939905
31	10	65	42	0.07185090673312784
31	10	65	6	0.05241404387217782
31	10	65	3	0.05241404387217782
31	10	65	67	0.07185090673312784
31	10	65	0	0.07185090673312784
31	10	65	36	0.07185090673312784
31	10	65	77	0.07185090673312784
31	10	65	66	0.07185090673312784
31	10	65	2	0.05241404387217782
31	10	65	93	0.07185090673312784
31	10	65	59	0.07185090673312784
31	10	65	4	0.05241404387217782
31	10	65	17	0.04978705729266559
31	10	65	84	0.04978705729266559
31	10	65	1	0.05241404387217782
31	10	65	7	0.05241404387217782
31	10	65	13	0.020887879876673232
31	10	65	74	0.020887879876673232
31	10	65	20	0.020887879876673232
31	10	65	18	0.020887879876673232
31	10	66	74	0.1478422179844779
31	10	66	73	0.08573710070383393
31	10	66	59	0.08573710070383393
31	10	66	17	0.08573710070383393
31	10	66	94	0.0756996581783361
31	10	66	7	0.045806784652050236
31	10	66	28	0.045806784652050236
31	10	66	93	0.022825499975478454
31	10	66	3	0.022825499975478454
31	10	66	15	0.045806784652050236
31	10	66	0	0.045806784652050236
31	10	66	35	0.045806784652050236
31	10	66	30	0.045806784652050236
31	10	66	83	0.022825499975478454
31	10	66	22	0.022825499975478454
31	10	66	69	0.022825499975478454
31	10	66	51	0.015389463558561698
31	10	66	20	0.013793829215305344
31	10	66	82	0.013793829215305344
31	10	66	84	0.015389463558561698
31	10	66	81	0.015389463558561698
31	10	67	74	0.1983468989097489
31	10	67	6	0.07745016041536007
31	10	67	73	0.07745016041536007
31	10	67	44	0.07745016041536007
31	10	67	94	0.07745016041536007
31	10	67	82	0.0713814757057584
31	10	67	79	0.0713814757057584
31	10	67	1	0.07745016041536007
31	10	67	4	0.07745016041536007
31	10	67	7	0.07745016041536007
31	10	67	3	0.07745016041536007
31	10	67	2	0.07745016041536007
31	10	67	0	0.0713814757057584
31	10	67	78	0.0713814757057584
31	10	67	12	0.0713814757057584
31	10	67	77	0.0713814757057584
31	10	67	93	0.06239807478146349
31	10	67	22	0.021787429738441118
31	10	67	15	0.021787429738441118
31	10	67	75	0.0023687783891562855
31	10	68	74	0.1472489545522199
31	10	68	7	0.08150224703253692
31	10	68	3	0.08150224703253692
31	10	68	1	0.08150224703253692
31	10	68	6	0.08150224703253692
31	10	68	2	0.08150224703253692
31	10	68	73	0.08150224703253692
31	10	68	4	0.08150224703253692
31	10	68	33	0.08150224703253692
31	10	68	42	0.08150224703253692
31	10	68	17	0.08150224703253692
31	10	68	36	0.08150224703253692
31	10	68	67	0.08150224703253692
31	10	68	66	0.08150224703253692
31	10	68	28	0.08150224703253692
31	10	68	0	0.08150224703253692
31	10	68	84	0.08150224703253692
31	10	68	100	0.08150224703253692
31	10	68	18	0.08150224703253692
31	10	68	59	0.08150224703253692
31	10	68	94	0.025414196712533185
31	10	69	0	0.10890380608170298
31	10	69	73	0.10890380608170298
31	10	69	7	0.07412214390437531
31	10	69	74	0.05813226044699914
31	10	69	12	0.05813226044699914
31	10	69	3	0.050030423437768715
31	10	69	82	0.03232418504005301
31	10	69	1	0.050030423437768715
31	10	69	4	0.050030423437768715
31	10	69	6	0.050030423437768715
31	10	69	2	0.050030423437768715
31	10	69	94	0.050030423437768715
31	10	69	17	0.032466298724375384
31	10	69	70	0.032466298724375384
31	10	69	84	0.025146504950513068
31	10	69	58	0.025146504950513068
31	10	69	33	0.025146504950513068
31	10	69	77	0.025146504950513068
31	10	69	15	0.025146504950513068
31	10	69	100	0.025146504950513068
31	10	70	74	0.10476490787639495
31	10	70	78	0.060091162510314745
31	10	70	7	0.10476490787639495
31	10	70	3	0.10476490787639495
31	10	70	4	0.10476490787639495
31	10	70	1	0.10476490787639495
31	10	70	33	0.10476490787639495
31	10	70	2	0.10476490787639495
31	10	70	6	0.10476490787639495
31	10	70	17	0.060091162510314745
31	10	70	77	0.060091162510314745
31	10	70	0	0.0539249765359518
31	10	70	82	0.04078982467521998
31	10	70	42	0.01300510547459514
31	10	70	59	0.02310082285844022
31	10	70	84	0.02310082285844022
31	10	70	35	0.02310082285844022
31	10	70	79	0.007406299953089004
31	10	70	12	0.007406299953089004
31	10	70	44	0.007406299953089004
31	10	70	67	0.007406299953089004
31	10	70	28	0.02310082285844022
31	10	70	62	0.02310082285844022
31	10	70	71	0.02310082285844022
31	10	71	0	0.1210830003131938
31	10	71	74	0.1210830003131938
31	10	71	73	0.04418479274884301
31	10	71	17	0.04418479274884301
31	10	71	7	0.04418479274884301
31	10	71	28	0.04211378034408112
31	10	71	20	0.04418479274884301
31	10	71	1	0.04418479274884301
31	10	71	2	0.04418479274884301
31	10	71	6	0.04418479274884301
31	10	71	4	0.04418479274884301
31	10	71	3	0.04418479274884301
31	10	71	83	0.04211378034408112
31	10	71	77	0.04418479274884301
31	10	71	12	0.04418479274884301
31	10	71	82	0.04418479274884301
31	10	71	44	0.04418479274884301
31	10	71	86	0.04211378034408112
31	10	71	51	0.04211378034408112
31	10	71	78	0.0065833401431918195
31	10	72	74	0.11713906878061742
31	10	72	0	0.11713906878061742
31	10	72	73	0.11713906878061742
31	10	72	7	0.11713906878061742
31	10	72	3	0.11713906878061742
31	10	72	42	0.0205879906067848
31	10	72	1	0.11713906878061742
31	10	72	4	0.11713906878061742
31	10	72	6	0.11713906878061742
31	10	72	2	0.11713906878061742
31	10	72	20	0.06719618190853131
31	10	72	59	0.06719618190853131
31	10	72	94	0.03249657224894736
31	10	72	84	0.03249657224894736
31	10	72	28	0.03249657224894736
31	10	72	15	0.011544458872554812
31	10	72	100	0.011544458872554812
31	10	72	67	0.0205879906067848
31	10	72	17	0.0205879906067848
31	10	72	70	0.011544458872554812
31	10	73	73	0.09100304123939848
31	10	73	28	0.09100304123939848
31	10	73	59	0.09100304123939848
31	10	73	20	0.09100304123939848
31	10	73	35	0.07625562254502948
31	10	73	3	0.09100304123939848
31	10	73	18	0.03147345895478809
31	10	73	42	0.09100304123939848
31	10	73	17	0.03147345895478809
31	10	73	94	0.03147345895478809
31	10	73	7	0.09100304123939848
31	10	73	1	0.09100304123939848
31	10	73	4	0.09100304123939848
31	10	73	2	0.09100304123939848
31	10	73	6	0.09100304123939848
31	10	73	13	0.09100304123939848
31	10	73	67	0.09100304123939848
31	10	73	66	0.09100304123939848
31	10	73	36	0.09100304123939848
31	10	73	93	0.06748554969293458
31	10	73	0	0.06748554969293458
31	10	74	74	0.21519038426361767
31	10	74	73	0.21519038426361767
31	10	74	0	0.21519038426361767
31	10	74	2	0.03807360166931788
31	10	74	20	0.035411279407273635
31	10	74	59	0.035411279407273635
31	10	74	83	0.019107877429832745
31	10	74	6	0.024879608421883585
31	10	74	7	0.024879608421883585
31	10	74	4	0.024879608421883585
31	10	74	1	0.024879608421883585
31	10	74	3	0.024879608421883585
31	10	74	78	0.019107877429832745
31	10	74	44	0.013994331400577537
31	10	74	67	0.013994331400577537
31	10	74	42	0.013994331400577537
31	10	74	70	0.019107877429832745
31	10	74	81	0.019107877429832745
31	10	74	69	0.019107877429832745
31	10	74	94	0.019107877429832745
31	10	74	60	0.019107877429832745
31	10	74	58	0.019107877429832745
31	10	74	28	0.01061951316865599
31	10	75	74	0.0856147097386497
31	10	75	7	0.0856147097386497
31	10	75	17	0.03938144023251864
31	10	75	3	0.0856147097386497
31	10	75	2	0.0856147097386497
31	10	75	33	0.03938144023251864
31	10	75	93	0.03938144023251864
31	10	75	77	0.03938144023251864
31	10	75	6	0.0856147097386497
31	10	75	4	0.0856147097386497
31	10	75	1	0.0856147097386497
31	10	75	84	0.044586789614472336
31	10	75	100	0.03938144023251864
31	10	75	0	0.03938144023251864
31	10	75	22	0.03938144023251864
31	10	75	28	0.00926581766624897
31	10	75	20	0.00926581766624897
31	10	75	8	0.019876330361442075
31	10	75	70	0.019876330361442075
31	10	75	15	0.019876330361442075
31	10	75	95	0.019876330361442075
31	10	75	97	0.00662138128193581
31	10	76	7	0.10711027259009126
31	10	76	28	0.10711027259009126
31	10	76	94	0.10711027259009126
31	10	76	3	0.10711027259009126
31	10	76	30	0.10711027259009126
31	10	76	2	0.10711027259009126
31	10	76	77	0.10711027259009126
31	10	76	20	0.10711027259009126
31	10	76	4	0.10711027259009126
31	10	76	1	0.10711027259009126
31	10	76	6	0.10711027259009126
31	10	76	0	0.10711027259009126
31	10	76	42	0.10711027259009126
31	10	76	67	0.10711027259009126
31	10	76	15	0.10711027259009126
31	10	76	14	0.10711027259009126
31	10	76	93	0.10711027259009126
31	10	76	66	0.10711027259009126
31	10	76	36	0.10711027259009126
31	10	76	59	0.03764938295861834
31	10	77	74	0.2873211211678966
31	10	77	59	0.09397932263351857
31	10	77	3	0.09397932263351857
31	10	77	84	0.09397932263351857
31	10	77	17	0.09397932263351857
31	10	77	33	0.09397932263351857
31	10	77	0	0.09397932263351857
31	10	77	44	0.02102956889439566
31	10	77	69	0.014174532903356834
31	10	77	29	0.014174532903356834
31	10	77	42	0.0200785029306176
31	10	77	15	0.0200785029306176
31	10	77	100	0.0200785029306176
31	10	77	51	0.011812968647743602
31	10	77	81	0.011812968647743602
31	10	77	86	0.011812968647743602
31	10	77	73	0.010421363530837125
31	10	77	4	0.0200785029306176
31	10	77	82	0.0200785029306176
31	10	77	66	0.0200785029306176
31	10	77	79	0.0200785029306176
31	10	77	78	0.0200785029306176
31	10	77	1	0.0200785029306176
31	10	77	67	0.0200785029306176
31	10	77	7	0.0200785029306176
31	10	77	12	0.0200785029306176
31	10	78	74	0.11621815667376847
31	10	78	73	0.08119069230420056
31	10	78	20	0.08119069230420056
31	10	78	7	0.08119069230420056
31	10	78	3	0.08119069230420056
31	10	78	42	0.012957116502904154
31	10	78	6	0.08119069230420056
31	10	78	1	0.08119069230420056
31	10	78	4	0.08119069230420056
31	10	78	2	0.08119069230420056
31	10	78	17	0.038024180077097604
31	10	78	84	0.038024180077097604
31	10	78	15	0.038024180077097604
31	10	78	94	0.038024180077097604
31	10	78	82	0.005134258739777593
31	10	78	44	0.005134258739777593
31	10	78	33	0.038024180077097604
31	10	78	77	0.038024180077097604
31	10	78	0	0.038024180077097604
31	10	78	28	0.020722935572122646
31	10	78	71	0.01613503167845006
31	10	78	100	0.01613503167845006
31	10	79	7	0.09012635851512672
31	10	79	0	0.09012635851512672
31	10	79	73	0.09012635851512672
31	10	79	44	0.09012635851512672
31	10	79	78	0.04072868750620254
31	10	79	4	0.09012635851512672
31	10	79	1	0.09012635851512672
31	10	79	94	0.036029478754053934
31	10	79	2	0.09012635851512672
31	10	79	36	0.09012635851512672
31	10	79	6	0.09012635851512672
31	10	79	3	0.09012635851512672
31	10	79	17	0.03858418354432923
31	10	79	18	0.03858418354432923
31	10	79	50	0.03858418354432923
31	10	79	77	0.036029478754053934
31	10	79	79	0.036029478754053934
31	10	79	35	0.036029478754053934
31	10	79	74	0.036029478754053934
31	10	79	69	0.0185201011367213
31	10	80	0	0.21173149846429562
31	10	80	44	0.1103714032402351
31	10	80	1	0.1103714032402351
31	10	80	7	0.1103714032402351
31	10	80	4	0.1103714032402351
31	10	80	3	0.1103714032402351
31	10	80	6	0.1103714032402351
31	10	80	2	0.1103714032402351
31	10	80	20	0.1103714032402351
31	10	80	74	0.1103714032402351
31	10	80	78	0.10669733286834815
31	10	80	33	0.10669733286834815
31	10	80	58	0.052143272350536854
31	10	80	59	0.052143272350536854
31	10	80	100	0.02399520473934753
31	10	80	79	0.10669733286834815
31	10	80	77	0.10669733286834815
31	10	80	12	0.10669733286834815
31	10	80	82	0.10669733286834815
31	10	80	17	0.052143272350536854
31	10	80	84	0.02399520473934753
31	10	81	73	0.1866812692554135
31	10	81	0	0.13656740569311485
31	10	81	74	0.13656740569311485
31	10	81	82	0.04236997025914061
31	10	81	7	0.06358764843556347
31	10	81	3	0.06358764843556347
31	10	81	4	0.06358764843556347
31	10	81	1	0.06358764843556347
31	10	81	17	0.057417093430523806
31	10	81	2	0.057417093430523806
31	10	81	78	0.04236997025914061
31	10	81	94	0.01337523097430192
31	10	81	6	0.057417093430523806
31	10	81	77	0.057417093430523806
31	10	81	33	0.057417093430523806
31	10	81	42	0.04236997025914061
31	10	81	66	0.04236997025914061
31	10	81	36	0.04236997025914061
31	10	81	67	0.04236997025914061
31	10	81	11	0.00943708836870012
31	10	82	74	0.13971839969644573
31	10	82	7	0.13971839969644573
31	10	82	17	0.06288768725514002
31	10	82	77	0.03950584566683671
31	10	82	6	0.13971839969644573
31	10	82	4	0.13971839969644573
31	10	82	2	0.13971839969644573
31	10	82	3	0.13971839969644573
31	10	82	1	0.13971839969644573
31	10	82	0	0.13971839969644573
31	10	82	59	0.025922426795729526
31	10	82	33	0.025922426795729526
31	10	82	78	0.025922426795729526
31	10	82	73	0.025922426795729526
31	10	82	100	0.025922426795729526
31	10	82	20	0.02324602082804604
31	10	82	30	0.02324602082804604
31	10	82	84	0.014881571211741686
31	10	82	28	0.02324602082804604
31	10	82	15	0.02324602082804604
31	10	83	73	0.13533568752701858
31	10	83	84	0.13533568752701858
31	10	83	17	0.1175023695641801
31	10	83	93	0.10033530799758127
31	10	83	3	0.13533568752701858
31	10	83	7	0.13533568752701858
31	10	83	2	0.13533568752701858
31	10	83	6	0.13533568752701858
31	10	83	4	0.13533568752701858
31	10	83	1	0.13533568752701858
31	10	83	0	0.1175023695641801
31	10	83	77	0.057021084446409714
31	10	83	42	0.057021084446409714
31	10	83	33	0.057021084446409714
31	10	83	5	0.057021084446409714
31	10	83	100	0.057021084446409714
31	10	83	8	0.057021084446409714
31	10	83	67	0.057021084446409714
31	10	83	44	0.057021084446409714
31	10	83	22	0.03713545385955503
31	10	84	74	0.18458969008488602
31	10	84	17	0.09717169011366163
31	10	84	15	0.02640393851489259
31	10	84	93	0.02640393851489259
31	10	84	3	0.02640393851489259
31	10	84	7	0.018765223890049785
31	10	84	1	0.018765223890049785
31	10	84	4	0.018765223890049785
31	10	84	94	0.02640393851489259
31	10	84	33	0.02640393851489259
31	10	84	73	0.02640393851489259
31	10	84	20	0.02640393851489259
31	10	84	77	0.018765223890049785
31	10	84	71	0.018765223890049785
31	10	84	38	0.018765223890049785
31	10	84	12	0.018559872767097862
31	10	84	44	0.018559872767097862
31	10	84	82	0.018559872767097862
31	10	84	6	0.018559872767097862
31	10	84	78	0.018559872767097862
31	10	84	79	0.018559872767097862
31	10	85	74	0.25715987756258035
31	10	85	12	0.09822854155116653
31	10	85	71	0.14230433678035534
31	10	85	28	0.14230433678035534
31	10	85	59	0.09822854155116653
31	10	85	94	0.09822854155116653
31	10	85	15	0.04571178631676068
31	10	85	17	0.04571178631676068
31	10	85	33	0.04571178631676068
31	10	85	78	0.09822854155116653
31	10	85	79	0.09822854155116653
31	10	85	44	0.09822854155116653
31	10	85	82	0.09822854155116653
31	10	85	20	0.034230292356221645
31	10	85	73	0.015580854150398404
31	10	85	95	0.015580854150398404
31	10	85	36	0.034230292356221645
31	10	85	67	0.034230292356221645
31	10	85	42	0.034230292356221645
31	10	85	18	0.034230292356221645
31	10	85	23	0.034230292356221645
31	10	85	93	0.034230292356221645
31	10	85	66	0.034230292356221645
31	10	85	98	0.034230292356221645
31	10	86	74	0.25399847339965714
31	10	86	93	0.07930989902644396
31	10	86	7	0.07930989902644396
31	10	86	15	0.07930989902644396
31	10	86	1	0.07930989902644396
31	10	86	67	0.07930989902644396
31	10	86	59	0.03961566891328637
31	10	86	4	0.07930989902644396
31	10	86	70	0.030791962593565876
31	10	86	36	0.07930989902644396
31	10	86	66	0.07930989902644396
31	10	86	42	0.07930989902644396
31	10	86	2	0.032504180683678434
31	10	86	33	0.032504180683678434
31	10	86	6	0.032504180683678434
31	10	86	94	0.030791962593565876
31	10	86	44	0.02569814088220867
31	10	86	20	0.02569814088220867
31	10	86	18	0.02569814088220867
31	10	86	97	0.030791962593565876
31	10	86	22	0.030791962593565876
31	10	86	69	0.030791962593565876
31	10	86	58	0.030791962593565876
31	10	87	74	0.1765108215048411
31	10	87	73	0.07981251303099736
31	10	87	0	0.034635732384126594
31	10	87	3	0.046437084192736566
31	10	87	7	0.046437084192736566
31	10	87	77	0.034635732384126594
31	10	87	20	0.034635732384126594
31	10	87	84	0.034635732384126594
31	10	87	100	0.034635732384126594
31	10	87	60	0.034635732384126594
31	10	87	83	0.0281401459878922
31	10	87	62	0.0281401459878922
31	10	87	2	0.034635732384126594
31	10	87	6	0.034635732384126594
31	10	87	1	0.034635732384126594
31	10	87	4	0.034635732384126594
31	10	87	69	0.025117555378839054
31	10	87	81	0.025117555378839054
31	10	87	56	0.002816323269708901
31	10	87	82	0.00372695173801848
31	10	87	28	0.00372695173801848
31	10	88	74	0.19398776646100993
31	10	88	0	0.11259014587726171
31	10	88	7	0.11259014587726171
31	10	88	2	0.11259014587726171
31	10	88	42	0.10085646398763924
31	10	88	4	0.11259014587726171
31	10	88	1	0.11259014587726171
31	10	88	66	0.10085646398763924
31	10	88	36	0.10085646398763924
31	10	88	67	0.10085646398763924
31	10	88	3	0.11259014587726171
31	10	88	6	0.11259014587726171
31	10	88	73	0.05056908994324249
31	10	88	59	0.05056908994324249
31	10	88	28	0.05056908994324249
31	10	88	15	0.04703360572459071
31	10	88	93	0.032537378256277096
31	10	88	33	0.003444736033915109
31	10	88	84	0.027227112856495105
31	10	88	70	0.027227112856495105
31	10	88	60	0.027227112856495105
31	10	89	0	0.0735236174285516
31	10	89	17	0.0735236174285516
31	10	89	74	0.05727078813306556
31	10	89	94	0.048878086225403315
31	10	89	36	0.03859813444334655
31	10	89	3	0.048878086225403315
31	10	89	7	0.048878086225403315
31	10	89	73	0.03859813444334655
31	10	89	67	0.02193329522008544
31	10	89	15	0.03859813444334655
31	10	89	1	0.03859813444334655
31	10	89	4	0.03859813444334655
31	10	89	100	0.03859813444334655
31	10	89	2	0.03859813444334655
31	10	89	42	0.02193329522008544
31	10	89	29	0.03859813444334655
31	10	89	84	0.03859813444334655
31	10	89	59	0.03859813444334655
31	10	89	6	0.03859813444334655
31	10	89	33	0.030724400505367924
31	10	90	74	0.12268316959351545
31	10	90	73	0.12268316959351545
31	10	90	20	0.12268316959351545
31	10	90	78	0.12268316959351545
31	10	90	0	0.12268316959351545
31	10	90	1	0.12268316959351545
31	10	90	4	0.12268316959351545
31	10	90	3	0.12268316959351545
31	10	90	7	0.12268316959351545
31	10	90	6	0.12268316959351545
31	10	90	2	0.12268316959351545
31	10	90	59	0.07932644622792354
31	10	90	94	0.07932644622792354
31	10	90	15	0.07932644622792354
31	10	90	70	0.020357588831217466
31	10	90	17	0.011652277465308272
31	10	90	18	0.12268316959351545
31	10	90	79	0.12268316959351545
31	10	90	82	0.12268316959351545
31	10	90	44	0.12268316959351545
31	10	90	12	0.12268316959351545
31	10	91	0	0.11848594271097194
31	10	91	74	0.11848594271097194
31	10	91	7	0.09009666900647943
31	10	91	94	0.05774395646262359
31	10	91	73	0.09009666900647943
31	10	91	2	0.09009666900647943
31	10	91	15	0.03844164881204205
31	10	91	1	0.09009666900647943
31	10	91	3	0.09009666900647943
31	10	91	4	0.09009666900647943
31	10	91	6	0.09009666900647943
31	10	91	84	0.03844164881204205
31	10	91	82	0.03844164881204205
31	10	91	12	0.03844164881204205
31	10	91	70	0.03844164881204205
31	10	91	58	0.03844164881204205
31	10	91	86	0.03844164881204205
31	10	91	29	0.01505398976979157
31	10	91	100	0.012052215616973507
31	10	91	42	0.00942045208208756
31	10	91	67	0.00942045208208756
31	10	92	74	0.16599338214149126
31	10	92	73	0.16599338214149126
31	10	92	28	0.16599338214149126
31	10	92	0	0.16599338214149126
31	10	92	3	0.034284628934244325
31	10	92	67	0.034284628934244325
31	10	92	36	0.034284628934244325
31	10	92	77	0.029327198276879015
31	10	92	15	0.0319441594059423
31	10	92	59	0.0319441594059423
31	10	92	2	0.02710120378590797
31	10	92	6	0.02710120378590797
31	10	92	84	0.02710120378590797
31	10	92	95	0.003567878033312513
31	10	92	66	0.02710120378590797
31	10	92	42	0.02710120378590797
31	10	92	79	0.011248880171723777
31	10	92	22	0.011248880171723777
31	10	92	1	0.007418411831671993
31	10	92	20	0.0034970234041935594
31	10	93	94	0.12953765894949565
31	10	93	73	0.08125807569909896
31	10	93	84	0.06491881250938879
31	10	93	20	0.06491881250938879
31	10	93	0	0.06491881250938879
31	10	93	3	0.057865015610558374
31	10	93	100	0.057865015610558374
31	10	93	44	0.057865015610558374
31	10	93	1	0.057865015610558374
31	10	93	7	0.057865015610558374
31	10	93	4	0.057865015610558374
31	10	93	6	0.057865015610558374
31	10	93	2	0.057865015610558374
31	10	93	71	0.035572987283114664
31	10	93	59	0.030282127476852508
31	10	93	28	0.030282127476852508
31	10	93	79	0.020437597931669164
31	10	93	67	0.020437597931669164
31	10	93	33	0.006559099471122111
31	10	93	17	0.006559099471122111
31	10	93	12	0.020437597931669164
31	10	93	82	0.020437597931669164
31	10	94	17	0.09031050748389405
31	10	94	93	0.09031050748389405
31	10	94	8	0.09031050748389405
31	10	94	30	0.09031050748389405
31	10	94	2	0.09031050748389405
31	10	94	0	0.09031050748389405
31	10	94	94	0.09031050748389405
31	10	94	6	0.09031050748389405
31	10	94	5	0.028665232902988304
31	10	94	79	0.060073197098800886
31	10	94	44	0.060073197098800886
31	10	94	20	0.050061876761037793
31	10	94	78	0.026606974088498114
31	10	94	12	0.026606974088498114
31	10	94	100	0.026606974088498114
31	10	94	36	0.026606974088498114
31	10	94	3	0.026606974088498114
31	10	94	59	0.026606974088498114
31	10	94	33	0.017873756792551296
31	10	94	22	0.017873756792551296
31	10	95	17	0.14116238107747822
31	10	95	29	0.08870276377243877
31	10	95	74	0.08870276377243877
31	10	95	0	0.08870276377243877
31	10	95	7	0.08870276377243877
31	10	95	3	0.08870276377243877
31	10	95	77	0.08870276377243877
31	10	95	84	0.08870276377243877
31	10	95	35	0.08870276377243877
31	10	95	6	0.08870276377243877
31	10	95	2	0.08870276377243877
31	10	95	1	0.08870276377243877
31	10	95	4	0.08870276377243877
31	10	95	69	0.08870276377243877
31	10	95	73	0.08870276377243877
31	10	95	100	0.08870276377243877
31	10	95	42	0.08870276377243877
31	10	95	20	0.01880596681491373
31	10	95	18	0.01880596681491373
31	10	95	81	0.01570497556579189
31	10	95	36	0.08870276377243877
31	10	95	67	0.08870276377243877
31	10	95	66	0.08870276377243877
31	10	96	74	0.15165625282371653
31	10	96	73	0.13857246079899108
31	10	96	0	0.13857246079899108
31	10	96	3	0.13857246079899108
31	10	96	94	0.052984701460554014
31	10	96	4	0.13857246079899108
31	10	96	7	0.13857246079899108
31	10	96	1	0.13857246079899108
31	10	96	6	0.04229497924170853
31	10	96	2	0.04229497924170853
31	10	96	42	0.04229497924170853
31	10	96	36	0.04229497924170853
31	10	96	67	0.04229497924170853
31	10	96	70	0.015321059901172617
31	10	96	22	0.015321059901172617
31	10	96	17	0.04229497924170853
31	10	96	33	0.04229497924170853
31	10	96	66	0.04229497924170853
31	10	96	77	0.04229497924170853
31	10	96	28	0.04229497924170853
31	10	96	78	0.03347111691047359
31	10	96	44	0.02017197349629836
31	10	97	73	0.06975507600641763
31	10	97	84	0.06832733180524968
31	10	97	7	0.06832733180524968
31	10	97	33	0.06832733180524968
31	10	97	100	0.06832733180524968
31	10	97	3	0.06832733180524968
31	10	97	44	0.03514005417518823
31	10	97	2	0.06832733180524968
31	10	97	6	0.06832733180524968
31	10	97	1	0.06832733180524968
31	10	97	4	0.06832733180524968
31	10	97	0	0.03523679707377584
31	10	97	82	0.02504945665171169
31	10	97	42	0.03347779017831015
31	10	97	67	0.03347779017831015
31	10	97	17	0.03347779017831015
31	10	97	94	0.03347779017831015
31	10	97	28	0.03347779017831015
31	10	97	66	0.03347779017831015
31	10	97	12	0.010543520856449487
31	10	98	74	0.11973334134898392
31	10	98	3	0.06997879508534431
31	10	98	73	0.06997879508534431
31	10	98	0	0.06997879508534431
31	10	98	4	0.06997879508534431
31	10	98	1	0.06997879508534431
31	10	98	7	0.06997879508534431
31	10	98	2	0.06997879508534431
31	10	98	6	0.06997879508534431
31	10	98	17	0.0430106384711334
31	10	98	33	0.0430106384711334
31	10	98	44	0.027197197682788988
31	10	98	42	0.013614893675949275
31	10	98	28	0.0430106384711334
31	10	98	94	0.0430106384711334
31	10	98	59	0.0430106384711334
31	10	98	84	0.0430106384711334
31	10	98	66	0.005072954423485573
31	10	98	83	0.017082899032347144
31	10	98	100	0.017082899032347144
31	10	98	58	0.017082899032347144
31	10	98	70	0.017082899032347144
31	10	99	74	0.1166197288579318
31	10	99	0	0.06087309506221409
31	10	99	73	0.06087309506221409
31	10	99	2	0.06087309506221409
31	10	99	6	0.06087309506221409
31	10	99	7	0.06087309506221409
31	10	99	1	0.06087309506221409
31	10	99	3	0.06087309506221409
31	10	99	4	0.06087309506221409
31	10	99	59	0.06087309506221409
31	10	99	20	0.03665660126612944
31	10	99	42	0.01129142750264135
31	10	99	33	0.03665660126612944
31	10	99	77	0.03665660126612944
31	10	99	84	0.03665660126612944
31	10	99	83	0.03665660126612944
31	10	99	17	0.03665660126612944
31	10	99	70	0.014591107447515309
31	10	99	44	0.01129142750264135
31	10	99	67	0.01129142750264135
31	10	99	94	0.014591107447515309
31	10	99	28	0.014591107447515309
31	10	99	35	0.014591107447515309
31	10	100	0	0.1538419441572006
31	10	100	74	0.12653409468846338
31	10	100	73	0.12384619615090306
31	10	100	77	0.0847668031623135
31	10	100	3	0.0847668031623135
31	10	100	94	0.0847668031623135
31	10	100	59	0.07781381889677688
31	10	100	6	0.0847668031623135
31	10	100	2	0.0847668031623135
31	10	100	1	0.0847668031623135
31	10	100	4	0.0847668031623135
31	10	100	7	0.0847668031623135
31	10	100	71	0.05661044894132353
31	10	100	17	0.05661044894132353
31	10	100	84	0.049142444502151515
31	10	100	15	0.049142444502151515
31	10	100	70	0.049142444502151515
31	10	100	22	0.049142444502151515
31	10	100	78	0.003776171136885605
31	10	100	20	0.01605530384110504
31	10	100	58	0.01605530384110504
31	100	1	74	0.05210498799527058
31	100	1	7	0.05210498799527058
31	100	1	17	0.05210498799527058
31	100	1	28	0.05210498799527058
31	100	1	59	0.05210498799527058
31	100	1	77	0.05210498799527058
31	100	1	33	0.031723257927430894
31	100	1	73	0.025950726430284416
31	100	1	3	0.025950726430284416
31	100	1	83	0.025950726430284416
31	100	1	22	0.025950726430284416
31	100	1	1	0.025950726430284416
31	100	1	4	0.025950726430284416
31	100	1	97	0.009701842963052239
31	100	1	81	0.009701842963052239
31	100	1	71	0.009701842963052239
31	100	1	18	0.009701842963052239
31	100	1	15	0.025950726430284416
31	100	1	95	0.025950726430284416
31	100	1	36	0.025950726430284416
31	100	1	66	0.025950726430284416
31	100	1	42	0.025950726430284416
31	100	1	67	0.025950726430284416
31	100	1	44	0.0008607484698898386
31	100	2	74	0.1861513870292386
31	100	2	0	0.1861513870292386
31	100	2	77	0.1861513870292386
31	100	2	20	0.08553902902629297
31	100	2	17	0.06446230768251954
31	100	2	7	0.038388107266342196
31	100	2	94	0.038388107266342196
31	100	2	70	0.038388107266342196
31	100	2	78	0.038388107266342196
31	100	2	3	0.038388107266342196
31	100	2	82	0.038388107266342196
31	100	2	35	0.038388107266342196
31	100	2	58	0.038388107266342196
31	100	2	59	0.038388107266342196
31	100	2	44	0.038388107266342196
31	100	2	12	0.038388107266342196
31	100	2	79	0.038388107266342196
31	100	2	33	0.038388107266342196
31	100	2	29	0.017200194268823615
31	100	2	1	0.017200194268823615
31	100	2	2	0.017200194268823615
31	100	2	6	0.017200194268823615
31	100	2	4	0.017200194268823615
31	100	3	73	0.12633395091908461
31	100	3	0	0.12633395091908461
31	100	3	17	0.06313349383638572
31	100	3	44	0.04704202433411506
31	100	3	74	0.04704202433411506
31	100	3	78	0.04704202433411506
31	100	3	3	0.04074593203830518
31	100	3	12	0.04704202433411506
31	100	3	82	0.04704202433411506
31	100	3	79	0.04704202433411506
31	100	3	20	0.04074593203830518
31	100	3	33	0.04074593203830518
31	100	3	93	0.04074593203830518
31	100	3	84	0.04074593203830518
31	100	3	4	0.04074593203830518
31	100	3	67	0.004701164471731176
31	100	3	71	0.004701164471731176
31	100	3	42	0.004701164471731176
31	100	3	28	0.023182368657869098
31	100	3	6	0.04074593203830518
31	100	3	59	0.04074593203830518
31	100	3	2	0.04074593203830518
31	100	3	7	0.04074593203830518
31	100	3	1	0.04074593203830518
31	100	4	73	0.23604036783684562
31	100	4	0	0.1405600193090078
31	100	4	6	0.23604036783684562
31	100	4	2	0.23604036783684562
31	100	4	1	0.23604036783684562
31	100	4	4	0.23604036783684562
31	100	4	3	0.23604036783684562
31	100	4	7	0.23604036783684562
31	100	4	42	0.06908069341954556
31	100	4	67	0.06908069341954556
31	100	4	74	0.06908069341954556
31	100	4	46	0.06908069341954556
31	100	4	30	0.06908069341954556
31	100	4	33	0.06908069341954556
31	100	4	81	0.06908069341954556
31	100	4	84	0.06908069341954556
31	100	4	66	0.06908069341954556
31	100	4	18	0.06584443781771479
31	100	4	44	0.03064747393316892
31	100	4	22	0.011529274974170268
31	100	5	7	0.118973153117488
31	100	5	74	0.118973153117488
31	100	5	73	0.118973153117488
31	100	5	1	0.118973153117488
31	100	5	4	0.118973153117488
31	100	5	3	0.10543138277376678
31	100	5	42	0.10543138277376678
31	100	5	67	0.10543138277376678
31	100	5	6	0.10543138277376678
31	100	5	2	0.10543138277376678
31	100	5	33	0.10543138277376678
31	100	5	59	0.10543138277376678
31	100	5	77	0.023578155311529677
31	100	5	79	0.023136752238442627
31	100	5	0	0.023578155311529677
31	100	5	84	0.023578155311529677
31	100	5	94	0.010969505103476052
31	100	5	17	0.010969505103476052
31	100	5	36	0.023136752238442627
31	100	5	66	0.023136752238442627
31	100	5	13	0.023136752238442627
31	100	5	78	0.023136752238442627
31	100	6	74	0.11694051984680148
31	100	6	77	0.07048831292449506
31	100	6	17	0.07048831292449506
31	100	6	73	0.025652795809778164
31	100	6	3	0.02556071359060494
31	100	6	20	0.07048831292449506
31	100	6	33	0.07048831292449506
31	100	6	71	0.07048831292449506
31	100	6	94	0.07048831292449506
31	100	6	0	0.03781068140081829
31	100	6	18	0.03781068140081829
31	100	6	59	0.018773643311972985
31	100	6	65	0.011998987171527824
31	100	6	2	0.018773643311972985
31	100	6	92	0.01052847534683896
31	100	6	72	0.01052847534683896
31	100	6	50	0.01052847534683896
31	100	6	44	0.018773643311972985
31	100	6	7	0.018773643311972985
31	100	6	6	0.018773643311972985
31	100	6	4	0.018773643311972985
31	100	6	1	0.018773643311972985
31	100	6	28	0.018773643311972985
31	100	6	78	0.018773643311972985
31	100	7	78	0.14785609469925082
31	100	7	59	0.11148365828299325
31	100	7	0	0.11148365828299325
31	100	7	17	0.08643038894826785
31	100	7	86	0.05199934539619316
31	100	7	82	0.10187974692377928
31	100	7	12	0.10187974692377928
31	100	7	79	0.10187974692377928
31	100	7	44	0.10187974692377928
31	100	7	99	0.10187974692377928
31	100	7	23	0.08643038894826785
31	100	7	98	0.08643038894826785
31	100	7	70	0.05199934539619316
31	100	7	95	0.05199934539619316
31	100	7	58	0.05199934539619316
31	100	7	19	0.05199934539619316
31	100	7	7	0.05199934539619316
31	100	7	11	0.0246340857021415
31	100	7	3	0.019937989850887516
31	100	7	34	0.0072621430289288875
31	100	7	94	0.0072621430289288875
31	100	8	0	0.17071555725225518
31	100	8	74	0.17071555725225518
31	100	8	73	0.17071555725225518
31	100	8	84	0.059982470229973404
31	100	8	44	0.027253066991269795
31	100	8	3	0.059982470229973404
31	100	8	7	0.059982470229973404
31	100	8	2	0.059982470229973404
31	100	8	6	0.059982470229973404
31	100	8	4	0.059982470229973404
31	100	8	1	0.059982470229973404
31	100	8	77	0.027253066991269795
31	100	8	59	0.027253066991269795
31	100	8	100	0.027253066991269795
31	100	8	78	0.027253066991269795
31	100	8	82	0.02598226938086036
31	100	8	67	0.020826218574271
31	100	8	42	0.020826218574271
31	100	8	79	0.02598226938086036
31	100	8	12	0.02598226938086036
31	100	8	93	0.02598226938086036
31	100	8	15	0.0035405498931980065
31	100	9	74	0.21698870171669113
31	100	9	73	0.07290299102330344
31	100	9	94	0.07290299102330344
31	100	9	33	0.026742861864744845
31	100	9	17	0.025777430415998216
31	100	9	84	0.020975544444678536
31	100	9	28	0.01431849406169308
31	100	9	20	0.009831485045035449
31	100	9	67	0.009652218398083365
31	100	9	42	0.009652218398083365
31	100	9	22	0.009831485045035449
31	100	9	100	0.009831485045035449
31	100	9	72	0.009652218398083365
31	100	9	59	0.009652218398083365
31	100	9	15	0.009652218398083365
31	100	9	83	0.009652218398083365
31	100	9	43	0.009652218398083365
31	100	9	70	0.009652218398083365
31	100	9	86	0.009652218398083365
31	100	9	2	0.002405574000978671
31	100	9	82	0.002405574000978671
31	100	9	66	0.002405574000978671
31	100	9	3	0.002405574000978671
31	100	9	36	0.002405574000978671
31	100	9	77	0.002405574000978671
31	100	9	7	0.002405574000978671
31	100	9	6	0.002405574000978671
31	100	10	74	0.21691865612051048
31	100	10	0	0.08515312131802953
31	100	10	73	0.08515312131802953
31	100	10	7	0.08515312131802953
31	100	10	78	0.025389533649572037
31	100	10	28	0.025389533649572037
31	100	10	1	0.08515312131802953
31	100	10	4	0.08515312131802953
31	100	10	3	0.08515312131802953
31	100	10	2	0.08515312131802953
31	100	10	6	0.08515312131802953
31	100	10	72	0.018875129951794054
31	100	10	43	0.018875129951794054
31	100	10	17	0.01878877035173266
31	100	10	45	0.01878877035173266
31	100	10	20	0.01878877035173266
31	100	10	33	0.01878877035173266
31	100	10	54	0.017206068762839564
31	100	10	11	0.006843018868320005
31	100	10	12	0.01878877035173266
31	100	10	44	0.01878877035173266
31	100	10	82	0.01878877035173266
31	100	11	93	0.09330386353791874
31	100	11	42	0.09330386353791874
31	100	11	67	0.09330386353791874
31	100	11	36	0.09330386353791874
31	100	11	66	0.09330386353791874
31	100	11	82	0.09330386353791874
31	100	11	94	0.09330386353791874
31	100	11	6	0.09330386353791874
31	100	11	2	0.09330386353791874
31	100	11	4	0.09330386353791874
31	100	11	7	0.09330386353791874
31	100	11	1	0.09330386353791874
31	100	11	3	0.09330386353791874
31	100	11	73	0.09330386353791874
31	100	11	17	0.09330386353791874
31	100	11	77	0.09330386353791874
31	100	11	59	0.04675861753046258
31	100	11	74	0.04675861753046258
31	100	11	79	0.09330386353791874
31	100	11	12	0.09330386353791874
31	100	11	44	0.09330386353791874
31	100	11	78	0.011994430300058706
31	100	12	74	0.23292790371133568
31	100	12	33	0.0981437974844863
31	100	12	70	0.07234584372880305
31	100	12	77	0.07234584372880305
31	100	12	7	0.060628380731844934
31	100	12	58	0.07234584372880305
31	100	12	17	0.07234584372880305
31	100	12	94	0.060628380731844934
31	100	12	59	0.060628380731844934
31	100	12	84	0.012487856069990408
31	100	12	4	0.060628380731844934
31	100	12	1	0.060628380731844934
31	100	12	6	0.060628380731844934
31	100	12	100	0.012487856069990408
31	100	12	2	0.060628380731844934
31	100	12	3	0.060628380731844934
31	100	12	67	0.060628380731844934
31	100	12	42	0.060628380731844934
31	100	12	20	0.060628380731844934
31	100	12	71	0.007755921015650221
31	100	13	74	0.16029864325550724
31	100	13	3	0.04690504665069675
31	100	13	7	0.04690504665069675
31	100	13	59	0.0421063780066591
31	100	13	4	0.04690504665069675
31	100	13	1	0.04690504665069675
31	100	13	83	0.021038570751458208
31	100	13	33	0.03089851103736932
31	100	13	0	0.0421063780066591
31	100	13	73	0.0421063780066591
31	100	13	17	0.0421063780066591
31	100	13	28	0.021038570751458208
31	100	13	36	0.013859923006135201
31	100	13	35	0.021038570751458208
31	100	13	77	0.021038570751458208
31	100	13	30	0.021038570751458208
31	100	13	86	0.021038570751458208
31	100	13	15	0.021038570751458208
31	100	13	29	0.021038570751458208
31	100	13	84	0.013859923006135201
31	100	13	2	0.013859923006135201
31	100	13	67	0.013859923006135201
31	100	13	66	0.013859923006135201
31	100	13	42	0.013859923006135201
31	100	13	6	0.013859923006135201
31	100	13	69	0.007917838809881237
31	100	13	95	0.007917838809881237
31	100	14	0	0.08321542577443389
31	100	14	3	0.06623302079272612
31	100	14	7	0.06623302079272612
31	100	14	84	0.06623302079272612
31	100	14	20	0.06623302079272612
31	100	14	4	0.06623302079272612
31	100	14	1	0.06623302079272612
31	100	14	12	0.05321950025610318
31	100	14	2	0.06623302079272612
31	100	14	6	0.06623302079272612
31	100	14	28	0.05321950025610318
31	100	14	73	0.05321950025610318
31	100	14	100	0.05321950025610318
31	100	14	8	0.05321950025610318
31	100	14	82	0.019786850551413906
31	100	14	17	0.05321950025610318
31	100	14	78	0.019786850551413906
31	100	14	5	0.05321950025610318
31	100	14	44	0.019786850551413906
31	100	14	29	0.022407876155897045
31	100	14	77	0.022407876155897045
31	100	14	94	0.022407876155897045
31	100	14	59	0.022407876155897045
31	100	15	74	0.19613556209880936
31	100	15	0	0.19613556209880936
31	100	15	73	0.19613556209880936
31	100	15	17	0.058290269020099685
31	100	15	7	0.19613556209880936
31	100	15	2	0.19613556209880936
31	100	15	42	0.04129192361973924
31	100	15	1	0.19613556209880936
31	100	15	4	0.19613556209880936
31	100	15	3	0.19613556209880936
31	100	15	6	0.19613556209880936
31	100	15	84	0.04129192361973924
31	100	15	67	0.04129192361973924
31	100	15	36	0.04129192361973924
31	100	15	66	0.030930469645115217
31	100	15	15	0.030930469645115217
31	100	15	93	0.030930469645115217
31	100	15	20	0.012137047915463252
31	100	15	78	0.012137047915463252
31	100	15	77	0.012137047915463252
31	100	16	20	0.26480750610055126
31	100	16	0	0.26480750610055126
31	100	16	59	0.08771621889194753
31	100	16	73	0.08771621889194753
31	100	16	77	0.08771621889194753
31	100	16	74	0.0786807418074081
31	100	16	44	0.03866969822410461
31	100	16	67	0.0590983598510182
31	100	16	94	0.0590983598510182
31	100	16	66	0.0590983598510182
31	100	16	84	0.03866969822410461
31	100	16	12	0.03866969822410461
31	100	16	33	0.03866969822410461
31	100	16	36	0.022932784702640423
31	100	16	7	0.022932784702640423
31	100	16	83	0.022932784702640423
31	100	16	3	0.022932784702640423
31	100	16	2	0.022932784702640423
31	100	16	18	0.010340114285546903
31	100	16	17	0.010340114285546903
31	100	16	79	0.010340114285546903
31	100	17	74	0.506475866609862
31	100	17	0	0.17626332625834748
31	100	17	36	0.061140304584881726
31	100	17	2	0.061140304584881726
31	100	17	3	0.061140304584881726
31	100	17	6	0.061140304584881726
31	100	17	20	0.061140304584881726
31	100	17	7	0.061140304584881726
31	100	17	59	0.061140304584881726
31	100	17	44	0.061140304584881726
31	100	17	67	0.061140304584881726
31	100	17	1	0.061140304584881726
31	100	17	4	0.061140304584881726
31	100	17	15	0.061140304584881726
31	100	17	73	0.061140304584881726
31	100	17	78	0.061140304584881726
31	100	17	79	0.061140304584881726
31	100	17	42	0.061140304584881726
31	100	17	66	0.061140304584881726
31	100	17	33	0.03442337910908599
31	100	18	0	0.15606850285002866
31	100	18	74	0.15606850285002866
31	100	18	73	0.15606850285002866
31	100	18	17	0.07922058196845219
31	100	18	7	0.07922058196845219
31	100	18	3	0.07922058196845219
31	100	18	20	0.07922058196845219
31	100	18	77	0.07922058196845219
31	100	18	71	0.07922058196845219
31	100	18	33	0.07922058196845219
31	100	18	82	0.0030663515316048714
31	100	18	2	0.07922058196845219
31	100	18	6	0.07922058196845219
31	100	18	1	0.07922058196845219
31	100	18	4	0.07922058196845219
31	100	18	18	0.026151446208162777
31	100	18	70	0.026151446208162777
31	100	18	29	0.026151446208162777
31	100	18	67	0.013618289880839385
31	100	18	58	0.013618289880839385
31	100	18	94	0.013618289880839385
31	100	19	74	0.21475181380693842
31	100	19	77	0.11209591718461721
31	100	19	73	0.026264235004193687
31	100	19	70	0.030003391658401896
31	100	19	60	0.030003391658401896
31	100	19	94	0.030003391658401896
31	100	19	7	0.026264235004193687
31	100	19	3	0.026264235004193687
31	100	19	15	0.030003391658401896
31	100	19	58	0.030003391658401896
31	100	19	95	0.030003391658401896
31	100	19	71	0.030003391658401896
31	100	19	72	0.008842249512069638
31	100	19	4	0.026264235004193687
31	100	19	1	0.026264235004193687
31	100	19	68	0.008842249512069638
31	100	19	36	0.026264235004193687
31	100	19	67	0.026264235004193687
31	100	19	42	0.026264235004193687
31	100	19	66	0.026264235004193687
31	100	19	20	0.005386737511247372
31	100	20	74	0.13156784516292652
31	100	20	20	0.13156784516292652
31	100	20	0	0.13156784516292652
31	100	20	33	0.03605373819835707
31	100	20	42	0.028736173307518556
31	100	20	84	0.028736173307518556
31	100	20	67	0.028736173307518556
31	100	20	73	0.028736173307518556
31	100	20	7	0.028736173307518556
31	100	20	17	0.028736173307518556
31	100	20	100	0.028736173307518556
31	100	20	3	0.028736173307518556
31	100	20	66	0.028736173307518556
31	100	20	36	0.028736173307518556
31	100	20	94	0.028736173307518556
31	100	20	59	0.028736173307518556
31	100	20	15	0.028736173307518556
31	100	20	77	0.028736173307518556
31	100	20	28	0.028736173307518556
31	100	20	93	0.028736173307518556
31	100	20	44	0.008576446294139565
31	100	20	82	0.0077623282372949465
31	100	21	73	0.18143923009703922
31	100	21	0	0.08364991425846774
31	100	21	7	0.057435159263463924
31	100	21	78	0.07113736875589469
31	100	21	59	0.07113736875589469
31	100	21	44	0.05577100454982817
31	100	21	1	0.057435159263463924
31	100	21	4	0.057435159263463924
31	100	21	20	0.05577100454982817
31	100	21	12	0.05577100454982817
31	100	21	82	0.05577100454982817
31	100	21	3	0.05577100454982817
31	100	21	2	0.05577100454982817
31	100	21	6	0.05577100454982817
31	100	21	79	0.05577100454982817
31	100	21	17	0.05577100454982817
31	100	21	33	0.05577100454982817
31	100	21	84	0.023710477974624406
31	100	21	74	0.023710477974624406
31	100	21	18	0.023710477974624406
31	100	21	94	0.023710477974624406
31	100	21	35	0.012872217127804899
31	100	22	74	0.13739354506306561
31	100	22	17	0.10766657948227155
31	100	22	7	0.10766657948227155
31	100	22	73	0.10766657948227155
31	100	22	0	0.10766657948227155
31	100	22	20	0.10766657948227155
31	100	22	33	0.10766657948227155
31	100	22	94	0.10766657948227155
31	100	22	77	0.10766657948227155
31	100	22	18	0.0425117780273777
31	100	22	15	0.0425117780273777
31	100	22	59	0.04876121695519995
31	100	22	4	0.10766657948227155
31	100	22	2	0.10766657948227155
31	100	22	6	0.10766657948227155
31	100	22	1	0.10766657948227155
31	100	22	29	0.0425117780273777
31	100	22	3	0.008164872223784063
31	100	22	72	0.004336807805898889
31	100	22	42	0.008164872223784063
31	100	22	44	0.008164872223784063
31	100	23	74	0.10424478683822169
31	100	23	77	0.05121198938697548
31	100	23	0	0.03688368537436009
31	100	23	4	0.028765321331819044
31	100	23	94	0.031161745214476736
31	100	23	3	0.022195412888269105
31	100	23	66	0.03401906040276453
31	100	23	78	0.03401906040276453
31	100	23	36	0.03401906040276453
31	100	23	67	0.03401906040276453
31	100	23	79	0.03401906040276453
31	100	23	42	0.03401906040276453
31	100	23	44	0.03401906040276453
31	100	23	17	0.03401906040276453
31	100	23	93	0.03401906040276453
31	100	23	12	0.03401906040276453
31	100	23	82	0.03401906040276453
31	100	23	71	0.031161745214476736
31	100	23	13	0.031161745214476736
31	100	23	63	0.031161745214476736
31	100	23	59	0.015150757337417001
31	100	23	62	0.031161745214476736
31	100	24	73	0.05233301272744351
31	100	24	0	0.05233301272744351
31	100	24	7	0.05233301272744351
31	100	24	74	0.04046308319110651
31	100	24	94	0.04046308319110651
31	100	24	59	0.04046308319110651
31	100	24	84	0.038560122364261144
31	100	24	3	0.038560122364261144
31	100	24	4	0.038560122364261144
31	100	24	1	0.038560122364261144
31	100	24	77	0.03285963869539223
31	100	24	6	0.03285963869539223
31	100	24	28	0.03285963869539223
31	100	24	18	0.03285963869539223
31	100	24	2	0.03285963869539223
31	100	24	35	0.02931001684692684
31	100	24	20	0.02931001684692684
31	100	24	69	0.02931001684692684
31	100	24	30	0.02931001684692684
31	100	24	81	0.008595268690035263
31	100	25	74	0.10341669277103907
31	100	25	73	0.10341669277103907
31	100	25	100	0.10341669277103907
31	100	25	59	0.056216443350838086
31	100	25	4	0.10341669277103907
31	100	25	3	0.10341669277103907
31	100	25	7	0.10341669277103907
31	100	25	2	0.10341669277103907
31	100	25	6	0.10341669277103907
31	100	25	1	0.10341669277103907
31	100	25	44	0.02922153229664155
31	100	25	82	0.02922153229664155
31	100	25	78	0.02922153229664155
31	100	25	79	0.02922153229664155
31	100	25	12	0.02922153229664155
31	100	25	15	0.02922153229664155
31	100	25	13	0.010628723289105753
31	100	25	28	0.008573028721245221
31	100	25	17	0.008573028721245221
31	100	25	70	0.008573028721245221
31	100	25	0	0.010628723289105753
31	100	25	26	0.010628723289105753
31	100	25	8	0.010628723289105753
31	100	26	74	0.15874315438599332
31	100	26	73	0.09144823598443245
31	100	26	84	0.07405459400969794
31	100	26	7	0.15874315438599332
31	100	26	3	0.15874315438599332
31	100	26	77	0.07405459400969794
31	100	26	93	0.0520229932153481
31	100	26	15	0.0520229932153481
31	100	26	2	0.15874315438599332
31	100	26	6	0.15874315438599332
31	100	26	18	0.15874315438599332
31	100	26	4	0.15874315438599332
31	100	26	1	0.15874315438599332
31	100	26	20	0.15874315438599332
31	100	26	13	0.15874315438599332
31	100	26	23	0.15874315438599332
31	100	26	98	0.15874315438599332
31	100	26	85	0.15874315438599332
31	100	26	34	0.15874315438599332
31	100	26	0	0.15874315438599332
31	100	27	74	0.19353465112121707
31	100	27	0	0.09740950452714416
31	100	27	3	0.09740950452714416
31	100	27	73	0.09740950452714416
31	100	27	44	0.09740950452714416
31	100	27	78	0.09740950452714416
31	100	27	12	0.09740950452714416
31	100	27	79	0.09740950452714416
31	100	27	82	0.09740950452714416
31	100	27	1	0.09740950452714416
31	100	27	4	0.09740950452714416
31	100	27	7	0.09740950452714416
31	100	27	6	0.09740950452714416
31	100	27	2	0.09740950452714416
31	100	27	28	0.046801607222358904
31	100	27	29	0.046801607222358904
31	100	27	84	0.046801607222358904
31	100	27	93	0.05385501091790949
31	100	27	33	0.04142899226010571
31	100	27	71	0.04142899226010571
31	100	28	74	0.2840584286878293
31	100	28	36	0.04221593495753433
31	100	28	6	0.07272961746337224
31	100	28	7	0.07272961746337224
31	100	28	2	0.07272961746337224
31	100	28	3	0.04626540868115714
31	100	28	4	0.04626540868115714
31	100	28	1	0.03901947257501538
31	100	28	73	0.00784970960211491
31	100	28	94	0.00784970960211491
31	100	28	42	0.04221593495753433
31	100	28	67	0.04221593495753433
31	100	28	66	0.04221593495753433
31	100	28	44	0.04221593495753433
31	100	28	79	0.04221593495753433
31	100	28	78	0.04221593495753433
31	100	28	12	0.04221593495753433
31	100	28	82	0.04221593495753433
31	100	28	17	0.022359184652326
31	100	28	20	0.022359184652326
31	100	28	28	0.022359184652326
31	100	28	59	0.022359184652326
31	100	28	33	0.022359184652326
31	100	28	29	0.022359184652326
31	100	29	74	0.5138755969179659
31	100	29	0	0.1840270178488505
31	100	29	3	0.06952167131527506
31	100	29	77	0.06050954967623748
31	100	29	93	0.06050954967623748
31	100	29	7	0.06050954967623748
31	100	29	1	0.06050954967623748
31	100	29	4	0.06050954967623748
31	100	29	2	0.06050954967623748
31	100	29	6	0.06050954967623748
31	100	29	67	0.06050954967623748
31	100	29	17	0.06050954967623748
31	100	29	42	0.06050954967623748
31	100	29	8	0.040628998276438566
31	100	29	28	0.040628998276438566
31	100	29	5	0.03697975404702225
31	100	29	44	0.03697975404702225
31	100	29	78	0.03697975404702225
31	100	29	66	0.009211781461653488
31	100	29	20	0.025414412750414103
31	100	29	83	0.025414412750414103
31	100	30	74	0.13456003332757596
31	100	30	73	0.11364242247290461
31	100	30	84	0.08884031231494253
31	100	30	7	0.06988919794701062
31	100	30	59	0.03856241229943902
31	100	30	3	0.06988919794701062
31	100	30	71	0.03856241229943902
31	100	30	100	0.03856241229943902
31	100	30	1	0.06988919794701062
31	100	30	4	0.06988919794701062
31	100	30	6	0.06988919794701062
31	100	30	2	0.06988919794701062
31	100	30	42	0.03856241229943902
31	100	30	29	0.023576435249479454
31	100	30	36	0.023576435249479454
31	100	30	67	0.023576435249479454
31	100	30	94	0.03856241229943902
31	100	30	28	0.03856241229943902
31	100	30	33	0.03856241229943902
31	100	30	70	0.03856241229943902
31	100	30	81	0.03856241229943902
31	100	30	69	0.03856241229943902
31	100	31	77	0.14290368829877687
31	100	31	84	0.11362022995921535
31	100	31	74	0.11694580851536009
31	100	31	33	0.11694580851536009
31	100	31	0	0.11362022995921535
31	100	31	100	0.11362022995921535
31	100	31	78	0.0490025544963138
31	100	31	20	0.11362022995921535
31	100	31	22	0.11362022995921535
31	100	31	73	0.0490025544963138
31	100	31	67	0.021994850696550647
31	100	31	97	0.0490025544963138
31	100	31	2	0.0490025544963138
31	100	31	6	0.0490025544963138
31	100	31	3	0.0490025544963138
31	100	31	88	0.02441378041328399
31	100	31	44	0.018827987511013236
31	100	31	36	0.018827987511013236
31	100	31	42	0.018827987511013236
31	100	31	7	0.02441378041328399
31	100	31	61	0.02441378041328399
31	100	31	81	0.02441378041328399
31	100	31	70	0.02441378041328399
31	100	32	74	0.15044417767822563
31	100	32	20	0.15044417767822563
31	100	32	77	0.08996782451945642
31	100	32	28	0.07188532598693527
31	100	32	3	0.07188532598693527
31	100	32	2	0.07188532598693527
31	100	32	6	0.07188532598693527
31	100	32	7	0.07188532598693527
31	100	32	59	0.07188532598693527
31	100	32	60	0.03675236047205264
31	100	32	17	0.03675236047205264
31	100	32	94	0.03675236047205264
31	100	32	4	0.07188532598693527
31	100	32	1	0.07188532598693527
31	100	32	73	0.07188532598693527
31	100	32	83	0.07188532598693527
31	100	32	66	0.03675236047205264
31	100	32	62	0.01180580329303278
31	100	32	67	0.03675236047205264
31	100	32	42	0.03675236047205264
31	100	32	36	0.03675236047205264
31	100	33	73	0.1394248189107132
31	100	33	7	0.1394248189107132
31	100	33	83	0.1394248189107132
31	100	33	15	0.1394248189107132
31	100	33	0	0.1394248189107132
31	100	33	74	0.08477457694056355
31	100	33	59	0.06107458880468691
31	100	33	4	0.1394248189107132
31	100	33	1	0.1394248189107132
31	100	33	2	0.1394248189107132
31	100	33	6	0.1394248189107132
31	100	33	3	0.1394248189107132
31	100	33	18	0.08477457694056355
31	100	33	20	0.08477457694056355
31	100	33	17	0.06107458880468691
31	100	33	93	0.040578823639710125
31	100	33	44	0.040578823639710125
31	100	33	72	0.009676770647061373
31	100	33	43	0.008406781595938075
31	100	33	79	0.040578823639710125
31	100	33	12	0.040578823639710125
31	100	33	82	0.040578823639710125
31	100	34	0	0.30994276656037023
31	100	34	17	0.16750849084450292
31	100	34	73	0.06267030234723923
31	100	34	29	0.04576532538417838
31	100	34	74	0.04576532538417838
31	100	34	28	0.028732702968861063
31	100	34	59	0.028732702968861063
31	100	34	93	0.028732702968861063
31	100	34	6	0.028732702968861063
31	100	34	84	0.028732702968861063
31	100	34	7	0.011902118210974895
31	100	34	20	0.028732702968861063
31	100	34	15	0.028732702968861063
31	100	34	81	0.028732702968861063
31	100	34	69	0.028732702968861063
31	100	34	18	0.028732702968861063
31	100	34	78	0.028732702968861063
31	100	34	1	0.011902118210974895
31	100	34	4	0.011902118210974895
31	100	34	3	0.004648703480914747
31	100	35	74	0.3127598964476652
31	100	35	17	0.19078254881693096
31	100	35	73	0.0695639930550798
31	100	35	15	0.0695639930550798
31	100	35	67	0.0695639930550798
31	100	35	35	0.01538527515674999
31	100	35	60	0.01538527515674999
31	100	35	42	0.0695639930550798
31	100	35	66	0.0695639930550798
31	100	35	36	0.0695639930550798
31	100	35	71	0.0695639930550798
31	100	35	22	0.06394502062633843
31	100	35	33	0.01538527515674999
31	100	35	97	0.01538527515674999
31	100	35	3	0.01538527515674999
31	100	35	7	0.01538527515674999
31	100	35	78	0.01538527515674999
31	100	35	12	0.01538527515674999
31	100	35	82	0.01538527515674999
31	100	35	94	0.0018255790972527249
31	100	36	94	0.042215275878014526
31	100	36	74	0.042215275878014526
31	100	36	3	0.042215275878014526
31	100	36	42	0.08776149473181849
31	100	36	66	0.08776149473181849
31	100	36	93	0.08776149473181849
31	100	36	36	0.08776149473181849
31	100	36	67	0.08776149473181849
31	100	36	44	0.023595038774922996
31	100	36	0	0.023595038774922996
31	100	36	79	0.021968731963932238
31	100	36	12	0.021968731963932238
31	100	36	82	0.021968731963932238
31	100	36	78	0.021968731963932238
31	100	36	6	0.042215275878014526
31	100	36	73	0.042215275878014526
31	100	36	2	0.042215275878014526
31	100	36	1	0.042215275878014526
31	100	36	4	0.042215275878014526
31	100	36	7	0.042215275878014526
31	100	36	77	0.042215275878014526
31	100	36	18	0.016141000735930913
31	100	36	17	0.016141000735930913
31	100	36	70	0.01147779208944212
31	100	36	58	0.01147779208944212
31	100	37	74	0.13850087593828933
31	100	37	2	0.07285154680097453
31	100	37	6	0.07285154680097453
31	100	37	20	0.07285154680097453
31	100	37	3	0.07285154680097453
31	100	37	12	0.03453805738606106
31	100	37	82	0.03453805738606106
31	100	37	17	0.03453805738606106
31	100	37	73	0.03643611194584503
31	100	37	1	0.03643611194584503
31	100	37	4	0.03643611194584503
31	100	37	7	0.03643611194584503
31	100	37	78	0.03453805738606106
31	100	37	18	0.012891967563030684
31	100	37	35	0.012891967563030684
31	100	37	28	0.012795863101565007
31	100	37	60	0.0019155554761254056
31	100	37	0	0.03453805738606106
31	100	37	79	0.03453805738606106
31	100	37	42	0.03453805738606106
31	100	37	33	0.03453805738606106
31	100	37	67	0.03453805738606106
31	100	37	93	0.03453805738606106
31	100	37	36	0.03453805738606106
31	100	37	66	0.03453805738606106
31	100	37	44	0.03453805738606106
31	100	37	13	0.00615954440640816
31	100	38	44	0.09900866427942247
31	100	38	3	0.09900866427942247
31	100	38	73	0.09900866427942247
31	100	38	28	0.09900866427942247
31	100	38	93	0.09900866427942247
31	100	38	17	0.05675231952454777
31	100	38	78	0.09900866427942247
31	100	38	79	0.09900866427942247
31	100	38	12	0.09900866427942247
31	100	38	82	0.09900866427942247
31	100	38	71	0.05675231952454777
31	100	38	20	0.0461577826607866
31	100	38	94	0.0461577826607866
31	100	38	18	0.0461577826607866
31	100	38	2	0.0461577826607866
31	100	38	7	0.0461577826607866
31	100	38	1	0.0461577826607866
31	100	38	33	0.040513846382151525
31	100	38	59	0.040513846382151525
31	100	38	0	0.040513846382151525
31	100	38	6	0.0461577826607866
31	100	38	4	0.0461577826607866
31	100	39	73	0.11253094313502451
31	100	39	100	0.08509554248540165
31	100	39	74	0.08509554248540165
31	100	39	0	0.08509554248540165
31	100	39	84	0.08509554248540165
31	100	39	2	0.056070746945147916
31	100	39	67	0.056070746945147916
31	100	39	42	0.056070746945147916
31	100	39	36	0.056070746945147916
31	100	39	71	0.056070746945147916
31	100	39	17	0.056070746945147916
31	100	39	33	0.056070746945147916
31	100	39	78	0.056070746945147916
31	100	39	66	0.056070746945147916
31	100	39	82	0.056070746945147916
31	100	39	12	0.056070746945147916
31	100	39	94	0.015474267950647064
31	100	39	7	0.015474267950647064
31	100	39	18	0.015474267950647064
31	100	39	77	0.014765835100989949
31	100	40	74	0.1356688607185052
31	100	40	0	0.13042019364240318
31	100	40	73	0.11475092397381627
31	100	40	17	0.11475092397381627
31	100	40	7	0.11475092397381627
31	100	40	3	0.11475092397381627
31	100	40	67	0.05265658921480102
31	100	40	42	0.05265658921480102
31	100	40	66	0.027464062999774736
31	100	40	1	0.11475092397381627
31	100	40	6	0.11475092397381627
31	100	40	2	0.11475092397381627
31	100	40	4	0.11475092397381627
31	100	40	59	0.08193151325996853
31	100	40	20	0.05265658921480102
31	100	40	36	0.027464062999774736
31	100	40	44	0.026273999808962185
31	100	40	78	0.014255294230267746
31	100	40	12	0.012810156730994064
31	100	40	77	0.017302629882233474
31	100	40	94	0.017302629882233474
31	100	40	84	0.017302629882233474
31	100	41	0	0.09705560363530209
31	100	41	74	0.09705560363530209
31	100	41	7	0.09705560363530209
31	100	41	3	0.09705560363530209
31	100	41	77	0.03149041747500436
31	100	41	15	0.03149041747500436
31	100	41	4	0.09705560363530209
31	100	41	59	0.09705560363530209
31	100	41	2	0.09705560363530209
31	100	41	1	0.09705560363530209
31	100	41	6	0.09705560363530209
31	100	41	73	0.03149041747500436
31	100	41	84	0.03149041747500436
31	100	41	69	0.03149041747500436
31	100	41	81	0.03149041747500436
31	100	41	20	0.03149041747500436
31	100	41	94	0.03149041747500436
31	100	41	28	0.03149041747500436
31	100	41	36	0.0075869588654973695
31	100	41	67	0.0075869588654973695
31	100	42	94	0.26500519060542216
31	100	42	3	0.04691698582033876
31	100	42	42	0.04691698582033876
31	100	42	78	0.03831901088673558
31	100	42	82	0.03831901088673558
31	100	42	44	0.03831901088673558
31	100	42	12	0.03831901088673558
31	100	42	79	0.03831901088673558
31	100	42	23	0.03831901088673558
31	100	42	88	0.03831901088673558
31	100	42	0	0.03831901088673558
31	100	42	98	0.03831901088673558
31	100	42	84	0.03831901088673558
31	100	42	100	0.03831901088673558
31	100	42	97	0.03831901088673558
31	100	42	59	0.04691698582033876
31	100	42	93	0.04691698582033876
31	100	42	35	0.04691698582033876
31	100	42	73	0.04691698582033876
31	100	42	60	0.04691698582033876
31	100	42	6	0.04691698582033876
31	100	42	2	0.04691698582033876
31	100	42	7	0.04691698582033876
31	100	42	36	0.04691698582033876
31	100	42	4	0.04691698582033876
31	100	42	1	0.04691698582033876
31	100	42	66	0.04691698582033876
31	100	42	67	0.04691698582033876
31	100	42	83	0.020415745680334947
31	100	42	22	0.03831901088673558
31	100	43	12	0.14031952855329272
31	100	43	82	0.14031952855329272
31	100	43	67	0.14031952855329272
31	100	43	42	0.14031952855329272
31	100	43	36	0.14031952855329272
31	100	43	66	0.14031952855329272
31	100	43	20	0.14031952855329272
31	100	43	59	0.09878431634531822
31	100	43	79	0.14031952855329272
31	100	43	44	0.14031952855329272
31	100	43	78	0.14031952855329272
31	100	43	84	0.011804279104956825
31	100	43	81	0.011804279104956825
31	100	43	11	0.14031952855329272
31	100	43	99	0.14031952855329272
31	100	43	75	0.14031952855329272
31	100	43	76	0.14031952855329272
31	100	43	49	0.14031952855329272
31	100	43	27	0.14031952855329272
31	100	43	43	0.14031952855329272
31	100	43	72	0.14031952855329272
31	100	43	54	0.14031952855329272
31	100	43	45	0.14031952855329272
31	100	44	73	0.16764833337928062
31	100	44	0	0.16764833337928062
31	100	44	18	0.1409281156500989
31	100	44	17	0.0632088964358062
31	100	44	74	0.0632088964358062
31	100	44	7	0.1409281156500989
31	100	44	3	0.1409281156500989
31	100	44	1	0.1409281156500989
31	100	44	4	0.1409281156500989
31	100	44	2	0.1409281156500989
31	100	44	6	0.1409281156500989
31	100	44	93	0.0632088964358062
31	100	44	94	0.0632088964358062
31	100	44	66	0.0632088964358062
31	100	44	67	0.0632088964358062
31	100	44	42	0.0632088964358062
31	100	44	84	0.0632088964358062
31	100	44	15	0.0632088964358062
31	100	44	62	0.0632088964358062
31	100	44	35	0.0632088964358062
31	100	44	36	0.008409809377772172
31	100	44	100	0.029192478489010583
31	100	44	26	0.029192478489010583
31	100	45	73	0.13789535817400966
31	100	45	3	0.048581794084744084
31	100	45	15	0.02193720757999404
31	100	45	84	0.02193720757999404
31	100	45	74	0.02193720757999404
31	100	45	17	0.02193720757999404
31	100	45	7	0.048581794084744084
31	100	45	77	0.048581794084744084
31	100	45	6	0.048581794084744084
31	100	45	2	0.048581794084744084
31	100	45	4	0.048581794084744084
31	100	45	1	0.048581794084744084
31	100	45	44	0.048581794084744084
31	100	45	78	0.048581794084744084
31	100	45	79	0.048581794084744084
31	100	45	12	0.048581794084744084
31	100	45	82	0.048581794084744084
31	100	45	8	0.02991490581688978
31	100	45	71	0.004869520824900027
31	100	45	36	0.0023883030153105693
31	100	46	0	0.18880745164296062
31	100	46	74	0.18880745164296062
31	100	46	73	0.1573494465900364
31	100	46	94	0.1573494465900364
31	100	46	7	0.06824161022210316
31	100	46	42	0.035935763604081385
31	100	46	100	0.035935763604081385
31	100	46	3	0.035935763604081385
31	100	46	59	0.035935763604081385
31	100	46	33	0.035935763604081385
31	100	46	67	0.035935763604081385
31	100	46	20	0.035935763604081385
31	100	46	66	0.035935763604081385
31	100	46	36	0.035935763604081385
31	100	46	78	0.035935763604081385
31	100	46	82	0.035935763604081385
31	100	46	12	0.035935763604081385
31	100	46	44	0.013917738583602903
31	100	46	13	0.010752755646128409
31	100	46	93	0.010752755646128409
31	100	47	74	0.16474590678467757
31	100	47	73	0.047922938457900716
31	100	47	7	0.047922938457900716
31	100	47	3	0.047922938457900716
31	100	47	67	0.047922938457900716
31	100	47	42	0.047922938457900716
31	100	47	84	0.047922938457900716
31	100	47	66	0.047922938457900716
31	100	47	36	0.024024494319861398
31	100	47	1	0.047922938457900716
31	100	47	81	0.01896908274580778
31	100	47	93	0.01896908274580778
31	100	47	69	0.01896908274580778
31	100	47	44	0.047922938457900716
31	100	47	4	0.047922938457900716
31	100	47	94	0.01896908274580778
31	100	47	35	0.01896908274580778
31	100	47	100	0.01896908274580778
31	100	47	30	0.01896908274580778
31	100	47	33	0.047922938457900716
31	100	47	12	0.047922938457900716
31	100	47	2	0.047922938457900716
31	100	47	6	0.047922938457900716
31	100	47	82	0.047922938457900716
31	100	47	78	0.047922938457900716
31	100	47	79	0.047922938457900716
31	100	47	20	0.010436124383825964
31	100	47	17	0.010436124383825964
31	100	48	73	0.10855386891696596
31	100	48	93	0.0853916911539072
31	100	48	0	0.0853916911539072
31	100	48	77	0.0853916911539072
31	100	48	4	0.0853916911539072
31	100	48	33	0.0853916911539072
31	100	48	59	0.06488089281232363
31	100	48	74	0.045269960805460405
31	100	48	42	0.0853916911539072
31	100	48	12	0.0853916911539072
31	100	48	82	0.0853916911539072
31	100	48	28	0.01558929983089485
31	100	48	7	0.045269960805460405
31	100	48	18	0.0021348067523231
31	100	48	79	0.0853916911539072
31	100	48	78	0.0853916911539072
31	100	48	44	0.0853916911539072
31	100	48	36	0.0853916911539072
31	100	48	67	0.0853916911539072
31	100	48	66	0.0853916911539072
31	100	48	3	0.045269960805460405
31	100	49	0	0.11989617775981697
31	100	49	73	0.11989617775981697
31	100	49	74	0.11989617775981697
31	100	49	17	0.07847473953213678
31	100	49	7	0.11989617775981697
31	100	49	3	0.11989617775981697
31	100	49	2	0.11989617775981697
31	100	49	36	0.018759748363426327
31	100	49	59	0.11989617775981697
31	100	49	6	0.11989617775981697
31	100	49	1	0.11989617775981697
31	100	49	4	0.11989617775981697
31	100	49	71	0.044590654395023965
31	100	49	28	0.044590654395023965
31	100	49	33	0.03016454607761197
31	100	49	20	0.007388053447243302
31	100	49	42	0.018759748363426327
31	100	49	67	0.011412716427568198
31	100	49	82	0.00891869565254101
31	100	49	12	0.00891869565254101
31	100	49	83	0.00891869565254101
31	100	50	74	0.21754824413758433
31	100	50	20	0.04659740558564223
31	100	50	3	0.04659740558564223
31	100	50	73	0.04659740558564223
31	100	50	7	0.04659740558564223
31	100	50	94	0.03600945793874667
31	100	50	70	0.03600945793874667
31	100	50	4	0.04659740558564223
31	100	50	1	0.04659740558564223
31	100	50	2	0.042340341907840445
31	100	50	6	0.042340341907840445
31	100	50	17	0.03600945793874667
31	100	50	58	0.03600945793874667
31	100	50	15	0.03600945793874667
31	100	50	0	0.03600945793874667
31	100	50	60	0.03600945793874667
31	100	50	95	0.033593818545156445
31	100	50	18	0.033593818545156445
31	100	50	26	0.033593818545156445
31	100	50	72	0.005742927677706188
31	100	51	0	0.10320629043500806
31	100	51	33	0.10320629043500806
31	100	51	4	0.10320629043500806
31	100	51	17	0.05173174900160385
31	100	51	7	0.10320629043500806
31	100	51	15	0.10320629043500806
31	100	51	1	0.10320629043500806
31	100	51	3	0.10320629043500806
31	100	51	73	0.10320629043500806
31	100	51	6	0.10320629043500806
31	100	51	2	0.10320629043500806
31	100	51	74	0.10320629043500806
31	100	51	59	0.0575574951314803
31	100	51	95	0.0575574951314803
31	100	51	36	0.05173174900160385
31	100	51	78	0.05173174900160385
31	100	51	83	0.05173174900160385
31	100	51	30	0.05173174900160385
31	100	51	66	0.012170086150869678
31	100	51	60	0.008997990777986966
31	100	52	7	0.10048643635247564
31	100	52	0	0.09333660571100309
31	100	52	73	0.09333660571100309
31	100	52	4	0.09333660571100309
31	100	52	17	0.05609841803720112
31	100	52	74	0.05609841803720112
31	100	52	1	0.09333660571100309
31	100	52	3	0.09333660571100309
31	100	52	2	0.09333660571100309
31	100	52	6	0.09333660571100309
31	100	52	77	0.05609841803720112
31	100	52	28	0.05609841803720112
31	100	52	66	0.026893259101901313
31	100	52	78	0.026893259101901313
31	100	52	84	0.05609841803720112
31	100	52	20	0.05609841803720112
31	100	52	100	0.05609841803720112
31	100	52	59	0.05609841803720112
31	100	52	42	0.01721400779080585
31	100	52	67	0.01721400779080585
31	100	53	77	0.054408981032529585
31	100	53	6	0.048509707436563104
31	100	53	20	0.054408981032529585
31	100	53	17	0.054408981032529585
31	100	53	73	0.054408981032529585
31	100	53	74	0.048509707436563104
31	100	53	33	0.048509707436563104
31	100	53	0	0.048509707436563104
31	100	53	59	0.048509707436563104
31	100	53	7	0.048509707436563104
31	100	53	2	0.048509707436563104
31	100	53	3	0.048509707436563104
31	100	53	4	0.048509707436563104
31	100	53	1	0.048509707436563104
31	100	53	28	0.014994929858661408
31	100	53	18	0.04183633684680103
31	100	53	22	0.04183633684680103
31	100	53	42	0.0011715296137778661
31	100	53	69	0.018087568246240464
31	100	53	29	0.018087568246240464
31	100	53	81	0.018087568246240464
31	100	54	74	0.09990301579272254
31	100	54	0	0.09990301579272254
31	100	54	17	0.09798242431098202
31	100	54	33	0.05275366659712725
31	100	54	77	0.05275366659712725
31	100	54	7	0.05275366659712725
31	100	54	71	0.05275366659712725
31	100	54	42	0.05275366659712725
31	100	54	67	0.05275366659712725
31	100	54	66	0.05275366659712725
31	100	54	36	0.05275366659712725
31	100	54	82	0.025809686607953256
31	100	54	3	0.024239312830302326
31	100	54	73	0.024239312830302326
31	100	54	78	0.025809686607953256
31	100	54	12	0.025809686607953256
31	100	54	44	0.024239312830302326
31	100	54	79	0.02392013059506639
31	100	54	94	0.016830393462521933
31	100	54	1	0.016830393462521933
31	100	55	74	0.22635071025090817
31	100	55	0	0.16968663563500433
31	100	55	17	0.0689774992290102
31	100	55	42	0.05019336399527828
31	100	55	67	0.05019336399527828
31	100	55	7	0.05019336399527828
31	100	55	3	0.05019336399527828
31	100	55	73	0.05019336399527828
31	100	55	1	0.05019336399527828
31	100	55	4	0.05019336399527828
31	100	55	93	0.05019336399527828
31	100	55	6	0.05019336399527828
31	100	55	2	0.05019336399527828
31	100	55	30	0.05019336399527828
31	100	55	33	0.02075120633851376
31	100	55	69	0.019894324523084178
31	100	55	36	0.02075120633851376
31	100	55	83	0.012204095911547388
31	100	55	86	0.010894396245197965
31	100	55	12	0.02075120633851376
31	100	55	78	0.02075120633851376
31	100	55	44	0.02075120633851376
31	100	55	66	0.02075120633851376
31	100	56	94	0.12091964843359099
31	100	56	1	0.12091964843359099
31	100	56	44	0.055097609469999316
31	100	56	13	0.055097609469999316
31	100	56	79	0.055097609469999316
31	100	56	7	0.12091964843359099
31	100	56	4	0.12091964843359099
31	100	56	3	0.12091964843359099
31	100	56	6	0.12091964843359099
31	100	56	2	0.12091964843359099
31	100	56	0	0.055097609469999316
31	100	56	12	0.055097609469999316
31	100	56	74	0.055097609469999316
31	100	56	78	0.023056044842202604
31	100	56	8	0.023056044842202604
31	100	56	5	0.023056044842202604
31	100	56	82	0.023056044842202604
31	100	56	81	0.023056044842202604
31	100	56	69	0.023056044842202604
31	100	56	43	0.006450432244832415
31	100	56	11	0.006450432244832415
31	100	56	72	0.006450432244832415
31	100	56	45	0.006450432244832415
31	100	57	7	0.09213301653806526
31	100	57	74	0.09213301653806526
31	100	57	73	0.09213301653806526
31	100	57	59	0.07337756367562268
31	100	57	0	0.07337756367562268
31	100	57	4	0.03903176154765693
31	100	57	20	0.03903176154765693
31	100	57	3	0.03903176154765693
31	100	57	1	0.03903176154765693
31	100	57	6	0.03903176154765693
31	100	57	2	0.03903176154765693
31	100	57	33	0.03903176154765693
31	100	57	42	0.010447269068078179
31	100	57	78	0.010447269068078179
31	100	57	94	0.03903176154765693
31	100	57	15	0.03903176154765693
31	100	57	17	0.03903176154765693
31	100	57	28	0.03903176154765693
31	100	57	77	0.02362797622038009
31	100	57	67	0.0006841037748135752
31	100	58	73	0.23800785929033064
31	100	58	74	0.14020308849546445
31	100	58	77	0.14020308849546445
31	100	58	7	0.19402910576213384
31	100	58	4	0.19402910576213384
31	100	58	17	0.14020308849546445
31	100	58	33	0.14020308849546445
31	100	58	2	0.19402910576213384
31	100	58	6	0.19402910576213384
31	100	58	3	0.19402910576213384
31	100	58	1	0.19402910576213384
31	100	58	0	0.19402910576213384
31	100	58	100	0.14020308849546445
31	100	58	71	0.14020308849546445
31	100	58	44	0.018919848340041068
31	100	58	84	0.018919848340041068
31	100	58	95	0.018919848340041068
31	100	58	11	0.018919848340041068
31	100	58	59	0.018919848340041068
31	100	58	22	0.018919848340041068
31	100	59	3	0.12149071297643847
31	100	59	7	0.12149071297643847
31	100	59	2	0.12149071297643847
31	100	59	17	0.07183823830079752
31	100	59	0	0.12149071297643847
31	100	59	33	0.07183823830079752
31	100	59	1	0.12149071297643847
31	100	59	4	0.12149071297643847
31	100	59	6	0.12149071297643847
31	100	59	12	0.07183823830079752
31	100	59	82	0.07183823830079752
31	100	59	20	0.06561697650956354
31	100	59	44	0.021323763402245604
31	100	59	28	0.06561697650956354
31	100	59	59	0.06561697650956354
31	100	59	78	0.021323763402245604
31	100	59	8	0.021323763402245604
31	100	59	35	0.021323763402245604
31	100	59	60	0.021323763402245604
31	100	59	74	0.021323763402245604
31	100	60	74	0.323887739495722
31	100	60	30	0.14341690661608697
31	100	60	0	0.08548235040416968
31	100	60	20	0.06687714469651197
31	100	60	94	0.06687714469651197
31	100	60	1	0.14341690661608697
31	100	60	6	0.14341690661608697
31	100	60	2	0.14341690661608697
31	100	60	7	0.14341690661608697
31	100	60	4	0.14341690661608697
31	100	60	3	0.14341690661608697
31	100	60	71	0.06687714469651197
31	100	60	78	0.06687714469651197
31	100	60	93	0.06687714469651197
31	100	60	95	0.04920667602650854
31	100	60	73	0.04920667602650854
31	100	60	46	0.04920667602650854
31	100	60	35	0.04123608782282049
31	100	60	18	0.03160967576751762
31	100	60	67	0.016310522994288663
31	100	61	74	0.20446415796706546
31	100	61	73	0.12438502872892884
31	100	61	0	0.06520135470531896
31	100	61	3	0.06520135470531896
31	100	61	6	0.06520135470531896
31	100	61	2	0.06520135470531896
31	100	61	7	0.06520135470531896
31	100	61	36	0.02158696991629253
31	100	61	1	0.06520135470531896
31	100	61	4	0.06520135470531896
31	100	61	77	0.06520135470531896
31	100	61	12	0.06520135470531896
31	100	61	82	0.06520135470531896
31	100	61	78	0.06520135470531896
31	100	61	84	0.02158696991629253
31	100	61	28	0.02158696991629253
31	100	61	59	0.02158696991629253
31	100	61	35	0.02158696991629253
31	100	61	67	0.02158696991629253
31	100	61	66	0.02158696991629253
31	100	61	79	0.06520135470531896
31	100	61	44	0.06520135470531896
31	100	61	93	0.06520135470531896
31	100	61	20	0.06520135470531896
31	100	61	17	0.06520135470531896
31	100	61	33	0.06520135470531896
31	100	61	71	0.03315457047031848
31	100	62	73	0.13873783279681842
31	100	62	0	0.13873783279681842
31	100	62	7	0.05099827421870422
31	100	62	3	0.05099827421870422
31	100	62	15	0.05099827421870422
31	100	62	74	0.05099827421870422
31	100	62	59	0.05099827421870422
31	100	62	17	0.0444957944413671
31	100	62	1	0.05099827421870422
31	100	62	4	0.05099827421870422
31	100	62	2	0.05099827421870422
31	100	62	94	0.031620411331203996
31	100	62	6	0.0444957944413671
31	100	62	28	0.0444957944413671
31	100	62	33	0.0444957944413671
31	100	62	20	0.0444957944413671
31	100	62	71	0.015114373811961108
31	100	62	69	0.031620411331203996
31	100	62	81	0.031620411331203996
31	100	62	84	0.031620411331203996
31	100	62	30	0.031620411331203996
31	100	63	3	0.08387086494745741
31	100	63	7	0.08387086494745741
31	100	63	1	0.08387086494745741
31	100	63	17	0.08387086494745741
31	100	63	74	0.08387086494745741
31	100	63	73	0.08387086494745741
31	100	63	77	0.08387086494745741
31	100	63	29	0.08387086494745741
31	100	63	4	0.08387086494745741
31	100	63	2	0.08387086494745741
31	100	63	6	0.08387086494745741
31	100	63	0	0.08387086494745741
31	100	63	93	0.04004009206331795
31	100	63	79	0.04004009206331795
31	100	63	70	0.02740216222135044
31	100	63	59	0.026558988823918113
31	100	63	8	0.024416589448618412
31	100	63	94	0.024416589448618412
31	100	63	15	0.01201767948165324
31	100	63	20	0.009804870971701136
31	100	64	20	0.1354868239912798
31	100	64	3	0.048871121296751543
31	100	64	73	0.048871121296751543
31	100	64	17	0.02267566807672344
31	100	64	67	0.048871121296751543
31	100	64	36	0.048871121296751543
31	100	64	42	0.048871121296751543
31	100	64	66	0.048871121296751543
31	100	64	78	0.048871121296751543
31	100	64	93	0.048871121296751543
31	100	64	12	0.048871121296751543
31	100	64	82	0.048871121296751543
31	100	64	74	0.02267566807672344
31	100	64	35	0.02267566807672344
31	100	64	44	0.048871121296751543
31	100	64	7	0.048871121296751543
31	100	64	2	0.048871121296751543
31	100	64	77	0.02267566807672344
31	100	64	28	0.02267566807672344
31	100	64	6	0.048871121296751543
31	100	64	63	0.048871121296751543
31	100	64	79	0.048871121296751543
31	100	64	1	0.048871121296751543
31	100	64	4	0.048871121296751543
31	100	65	77	0.09944873819832711
31	100	65	59	0.04188890796198216
31	100	65	42	0.07492365481510739
31	100	65	67	0.07492365481510739
31	100	65	66	0.07492365481510739
31	100	65	36	0.07492365481510739
31	100	65	93	0.07492365481510739
31	100	65	13	0.02557686311570255
31	100	65	0	0.02557686311570255
31	100	65	2	0.03569209533149621
31	100	65	3	0.03569209533149621
31	100	65	6	0.03569209533149621
31	100	65	4	0.03569209533149621
31	100	65	7	0.03569209533149621
31	100	65	1	0.03569209533149621
31	100	65	84	0.03569209533149621
31	100	65	17	0.03569209533149621
31	100	65	20	0.012686454662272669
31	100	65	18	0.012686454662272669
31	100	65	78	0.007197424776322651
31	100	66	74	0.22877403687085066
31	100	66	17	0.12411865766565248
31	100	66	73	0.12411865766565248
31	100	66	59	0.12411865766565248
31	100	66	94	0.08540368225971685
31	100	66	28	0.0356393699952663
31	100	66	35	0.0356393699952663
31	100	66	15	0.0356393699952663
31	100	66	7	0.02349531343377128
31	100	66	93	0.02349531343377128
31	100	66	0	0.0356393699952663
31	100	66	30	0.0356393699952663
31	100	66	83	0.022269023777491792
31	100	66	22	0.022269023777491792
31	100	66	69	0.022269023777491792
31	100	66	20	0.010918436317028829
31	100	66	81	0.018104857482477733
31	100	66	51	0.018104857482477733
31	100	66	84	0.010918436317028829
31	100	66	82	0.010918436317028829
31	100	67	74	0.24182720819651554
31	100	67	44	0.08689183086759812
31	100	67	73	0.08689183086759812
31	100	67	6	0.08689183086759812
31	100	67	7	0.08689183086759812
31	100	67	4	0.08689183086759812
31	100	67	1	0.08689183086759812
31	100	67	2	0.08689183086759812
31	100	67	3	0.08689183086759812
31	100	67	94	0.08689183086759812
31	100	67	22	0.028369863205810204
31	100	67	82	0.08689183086759812
31	100	67	79	0.08689183086759812
31	100	67	78	0.08689183086759812
31	100	67	12	0.08689183086759812
31	100	67	0	0.04590418989676075
31	100	67	77	0.04590418989676075
31	100	67	93	0.04590418989676075
31	100	67	15	0.016233473358063192
31	100	67	86	0.00856064038421434
31	100	68	74	0.16391738957730181
31	100	68	7	0.07975872668602857
31	100	68	3	0.07975872668602857
31	100	68	1	0.07975872668602857
31	100	68	4	0.07975872668602857
31	100	68	73	0.07975872668602857
31	100	68	2	0.07975872668602857
31	100	68	42	0.07975872668602857
31	100	68	33	0.07975872668602857
31	100	68	6	0.07975872668602857
31	100	68	36	0.07975872668602857
31	100	68	67	0.07975872668602857
31	100	68	66	0.07975872668602857
31	100	68	17	0.07975872668602857
31	100	68	28	0.07975872668602857
31	100	68	59	0.07975872668602857
31	100	68	0	0.07975872668602857
31	100	68	84	0.07975872668602857
31	100	68	100	0.07975872668602857
31	100	68	18	0.07975872668602857
31	100	69	0	0.186764462669273
31	100	69	73	0.186764462669273
31	100	69	7	0.0561426007009142
31	100	69	74	0.0561426007009142
31	100	69	12	0.0561426007009142
31	100	69	3	0.04513728005065117
31	100	69	94	0.04513728005065117
31	100	69	1	0.04513728005065117
31	100	69	4	0.04513728005065117
31	100	69	82	0.04513728005065117
31	100	69	6	0.04513728005065117
31	100	69	2	0.04513728005065117
31	100	69	70	0.04513728005065117
31	100	69	17	0.04513728005065117
31	100	69	58	0.04513728005065117
31	100	69	33	0.04513728005065117
31	100	69	84	0.034784255066457485
31	100	69	100	0.034784255066457485
31	100	69	77	0.034784255066457485
31	100	69	15	0.034784255066457485
31	100	70	74	0.08581095199299815
31	100	70	78	0.06375634578679536
31	100	70	82	0.028470296684134068
31	100	70	7	0.12197235602004937
31	100	70	3	0.12197235602004937
31	100	70	4	0.12197235602004937
31	100	70	1	0.12197235602004937
31	100	70	2	0.12197235602004937
31	100	70	6	0.12197235602004937
31	100	70	33	0.12197235602004937
31	100	70	17	0.08581095199299815
31	100	70	77	0.08581095199299815
31	100	70	0	0.028470296684134068
31	100	70	42	0.009578115212785102
31	100	70	59	0.028470296684134068
31	100	70	84	0.028470296684134068
31	100	70	35	0.028470296684134068
31	100	70	71	0.028470296684134068
31	100	70	62	0.028470296684134068
31	100	70	28	0.028470296684134068
31	100	70	36	0.009578115212785102
31	100	70	93	0.009578115212785102
31	100	70	79	0.009578115212785102
31	100	70	67	0.009578115212785102
31	100	70	12	0.009578115212785102
31	100	70	44	0.009578115212785102
31	100	71	0	0.10006479197072435
31	100	71	74	0.07492615274447016
31	100	71	28	0.04456322613537745
31	100	71	83	0.04456322613537745
31	100	71	7	0.04456322613537745
31	100	71	86	0.04456322613537745
31	100	71	73	0.04456322613537745
31	100	71	4	0.04456322613537745
31	100	71	17	0.04456322613537745
31	100	71	20	0.04456322613537745
31	100	71	51	0.04456322613537745
31	100	71	1	0.04456322613537745
31	100	71	2	0.04456322613537745
31	100	71	6	0.04456322613537745
31	100	71	3	0.04456322613537745
31	100	71	12	0.04456322613537745
31	100	71	82	0.04456322613537745
31	100	71	77	0.04456322613537745
31	100	71	44	0.018309655538033518
31	100	71	62	0.009166775931439875
31	100	72	0	0.09656658214439849
31	100	72	74	0.09656658214439849
31	100	72	73	0.09656658214439849
31	100	72	42	0.015458418270357002
31	100	72	3	0.09656658214439849
31	100	72	7	0.09656658214439849
31	100	72	1	0.09656658214439849
31	100	72	4	0.09656658214439849
31	100	72	6	0.09656658214439849
31	100	72	2	0.09656658214439849
31	100	72	20	0.06193834684436058
31	100	72	59	0.06193834684436058
31	100	72	94	0.03131554447837174
31	100	72	84	0.03131554447837174
31	100	72	28	0.03131554447837174
31	100	72	15	0.008411785270076223
31	100	72	67	0.015458418270357002
31	100	72	17	0.015458418270357002
31	100	72	66	0.01177572473747042
31	100	72	44	0.01177572473747042
31	100	72	33	0.01177572473747042
31	100	73	28	0.09160386425226356
31	100	73	42	0.07606020979441111
31	100	73	73	0.078114273056675
31	100	73	20	0.078114273056675
31	100	73	59	0.078114273056675
31	100	73	35	0.07606020979441111
31	100	73	18	0.060596462019066044
31	100	73	13	0.07606020979441111
31	100	73	3	0.07606020979441111
31	100	73	94	0.026715657604170356
31	100	73	17	0.026715657604170356
31	100	73	7	0.07606020979441111
31	100	73	1	0.07606020979441111
31	100	73	4	0.07606020979441111
31	100	73	36	0.07606020979441111
31	100	73	6	0.07606020979441111
31	100	73	67	0.07606020979441111
31	100	73	66	0.07606020979441111
31	100	73	2	0.07606020979441111
31	100	73	93	0.06948023397164019
31	100	73	0	0.03885367096407346
31	100	73	44	0.011376079148501757
31	100	74	74	0.23316467198115498
31	100	74	73	0.23316467198115498
31	100	74	0	0.23316467198115498
31	100	74	2	0.03995879820664672
31	100	74	20	0.034225032896444574
31	100	74	59	0.034225032896444574
31	100	74	83	0.024982502317842506
31	100	74	6	0.024982502317842506
31	100	74	7	0.024982502317842506
31	100	74	4	0.024982502317842506
31	100	74	3	0.024982502317842506
31	100	74	1	0.024982502317842506
31	100	74	78	0.019541050242639055
31	100	74	60	0.024982502317842506
31	100	74	67	0.01234842984026322
31	100	74	42	0.01234842984026322
31	100	74	44	0.01234842984026322
31	100	74	70	0.024982502317842506
31	100	74	81	0.024982502317842506
31	100	74	94	0.024982502317842506
31	100	74	69	0.024982502317842506
31	100	74	58	0.02024188211511042
31	100	74	28	0.010347401901189508
31	100	75	74	0.05232590512179429
31	100	75	7	0.05232590512179429
31	100	75	17	0.030563142607914245
31	100	75	3	0.05232590512179429
31	100	75	2	0.05232590512179429
31	100	75	6	0.05232590512179429
31	100	75	4	0.05232590512179429
31	100	75	1	0.05232590512179429
31	100	75	84	0.04695068825852131
31	100	75	100	0.030563142607914245
31	100	75	22	0.030563142607914245
31	100	75	77	0.030563142607914245
31	100	75	33	0.030563142607914245
31	100	75	93	0.030563142607914245
31	100	75	28	0.011658065771224335
31	100	75	20	0.011658065771224335
31	100	75	59	0.001773450540314813
31	100	75	95	0.011658065771224335
31	100	75	70	0.011658065771224335
31	100	75	8	0.011658065771224335
31	100	75	15	0.011658065771224335
31	100	76	28	0.20705095299745363
31	100	76	7	0.12009544829624601
31	100	76	3	0.12009544829624601
31	100	76	30	0.12009544829624601
31	100	76	94	0.12009544829624601
31	100	76	77	0.12009544829624601
31	100	76	20	0.12009544829624601
31	100	76	4	0.12009544829624601
31	100	76	6	0.12009544829624601
31	100	76	1	0.12009544829624601
31	100	76	2	0.12009544829624601
31	100	76	0	0.11347661463183503
31	100	76	42	0.11347661463183503
31	100	76	15	0.11347661463183503
31	100	76	14	0.11347661463183503
31	100	76	67	0.11347661463183503
31	100	76	66	0.11347661463183503
31	100	76	93	0.11347661463183503
31	100	76	36	0.11347661463183503
31	100	76	59	0.03554050491098796
31	100	77	74	0.4054018040219414
31	100	77	84	0.08133098216211518
31	100	77	3	0.06015549610191244
31	100	77	59	0.08133098216211518
31	100	77	33	0.08133098216211518
31	100	77	17	0.08133098216211518
31	100	77	0	0.06015549610191244
31	100	77	100	0.04357033249381839
31	100	77	15	0.04357033249381839
31	100	77	44	0.04357033249381839
31	100	77	69	0.02226364609162152
31	100	77	29	0.02226364609162152
31	100	77	51	0.02226364609162152
31	100	77	42	0.016074342043720897
31	100	77	81	0.02226364609162152
31	100	77	86	0.02226364609162152
31	100	77	73	0.01779610732713071
31	100	77	28	0.01779610732713071
31	100	77	82	0.016074342043720897
31	100	77	12	0.016074342043720897
31	100	78	74	0.12612890236563756
31	100	78	73	0.08264130206269385
31	100	78	20	0.08264130206269385
31	100	78	3	0.05854256588071964
31	100	78	7	0.05854256588071964
31	100	78	42	0.01580476919543851
31	100	78	6	0.03844665240062338
31	100	78	1	0.03844665240062338
31	100	78	4	0.03844665240062338
31	100	78	2	0.03844665240062338
31	100	78	15	0.03844665240062338
31	100	78	84	0.03844665240062338
31	100	78	17	0.03844665240062338
31	100	78	94	0.019770618848207043
31	100	78	33	0.019770618848207043
31	100	78	77	0.019770618848207043
31	100	78	0	0.019770618848207043
31	100	78	28	0.019770618848207043
31	100	78	71	0.019770618848207043
31	100	78	100	0.019770618848207043
31	100	79	7	0.0752929878900466
31	100	79	73	0.07321851159224518
31	100	79	44	0.04878124166216585
31	100	79	35	0.04878124166216585
31	100	79	1	0.07321851159224518
31	100	79	4	0.07321851159224518
31	100	79	36	0.07321851159224518
31	100	79	6	0.07321851159224518
31	100	79	3	0.07321851159224518
31	100	79	0	0.07321851159224518
31	100	79	2	0.07321851159224518
31	100	79	78	0.018035927806853792
31	100	79	18	0.04878124166216585
31	100	79	17	0.04878124166216585
31	100	79	50	0.04878124166216585
31	100	79	77	0.021568273886332805
31	100	79	69	0.013327879438405799
31	100	79	33	0.013327879438405799
31	100	79	42	0.013327879438405799
31	100	79	20	0.006104477668297317
31	100	80	0	0.45389748904934346
31	100	80	44	0.10880427418058568
31	100	80	1	0.45389748904934346
31	100	80	7	0.45389748904934346
31	100	80	4	0.45389748904934346
31	100	80	3	0.45389748904934346
31	100	80	2	0.45389748904934346
31	100	80	6	0.45389748904934346
31	100	80	74	0.10880427418058568
31	100	80	20	0.10880427418058568
31	100	80	78	0.08641776191584512
31	100	80	33	0.08641776191584512
31	100	80	58	0.05752123156967498
31	100	80	59	0.054581512211656164
31	100	80	100	0.02244517444167748
31	100	80	79	0.08641776191584512
31	100	80	12	0.08641776191584512
31	100	80	77	0.08641776191584512
31	100	80	82	0.08641776191584512
31	100	80	17	0.054581512211656164
31	100	80	84	0.02244517444167748
31	100	81	73	0.22035924771185206
31	100	81	0	0.13305237357227043
31	100	81	74	0.13305237357227043
31	100	81	82	0.034187110722966124
31	100	81	7	0.05950658313373056
31	100	81	3	0.05950658313373056
31	100	81	4	0.05950658313373056
31	100	81	1	0.05950658313373056
31	100	81	17	0.05950658313373056
31	100	81	78	0.034187110722966124
31	100	81	94	0.012810294737363438
31	100	81	6	0.05950658313373056
31	100	81	77	0.05950658313373056
31	100	81	33	0.05950658313373056
31	100	81	2	0.05950658313373056
31	100	81	42	0.034187110722966124
31	100	81	66	0.034187110722966124
31	100	81	36	0.034187110722966124
31	100	81	67	0.034187110722966124
31	100	81	11	0.012810294737363438
31	100	82	7	0.2003586669648801
31	100	82	74	0.2003586669648801
31	100	82	17	0.06335842906963704
31	100	82	77	0.04764896345189878
31	100	82	6	0.2003586669648801
31	100	82	4	0.2003586669648801
31	100	82	2	0.2003586669648801
31	100	82	3	0.2003586669648801
31	100	82	1	0.2003586669648801
31	100	82	0	0.2003586669648801
31	100	82	59	0.034462057775888136
31	100	82	33	0.034462057775888136
31	100	82	78	0.034462057775888136
31	100	82	73	0.034462057775888136
31	100	82	100	0.034462057775888136
31	100	82	20	0.02421238174352446
31	100	82	30	0.02421238174352446
31	100	82	84	0.014265107241222633
31	100	82	28	0.02421238174352446
31	100	82	15	0.02421238174352446
31	100	83	73	0.16682876636111035
31	100	83	84	0.16682876636111035
31	100	83	17	0.10117771975430562
31	100	83	93	0.10117771975430562
31	100	83	3	0.16682876636111035
31	100	83	7	0.16682876636111035
31	100	83	2	0.16682876636111035
31	100	83	6	0.16682876636111035
31	100	83	4	0.16682876636111035
31	100	83	1	0.16682876636111035
31	100	83	0	0.078080708636787
31	100	83	77	0.06025056313447948
31	100	83	8	0.06025056313447948
31	100	83	100	0.06025056313447948
31	100	83	5	0.06025056313447948
31	100	83	22	0.06025056313447948
31	100	83	33	0.06025056313447948
31	100	83	67	0.06025056313447948
31	100	83	42	0.06025056313447948
31	100	83	44	0.06025056313447948
31	100	84	74	0.18098117078046236
31	100	84	17	0.08592439217329162
31	100	84	93	0.0513827527126014
31	100	84	3	0.03332946761375451
31	100	84	15	0.020344284265758936
31	100	84	33	0.020344284265758936
31	100	84	94	0.020344284265758936
31	100	84	20	0.020344284265758936
31	100	84	73	0.020344284265758936
31	100	84	7	0.014451391665684545
31	100	84	77	0.020344284265758936
31	100	84	71	0.020344284265758936
31	100	84	38	0.020344284265758936
31	100	84	30	0.014451391665684545
31	100	84	61	0.014451391665684545
31	100	84	92	0.014451391665684545
31	100	84	81	0.01220412710610837
31	100	84	82	0.007212172174435997
31	100	84	44	0.007212172174435997
31	100	84	1	0.007212172174435997
31	100	84	12	0.007212172174435997
31	100	84	4	0.007212172174435997
31	100	84	79	0.007212172174435997
31	100	84	70	0.01220412710610837
31	100	84	18	0.01220412710610837
31	100	84	69	0.01220412710610837
31	100	84	95	0.01220412710610837
31	100	85	74	0.38986855037951296
31	100	85	12	0.09694394963793232
31	100	85	71	0.18149310079094622
31	100	85	28	0.18149310079094622
31	100	85	59	0.09694394963793232
31	100	85	94	0.09694394963793232
31	100	85	17	0.03884298767379584
31	100	85	15	0.03884298767379584
31	100	85	33	0.03884298767379584
31	100	85	78	0.09694394963793232
31	100	85	79	0.09694394963793232
31	100	85	82	0.09694394963793232
31	100	85	44	0.09694394963793232
31	100	85	20	0.027882100962318607
31	100	85	73	0.022830996404993757
31	100	85	95	0.022830996404993757
31	100	85	48	0.002298258113289885
31	100	85	67	0.027882100962318607
31	100	85	42	0.027882100962318607
31	100	85	18	0.027882100962318607
31	100	85	23	0.027882100962318607
31	100	85	93	0.027882100962318607
31	100	85	66	0.027882100962318607
31	100	85	98	0.027882100962318607
31	100	85	36	0.027882100962318607
31	100	85	13	0.027882100962318607
31	100	86	74	0.27106137300054745
31	100	86	93	0.10013129761137417
31	100	86	15	0.10013129761137417
31	100	86	7	0.10013129761137417
31	100	86	1	0.10013129761137417
31	100	86	67	0.10013129761137417
31	100	86	36	0.10013129761137417
31	100	86	66	0.10013129761137417
31	100	86	42	0.10013129761137417
31	100	86	4	0.10013129761137417
31	100	86	59	0.03573450180410111
31	100	86	70	0.03573450180410111
31	100	86	2	0.03573450180410111
31	100	86	6	0.03573450180410111
31	100	86	33	0.03573450180410111
31	100	86	94	0.03573450180410111
31	100	86	58	0.03573450180410111
31	100	86	97	0.03573450180410111
31	100	86	22	0.03573450180410111
31	100	86	69	0.03573450180410111
31	100	87	74	0.20563255786129525
31	100	87	73	0.09201596779135328
31	100	87	7	0.032509329469592625
31	100	87	3	0.032509329469592625
31	100	87	77	0.032509329469592625
31	100	87	84	0.031959271139636376
31	100	87	20	0.031959271139636376
31	100	87	83	0.031959271139636376
31	100	87	60	0.031959271139636376
31	100	87	100	0.031959271139636376
31	100	87	0	0.031959271139636376
31	100	87	62	0.031959271139636376
31	100	87	4	0.031959271139636376
31	100	87	2	0.031959271139636376
31	100	87	6	0.031959271139636376
31	100	87	1	0.031959271139636376
31	100	87	28	0.00799386835434091
31	100	87	81	0.013136287747811436
31	100	87	69	0.013136287747811436
31	100	87	59	0.00779021022279095
31	100	88	74	0.23968180113965704
31	100	88	0	0.18966269933398963
31	100	88	7	0.18966269933398963
31	100	88	2	0.18966269933398963
31	100	88	42	0.18966269933398963
31	100	88	66	0.18966269933398963
31	100	88	36	0.18966269933398963
31	100	88	67	0.18966269933398963
31	100	88	3	0.18966269933398963
31	100	88	6	0.18966269933398963
31	100	88	4	0.18966269933398963
31	100	88	1	0.18966269933398963
31	100	88	28	0.05296927303171571
31	100	88	59	0.05296927303171571
31	100	88	73	0.05296927303171571
31	100	88	93	0.04013058851799081
31	100	88	15	0.049074362158392566
31	100	88	33	0.011059940519398579
31	100	88	84	0.02994673927829884
31	100	88	70	0.02994673927829884
31	100	88	60	0.02994673927829884
31	100	89	17	0.0702214509636151
31	100	89	0	0.0702214509636151
31	100	89	36	0.035616241159393866
31	100	89	94	0.06251233935421115
31	100	89	74	0.06251233935421115
31	100	89	7	0.035616241159393866
31	100	89	3	0.035616241159393866
31	100	89	15	0.035616241159393866
31	100	89	67	0.02762192980774911
31	100	89	4	0.035616241159393866
31	100	89	42	0.02762192980774911
31	100	89	73	0.035616241159393866
31	100	89	100	0.035616241159393866
31	100	89	1	0.035616241159393866
31	100	89	29	0.035616241159393866
31	100	89	66	0.01346770291298084
31	100	89	6	0.03147175237385198
31	100	89	84	0.03147175237385198
31	100	89	59	0.03147175237385198
31	100	89	2	0.03147175237385198
31	100	89	33	0.03147175237385198
31	100	90	73	0.1393825053664515
31	100	90	74	0.1393825053664515
31	100	90	78	0.1393825053664515
31	100	90	7	0.09085931779328374
31	100	90	3	0.09085931779328374
31	100	90	1	0.09085931779328374
31	100	90	4	0.09085931779328374
31	100	90	82	0.1393825053664515
31	100	90	44	0.1393825053664515
31	100	90	12	0.1393825053664515
31	100	90	20	0.1393825053664515
31	100	90	79	0.1393825053664515
31	100	90	18	0.1393825053664515
31	100	90	0	0.1393825053664515
31	100	90	15	0.08919927293345169
31	100	90	94	0.0715135123407812
31	100	90	59	0.08919927293345169
31	100	90	70	0.04201075775333498
31	100	90	58	0.015745082144306515
31	100	90	2	0.09085931779328374
31	100	90	6	0.09085931779328374
31	100	91	0	0.2712709892867853
31	100	91	7	0.09808899539391083
31	100	91	2	0.09808899539391083
31	100	91	58	0.0782099212275415
31	100	91	70	0.0782099212275415
31	100	91	74	0.09741904996977742
31	100	91	1	0.09808899539391083
31	100	91	3	0.09808899539391083
31	100	91	4	0.09808899539391083
31	100	91	6	0.09808899539391083
31	100	91	94	0.0782099212275415
31	100	91	73	0.0782099212275415
31	100	91	15	0.0782099212275415
31	100	91	84	0.04607432965583212
31	100	91	86	0.04607432965583212
31	100	91	29	0.04607432965583212
31	100	91	82	0.04607432965583212
31	100	91	12	0.010424055206769344
31	100	91	69	0.014504635680106705
31	100	91	100	0.014504635680106705
31	100	91	81	0.014504635680106705
31	100	92	74	0.17306515333266287
31	100	92	73	0.17306515333266287
31	100	92	28	0.17306515333266287
31	100	92	0	0.17306515333266287
31	100	92	67	0.03768764282556729
31	100	92	36	0.03768764282556729
31	100	92	3	0.03768764282556729
31	100	92	77	0.027929240771237814
31	100	92	15	0.03768764282556729
31	100	92	59	0.03768764282556729
31	100	92	42	0.026983285673586113
31	100	92	84	0.026983285673586113
31	100	92	2	0.026983285673586113
31	100	92	66	0.026983285673586113
31	100	92	95	0.004009020155911822
31	100	92	22	0.026983285673586113
31	100	92	6	0.026983285673586113
31	100	92	79	0.014302217567488933
31	100	92	20	0.014302217567488933
31	100	92	78	0.003896871191625227
31	100	92	1	0.003896871191625227
31	100	93	94	0.22285613974824936
31	100	93	73	0.14053120531514024
31	100	93	84	0.08516366469960389
31	100	93	20	0.08516366469960389
31	100	93	0	0.060024385420779945
31	100	93	3	0.060024385420779945
31	100	93	44	0.060024385420779945
31	100	93	100	0.060024385420779945
31	100	93	1	0.060024385420779945
31	100	93	7	0.060024385420779945
31	100	93	71	0.052993175668019685
31	100	93	4	0.060024385420779945
31	100	93	6	0.060024385420779945
31	100	93	2	0.060024385420779945
31	100	93	59	0.03426667272146483
31	100	93	28	0.03426667272146483
31	100	93	79	0.024048329255769375
31	100	93	67	0.024048329255769375
31	100	93	82	0.024048329255769375
31	100	93	12	0.024048329255769375
31	100	94	17	0.10186160783479145
31	100	94	30	0.0994412132010697
31	100	94	93	0.10186160783479145
31	100	94	8	0.10186160783479145
31	100	94	94	0.0994412132010697
31	100	94	0	0.0994412132010697
31	100	94	2	0.0994412132010697
31	100	94	6	0.0994412132010697
31	100	94	5	0.0994412132010697
31	100	94	100	0.025000525052110596
31	100	94	79	0.0658489352314153
31	100	94	44	0.0658489352314153
31	100	94	20	0.06505281289695468
31	100	94	78	0.026531848584993398
31	100	94	12	0.025000525052110596
31	100	94	59	0.025000525052110596
31	100	94	36	0.025000525052110596
31	100	94	3	0.025000525052110596
31	100	94	33	0.02249834615647423
31	100	94	22	0.02249834615647423
31	100	95	17	0.15116613992585348
31	100	95	29	0.08322694239316904
31	100	95	74	0.08322694239316904
31	100	95	7	0.08322694239316904
31	100	95	3	0.08322694239316904
31	100	95	0	0.08322694239316904
31	100	95	77	0.08322694239316904
31	100	95	84	0.08322694239316904
31	100	95	35	0.08322694239316904
31	100	95	6	0.08322694239316904
31	100	95	2	0.08322694239316904
31	100	95	1	0.08322694239316904
31	100	95	4	0.08322694239316904
31	100	95	69	0.08322694239316904
31	100	95	73	0.08322694239316904
31	100	95	100	0.08322694239316904
31	100	95	42	0.08322694239316904
31	100	95	20	0.01826779459189155
31	100	95	18	0.01826779459189155
31	100	95	81	0.01716493898179162
31	100	95	36	0.08322694239316904
31	100	95	67	0.08322694239316904
31	100	95	66	0.08322694239316904
31	100	96	74	0.2613564804287965
31	100	96	73	0.152993636010028
31	100	96	0	0.12677518488881293
31	100	96	3	0.152993636010028
31	100	96	94	0.07247358093632679
31	100	96	4	0.152993636010028
31	100	96	7	0.152993636010028
31	100	96	1	0.152993636010028
31	100	96	6	0.07247358093632679
31	100	96	2	0.07247358093632679
31	100	96	33	0.07247358093632679
31	100	96	36	0.07247358093632679
31	100	96	42	0.07247358093632679
31	100	96	67	0.07247358093632679
31	100	96	70	0.027180931026364874
31	100	96	22	0.027180931026364874
31	100	96	17	0.07247358093632679
31	100	96	66	0.07247358093632679
31	100	96	77	0.07247358093632679
31	100	96	28	0.07247358093632679
31	100	96	78	0.033953954118260715
31	100	97	73	0.07087714966017791
31	100	97	84	0.07087714966017791
31	100	97	100	0.07087714966017791
31	100	97	33	0.07087714966017791
31	100	97	7	0.07087714966017791
31	100	97	3	0.07087714966017791
31	100	97	44	0.03539478415875937
31	100	97	2	0.07087714966017791
31	100	97	6	0.07087714966017791
31	100	97	1	0.07087714966017791
31	100	97	4	0.07087714966017791
31	100	97	0	0.03539478415875937
31	100	97	82	0.02510848772976277
31	100	97	42	0.03539478415875937
31	100	97	67	0.03539478415875937
31	100	97	17	0.03539478415875937
31	100	97	94	0.03539478415875937
31	100	97	28	0.03539478415875937
31	100	97	66	0.03539478415875937
31	100	97	12	0.010567612501479163
31	100	98	74	0.09682951561968936
31	100	98	73	0.03977996033128532
31	100	98	3	0.03780751070777073
31	100	98	4	0.023056432035208282
31	100	98	28	0.03780751070777073
31	100	98	94	0.03780751070777073
31	100	98	59	0.03780751070777073
31	100	98	84	0.023056432035208282
31	100	98	83	0.009768494055243352
31	100	98	1	0.023056432035208282
31	100	98	6	0.023056432035208282
31	100	98	2	0.023056432035208282
31	100	98	7	0.023056432035208282
31	100	98	33	0.023056432035208282
31	100	98	17	0.023056432035208282
31	100	98	44	0.016749854704929235
31	100	98	42	0.009768494055243352
31	100	98	66	0.003640139414028016
31	100	98	58	0.009768494055243352
31	100	98	70	0.009768494055243352
31	100	98	100	0.009768494055243352
31	100	99	74	0.1680554627460854
31	100	99	73	0.05298734930072138
31	100	99	6	0.05298734930072138
31	100	99	2	0.05298734930072138
31	100	99	1	0.05298734930072138
31	100	99	7	0.05298734930072138
31	100	99	59	0.05298734930072138
31	100	99	3	0.05298734930072138
31	100	99	0	0.05298734930072138
31	100	99	4	0.05298734930072138
31	100	99	77	0.02743913242550754
31	100	99	42	0.0203287017601324
31	100	99	33	0.02743913242550754
31	100	99	20	0.02743913242550754
31	100	99	83	0.02743913242550754
31	100	99	84	0.02379154751853155
31	100	99	17	0.022025838794473045
31	100	99	67	0.0203287017601324
31	100	99	35	0.022025838794473045
31	100	99	70	0.022025838794473045
31	100	99	28	0.01646065572562971
31	100	100	0	0.21661793589350498
31	100	100	74	0.19207400062748167
31	100	100	73	0.15385380575534988
31	100	100	77	0.08712373548607713
31	100	100	3	0.08712373548607713
31	100	100	94	0.08712373548607713
31	100	100	59	0.08178802504316283
31	100	100	6	0.08712373548607713
31	100	100	84	0.05759065232721417
31	100	100	71	0.05759065232721417
31	100	100	1	0.08712373548607713
31	100	100	4	0.08712373548607713
31	100	100	7	0.08712373548607713
31	100	100	2	0.08712373548607713
31	100	100	17	0.05759065232721417
31	100	100	15	0.050254681185900665
31	100	100	70	0.050254681185900665
31	100	100	22	0.050254681185900665
31	100	100	58	0.013251546719348896
31	100	100	20	0.013251546719348896
31	true	1	74	0.0500405971419844
31	true	1	7	0.0500405971419844
31	true	1	17	0.0500405971419844
31	true	1	28	0.0500405971419844
31	true	1	59	0.0500405971419844
31	true	1	77	0.0500405971419844
31	true	1	33	0.03131613752220502
31	true	1	73	0.02478428210188014
31	true	1	3	0.02478428210188014
31	true	1	83	0.02478428210188014
31	true	1	22	0.02478428210188014
31	true	1	1	0.02478428210188014
31	true	1	97	0.010384777913552998
31	true	1	81	0.010384777913552998
31	true	1	71	0.010384777913552998
31	true	1	18	0.009074391544102155
31	true	1	15	0.02478428210188014
31	true	1	95	0.02478428210188014
31	true	1	36	0.02478428210188014
31	true	1	4	0.02478428210188014
31	true	1	66	0.02478428210188014
31	true	1	42	0.02478428210188014
31	true	1	67	0.02478428210188014
31	true	2	74	0.1923830683954233
31	true	2	0	0.1923830683954233
31	true	2	77	0.1923830683954233
31	true	2	20	0.09297716774187406
31	true	2	17	0.06446347960602163
31	true	2	7	0.038482874649041016
31	true	2	94	0.038482874649041016
31	true	2	70	0.038482874649041016
31	true	2	78	0.038482874649041016
31	true	2	35	0.038482874649041016
31	true	2	82	0.038482874649041016
31	true	2	3	0.038482874649041016
31	true	2	58	0.038482874649041016
31	true	2	59	0.038482874649041016
31	true	2	44	0.038482874649041016
31	true	2	12	0.038482874649041016
31	true	2	79	0.038482874649041016
31	true	2	33	0.038482874649041016
31	true	2	29	0.021597403176243424
31	true	2	1	0.012384063603588364
31	true	2	2	0.012384063603588364
31	true	2	6	0.012384063603588364
31	true	2	4	0.012384063603588364
31	true	2	42	0.021597403176243424
31	true	3	73	0.13027488267815368
31	true	3	0	0.13027488267815368
31	true	3	17	0.061382129215470524
31	true	3	44	0.05062190584063477
31	true	3	74	0.05062190584063477
31	true	3	78	0.05062190584063477
31	true	3	3	0.041261112080751186
31	true	3	12	0.05062190584063477
31	true	3	82	0.05062190584063477
31	true	3	79	0.05062190584063477
31	true	3	20	0.041261112080751186
31	true	3	33	0.041261112080751186
31	true	3	93	0.041261112080751186
31	true	3	84	0.041261112080751186
31	true	3	71	0.002996064466123103
31	true	3	42	0.002996064466123103
31	true	3	28	0.01924102973592638
31	true	3	6	0.041261112080751186
31	true	3	59	0.041261112080751186
31	true	3	2	0.041261112080751186
31	true	3	7	0.041261112080751186
31	true	3	1	0.041261112080751186
31	true	3	4	0.041261112080751186
31	true	4	73	0.25664550239657224
31	true	4	0	0.1363222889596489
31	true	4	6	0.25664550239657224
31	true	4	2	0.25664550239657224
31	true	4	1	0.25664550239657224
31	true	4	3	0.25664550239657224
31	true	4	7	0.25664550239657224
31	true	4	4	0.25664550239657224
31	true	4	42	0.0701180149698399
31	true	4	67	0.0701180149698399
31	true	4	74	0.0701180149698399
31	true	4	46	0.0701180149698399
31	true	4	30	0.0701180149698399
31	true	4	81	0.0701180149698399
31	true	4	33	0.0701180149698399
31	true	4	84	0.0701180149698399
31	true	4	66	0.0701180149698399
31	true	4	18	0.0701180149698399
31	true	4	44	0.026215198723054833
31	true	4	22	0.011819690242623589
31	true	5	7	0.14878240491436767
31	true	5	74	0.12012903453416246
31	true	5	73	0.12012903453416246
31	true	5	1	0.14878240491436767
31	true	5	4	0.14878240491436767
31	true	5	3	0.10684049678843864
31	true	5	42	0.10684049678843864
31	true	5	67	0.10684049678843864
31	true	5	6	0.10684049678843864
31	true	5	2	0.10684049678843864
31	true	5	33	0.10684049678843864
31	true	5	59	0.10684049678843864
31	true	5	77	0.023740576294674964
31	true	5	84	0.023740576294674964
31	true	5	0	0.023740576294674964
31	true	5	94	0.010244779374594611
31	true	5	17	0.010244779374594611
31	true	5	36	0.023740576294674964
31	true	5	66	0.023740576294674964
31	true	5	79	0.023740576294674964
31	true	5	78	0.023740576294674964
31	true	5	13	0.023740576294674964
31	true	6	74	0.11433102099391797
31	true	6	77	0.07862820326970718
31	true	6	17	0.07862820326970718
31	true	6	73	0.02381660280192556
31	true	6	71	0.07862820326970718
31	true	6	20	0.07862820326970718
31	true	6	33	0.07862820326970718
31	true	6	94	0.07862820326970718
31	true	6	0	0.05401247331166595
31	true	6	18	0.05401247331166595
31	true	6	3	0.01913218167260819
31	true	6	59	0.01913218167260819
31	true	6	65	0.014845666704234997
31	true	6	2	0.01913218167260819
31	true	6	92	0.014845666704234997
31	true	6	72	0.014845666704234997
31	true	6	50	0.014845666704234997
31	true	6	43	0.014845666704234997
31	true	6	4	0.01913218167260819
31	true	6	1	0.01913218167260819
31	true	6	44	0.01913218167260819
31	true	6	7	0.01913218167260819
31	true	6	6	0.01913218167260819
31	true	6	28	0.01913218167260819
31	true	6	78	0.01913218167260819
31	true	7	78	0.3751327539774003
31	true	7	0	0.14050093862417695
31	true	7	59	0.14050093862417695
31	true	7	17	0.14050093862417695
31	true	7	12	0.3751327539774003
31	true	7	79	0.3751327539774003
31	true	7	44	0.3751327539774003
31	true	7	82	0.3751327539774003
31	true	7	99	0.14050093862417695
31	true	7	7	0.05526198433936995
31	true	7	23	0.14050093862417695
31	true	7	98	0.14050093862417695
31	true	7	70	0.08130084412552009
31	true	7	58	0.08130084412552009
31	true	7	11	0.025130915527922158
31	true	7	3	0.022822233519164455
31	true	7	4	0.02185675405688935
31	true	7	66	0.025005127543457253
31	true	7	94	0.025005127543457253
31	true	7	34	0.025005127543457253
31	true	8	0	0.17374305528938508
31	true	8	74	0.17374305528938508
31	true	8	73	0.17374305528938508
31	true	8	84	0.06260278365754685
31	true	8	44	0.027290747738465716
31	true	8	3	0.06260278365754685
31	true	8	7	0.06260278365754685
31	true	8	2	0.06260278365754685
31	true	8	6	0.06260278365754685
31	true	8	4	0.06260278365754685
31	true	8	1	0.06260278365754685
31	true	8	77	0.030912932198910944
31	true	8	59	0.030912932198910944
31	true	8	100	0.030912932198910944
31	true	8	78	0.027290747738465716
31	true	8	82	0.025992485881482095
31	true	8	67	0.019992612291037385
31	true	8	42	0.019992612291037385
31	true	8	79	0.025992485881482095
31	true	8	12	0.025992485881482095
31	true	8	93	0.025992485881482095
31	true	8	15	0.003995718873328248
31	true	9	74	0.20431712158539614
31	true	9	73	0.0684707063852481
31	true	9	94	0.0684707063852481
31	true	9	33	0.026120643800044092
31	true	9	17	0.024522329661269687
31	true	9	84	0.019501730320234698
31	true	9	28	0.013773616160492979
31	true	9	20	0.011762462845812185
31	true	9	67	0.011762462845812185
31	true	9	42	0.011762462845812185
31	true	9	22	0.011762462845812185
31	true	9	100	0.011762462845812185
31	true	9	72	0.011762462845812185
31	true	9	83	0.011762462845812185
31	true	9	15	0.011762462845812185
31	true	9	59	0.011762462845812185
31	true	9	43	0.011762462845812185
31	true	9	70	0.011762462845812185
31	true	9	86	0.011762462845812185
31	true	9	45	0.001698366923624082
31	true	10	74	0.23758757265755973
31	true	10	0	0.0777087220716751
31	true	10	73	0.0777087220716751
31	true	10	28	0.024674786965933112
31	true	10	78	0.02440710675562079
31	true	10	1	0.0777087220716751
31	true	10	4	0.0777087220716751
31	true	10	3	0.0777087220716751
31	true	10	7	0.0777087220716751
31	true	10	2	0.057784178489714746
31	true	10	6	0.057784178489714746
31	true	10	72	0.024082184014840247
31	true	10	43	0.024082184014840247
31	true	10	45	0.019725592850569004
31	true	10	20	0.019725592850569004
31	true	10	54	0.019725592850569004
31	true	10	17	0.018044509477806524
31	true	10	33	0.018044509477806524
31	true	10	11	0.018044509477806524
31	true	10	12	0.0025159973283930912
31	true	10	44	0.0025159973283930912
31	true	10	82	0.0025159973283930912
31	true	11	93	0.09362897463224362
31	true	11	42	0.09362897463224362
31	true	11	67	0.09362897463224362
31	true	11	36	0.09362897463224362
31	true	11	66	0.09362897463224362
31	true	11	82	0.09362897463224362
31	true	11	94	0.09362897463224362
31	true	11	6	0.09362897463224362
31	true	11	2	0.09362897463224362
31	true	11	4	0.09362897463224362
31	true	11	7	0.09362897463224362
31	true	11	1	0.09362897463224362
31	true	11	3	0.09362897463224362
31	true	11	73	0.09362897463224362
31	true	11	17	0.09362897463224362
31	true	11	77	0.09362897463224362
31	true	11	59	0.04502894926192725
31	true	11	74	0.04502894926192725
31	true	11	79	0.09362897463224362
31	true	11	12	0.09362897463224362
31	true	11	44	0.09362897463224362
31	true	11	78	0.011756152022664062
31	true	12	74	0.2379387466494201
31	true	12	33	0.09931885066910755
31	true	12	70	0.07390564751615954
31	true	12	77	0.07390564751615954
31	true	12	17	0.07390564751615954
31	true	12	58	0.07390564751615954
31	true	12	7	0.05880929627981733
31	true	12	94	0.05880929627981733
31	true	12	59	0.05880929627981733
31	true	12	84	0.01251105706900702
31	true	12	4	0.05880929627981733
31	true	12	1	0.05880929627981733
31	true	12	6	0.05880929627981733
31	true	12	100	0.01251105706900702
31	true	12	2	0.05880929627981733
31	true	12	3	0.05880929627981733
31	true	12	67	0.05880929627981733
31	true	12	42	0.05880929627981733
31	true	12	20	0.05880929627981733
31	true	12	71	0.007434575498402931
31	true	13	74	0.14982152809054938
31	true	13	3	0.04070649460417652
31	true	13	7	0.027595541859004154
31	true	13	59	0.027595541859004154
31	true	13	4	0.027595541859004154
31	true	13	1	0.027595541859004154
31	true	13	0	0.027595541859004154
31	true	13	73	0.027595541859004154
31	true	13	17	0.027595541859004154
31	true	13	33	0.027595541859004154
31	true	13	83	0.024337123352357663
31	true	13	28	0.024337123352357663
31	true	13	36	0.010733060154642083
31	true	13	35	0.024337123352357663
31	true	13	77	0.024337123352357663
31	true	13	30	0.024337123352357663
31	true	13	86	0.02117213607786216
31	true	13	29	0.02117213607786216
31	true	13	15	0.02117213607786216
31	true	13	84	0.010733060154642083
31	true	13	2	0.010733060154642083
31	true	13	67	0.010733060154642083
31	true	13	6	0.010733060154642083
31	true	13	66	0.010733060154642083
31	true	13	42	0.010733060154642083
31	true	13	69	0.012013007816672434
31	true	13	95	0.012013007816672434
31	true	14	0	0.07961116492604026
31	true	14	3	0.06948262740978974
31	true	14	7	0.06948262740978974
31	true	14	84	0.06948262740978974
31	true	14	20	0.06948262740978974
31	true	14	4	0.06948262740978974
31	true	14	1	0.06948262740978974
31	true	14	12	0.05555588010171665
31	true	14	2	0.06948262740978974
31	true	14	6	0.06948262740978974
31	true	14	28	0.05555588010171665
31	true	14	73	0.05555588010171665
31	true	14	78	0.019773006110080024
31	true	14	8	0.05555588010171665
31	true	14	100	0.05555588010171665
31	true	14	82	0.019773006110080024
31	true	14	17	0.05555588010171665
31	true	14	5	0.05555588010171665
31	true	14	44	0.019773006110080024
31	true	14	29	0.023236763784082792
31	true	14	77	0.023236763784082792
31	true	14	94	0.023236763784082792
31	true	14	59	0.023236763784082792
31	true	15	74	0.19644832847933408
31	true	15	0	0.19644832847933408
31	true	15	73	0.19644832847933408
31	true	15	17	0.05885902285512713
31	true	15	7	0.19644832847933408
31	true	15	2	0.19644832847933408
31	true	15	42	0.04136759102701039
31	true	15	1	0.19644832847933408
31	true	15	4	0.19644832847933408
31	true	15	3	0.19644832847933408
31	true	15	6	0.19644832847933408
31	true	15	84	0.04136759102701039
31	true	15	67	0.04136759102701039
31	true	15	36	0.04136759102701039
31	true	15	66	0.031151923991762795
31	true	15	15	0.031151923991762795
31	true	15	93	0.031151923991762795
31	true	15	20	0.013248557098612309
31	true	15	77	0.013248557098612309
31	true	15	78	0.013248557098612309
31	true	16	20	0.27367585068582856
31	true	16	0	0.27367585068582856
31	true	16	59	0.08868846491216782
31	true	16	73	0.08868846491216782
31	true	16	77	0.08868846491216782
31	true	16	74	0.07645094424460276
31	true	16	44	0.038010739908481604
31	true	16	67	0.05911885058507944
31	true	16	94	0.05911885058507944
31	true	16	66	0.05911885058507944
31	true	16	84	0.038010739908481604
31	true	16	12	0.038010739908481604
31	true	16	33	0.038010739908481604
31	true	16	36	0.019648792500039286
31	true	16	7	0.019648792500039286
31	true	16	83	0.019648792500039286
31	true	16	3	0.019648792500039286
31	true	16	2	0.019648792500039286
31	true	16	17	0.013200483257973848
31	true	16	79	0.013200483257973848
31	true	16	18	0.013200483257973848
31	true	17	74	0.5227171021490981
31	true	17	0	0.177379742441591
31	true	17	36	0.06167866389063178
31	true	17	2	0.06167866389063178
31	true	17	3	0.06167866389063178
31	true	17	6	0.06167866389063178
31	true	17	7	0.06167866389063178
31	true	17	20	0.06167866389063178
31	true	17	59	0.06167866389063178
31	true	17	44	0.06167866389063178
31	true	17	67	0.06167866389063178
31	true	17	42	0.06167866389063178
31	true	17	15	0.06167866389063178
31	true	17	1	0.06167866389063178
31	true	17	4	0.06167866389063178
31	true	17	78	0.06167866389063178
31	true	17	79	0.06167866389063178
31	true	17	73	0.06167866389063178
31	true	17	66	0.06167866389063178
31	true	17	33	0.03456890873861961
31	true	18	0	0.16162087881077358
31	true	18	74	0.16162087881077358
31	true	18	73	0.16162087881077358
31	true	18	17	0.07406536588430783
31	true	18	7	0.07406536588430783
31	true	18	3	0.07406536588430783
31	true	18	20	0.07406536588430783
31	true	18	77	0.07406536588430783
31	true	18	33	0.07406536588430783
31	true	18	71	0.07406536588430783
31	true	18	82	0.002959302270582889
31	true	18	2	0.07406536588430783
31	true	18	6	0.07406536588430783
31	true	18	1	0.07406536588430783
31	true	18	4	0.07406536588430783
31	true	18	18	0.025918975108896472
31	true	18	70	0.025918975108896472
31	true	18	29	0.025918975108896472
31	true	18	58	0.0119445412442085
31	true	18	67	0.0119445412442085
31	true	18	94	0.0119445412442085
31	true	19	74	0.20458743062352275
31	true	19	77	0.10527060532351135
31	true	19	73	0.03147272263855215
31	true	19	70	0.03147272263855215
31	true	19	60	0.03147272263855215
31	true	19	94	0.03147272263855215
31	true	19	7	0.019018676651734547
31	true	19	3	0.019018676651734547
31	true	19	15	0.03147272263855215
31	true	19	58	0.03147272263855215
31	true	19	95	0.03147272263855215
31	true	19	71	0.03147272263855215
31	true	19	72	0.008245908450798268
31	true	19	4	0.019018676651734547
31	true	19	1	0.019018676651734547
31	true	19	68	0.008245908450798268
31	true	19	36	0.019018676651734547
31	true	19	67	0.019018676651734547
31	true	19	42	0.019018676651734547
31	true	19	66	0.019018676651734547
31	true	19	20	0.01514459302051252
31	true	19	33	0.01514459302051252
31	true	20	74	0.13027953254843025
31	true	20	20	0.13027953254843025
31	true	20	0	0.13027953254843025
31	true	20	33	0.0361715123563934
31	true	20	42	0.02956988371648995
31	true	20	84	0.02956988371648995
31	true	20	67	0.02956988371648995
31	true	20	73	0.02956988371648995
31	true	20	7	0.02956988371648995
31	true	20	17	0.02956988371648995
31	true	20	3	0.02956988371648995
31	true	20	100	0.02956988371648995
31	true	20	66	0.02956988371648995
31	true	20	36	0.02956988371648995
31	true	20	94	0.02956988371648995
31	true	20	59	0.02956988371648995
31	true	20	15	0.02956988371648995
31	true	20	77	0.02956988371648995
31	true	20	28	0.02956988371648995
31	true	20	93	0.02956988371648995
31	true	20	44	0.008664232792129028
31	true	21	73	0.20051685100099298
31	true	21	0	0.09651381020553104
31	true	21	59	0.07313086524164472
31	true	21	78	0.07313086524164472
31	true	21	7	0.056436493068899425
31	true	21	44	0.056436493068899425
31	true	21	1	0.056436493068899425
31	true	21	4	0.056436493068899425
31	true	21	20	0.056436493068899425
31	true	21	12	0.056436493068899425
31	true	21	82	0.056436493068899425
31	true	21	3	0.056436493068899425
31	true	21	2	0.056436493068899425
31	true	21	6	0.056436493068899425
31	true	21	79	0.056436493068899425
31	true	21	17	0.056436493068899425
31	true	21	33	0.056436493068899425
31	true	21	18	0.027427602916260393
31	true	21	74	0.027427602916260393
31	true	21	94	0.027427602916260393
31	true	21	84	0.027427602916260393
31	true	21	35	0.013220883516603985
31	true	22	74	0.13951159020742254
31	true	22	17	0.09991222203304305
31	true	22	73	0.09991222203304305
31	true	22	7	0.09991222203304305
31	true	22	0	0.09991222203304305
31	true	22	20	0.09991222203304305
31	true	22	33	0.09991222203304305
31	true	22	94	0.09991222203304305
31	true	22	77	0.09991222203304305
31	true	22	18	0.04201600531913681
31	true	22	15	0.04201600531913681
31	true	22	1	0.09991222203304305
31	true	22	4	0.09991222203304305
31	true	22	2	0.09991222203304305
31	true	22	6	0.09991222203304305
31	true	22	59	0.052478713421768866
31	true	22	29	0.04201600531913681
31	true	22	72	0.004373114083325202
31	true	22	44	0.008184393239048661
31	true	22	3	0.008184393239048661
31	true	22	42	0.008184393239048661
31	true	23	74	0.0920486399301741
31	true	23	77	0.06265777113983734
31	true	23	0	0.0420076808208844
31	true	23	67	0.0420076808208844
31	true	23	94	0.025979860828032497
31	true	23	4	0.025979860828032497
31	true	23	3	0.01271466509145125
31	true	23	66	0.0420076808208844
31	true	23	78	0.0420076808208844
31	true	23	36	0.0420076808208844
31	true	23	79	0.0420076808208844
31	true	23	42	0.0420076808208844
31	true	23	44	0.0420076808208844
31	true	23	93	0.0420076808208844
31	true	23	12	0.0420076808208844
31	true	23	82	0.0420076808208844
31	true	23	17	0.03653794756400829
31	true	23	13	0.03653794756400829
31	true	23	71	0.03653794756400829
31	true	23	63	0.03653794756400829
31	true	23	62	0.025979860828032497
31	true	24	73	0.05961655279930447
31	true	24	0	0.049660694013029534
31	true	24	7	0.049660694013029534
31	true	24	74	0.04245036204330348
31	true	24	94	0.04245036204330348
31	true	24	59	0.04245036204330348
31	true	24	84	0.039929777866925156
31	true	24	3	0.039929777866925156
31	true	24	4	0.039929777866925156
31	true	24	1	0.039929777866925156
31	true	24	77	0.02938066100353034
31	true	24	6	0.02938066100353034
31	true	24	28	0.02938066100353034
31	true	24	18	0.02938066100353034
31	true	24	2	0.02938066100353034
31	true	24	35	0.02938066100353034
31	true	24	20	0.02938066100353034
31	true	24	69	0.02938066100353034
31	true	24	30	0.02938066100353034
31	true	24	81	0.011622178647521384
31	true	25	74	0.09454216883843311
31	true	25	73	0.09454216883843311
31	true	25	100	0.09454216883843311
31	true	25	59	0.04444543417955526
31	true	25	4	0.09454216883843311
31	true	25	3	0.09454216883843311
31	true	25	7	0.09454216883843311
31	true	25	2	0.09454216883843311
31	true	25	6	0.09454216883843311
31	true	25	1	0.09454216883843311
31	true	25	44	0.02046178749889553
31	true	25	82	0.017022548628813788
31	true	25	28	0.015925751640100922
31	true	25	79	0.017022548628813788
31	true	25	78	0.017022548628813788
31	true	25	70	0.015925751640100922
31	true	25	17	0.015925751640100922
31	true	25	15	0.017022548628813788
31	true	25	12	0.017022548628813788
31	true	25	13	0.014387064922809535
31	true	25	89	0.014387064922809535
31	true	25	8	0.014387064922809535
31	true	25	26	0.014387064922809535
31	true	26	74	0.164950226274004
31	true	26	73	0.09049238060149412
31	true	26	84	0.07405565265835505
31	true	26	7	0.164950226274004
31	true	26	3	0.164950226274004
31	true	26	77	0.07405565265835505
31	true	26	93	0.05359542079790225
31	true	26	15	0.05359542079790225
31	true	26	2	0.164950226274004
31	true	26	6	0.164950226274004
31	true	26	18	0.164950226274004
31	true	26	4	0.164950226274004
31	true	26	1	0.164950226274004
31	true	26	20	0.164950226274004
31	true	26	13	0.164950226274004
31	true	26	23	0.164950226274004
31	true	26	98	0.164950226274004
31	true	26	85	0.164950226274004
31	true	26	34	0.164950226274004
31	true	26	0	0.164950226274004
31	true	27	74	0.21138878364334726
31	true	27	0	0.11651776135538344
31	true	27	3	0.11651776135538344
31	true	27	73	0.11651776135538344
31	true	27	44	0.11651776135538344
31	true	27	78	0.11651776135538344
31	true	27	12	0.11651776135538344
31	true	27	79	0.11651776135538344
31	true	27	82	0.11651776135538344
31	true	27	28	0.050280072401669956
31	true	27	1	0.11651776135538344
31	true	27	4	0.11651776135538344
31	true	27	7	0.11651776135538344
31	true	27	6	0.11651776135538344
31	true	27	2	0.11651776135538344
31	true	27	29	0.050280072401669956
31	true	27	84	0.050280072401669956
31	true	27	93	0.053653006337887804
31	true	27	33	0.04492365570347222
31	true	27	71	0.04492365570347222
31	true	28	74	0.2962830899923752
31	true	28	36	0.04194975756948106
31	true	28	6	0.07228628572820167
31	true	28	7	0.07228628572820167
31	true	28	2	0.07228628572820167
31	true	28	3	0.045102480263722385
31	true	28	4	0.045102480263722385
31	true	28	1	0.03747719715757498
31	true	28	73	0.00745748729094857
31	true	28	94	0.00745748729094857
31	true	28	42	0.04194975756948106
31	true	28	67	0.04194975756948106
31	true	28	66	0.04194975756948106
31	true	28	44	0.04194975756948106
31	true	28	79	0.04194975756948106
31	true	28	78	0.04194975756948106
31	true	28	12	0.04194975756948106
31	true	28	82	0.04194975756948106
31	true	28	17	0.026499498784374506
31	true	28	20	0.026499498784374506
31	true	28	28	0.026499498784374506
31	true	28	59	0.026499498784374506
31	true	28	33	0.026499498784374506
31	true	28	29	0.026499498784374506
31	true	29	74	0.7747698509410779
31	true	29	0	0.2096758871307907
31	true	29	3	0.07004767020490203
31	true	29	77	0.05757705874124715
31	true	29	93	0.05757705874124715
31	true	29	7	0.05757705874124715
31	true	29	1	0.05757705874124715
31	true	29	4	0.05757705874124715
31	true	29	2	0.05757705874124715
31	true	29	6	0.05757705874124715
31	true	29	67	0.05757705874124715
31	true	29	17	0.05757705874124715
31	true	29	42	0.05757705874124715
31	true	29	8	0.04819789230967408
31	true	29	28	0.04819789230967408
31	true	29	5	0.030070493268155293
31	true	29	44	0.030070493268155293
31	true	29	78	0.030070493268155293
31	true	29	66	0.009262640310324626
31	true	29	20	0.027306281885110795
31	true	29	83	0.027306281885110795
31	true	30	74	0.13923123937087414
31	true	30	73	0.11485236969180955
31	true	30	84	0.09042027979412853
31	true	30	7	0.06880707873767729
31	true	30	59	0.03660386675970248
31	true	30	3	0.06880707873767729
31	true	30	71	0.03660386675970248
31	true	30	100	0.03660386675970248
31	true	30	1	0.06880707873767729
31	true	30	4	0.06880707873767729
31	true	30	6	0.06880707873767729
31	true	30	2	0.06880707873767729
31	true	30	42	0.03660386675970248
31	true	30	29	0.024108861819928565
31	true	30	36	0.024108861819928565
31	true	30	67	0.024108861819928565
31	true	30	94	0.03660386675970248
31	true	30	28	0.03660386675970248
31	true	30	33	0.03660386675970248
31	true	30	70	0.03660386675970248
31	true	30	81	0.03660386675970248
31	true	30	69	0.03660386675970248
31	true	31	77	0.16962044051525674
31	true	31	84	0.11992073173711414
31	true	31	74	0.11992073173711414
31	true	31	33	0.11992073173711414
31	true	31	0	0.11992073173711414
31	true	31	100	0.11992073173711414
31	true	31	78	0.032624865125422016
31	true	31	20	0.11992073173711414
31	true	31	22	0.11992073173711414
31	true	31	73	0.032624865125422016
31	true	31	2	0.032624865125422016
31	true	31	97	0.032624865125422016
31	true	31	6	0.032624865125422016
31	true	31	3	0.032624865125422016
31	true	31	88	0.032624865125422016
31	true	31	67	0.02443518550601783
31	true	31	44	0.010707922664322689
31	true	31	42	0.010707922664322689
31	true	31	7	0.032624865125422016
31	true	31	61	0.032624865125422016
31	true	31	81	0.032624865125422016
31	true	31	70	0.032624865125422016
31	true	32	74	0.15945306058429995
31	true	32	20	0.15945306058429995
31	true	32	77	0.09167413257210522
31	true	32	28	0.06961869903099117
31	true	32	3	0.06961869903099117
31	true	32	2	0.06961869903099117
31	true	32	6	0.06961869903099117
31	true	32	60	0.0345603426936453
31	true	32	59	0.06961869903099117
31	true	32	7	0.06961869903099117
31	true	32	17	0.0345603426936453
31	true	32	94	0.0345603426936453
31	true	32	4	0.06961869903099117
31	true	32	1	0.06961869903099117
31	true	32	73	0.06961869903099117
31	true	32	83	0.06961869903099117
31	true	32	62	0.015242321202215258
31	true	32	66	0.032939450019135195
31	true	32	42	0.032939450019135195
31	true	32	36	0.032939450019135195
31	true	32	67	0.032939450019135195
31	true	33	73	0.14551551591569062
31	true	33	7	0.14551551591569062
31	true	33	83	0.14551551591569062
31	true	33	15	0.14551551591569062
31	true	33	0	0.14551551591569062
31	true	33	74	0.08690212549683743
31	true	33	59	0.06076338412058135
31	true	33	4	0.14551551591569062
31	true	33	1	0.14551551591569062
31	true	33	2	0.14551551591569062
31	true	33	6	0.14551551591569062
31	true	33	3	0.14551551591569062
31	true	33	18	0.08690212549683743
31	true	33	20	0.08690212549683743
31	true	33	17	0.06076338412058135
31	true	33	93	0.04002468175169536
31	true	33	44	0.04002468175169536
31	true	33	72	0.009695672460001522
31	true	33	43	0.008993181118174912
31	true	33	79	0.04002468175169536
31	true	33	12	0.04002468175169536
31	true	33	82	0.04002468175169536
31	true	34	0	0.3841651926840003
31	true	34	17	0.17633587248639124
31	true	34	73	0.060906882368175104
31	true	34	29	0.05443461631113663
31	true	34	74	0.031932559967891586
31	true	34	28	0.0292130248817545
31	true	34	93	0.027256169650121103
31	true	34	59	0.027256169650121103
31	true	34	6	0.027256169650121103
31	true	34	84	0.027256169650121103
31	true	34	15	0.027256169650121103
31	true	34	20	0.027256169650121103
31	true	34	81	0.027256169650121103
31	true	34	69	0.024801231372668264
31	true	34	18	0.024801231372668264
31	true	34	78	0.024801231372668264
31	true	34	30	0.008861432337333282
31	true	34	86	0.008861432337333282
31	true	34	94	0.008861432337333282
31	true	34	7	0.008861432337333282
31	true	35	74	0.33645220705898676
31	true	35	17	0.2011366541395701
31	true	35	73	0.06953164970498994
31	true	35	15	0.06953164970498994
31	true	35	67	0.06953164970498994
31	true	35	35	0.01450818003033768
31	true	35	60	0.01450818003033768
31	true	35	42	0.06953164970498994
31	true	35	66	0.06953164970498994
31	true	35	36	0.06953164970498994
31	true	35	71	0.06953164970498994
31	true	35	22	0.06441248994623969
31	true	35	33	0.01450818003033768
31	true	35	97	0.01450818003033768
31	true	35	3	0.01450818003033768
31	true	35	7	0.01450818003033768
31	true	35	78	0.01450818003033768
31	true	35	94	0.01450818003033768
31	true	35	61	0.01450818003033768
31	true	35	28	0.005690587013526158
31	true	36	94	0.03725338909822512
31	true	36	74	0.03725338909822512
31	true	36	3	0.03725338909822512
31	true	36	77	0.03725338909822512
31	true	36	66	0.08848665250565398
31	true	36	93	0.08848665250565398
31	true	36	36	0.08848665250565398
31	true	36	67	0.08848665250565398
31	true	36	42	0.08848665250565398
31	true	36	7	0.03725338909822512
31	true	36	44	0.014561139900710432
31	true	36	0	0.014561139900710432
31	true	36	73	0.03725338909822512
31	true	36	1	0.03725338909822512
31	true	36	4	0.03725338909822512
31	true	36	2	0.03725338909822512
31	true	36	6	0.03725338909822512
31	true	36	18	0.01374416956766652
31	true	36	17	0.01374416956766652
31	true	36	70	0.013213986854940159
31	true	36	58	0.013213986854940159
31	true	37	74	0.13846089415291335
31	true	37	2	0.07230985635361045
31	true	37	6	0.07230985635361045
31	true	37	20	0.07230985635361045
31	true	37	3	0.07230985635361045
31	true	37	12	0.03906501354580295
31	true	37	82	0.03906501354580295
31	true	37	17	0.03906501354580295
31	true	37	73	0.031836449398688314
31	true	37	1	0.031836449398688314
31	true	37	4	0.031836449398688314
31	true	37	7	0.031836449398688314
31	true	37	78	0.03906501354580295
31	true	37	18	0.01308596611188076
31	true	37	35	0.01308596611188076
31	true	37	28	0.01218937328652995
31	true	37	60	0.0019900642113372872
31	true	37	0	0.03906501354580295
31	true	37	79	0.03906501354580295
31	true	37	42	0.03906501354580295
31	true	37	33	0.03906501354580295
31	true	37	67	0.03906501354580295
31	true	37	93	0.03906501354580295
31	true	37	36	0.03906501354580295
31	true	37	66	0.03906501354580295
31	true	37	44	0.03906501354580295
31	true	37	13	0.009677816404834767
31	true	37	77	0.009677816404834767
31	true	38	44	0.09909936846048242
31	true	38	3	0.09909936846048242
31	true	38	73	0.09909936846048242
31	true	38	28	0.09909936846048242
31	true	38	93	0.09909936846048242
31	true	38	17	0.059631751540843395
31	true	38	78	0.09909936846048242
31	true	38	79	0.09909936846048242
31	true	38	12	0.09909936846048242
31	true	38	82	0.09909936846048242
31	true	38	71	0.059631751540843395
31	true	38	20	0.04478930703954303
31	true	38	94	0.04478930703954303
31	true	38	18	0.04478930703954303
31	true	38	2	0.04478930703954303
31	true	38	7	0.04478930703954303
31	true	38	1	0.04478930703954303
31	true	38	33	0.0412248632935799
31	true	38	59	0.0412248632935799
31	true	38	0	0.0412248632935799
31	true	38	6	0.04478930703954303
31	true	38	4	0.04478930703954303
31	true	39	73	0.13324123517252887
31	true	39	100	0.09096068158095677
31	true	39	84	0.09096068158095677
31	true	39	0	0.09096068158095677
31	true	39	74	0.09096068158095677
31	true	39	2	0.05318707082992819
31	true	39	67	0.05318707082992819
31	true	39	42	0.05318707082992819
31	true	39	36	0.05318707082992819
31	true	39	71	0.05318707082992819
31	true	39	17	0.05318707082992819
31	true	39	33	0.05318707082992819
31	true	39	66	0.05318707082992819
31	true	39	78	0.05318707082992819
31	true	39	82	0.05318707082992819
31	true	39	12	0.05318707082992819
31	true	39	94	0.011935009282793913
31	true	39	18	0.011787669390294159
31	true	39	44	0.010215246470210809
31	true	39	77	0.010836786265275044
31	true	39	7	0.010836786265275044
31	true	40	74	0.16601672839481219
31	true	40	0	0.15935466558034822
31	true	40	73	0.10976635136752502
31	true	40	17	0.10976635136752502
31	true	40	7	0.10976635136752502
31	true	40	3	0.10976635136752502
31	true	40	67	0.05540138347025572
31	true	40	42	0.05540138347025572
31	true	40	66	0.037188590355599994
31	true	40	1	0.10976635136752502
31	true	40	6	0.10976635136752502
31	true	40	2	0.10976635136752502
31	true	40	4	0.10976635136752502
31	true	40	59	0.08183531613579877
31	true	40	20	0.05540138347025572
31	true	40	36	0.037188590355599994
31	true	40	44	0.02655295844479019
31	true	40	78	0.014535738478854986
31	true	40	12	0.012947364387911699
31	true	40	77	0.015135665944820258
31	true	40	94	0.015135665944820258
31	true	40	84	0.015135665944820258
31	true	41	0	0.09385730324003486
31	true	41	7	0.09385730324003486
31	true	41	74	0.09385730324003486
31	true	41	3	0.09385730324003486
31	true	41	77	0.033319746148239494
31	true	41	15	0.033319746148239494
31	true	41	4	0.09385730324003486
31	true	41	59	0.09385730324003486
31	true	41	2	0.09385730324003486
31	true	41	1	0.09385730324003486
31	true	41	6	0.09385730324003486
31	true	41	73	0.031457035997001455
31	true	41	84	0.031457035997001455
31	true	41	69	0.031457035997001455
31	true	41	81	0.031457035997001455
31	true	41	20	0.031457035997001455
31	true	41	94	0.031252549182539585
31	true	41	28	0.031252549182539585
31	true	41	36	0.007569677479279951
31	true	41	67	0.007569677479279951
31	true	42	94	0.35269482192368484
31	true	42	42	0.06431745284647192
31	true	42	67	0.06431745284647192
31	true	42	66	0.06431745284647192
31	true	42	79	0.134314573280718
31	true	42	78	0.134314573280718
31	true	42	82	0.134314573280718
31	true	42	44	0.134314573280718
31	true	42	12	0.134314573280718
31	true	42	88	0.134314573280718
31	true	42	23	0.134314573280718
31	true	42	0	0.134314573280718
31	true	42	84	0.134314573280718
31	true	42	98	0.134314573280718
31	true	42	100	0.134314573280718
31	true	42	97	0.134314573280718
31	true	42	22	0.134314573280718
31	true	42	3	0.041540985126784856
31	true	42	4	0.029167429011574812
31	true	42	1	0.029167429011574812
31	true	42	36	0.06431745284647192
31	true	42	60	0.041540985126784856
31	true	43	12	0.18212398092076584
31	true	43	82	0.18212398092076584
31	true	43	67	0.18212398092076584
31	true	43	42	0.18212398092076584
31	true	43	36	0.18212398092076584
31	true	43	66	0.18212398092076584
31	true	43	20	0.18212398092076584
31	true	43	59	0.09021988390437151
31	true	43	79	0.18212398092076584
31	true	43	44	0.18212398092076584
31	true	43	78	0.18212398092076584
31	true	43	84	0.008204609014013892
31	true	43	81	0.008204609014013892
31	true	43	11	0.18212398092076584
31	true	43	99	0.18212398092076584
31	true	43	75	0.18212398092076584
31	true	43	76	0.18212398092076584
31	true	43	49	0.18212398092076584
31	true	43	0	0.017133947499888825
31	true	43	54	0.18212398092076584
31	true	43	45	0.18212398092076584
31	true	43	43	0.18212398092076584
31	true	43	72	0.18212398092076584
31	true	43	27	0.18212398092076584
31	true	43	1	0.017133947499888825
31	true	44	73	0.17163838119033986
31	true	44	0	0.17163838119033986
31	true	44	18	0.16261526377273727
31	true	44	17	0.0633690891460452
31	true	44	1	0.16261526377273727
31	true	44	7	0.16261526377273727
31	true	44	3	0.16261526377273727
31	true	44	4	0.16261526377273727
31	true	44	2	0.16261526377273727
31	true	44	6	0.16261526377273727
31	true	44	93	0.0633690891460452
31	true	44	42	0.0633690891460452
31	true	44	67	0.0633690891460452
31	true	44	66	0.0633690891460452
31	true	44	35	0.0633690891460452
31	true	44	15	0.0633690891460452
31	true	44	62	0.0633690891460452
31	true	44	94	0.0633690891460452
31	true	44	74	0.0633690891460452
31	true	44	84	0.0633690891460452
31	true	44	100	0.03015653171388039
31	true	44	26	0.03015653171388039
31	true	45	73	0.1232327330833394
31	true	45	3	0.04137330065917291
31	true	45	15	0.0208438061516038
31	true	45	84	0.0208438061516038
31	true	45	74	0.0208438061516038
31	true	45	17	0.0208438061516038
31	true	45	7	0.04137330065917291
31	true	45	77	0.04137330065917291
31	true	45	6	0.04137330065917291
31	true	45	2	0.04137330065917291
31	true	45	4	0.04137330065917291
31	true	45	1	0.04137330065917291
31	true	45	44	0.04137330065917291
31	true	45	78	0.04137330065917291
31	true	45	79	0.04137330065917291
31	true	45	12	0.04137330065917291
31	true	45	82	0.04137330065917291
31	true	45	8	0.026655827067555787
31	true	45	71	0.0040612471289230056
31	true	45	43	0.0015034686404479087
31	true	46	0	0.1892055593779876
31	true	46	74	0.1892055593779876
31	true	46	73	0.15905694939448767
31	true	46	94	0.15905694939448767
31	true	46	7	0.0682511327823825
31	true	46	42	0.036669685375846424
31	true	46	100	0.036669685375846424
31	true	46	3	0.036669685375846424
31	true	46	59	0.036669685375846424
31	true	46	33	0.036669685375846424
31	true	46	67	0.036669685375846424
31	true	46	20	0.036669685375846424
31	true	46	66	0.036669685375846424
31	true	46	36	0.036669685375846424
31	true	46	78	0.036669685375846424
31	true	46	82	0.036669685375846424
31	true	46	12	0.036669685375846424
31	true	46	44	0.013615473220966073
31	true	46	13	0.010662967366390615
31	true	46	93	0.010662967366390615
31	true	47	74	0.16383910866535623
31	true	47	73	0.04762616996262484
31	true	47	7	0.04762616996262484
31	true	47	3	0.04762616996262484
31	true	47	67	0.04762616996262484
31	true	47	42	0.04762616996262484
31	true	47	84	0.04762616996262484
31	true	47	66	0.04762616996262484
31	true	47	36	0.02364111864850284
31	true	47	93	0.020881050087131172
31	true	47	81	0.020881050087131172
31	true	47	69	0.020881050087131172
31	true	47	1	0.04762616996262484
31	true	47	44	0.04762616996262484
31	true	47	4	0.04762616996262484
31	true	47	94	0.020881050087131172
31	true	47	35	0.020881050087131172
31	true	47	100	0.020881050087131172
31	true	47	30	0.020881050087131172
31	true	47	33	0.04762616996262484
31	true	47	2	0.04762616996262484
31	true	47	12	0.04762616996262484
31	true	47	6	0.04762616996262484
31	true	47	82	0.04762616996262484
31	true	47	78	0.04762616996262484
31	true	47	79	0.04762616996262484
31	true	47	20	0.010447004657652909
31	true	47	17	0.010447004657652909
31	true	48	73	0.10857264779520483
31	true	48	93	0.08601600428048149
31	true	48	0	0.08601600428048149
31	true	48	77	0.08601600428048149
31	true	48	4	0.08601600428048149
31	true	48	33	0.08601600428048149
31	true	48	59	0.065431816270064
31	true	48	74	0.044922589967162446
31	true	48	42	0.08601600428048149
31	true	48	12	0.08601600428048149
31	true	48	82	0.08601600428048149
31	true	48	28	0.015541653341691433
31	true	48	7	0.044922589967162446
31	true	48	18	0.002478533794359854
31	true	48	79	0.08601600428048149
31	true	48	78	0.08601600428048149
31	true	48	44	0.08601600428048149
31	true	48	36	0.08601600428048149
31	true	48	67	0.08601600428048149
31	true	48	66	0.08601600428048149
31	true	48	3	0.044922589967162446
31	true	49	0	0.11931291791853194
31	true	49	73	0.11931291791853194
31	true	49	74	0.11931291791853194
31	true	49	17	0.0786364800889061
31	true	49	7	0.11931291791853194
31	true	49	3	0.11931291791853194
31	true	49	2	0.11931291791853194
31	true	49	36	0.018818606396467784
31	true	49	59	0.11931291791853194
31	true	49	6	0.11931291791853194
31	true	49	1	0.11931291791853194
31	true	49	4	0.11931291791853194
31	true	49	71	0.044576526689109504
31	true	49	28	0.044576526689109504
31	true	49	33	0.03023452652712158
31	true	49	20	0.0074214589620690136
31	true	49	42	0.018818606396467784
31	true	49	67	0.011541735152248054
31	true	49	82	0.008877175838162766
31	true	49	12	0.008877175838162766
31	true	49	83	0.008877175838162766
31	true	50	74	0.20471840655766968
31	true	50	20	0.04550795171454731
31	true	50	70	0.030253141207160893
31	true	50	3	0.0382826027757038
31	true	50	73	0.0382826027757038
31	true	50	94	0.030253141207160893
31	true	50	4	0.03579973195747783
31	true	50	1	0.03579973195747783
31	true	50	7	0.03579973195747783
31	true	50	2	0.030253141207160893
31	true	50	6	0.030253141207160893
31	true	50	17	0.030253141207160893
31	true	50	58	0.030253141207160893
31	true	50	60	0.030253141207160893
31	true	50	15	0.030253141207160893
31	true	50	95	0.030253141207160893
31	true	50	77	0.011923839100216342
31	true	50	35	0.011923839100216342
31	true	50	26	0.030253141207160893
31	true	50	18	0.030253141207160893
31	true	51	0	0.09904181835388122
31	true	51	33	0.09904181835388122
31	true	51	4	0.09904181835388122
31	true	51	17	0.05164019893957364
31	true	51	7	0.09904181835388122
31	true	51	15	0.09904181835388122
31	true	51	1	0.09904181835388122
31	true	51	3	0.09904181835388122
31	true	51	73	0.09904181835388122
31	true	51	6	0.09904181835388122
31	true	51	2	0.09904181835388122
31	true	51	74	0.09904181835388122
31	true	51	59	0.057101282497631814
31	true	51	95	0.057101282497631814
31	true	51	36	0.05164019893957364
31	true	51	78	0.05164019893957364
31	true	51	83	0.05164019893957364
31	true	51	30	0.05164019893957364
31	true	51	66	0.012145864001680582
31	true	51	60	0.010761352281730334
31	true	52	7	0.10047346322716216
31	true	52	0	0.09595957195617238
31	true	52	73	0.09595957195617238
31	true	52	4	0.09595957195617238
31	true	52	17	0.05592108133971722
31	true	52	74	0.05592108133971722
31	true	52	1	0.09595957195617238
31	true	52	3	0.09595957195617238
31	true	52	2	0.09595957195617238
31	true	52	6	0.09595957195617238
31	true	52	66	0.026856004775602512
31	true	52	78	0.026856004775602512
31	true	52	77	0.05592108133971722
31	true	52	28	0.05592108133971722
31	true	52	84	0.05592108133971722
31	true	52	20	0.05592108133971722
31	true	52	100	0.05592108133971722
31	true	52	59	0.05592108133971722
31	true	52	18	0.003612919924138909
31	true	52	42	0.017676377302481047
31	true	52	67	0.017676377302481047
31	true	53	77	0.05823788650068915
31	true	53	6	0.04697769986334632
31	true	53	20	0.05823788650068915
31	true	53	17	0.05823788650068915
31	true	53	73	0.05823788650068915
31	true	53	74	0.04697769986334632
31	true	53	33	0.04697769986334632
31	true	53	0	0.04697769986334632
31	true	53	59	0.04697769986334632
31	true	53	7	0.04697769986334632
31	true	53	2	0.04697769986334632
31	true	53	3	0.04695453395033078
31	true	53	4	0.04695453395033078
31	true	53	1	0.04695453395033078
31	true	53	28	0.01604285387758162
31	true	53	18	0.04091429929047128
31	true	53	22	0.04091429929047128
31	true	53	42	0.0011700104884975208
31	true	53	69	0.01726996803357797
31	true	53	29	0.01726996803357797
31	true	53	81	0.01726996803357797
31	true	54	74	0.1026078462984683
31	true	54	0	0.1026078462984683
31	true	54	17	0.09909311936926672
31	true	54	33	0.056310109420492874
31	true	54	77	0.056310109420492874
31	true	54	71	0.056310109420492874
31	true	54	42	0.056310109420492874
31	true	54	67	0.056310109420492874
31	true	54	7	0.03773184326519367
31	true	54	66	0.056310109420492874
31	true	54	36	0.056310109420492874
31	true	54	73	0.0235231793391911
31	true	54	12	0.026940012949680212
31	true	54	82	0.026940012949680212
31	true	54	78	0.026940012949680212
31	true	54	44	0.023630058698776657
31	true	54	79	0.009537238148167215
31	true	54	94	0.0235231793391911
31	true	54	3	0.0235231793391911
31	true	54	1	0.0032764787879569716
31	true	55	74	0.32464668018067516
31	true	55	0	0.22879450296814616
31	true	55	17	0.07942204039887012
31	true	55	42	0.04959321852548289
31	true	55	67	0.04959321852548289
31	true	55	3	0.04959321852548289
31	true	55	7	0.04959321852548289
31	true	55	93	0.04959321852548289
31	true	55	4	0.04959321852548289
31	true	55	1	0.04959321852548289
31	true	55	30	0.04959321852548289
31	true	55	73	0.04959321852548289
31	true	55	6	0.04959321852548289
31	true	55	2	0.04959321852548289
31	true	55	33	0.02801203864318908
31	true	55	69	0.01895373697774227
31	true	55	66	0.02801203864318908
31	true	55	36	0.02801203864318908
31	true	55	83	0.016658520770569812
31	true	55	86	0.016658520770569812
31	true	56	94	0.141015011447564
31	true	56	1	0.141015011447564
31	true	56	13	0.06505315560266116
31	true	56	44	0.06505315560266116
31	true	56	79	0.06505315560266116
31	true	56	7	0.141015011447564
31	true	56	4	0.141015011447564
31	true	56	3	0.141015011447564
31	true	56	6	0.141015011447564
31	true	56	2	0.141015011447564
31	true	56	0	0.02377550642044389
31	true	56	12	0.04190152972323413
31	true	56	74	0.04190152972323413
31	true	56	5	0.019035626790249737
31	true	56	8	0.019035626790249737
31	true	56	78	0.013854713194314404
31	true	56	72	0.016355155584205836
31	true	56	45	0.016355155584205836
31	true	56	81	0.013854713194314404
31	true	56	69	0.013854713194314404
31	true	56	82	0.011607244881606794
31	true	56	54	0.016355155584205836
31	true	56	11	0.016355155584205836
31	true	56	43	0.016355155584205836
31	true	57	7	0.09220769037968567
31	true	57	74	0.09220769037968567
31	true	57	73	0.09220769037968567
31	true	57	59	0.07251712639244229
31	true	57	0	0.07251712639244229
31	true	57	4	0.03935376061898123
31	true	57	20	0.03935376061898123
31	true	57	3	0.03935376061898123
31	true	57	1	0.03935376061898123
31	true	57	6	0.03935376061898123
31	true	57	2	0.03935376061898123
31	true	57	33	0.03935376061898123
31	true	57	42	0.010441475465393861
31	true	57	78	0.010441475465393861
31	true	57	94	0.03935376061898123
31	true	57	15	0.03935376061898123
31	true	57	17	0.03935376061898123
31	true	57	28	0.03935376061898123
31	true	57	77	0.022952515392897145
31	true	57	67	0.000742112275557302
31	true	58	73	0.249826708610753
31	true	58	74	0.14159044246819097
31	true	58	77	0.14159044246819097
31	true	58	7	0.19656503999332756
31	true	58	4	0.19656503999332756
31	true	58	17	0.14159044246819097
31	true	58	33	0.14159044246819097
31	true	58	2	0.19656503999332756
31	true	58	6	0.19656503999332756
31	true	58	3	0.19656503999332756
31	true	58	1	0.19656503999332756
31	true	58	0	0.19656503999332756
31	true	58	100	0.14159044246819097
31	true	58	71	0.14159044246819097
31	true	58	44	0.019078822404853736
31	true	58	84	0.019078822404853736
31	true	58	95	0.019078822404853736
31	true	58	11	0.019078822404853736
31	true	58	59	0.019078822404853736
31	true	58	22	0.019078822404853736
31	true	59	3	0.12534351892752815
31	true	59	7	0.12534351892752815
31	true	59	2	0.12534351892752815
31	true	59	17	0.07293346732694676
31	true	59	0	0.12534351892752815
31	true	59	33	0.07293346732694676
31	true	59	1	0.12534351892752815
31	true	59	4	0.12534351892752815
31	true	59	6	0.12534351892752815
31	true	59	12	0.07293346732694676
31	true	59	82	0.07293346732694676
31	true	59	20	0.06473545624142346
31	true	59	44	0.024859755287949613
31	true	59	28	0.06473545624142346
31	true	59	59	0.06473545624142346
31	true	59	78	0.024859755287949613
31	true	59	8	0.024859755287949613
31	true	59	35	0.024859755287949613
31	true	59	60	0.024859755287949613
31	true	59	74	0.017377585948517748
31	true	60	74	0.34190901281948843
31	true	60	30	0.15154896005923013
31	true	60	1	0.15154896005923013
31	true	60	20	0.064669538369212
31	true	60	0	0.08133546848317894
31	true	60	94	0.064669538369212
31	true	60	6	0.15154896005923013
31	true	60	2	0.15154896005923013
31	true	60	7	0.15154896005923013
31	true	60	4	0.15154896005923013
31	true	60	3	0.15154896005923013
31	true	60	71	0.064669538369212
31	true	60	78	0.064669538369212
31	true	60	93	0.064669538369212
31	true	60	95	0.05294283991769059
31	true	60	73	0.05294283991769059
31	true	60	46	0.05294283991769059
31	true	60	35	0.04176537760796842
31	true	60	18	0.032365176973603874
31	true	60	67	0.01635332583390104
31	true	61	74	0.2074208538815254
31	true	61	73	0.1261904621970313
31	true	61	0	0.06503092403757883
31	true	61	3	0.06503092403757883
31	true	61	6	0.06503092403757883
31	true	61	2	0.06503092403757883
31	true	61	7	0.06503092403757883
31	true	61	36	0.022562577044503977
31	true	61	1	0.06503092403757883
31	true	61	4	0.06503092403757883
31	true	61	77	0.06503092403757883
31	true	61	12	0.06503092403757883
31	true	61	82	0.06503092403757883
31	true	61	78	0.06503092403757883
31	true	61	84	0.022562577044503977
31	true	61	28	0.022562577044503977
31	true	61	59	0.022562577044503977
31	true	61	35	0.022562577044503977
31	true	61	67	0.022562577044503977
31	true	61	66	0.022562577044503977
31	true	61	79	0.06503092403757883
31	true	61	44	0.06503092403757883
31	true	61	93	0.06503092403757883
31	true	61	20	0.06503092403757883
31	true	61	17	0.06503092403757883
31	true	61	33	0.06503092403757883
31	true	61	71	0.033115087910006225
31	true	62	73	0.1387999460514448
31	true	62	0	0.1387999460514448
31	true	62	7	0.05005804797152109
31	true	62	3	0.05005804797152109
31	true	62	15	0.05005804797152109
31	true	62	74	0.05005804797152109
31	true	62	59	0.05005804797152109
31	true	62	17	0.044561355864713346
31	true	62	1	0.05005804797152109
31	true	62	4	0.05005804797152109
31	true	62	2	0.05005804797152109
31	true	62	94	0.03172240564287108
31	true	62	6	0.044561355864713346
31	true	62	28	0.044561355864713346
31	true	62	33	0.044561355864713346
31	true	62	20	0.044561355864713346
31	true	62	71	0.015179946554761466
31	true	62	69	0.03172240564287108
31	true	62	81	0.03172240564287108
31	true	62	84	0.03172240564287108
31	true	62	30	0.03172240564287108
31	true	63	3	0.08224097323776981
31	true	63	7	0.08224097323776981
31	true	63	1	0.08224097323776981
31	true	63	73	0.08224097323776981
31	true	63	17	0.08224097323776981
31	true	63	74	0.08224097323776981
31	true	63	77	0.08224097323776981
31	true	63	29	0.08224097323776981
31	true	63	4	0.08224097323776981
31	true	63	2	0.08224097323776981
31	true	63	6	0.08224097323776981
31	true	63	0	0.08224097323776981
31	true	63	93	0.03868824184977732
31	true	63	79	0.03868824184977732
31	true	63	70	0.027489418577646623
31	true	63	59	0.02671043437680068
31	true	63	8	0.023836135972899672
31	true	63	94	0.023836135972899672
31	true	63	15	0.01216539658497446
31	true	63	20	0.010499834014050304
31	true	64	20	0.14876900229335632
31	true	64	36	0.07599408680950437
31	true	64	73	0.07599408680950437
31	true	64	3	0.07599408680950437
31	true	64	17	0.07599408680950437
31	true	64	67	0.07599408680950437
31	true	64	42	0.07599408680950437
31	true	64	66	0.07599408680950437
31	true	64	93	0.07599408680950437
31	true	64	78	0.07599408680950437
31	true	64	12	0.07599408680950437
31	true	64	82	0.07599408680950437
31	true	64	44	0.07599408680950437
31	true	64	35	0.07599408680950437
31	true	64	74	0.07599408680950437
31	true	64	28	0.07599408680950437
31	true	64	7	0.01296983485427196
31	true	64	2	0.01296983485427196
31	true	64	79	0.07599408680950437
31	true	64	63	0.07599408680950437
31	true	64	1	0.004525701707558213
31	true	64	4	0.004525701707558213
31	true	64	77	0.07599408680950437
31	true	64	0	0.0039505860894035105
31	true	65	77	0.11209870924532385
31	true	65	59	0.06544822663524029
31	true	65	42	0.07133034588546028
31	true	65	67	0.07133034588546028
31	true	65	66	0.07133034588546028
31	true	65	36	0.07133034588546028
31	true	65	93	0.07133034588546028
31	true	65	13	0.03289247427836852
31	true	65	78	0.006623373553432022
31	true	65	3	0.03289247427836852
31	true	65	6	0.03289247427836852
31	true	65	2	0.03289247427836852
31	true	65	84	0.03289247427836852
31	true	65	4	0.03289247427836852
31	true	65	1	0.03289247427836852
31	true	65	7	0.03289247427836852
31	true	65	17	0.03289247427836852
31	true	65	20	0.024091468374657806
31	true	65	18	0.024091468374657806
31	true	65	70	0.024091468374657806
31	true	65	100	0.024091468374657806
31	true	66	74	0.2531977026515703
31	true	66	17	0.1279755224635924
31	true	66	73	0.1279755224635924
31	true	66	59	0.1279755224635924
31	true	66	94	0.08628532789544922
31	true	66	28	0.035170948296725256
31	true	66	35	0.035170948296725256
31	true	66	15	0.035170948296725256
31	true	66	7	0.02434024808036488
31	true	66	93	0.02434024808036488
31	true	66	0	0.035170948296725256
31	true	66	30	0.035170948296725256
31	true	66	83	0.022230053509859495
31	true	66	22	0.022230053509859495
31	true	66	69	0.022230053509859495
31	true	66	20	0.011584479871207408
31	true	66	81	0.01703137095139121
31	true	66	51	0.01703137095139121
31	true	66	84	0.010136531507221784
31	true	66	82	0.008788499716656437
31	true	67	74	0.2514842608397697
31	true	67	44	0.08600748589315442
31	true	67	73	0.08600748589315442
31	true	67	6	0.08600748589315442
31	true	67	79	0.08600748589315442
31	true	67	4	0.08600748589315442
31	true	67	7	0.08600748589315442
31	true	67	1	0.08600748589315442
31	true	67	3	0.08600748589315442
31	true	67	2	0.08600748589315442
31	true	67	94	0.08600748589315442
31	true	67	22	0.030803455981540745
31	true	67	82	0.08600748589315442
31	true	67	78	0.08600748589315442
31	true	67	12	0.08600748589315442
31	true	67	0	0.04400395680387017
31	true	67	77	0.04400395680387017
31	true	67	93	0.04400395680387017
31	true	67	15	0.01523320900716706
31	true	67	86	0.009874399369858202
31	true	68	74	0.16636787183604565
31	true	68	7	0.07617174325580789
31	true	68	3	0.07617174325580789
31	true	68	1	0.07617174325580789
31	true	68	4	0.07617174325580789
31	true	68	73	0.07617174325580789
31	true	68	42	0.07617174325580789
31	true	68	33	0.07617174325580789
31	true	68	2	0.07617174325580789
31	true	68	6	0.07617174325580789
31	true	68	36	0.07617174325580789
31	true	68	67	0.07617174325580789
31	true	68	66	0.07617174325580789
31	true	68	17	0.07617174325580789
31	true	68	84	0.07617174325580789
31	true	68	100	0.07617174325580789
31	true	68	18	0.07617174325580789
31	true	68	59	0.07617174325580789
31	true	68	28	0.07617174325580789
31	true	68	0	0.07617174325580789
31	true	69	0	0.20010365078156023
31	true	69	73	0.20010365078156023
31	true	69	7	0.05349838308307238
31	true	69	74	0.05349838308307238
31	true	69	12	0.05349838308307238
31	true	69	3	0.045280083015924434
31	true	69	94	0.045280083015924434
31	true	69	4	0.045280083015924434
31	true	69	1	0.045280083015924434
31	true	69	82	0.045280083015924434
31	true	69	6	0.045280083015924434
31	true	69	2	0.045280083015924434
31	true	69	70	0.045280083015924434
31	true	69	17	0.045280083015924434
31	true	69	58	0.045280083015924434
31	true	69	33	0.045280083015924434
31	true	69	84	0.03584523035160389
31	true	69	100	0.03584523035160389
31	true	69	77	0.03584523035160389
31	true	69	15	0.03584523035160389
31	true	70	74	0.08598837748353207
31	true	70	78	0.0638439978153151
31	true	70	82	0.028206455305075408
31	true	70	7	0.12507765875423912
31	true	70	3	0.12507765875423912
31	true	70	4	0.12507765875423912
31	true	70	1	0.12507765875423912
31	true	70	2	0.12507765875423912
31	true	70	6	0.12507765875423912
31	true	70	33	0.12507765875423912
31	true	70	17	0.08598837748353207
31	true	70	77	0.08598837748353207
31	true	70	0	0.028206455305075408
31	true	70	42	0.010246608878985496
31	true	70	59	0.028206455305075408
31	true	70	84	0.028206455305075408
31	true	70	35	0.028206455305075408
31	true	70	71	0.028206455305075408
31	true	70	62	0.028206455305075408
31	true	70	28	0.028206455305075408
31	true	70	36	0.010246608878985496
31	true	70	93	0.010246608878985496
31	true	70	79	0.010246608878985496
31	true	70	67	0.010246608878985496
31	true	70	12	0.010246608878985496
31	true	70	44	0.010246608878985496
31	true	71	0	0.09138310141071591
31	true	71	74	0.07269380828548187
31	true	71	28	0.04494668241464779
31	true	71	83	0.04494668241464779
31	true	71	86	0.04494668241464779
31	true	71	73	0.04494668241464779
31	true	71	51	0.04494668241464779
31	true	71	7	0.04494668241464779
31	true	71	17	0.04494668241464779
31	true	71	20	0.04494668241464779
31	true	71	1	0.04494668241464779
31	true	71	2	0.04494668241464779
31	true	71	6	0.04494668241464779
31	true	71	4	0.04494668241464779
31	true	71	62	0.009638742964153641
31	true	71	77	0.04494668241464779
31	true	71	3	0.04494668241464779
31	true	71	12	0.04494668241464779
31	true	71	82	0.04494668241464779
31	true	71	44	0.012106936566798168
31	true	71	59	0.009638742964153641
31	true	72	0	0.0936402091014464
31	true	72	74	0.0936402091014464
31	true	72	73	0.0936402091014464
31	true	72	42	0.01422911545457426
31	true	72	3	0.0936402091014464
31	true	72	7	0.0936402091014464
31	true	72	1	0.0936402091014464
31	true	72	4	0.0936402091014464
31	true	72	6	0.0936402091014464
31	true	72	2	0.0936402091014464
31	true	72	20	0.06110973744506229
31	true	72	59	0.06110973744506229
31	true	72	94	0.031159525018627416
31	true	72	84	0.031159525018627416
31	true	72	28	0.031159525018627416
31	true	72	15	0.008515692867655753
31	true	72	67	0.01422911545457426
31	true	72	17	0.01422911545457426
31	true	72	66	0.011751228139685736
31	true	72	44	0.011751228139685736
31	true	72	33	0.011751228139685736
31	true	73	28	0.11786287839553143
31	true	73	42	0.07597261520582137
31	true	73	73	0.07660175238085462
31	true	73	20	0.07660175238085462
31	true	73	59	0.07660175238085462
31	true	73	35	0.07597261520582137
31	true	73	13	0.07597261520582137
31	true	73	18	0.06685088838932134
31	true	73	3	0.07597261520582137
31	true	73	17	0.017295233429538218
31	true	73	94	0.017295233429538218
31	true	73	7	0.07597261520582137
31	true	73	1	0.07597261520582137
31	true	73	4	0.07597261520582137
31	true	73	36	0.07597261520582137
31	true	73	6	0.07597261520582137
31	true	73	2	0.07597261520582137
31	true	73	67	0.07597261520582137
31	true	73	66	0.07597261520582137
31	true	73	93	0.07597261520582137
31	true	73	0	0.03474390430293937
31	true	73	44	0.011434480992385428
31	true	74	74	0.23557369858539207
31	true	74	73	0.23557369858539207
31	true	74	0	0.23557369858539207
31	true	74	2	0.04016768753584952
31	true	74	20	0.03408689454092846
31	true	74	59	0.03408689454092846
31	true	74	83	0.02586456891127758
31	true	74	6	0.02586456891127758
31	true	74	7	0.02586456891127758
31	true	74	4	0.02586456891127758
31	true	74	3	0.02586456891127758
31	true	74	1	0.02586456891127758
31	true	74	78	0.01956552776747841
31	true	74	60	0.02586456891127758
31	true	74	67	0.012066255625775752
31	true	74	42	0.012066255625775752
31	true	74	44	0.012066255625775752
31	true	74	70	0.02586456891127758
31	true	74	81	0.02586456891127758
31	true	74	94	0.02586456891127758
31	true	74	69	0.02586456891127758
31	true	74	58	0.020402189744017498
31	true	74	28	0.010273736172589464
31	true	75	74	0.04447692559717747
31	true	75	7	0.04447692559717747
31	true	75	17	0.028544056689343598
31	true	75	3	0.04447692559717747
31	true	75	2	0.04447692559717747
31	true	75	6	0.04447692559717747
31	true	75	4	0.04447692559717747
31	true	75	1	0.04447692559717747
31	true	75	84	0.04389655757497273
31	true	75	100	0.028544056689343598
31	true	75	22	0.028544056689343598
31	true	75	77	0.028544056689343598
31	true	75	33	0.028544056689343598
31	true	75	93	0.028544056689343598
31	true	75	28	0.010190532912850913
31	true	75	20	0.010190532912850913
31	true	75	59	0.003945618875551115
31	true	75	95	0.010190532912850913
31	true	75	70	0.010190532912850913
31	true	75	8	0.010190532912850913
31	true	75	15	0.010190532912850913
31	true	76	28	0.23746520578524788
31	true	76	7	0.129386353147146
31	true	76	3	0.129386353147146
31	true	76	30	0.129386353147146
31	true	76	94	0.129386353147146
31	true	76	77	0.12711114135213983
31	true	76	20	0.12711114135213983
31	true	76	4	0.129386353147146
31	true	76	6	0.129386353147146
31	true	76	1	0.129386353147146
31	true	76	2	0.129386353147146
31	true	76	0	0.1140461642471447
31	true	76	42	0.1140461642471447
31	true	76	15	0.1140461642471447
31	true	76	14	0.1140461642471447
31	true	76	67	0.1140461642471447
31	true	76	66	0.1140461642471447
31	true	76	93	0.1140461642471447
31	true	76	36	0.1140461642471447
31	true	76	59	0.035944725353904236
31	true	77	74	0.43463191318098093
31	true	77	84	0.08869844469391722
31	true	77	3	0.05783016236905376
31	true	77	17	0.08869844469391722
31	true	77	59	0.08869844469391722
31	true	77	33	0.08869844469391722
31	true	77	0	0.05783016236905376
31	true	77	100	0.044154455031382836
31	true	77	15	0.044154455031382836
31	true	77	44	0.044154455031382836
31	true	77	69	0.02364075973832172
31	true	77	29	0.02364075973832172
31	true	77	51	0.02364075973832172
31	true	77	42	0.01670693632117852
31	true	77	81	0.02364075973832172
31	true	77	86	0.02364075973832172
31	true	77	73	0.019326279974193266
31	true	77	28	0.019326279974193266
31	true	77	82	0.01670693632117852
31	true	77	12	0.01670693632117852
31	true	78	74	0.128394226824248
31	true	78	73	0.08924510912130201
31	true	78	20	0.08924510912130201
31	true	78	3	0.058874936505908075
31	true	78	7	0.058874936505908075
31	true	78	42	0.016327668022548075
31	true	78	82	0.0018636256906377404
31	true	78	1	0.03767427585259462
31	true	78	4	0.03767427585259462
31	true	78	6	0.03767427585259462
31	true	78	2	0.03767427585259462
31	true	78	15	0.03767427585259462
31	true	78	84	0.03767427585259462
31	true	78	17	0.03767427585259462
31	true	78	94	0.02367119145221299
31	true	78	33	0.02367119145221299
31	true	78	77	0.02367119145221299
31	true	78	0	0.02005168475986927
31	true	78	28	0.02005168475986927
31	true	78	71	0.02005168475986927
31	true	78	100	0.02005168475986927
31	true	79	7	0.06282403999639022
31	true	79	73	0.06282403999639022
31	true	79	1	0.06282403999639022
31	true	79	35	0.04864127592514581
31	true	79	44	0.04864127592514581
31	true	79	69	0.01007106875121702
31	true	79	36	0.06282403999639022
31	true	79	4	0.06282403999639022
31	true	79	2	0.06282403999639022
31	true	79	6	0.06282403999639022
31	true	79	3	0.06282403999639022
31	true	79	50	0.04142655375087301
31	true	79	78	0.01007106875121702
31	true	79	77	0.014994795564112299
31	true	79	17	0.04142655375087301
31	true	79	18	0.04142655375087301
31	true	79	0	0.04142655375087301
31	true	79	94	0.006089114131241572
31	true	79	33	0.00833518427430108
31	true	79	42	0.00833518427430108
31	true	80	0	0.7373777223946786
31	true	80	44	0.10998866845564399
31	true	80	1	0.7373777223946786
31	true	80	20	0.10998866845564399
31	true	80	4	0.7373777223946786
31	true	80	3	0.7373777223946786
31	true	80	7	0.7373777223946786
31	true	80	2	0.7373777223946786
31	true	80	6	0.7373777223946786
31	true	80	74	0.10998866845564399
31	true	80	78	0.07855205450505964
31	true	80	33	0.07855205450505964
31	true	80	58	0.06342653472254428
31	true	80	59	0.05485018272296291
31	true	80	77	0.07855205450505964
31	true	80	79	0.07855205450505964
31	true	80	12	0.07855205450505964
31	true	80	82	0.07855205450505964
31	true	80	17	0.05485018272296291
31	true	80	84	0.017340550064480667
31	true	80	100	0.017340550064480667
31	true	81	73	0.22459210638684787
31	true	81	0	0.13262454570627563
31	true	81	74	0.13262454570627563
31	true	81	82	0.033229645421644666
31	true	81	7	0.05974407743106079
31	true	81	3	0.05974407743106079
31	true	81	4	0.05974407743106079
31	true	81	1	0.05974407743106079
31	true	81	17	0.05974407743106079
31	true	81	78	0.033229645421644666
31	true	81	94	0.01272313065986584
31	true	81	6	0.05974407743106079
31	true	81	77	0.05974407743106079
31	true	81	33	0.05974407743106079
31	true	81	2	0.05974407743106079
31	true	81	42	0.033229645421644666
31	true	81	66	0.033229645421644666
31	true	81	36	0.033229645421644666
31	true	81	67	0.033229645421644666
31	true	81	11	0.012741052175031782
31	true	82	7	0.19745662075254358
31	true	82	74	0.19745662075254358
31	true	82	17	0.06345102564467167
31	true	82	77	0.048885976023804886
31	true	82	6	0.19745662075254358
31	true	82	4	0.19745662075254358
31	true	82	2	0.19745662075254358
31	true	82	3	0.19745662075254358
31	true	82	1	0.19745662075254358
31	true	82	0	0.19745662075254358
31	true	82	59	0.035867823592479066
31	true	82	33	0.035867823592479066
31	true	82	78	0.035867823592479066
31	true	82	73	0.035867823592479066
31	true	82	100	0.035867823592479066
31	true	82	30	0.024393808769077686
31	true	82	20	0.024393808769077686
31	true	82	84	0.014160325795663498
31	true	82	28	0.024393808769077686
31	true	82	15	0.024393808769077686
31	true	83	73	0.1705070560472362
31	true	83	84	0.1705070560472362
31	true	83	17	0.10269064201740123
31	true	83	93	0.10269064201740123
31	true	83	3	0.1705070560472362
31	true	83	7	0.1705070560472362
31	true	83	2	0.1705070560472362
31	true	83	6	0.1705070560472362
31	true	83	4	0.1705070560472362
31	true	83	1	0.1705070560472362
31	true	83	0	0.07053517815032738
31	true	83	77	0.061652931622455595
31	true	83	8	0.061652931622455595
31	true	83	100	0.061652931622455595
31	true	83	5	0.061652931622455595
31	true	83	22	0.061652931622455595
31	true	83	33	0.061652931622455595
31	true	83	42	0.061652931622455595
31	true	83	67	0.061652931622455595
31	true	83	44	0.06041732692519592
31	true	84	74	0.1796129703509123
31	true	84	17	0.08441546871980288
31	true	84	93	0.05987116846988048
31	true	84	3	0.03303842009756935
31	true	84	15	0.02071626211330159
31	true	84	33	0.02071626211330159
31	true	84	94	0.02071626211330159
31	true	84	20	0.02071626211330159
31	true	84	73	0.02071626211330159
31	true	84	71	0.02071626211330159
31	true	84	77	0.02071626211330159
31	true	84	38	0.02071626211330159
31	true	84	7	0.009066476112418547
31	true	84	12	0.005420518532387555
31	true	84	61	0.018499386740060547
31	true	84	30	0.018499386740060547
31	true	84	92	0.018499386740060547
31	true	84	81	0.018499386740060547
31	true	84	79	0.00476490021495385
31	true	84	82	0.00476490021495385
31	true	84	44	0.00476490021495385
31	true	84	1	0.00476490021495385
31	true	84	4	0.00476490021495385
31	true	84	70	0.018499386740060547
31	true	84	69	0.018499386740060547
31	true	84	18	0.018499386740060547
31	true	84	95	0.018499386740060547
31	true	85	74	0.4263325866388509
31	true	85	12	0.09680657836087023
31	true	85	71	0.18643741010980147
31	true	85	28	0.18643741010980147
31	true	85	59	0.09680657836087023
31	true	85	94	0.09680657836087023
31	true	85	17	0.03802125441663057
31	true	85	15	0.03802125441663057
31	true	85	33	0.03802125441663057
31	true	85	78	0.09680657836087023
31	true	85	82	0.09680657836087023
31	true	85	79	0.09680657836087023
31	true	85	44	0.09680657836087023
31	true	85	20	0.028067990857705102
31	true	85	73	0.022605658849880934
31	true	85	95	0.022605658849880934
31	true	85	48	0.0024176216666566787
31	true	85	67	0.028067990857705102
31	true	85	42	0.028067990857705102
31	true	85	18	0.028067990857705102
31	true	85	23	0.028067990857705102
31	true	85	93	0.028067990857705102
31	true	85	66	0.028067990857705102
31	true	85	98	0.028067990857705102
31	true	85	36	0.028067990857705102
31	true	85	13	0.028067990857705102
31	true	86	74	0.26898252785464566
31	true	86	93	0.1027529952347591
31	true	86	15	0.1027529952347591
31	true	86	7	0.1027529952347591
31	true	86	1	0.1027529952347591
31	true	86	67	0.1027529952347591
31	true	86	36	0.1027529952347591
31	true	86	66	0.1027529952347591
31	true	86	42	0.1027529952347591
31	true	86	4	0.1027529952347591
31	true	86	59	0.03415007111500651
31	true	86	70	0.03390434547348254
31	true	86	2	0.03390434547348254
31	true	86	33	0.03390434547348254
31	true	86	6	0.03390434547348254
31	true	86	94	0.03390434547348254
31	true	86	58	0.03390434547348254
31	true	86	97	0.03390434547348254
31	true	86	22	0.03390434547348254
31	true	86	69	0.03390434547348254
31	true	87	74	0.20947725679758838
31	true	87	73	0.09136211207964927
31	true	87	7	0.03579045167973524
31	true	87	3	0.03579045167973524
31	true	87	77	0.03579045167973524
31	true	87	84	0.03242248419846521
31	true	87	20	0.03242248419846521
31	true	87	83	0.03242248419846521
31	true	87	60	0.03242248419846521
31	true	87	100	0.03242248419846521
31	true	87	0	0.03242248419846521
31	true	87	62	0.03242248419846521
31	true	87	4	0.03242248419846521
31	true	87	81	0.01444236800435828
31	true	87	69	0.01444236800435828
31	true	87	2	0.03242248419846521
31	true	87	6	0.03242248419846521
31	true	87	1	0.03242248419846521
31	true	87	28	0.009445171910876267
31	true	87	59	0.009445171910876267
31	true	88	74	0.24288701741774468
31	true	88	0	0.19032398506727385
31	true	88	7	0.19032398506727385
31	true	88	2	0.19032398506727385
31	true	88	42	0.19032398506727385
31	true	88	66	0.19032398506727385
31	true	88	36	0.19032398506727385
31	true	88	67	0.19032398506727385
31	true	88	1	0.19032398506727385
31	true	88	28	0.05328380474592513
31	true	88	73	0.05328380474592513
31	true	88	59	0.05328380474592513
31	true	88	93	0.04096267345560064
31	true	88	3	0.19032398506727385
31	true	88	6	0.19032398506727385
31	true	88	4	0.19032398506727385
31	true	88	15	0.04926001334030084
31	true	88	33	0.011174378856404822
31	true	88	77	0.009611854494164815
31	true	88	60	0.02813251010258266
31	true	88	84	0.02813251010258266
31	true	88	70	0.02813251010258266
31	true	89	17	0.07021748470722101
31	true	89	0	0.07021748470722101
31	true	89	36	0.03581445308308511
31	true	89	74	0.07021748470722101
31	true	89	94	0.07021748470722101
31	true	89	7	0.03581445308308511
31	true	89	3	0.03581445308308511
31	true	89	15	0.03581445308308511
31	true	89	67	0.027523686388450885
31	true	89	4	0.03581445308308511
31	true	89	73	0.03581445308308511
31	true	89	42	0.027523686388450885
31	true	89	66	0.017490421088086155
31	true	89	29	0.03581445308308511
31	true	89	100	0.03581445308308511
31	true	89	1	0.03581445308308511
31	true	89	2	0.031328373075507114
31	true	89	33	0.031328373075507114
31	true	89	6	0.031328373075507114
31	true	89	84	0.031328373075507114
31	true	89	59	0.031328373075507114
31	true	90	73	0.17127693532162658
31	true	90	74	0.17127693532162658
31	true	90	78	0.17127693532162658
31	true	90	7	0.08752238469620942
31	true	90	3	0.08752238469620942
31	true	90	20	0.17127693532162658
31	true	90	44	0.17127693532162658
31	true	90	12	0.17127693532162658
31	true	90	82	0.17127693532162658
31	true	90	79	0.17127693532162658
31	true	90	0	0.17127693532162658
31	true	90	18	0.17127693532162658
31	true	90	15	0.08752238469620942
31	true	90	94	0.07109512222468826
31	true	90	59	0.08752238469620942
31	true	90	70	0.04206164143866677
31	true	90	58	0.017952946831191616
31	true	90	2	0.08752238469620942
31	true	90	6	0.08752238469620942
31	true	90	1	0.08752238469620942
31	true	90	4	0.08752238469620942
31	true	91	0	0.2969021315005889
31	true	91	7	0.16958023549301443
31	true	91	58	0.09343795163565966
31	true	91	70	0.09343795163565966
31	true	91	74	0.09343795163565966
31	true	91	2	0.16958023549301443
31	true	91	1	0.16958023549301443
31	true	91	3	0.16958023549301443
31	true	91	4	0.16958023549301443
31	true	91	6	0.16958023549301443
31	true	91	73	0.07618344312330187
31	true	91	94	0.07618344312330187
31	true	91	15	0.07618344312330187
31	true	91	84	0.06042588395532965
31	true	91	86	0.06042588395532965
31	true	91	29	0.046499320174001844
31	true	91	82	0.046499320174001844
31	true	91	69	0.01894855038011426
31	true	91	100	0.01894855038011426
31	true	91	81	0.01894855038011426
31	true	92	74	0.17424015237302498
31	true	92	73	0.17424015237302498
31	true	92	28	0.17424015237302498
31	true	92	0	0.17424015237302498
31	true	92	67	0.037661825924716244
31	true	92	36	0.037661825924716244
31	true	92	3	0.037661825924716244
31	true	92	77	0.02975887410486789
31	true	92	15	0.037661825924716244
31	true	92	59	0.037661825924716244
31	true	92	84	0.02975887410486789
31	true	92	66	0.02975887410486789
31	true	92	42	0.02975887410486789
31	true	92	2	0.02975887410486789
31	true	92	22	0.02975887410486789
31	true	92	6	0.02975887410486789
31	true	92	79	0.017011591971650825
31	true	92	20	0.017011591971650825
31	true	92	95	0.0038089022887155596
31	true	92	1	0.0014583927893638323
31	true	93	94	0.23790737433498782
31	true	93	73	0.1501460764004959
31	true	93	84	0.08830162773775184
31	true	93	20	0.08830162773775184
31	true	93	0	0.05879267895104788
31	true	93	3	0.05879267895104788
31	true	93	44	0.05879267895104788
31	true	93	100	0.05879267895104788
31	true	93	1	0.05879267895104788
31	true	93	7	0.05879267895104788
31	true	93	71	0.05575655200415379
31	true	93	4	0.05879267895104788
31	true	93	6	0.05879267895104788
31	true	93	2	0.05879267895104788
31	true	93	59	0.03471296227830129
31	true	93	28	0.03471296227830129
31	true	93	79	0.02433534314376869
31	true	93	67	0.02433534314376869
31	true	93	82	0.02433534314376869
31	true	93	12	0.02433534314376869
31	true	94	17	0.10551888365752875
31	true	94	30	0.10260008567444753
31	true	94	93	0.10551888365752875
31	true	94	8	0.10551888365752875
31	true	94	94	0.10260008567444753
31	true	94	0	0.10260008567444753
31	true	94	2	0.10260008567444753
31	true	94	5	0.10260008567444753
31	true	94	6	0.10260008567444753
31	true	94	100	0.022994287311963804
31	true	94	79	0.0670981979506103
31	true	94	44	0.0670981979506103
31	true	94	20	0.0670981979506103
31	true	94	78	0.026577868178003353
31	true	94	12	0.022994287311963804
31	true	94	59	0.022994287311963804
31	true	94	36	0.022994287311963804
31	true	94	3	0.022994287311963804
31	true	94	33	0.022994287311963804
31	true	94	22	0.022994287311963804
31	true	95	17	0.15249767472615347
31	true	95	29	0.08269379936761957
31	true	95	74	0.08269379936761957
31	true	95	7	0.08269379936761957
31	true	95	3	0.08269379936761957
31	true	95	0	0.08269379936761957
31	true	95	77	0.08269379936761957
31	true	95	84	0.08269379936761957
31	true	95	35	0.08269379936761957
31	true	95	6	0.08269379936761957
31	true	95	2	0.08269379936761957
31	true	95	1	0.08269379936761957
31	true	95	4	0.08269379936761957
31	true	95	69	0.08269379936761957
31	true	95	73	0.08269379936761957
31	true	95	100	0.08269379936761957
31	true	95	42	0.08269379936761957
31	true	95	20	0.018207702831679443
31	true	95	18	0.018207702831679443
31	true	95	81	0.01715506738976066
31	true	95	36	0.08269379936761957
31	true	95	67	0.08269379936761957
31	true	95	66	0.08269379936761957
31	true	96	74	0.2939418524714208
31	true	96	73	0.16613703782369407
31	true	96	0	0.12348616613762516
31	true	96	3	0.16613703782369407
31	true	96	94	0.07709289676868054
31	true	96	4	0.16613703782369407
31	true	96	7	0.16613703782369407
31	true	96	1	0.16613703782369407
31	true	96	6	0.07709289676868054
31	true	96	2	0.07709289676868054
31	true	96	33	0.07709289676868054
31	true	96	36	0.07709289676868054
31	true	96	42	0.07709289676868054
31	true	96	67	0.07709289676868054
31	true	96	70	0.02859124924075575
31	true	96	22	0.02859124924075575
31	true	96	17	0.07709289676868054
31	true	96	66	0.07709289676868054
31	true	96	77	0.07709289676868054
31	true	96	28	0.07709289676868054
31	true	96	78	0.03406772622153626
31	true	97	73	0.07116418858066371
31	true	97	84	0.07116418858066371
31	true	97	100	0.07116418858066371
31	true	97	33	0.07116418858066371
31	true	97	44	0.0356089707798314
31	true	97	3	0.07116418858066371
31	true	97	7	0.07116418858066371
31	true	97	2	0.07116418858066371
31	true	97	6	0.07116418858066371
31	true	97	1	0.07116418858066371
31	true	97	4	0.07116418858066371
31	true	97	0	0.0356089707798314
31	true	97	82	0.02511514730820683
31	true	97	42	0.0356089707798314
31	true	97	67	0.0356089707798314
31	true	97	17	0.0356089707798314
31	true	97	94	0.0356089707798314
31	true	97	28	0.0356089707798314
31	true	97	66	0.0356089707798314
31	true	97	12	0.010570330768252827
31	true	98	74	0.0743028879787869
31	true	98	3	0.03242616197570316
31	true	98	73	0.03242616197570316
31	true	98	59	0.03242616197570316
31	true	98	94	0.03242616197570316
31	true	98	28	0.03242616197570316
31	true	98	84	0.016752577486226588
31	true	98	83	0.008757996199950267
31	true	98	4	0.016752577486226588
31	true	98	1	0.016752577486226588
31	true	98	58	0.00758865648707578
31	true	98	70	0.00758865648707578
31	true	98	100	0.00758865648707578
31	true	98	95	0.004310260785654583
31	true	98	33	0.016752577486226588
31	true	98	17	0.016752577486226588
31	true	98	6	0.016752577486226588
31	true	98	2	0.016752577486226588
31	true	98	7	0.016752577486226588
31	true	98	44	0.013263095008325738
31	true	98	42	0.007954490362018564
31	true	98	66	0.004076074143273986
31	true	98	67	0.004076074143273986
31	true	99	74	0.1782499967112792
31	true	99	73	0.03543802466594526
31	true	99	6	0.04453817880097787
31	true	99	2	0.04453817880097787
31	true	99	1	0.03534131328913276
31	true	99	59	0.03416915941963058
31	true	99	7	0.03416915941963058
31	true	99	3	0.03416915941963058
31	true	99	0	0.03416915941963058
31	true	99	4	0.03416915941963058
31	true	99	77	0.02723791546420632
31	true	99	42	0.02368196754872919
31	true	99	67	0.02368196754872919
31	true	99	83	0.02723791546420632
31	true	99	33	0.02723791546420632
31	true	99	20	0.02723791546420632
31	true	99	84	0.02508955165012135
31	true	99	35	0.021476758215324104
31	true	99	70	0.021476758215324104
31	true	99	17	0.021476758215324104
31	true	99	28	0.0129781575688899
31	true	100	0	0.22847111386037966
31	true	100	74	0.20420776420101636
31	true	100	73	0.15830598843525986
31	true	100	77	0.0873376728582047
31	true	100	3	0.0873376728582047
31	true	100	94	0.0873376728582047
31	true	100	59	0.08222506723204935
31	true	100	6	0.0873376728582047
31	true	100	84	0.05702438120000279
31	true	100	71	0.05702438120000279
31	true	100	1	0.0873376728582047
31	true	100	4	0.0873376728582047
31	true	100	7	0.0873376728582047
31	true	100	2	0.0873376728582047
31	true	100	17	0.05702438120000279
31	true	100	15	0.050468454969615655
31	true	100	70	0.050468454969615655
31	true	100	22	0.050468454969615655
31	true	100	58	0.012781788548937514
31	true	100	20	0.012781788548937514
