36	0	1	14	0.06472942229723634
36	0	1	77	0.06472942229723634
36	0	1	96	0.06472942229723634
36	0	1	52	0.06472942229723634
36	0	1	20	0.058680227192631655
36	0	1	65	0.0460640564531222
36	0	1	4	0.05237151618901551
36	0	1	42	0.05237151618901551
36	0	1	6	0.0460640564531222
36	0	1	66	0.03014052177540278
36	0	1	60	0.03014052177540278
36	0	1	92	0.03014052177540278
36	0	1	59	0.03014052177540278
36	0	1	40	0.03014052177540278
36	0	1	69	0.03014052177540278
36	0	1	49	0.03014052177540278
36	0	1	87	0.03014052177540278
36	0	1	53	0.03014052177540278
36	0	1	28	0.03014052177540278
36	0	1	33	0.03014052177540278
36	0	2	14	0.06122293197842942
36	0	2	77	0.06122293197842942
36	0	2	96	0.06122293197842942
36	0	2	52	0.06122293197842942
36	0	2	20	0.059148613785475604
36	0	2	65	0.03561550996322667
36	0	2	4	0.05359728080901373
36	0	2	42	0.05359728080901373
36	0	2	6	0.03561550996322667
36	0	2	92	0.028691714736479055
36	0	2	66	0.030187026728516607
36	0	2	60	0.030187026728516607
36	0	2	69	0.028691714736479055
36	0	2	49	0.028691714736479055
36	0	2	40	0.028691714736479055
36	0	2	28	0.028691714736479055
36	0	2	53	0.028691714736479055
36	0	2	59	0.028691714736479055
36	0	2	87	0.025243779769521746
36	0	2	33	0.015773582038690958
36	0	3	14	0.07051812399399902
36	0	3	77	0.07051812399399902
36	0	3	96	0.07051812399399902
36	0	3	52	0.07051812399399902
36	0	3	20	0.07051812399399902
36	0	3	42	0.054993065922243296
36	0	3	4	0.054993065922243296
36	0	3	65	0.054993065922243296
36	0	3	6	0.054993065922243296
36	0	3	59	0.017331275685240184
36	0	3	60	0.026798185806453833
36	0	3	66	0.026798185806453833
36	0	3	92	0.017331275685240184
36	0	3	40	0.017331275685240184
36	0	3	28	0.017331275685240184
36	0	3	69	0.017331275685240184
36	0	3	49	0.017331275685240184
36	0	3	53	0.017331275685240184
36	0	3	87	0.016099499300609492
36	0	3	33	0.017331275685240184
36	0	4	14	0.0652248823718613
36	0	4	77	0.0652248823718613
36	0	4	96	0.0652248823718613
36	0	4	52	0.0652248823718613
36	0	4	20	0.0652248823718613
36	0	4	42	0.06310042561492905
36	0	4	4	0.06310042561492905
36	0	4	6	0.038072645185966474
36	0	4	65	0.030967566546245294
36	0	4	59	0.030967566546245294
36	0	4	60	0.030967566546245294
36	0	4	66	0.030967566546245294
36	0	4	92	0.030967566546245294
36	0	4	53	0.030967566546245294
36	0	4	40	0.030967566546245294
36	0	4	28	0.030967566546245294
36	0	4	87	0.030967566546245294
36	0	4	69	0.030967566546245294
36	0	4	49	0.030967566546245294
36	0	4	33	0.030967566546245294
36	0	5	14	0.07077937053415043
36	0	5	77	0.07077937053415043
36	0	5	96	0.07077937053415043
36	0	5	52	0.07077937053415043
36	0	5	20	0.07077937053415043
36	0	5	42	0.05008925523080476
36	0	5	4	0.05008925523080476
36	0	5	65	0.05008925523080476
36	0	5	6	0.05008925523080476
36	0	5	66	0.02685609172146215
36	0	5	60	0.02685609172146215
36	0	5	59	0.021967490704502563
36	0	5	92	0.021967490704502563
36	0	5	40	0.021967490704502563
36	0	5	28	0.021967490704502563
36	0	5	33	0.021967490704502563
36	0	5	87	0.021967490704502563
36	0	5	53	0.021967490704502563
36	0	5	69	0.021967490704502563
36	0	5	49	0.021967490704502563
36	0	6	14	0.06512032402225698
36	0	6	77	0.06512032402225698
36	0	6	96	0.06512032402225698
36	0	6	52	0.06512032402225698
36	0	6	20	0.05991087811347502
36	0	6	65	0.044958358421690485
36	0	6	4	0.05133318039315551
36	0	6	42	0.05133318039315551
36	0	6	6	0.044958358421690485
36	0	6	59	0.021436465115023215
36	0	6	60	0.027531755225315934
36	0	6	66	0.027531755225315934
36	0	6	92	0.021436465115023215
36	0	6	69	0.021436465115023215
36	0	6	40	0.021436465115023215
36	0	6	49	0.021436465115023215
36	0	6	87	0.021436465115023215
36	0	6	53	0.021436465115023215
36	0	6	30	0.01724279455389975
36	0	6	33	0.021436465115023215
36	0	6	28	0.021436465115023215
36	0	7	14	0.059582531225798416
36	0	7	77	0.059582531225798416
36	0	7	96	0.059582531225798416
36	0	7	52	0.059582531225798416
36	0	7	20	0.059582531225798416
36	0	7	65	0.04927972780120706
36	0	7	4	0.05690983087248396
36	0	7	42	0.05690983087248396
36	0	7	6	0.04927972780120706
36	0	7	92	0.024387348724806357
36	0	7	60	0.02917925973987347
36	0	7	66	0.02917925973987347
36	0	7	59	0.024387348724806357
36	0	7	69	0.024387348724806357
36	0	7	28	0.024387348724806357
36	0	7	53	0.024387348724806357
36	0	7	40	0.024387348724806357
36	0	7	49	0.024387348724806357
36	0	7	87	0.024387348724806357
36	0	7	30	0.012571049556005305
36	0	7	33	0.024387348724806357
36	0	8	14	0.06709169567921881
36	0	8	77	0.06709169567921881
36	0	8	96	0.06709169567921881
36	0	8	52	0.06709169567921881
36	0	8	20	0.06709169567921881
36	0	8	65	0.04323551799761969
36	0	8	4	0.05713598301460639
36	0	8	42	0.05713598301460639
36	0	8	6	0.04323551799761969
36	0	8	66	0.03588546824596564
36	0	8	60	0.03588546824596564
36	0	8	92	0.02980784831476639
36	0	8	40	0.02980784831476639
36	0	8	59	0.02980784831476639
36	0	8	28	0.02980784831476639
36	0	8	53	0.02980784831476639
36	0	8	87	0.02980784831476639
36	0	8	49	0.02980784831476639
36	0	8	69	0.02980784831476639
36	0	8	33	0.02980784831476639
36	0	9	14	0.07000752533642257
36	0	9	77	0.07000752533642257
36	0	9	96	0.07000752533642257
36	0	9	52	0.07000752533642257
36	0	9	20	0.07000752533642257
36	0	9	42	0.05517711550242457
36	0	9	4	0.05517711550242457
36	0	9	6	0.039824857602385376
36	0	9	65	0.03674691841515885
36	0	9	59	0.027911815577220677
36	0	9	60	0.03674691841515885
36	0	9	66	0.03674691841515885
36	0	9	92	0.027911815577220677
36	0	9	40	0.027911815577220677
36	0	9	28	0.027911815577220677
36	0	9	53	0.027911815577220677
36	0	9	49	0.027911815577220677
36	0	9	69	0.027911815577220677
36	0	9	87	0.017301754148206967
36	0	9	33	0.027911815577220677
36	0	10	14	0.07673763769078794
36	0	10	77	0.07673763769078794
36	0	10	96	0.07673763769078794
36	0	10	52	0.07673763769078794
36	0	10	20	0.0584327007384503
36	0	10	65	0.028034934311680516
36	0	10	4	0.0511799893830461
36	0	10	42	0.0511799893830461
36	0	10	6	0.0511799893830461
36	0	10	49	0.02435286731347465
36	0	10	60	0.028034934311680516
36	0	10	66	0.028034934311680516
36	0	10	92	0.02435286731347465
36	0	10	40	0.02435286731347465
36	0	10	53	0.02435286731347465
36	0	10	69	0.02435286731347465
36	0	10	59	0.02435286731347465
36	0	10	87	0.02435286731347465
36	0	10	28	0.02435286731347465
36	0	10	33	0.006754561461972389
36	0	11	14	0.06763172741200969
36	0	11	77	0.06763172741200969
36	0	11	96	0.06763172741200969
36	0	11	52	0.06763172741200969
36	0	11	20	0.06731710034315842
36	0	11	65	0.030997521777653102
36	0	11	4	0.047968263254558406
36	0	11	42	0.047968263254558406
36	0	11	6	0.03549489410425787
36	0	11	49	0.02999753134849978
36	0	11	60	0.030997521777653102
36	0	11	66	0.030997521777653102
36	0	11	92	0.02999753134849978
36	0	11	40	0.02999753134849978
36	0	11	59	0.02999753134849978
36	0	11	28	0.02999753134849978
36	0	11	53	0.02999753134849978
36	0	11	69	0.02999753134849978
36	0	11	87	0.02999753134849978
36	0	11	33	0.02999753134849978
36	0	12	14	0.05941961464475793
36	0	12	77	0.05941961464475793
36	0	12	96	0.05941961464475793
36	0	12	52	0.05941961464475793
36	0	12	20	0.05941961464475793
36	0	12	65	0.04926145535904527
36	0	12	4	0.05941961464475793
36	0	12	42	0.05941961464475793
36	0	12	6	0.04926145535904527
36	0	12	66	0.029641019962438446
36	0	12	60	0.029641019962438446
36	0	12	92	0.02703617275441783
36	0	12	59	0.02703617275441783
36	0	12	40	0.02703617275441783
36	0	12	28	0.02703617275441783
36	0	12	53	0.02703617275441783
36	0	12	49	0.02703617275441783
36	0	12	69	0.02703617275441783
36	0	12	87	0.02703617275441783
36	0	12	30	0.014331451958594666
36	0	12	33	0.02703617275441783
36	0	13	14	0.0726015712625916
36	0	13	77	0.0726015712625916
36	0	13	96	0.0726015712625916
36	0	13	52	0.0726015712625916
36	0	13	20	0.0726015712625916
36	0	13	42	0.0726015712625916
36	0	13	4	0.0726015712625916
36	0	13	65	0.04252266687786177
36	0	13	6	0.04252266687786177
36	0	13	28	0.027215231776147215
36	0	13	60	0.027215231776147215
36	0	13	66	0.027215231776147215
36	0	13	92	0.027215231776147215
36	0	13	53	0.027215231776147215
36	0	13	40	0.027215231776147215
36	0	13	49	0.027215231776147215
36	0	13	59	0.027215231776147215
36	0	13	87	0.027215231776147215
36	0	13	69	0.027215231776147215
36	0	13	33	0.006485128299141214
36	0	14	14	0.07160880209901452
36	0	14	77	0.07160880209901452
36	0	14	96	0.07160880209901452
36	0	14	52	0.07160880209901452
36	0	14	20	0.07160880209901452
36	0	14	6	0.04860219298328827
36	0	14	4	0.0508219632534408
36	0	14	42	0.0508219632534408
36	0	14	65	0.04860219298328827
36	0	14	53	0.01920478435370865
36	0	14	60	0.023713526919163563
36	0	14	66	0.023713526919163563
36	0	14	92	0.01920478435370865
36	0	14	59	0.01920478435370865
36	0	14	40	0.01920478435370865
36	0	14	69	0.01920478435370865
36	0	14	28	0.01920478435370865
36	0	14	87	0.01920478435370865
36	0	14	33	0.01920478435370865
36	0	14	49	0.0167417712128626
36	0	15	14	0.06627292624614159
36	0	15	77	0.06627292624614159
36	0	15	96	0.06627292624614159
36	0	15	52	0.06627292624614159
36	0	15	20	0.0629069067577492
36	0	15	65	0.03739119103370993
36	0	15	4	0.04497247036547948
36	0	15	42	0.04497247036547948
36	0	15	6	0.038333134459125486
36	0	15	49	0.02305658384405484
36	0	15	60	0.02305658384405484
36	0	15	66	0.02305658384405484
36	0	15	92	0.02305658384405484
36	0	15	40	0.02305658384405484
36	0	15	59	0.02305658384405484
36	0	15	69	0.02305658384405484
36	0	15	87	0.02305658384405484
36	0	15	53	0.02305658384405484
36	0	15	30	0.005723326505694661
36	0	15	33	0.022965689910764846
36	0	15	28	0.022965689910764846
36	0	16	14	0.06188438748405889
36	0	16	77	0.06188438748405889
36	0	16	96	0.06188438748405889
36	0	16	52	0.06188438748405889
36	0	16	20	0.06188438748405889
36	0	16	42	0.0499535414097863
36	0	16	4	0.0499535414097863
36	0	16	6	0.0499535414097863
36	0	16	65	0.0499535414097863
36	0	16	59	0.02383719890361534
36	0	16	60	0.025988960758410264
36	0	16	66	0.025988960758410264
36	0	16	92	0.02383719890361534
36	0	16	40	0.02383719890361534
36	0	16	28	0.02383719890361534
36	0	16	53	0.02383719890361534
36	0	16	69	0.02383719890361534
36	0	16	49	0.02383719890361534
36	0	16	87	0.01704143871039139
36	0	16	33	0.02383719890361534
36	0	17	14	0.06713815640942564
36	0	17	77	0.06713815640942564
36	0	17	96	0.06713815640942564
36	0	17	52	0.06713815640942564
36	0	17	20	0.06503868841597081
36	0	17	65	0.03215132988426795
36	0	17	4	0.04975054297268583
36	0	17	42	0.04975054297268583
36	0	17	6	0.03220369055004424
36	0	17	92	0.028788484029451278
36	0	17	60	0.028788484029451278
36	0	17	66	0.028788484029451278
36	0	17	40	0.028788484029451278
36	0	17	53	0.028788484029451278
36	0	17	69	0.028788484029451278
36	0	17	49	0.028788484029451278
36	0	17	87	0.028788484029451278
36	0	17	59	0.027311233479541015
36	0	17	33	0.01074817182639083
36	0	17	28	0.01074817182639083
36	0	18	14	0.06585685218761166
36	0	18	77	0.06585685218761166
36	0	18	96	0.06585685218761166
36	0	18	52	0.06585685218761166
36	0	18	20	0.06585685218761166
36	0	18	65	0.03312150407901535
36	0	18	4	0.05920096085667009
36	0	18	42	0.05920096085667009
36	0	18	6	0.04281185086981058
36	0	18	92	0.029370850716178034
36	0	18	60	0.03312150407901535
36	0	18	66	0.03312150407901535
36	0	18	59	0.029370850716178034
36	0	18	40	0.029370850716178034
36	0	18	28	0.029370850716178034
36	0	18	53	0.029370850716178034
36	0	18	87	0.029370850716178034
36	0	18	49	0.029370850716178034
36	0	18	69	0.029370850716178034
36	0	18	33	0.029370850716178034
36	0	19	14	0.0805883923274819
36	0	19	77	0.0805883923274819
36	0	19	96	0.0805883923274819
36	0	19	52	0.0805883923274819
36	0	19	20	0.06485085544233953
36	0	19	65	0.051228109526076225
36	0	19	4	0.051228109526076225
36	0	19	42	0.051228109526076225
36	0	19	6	0.051228109526076225
36	0	19	66	0.02548930810909408
36	0	19	60	0.02548930810909408
36	0	19	92	0.020522416443715094
36	0	19	40	0.020522416443715094
36	0	19	53	0.020522416443715094
36	0	19	59	0.020522416443715094
36	0	19	87	0.02004265340232879
36	0	19	69	0.020522416443715094
36	0	19	49	0.020522416443715094
36	0	19	33	0.02004265340232879
36	0	19	28	0.02004265340232879
36	0	20	14	0.06926455738513598
36	0	20	77	0.06926455738513598
36	0	20	96	0.06926455738513598
36	0	20	52	0.06926455738513598
36	0	20	20	0.0650225996326949
36	0	20	65	0.04280536720496593
36	0	20	4	0.048719614858829155
36	0	20	42	0.048719614858829155
36	0	20	6	0.0472382500184688
36	0	20	66	0.03512485146005463
36	0	20	60	0.03512485146005463
36	0	20	92	0.03512485146005463
36	0	20	59	0.03512485146005463
36	0	20	40	0.03512485146005463
36	0	20	28	0.03512485146005463
36	0	20	49	0.03512485146005463
36	0	20	87	0.03512485146005463
36	0	20	69	0.03512485146005463
36	0	20	53	0.03512485146005463
36	0	20	33	0.03512485146005463
36	0	21	14	0.06164272573122123
36	0	21	77	0.06164272573122123
36	0	21	96	0.06164272573122123
36	0	21	52	0.06164272573122123
36	0	21	20	0.06164272573122123
36	0	21	65	0.03205244156007555
36	0	21	4	0.058472140223574075
36	0	21	42	0.058472140223574075
36	0	21	6	0.03818598816212087
36	0	21	66	0.03205244156007555
36	0	21	60	0.03205244156007555
36	0	21	92	0.02751179915068532
36	0	21	59	0.02751179915068532
36	0	21	69	0.02751179915068532
36	0	21	28	0.02751179915068532
36	0	21	53	0.02751179915068532
36	0	21	40	0.02751179915068532
36	0	21	49	0.02751179915068532
36	0	21	87	0.016031082458689255
36	0	21	30	0.012094475973972446
36	0	21	33	0.02751179915068532
36	0	22	14	0.07797408563064294
36	0	22	77	0.07797408563064294
36	0	22	96	0.07797408563064294
36	0	22	52	0.07797408563064294
36	0	22	20	0.05656845887810272
36	0	22	42	0.04044666210521654
36	0	22	4	0.04044666210521654
36	0	22	6	0.04044666210521654
36	0	22	65	0.03077972165136771
36	0	22	66	0.03077972165136771
36	0	22	60	0.03077972165136771
36	0	22	92	0.019959569368640788
36	0	22	53	0.019959569368640788
36	0	22	69	0.019959569368640788
36	0	22	49	0.019959569368640788
36	0	22	59	0.019959569368640788
36	0	22	40	0.019959569368640788
36	0	22	87	0.019959569368640788
36	0	22	33	0.018806343686669138
36	0	22	28	0.01854540698954429
36	0	23	14	0.06992367652846555
36	0	23	96	0.06992367652846555
36	0	23	77	0.06992367652846555
36	0	23	52	0.06992367652846555
36	0	23	20	0.06992367652846555
36	0	23	42	0.0551930205771441
36	0	23	4	0.0551930205771441
36	0	23	65	0.048859832230135666
36	0	23	6	0.048859832230135666
36	0	23	66	0.027147227601218873
36	0	23	60	0.027147227601218873
36	0	23	59	0.027147227601218873
36	0	23	92	0.027147227601218873
36	0	23	49	0.027147227601218873
36	0	23	53	0.027147227601218873
36	0	23	40	0.027147227601218873
36	0	23	28	0.027147227601218873
36	0	23	87	0.027147227601218873
36	0	23	69	0.027147227601218873
36	0	23	33	0.027147227601218873
36	0	24	14	0.0928808159459971
36	0	24	77	0.0928808159459971
36	0	24	96	0.0928808159459971
36	0	24	52	0.0928808159459971
36	0	24	20	0.0457782038691318
36	0	24	65	0.03096199361073054
36	0	24	4	0.0457782038691318
36	0	24	42	0.0457782038691318
36	0	24	6	0.03600781230812501
36	0	24	66	0.027745770404619386
36	0	24	60	0.027745770404619386
36	0	24	92	0.026526716698226295
36	0	24	53	0.026526716698226295
36	0	24	87	0.026526716698226295
36	0	24	69	0.026526716698226295
36	0	24	49	0.026526716698226295
36	0	24	40	0.026526716698226295
36	0	24	59	0.026526716698226295
36	0	24	28	0.026526716698226295
36	0	24	30	0.006792542572323872
36	0	25	14	0.0702423016679855
36	0	25	77	0.0702423016679855
36	0	25	96	0.0702423016679855
36	0	25	52	0.0702423016679855
36	0	25	20	0.05327760849681574
36	0	25	65	0.03421559061906235
36	0	25	4	0.0500726469574767
36	0	25	42	0.0500726469574767
36	0	25	6	0.04046526422414249
36	0	25	59	0.02363204101986576
36	0	25	60	0.02363204101986576
36	0	25	66	0.02363204101986576
36	0	25	92	0.02363204101986576
36	0	25	40	0.02363204101986576
36	0	25	49	0.02363204101986576
36	0	25	69	0.02363204101986576
36	0	25	53	0.02363204101986576
36	0	25	87	0.02363204101986576
36	0	25	33	0.02363204101986576
36	0	25	28	0.02363204101986576
36	0	26	14	0.08002663740331918
36	0	26	77	0.08002663740331918
36	0	26	96	0.08002663740331918
36	0	26	52	0.08002663740331918
36	0	26	20	0.06672645872229518
36	0	26	42	0.04175280731768876
36	0	26	4	0.04175280731768876
36	0	26	65	0.04175280731768876
36	0	26	6	0.04175280731768876
36	0	26	92	0.02127206961490791
36	0	26	60	0.022560997748186252
36	0	26	66	0.022560997748186252
36	0	26	59	0.02127206961490791
36	0	26	40	0.02127206961490791
36	0	26	53	0.02127206961490791
36	0	26	87	0.02127206961490791
36	0	26	69	0.02127206961490791
36	0	26	49	0.02127206961490791
36	0	26	33	0.02127206961490791
36	0	26	28	0.02127206961490791
36	0	27	14	0.06747024441008881
36	0	27	77	0.06747024441008881
36	0	27	96	0.06747024441008881
36	0	27	52	0.06747024441008881
36	0	27	20	0.06747024441008881
36	0	27	42	0.054642327191184635
36	0	27	4	0.054642327191184635
36	0	27	6	0.0411970896844066
36	0	27	65	0.0411970896844066
36	0	27	92	0.023228199144765205
36	0	27	60	0.02938456323382981
36	0	27	66	0.02938456323382981
36	0	27	59	0.023228199144765205
36	0	27	40	0.023228199144765205
36	0	27	28	0.023228199144765205
36	0	27	53	0.023228199144765205
36	0	27	69	0.023228199144765205
36	0	27	49	0.023228199144765205
36	0	27	87	0.021816487567040067
36	0	27	33	0.023228199144765205
36	0	28	14	0.05986182437889557
36	0	28	77	0.05986182437889557
36	0	28	96	0.05986182437889557
36	0	28	52	0.05986182437889557
36	0	28	20	0.057022344729921105
36	0	28	65	0.05217899395618509
36	0	28	4	0.05420077931514395
36	0	28	42	0.05420077931514395
36	0	28	6	0.05217899395618509
36	0	28	66	0.0319617196370472
36	0	28	60	0.0319617196370472
36	0	28	92	0.0319617196370472
36	0	28	49	0.0319617196370472
36	0	28	40	0.0319617196370472
36	0	28	59	0.029616055424853162
36	0	28	53	0.0319617196370472
36	0	28	69	0.0319617196370472
36	0	28	87	0.0319617196370472
36	0	28	28	0.029616055424853162
36	0	28	33	0.029616055424853162
36	0	29	14	0.06949991248089064
36	0	29	77	0.06949991248089064
36	0	29	96	0.06949991248089064
36	0	29	52	0.06949991248089064
36	0	29	20	0.06949991248089064
36	0	29	42	0.05128699383580921
36	0	29	4	0.05128699383580921
36	0	29	6	0.03900859679587444
36	0	29	65	0.03577943622333184
36	0	29	92	0.02440074245157564
36	0	29	66	0.030588012716000635
36	0	29	60	0.030588012716000635
36	0	29	59	0.019789897644920076
36	0	29	40	0.02440074245157564
36	0	29	53	0.02440074245157564
36	0	29	28	0.019789897644920076
36	0	29	87	0.02440074245157564
36	0	29	69	0.02440074245157564
36	0	29	49	0.02440074245157564
36	0	29	33	0.019789897644920076
36	0	30	14	0.06716451774788232
36	0	30	52	0.06716451774788232
36	0	30	77	0.06716451774788232
36	0	30	96	0.06716451774788232
36	0	30	20	0.06716451774788232
36	0	30	42	0.06017347151038787
36	0	30	4	0.06017347151038787
36	0	30	65	0.04704791182415688
36	0	30	6	0.04704791182415688
36	0	30	92	0.02888004031528938
36	0	30	60	0.03265745103599085
36	0	30	66	0.03265745103599085
36	0	30	59	0.023698353314505375
36	0	30	49	0.02888004031528938
36	0	30	69	0.02888004031528938
36	0	30	40	0.02888004031528938
36	0	30	53	0.02888004031528938
36	0	30	87	0.02888004031528938
36	0	30	28	0.023698353314505375
36	0	30	33	0.023698353314505375
36	0	31	14	0.0728334321998846
36	0	31	77	0.0728334321998846
36	0	31	96	0.0728334321998846
36	0	31	52	0.0728334321998846
36	0	31	20	0.0728334321998846
36	0	31	42	0.051382102777150135
36	0	31	4	0.051382102777150135
36	0	31	65	0.051382102777150135
36	0	31	6	0.051382102777150135
36	0	31	66	0.03049997922586262
36	0	31	60	0.03049997922586262
36	0	31	92	0.021246662211765303
36	0	31	40	0.021246662211765303
36	0	31	53	0.021246662211765303
36	0	31	69	0.021246662211765303
36	0	31	49	0.021246662211765303
36	0	31	59	0.021246662211765303
36	0	31	28	0.021246662211765303
36	0	31	87	0.021246662211765303
36	0	31	33	0.00952853467435401
36	0	32	14	0.11481185923404993
36	0	32	77	0.11481185923404993
36	0	32	96	0.11481185923404993
36	0	32	52	0.11481185923404993
36	0	32	20	0.0666966929644266
36	0	32	42	0.0666966929644266
36	0	32	4	0.0666966929644266
36	0	32	6	0.028754368925484542
36	0	32	65	0.02548997089337485
36	0	32	53	0.02157446589355998
36	0	32	60	0.02548997089337485
36	0	32	66	0.02548997089337485
36	0	32	40	0.02157446589355998
36	0	32	92	0.02157446589355998
36	0	32	87	0.02157446589355998
36	0	32	49	0.02157446589355998
36	0	32	59	0.02157446589355998
36	0	32	28	0.02157446589355998
36	0	32	33	0.02157446589355998
36	0	32	69	0.004640927042298469
36	0	33	14	0.06821966904398079
36	0	33	77	0.06821966904398079
36	0	33	96	0.06821966904398079
36	0	33	52	0.06821966904398079
36	0	33	20	0.06122509733526903
36	0	33	42	0.04967839758962047
36	0	33	4	0.04967839758962047
36	0	33	65	0.04967839758962047
36	0	33	6	0.04967839758962047
36	0	33	92	0.021836549294246888
36	0	33	60	0.03188093959788432
36	0	33	66	0.03188093959788432
36	0	33	40	0.021836549294246888
36	0	33	49	0.021836549294246888
36	0	33	28	0.021836549294246888
36	0	33	53	0.021836549294246888
36	0	33	59	0.021836549294246888
36	0	33	87	0.01920294438192634
36	0	33	33	0.01374416636415805
36	0	33	69	0.011757716890880574
36	0	34	14	0.06204357848967147
36	0	34	77	0.06204357848967147
36	0	34	96	0.06204357848967147
36	0	34	52	0.06204357848967147
36	0	34	20	0.06204357848967147
36	0	34	42	0.06021565221091244
36	0	34	4	0.06021565221091244
36	0	34	6	0.038308207467133024
36	0	34	65	0.03545424419359694
36	0	34	59	0.02374433057296791
36	0	34	60	0.031208703059570745
36	0	34	66	0.031208703059570745
36	0	34	92	0.02374433057296791
36	0	34	40	0.02374433057296791
36	0	34	49	0.02374433057296791
36	0	34	69	0.02374433057296791
36	0	34	53	0.02374433057296791
36	0	34	28	0.02374433057296791
36	0	34	87	0.022079924834708897
36	0	34	33	0.02374433057296791
36	0	35	14	0.06255573773164122
36	0	35	77	0.06255573773164122
36	0	35	96	0.06255573773164122
36	0	35	52	0.06255573773164122
36	0	35	20	0.053700297673821604
36	0	35	65	0.04922135102821253
36	0	35	4	0.053700297673821604
36	0	35	42	0.053700297673821604
36	0	35	6	0.04922135102821253
36	0	35	66	0.028998973690013176
36	0	35	60	0.028998973690013176
36	0	35	92	0.028998973690013176
36	0	35	59	0.028998973690013176
36	0	35	49	0.028998973690013176
36	0	35	28	0.028998973690013176
36	0	35	40	0.028998973690013176
36	0	35	69	0.028998973690013176
36	0	35	87	0.028998973690013176
36	0	35	53	0.028998973690013176
36	0	35	33	0.028998973690013176
36	0	36	14	0.06326051838843738
36	0	36	77	0.06326051838843738
36	0	36	96	0.06326051838843738
36	0	36	52	0.06326051838843738
36	0	36	20	0.06326051838843738
36	0	36	42	0.05786417498358391
36	0	36	4	0.05786417498358391
36	0	36	65	0.04805341872604224
36	0	36	6	0.04805341872604224
36	0	36	66	0.03351242542302901
36	0	36	60	0.03351242542302901
36	0	36	59	0.029307715974259112
36	0	36	92	0.029307715974259112
36	0	36	40	0.029307715974259112
36	0	36	28	0.029307715974259112
36	0	36	53	0.029307715974259112
36	0	36	87	0.029307715974259112
36	0	36	69	0.029307715974259112
36	0	36	49	0.029307715974259112
36	0	36	33	0.029307715974259112
36	0	37	14	0.08332798678942689
36	0	37	77	0.08332798678942689
36	0	37	96	0.08332798678942689
36	0	37	52	0.08332798678942689
36	0	37	20	0.06095728143100227
36	0	37	65	0.038650438875549586
36	0	37	4	0.038650438875549586
36	0	37	42	0.038650438875549586
36	0	37	6	0.038650438875549586
36	0	37	92	0.0259682022789763
36	0	37	60	0.02902313345417752
36	0	37	66	0.02902313345417752
36	0	37	40	0.0259682022789763
36	0	37	59	0.0259682022789763
36	0	37	49	0.0259682022789763
36	0	37	69	0.0259682022789763
36	0	37	53	0.0259682022789763
36	0	37	87	0.0259682022789763
36	0	37	28	0.0259682022789763
36	0	37	30	0.022430245426020887
36	0	37	33	0.0259682022789763
36	0	38	14	0.0710934178243709
36	0	38	77	0.0710934178243709
36	0	38	96	0.0710934178243709
36	0	38	52	0.0710934178243709
36	0	38	20	0.0646771370481273
36	0	38	65	0.037812602749927
36	0	38	4	0.04578343721507531
36	0	38	42	0.04578343721507531
36	0	38	6	0.037812602749927
36	0	38	92	0.02948718595569068
36	0	38	60	0.037812602749927
36	0	38	66	0.037812602749927
36	0	38	49	0.02948718595569068
36	0	38	59	0.023383438349536677
36	0	38	40	0.02948718595569068
36	0	38	69	0.02948718595569068
36	0	38	87	0.02948718595569068
36	0	38	53	0.02948718595569068
36	0	38	28	0.023383438349536677
36	0	38	33	0.023383438349536677
36	0	39	14	0.06609036253377283
36	0	39	52	0.06609036253377283
36	0	39	77	0.06609036253377283
36	0	39	96	0.06609036253377283
36	0	39	20	0.06609036253377283
36	0	39	6	0.05048010473862553
36	0	39	4	0.05048010473862553
36	0	39	42	0.05048010473862553
36	0	39	65	0.05048010473862553
36	0	39	69	0.02244312607718354
36	0	39	60	0.032871999904483924
36	0	39	66	0.032871999904483924
36	0	39	92	0.02244312607718354
36	0	39	40	0.02244312607718354
36	0	39	59	0.02244312607718354
36	0	39	53	0.02244312607718354
36	0	39	49	0.02244312607718354
36	0	39	28	0.02244312607718354
36	0	39	87	0.02244312607718354
36	0	39	33	0.02244312607718354
36	0	40	14	0.06853864399472964
36	0	40	77	0.06853864399472964
36	0	40	96	0.06853864399472964
36	0	40	52	0.06853864399472964
36	0	40	20	0.0604647388912748
36	0	40	65	0.0373534718811603
36	0	40	4	0.04858469205618281
36	0	40	42	0.04858469205618281
36	0	40	6	0.0373534718811603
36	0	40	92	0.02599436359703053
36	0	40	60	0.02599436359703053
36	0	40	66	0.02599436359703053
36	0	40	59	0.02599436359703053
36	0	40	40	0.02599436359703053
36	0	40	53	0.02599436359703053
36	0	40	69	0.02599436359703053
36	0	40	49	0.02599436359703053
36	0	40	87	0.02599436359703053
36	0	40	33	0.02599436359703053
36	0	40	28	0.02599436359703053
36	0	41	14	0.07128323247956429
36	0	41	77	0.07128323247956429
36	0	41	96	0.07128323247956429
36	0	41	52	0.07128323247956429
36	0	41	20	0.07128323247956429
36	0	41	65	0.029173686489234844
36	0	41	4	0.07128323247956429
36	0	41	42	0.07128323247956429
36	0	41	6	0.029173686489234844
36	0	41	59	0.02855322210793368
36	0	41	66	0.029173686489234844
36	0	41	60	0.029173686489234844
36	0	41	92	0.029173686489234844
36	0	41	40	0.029173686489234844
36	0	41	49	0.029173686489234844
36	0	41	69	0.029173686489234844
36	0	41	53	0.029173686489234844
36	0	41	28	0.02855322210793368
36	0	41	87	0.029173686489234844
36	0	41	33	0.02855322210793368
36	0	42	14	0.06592332769969884
36	0	42	77	0.06592332769969884
36	0	42	96	0.06592332769969884
36	0	42	52	0.06592332769969884
36	0	42	20	0.0644736478832119
36	0	42	65	0.039627130963839685
36	0	42	4	0.0644736478832119
36	0	42	42	0.0644736478832119
36	0	42	6	0.039627130963839685
36	0	42	92	0.03018079271381138
36	0	42	60	0.03018079271381138
36	0	42	66	0.03018079271381138
36	0	42	40	0.03018079271381138
36	0	42	59	0.027861709327408675
36	0	42	28	0.027861709327408675
36	0	42	53	0.03018079271381138
36	0	42	87	0.03018079271381138
36	0	42	49	0.03018079271381138
36	0	42	69	0.03018079271381138
36	0	42	33	0.027861709327408675
36	0	43	14	0.06785570503327736
36	0	43	77	0.06785570503327736
36	0	43	96	0.06785570503327736
36	0	43	52	0.06785570503327736
36	0	43	20	0.06785570503327736
36	0	43	42	0.045675983085907375
36	0	43	4	0.045675983085907375
36	0	43	6	0.045675983085907375
36	0	43	65	0.045675983085907375
36	0	43	66	0.043699893070059524
36	0	43	60	0.043699893070059524
36	0	43	92	0.043699893070059524
36	0	43	59	0.043699893070059524
36	0	43	40	0.043699893070059524
36	0	43	49	0.043699893070059524
36	0	43	53	0.043699893070059524
36	0	43	69	0.043699893070059524
36	0	43	87	0.043699893070059524
36	0	43	28	0.043699893070059524
36	0	43	33	0.043699893070059524
36	0	44	14	0.06109571735086266
36	0	44	77	0.06109571735086266
36	0	44	96	0.06109571735086266
36	0	44	52	0.06109571735086266
36	0	44	20	0.06109571735086266
36	0	44	65	0.042254069062061354
36	0	44	4	0.060843207310734386
36	0	44	42	0.060843207310734386
36	0	44	6	0.042254069062061354
36	0	44	92	0.024306530401460604
36	0	44	60	0.025734031385278907
36	0	44	66	0.025734031385278907
36	0	44	59	0.024306530401460604
36	0	44	49	0.024306530401460604
36	0	44	28	0.024306530401460604
36	0	44	40	0.024306530401460604
36	0	44	53	0.024306530401460604
36	0	44	69	0.024306530401460604
36	0	44	87	0.024306530401460604
36	0	44	33	0.024306530401460604
36	0	45	14	0.06814176023932085
36	0	45	77	0.06814176023932085
36	0	45	96	0.06814176023932085
36	0	45	52	0.06814176023932085
36	0	45	20	0.06521027993926673
36	0	45	42	0.04700228805882418
36	0	45	4	0.04700228805882418
36	0	45	65	0.046035522995921146
36	0	45	6	0.046035522995921146
36	0	45	92	0.02800778208165163
36	0	45	60	0.0318580567666613
36	0	45	66	0.0318580567666613
36	0	45	40	0.02800778208165163
36	0	45	53	0.02800778208165163
36	0	45	59	0.02800778208165163
36	0	45	69	0.02800778208165163
36	0	45	49	0.02800778208165163
36	0	45	28	0.02800778208165163
36	0	45	87	0.02800778208165163
36	0	45	33	0.020009679388724298
36	0	46	14	0.07950215590133633
36	0	46	77	0.07950215590133633
36	0	46	96	0.07950215590133633
36	0	46	52	0.07950215590133633
36	0	46	20	0.06654711077233202
36	0	46	65	0.025276926775499642
36	0	46	4	0.06654711077233202
36	0	46	42	0.06654711077233202
36	0	46	6	0.025276926775499642
36	0	46	69	0.025276926775499642
36	0	46	60	0.025276926775499642
36	0	46	66	0.025276926775499642
36	0	46	92	0.025276926775499642
36	0	46	40	0.025276926775499642
36	0	46	53	0.025276926775499642
36	0	46	59	0.02372533248170528
36	0	46	87	0.025276926775499642
36	0	46	49	0.025276926775499642
36	0	46	28	0.025276926775499642
36	0	46	33	0.013893682776113796
36	0	47	14	0.06715124545491427
36	0	47	77	0.06715124545491427
36	0	47	96	0.06715124545491427
36	0	47	52	0.06715124545491427
36	0	47	20	0.06715124545491427
36	0	47	65	0.038628729333234864
36	0	47	4	0.05707331292146371
36	0	47	42	0.05707331292146371
36	0	47	6	0.038628729333234864
36	0	47	59	0.02521278487534298
36	0	47	60	0.02521278487534298
36	0	47	66	0.02521278487534298
36	0	47	92	0.02521278487534298
36	0	47	40	0.02521278487534298
36	0	47	28	0.02521278487534298
36	0	47	49	0.02521278487534298
36	0	47	69	0.02521278487534298
36	0	47	53	0.02521278487534298
36	0	47	87	0.02521278487534298
36	0	47	33	0.02521278487534298
36	0	48	14	0.06263167780594535
36	0	48	77	0.06263167780594535
36	0	48	96	0.06263167780594535
36	0	48	52	0.06263167780594535
36	0	48	20	0.06263167780594535
36	0	48	65	0.041189203366495945
36	0	48	4	0.043419370004825195
36	0	48	42	0.043419370004825195
36	0	48	6	0.041189203366495945
36	0	48	59	0.026498883015880034
36	0	48	60	0.0295173591677467
36	0	48	66	0.0295173591677467
36	0	48	69	0.026498883015880034
36	0	48	49	0.026498883015880034
36	0	48	53	0.026498883015880034
36	0	48	40	0.026498883015880034
36	0	48	92	0.026498883015880034
36	0	48	87	0.026498883015880034
36	0	48	28	0.026498883015880034
36	0	48	33	0.026498883015880034
36	0	49	14	0.06466570188215251
36	0	49	77	0.06466570188215251
36	0	49	96	0.06466570188215251
36	0	49	52	0.06466570188215251
36	0	49	20	0.06466570188215251
36	0	49	42	0.04896729241283083
36	0	49	4	0.04896729241283083
36	0	49	6	0.04896729241283083
36	0	49	65	0.04896729241283083
36	0	49	49	0.030043007593382878
36	0	49	60	0.03475546655848546
36	0	49	66	0.03475546655848546
36	0	49	40	0.030043007593382878
36	0	49	92	0.030043007593382878
36	0	49	59	0.030043007593382878
36	0	49	28	0.030043007593382878
36	0	49	69	0.030043007593382878
36	0	49	53	0.030043007593382878
36	0	49	87	0.030043007593382878
36	0	49	33	0.030043007593382878
36	0	50	14	0.06979407486741386
36	0	50	77	0.06979407486741386
36	0	50	96	0.06979407486741386
36	0	50	52	0.06979407486741386
36	0	50	20	0.06692408276612376
36	0	50	42	0.050879332162070474
36	0	50	4	0.050879332162070474
36	0	50	65	0.050879332162070474
36	0	50	6	0.050879332162070474
36	0	50	92	0.031130101388239205
36	0	50	60	0.03164432118322644
36	0	50	66	0.03164432118322644
36	0	50	40	0.031130101388239205
36	0	50	49	0.031130101388239205
36	0	50	53	0.031130101388239205
36	0	50	59	0.02300637735008274
36	0	50	69	0.031130101388239205
36	0	50	87	0.031130101388239205
36	0	50	28	0.02300637735008274
36	0	50	33	0.02300637735008274
36	0	51	14	0.0867537019285846
36	0	51	77	0.0867537019285846
36	0	51	96	0.0867537019285846
36	0	51	52	0.0867537019285846
36	0	51	20	0.05043908051090158
36	0	51	65	0.035151167542386424
36	0	51	4	0.04236218658137715
36	0	51	42	0.04236218658137715
36	0	51	6	0.04236218658137715
36	0	51	92	0.02681250494324181
36	0	51	60	0.02853631904928642
36	0	51	66	0.02853631904928642
36	0	51	40	0.02681250494324181
36	0	51	53	0.02681250494324181
36	0	51	59	0.02681250494324181
36	0	51	69	0.02681250494324181
36	0	51	49	0.02681250494324181
36	0	51	87	0.02681250494324181
36	0	51	28	0.02681250494324181
36	0	51	33	0.014408324034308456
36	0	52	14	0.06677764359326353
36	0	52	77	0.06677764359326353
36	0	52	96	0.06677764359326353
36	0	52	52	0.06677764359326353
36	0	52	20	0.06391826330408588
36	0	52	65	0.04530250408054819
36	0	52	4	0.050712550215495845
36	0	52	42	0.050712550215495845
36	0	52	6	0.04530250408054819
36	0	52	92	0.0326364525410139
36	0	52	60	0.0326364525410139
36	0	52	66	0.0326364525410139
36	0	52	59	0.0326364525410139
36	0	52	40	0.0326364525410139
36	0	52	53	0.0326364525410139
36	0	52	28	0.0326364525410139
36	0	52	87	0.0326364525410139
36	0	52	69	0.0326364525410139
36	0	52	49	0.0326364525410139
36	0	52	33	0.0326364525410139
36	0	53	14	0.07074152780309272
36	0	53	52	0.07074152780309272
36	0	53	77	0.07074152780309272
36	0	53	96	0.07074152780309272
36	0	53	20	0.07074152780309272
36	0	53	42	0.06036331208244809
36	0	53	4	0.06036331208244809
36	0	53	65	0.04638801323648053
36	0	53	6	0.04638801323648053
36	0	53	66	0.029792920392148665
36	0	53	60	0.029792920392148665
36	0	53	92	0.029792920392148665
36	0	53	59	0.029792920392148665
36	0	53	28	0.029792920392148665
36	0	53	53	0.029792920392148665
36	0	53	40	0.029792920392148665
36	0	53	87	0.029792920392148665
36	0	53	69	0.029792920392148665
36	0	53	49	0.029792920392148665
36	0	53	33	0.029792920392148665
36	0	54	14	0.06020941381674073
36	0	54	77	0.06020941381674073
36	0	54	96	0.06020941381674073
36	0	54	52	0.06020941381674073
36	0	54	20	0.06020941381674073
36	0	54	65	0.0478218083722861
36	0	54	4	0.05459503405443367
36	0	54	42	0.05459503405443367
36	0	54	6	0.0478218083722861
36	0	54	66	0.026945088063310477
36	0	54	60	0.026945088063310477
36	0	54	92	0.024912082488553828
36	0	54	59	0.024912082488553828
36	0	54	40	0.024912082488553828
36	0	54	53	0.024912082488553828
36	0	54	69	0.024912082488553828
36	0	54	49	0.024912082488553828
36	0	54	87	0.024912082488553828
36	0	54	30	0.012637933442386312
36	0	54	28	0.01288697017910042
36	0	54	33	0.01288697017910042
36	0	55	14	0.0692612538809968
36	0	55	77	0.0692612538809968
36	0	55	96	0.0692612538809968
36	0	55	52	0.0692612538809968
36	0	55	20	0.0692612538809968
36	0	55	42	0.0692612538809968
36	0	55	4	0.0692612538809968
36	0	55	65	0.03852901683769434
36	0	55	6	0.03852901683769434
36	0	55	66	0.030768111657006478
36	0	55	60	0.030768111657006478
36	0	55	92	0.030768111657006478
36	0	55	59	0.029542973706906166
36	0	55	40	0.030768111657006478
36	0	55	69	0.030768111657006478
36	0	55	49	0.030768111657006478
36	0	55	53	0.030768111657006478
36	0	55	87	0.030768111657006478
36	0	55	28	0.029542973706906166
36	0	55	33	0.029542973706906166
36	0	56	14	0.06930527153768844
36	0	56	77	0.06930527153768844
36	0	56	96	0.06930527153768844
36	0	56	52	0.06930527153768844
36	0	56	20	0.0644897879708384
36	0	56	65	0.04543983990699271
36	0	56	4	0.04801829381370705
36	0	56	42	0.04801829381370705
36	0	56	6	0.04543983990699271
36	0	56	92	0.025780222901627764
36	0	56	60	0.026344483632296422
36	0	56	66	0.026344483632296422
36	0	56	40	0.025780222901627764
36	0	56	53	0.025780222901627764
36	0	56	59	0.025780222901627764
36	0	56	69	0.025780222901627764
36	0	56	49	0.025780222901627764
36	0	56	87	0.025780222901627764
36	0	56	28	0.025780222901627764
36	0	56	33	0.018177353935955657
36	0	57	14	0.07151636781716171
36	0	57	77	0.07151636781716171
36	0	57	96	0.07151636781716171
36	0	57	52	0.07151636781716171
36	0	57	20	0.07151636781716171
36	0	57	65	0.030016576798252127
36	0	57	4	0.07151636781716171
36	0	57	42	0.07151636781716171
36	0	57	6	0.030016576798252127
36	0	57	59	0.023594983450689666
36	0	57	60	0.029496633267609155
36	0	57	66	0.029496633267609155
36	0	57	92	0.023594983450689666
36	0	57	40	0.023594983450689666
36	0	57	69	0.023594983450689666
36	0	57	53	0.023594983450689666
36	0	57	28	0.023594983450689666
36	0	57	87	0.023594983450689666
36	0	57	49	0.023594983450689666
36	0	57	33	0.023594983450689666
36	0	58	14	0.08524402120668854
36	0	58	96	0.08524402120668854
36	0	58	77	0.08524402120668854
36	0	58	20	0.07175962682229917
36	0	58	52	0.07175962682229917
36	0	58	42	0.050572688087023615
36	0	58	4	0.050572688087023615
36	0	58	65	0.039542734395032066
36	0	58	6	0.039542734395032066
36	0	58	59	0.024241365330788897
36	0	58	60	0.039542734395032066
36	0	58	66	0.039542734395032066
36	0	58	92	0.024241365330788897
36	0	58	69	0.024241365330788897
36	0	58	28	0.024241365330788897
36	0	58	40	0.024241365330788897
36	0	58	87	0.024241365330788897
36	0	58	49	0.024241365330788897
36	0	58	53	0.024241365330788897
36	0	58	33	0.024241365330788897
36	0	59	14	0.07422506423258976
36	0	59	77	0.07422506423258976
36	0	59	96	0.07422506423258976
36	0	59	52	0.07422506423258976
36	0	59	20	0.0557392313738871
36	0	59	42	0.042712446189959626
36	0	59	4	0.042712446189959626
36	0	59	6	0.042712446189959626
36	0	59	65	0.042712446189959626
36	0	59	66	0.0345515290909935
36	0	59	60	0.0345515290909935
36	0	59	92	0.0345515290909935
36	0	59	40	0.0345515290909935
36	0	59	53	0.0345515290909935
36	0	59	49	0.0345515290909935
36	0	59	69	0.0345515290909935
36	0	59	87	0.0345515290909935
36	0	59	59	0.0164334675395512
36	0	59	28	0.0164334675395512
36	0	59	33	0.016204149777486233
36	0	60	14	0.06438924318638371
36	0	60	77	0.06438924318638371
36	0	60	96	0.06438924318638371
36	0	60	52	0.06438924318638371
36	0	60	20	0.06438924318638371
36	0	60	65	0.04252924056161302
36	0	60	4	0.06438924318638371
36	0	60	42	0.06438924318638371
36	0	60	6	0.04252924056161302
36	0	60	59	0.028176211547992856
36	0	60	60	0.028176211547992856
36	0	60	66	0.028176211547992856
36	0	60	92	0.028176211547992856
36	0	60	40	0.028176211547992856
36	0	60	53	0.028176211547992856
36	0	60	28	0.028176211547992856
36	0	60	87	0.028176211547992856
36	0	60	69	0.028176211547992856
36	0	60	49	0.028176211547992856
36	0	60	33	0.028176211547992856
36	0	61	14	0.06227090657392553
36	0	61	77	0.06227090657392553
36	0	61	96	0.06227090657392553
36	0	61	52	0.06227090657392553
36	0	61	20	0.06131474335564173
36	0	61	65	0.03838272578625526
36	0	61	4	0.05304829214130505
36	0	61	42	0.05304829214130505
36	0	61	6	0.03838272578625526
36	0	61	92	0.027382140407279786
36	0	61	60	0.03032540068407599
36	0	61	66	0.03032540068407599
36	0	61	59	0.023969441623323953
36	0	61	40	0.027382140407279786
36	0	61	53	0.027382140407279786
36	0	61	28	0.023969441623323953
36	0	61	87	0.027382140407279786
36	0	61	49	0.027382140407279786
36	0	61	69	0.027382140407279786
36	0	61	33	0.023969441623323953
36	0	62	14	0.0718674110976216
36	0	62	77	0.0718674110976216
36	0	62	96	0.0718674110976216
36	0	62	52	0.0718674110976216
36	0	62	20	0.059547374182454524
36	0	62	65	0.03413887146507269
36	0	62	4	0.04308129299086499
36	0	62	42	0.04308129299086499
36	0	62	6	0.03780462712238737
36	0	62	59	0.02163062845037066
36	0	62	60	0.021741986872163107
36	0	62	66	0.021741986872163107
36	0	62	92	0.02163062845037066
36	0	62	40	0.02163062845037066
36	0	62	53	0.02163062845037066
36	0	62	69	0.02163062845037066
36	0	62	49	0.02163062845037066
36	0	62	87	0.02163062845037066
36	0	62	33	0.02163062845037066
36	0	62	28	0.02163062845037066
36	0	63	14	0.07506572542377617
36	0	63	52	0.07506572542377617
36	0	63	77	0.07506572542377617
36	0	63	96	0.07506572542377617
36	0	63	20	0.07506572542377617
36	0	63	42	0.055166542413746314
36	0	63	4	0.055166542413746314
36	0	63	6	0.04345602385952931
36	0	63	65	0.04345602385952931
36	0	63	92	0.02663061681769934
36	0	63	60	0.02663061681769934
36	0	63	66	0.02663061681769934
36	0	63	59	0.02663061681769934
36	0	63	28	0.02663061681769934
36	0	63	49	0.02663061681769934
36	0	63	69	0.02663061681769934
36	0	63	53	0.02663061681769934
36	0	63	87	0.02663061681769934
36	0	63	40	0.02663061681769934
36	0	63	33	0.02663061681769934
36	0	64	14	0.06771693612924617
36	0	64	77	0.06771693612924617
36	0	64	96	0.06771693612924617
36	0	64	52	0.06771693612924617
36	0	64	20	0.06771693612924617
36	0	64	42	0.05755055953056515
36	0	64	4	0.05755055953056515
36	0	64	65	0.04782572573762045
36	0	64	6	0.04782572573762045
36	0	64	66	0.03324371637528696
36	0	64	60	0.03324371637528696
36	0	64	92	0.02336414740519917
36	0	64	59	0.02336414740519917
36	0	64	40	0.02336414740519917
36	0	64	28	0.02336414740519917
36	0	64	53	0.02336414740519917
36	0	64	69	0.02336414740519917
36	0	64	49	0.02336414740519917
36	0	64	87	0.02336414740519917
36	0	64	33	0.02336414740519917
36	0	65	14	0.06763016768713156
36	0	65	77	0.06763016768713156
36	0	65	96	0.06763016768713156
36	0	65	52	0.06763016768713156
36	0	65	20	0.06763016768713156
36	0	65	65	0.04758875670715323
36	0	65	4	0.048332398861450035
36	0	65	42	0.048332398861450035
36	0	65	6	0.04758875670715323
36	0	65	69	0.02211819094970865
36	0	65	60	0.04386987514684045
36	0	65	66	0.04386987514684045
36	0	65	59	0.02211819094970865
36	0	65	49	0.02211819094970865
36	0	65	92	0.02211819094970865
36	0	65	40	0.02211819094970865
36	0	65	28	0.02211819094970865
36	0	65	53	0.02211819094970865
36	0	65	87	0.02211819094970865
36	0	65	33	0.02211819094970865
36	0	66	14	0.07773578392326025
36	0	66	77	0.07773578392326025
36	0	66	96	0.07773578392326025
36	0	66	52	0.07773578392326025
36	0	66	20	0.06867065369998568
36	0	66	65	0.031984137533044424
36	0	66	4	0.05896716106979369
36	0	66	42	0.05896716106979369
36	0	66	6	0.031193662918886894
36	0	66	49	0.01992192546041947
36	0	66	60	0.022069496246710167
36	0	66	66	0.022069496246710167
36	0	66	40	0.01992192546041947
36	0	66	92	0.01992192546041947
36	0	66	59	0.01992192546041947
36	0	66	69	0.01992192546041947
36	0	66	53	0.01992192546041947
36	0	66	87	0.019601473847128275
36	0	66	28	0.019601473847128275
36	0	66	33	0.014951220107133678
36	0	67	14	0.06571643033618618
36	0	67	77	0.06571643033618618
36	0	67	96	0.06571643033618618
36	0	67	52	0.06571643033618618
36	0	67	20	0.05764224461247667
36	0	67	65	0.03201010345944447
36	0	67	4	0.05080280481111056
36	0	67	42	0.05080280481111056
36	0	67	6	0.03915399062406882
36	0	67	59	0.028221318683187134
36	0	67	60	0.030714667749374994
36	0	67	66	0.030714667749374994
36	0	67	92	0.030714667749374994
36	0	67	40	0.030714667749374994
36	0	67	28	0.028221318683187134
36	0	67	53	0.030714667749374994
36	0	67	87	0.030714667749374994
36	0	67	49	0.030714667749374994
36	0	67	69	0.030714667749374994
36	0	67	33	0.028221318683187134
36	0	68	14	0.07947691690075528
36	0	68	77	0.07947691690075528
36	0	68	96	0.07947691690075528
36	0	68	52	0.07947691690075528
36	0	68	20	0.060907458948229326
36	0	68	65	0.03965503565504406
36	0	68	4	0.03965503565504406
36	0	68	42	0.03965503565504406
36	0	68	6	0.03965503565504406
36	0	68	59	0.024630821924284105
36	0	68	60	0.024630821924284105
36	0	68	66	0.024630821924284105
36	0	68	40	0.024630821924284105
36	0	68	92	0.024630821924284105
36	0	68	53	0.024630821924284105
36	0	68	28	0.024630821924284105
36	0	68	87	0.024630821924284105
36	0	68	49	0.023792587471996883
36	0	68	69	0.023792587471996883
36	0	68	33	0.024630821924284105
36	0	68	29	0.004755266625831636
36	0	69	14	0.06391670683532567
36	0	69	77	0.06391670683532567
36	0	69	96	0.06391670683532567
36	0	69	52	0.06391670683532567
36	0	69	20	0.05936805232952839
36	0	69	42	0.05061923049741764
36	0	69	4	0.05061923049741764
36	0	69	65	0.045386182717612446
36	0	69	6	0.045386182717612446
36	0	69	66	0.028644474814506563
36	0	69	60	0.028644474814506563
36	0	69	92	0.025902228405125478
36	0	69	59	0.025902228405125478
36	0	69	40	0.025902228405125478
36	0	69	28	0.025902228405125478
36	0	69	53	0.025902228405125478
36	0	69	87	0.025902228405125478
36	0	69	49	0.025902228405125478
36	0	69	69	0.025902228405125478
36	0	69	33	0.025902228405125478
36	0	70	14	0.07228591606722222
36	0	70	77	0.07228591606722222
36	0	70	96	0.07228591606722222
36	0	70	52	0.07228591606722222
36	0	70	20	0.07228591606722222
36	0	70	65	0.05516336521879084
36	0	70	4	0.05516336521879084
36	0	70	42	0.05516336521879084
36	0	70	6	0.05516336521879084
36	0	70	66	0.024020212083078
36	0	70	60	0.024020212083078
36	0	70	92	0.024020212083078
36	0	70	59	0.024020212083078
36	0	70	69	0.024020212083078
36	0	70	49	0.024020212083078
36	0	70	28	0.024020212083078
36	0	70	40	0.024020212083078
36	0	70	53	0.024020212083078
36	0	70	87	0.024020212083078
36	0	70	30	0.0034523010559795323
36	0	70	33	0.022612759260016258
36	0	71	14	0.07252103489069639
36	0	71	77	0.07252103489069639
36	0	71	96	0.07252103489069639
36	0	71	52	0.07252103489069639
36	0	71	20	0.05334103440169148
36	0	71	65	0.0398702095648028
36	0	71	4	0.04140302709568195
36	0	71	42	0.04140302709568195
36	0	71	6	0.04140302709568195
36	0	71	53	0.028705266864717364
36	0	71	60	0.03655771303930641
36	0	71	66	0.03655771303930641
36	0	71	92	0.028705266864717364
36	0	71	40	0.028705266864717364
36	0	71	49	0.028705266864717364
36	0	71	69	0.028705266864717364
36	0	71	59	0.026628344377831487
36	0	71	28	0.028705266864717364
36	0	71	87	0.028705266864717364
36	0	71	33	0.014455384096163293
36	0	72	14	0.07639248108076933
36	0	72	77	0.07639248108076933
36	0	72	96	0.07639248108076933
36	0	72	52	0.07639248108076933
36	0	72	20	0.07639248108076933
36	0	72	42	0.07639248108076933
36	0	72	4	0.07639248108076933
36	0	72	65	0.037647279853245896
36	0	72	6	0.037647279853245896
36	0	72	66	0.03154563677267485
36	0	72	60	0.03154563677267485
36	0	72	92	0.03154563677267485
36	0	72	40	0.03154563677267485
36	0	72	59	0.017215737466723925
36	0	72	28	0.017215737466723925
36	0	72	53	0.03154563677267485
36	0	72	87	0.03154563677267485
36	0	72	49	0.03154563677267485
36	0	72	69	0.03154563677267485
36	0	72	88	0.004823119420449716
36	0	72	33	0.017215737466723925
36	0	73	14	0.06667990577492301
36	0	73	77	0.06667990577492301
36	0	73	96	0.06667990577492301
36	0	73	52	0.06667990577492301
36	0	73	20	0.06667990577492301
36	0	73	65	0.03524673223970744
36	0	73	4	0.05396624958925543
36	0	73	42	0.05396624958925543
36	0	73	6	0.03524673223970744
36	0	73	92	0.030642559860833123
36	0	73	60	0.030642559860833123
36	0	73	66	0.030642559860833123
36	0	73	40	0.030642559860833123
36	0	73	59	0.028870386168770707
36	0	73	53	0.030642559860833123
36	0	73	28	0.028870386168770707
36	0	73	87	0.030642559860833123
36	0	73	69	0.030642559860833123
36	0	73	49	0.030642559860833123
36	0	73	33	0.028870386168770707
36	0	74	14	0.05969813342397294
36	0	74	52	0.05969813342397294
36	0	74	77	0.05969813342397294
36	0	74	96	0.05969813342397294
36	0	74	20	0.05969813342397294
36	0	74	65	0.0293660622438519
36	0	74	4	0.05707529528686843
36	0	74	42	0.05707529528686843
36	0	74	6	0.03173298866625702
36	0	74	59	0.0293660622438519
36	0	74	60	0.0293660622438519
36	0	74	66	0.0293660622438519
36	0	74	92	0.0293660622438519
36	0	74	40	0.0293660622438519
36	0	74	28	0.0293660622438519
36	0	74	53	0.0293660622438519
36	0	74	87	0.0293660622438519
36	0	74	49	0.0293660622438519
36	0	74	69	0.0293660622438519
36	0	74	33	0.0293660622438519
36	0	75	14	0.066138147271142
36	0	75	77	0.066138147271142
36	0	75	96	0.066138147271142
36	0	75	52	0.066138147271142
36	0	75	20	0.06479351874474108
36	0	75	42	0.04964523594057989
36	0	75	4	0.04964523594057989
36	0	75	6	0.04964523594057989
36	0	75	65	0.04964523594057989
36	0	75	59	0.025207644119760966
36	0	75	60	0.029114677732379343
36	0	75	66	0.029114677732379343
36	0	75	92	0.025207644119760966
36	0	75	40	0.025207644119760966
36	0	75	69	0.025207644119760966
36	0	75	53	0.025207644119760966
36	0	75	33	0.021587694102443055
36	0	75	87	0.021587694102443055
36	0	75	49	0.007865049377246896
36	0	75	29	0.007773660628931254
36	0	76	14	0.07170451554342011
36	0	76	77	0.07170451554342011
36	0	76	96	0.07170451554342011
36	0	76	52	0.07170451554342011
36	0	76	20	0.07170451554342011
36	0	76	42	0.0506311732277424
36	0	76	4	0.0506311732277424
36	0	76	65	0.046167134691711756
36	0	76	6	0.046167134691711756
36	0	76	92	0.03188457385499705
36	0	76	60	0.03188457385499705
36	0	76	66	0.03188457385499705
36	0	76	59	0.03015509195350368
36	0	76	53	0.03188457385499705
36	0	76	69	0.03188457385499705
36	0	76	49	0.03188457385499705
36	0	76	40	0.03188457385499705
36	0	76	87	0.03188457385499705
36	0	76	28	0.03015509195350368
36	0	76	33	0.03015509195350368
36	0	77	14	0.06850407105686243
36	0	77	77	0.06850407105686243
36	0	77	96	0.06850407105686243
36	0	77	52	0.06850407105686243
36	0	77	20	0.05595476300516026
36	0	77	65	0.03842025109117635
36	0	77	4	0.04635124386028203
36	0	77	42	0.04635124386028203
36	0	77	6	0.03842025109117635
36	0	77	59	0.023160257557951737
36	0	77	60	0.024054610275406594
36	0	77	66	0.024054610275406594
36	0	77	40	0.024054610275406594
36	0	77	92	0.024054610275406594
36	0	77	49	0.024054610275406594
36	0	77	53	0.024054610275406594
36	0	77	28	0.023160257557951737
36	0	77	87	0.024054610275406594
36	0	77	69	0.024054610275406594
36	0	77	33	0.023160257557951737
36	0	78	14	0.06662263889851922
36	0	78	52	0.06662263889851922
36	0	78	77	0.06662263889851922
36	0	78	96	0.06662263889851922
36	0	78	20	0.06662263889851922
36	0	78	65	0.03902279831923031
36	0	78	4	0.05819178495118354
36	0	78	42	0.05819178495118354
36	0	78	6	0.03902279831923031
36	0	78	92	0.03533190300777424
36	0	78	60	0.03533190300777424
36	0	78	66	0.03533190300777424
36	0	78	59	0.03533190300777424
36	0	78	69	0.03533190300777424
36	0	78	49	0.03533190300777424
36	0	78	28	0.03533190300777424
36	0	78	53	0.03533190300777424
36	0	78	40	0.03533190300777424
36	0	78	87	0.03533190300777424
36	0	78	33	0.03533190300777424
36	0	79	14	0.06699555343300362
36	0	79	77	0.06699555343300362
36	0	79	96	0.06699555343300362
36	0	79	52	0.06699555343300362
36	0	79	20	0.06359336386530272
36	0	79	42	0.045447356330919605
36	0	79	4	0.045447356330919605
36	0	79	65	0.045447356330919605
36	0	79	6	0.045447356330919605
36	0	79	92	0.024648423265406446
36	0	79	60	0.026663725349767072
36	0	79	66	0.026663725349767072
36	0	79	40	0.024648423265406446
36	0	79	53	0.024648423265406446
36	0	79	28	0.024648423265406446
36	0	79	59	0.024648423265406446
36	0	79	87	0.024648423265406446
36	0	79	33	0.014595130962958478
36	0	79	49	0.024648423265406446
36	0	79	69	0.024648423265406446
36	0	80	14	0.06301453104714089
36	0	80	77	0.06301453104714089
36	0	80	96	0.06301453104714089
36	0	80	52	0.06301453104714089
36	0	80	20	0.06301453104714089
36	0	80	65	0.03094814134127201
36	0	80	4	0.0607438604954489
36	0	80	42	0.0607438604954489
36	0	80	6	0.03094814134127201
36	0	80	92	0.03094814134127201
36	0	80	60	0.03094814134127201
36	0	80	66	0.03094814134127201
36	0	80	59	0.03094814134127201
36	0	80	28	0.03094814134127201
36	0	80	40	0.03094814134127201
36	0	80	53	0.03094814134127201
36	0	80	33	0.03094814134127201
36	0	80	87	0.03094814134127201
36	0	80	69	0.03094814134127201
36	0	80	49	0.03094814134127201
36	0	81	14	0.06426108341683257
36	0	81	77	0.06426108341683257
36	0	81	96	0.06426108341683257
36	0	81	52	0.06426108341683257
36	0	81	20	0.06426108341683257
36	0	81	42	0.059408620500588684
36	0	81	4	0.059408620500588684
36	0	81	65	0.05195312314163648
36	0	81	6	0.05195312314163648
36	0	81	66	0.03630831309777064
36	0	81	60	0.03630831309777064
36	0	81	49	0.02768493435014981
36	0	81	92	0.02768493435014981
36	0	81	59	0.02768493435014981
36	0	81	69	0.02768493435014981
36	0	81	53	0.02768493435014981
36	0	81	40	0.02768493435014981
36	0	81	87	0.02768493435014981
36	0	81	30	0.010026873838407226
36	0	81	28	0.02768493435014981
36	0	81	33	0.02768493435014981
36	0	82	14	0.06727517198195491
36	0	82	77	0.06727517198195491
36	0	82	96	0.06727517198195491
36	0	82	52	0.06727517198195491
36	0	82	20	0.06727517198195491
36	0	82	42	0.06177047480685973
36	0	82	4	0.06177047480685973
36	0	82	65	0.044843907549502605
36	0	82	6	0.044843907549502605
36	0	82	59	0.028121549605661295
36	0	82	60	0.031401818784522646
36	0	82	66	0.031401818784522646
36	0	82	92	0.028121549605661295
36	0	82	49	0.028121549605661295
36	0	82	28	0.028121549605661295
36	0	82	69	0.028121549605661295
36	0	82	53	0.028121549605661295
36	0	82	40	0.028121549605661295
36	0	82	87	0.028121549605661295
36	0	82	33	0.028121549605661295
36	0	83	14	0.06523358160854247
36	0	83	77	0.06523358160854247
36	0	83	96	0.06523358160854247
36	0	83	52	0.06523358160854247
36	0	83	20	0.06523358160854247
36	0	83	65	0.028470006511875926
36	0	83	4	0.0618226338772545
36	0	83	42	0.0618226338772545
36	0	83	6	0.0398764341643583
36	0	83	59	0.02708001233252263
36	0	83	60	0.02708001233252263
36	0	83	66	0.02708001233252263
36	0	83	92	0.02708001233252263
36	0	83	40	0.02708001233252263
36	0	83	53	0.02708001233252263
36	0	83	69	0.02708001233252263
36	0	83	49	0.02708001233252263
36	0	83	87	0.01697655148319023
36	0	83	33	0.01697655148319023
36	0	83	28	0.01697655148319023
36	0	84	14	0.08494348498252327
36	0	84	77	0.08494348498252327
36	0	84	96	0.08494348498252327
36	0	84	52	0.08494348498252327
36	0	84	20	0.0659383497527952
36	0	84	42	0.0659383497527952
36	0	84	4	0.0659383497527952
36	0	84	65	0.04509094299774131
36	0	84	6	0.04509094299774131
36	0	84	92	0.02048128226426121
36	0	84	60	0.02330352477439406
36	0	84	66	0.02330352477439406
36	0	84	53	0.02048128226426121
36	0	84	40	0.02048128226426121
36	0	84	69	0.02048128226426121
36	0	84	49	0.02048128226426121
36	0	84	87	0.02048128226426121
36	0	84	28	0.02048128226426121
36	0	84	59	0.02048128226426121
36	0	84	33	0.02048128226426121
36	0	85	14	0.06496061517482389
36	0	85	77	0.06496061517482389
36	0	85	96	0.06496061517482389
36	0	85	52	0.06496061517482389
36	0	85	20	0.06496061517482389
36	0	85	65	0.039414412188712084
36	0	85	4	0.06496061517482389
36	0	85	42	0.06496061517482389
36	0	85	6	0.039414412188712084
36	0	85	66	0.027532165296820392
36	0	85	60	0.027532165296820392
36	0	85	92	0.024848918784240066
36	0	85	59	0.023088318384236802
36	0	85	40	0.024848918784240066
36	0	85	53	0.024848918784240066
36	0	85	28	0.023088318384236802
36	0	85	87	0.024848918784240066
36	0	85	49	0.024848918784240066
36	0	85	69	0.024848918784240066
36	0	85	33	0.023088318384236802
36	0	86	14	0.06314480294043762
36	0	86	77	0.06314480294043762
36	0	86	96	0.06314480294043762
36	0	86	52	0.06314480294043762
36	0	86	20	0.06314480294043762
36	0	86	65	0.047188236758293894
36	0	86	4	0.05589814946937427
36	0	86	42	0.05589814946937427
36	0	86	6	0.047188236758293894
36	0	86	59	0.026165067780461036
36	0	86	60	0.026165067780461036
36	0	86	66	0.026165067780461036
36	0	86	92	0.026165067780461036
36	0	86	40	0.026165067780461036
36	0	86	69	0.026165067780461036
36	0	86	49	0.026165067780461036
36	0	86	28	0.026165067780461036
36	0	86	53	0.026165067780461036
36	0	86	87	0.026165067780461036
36	0	86	33	0.026165067780461036
36	0	87	14	0.0681357395216861
36	0	87	77	0.0681357395216861
36	0	87	96	0.0681357395216861
36	0	87	52	0.0681357395216861
36	0	87	20	0.0681357395216861
36	0	87	65	0.044998183565326026
36	0	87	4	0.04925119955139305
36	0	87	42	0.04925119955139305
36	0	87	6	0.044998183565326026
36	0	87	92	0.032460807143984104
36	0	87	60	0.03687567498309827
36	0	87	66	0.03687567498309827
36	0	87	59	0.032460807143984104
36	0	87	40	0.032460807143984104
36	0	87	53	0.032460807143984104
36	0	87	69	0.032460807143984104
36	0	87	49	0.032460807143984104
36	0	87	87	0.032460807143984104
36	0	87	33	0.032460807143984104
36	0	87	28	0.032460807143984104
36	0	88	14	0.06402430430177906
36	0	88	77	0.06402430430177906
36	0	88	96	0.06402430430177906
36	0	88	52	0.06402430430177906
36	0	88	20	0.05142272477212767
36	0	88	65	0.04269040224427537
36	0	88	4	0.05142272477212767
36	0	88	42	0.05142272477212767
36	0	88	6	0.04269040224427537
36	0	88	66	0.027739111265084805
36	0	88	60	0.027739111265084805
36	0	88	92	0.026478917473204928
36	0	88	40	0.026478917473204928
36	0	88	59	0.026253140039188893
36	0	88	69	0.026478917473204928
36	0	88	49	0.026478917473204928
36	0	88	87	0.026478917473204928
36	0	88	28	0.026253140039188893
36	0	88	53	0.026478917473204928
36	0	88	33	0.026253140039188893
36	0	89	14	0.07195165194237342
36	0	89	77	0.07195165194237342
36	0	89	96	0.07195165194237342
36	0	89	52	0.07195165194237342
36	0	89	20	0.05301279589194597
36	0	89	65	0.03307335224639744
36	0	89	4	0.045194924314136006
36	0	89	42	0.045194924314136006
36	0	89	6	0.045194924314136006
36	0	89	59	0.031000254360632643
36	0	89	60	0.03307335224639744
36	0	89	66	0.03307335224639744
36	0	89	69	0.031000254360632643
36	0	89	92	0.031000254360632643
36	0	89	40	0.031000254360632643
36	0	89	49	0.031000254360632643
36	0	89	87	0.031000254360632643
36	0	89	53	0.031000254360632643
36	0	89	28	0.031000254360632643
36	0	89	33	0.031000254360632643
36	0	90	14	0.06372918455131336
36	0	90	77	0.06372918455131336
36	0	90	96	0.06372918455131336
36	0	90	52	0.06372918455131336
36	0	90	20	0.06372918455131336
36	0	90	65	0.031787324599342186
36	0	90	4	0.054493280353462105
36	0	90	42	0.054493280353462105
36	0	90	6	0.03751629724517082
36	0	90	59	0.022354636685013262
36	0	90	60	0.027451149610751284
36	0	90	66	0.027451149610751284
36	0	90	92	0.022354636685013262
36	0	90	40	0.022354636685013262
36	0	90	53	0.022354636685013262
36	0	90	28	0.022354636685013262
36	0	90	49	0.022354636685013262
36	0	90	33	0.022354636685013262
36	0	90	87	0.022354636685013262
36	0	90	69	0.022354636685013262
36	0	91	14	0.06178535063992191
36	0	91	77	0.06178535063992191
36	0	91	96	0.06178535063992191
36	0	91	52	0.06178535063992191
36	0	91	20	0.06178535063992191
36	0	91	65	0.03060443432729776
36	0	91	4	0.05917584080097039
36	0	91	42	0.05917584080097039
36	0	91	6	0.03398732108023326
36	0	91	92	0.028727509538168678
36	0	91	66	0.03027445719917424
36	0	91	60	0.03027445719917424
36	0	91	59	0.028727509538168678
36	0	91	49	0.028727509538168678
36	0	91	40	0.028727509538168678
36	0	91	53	0.028727509538168678
36	0	91	28	0.028727509538168678
36	0	91	87	0.028727509538168678
36	0	91	69	0.028727509538168678
36	0	91	33	0.028727509538168678
36	0	92	14	0.11401895043188767
36	0	92	77	0.11401895043188767
36	0	92	96	0.11401895043188767
36	0	92	52	0.11401895043188767
36	0	92	20	0.0536251193528513
36	0	92	65	0.0536251193528513
36	0	92	4	0.0536251193528513
36	0	92	42	0.0536251193528513
36	0	92	6	0.0536251193528513
36	0	92	66	0.027428721954410033
36	0	92	60	0.027428721954410033
36	0	92	92	0.02533728868436745
36	0	92	40	0.02533728868436745
36	0	92	69	0.02533728868436745
36	0	92	49	0.02533728868436745
36	0	92	87	0.02533728868436745
36	0	92	30	0.009264545160476092
36	0	92	53	0.020412861925782472
36	0	92	59	0.020412861925782472
36	0	92	28	0.015399628275860645
36	0	92	33	0.015399628275860645
36	0	93	14	0.06497194283476886
36	0	93	77	0.06497194283476886
36	0	93	96	0.06497194283476886
36	0	93	52	0.06497194283476886
36	0	93	20	0.06497194283476886
36	0	93	42	0.051829164175411606
36	0	93	4	0.051829164175411606
36	0	93	65	0.04534022965491516
36	0	93	6	0.04534022965491516
36	0	93	59	0.021538364850076232
36	0	93	60	0.027141344380538612
36	0	93	66	0.027141344380538612
36	0	93	92	0.021538364850076232
36	0	93	40	0.021538364850076232
36	0	93	49	0.021538364850076232
36	0	93	69	0.021538364850076232
36	0	93	53	0.021538364850076232
36	0	93	87	0.01831177778228516
36	0	93	33	0.01831177778228516
36	0	93	28	0.01831177778228516
36	0	94	14	0.08341377891575834
36	0	94	77	0.08341377891575834
36	0	94	96	0.08341377891575834
36	0	94	20	0.06872024277856907
36	0	94	52	0.08341377891575834
36	0	94	65	0.04862537441911484
36	0	94	4	0.04862537441911484
36	0	94	42	0.04862537441911484
36	0	94	6	0.04862537441911484
36	0	94	92	0.02871339512027884
36	0	94	60	0.03493162092188774
36	0	94	66	0.03493162092188774
36	0	94	40	0.02871339512027884
36	0	94	59	0.02871339512027884
36	0	94	53	0.02871339512027884
36	0	94	69	0.02871339512027884
36	0	94	49	0.02871339512027884
36	0	94	87	0.02871339512027884
36	0	94	33	0.02871339512027884
36	0	94	28	0.01356297119532599
36	0	95	14	0.06914233586529624
36	0	95	77	0.06914233586529624
36	0	95	96	0.06914233586529624
36	0	95	52	0.06914233586529624
36	0	95	20	0.06914233586529624
36	0	95	42	0.05132233286581954
36	0	95	4	0.05132233286581954
36	0	95	65	0.046248309809225216
36	0	95	6	0.046248309809225216
36	0	95	66	0.027940566524479144
36	0	95	60	0.027940566524479144
36	0	95	92	0.025163106583847267
36	0	95	59	0.025163106583847267
36	0	95	40	0.025163106583847267
36	0	95	28	0.025163106583847267
36	0	95	53	0.025163106583847267
36	0	95	69	0.025163106583847267
36	0	95	49	0.025163106583847267
36	0	95	87	0.025163106583847267
36	0	95	33	0.025163106583847267
36	0	96	96	0.06948289936681305
36	0	96	77	0.06948289936681305
36	0	96	14	0.06948289936681305
36	0	96	52	0.06948289936681305
36	0	96	20	0.06105687570282197
36	0	96	65	0.04033977904154648
36	0	96	4	0.04939633366885298
36	0	96	42	0.04939633366885298
36	0	96	6	0.04033977904154648
36	0	96	92	0.024070785952632182
36	0	96	60	0.04033977904154648
36	0	96	66	0.04033977904154648
36	0	96	59	0.024070785952632182
36	0	96	53	0.024070785952632182
36	0	96	40	0.024070785952632182
36	0	96	49	0.024070785952632182
36	0	96	28	0.024070785952632182
36	0	96	87	0.024070785952632182
36	0	96	69	0.024070785952632182
36	0	96	33	0.024070785952632182
36	0	97	14	0.06747669186106763
36	0	97	77	0.06747669186106763
36	0	97	96	0.06747669186106763
36	0	97	52	0.06747669186106763
36	0	97	20	0.06747669186106763
36	0	97	42	0.06022468116245413
36	0	97	4	0.06022468116245413
36	0	97	65	0.04556932794684981
36	0	97	6	0.04556932794684981
36	0	97	92	0.03064054702004162
36	0	97	60	0.03064054702004162
36	0	97	66	0.03064054702004162
36	0	97	59	0.03064054702004162
36	0	97	69	0.03064054702004162
36	0	97	28	0.03064054702004162
36	0	97	53	0.03064054702004162
36	0	97	40	0.03064054702004162
36	0	97	87	0.03064054702004162
36	0	97	49	0.03064054702004162
36	0	97	33	0.03064054702004162
36	0	98	14	0.065379177802044
36	0	98	77	0.065379177802044
36	0	98	96	0.065379177802044
36	0	98	52	0.065379177802044
36	0	98	20	0.065379177802044
36	0	98	65	0.04342904536834504
36	0	98	4	0.06068593054176965
36	0	98	42	0.06068593054176965
36	0	98	6	0.04342904536834504
36	0	98	59	0.027297170434375885
36	0	98	60	0.027297170434375885
36	0	98	66	0.027297170434375885
36	0	98	92	0.027297170434375885
36	0	98	40	0.027297170434375885
36	0	98	28	0.027297170434375885
36	0	98	87	0.027297170434375885
36	0	98	53	0.027297170434375885
36	0	98	49	0.027297170434375885
36	0	98	33	0.027297170434375885
36	0	98	69	0.006216634333671565
36	0	99	14	0.07124564257177167
36	0	99	77	0.07124564257177167
36	0	99	96	0.07124564257177167
36	0	99	52	0.07124564257177167
36	0	99	20	0.07124564257177167
36	0	99	42	0.04958232828248241
36	0	99	4	0.04958232828248241
36	0	99	65	0.0489746683745782
36	0	99	6	0.0489746683745782
36	0	99	59	0.028004597127229237
36	0	99	60	0.028384754549036873
36	0	99	66	0.028384754549036873
36	0	99	92	0.028004597127229237
36	0	99	40	0.028004597127229237
36	0	99	28	0.028004597127229237
36	0	99	69	0.028004597127229237
36	0	99	53	0.028004597127229237
36	0	99	49	0.028004597127229237
36	0	99	87	0.028004597127229237
36	0	99	33	0.028004597127229237
36	0	100	14	0.07639691300418763
36	0	100	77	0.07639691300418763
36	0	100	96	0.07639691300418763
36	0	100	52	0.07639691300418763
36	0	100	20	0.05635088064047806
36	0	100	65	0.033217056768417054
36	0	100	4	0.04838367604844237
36	0	100	42	0.04838367604844237
36	0	100	6	0.04838367604844237
36	0	100	66	0.033217056768417054
36	0	100	60	0.033217056768417054
36	0	100	92	0.03244317786475733
36	0	100	40	0.03244317786475733
36	0	100	59	0.03244317786475733
36	0	100	53	0.03244317786475733
36	0	100	87	0.03244317786475733
36	0	100	69	0.03244317786475733
36	0	100	49	0.03244317786475733
36	0	100	28	0.03244317786475733
36	0	100	33	0.03244317786475733
36	0.00001	1	14	0.06379785807469485
36	0.00001	1	77	0.06379785807469485
36	0.00001	1	96	0.06379785807469485
36	0.00001	1	52	0.06379785807469485
36	0.00001	1	20	0.05952120925610034
36	0.00001	1	65	0.04446227184105943
36	0.00001	1	4	0.05317829586583937
36	0.00001	1	42	0.05317829586583937
36	0.00001	1	6	0.04446227184105943
36	0.00001	1	66	0.02986285807029364
36	0.00001	1	60	0.02986285807029364
36	0.00001	1	92	0.02986285807029364
36	0.00001	1	59	0.02986285807029364
36	0.00001	1	40	0.02986285807029364
36	0.00001	1	69	0.02986285807029364
36	0.00001	1	49	0.02986285807029364
36	0.00001	1	87	0.02986285807029364
36	0.00001	1	53	0.02986285807029364
36	0.00001	1	28	0.02986285807029364
36	0.00001	1	33	0.02986285807029364
36	0.00001	2	14	0.06264646264390053
36	0.00001	2	77	0.06264646264390053
36	0.00001	2	96	0.06264646264390053
36	0.00001	2	52	0.06264646264390053
36	0.00001	2	20	0.0589325676733686
36	0.00001	2	65	0.03354185670317281
36	0.00001	2	4	0.0543274341627198
36	0.00001	2	42	0.0543274341627198
36	0.00001	2	6	0.03354185670317281
36	0.00001	2	92	0.027501810626560836
36	0.00001	2	66	0.030163366442920444
36	0.00001	2	60	0.030163366442920444
36	0.00001	2	69	0.027501810626560836
36	0.00001	2	49	0.027501810626560836
36	0.00001	2	40	0.027501810626560836
36	0.00001	2	53	0.027501810626560836
36	0.00001	2	87	0.027463926129763998
36	0.00001	2	28	0.027501810626560836
36	0.00001	2	59	0.027501810626560836
36	0.00001	2	33	0.01583585266888867
36	0.00001	3	14	0.07049436112505238
36	0.00001	3	77	0.07049436112505238
36	0.00001	3	96	0.07049436112505238
36	0.00001	3	52	0.07049436112505238
36	0.00001	3	20	0.07049436112505238
36	0.00001	3	42	0.055320590359538645
36	0.00001	3	4	0.055320590359538645
36	0.00001	3	65	0.055320590359538645
36	0.00001	3	6	0.055320590359538645
36	0.00001	3	59	0.017402927115758457
36	0.00001	3	60	0.027229843223463713
36	0.00001	3	66	0.027229843223463713
36	0.00001	3	92	0.017402927115758457
36	0.00001	3	40	0.017402927115758457
36	0.00001	3	28	0.017402927115758457
36	0.00001	3	69	0.017402927115758457
36	0.00001	3	49	0.017402927115758457
36	0.00001	3	53	0.017402927115758457
36	0.00001	3	87	0.01622185822471319
36	0.00001	3	33	0.017402927115758457
36	0.00001	4	14	0.06522711578613628
36	0.00001	4	77	0.06522711578613628
36	0.00001	4	96	0.06522711578613628
36	0.00001	4	52	0.06522711578613628
36	0.00001	4	20	0.06522711578613628
36	0.00001	4	65	0.030703368926981982
36	0.00001	4	4	0.058114128998033344
36	0.00001	4	42	0.058114128998033344
36	0.00001	4	6	0.043218943918508376
36	0.00001	4	66	0.030703368926981982
36	0.00001	4	60	0.030703368926981982
36	0.00001	4	92	0.027828822285825675
36	0.00001	4	59	0.027828822285825675
36	0.00001	4	53	0.027828822285825675
36	0.00001	4	69	0.027828822285825675
36	0.00001	4	49	0.027828822285825675
36	0.00001	4	40	0.027828822285825675
36	0.00001	4	87	0.027828822285825675
36	0.00001	4	33	0.027828822285825675
36	0.00001	4	28	0.027828822285825675
36	0.00001	5	14	0.0711230646450105
36	0.00001	5	77	0.0711230646450105
36	0.00001	5	96	0.0711230646450105
36	0.00001	5	52	0.0711230646450105
36	0.00001	5	20	0.0711230646450105
36	0.00001	5	42	0.050477603468466345
36	0.00001	5	4	0.050477603468466345
36	0.00001	5	65	0.050477603468466345
36	0.00001	5	6	0.050477603468466345
36	0.00001	5	66	0.02849237942181868
36	0.00001	5	60	0.02849237942181868
36	0.00001	5	59	0.021260028573988007
36	0.00001	5	92	0.021260028573988007
36	0.00001	5	40	0.021260028573988007
36	0.00001	5	28	0.021260028573988007
36	0.00001	5	33	0.021260028573988007
36	0.00001	5	87	0.021260028573988007
36	0.00001	5	53	0.021260028573988007
36	0.00001	5	69	0.021260028573988007
36	0.00001	5	49	0.021260028573988007
36	0.00001	6	14	0.06515302035453244
36	0.00001	6	77	0.06515302035453244
36	0.00001	6	96	0.06515302035453244
36	0.00001	6	52	0.06515302035453244
36	0.00001	6	20	0.05990642319524956
36	0.00001	6	65	0.04497227256085671
36	0.00001	6	4	0.051286607754078756
36	0.00001	6	42	0.051286607754078756
36	0.00001	6	6	0.04497227256085671
36	0.00001	6	59	0.021626952627912054
36	0.00001	6	60	0.02626671554552807
36	0.00001	6	66	0.02626671554552807
36	0.00001	6	92	0.021626952627912054
36	0.00001	6	69	0.021626952627912054
36	0.00001	6	40	0.021626952627912054
36	0.00001	6	49	0.021626952627912054
36	0.00001	6	87	0.021626952627912054
36	0.00001	6	53	0.021626952627912054
36	0.00001	6	30	0.01706088304074027
36	0.00001	6	33	0.021626952627912054
36	0.00001	6	28	0.021626952627912054
36	0.00001	7	14	0.05954460081092262
36	0.00001	7	77	0.05954460081092262
36	0.00001	7	96	0.05954460081092262
36	0.00001	7	52	0.05954460081092262
36	0.00001	7	20	0.05954460081092262
36	0.00001	7	65	0.04930504839409255
36	0.00001	7	4	0.056948246751051125
36	0.00001	7	42	0.056948246751051125
36	0.00001	7	6	0.04930504839409255
36	0.00001	7	92	0.024375274995965188
36	0.00001	7	60	0.029322687943447084
36	0.00001	7	66	0.029322687943447084
36	0.00001	7	59	0.024375274995965188
36	0.00001	7	69	0.024375274995965188
36	0.00001	7	28	0.024375274995965188
36	0.00001	7	53	0.024375274995965188
36	0.00001	7	40	0.024375274995965188
36	0.00001	7	49	0.024375274995965188
36	0.00001	7	87	0.024375274995965188
36	0.00001	7	30	0.012476341838265756
36	0.00001	7	33	0.024375274995965188
36	0.00001	8	14	0.06726386429850562
36	0.00001	8	77	0.06726386429850562
36	0.00001	8	96	0.06726386429850562
36	0.00001	8	52	0.06726386429850562
36	0.00001	8	20	0.06726386429850562
36	0.00001	8	65	0.0435261316123641
36	0.00001	8	4	0.057125275546491855
36	0.00001	8	42	0.057125275546491855
36	0.00001	8	6	0.0435261316123641
36	0.00001	8	66	0.035934296596221084
36	0.00001	8	60	0.035934296596221084
36	0.00001	8	92	0.029873426276358993
36	0.00001	8	40	0.029873426276358993
36	0.00001	8	59	0.029873426276358993
36	0.00001	8	28	0.029873426276358993
36	0.00001	8	53	0.029873426276358993
36	0.00001	8	87	0.029873426276358993
36	0.00001	8	49	0.029873426276358993
36	0.00001	8	69	0.029873426276358993
36	0.00001	8	33	0.029873426276358993
36	0.00001	9	14	0.07072619943997263
36	0.00001	9	77	0.07072619943997263
36	0.00001	9	96	0.07072619943997263
36	0.00001	9	52	0.07072619943997263
36	0.00001	9	20	0.07072619943997263
36	0.00001	9	42	0.05523145172417759
36	0.00001	9	4	0.05523145172417759
36	0.00001	9	6	0.05009416425471276
36	0.00001	9	65	0.05009416425471276
36	0.00001	9	59	0.0277063692751877
36	0.00001	9	60	0.0353916282162238
36	0.00001	9	66	0.0353916282162238
36	0.00001	9	92	0.0277063692751877
36	0.00001	9	40	0.0277063692751877
36	0.00001	9	28	0.0277063692751877
36	0.00001	9	53	0.0277063692751877
36	0.00001	9	49	0.0277063692751877
36	0.00001	9	69	0.0277063692751877
36	0.00001	9	87	0.0173728697481043
36	0.00001	9	33	0.0277063692751877
36	0.00001	10	14	0.07562374663244144
36	0.00001	10	77	0.07562374663244144
36	0.00001	10	96	0.07562374663244144
36	0.00001	10	52	0.07562374663244144
36	0.00001	10	20	0.059278274640889334
36	0.00001	10	65	0.02814202409484406
36	0.00001	10	4	0.05129036044002324
36	0.00001	10	42	0.05129036044002324
36	0.00001	10	6	0.05129036044002324
36	0.00001	10	49	0.025170773083946392
36	0.00001	10	60	0.02814202409484406
36	0.00001	10	66	0.02814202409484406
36	0.00001	10	92	0.025170773083946392
36	0.00001	10	40	0.025170773083946392
36	0.00001	10	53	0.025170773083946392
36	0.00001	10	59	0.025170773083946392
36	0.00001	10	69	0.025170773083946392
36	0.00001	10	87	0.025170773083946392
36	0.00001	10	28	0.025170773083946392
36	0.00001	10	33	0.007001004046434102
36	0.00001	11	14	0.06931667384590653
36	0.00001	11	77	0.06931667384590653
36	0.00001	11	96	0.06931667384590653
36	0.00001	11	52	0.06931667384590653
36	0.00001	11	20	0.06931667384590653
36	0.00001	11	65	0.034101021883136275
36	0.00001	11	4	0.053510365230242496
36	0.00001	11	42	0.053510365230242496
36	0.00001	11	6	0.03927557525203192
36	0.00001	11	49	0.034101021883136275
36	0.00001	11	60	0.034101021883136275
36	0.00001	11	66	0.034101021883136275
36	0.00001	11	92	0.034101021883136275
36	0.00001	11	59	0.034101021883136275
36	0.00001	11	40	0.034101021883136275
36	0.00001	11	53	0.034101021883136275
36	0.00001	11	69	0.034101021883136275
36	0.00001	11	87	0.034101021883136275
36	0.00001	11	28	0.034101021883136275
36	0.00001	11	33	0.034101021883136275
36	0.00001	12	14	0.05944757897752156
36	0.00001	12	77	0.05944757897752156
36	0.00001	12	96	0.05944757897752156
36	0.00001	12	52	0.05944757897752156
36	0.00001	12	20	0.05944757897752156
36	0.00001	12	65	0.049288917662588534
36	0.00001	12	4	0.05944757897752156
36	0.00001	12	42	0.05944757897752156
36	0.00001	12	6	0.049288917662588534
36	0.00001	12	66	0.029687957272388838
36	0.00001	12	60	0.029687957272388838
36	0.00001	12	92	0.027097663428950546
36	0.00001	12	59	0.027097663428950546
36	0.00001	12	40	0.027097663428950546
36	0.00001	12	28	0.027097663428950546
36	0.00001	12	49	0.027097663428950546
36	0.00001	12	69	0.027097663428950546
36	0.00001	12	87	0.027097663428950546
36	0.00001	12	53	0.027097663428950546
36	0.00001	12	30	0.014013356224473016
36	0.00001	12	33	0.027097663428950546
36	0.00001	13	14	0.07096360385158032
36	0.00001	13	77	0.07096360385158032
36	0.00001	13	96	0.07096360385158032
36	0.00001	13	52	0.07096360385158032
36	0.00001	13	20	0.07096360385158032
36	0.00001	13	42	0.07096360385158032
36	0.00001	13	4	0.07096360385158032
36	0.00001	13	65	0.04579204517251881
36	0.00001	13	6	0.04579204517251881
36	0.00001	13	28	0.021388102474184188
36	0.00001	13	60	0.027991217246884817
36	0.00001	13	66	0.027991217246884817
36	0.00001	13	92	0.021388102474184188
36	0.00001	13	53	0.021388102474184188
36	0.00001	13	40	0.021388102474184188
36	0.00001	13	87	0.021388102474184188
36	0.00001	13	59	0.021388102474184188
36	0.00001	13	69	0.021388102474184188
36	0.00001	13	49	0.021388102474184188
36	0.00001	13	33	0.01291105589205854
36	0.00001	14	14	0.07334098093072267
36	0.00001	14	77	0.07334098093072267
36	0.00001	14	96	0.07334098093072267
36	0.00001	14	52	0.07334098093072267
36	0.00001	14	20	0.07334098093072267
36	0.00001	14	6	0.05608842980275709
36	0.00001	14	4	0.05608842980275709
36	0.00001	14	42	0.05608842980275709
36	0.00001	14	65	0.05608842980275709
36	0.00001	14	92	0.018763813945324635
36	0.00001	14	60	0.028503659189509926
36	0.00001	14	66	0.028503659189509926
36	0.00001	14	59	0.018763813945324635
36	0.00001	14	40	0.018763813945324635
36	0.00001	14	28	0.018763813945324635
36	0.00001	14	69	0.018763813945324635
36	0.00001	14	53	0.018763813945324635
36	0.00001	14	33	0.018763813945324635
36	0.00001	14	87	0.018763813945324635
36	0.00001	14	49	0.014937457225404144
36	0.00001	15	14	0.06681705397689709
36	0.00001	15	77	0.06681705397689709
36	0.00001	15	96	0.06681705397689709
36	0.00001	15	52	0.06681705397689709
36	0.00001	15	20	0.05986152723411784
36	0.00001	15	65	0.03724239537459405
36	0.00001	15	4	0.044441425965650316
36	0.00001	15	42	0.044441425965650316
36	0.00001	15	6	0.03724239537459405
36	0.00001	15	66	0.023198739392589166
36	0.00001	15	60	0.023198739392589166
36	0.00001	15	92	0.023198739392589166
36	0.00001	15	59	0.023198739392589166
36	0.00001	15	40	0.023198739392589166
36	0.00001	15	53	0.023198739392589166
36	0.00001	15	69	0.023198739392589166
36	0.00001	15	49	0.023198739392589166
36	0.00001	15	87	0.023198739392589166
36	0.00001	15	30	0.006338256672032177
36	0.00001	15	33	0.02228480908074211
36	0.00001	15	28	0.02228480908074211
36	0.00001	16	14	0.06277630398316256
36	0.00001	16	77	0.06277630398316256
36	0.00001	16	96	0.06277630398316256
36	0.00001	16	52	0.06277630398316256
36	0.00001	16	20	0.06277630398316256
36	0.00001	16	42	0.049306148841806854
36	0.00001	16	4	0.049306148841806854
36	0.00001	16	6	0.049306148841806854
36	0.00001	16	65	0.049306148841806854
36	0.00001	16	59	0.023975383935024366
36	0.00001	16	60	0.025515927239008897
36	0.00001	16	66	0.025515927239008897
36	0.00001	16	92	0.023975383935024366
36	0.00001	16	40	0.023975383935024366
36	0.00001	16	69	0.023975383935024366
36	0.00001	16	49	0.023975383935024366
36	0.00001	16	53	0.023975383935024366
36	0.00001	16	87	0.017130608182641505
36	0.00001	16	33	0.023975383935024366
36	0.00001	16	28	0.023975383935024366
36	0.00001	17	14	0.06699859249524664
36	0.00001	17	77	0.06699859249524664
36	0.00001	17	96	0.06699859249524664
36	0.00001	17	52	0.06699859249524664
36	0.00001	17	20	0.06516059632465726
36	0.00001	17	65	0.031822290107002583
36	0.00001	17	4	0.04995072953543736
36	0.00001	17	42	0.04995072953543736
36	0.00001	17	6	0.032323965335910206
36	0.00001	17	92	0.02847670353153364
36	0.00001	17	60	0.02847670353153364
36	0.00001	17	66	0.02847670353153364
36	0.00001	17	40	0.02847670353153364
36	0.00001	17	53	0.02847670353153364
36	0.00001	17	69	0.02847670353153364
36	0.00001	17	49	0.02847670353153364
36	0.00001	17	87	0.02847670353153364
36	0.00001	17	59	0.02847670353153364
36	0.00001	17	33	0.010758957916674798
36	0.00001	17	28	0.010758957916674798
36	0.00001	18	14	0.06576677605760997
36	0.00001	18	77	0.06576677605760997
36	0.00001	18	96	0.06576677605760997
36	0.00001	18	52	0.06576677605760997
36	0.00001	18	20	0.06576677605760997
36	0.00001	18	65	0.03475906437029854
36	0.00001	18	4	0.05921978144683105
36	0.00001	18	42	0.05921978144683105
36	0.00001	18	6	0.044299097292523945
36	0.00001	18	66	0.03475906437029854
36	0.00001	18	60	0.03475906437029854
36	0.00001	18	92	0.029298654200213325
36	0.00001	18	59	0.029298654200213325
36	0.00001	18	40	0.029298654200213325
36	0.00001	18	28	0.029298654200213325
36	0.00001	18	53	0.029298654200213325
36	0.00001	18	87	0.029298654200213325
36	0.00001	18	49	0.029298654200213325
36	0.00001	18	69	0.029298654200213325
36	0.00001	18	33	0.029298654200213325
36	0.00001	19	14	0.0801454380668273
36	0.00001	19	77	0.0801454380668273
36	0.00001	19	96	0.0801454380668273
36	0.00001	19	52	0.0801454380668273
36	0.00001	19	20	0.06457588691445518
36	0.00001	19	65	0.04714667992275464
36	0.00001	19	4	0.04714667992275464
36	0.00001	19	42	0.04714667992275464
36	0.00001	19	6	0.04714667992275464
36	0.00001	19	92	0.020656509985695216
36	0.00001	19	60	0.02666017319395097
36	0.00001	19	66	0.02666017319395097
36	0.00001	19	40	0.020656509985695216
36	0.00001	19	53	0.020656509985695216
36	0.00001	19	59	0.020656509985695216
36	0.00001	19	87	0.020656509985695216
36	0.00001	19	69	0.020656509985695216
36	0.00001	19	49	0.020656509985695216
36	0.00001	19	33	0.020656509985695216
36	0.00001	19	28	0.020656509985695216
36	0.00001	20	14	0.07064250553303499
36	0.00001	20	77	0.07064250553303499
36	0.00001	20	96	0.07064250553303499
36	0.00001	20	52	0.07064250553303499
36	0.00001	20	20	0.06400036694034672
36	0.00001	20	65	0.04141582843359918
36	0.00001	20	4	0.04835125362099014
36	0.00001	20	42	0.04835125362099014
36	0.00001	20	6	0.04835125362099014
36	0.00001	20	59	0.03330171430157427
36	0.00001	20	60	0.03330171430157427
36	0.00001	20	66	0.03330171430157427
36	0.00001	20	92	0.03330171430157427
36	0.00001	20	40	0.03330171430157427
36	0.00001	20	28	0.03330171430157427
36	0.00001	20	49	0.03330171430157427
36	0.00001	20	87	0.03330171430157427
36	0.00001	20	69	0.03330171430157427
36	0.00001	20	53	0.03330171430157427
36	0.00001	20	33	0.03330171430157427
36	0.00001	21	14	0.06526350441076495
36	0.00001	21	77	0.06526350441076495
36	0.00001	21	96	0.06526350441076495
36	0.00001	21	52	0.06225187318467173
36	0.00001	21	20	0.06225187318467173
36	0.00001	21	65	0.04668148911555897
36	0.00001	21	4	0.05653160485717711
36	0.00001	21	42	0.05653160485717711
36	0.00001	21	6	0.04668148911555897
36	0.00001	21	66	0.026328788165311753
36	0.00001	21	60	0.026328788165311753
36	0.00001	21	59	0.023931266022469803
36	0.00001	21	92	0.023931266022469803
36	0.00001	21	53	0.023931266022469803
36	0.00001	21	40	0.023931266022469803
36	0.00001	21	33	0.023931266022469803
36	0.00001	21	49	0.023931266022469803
36	0.00001	21	69	0.023931266022469803
36	0.00001	21	87	0.017402105799639255
36	0.00001	21	30	0.01439088227757584
36	0.00001	22	14	0.07821684153271671
36	0.00001	22	77	0.07821684153271671
36	0.00001	22	96	0.07821684153271671
36	0.00001	22	52	0.07821684153271671
36	0.00001	22	20	0.05640523928136734
36	0.00001	22	65	0.031342247119877854
36	0.00001	22	4	0.0400997768720487
36	0.00001	22	42	0.0400997768720487
36	0.00001	22	6	0.0400997768720487
36	0.00001	22	66	0.031342247119877854
36	0.00001	22	60	0.031342247119877854
36	0.00001	22	92	0.019717467700100546
36	0.00001	22	53	0.019717467700100546
36	0.00001	22	49	0.019717467700100546
36	0.00001	22	69	0.019717467700100546
36	0.00001	22	59	0.019717467700100546
36	0.00001	22	40	0.019717467700100546
36	0.00001	22	87	0.019717467700100546
36	0.00001	22	33	0.01886536126324103
36	0.00001	22	28	0.018530518850794805
36	0.00001	23	14	0.11367731094917773
36	0.00001	23	52	0.11367731094917773
36	0.00001	23	20	0.11367731094917773
36	0.00001	23	96	0.11367731094917773
36	0.00001	23	77	0.11367731094917773
36	0.00001	23	42	0.0667346100614227
36	0.00001	23	4	0.0667346100614227
36	0.00001	23	65	0.0667346100614227
36	0.00001	23	66	0.02025283674876019
36	0.00001	23	60	0.02025283674876019
36	0.00001	23	40	0.02025283674876019
36	0.00001	23	53	0.02025283674876019
36	0.00001	23	92	0.02025283674876019
36	0.00001	23	49	0.02025283674876019
36	0.00001	23	28	0.02025283674876019
36	0.00001	23	59	0.02025283674876019
36	0.00001	23	87	0.02025283674876019
36	0.00001	23	69	0.02025283674876019
36	0.00001	23	33	0.02025283674876019
36	0.00001	23	17	0.015743934397688415
36	0.00001	24	96	0.08050420553188108
36	0.00001	24	77	0.08050420553188108
36	0.00001	24	20	0.06681839840567047
36	0.00001	24	65	0.08050420553188108
36	0.00001	24	14	0.08050420553188108
36	0.00001	24	42	0.0629066067773576
36	0.00001	24	4	0.0629066067773576
36	0.00001	24	6	0.03240665697102102
36	0.00001	24	69	0.03240665697102102
36	0.00001	24	40	0.022296810358738494
36	0.00001	24	92	0.022296810358738494
36	0.00001	24	59	0.022296810358738494
36	0.00001	24	28	0.022296810358738494
36	0.00001	24	87	0.022296810358738494
36	0.00001	24	60	0.022296810358738494
36	0.00001	24	66	0.022296810358738494
36	0.00001	24	29	0.009531386164020965
36	0.00001	24	88	0.017165449225698685
36	0.00001	24	30	0.017165449225698685
36	0.00001	24	97	0.017165449225698685
36	0.00001	25	14	0.06998095887788551
36	0.00001	25	77	0.06998095887788551
36	0.00001	25	96	0.06998095887788551
36	0.00001	25	52	0.06998095887788551
36	0.00001	25	20	0.05538586462553527
36	0.00001	25	65	0.03401196882674836
36	0.00001	25	4	0.04990498354594736
36	0.00001	25	42	0.04990498354594736
36	0.00001	25	6	0.037607141024410616
36	0.00001	25	59	0.021222107660803784
36	0.00001	25	60	0.021222107660803784
36	0.00001	25	66	0.021222107660803784
36	0.00001	25	40	0.021222107660803784
36	0.00001	25	92	0.021222107660803784
36	0.00001	25	49	0.021222107660803784
36	0.00001	25	28	0.021222107660803784
36	0.00001	25	87	0.021222107660803784
36	0.00001	25	53	0.01987520010789839
36	0.00001	25	69	0.021222107660803784
36	0.00001	25	33	0.021222107660803784
36	0.00001	26	52	0.08384168083102857
36	0.00001	26	77	0.08384168083102857
36	0.00001	26	96	0.08384168083102857
36	0.00001	26	14	0.0630368353406689
36	0.00001	26	4	0.04058775426182219
36	0.00001	26	42	0.04058775426182219
36	0.00001	26	6	0.04058775426182219
36	0.00001	26	60	0.026537455701378148
36	0.00001	26	53	0.026537455701378148
36	0.00001	26	49	0.026537455701378148
36	0.00001	26	69	0.026537455701378148
36	0.00001	26	87	0.026537455701378148
36	0.00001	26	59	0.025198010011739796
36	0.00001	26	17	0.01705596248609925
36	0.00001	26	40	0.01705596248609925
36	0.00001	26	33	0.01705596248609925
36	0.00001	26	50	0.01705596248609925
36	0.00001	26	29	0.01705596248609925
36	0.00001	26	68	0.007879797488469497
36	0.00001	26	39	0.007879797488469497
36	0.00001	27	14	0.06789564550574616
36	0.00001	27	77	0.06789564550574616
36	0.00001	27	96	0.06789564550574616
36	0.00001	27	52	0.06789564550574616
36	0.00001	27	20	0.06789564550574616
36	0.00001	27	42	0.04864184772933994
36	0.00001	27	4	0.04864184772933994
36	0.00001	27	6	0.042783743382250085
36	0.00001	27	65	0.042783743382250085
36	0.00001	27	66	0.03109730990482639
36	0.00001	27	60	0.03109730990482639
36	0.00001	27	92	0.02320656369628217
36	0.00001	27	59	0.02320656369628217
36	0.00001	27	69	0.02320656369628217
36	0.00001	27	49	0.02320656369628217
36	0.00001	27	40	0.02320656369628217
36	0.00001	27	28	0.02320656369628217
36	0.00001	27	53	0.02320656369628217
36	0.00001	27	87	0.020805037440120838
36	0.00001	27	33	0.02320656369628217
36	0.00001	28	14	0.060791595385963744
36	0.00001	28	77	0.060791595385963744
36	0.00001	28	96	0.060791595385963744
36	0.00001	28	52	0.060791595385963744
36	0.00001	28	20	0.056154250180742875
36	0.00001	28	65	0.04868854846431699
36	0.00001	28	4	0.0534504625733961
36	0.00001	28	42	0.0534504625733961
36	0.00001	28	6	0.04868854846431699
36	0.00001	28	66	0.03339710986734608
36	0.00001	28	60	0.03339710986734608
36	0.00001	28	92	0.03339710986734608
36	0.00001	28	49	0.03339710986734608
36	0.00001	28	40	0.03339710986734608
36	0.00001	28	59	0.02963457869347302
36	0.00001	28	69	0.03339710986734608
36	0.00001	28	53	0.03339710986734608
36	0.00001	28	87	0.03339710986734608
36	0.00001	28	28	0.02963457869347302
36	0.00001	28	33	0.02963457869347302
36	0.00001	29	14	0.06951136305634147
36	0.00001	29	77	0.06951136305634147
36	0.00001	29	96	0.06951136305634147
36	0.00001	29	52	0.06951136305634147
36	0.00001	29	20	0.06951136305634147
36	0.00001	29	42	0.051272686415802994
36	0.00001	29	4	0.051272686415802994
36	0.00001	29	6	0.03899768831310281
36	0.00001	29	65	0.03582566994132093
36	0.00001	29	92	0.024616353198239096
36	0.00001	29	66	0.030583591006755173
36	0.00001	29	60	0.030583591006755173
36	0.00001	29	59	0.019839351919306438
36	0.00001	29	40	0.024616353198239096
36	0.00001	29	53	0.024616353198239096
36	0.00001	29	28	0.019839351919306438
36	0.00001	29	87	0.024616353198239096
36	0.00001	29	69	0.024616353198239096
36	0.00001	29	49	0.024616353198239096
36	0.00001	29	33	0.019839351919306438
36	0.00001	30	14	0.0671139908830956
36	0.00001	30	52	0.0671139908830956
36	0.00001	30	77	0.0671139908830956
36	0.00001	30	96	0.0671139908830956
36	0.00001	30	20	0.0671139908830956
36	0.00001	30	42	0.06037166421504562
36	0.00001	30	4	0.06037166421504562
36	0.00001	30	65	0.04687504787421283
36	0.00001	30	6	0.04687504787421283
36	0.00001	30	92	0.028962716469132073
36	0.00001	30	60	0.032654938488431096
36	0.00001	30	66	0.032654938488431096
36	0.00001	30	59	0.024725476957542153
36	0.00001	30	49	0.028962716469132073
36	0.00001	30	69	0.028962716469132073
36	0.00001	30	40	0.028962716469132073
36	0.00001	30	53	0.028962716469132073
36	0.00001	30	87	0.028962716469132073
36	0.00001	30	28	0.024725476957542153
36	0.00001	30	33	0.024725476957542153
36	0.00001	31	14	0.06768399856323101
36	0.00001	31	77	0.06768399856323101
36	0.00001	31	96	0.06768399856323101
36	0.00001	31	52	0.06768399856323101
36	0.00001	31	20	0.06768399856323101
36	0.00001	31	6	0.04129812238300991
36	0.00001	31	4	0.06768399856323101
36	0.00001	31	42	0.06768399856323101
36	0.00001	31	65	0.04129812238300991
36	0.00001	31	92	0.02253234811357431
36	0.00001	31	60	0.03568289601333396
36	0.00001	31	66	0.03568289601333396
36	0.00001	31	40	0.02253234811357431
36	0.00001	31	87	0.015612613334578116
36	0.00001	31	53	0.015612613334578116
36	0.00001	31	29	0.010551348508312224
36	0.00001	31	59	0.015612613334578116
36	0.00001	31	49	0.015612613334578116
36	0.00001	31	69	0.015612613334578116
36	0.00001	31	33	0.015612613334578116
36	0.00001	31	30	0.015612613334578116
36	0.00001	32	14	0.1149721551005591
36	0.00001	32	77	0.1149721551005591
36	0.00001	32	96	0.1149721551005591
36	0.00001	32	52	0.1149721551005591
36	0.00001	32	20	0.06152897372201828
36	0.00001	32	42	0.06152897372201828
36	0.00001	32	4	0.06152897372201828
36	0.00001	32	6	0.034138194337573376
36	0.00001	32	65	0.025804563358646507
36	0.00001	32	53	0.021058415707065892
36	0.00001	32	60	0.025804563358646507
36	0.00001	32	66	0.025804563358646507
36	0.00001	32	40	0.021058415707065892
36	0.00001	32	92	0.021058415707065892
36	0.00001	32	87	0.021058415707065892
36	0.00001	32	49	0.021058415707065892
36	0.00001	32	59	0.021058415707065892
36	0.00001	32	33	0.021058415707065892
36	0.00001	32	28	0.021058415707065892
36	0.00001	32	69	0.009761683250824058
36	0.00001	33	14	0.06971707580891386
36	0.00001	33	77	0.06971707580891386
36	0.00001	33	96	0.06971707580891386
36	0.00001	33	52	0.06971707580891386
36	0.00001	33	20	0.06142337274306023
36	0.00001	33	42	0.04989883294524665
36	0.00001	33	4	0.04989883294524665
36	0.00001	33	65	0.04989883294524665
36	0.00001	33	6	0.04989883294524665
36	0.00001	33	92	0.02181242719219206
36	0.00001	33	60	0.03196822270941771
36	0.00001	33	66	0.03196822270941771
36	0.00001	33	40	0.02181242719219206
36	0.00001	33	49	0.02181242719219206
36	0.00001	33	53	0.02181242719219206
36	0.00001	33	28	0.02181242719219206
36	0.00001	33	59	0.02181242719219206
36	0.00001	33	87	0.01910166660037784
36	0.00001	33	33	0.01372271754018722
36	0.00001	33	69	0.011813370608023085
36	0.00001	34	14	0.061990377298564214
36	0.00001	34	77	0.061990377298564214
36	0.00001	34	96	0.061990377298564214
36	0.00001	34	52	0.061990377298564214
36	0.00001	34	20	0.061990377298564214
36	0.00001	34	42	0.059766966425224985
36	0.00001	34	4	0.059766966425224985
36	0.00001	34	6	0.03876197252256077
36	0.00001	34	65	0.034748905684401706
36	0.00001	34	59	0.02399706665636317
36	0.00001	34	60	0.03075378323221241
36	0.00001	34	66	0.03075378323221241
36	0.00001	34	92	0.02399706665636317
36	0.00001	34	40	0.02399706665636317
36	0.00001	34	49	0.02399706665636317
36	0.00001	34	69	0.02399706665636317
36	0.00001	34	53	0.02399706665636317
36	0.00001	34	28	0.02399706665636317
36	0.00001	34	87	0.021859699692351832
36	0.00001	34	33	0.02399706665636317
36	0.00001	35	14	0.06251098195164691
36	0.00001	35	77	0.06251098195164691
36	0.00001	35	96	0.06251098195164691
36	0.00001	35	52	0.06251098195164691
36	0.00001	35	20	0.053616131112892
36	0.00001	35	65	0.05216795368605336
36	0.00001	35	4	0.053616131112892
36	0.00001	35	42	0.053616131112892
36	0.00001	35	6	0.05216795368605336
36	0.00001	35	66	0.02712349354903804
36	0.00001	35	60	0.02712349354903804
36	0.00001	35	92	0.02712349354903804
36	0.00001	35	49	0.02712349354903804
36	0.00001	35	59	0.02712349354903804
36	0.00001	35	40	0.02712349354903804
36	0.00001	35	28	0.02712349354903804
36	0.00001	35	69	0.02712349354903804
36	0.00001	35	87	0.02712349354903804
36	0.00001	35	53	0.02712349354903804
36	0.00001	35	30	0.007354327945301229
36	0.00001	35	33	0.02712349354903804
36	0.00001	36	14	0.06331090677222163
36	0.00001	36	77	0.06331090677222163
36	0.00001	36	96	0.06331090677222163
36	0.00001	36	52	0.06331090677222163
36	0.00001	36	20	0.06331090677222163
36	0.00001	36	42	0.057872931483169104
36	0.00001	36	4	0.057872931483169104
36	0.00001	36	65	0.048052816308694825
36	0.00001	36	6	0.048052816308694825
36	0.00001	36	66	0.0334922486052647
36	0.00001	36	60	0.0334922486052647
36	0.00001	36	59	0.029344505341846967
36	0.00001	36	92	0.029344505341846967
36	0.00001	36	40	0.029344505341846967
36	0.00001	36	28	0.029344505341846967
36	0.00001	36	53	0.029344505341846967
36	0.00001	36	87	0.029344505341846967
36	0.00001	36	69	0.029344505341846967
36	0.00001	36	49	0.029344505341846967
36	0.00001	36	33	0.029344505341846967
36	0.00001	37	14	0.08324406129210081
36	0.00001	37	77	0.08324406129210081
36	0.00001	37	96	0.08324406129210081
36	0.00001	37	52	0.08324406129210081
36	0.00001	37	20	0.06091565836444205
36	0.00001	37	65	0.03862044201230158
36	0.00001	37	4	0.03862044201230158
36	0.00001	37	42	0.03862044201230158
36	0.00001	37	6	0.03862044201230158
36	0.00001	37	92	0.02594842285190962
36	0.00001	37	60	0.029055203032609125
36	0.00001	37	66	0.029055203032609125
36	0.00001	37	40	0.02594842285190962
36	0.00001	37	59	0.02594842285190962
36	0.00001	37	49	0.02594842285190962
36	0.00001	37	69	0.02594842285190962
36	0.00001	37	53	0.02594842285190962
36	0.00001	37	87	0.02594842285190962
36	0.00001	37	28	0.02594842285190962
36	0.00001	37	30	0.02238442066781803
36	0.00001	37	33	0.02594842285190962
36	0.00001	38	14	0.07103346127990817
36	0.00001	38	77	0.07103346127990817
36	0.00001	38	96	0.07103346127990817
36	0.00001	38	52	0.07103346127990817
36	0.00001	38	20	0.06542744098334423
36	0.00001	38	65	0.03755949137101005
36	0.00001	38	4	0.04583096142468076
36	0.00001	38	42	0.04583096142468076
36	0.00001	38	6	0.03755949137101005
36	0.00001	38	92	0.029475590802009153
36	0.00001	38	60	0.03755949137101005
36	0.00001	38	66	0.03755949137101005
36	0.00001	38	49	0.029475590802009153
36	0.00001	38	59	0.023190032654754444
36	0.00001	38	40	0.029475590802009153
36	0.00001	38	69	0.029475590802009153
36	0.00001	38	87	0.029475590802009153
36	0.00001	38	53	0.029475590802009153
36	0.00001	38	28	0.023190032654754444
36	0.00001	38	33	0.023190032654754444
36	0.00001	39	14	0.06460715338386079
36	0.00001	39	52	0.06460715338386079
36	0.00001	39	77	0.06460715338386079
36	0.00001	39	96	0.06460715338386079
36	0.00001	39	20	0.06437250635532998
36	0.00001	39	6	0.05085635215429855
36	0.00001	39	4	0.05085635215429855
36	0.00001	39	42	0.05085635215429855
36	0.00001	39	65	0.05085635215429855
36	0.00001	39	66	0.03488580230178883
36	0.00001	39	60	0.03488580230178883
36	0.00001	39	92	0.024655156675260016
36	0.00001	39	40	0.024655156675260016
36	0.00001	39	59	0.024655156675260016
36	0.00001	39	53	0.024655156675260016
36	0.00001	39	49	0.024655156675260016
36	0.00001	39	69	0.024655156675260016
36	0.00001	39	87	0.024655156675260016
36	0.00001	39	28	0.024655156675260016
36	0.00001	39	33	0.024655156675260016
36	0.00001	40	14	0.06842000555922632
36	0.00001	40	77	0.06842000555922632
36	0.00001	40	96	0.06842000555922632
36	0.00001	40	52	0.06842000555922632
36	0.00001	40	20	0.05988969068776675
36	0.00001	40	65	0.0334385294729339
36	0.00001	40	4	0.04897208454675167
36	0.00001	40	42	0.04897208454675167
36	0.00001	40	6	0.0334385294729339
36	0.00001	40	92	0.026059867082656476
36	0.00001	40	60	0.026059867082656476
36	0.00001	40	66	0.026059867082656476
36	0.00001	40	59	0.026059867082656476
36	0.00001	40	40	0.026059867082656476
36	0.00001	40	53	0.026059867082656476
36	0.00001	40	69	0.026059867082656476
36	0.00001	40	49	0.026059867082656476
36	0.00001	40	87	0.026059867082656476
36	0.00001	40	33	0.026059867082656476
36	0.00001	40	28	0.026059867082656476
36	0.00001	41	14	0.07251587969170145
36	0.00001	41	77	0.07251587969170145
36	0.00001	41	96	0.07251587969170145
36	0.00001	41	52	0.07251587969170145
36	0.00001	41	20	0.07251587969170145
36	0.00001	41	65	0.029871254845402415
36	0.00001	41	4	0.07251587969170145
36	0.00001	41	42	0.07251587969170145
36	0.00001	41	6	0.029871254845402415
36	0.00001	41	59	0.028492017190740505
36	0.00001	41	66	0.029871254845402415
36	0.00001	41	60	0.029871254845402415
36	0.00001	41	92	0.029871254845402415
36	0.00001	41	40	0.029871254845402415
36	0.00001	41	49	0.029871254845402415
36	0.00001	41	69	0.029871254845402415
36	0.00001	41	53	0.029871254845402415
36	0.00001	41	28	0.028492017190740505
36	0.00001	41	87	0.029871254845402415
36	0.00001	41	33	0.028492017190740505
36	0.00001	42	14	0.06652874950221183
36	0.00001	42	77	0.06652874950221183
36	0.00001	42	96	0.06652874950221183
36	0.00001	42	52	0.06652874950221183
36	0.00001	42	20	0.06460807100809693
36	0.00001	42	65	0.04020654406739378
36	0.00001	42	4	0.06460807100809693
36	0.00001	42	42	0.06460807100809693
36	0.00001	42	6	0.04020654406739378
36	0.00001	42	66	0.028184012679235777
36	0.00001	42	60	0.028184012679235777
36	0.00001	42	92	0.028184012679235777
36	0.00001	42	40	0.028184012679235777
36	0.00001	42	59	0.027496626256328083
36	0.00001	42	28	0.027496626256328083
36	0.00001	42	53	0.028184012679235777
36	0.00001	42	87	0.028184012679235777
36	0.00001	42	49	0.028184012679235777
36	0.00001	42	69	0.028184012679235777
36	0.00001	42	33	0.027496626256328083
36	0.00001	43	14	0.06778337393365855
36	0.00001	43	77	0.06778337393365855
36	0.00001	43	96	0.06778337393365855
36	0.00001	43	52	0.06778337393365855
36	0.00001	43	20	0.06778337393365855
36	0.00001	43	42	0.04542828210226198
36	0.00001	43	4	0.04542828210226198
36	0.00001	43	6	0.04508121016562788
36	0.00001	43	65	0.04481074293116749
36	0.00001	43	66	0.043803085461530486
36	0.00001	43	60	0.043803085461530486
36	0.00001	43	92	0.043803085461530486
36	0.00001	43	59	0.043803085461530486
36	0.00001	43	40	0.043803085461530486
36	0.00001	43	49	0.043803085461530486
36	0.00001	43	53	0.043803085461530486
36	0.00001	43	69	0.043803085461530486
36	0.00001	43	87	0.043803085461530486
36	0.00001	43	28	0.043803085461530486
36	0.00001	43	33	0.043803085461530486
36	0.00001	44	14	0.061104321613067156
36	0.00001	44	77	0.061104321613067156
36	0.00001	44	96	0.061104321613067156
36	0.00001	44	52	0.061104321613067156
36	0.00001	44	20	0.061104321613067156
36	0.00001	44	65	0.042548392079128326
36	0.00001	44	4	0.06103503503279463
36	0.00001	44	42	0.06103503503279463
36	0.00001	44	6	0.042548392079128326
36	0.00001	44	92	0.02545428834829783
36	0.00001	44	60	0.025995096781737392
36	0.00001	44	66	0.025995096781737392
36	0.00001	44	59	0.02545428834829783
36	0.00001	44	49	0.02545428834829783
36	0.00001	44	28	0.02545428834829783
36	0.00001	44	40	0.02545428834829783
36	0.00001	44	53	0.02545428834829783
36	0.00001	44	87	0.02545428834829783
36	0.00001	44	69	0.02545428834829783
36	0.00001	44	33	0.02545428834829783
36	0.00001	45	14	0.0715817437602663
36	0.00001	45	77	0.0715817437602663
36	0.00001	45	96	0.0715817437602663
36	0.00001	45	52	0.0715817437602663
36	0.00001	45	20	0.06419243427409424
36	0.00001	45	65	0.044198610827402146
36	0.00001	45	4	0.044198610827402146
36	0.00001	45	42	0.044198610827402146
36	0.00001	45	6	0.044198610827402146
36	0.00001	45	92	0.028017676246887002
36	0.00001	45	60	0.03267153170241237
36	0.00001	45	66	0.03267153170241237
36	0.00001	45	40	0.028017676246887002
36	0.00001	45	53	0.028017676246887002
36	0.00001	45	59	0.028017676246887002
36	0.00001	45	69	0.028017676246887002
36	0.00001	45	49	0.028017676246887002
36	0.00001	45	28	0.028017676246887002
36	0.00001	45	87	0.028017676246887002
36	0.00001	45	33	0.01659631722629697
36	0.00001	46	14	0.07858922193286537
36	0.00001	46	77	0.07858922193286537
36	0.00001	46	96	0.07858922193286537
36	0.00001	46	52	0.07858922193286537
36	0.00001	46	20	0.06752680082364802
36	0.00001	46	65	0.026067475518553224
36	0.00001	46	4	0.06752680082364802
36	0.00001	46	42	0.06752680082364802
36	0.00001	46	6	0.026067475518553224
36	0.00001	46	69	0.026067475518553224
36	0.00001	46	60	0.026067475518553224
36	0.00001	46	66	0.026067475518553224
36	0.00001	46	92	0.026067475518553224
36	0.00001	46	40	0.026067475518553224
36	0.00001	46	53	0.026067475518553224
36	0.00001	46	59	0.02401797111778939
36	0.00001	46	87	0.026067475518553224
36	0.00001	46	49	0.026067475518553224
36	0.00001	46	28	0.026067475518553224
36	0.00001	46	33	0.013665084024797842
36	0.00001	47	14	0.06722226513454653
36	0.00001	47	77	0.06722226513454653
36	0.00001	47	96	0.06722226513454653
36	0.00001	47	52	0.06722226513454653
36	0.00001	47	20	0.06722226513454653
36	0.00001	47	65	0.03861478356917148
36	0.00001	47	4	0.05720118470976426
36	0.00001	47	42	0.05720118470976426
36	0.00001	47	6	0.03861478356917148
36	0.00001	47	59	0.02553232310725466
36	0.00001	47	60	0.02553232310725466
36	0.00001	47	66	0.02553232310725466
36	0.00001	47	92	0.02553232310725466
36	0.00001	47	40	0.02553232310725466
36	0.00001	47	28	0.02553232310725466
36	0.00001	47	49	0.02553232310725466
36	0.00001	47	69	0.02553232310725466
36	0.00001	47	53	0.02553232310725466
36	0.00001	47	87	0.02553232310725466
36	0.00001	47	33	0.02553232310725466
36	0.00001	48	14	0.062096462717879
36	0.00001	48	77	0.062096462717879
36	0.00001	48	96	0.062096462717879
36	0.00001	48	52	0.062096462717879
36	0.00001	48	20	0.062096462717879
36	0.00001	48	65	0.04290778569686184
36	0.00001	48	4	0.04309018240420868
36	0.00001	48	42	0.04309018240420868
36	0.00001	48	6	0.04290778569686184
36	0.00001	48	59	0.024264556697448595
36	0.00001	48	60	0.026746513917917214
36	0.00001	48	66	0.026746513917917214
36	0.00001	48	69	0.024264556697448595
36	0.00001	48	49	0.024264556697448595
36	0.00001	48	53	0.024264556697448595
36	0.00001	48	40	0.024264556697448595
36	0.00001	48	92	0.024264556697448595
36	0.00001	48	87	0.018274734031987053
36	0.00001	48	28	0.018274734031987053
36	0.00001	48	33	0.018274734031987053
36	0.00001	49	14	0.06530661583083847
36	0.00001	49	77	0.06530661583083847
36	0.00001	49	96	0.06530661583083847
36	0.00001	49	52	0.06530661583083847
36	0.00001	49	20	0.06530661583083847
36	0.00001	49	42	0.0489364361534416
36	0.00001	49	4	0.0489364361534416
36	0.00001	49	6	0.046667761273851804
36	0.00001	49	65	0.046667761273851804
36	0.00001	49	49	0.02936248853178671
36	0.00001	49	60	0.03596052860433565
36	0.00001	49	66	0.03596052860433565
36	0.00001	49	92	0.02936248853178671
36	0.00001	49	40	0.02936248853178671
36	0.00001	49	59	0.02936248853178671
36	0.00001	49	28	0.02936248853178671
36	0.00001	49	69	0.02936248853178671
36	0.00001	49	53	0.02936248853178671
36	0.00001	49	87	0.02936248853178671
36	0.00001	49	33	0.02936248853178671
36	0.00001	50	14	0.06860959978923052
36	0.00001	50	77	0.06860959978923052
36	0.00001	50	96	0.06860959978923052
36	0.00001	50	52	0.06860959978923052
36	0.00001	50	20	0.06703877793787953
36	0.00001	50	42	0.05355669197264789
36	0.00001	50	4	0.05355669197264789
36	0.00001	50	65	0.05355669197264789
36	0.00001	50	6	0.05355669197264789
36	0.00001	50	92	0.029818157312255535
36	0.00001	50	60	0.03413209538549113
36	0.00001	50	66	0.03413209538549113
36	0.00001	50	40	0.029818157312255535
36	0.00001	50	53	0.029818157312255535
36	0.00001	50	59	0.021370290005850286
36	0.00001	50	69	0.029818157312255535
36	0.00001	50	49	0.029818157312255535
36	0.00001	50	87	0.029818157312255535
36	0.00001	50	28	0.021370290005850286
36	0.00001	50	33	0.021370290005850286
36	0.00001	51	14	0.08641369724337682
36	0.00001	51	77	0.08641369724337682
36	0.00001	51	96	0.08641369724337682
36	0.00001	51	52	0.08641369724337682
36	0.00001	51	20	0.05089009797762188
36	0.00001	51	65	0.030246653745277855
36	0.00001	51	4	0.05033693675537481
36	0.00001	51	42	0.05033693675537481
36	0.00001	51	6	0.05033693675537481
36	0.00001	51	92	0.02702282753993973
36	0.00001	51	60	0.030246653745277855
36	0.00001	51	66	0.030246653745277855
36	0.00001	51	53	0.02702282753993973
36	0.00001	51	40	0.02702282753993973
36	0.00001	51	59	0.02702282753993973
36	0.00001	51	49	0.02702282753993973
36	0.00001	51	69	0.02702282753993973
36	0.00001	51	87	0.02702282753993973
36	0.00001	51	28	0.02702282753993973
36	0.00001	51	33	0.01436872103942724
36	0.00001	52	14	0.06671483449415852
36	0.00001	52	77	0.06671483449415852
36	0.00001	52	96	0.06671483449415852
36	0.00001	52	52	0.06671483449415852
36	0.00001	52	20	0.06370334443839806
36	0.00001	52	65	0.04537950369138372
36	0.00001	52	4	0.05078565123221112
36	0.00001	52	42	0.05078565123221112
36	0.00001	52	6	0.04537950369138372
36	0.00001	52	92	0.032663328326741445
36	0.00001	52	60	0.032663328326741445
36	0.00001	52	66	0.032663328326741445
36	0.00001	52	59	0.032663328326741445
36	0.00001	52	40	0.032663328326741445
36	0.00001	52	53	0.032663328326741445
36	0.00001	52	28	0.032663328326741445
36	0.00001	52	87	0.032663328326741445
36	0.00001	52	69	0.032663328326741445
36	0.00001	52	49	0.032663328326741445
36	0.00001	52	33	0.032663328326741445
36	0.00001	53	14	0.07076028042555556
36	0.00001	53	52	0.07076028042555556
36	0.00001	53	77	0.07076028042555556
36	0.00001	53	96	0.07076028042555556
36	0.00001	53	20	0.07076028042555556
36	0.00001	53	42	0.060455078692455665
36	0.00001	53	4	0.060455078692455665
36	0.00001	53	65	0.0463730074991445
36	0.00001	53	6	0.0463730074991445
36	0.00001	53	66	0.029761454710027162
36	0.00001	53	60	0.029761454710027162
36	0.00001	53	92	0.029761454710027162
36	0.00001	53	59	0.029761454710027162
36	0.00001	53	28	0.029761454710027162
36	0.00001	53	53	0.029761454710027162
36	0.00001	53	40	0.029761454710027162
36	0.00001	53	87	0.029761454710027162
36	0.00001	53	69	0.029761454710027162
36	0.00001	53	49	0.029761454710027162
36	0.00001	53	33	0.029761454710027162
36	0.00001	54	14	0.06143513627389661
36	0.00001	54	77	0.06143513627389661
36	0.00001	54	96	0.06143513627389661
36	0.00001	54	52	0.06143513627389661
36	0.00001	54	20	0.06143513627389661
36	0.00001	54	65	0.04927861434657987
36	0.00001	54	4	0.05597260229160439
36	0.00001	54	42	0.05597260229160439
36	0.00001	54	6	0.04927861434657987
36	0.00001	54	59	0.024772927635718717
36	0.00001	54	60	0.028125202506817517
36	0.00001	54	66	0.028125202506817517
36	0.00001	54	92	0.024772927635718717
36	0.00001	54	40	0.024772927635718717
36	0.00001	54	53	0.024772927635718717
36	0.00001	54	69	0.024772927635718717
36	0.00001	54	49	0.024772927635718717
36	0.00001	54	87	0.024772927635718717
36	0.00001	54	30	0.012551474208910797
36	0.00001	54	28	0.01311922568093787
36	0.00001	54	33	0.01311922568093787
36	0.00001	55	14	0.07131144617392213
36	0.00001	55	77	0.07131144617392213
36	0.00001	55	96	0.07131144617392213
36	0.00001	55	52	0.07131144617392213
36	0.00001	55	20	0.07131144617392213
36	0.00001	55	42	0.07131144617392213
36	0.00001	55	4	0.07131144617392213
36	0.00001	55	65	0.03686006756113715
36	0.00001	55	6	0.03686006756113715
36	0.00001	55	66	0.031779232045111974
36	0.00001	55	60	0.031779232045111974
36	0.00001	55	92	0.031779232045111974
36	0.00001	55	59	0.029059432820059565
36	0.00001	55	69	0.031779232045111974
36	0.00001	55	49	0.031779232045111974
36	0.00001	55	53	0.031779232045111974
36	0.00001	55	40	0.031779232045111974
36	0.00001	55	87	0.031779232045111974
36	0.00001	55	28	0.029059432820059565
36	0.00001	55	33	0.029059432820059565
36	0.00001	56	14	0.06929574839424174
36	0.00001	56	77	0.06929574839424174
36	0.00001	56	96	0.06929574839424174
36	0.00001	56	52	0.06929574839424174
36	0.00001	56	20	0.0645351396413386
36	0.00001	56	65	0.04653554634403199
36	0.00001	56	4	0.04802990320261309
36	0.00001	56	42	0.04802990320261309
36	0.00001	56	6	0.04653554634403199
36	0.00001	56	92	0.025792300005017515
36	0.00001	56	60	0.027488771806104227
36	0.00001	56	66	0.027488771806104227
36	0.00001	56	40	0.025792300005017515
36	0.00001	56	53	0.025792300005017515
36	0.00001	56	59	0.025792300005017515
36	0.00001	56	69	0.025792300005017515
36	0.00001	56	49	0.025792300005017515
36	0.00001	56	87	0.025792300005017515
36	0.00001	56	28	0.025792300005017515
36	0.00001	56	33	0.018165440786366917
36	0.00001	57	14	0.06945919340805105
36	0.00001	57	77	0.06945919340805105
36	0.00001	57	96	0.06945919340805105
36	0.00001	57	52	0.06945919340805105
36	0.00001	57	20	0.06945919340805105
36	0.00001	57	65	0.03274531653783337
36	0.00001	57	4	0.06945919340805105
36	0.00001	57	42	0.06945919340805105
36	0.00001	57	6	0.03274531653783337
36	0.00001	57	59	0.023226056032294454
36	0.00001	57	60	0.030208903930107837
36	0.00001	57	66	0.030208903930107837
36	0.00001	57	92	0.023226056032294454
36	0.00001	57	40	0.023226056032294454
36	0.00001	57	69	0.023226056032294454
36	0.00001	57	53	0.023226056032294454
36	0.00001	57	28	0.023226056032294454
36	0.00001	57	87	0.023226056032294454
36	0.00001	57	49	0.023226056032294454
36	0.00001	57	33	0.023226056032294454
36	0.00001	58	14	0.08861503999279384
36	0.00001	58	77	0.08861503999279384
36	0.00001	58	96	0.08861503999279384
36	0.00001	58	20	0.06964179109023838
36	0.00001	58	52	0.06964179109023838
36	0.00001	58	42	0.053069741701351536
36	0.00001	58	4	0.053069741701351536
36	0.00001	58	65	0.0393412300025512
36	0.00001	58	6	0.0393412300025512
36	0.00001	58	59	0.023705720439671445
36	0.00001	58	60	0.0393412300025512
36	0.00001	58	66	0.0393412300025512
36	0.00001	58	92	0.023705720439671445
36	0.00001	58	69	0.023705720439671445
36	0.00001	58	28	0.023705720439671445
36	0.00001	58	40	0.023705720439671445
36	0.00001	58	87	0.023705720439671445
36	0.00001	58	49	0.023705720439671445
36	0.00001	58	53	0.023705720439671445
36	0.00001	58	33	0.023705720439671445
36	0.00001	59	14	0.07394624740066037
36	0.00001	59	77	0.07394624740066037
36	0.00001	59	96	0.07394624740066037
36	0.00001	59	52	0.07394624740066037
36	0.00001	59	20	0.05574196224504699
36	0.00001	59	42	0.04281533818299918
36	0.00001	59	4	0.04281533818299918
36	0.00001	59	6	0.04281533818299918
36	0.00001	59	65	0.04281533818299918
36	0.00001	59	66	0.035599894251461955
36	0.00001	59	60	0.035599894251461955
36	0.00001	59	92	0.035599894251461955
36	0.00001	59	40	0.035599894251461955
36	0.00001	59	53	0.035599894251461955
36	0.00001	59	49	0.035599894251461955
36	0.00001	59	69	0.035599894251461955
36	0.00001	59	87	0.035599894251461955
36	0.00001	59	59	0.017348154246691387
36	0.00001	59	28	0.017348154246691387
36	0.00001	59	33	0.017348154246691387
36	0.00001	60	14	0.06434857075037144
36	0.00001	60	77	0.06434857075037144
36	0.00001	60	96	0.06434857075037144
36	0.00001	60	52	0.06434857075037144
36	0.00001	60	20	0.06434857075037144
36	0.00001	60	65	0.042367564203816634
36	0.00001	60	4	0.06434857075037144
36	0.00001	60	42	0.06434857075037144
36	0.00001	60	6	0.042367564203816634
36	0.00001	60	59	0.029771757858386313
36	0.00001	60	60	0.029771757858386313
36	0.00001	60	66	0.029771757858386313
36	0.00001	60	92	0.029771757858386313
36	0.00001	60	40	0.029771757858386313
36	0.00001	60	53	0.029771757858386313
36	0.00001	60	28	0.029771757858386313
36	0.00001	60	87	0.029771757858386313
36	0.00001	60	69	0.029771757858386313
36	0.00001	60	49	0.029771757858386313
36	0.00001	60	33	0.029771757858386313
36	0.00001	61	14	0.06234314139022824
36	0.00001	61	77	0.06234314139022824
36	0.00001	61	96	0.06234314139022824
36	0.00001	61	52	0.06234314139022824
36	0.00001	61	20	0.06112941827419768
36	0.00001	61	65	0.038581535770711085
36	0.00001	61	4	0.053166013003766936
36	0.00001	61	42	0.053166013003766936
36	0.00001	61	6	0.038581535770711085
36	0.00001	61	92	0.027676990081487135
36	0.00001	61	60	0.03059072781184926
36	0.00001	61	66	0.03059072781184926
36	0.00001	61	59	0.0239633367291765
36	0.00001	61	40	0.027676990081487135
36	0.00001	61	53	0.027676990081487135
36	0.00001	61	28	0.0239633367291765
36	0.00001	61	87	0.027676990081487135
36	0.00001	61	49	0.027676990081487135
36	0.00001	61	69	0.027676990081487135
36	0.00001	61	33	0.0239633367291765
36	0.00001	62	14	0.07191575560182646
36	0.00001	62	77	0.07191575560182646
36	0.00001	62	96	0.07191575560182646
36	0.00001	62	52	0.07191575560182646
36	0.00001	62	20	0.060511045872719556
36	0.00001	62	65	0.036998323090844665
36	0.00001	62	4	0.043119815130996775
36	0.00001	62	42	0.043119815130996775
36	0.00001	62	6	0.036998323090844665
36	0.00001	62	59	0.02136275566591568
36	0.00001	62	60	0.024090600287670363
36	0.00001	62	66	0.024090600287670363
36	0.00001	62	92	0.02136275566591568
36	0.00001	62	40	0.02136275566591568
36	0.00001	62	53	0.02136275566591568
36	0.00001	62	69	0.02136275566591568
36	0.00001	62	49	0.02136275566591568
36	0.00001	62	87	0.020391737046400522
36	0.00001	62	33	0.02136275566591568
36	0.00001	62	28	0.02136275566591568
36	0.00001	63	14	0.07506210389757287
36	0.00001	63	52	0.07506210389757287
36	0.00001	63	77	0.07506210389757287
36	0.00001	63	96	0.07506210389757287
36	0.00001	63	20	0.07506210389757287
36	0.00001	63	42	0.05520907320428021
36	0.00001	63	4	0.05520907320428021
36	0.00001	63	6	0.043453183318812504
36	0.00001	63	65	0.043453183318812504
36	0.00001	63	92	0.02673893479513605
36	0.00001	63	60	0.02673893479513605
36	0.00001	63	66	0.02673893479513605
36	0.00001	63	59	0.02673893479513605
36	0.00001	63	28	0.02673893479513605
36	0.00001	63	49	0.02673893479513605
36	0.00001	63	69	0.02673893479513605
36	0.00001	63	53	0.02673893479513605
36	0.00001	63	87	0.02673893479513605
36	0.00001	63	40	0.02673893479513605
36	0.00001	63	33	0.02673893479513605
36	0.00001	64	14	0.06782607610702569
36	0.00001	64	77	0.06782607610702569
36	0.00001	64	96	0.06782607610702569
36	0.00001	64	52	0.06782607610702569
36	0.00001	64	20	0.06782607610702569
36	0.00001	64	42	0.057454025049458346
36	0.00001	64	4	0.057454025049458346
36	0.00001	64	65	0.04803952436644545
36	0.00001	64	6	0.04803952436644545
36	0.00001	64	66	0.03313107731035641
36	0.00001	64	60	0.03313107731035641
36	0.00001	64	92	0.023401352892371496
36	0.00001	64	59	0.023401352892371496
36	0.00001	64	40	0.023401352892371496
36	0.00001	64	28	0.023401352892371496
36	0.00001	64	53	0.023401352892371496
36	0.00001	64	69	0.023401352892371496
36	0.00001	64	49	0.023401352892371496
36	0.00001	64	87	0.023401352892371496
36	0.00001	64	33	0.023401352892371496
36	0.00001	65	14	0.06925777961840401
36	0.00001	65	77	0.06925777961840401
36	0.00001	65	96	0.06925777961840401
36	0.00001	65	52	0.06925777961840401
36	0.00001	65	20	0.06925777961840401
36	0.00001	65	65	0.04780784341704946
36	0.00001	65	4	0.04780784341704946
36	0.00001	65	42	0.04780784341704946
36	0.00001	65	6	0.04780784341704946
36	0.00001	65	69	0.020803839475245302
36	0.00001	65	60	0.043549396858747945
36	0.00001	65	66	0.043549396858747945
36	0.00001	65	59	0.020803839475245302
36	0.00001	65	49	0.020803839475245302
36	0.00001	65	92	0.020803839475245302
36	0.00001	65	28	0.020803839475245302
36	0.00001	65	40	0.020803839475245302
36	0.00001	65	53	0.020803839475245302
36	0.00001	65	87	0.020803839475245302
36	0.00001	65	33	0.020803839475245302
36	0.00001	66	14	0.07768995915104293
36	0.00001	66	77	0.07768995915104293
36	0.00001	66	96	0.07768995915104293
36	0.00001	66	52	0.07768995915104293
36	0.00001	66	20	0.06858444631229828
36	0.00001	66	65	0.03190039584853109
36	0.00001	66	4	0.05898419320671129
36	0.00001	66	42	0.05898419320671129
36	0.00001	66	6	0.031212029379822804
36	0.00001	66	49	0.020434265827085952
36	0.00001	66	60	0.022188082340716224
36	0.00001	66	66	0.022188082340716224
36	0.00001	66	40	0.020434265827085952
36	0.00001	66	92	0.020434265827085952
36	0.00001	66	59	0.020434265827085952
36	0.00001	66	69	0.020434265827085952
36	0.00001	66	53	0.020434265827085952
36	0.00001	66	87	0.020434265827085952
36	0.00001	66	28	0.020434265827085952
36	0.00001	66	33	0.014852350827861223
36	0.00001	67	14	0.0656339272881782
36	0.00001	67	77	0.0656339272881782
36	0.00001	67	96	0.0656339272881782
36	0.00001	67	52	0.0656339272881782
36	0.00001	67	20	0.057834712191460816
36	0.00001	67	65	0.034535901875381615
36	0.00001	67	4	0.05085254813578251
36	0.00001	67	42	0.05085254813578251
36	0.00001	67	6	0.03689029747505295
36	0.00001	67	59	0.028204419899999167
36	0.00001	67	60	0.03140940185323535
36	0.00001	67	66	0.03140940185323535
36	0.00001	67	92	0.03140940185323535
36	0.00001	67	40	0.03140940185323535
36	0.00001	67	28	0.028204419899999167
36	0.00001	67	53	0.03140940185323535
36	0.00001	67	87	0.03140940185323535
36	0.00001	67	69	0.03140940185323535
36	0.00001	67	49	0.03140940185323535
36	0.00001	67	33	0.028204419899999167
36	0.00001	68	14	0.06828857206365073
36	0.00001	68	77	0.06828857206365073
36	0.00001	68	96	0.06828857206365073
36	0.00001	68	52	0.06828857206365073
36	0.00001	68	20	0.06828857206365073
36	0.00001	68	42	0.048378637798965785
36	0.00001	68	4	0.048378637798965785
36	0.00001	68	6	0.03784858046127509
36	0.00001	68	65	0.03784858046127509
36	0.00001	68	59	0.02466188581937402
36	0.00001	68	60	0.02466188581937402
36	0.00001	68	66	0.02466188581937402
36	0.00001	68	92	0.02466188581937402
36	0.00001	68	40	0.02466188581937402
36	0.00001	68	53	0.02466188581937402
36	0.00001	68	28	0.02466188581937402
36	0.00001	68	87	0.02466188581937402
36	0.00001	68	49	0.022869114089060158
36	0.00001	68	69	0.022869114089060158
36	0.00001	68	33	0.02466188581937402
36	0.00001	68	29	0.005743520225758918
36	0.00001	69	14	0.06415892800512238
36	0.00001	69	77	0.06415892800512238
36	0.00001	69	96	0.06415892800512238
36	0.00001	69	52	0.06415892800512238
36	0.00001	69	20	0.06010703125258398
36	0.00001	69	42	0.0508930565454879
36	0.00001	69	4	0.0508930565454879
36	0.00001	69	65	0.0453707622811313
36	0.00001	69	6	0.0453707622811313
36	0.00001	69	66	0.02865505174649287
36	0.00001	69	60	0.02865505174649287
36	0.00001	69	92	0.025835460881082656
36	0.00001	69	59	0.025835460881082656
36	0.00001	69	40	0.025835460881082656
36	0.00001	69	28	0.025835460881082656
36	0.00001	69	53	0.025835460881082656
36	0.00001	69	87	0.025835460881082656
36	0.00001	69	49	0.025835460881082656
36	0.00001	69	69	0.025835460881082656
36	0.00001	69	33	0.025835460881082656
36	0.00001	70	14	0.07243545362493611
36	0.00001	70	77	0.07243545362493611
36	0.00001	70	96	0.07243545362493611
36	0.00001	70	52	0.07243545362493611
36	0.00001	70	20	0.07243545362493611
36	0.00001	70	65	0.05049824156022013
36	0.00001	70	4	0.05049824156022013
36	0.00001	70	42	0.05049824156022013
36	0.00001	70	6	0.05049824156022013
36	0.00001	70	92	0.023423187209790083
36	0.00001	70	60	0.023423187209790083
36	0.00001	70	66	0.023423187209790083
36	0.00001	70	49	0.023423187209790083
36	0.00001	70	69	0.023423187209790083
36	0.00001	70	28	0.023423187209790083
36	0.00001	70	40	0.023423187209790083
36	0.00001	70	59	0.023423187209790083
36	0.00001	70	53	0.023423187209790083
36	0.00001	70	87	0.023423187209790083
36	0.00001	70	33	0.022502320239379828
36	0.00001	71	14	0.0729809000661274
36	0.00001	71	77	0.0729809000661274
36	0.00001	71	96	0.0729809000661274
36	0.00001	71	52	0.0729809000661274
36	0.00001	71	20	0.05375394252826422
36	0.00001	71	65	0.04054425113843464
36	0.00001	71	4	0.04069745231371032
36	0.00001	71	42	0.04069745231371032
36	0.00001	71	6	0.04054425113843464
36	0.00001	71	53	0.02861697171091336
36	0.00001	71	60	0.0369125239046628
36	0.00001	71	66	0.0369125239046628
36	0.00001	71	92	0.02861697171091336
36	0.00001	71	40	0.02861697171091336
36	0.00001	71	49	0.02861697171091336
36	0.00001	71	69	0.02861697171091336
36	0.00001	71	59	0.026626659776740096
36	0.00001	71	28	0.02861697171091336
36	0.00001	71	87	0.02861697171091336
36	0.00001	71	33	0.014317900676203926
36	0.00001	72	14	0.07619323197737027
36	0.00001	72	77	0.07619323197737027
36	0.00001	72	96	0.07619323197737027
36	0.00001	72	52	0.07619323197737027
36	0.00001	72	20	0.07619323197737027
36	0.00001	72	42	0.07619323197737027
36	0.00001	72	4	0.07619323197737027
36	0.00001	72	65	0.03769037568433765
36	0.00001	72	6	0.03769037568433765
36	0.00001	72	66	0.03174635519854015
36	0.00001	72	60	0.03174635519854015
36	0.00001	72	92	0.03174635519854015
36	0.00001	72	40	0.03174635519854015
36	0.00001	72	59	0.01788227107244373
36	0.00001	72	28	0.01788227107244373
36	0.00001	72	53	0.03174635519854015
36	0.00001	72	87	0.03174635519854015
36	0.00001	72	69	0.03174635519854015
36	0.00001	72	49	0.03174635519854015
36	0.00001	72	88	0.004942861695993864
36	0.00001	72	33	0.01788227107244373
36	0.00001	73	14	0.06680215317073404
36	0.00001	73	77	0.06680215317073404
36	0.00001	73	96	0.06680215317073404
36	0.00001	73	52	0.06680215317073404
36	0.00001	73	20	0.06680215317073404
36	0.00001	73	42	0.05435860517666624
36	0.00001	73	4	0.05435860517666624
36	0.00001	73	65	0.04463214377159324
36	0.00001	73	6	0.04463214377159324
36	0.00001	73	92	0.030946962727477236
36	0.00001	73	60	0.030946962727477236
36	0.00001	73	66	0.030946962727477236
36	0.00001	73	40	0.030946962727477236
36	0.00001	73	59	0.028804469537817793
36	0.00001	73	53	0.030946962727477236
36	0.00001	73	28	0.028804469537817793
36	0.00001	73	87	0.030946962727477236
36	0.00001	73	69	0.030946962727477236
36	0.00001	73	49	0.030946962727477236
36	0.00001	73	33	0.028804469537817793
36	0.00001	74	14	0.0593209029045116
36	0.00001	74	52	0.0593209029045116
36	0.00001	74	77	0.0593209029045116
36	0.00001	74	96	0.0593209029045116
36	0.00001	74	20	0.0593209029045116
36	0.00001	74	65	0.029403513306131265
36	0.00001	74	4	0.056968006331199715
36	0.00001	74	42	0.056968006331199715
36	0.00001	74	6	0.03561656724508474
36	0.00001	74	59	0.029403513306131265
36	0.00001	74	60	0.029403513306131265
36	0.00001	74	66	0.029403513306131265
36	0.00001	74	92	0.029403513306131265
36	0.00001	74	40	0.029403513306131265
36	0.00001	74	28	0.029403513306131265
36	0.00001	74	53	0.029403513306131265
36	0.00001	74	87	0.029403513306131265
36	0.00001	74	49	0.029403513306131265
36	0.00001	74	69	0.029403513306131265
36	0.00001	74	33	0.029403513306131265
36	0.00001	75	14	0.0662678455305414
36	0.00001	75	77	0.0662678455305414
36	0.00001	75	96	0.0662678455305414
36	0.00001	75	52	0.0662678455305414
36	0.00001	75	20	0.06571325093023431
36	0.00001	75	42	0.049484469175700124
36	0.00001	75	4	0.049484469175700124
36	0.00001	75	6	0.049484469175700124
36	0.00001	75	65	0.049484469175700124
36	0.00001	75	59	0.026109017237135743
36	0.00001	75	60	0.0314212292020793
36	0.00001	75	66	0.0314212292020793
36	0.00001	75	92	0.026109017237135743
36	0.00001	75	53	0.026109017237135743
36	0.00001	75	69	0.026109017237135743
36	0.00001	75	40	0.026109017237135743
36	0.00001	75	33	0.02218403090803651
36	0.00001	75	87	0.02218403090803651
36	0.00001	75	49	0.00767025152919774
36	0.00001	75	29	0.006136478300671649
36	0.00001	76	14	0.07246047750009632
36	0.00001	76	77	0.07246047750009632
36	0.00001	76	96	0.07246047750009632
36	0.00001	76	52	0.07246047750009632
36	0.00001	76	20	0.07246047750009632
36	0.00001	76	42	0.05005962288510208
36	0.00001	76	4	0.05005962288510208
36	0.00001	76	65	0.047900375229208675
36	0.00001	76	6	0.047900375229208675
36	0.00001	76	92	0.029887694584272567
36	0.00001	76	60	0.02995613197987237
36	0.00001	76	66	0.02995613197987237
36	0.00001	76	59	0.029887694584272567
36	0.00001	76	53	0.029887694584272567
36	0.00001	76	69	0.029887694584272567
36	0.00001	76	49	0.029887694584272567
36	0.00001	76	40	0.029887694584272567
36	0.00001	76	87	0.029887694584272567
36	0.00001	76	33	0.029887694584272567
36	0.00001	76	28	0.029887694584272567
36	0.00001	77	14	0.06832227405160145
36	0.00001	77	77	0.06832227405160145
36	0.00001	77	96	0.06832227405160145
36	0.00001	77	52	0.06832227405160145
36	0.00001	77	20	0.056001540887742715
36	0.00001	77	65	0.03901913038824992
36	0.00001	77	4	0.046516521528529274
36	0.00001	77	42	0.046516521528529274
36	0.00001	77	6	0.03901913038824992
36	0.00001	77	59	0.022717570888955964
36	0.00001	77	60	0.02443282145053078
36	0.00001	77	66	0.02443282145053078
36	0.00001	77	40	0.02443282145053078
36	0.00001	77	92	0.02443282145053078
36	0.00001	77	49	0.02443282145053078
36	0.00001	77	53	0.02443282145053078
36	0.00001	77	28	0.022717570888955964
36	0.00001	77	87	0.02443282145053078
36	0.00001	77	69	0.02443282145053078
36	0.00001	77	33	0.022717570888955964
36	0.00001	78	14	0.06667320776064063
36	0.00001	78	52	0.06667320776064063
36	0.00001	78	77	0.06667320776064063
36	0.00001	78	96	0.06667320776064063
36	0.00001	78	20	0.06667320776064063
36	0.00001	78	65	0.03989598158043752
36	0.00001	78	4	0.05817976159654387
36	0.00001	78	42	0.05817976159654387
36	0.00001	78	6	0.03989598158043752
36	0.00001	78	92	0.03538016635893303
36	0.00001	78	60	0.03538016635893303
36	0.00001	78	66	0.03538016635893303
36	0.00001	78	59	0.03538016635893303
36	0.00001	78	69	0.03538016635893303
36	0.00001	78	49	0.03538016635893303
36	0.00001	78	28	0.03538016635893303
36	0.00001	78	53	0.03538016635893303
36	0.00001	78	40	0.03538016635893303
36	0.00001	78	87	0.03538016635893303
36	0.00001	78	33	0.03538016635893303
36	0.00001	79	14	0.06859356818630795
36	0.00001	79	77	0.06859356818630795
36	0.00001	79	96	0.06859356818630795
36	0.00001	79	52	0.06859356818630795
36	0.00001	79	20	0.06367580083164553
36	0.00001	79	42	0.04556274232981842
36	0.00001	79	4	0.04556274232981842
36	0.00001	79	65	0.04556274232981842
36	0.00001	79	6	0.04556274232981842
36	0.00001	79	92	0.024950119275311558
36	0.00001	79	60	0.02672692012827492
36	0.00001	79	66	0.02672692012827492
36	0.00001	79	40	0.024950119275311558
36	0.00001	79	53	0.024950119275311558
36	0.00001	79	28	0.024950119275311558
36	0.00001	79	59	0.024950119275311558
36	0.00001	79	87	0.024950119275311558
36	0.00001	79	33	0.014318992512878902
36	0.00001	79	49	0.024950119275311558
36	0.00001	79	69	0.024950119275311558
36	0.00001	80	14	0.06231923832576657
36	0.00001	80	77	0.06231923832576657
36	0.00001	80	96	0.06231923832576657
36	0.00001	80	52	0.06231923832576657
36	0.00001	80	20	0.06231923832576657
36	0.00001	80	65	0.031760789036550045
36	0.00001	80	4	0.060433721654439415
36	0.00001	80	42	0.060433721654439415
36	0.00001	80	6	0.032874016893737375
36	0.00001	80	92	0.031760789036550045
36	0.00001	80	66	0.031760789036550045
36	0.00001	80	60	0.031760789036550045
36	0.00001	80	59	0.031760789036550045
36	0.00001	80	28	0.031760789036550045
36	0.00001	80	40	0.031760789036550045
36	0.00001	80	53	0.031760789036550045
36	0.00001	80	33	0.031760789036550045
36	0.00001	80	87	0.031760789036550045
36	0.00001	80	69	0.031760789036550045
36	0.00001	80	49	0.031760789036550045
36	0.00001	81	14	0.06431157606829811
36	0.00001	81	77	0.06431157606829811
36	0.00001	81	96	0.06431157606829811
36	0.00001	81	52	0.06431157606829811
36	0.00001	81	20	0.06431157606829811
36	0.00001	81	42	0.059401610549322546
36	0.00001	81	4	0.059401610549322546
36	0.00001	81	65	0.05172301270406537
36	0.00001	81	6	0.05172301270406537
36	0.00001	81	66	0.03607703602416163
36	0.00001	81	60	0.03607703602416163
36	0.00001	81	49	0.027660836975399446
36	0.00001	81	92	0.027660836975399446
36	0.00001	81	59	0.027660836975399446
36	0.00001	81	28	0.027660836975399446
36	0.00001	81	69	0.027660836975399446
36	0.00001	81	53	0.027660836975399446
36	0.00001	81	40	0.027660836975399446
36	0.00001	81	87	0.027660836975399446
36	0.00001	81	30	0.009610312752715395
36	0.00001	81	33	0.027660836975399446
36	0.00001	82	14	0.0678577723147331
36	0.00001	82	77	0.0678577723147331
36	0.00001	82	96	0.0678577723147331
36	0.00001	82	52	0.0678577723147331
36	0.00001	82	20	0.0678577723147331
36	0.00001	82	42	0.06130377910515646
36	0.00001	82	4	0.06130377910515646
36	0.00001	82	65	0.04389141473722083
36	0.00001	82	6	0.04389141473722083
36	0.00001	82	59	0.030248826969364966
36	0.00001	82	60	0.03083236981564444
36	0.00001	82	66	0.03083236981564444
36	0.00001	82	92	0.030248826969364966
36	0.00001	82	49	0.030248826969364966
36	0.00001	82	28	0.030248826969364966
36	0.00001	82	69	0.030248826969364966
36	0.00001	82	53	0.030248826969364966
36	0.00001	82	40	0.030248826969364966
36	0.00001	82	87	0.030248826969364966
36	0.00001	82	33	0.030248826969364966
36	0.00001	83	14	0.06533395344259808
36	0.00001	83	77	0.06533395344259808
36	0.00001	83	96	0.06533395344259808
36	0.00001	83	52	0.06533395344259808
36	0.00001	83	20	0.06533395344259808
36	0.00001	83	65	0.028374478724931308
36	0.00001	83	4	0.061605604016547987
36	0.00001	83	42	0.061605604016547987
36	0.00001	83	6	0.04028964361293397
36	0.00001	83	59	0.02707152293211448
36	0.00001	83	60	0.02707152293211448
36	0.00001	83	66	0.02707152293211448
36	0.00001	83	92	0.02707152293211448
36	0.00001	83	40	0.02707152293211448
36	0.00001	83	53	0.02707152293211448
36	0.00001	83	69	0.02707152293211448
36	0.00001	83	49	0.02707152293211448
36	0.00001	83	87	0.01696030863259811
36	0.00001	83	33	0.01699595055961848
36	0.00001	83	28	0.01699595055961848
36	0.00001	84	14	0.08492673847345654
36	0.00001	84	77	0.08492673847345654
36	0.00001	84	96	0.08492673847345654
36	0.00001	84	52	0.08492673847345654
36	0.00001	84	20	0.06602822135709592
36	0.00001	84	42	0.06602822135709592
36	0.00001	84	4	0.06602822135709592
36	0.00001	84	65	0.045219848561842885
36	0.00001	84	6	0.045219848561842885
36	0.00001	84	92	0.021376983234693107
36	0.00001	84	60	0.024145779395428255
36	0.00001	84	66	0.024145779395428255
36	0.00001	84	53	0.021376983234693107
36	0.00001	84	40	0.021376983234693107
36	0.00001	84	69	0.021376983234693107
36	0.00001	84	49	0.021376983234693107
36	0.00001	84	87	0.021376983234693107
36	0.00001	84	33	0.021376983234693107
36	0.00001	84	59	0.021376983234693107
36	0.00001	84	28	0.021376983234693107
36	0.00001	85	14	0.06678299617632742
36	0.00001	85	77	0.06678299617632742
36	0.00001	85	96	0.06678299617632742
36	0.00001	85	52	0.06678299617632742
36	0.00001	85	20	0.06678299617632742
36	0.00001	85	65	0.03761760838484259
36	0.00001	85	4	0.06678299617632742
36	0.00001	85	42	0.06678299617632742
36	0.00001	85	6	0.03761760838484259
36	0.00001	85	66	0.026665590136099364
36	0.00001	85	60	0.026665590136099364
36	0.00001	85	92	0.025672348085407363
36	0.00001	85	59	0.02286688266424698
36	0.00001	85	40	0.025672348085407363
36	0.00001	85	53	0.025672348085407363
36	0.00001	85	28	0.02286688266424698
36	0.00001	85	87	0.025672348085407363
36	0.00001	85	49	0.025672348085407363
36	0.00001	85	69	0.025672348085407363
36	0.00001	85	33	0.02286688266424698
36	0.00001	86	14	0.06258173174333544
36	0.00001	86	77	0.06258173174333544
36	0.00001	86	96	0.06258173174333544
36	0.00001	86	52	0.06258173174333544
36	0.00001	86	20	0.06258173174333544
36	0.00001	86	65	0.04639450036474585
36	0.00001	86	4	0.055670902707290276
36	0.00001	86	42	0.055670902707290276
36	0.00001	86	6	0.04639450036474585
36	0.00001	86	59	0.02460509078387109
36	0.00001	86	60	0.024861199278205737
36	0.00001	86	66	0.024861199278205737
36	0.00001	86	92	0.02460509078387109
36	0.00001	86	40	0.02460509078387109
36	0.00001	86	69	0.02460509078387109
36	0.00001	86	49	0.02460509078387109
36	0.00001	86	53	0.02460509078387109
36	0.00001	86	28	0.02460509078387109
36	0.00001	86	87	0.02460509078387109
36	0.00001	86	33	0.02460509078387109
36	0.00001	87	14	0.06874220980812806
36	0.00001	87	77	0.06874220980812806
36	0.00001	87	96	0.06874220980812806
36	0.00001	87	52	0.06874220980812806
36	0.00001	87	20	0.06874220980812806
36	0.00001	87	65	0.043935243014399245
36	0.00001	87	4	0.049481374649003255
36	0.00001	87	42	0.049481374649003255
36	0.00001	87	6	0.043935243014399245
36	0.00001	87	66	0.035128894055973414
36	0.00001	87	60	0.035128894055973414
36	0.00001	87	92	0.032211472264086854
36	0.00001	87	59	0.032211472264086854
36	0.00001	87	40	0.032211472264086854
36	0.00001	87	53	0.032211472264086854
36	0.00001	87	69	0.032211472264086854
36	0.00001	87	49	0.032211472264086854
36	0.00001	87	87	0.032211472264086854
36	0.00001	87	33	0.032211472264086854
36	0.00001	87	28	0.032211472264086854
36	0.00001	88	14	0.06439554546019226
36	0.00001	88	77	0.06439554546019226
36	0.00001	88	96	0.06439554546019226
36	0.00001	88	52	0.06439554546019226
36	0.00001	88	20	0.0509498552226047
36	0.00001	88	65	0.04290065851218685
36	0.00001	88	4	0.05087429832002691
36	0.00001	88	42	0.05087429832002691
36	0.00001	88	6	0.04290065851218685
36	0.00001	88	66	0.02786031725928688
36	0.00001	88	60	0.02786031725928688
36	0.00001	88	92	0.027106814282645466
36	0.00001	88	40	0.027106814282645466
36	0.00001	88	59	0.027106814282645466
36	0.00001	88	69	0.027106814282645466
36	0.00001	88	49	0.027106814282645466
36	0.00001	88	87	0.027106814282645466
36	0.00001	88	28	0.027106814282645466
36	0.00001	88	53	0.027106814282645466
36	0.00001	88	33	0.027106814282645466
36	0.00001	89	14	0.07100568459278553
36	0.00001	89	77	0.07100568459278553
36	0.00001	89	96	0.07100568459278553
36	0.00001	89	52	0.07100568459278553
36	0.00001	89	20	0.05277681413414852
36	0.00001	89	65	0.03236200298592145
36	0.00001	89	4	0.04557225397558694
36	0.00001	89	42	0.04557225397558694
36	0.00001	89	6	0.04557225397558694
36	0.00001	89	59	0.03128279555727643
36	0.00001	89	60	0.03236200298592145
36	0.00001	89	66	0.03236200298592145
36	0.00001	89	69	0.03128279555727643
36	0.00001	89	92	0.03128279555727643
36	0.00001	89	40	0.03128279555727643
36	0.00001	89	53	0.03128279555727643
36	0.00001	89	49	0.03128279555727643
36	0.00001	89	87	0.03128279555727643
36	0.00001	89	28	0.03128279555727643
36	0.00001	89	33	0.03128279555727643
36	0.00001	90	14	0.06533422899152978
36	0.00001	90	77	0.06533422899152978
36	0.00001	90	96	0.06533422899152978
36	0.00001	90	52	0.06533422899152978
36	0.00001	90	20	0.06533422899152978
36	0.00001	90	65	0.030810897585765627
36	0.00001	90	4	0.0559801424336561
36	0.00001	90	42	0.0559801424336561
36	0.00001	90	6	0.04418129392825267
36	0.00001	90	59	0.023058250779304085
36	0.00001	90	66	0.030810897585765627
36	0.00001	90	60	0.030810897585765627
36	0.00001	90	92	0.023058250779304085
36	0.00001	90	40	0.023058250779304085
36	0.00001	90	28	0.023058250779304085
36	0.00001	90	53	0.023058250779304085
36	0.00001	90	49	0.023058250779304085
36	0.00001	90	87	0.023058250779304085
36	0.00001	90	33	0.023058250779304085
36	0.00001	90	69	0.023058250779304085
36	0.00001	91	14	0.061476043135030356
36	0.00001	91	77	0.061476043135030356
36	0.00001	91	96	0.061476043135030356
36	0.00001	91	52	0.061476043135030356
36	0.00001	91	20	0.061476043135030356
36	0.00001	91	65	0.03075677943188158
36	0.00001	91	4	0.05907633898616732
36	0.00001	91	42	0.05907633898616732
36	0.00001	91	6	0.04024274472346938
36	0.00001	91	92	0.027865462244163544
36	0.00001	91	66	0.03075677943188158
36	0.00001	91	60	0.03075677943188158
36	0.00001	91	59	0.027865462244163544
36	0.00001	91	49	0.027865462244163544
36	0.00001	91	40	0.027865462244163544
36	0.00001	91	53	0.027865462244163544
36	0.00001	91	28	0.027865462244163544
36	0.00001	91	87	0.027865462244163544
36	0.00001	91	69	0.027865462244163544
36	0.00001	91	33	0.027865462244163544
36	0.00001	92	14	0.11403527232477333
36	0.00001	92	77	0.11403527232477333
36	0.00001	92	96	0.11403527232477333
36	0.00001	92	52	0.11403527232477333
36	0.00001	92	20	0.053776843905611625
36	0.00001	92	65	0.053776843905611625
36	0.00001	92	4	0.053776843905611625
36	0.00001	92	42	0.053776843905611625
36	0.00001	92	6	0.053776843905611625
36	0.00001	92	66	0.027583431550911745
36	0.00001	92	60	0.027583431550911745
36	0.00001	92	69	0.027583431550911745
36	0.00001	92	92	0.027583431550911745
36	0.00001	92	40	0.027583431550911745
36	0.00001	92	49	0.027583431550911745
36	0.00001	92	87	0.02452954965740206
36	0.00001	92	30	0.010532333442205511
36	0.00001	92	53	0.0191939941883356
36	0.00001	92	59	0.0191939941883356
36	0.00001	92	28	0.01412215566650139
36	0.00001	92	33	0.01412215566650139
36	0.00001	93	14	0.06476350631097925
36	0.00001	93	77	0.06476350631097925
36	0.00001	93	96	0.06476350631097925
36	0.00001	93	52	0.06476350631097925
36	0.00001	93	20	0.06398812192651405
36	0.00001	93	65	0.04300952702383393
36	0.00001	93	4	0.05142296648229259
36	0.00001	93	42	0.05142296648229259
36	0.00001	93	6	0.04300952702383393
36	0.00001	93	59	0.022799215486477002
36	0.00001	93	60	0.025997261793141765
36	0.00001	93	66	0.025997261793141765
36	0.00001	93	92	0.022799215486477002
36	0.00001	93	40	0.022799215486477002
36	0.00001	93	49	0.022799215486477002
36	0.00001	93	69	0.022799215486477002
36	0.00001	93	53	0.022799215486477002
36	0.00001	93	87	0.01633334195682801
36	0.00001	93	33	0.01723150408515096
36	0.00001	93	28	0.01723150408515096
36	0.00001	94	14	0.10826293818632873
36	0.00001	94	77	0.10826293818632873
36	0.00001	94	96	0.10826293818632873
36	0.00001	94	52	0.10826293818632873
36	0.00001	94	6	0.03237664339147272
36	0.00001	94	4	0.03237664339147272
36	0.00001	94	42	0.03237664339147272
36	0.00001	94	65	0.030294639328041478
36	0.00001	94	20	0.030294639328041478
36	0.00001	94	60	0.030294639328041478
36	0.00001	94	66	0.030294639328041478
36	0.00001	94	53	0.030294639328041478
36	0.00001	94	59	0.030294639328041478
36	0.00001	94	92	0.030294639328041478
36	0.00001	94	40	0.030294639328041478
36	0.00001	94	33	0.030294639328041478
36	0.00001	94	87	0.030294639328041478
36	0.00001	94	28	0.004842567275447773
36	0.00001	94	17	0.030294639328041478
36	0.00001	94	49	0.030294639328041478
36	0.00001	94	69	0.030294639328041478
36	0.00001	95	14	0.07116081882137719
36	0.00001	95	77	0.07116081882137719
36	0.00001	95	96	0.07116081882137719
36	0.00001	95	52	0.07116081882137719
36	0.00001	95	20	0.07116081882137719
36	0.00001	95	42	0.051494002245901546
36	0.00001	95	4	0.051494002245901546
36	0.00001	95	65	0.046654547129977124
36	0.00001	95	6	0.046654547129977124
36	0.00001	95	59	0.02445538338275544
36	0.00001	95	60	0.028229100232180664
36	0.00001	95	66	0.028229100232180664
36	0.00001	95	92	0.02445538338275544
36	0.00001	95	40	0.02445538338275544
36	0.00001	95	28	0.02445538338275544
36	0.00001	95	53	0.02445538338275544
36	0.00001	95	69	0.02445538338275544
36	0.00001	95	49	0.02445538338275544
36	0.00001	95	87	0.02445538338275544
36	0.00001	95	33	0.02445538338275544
36	0.00001	96	96	0.0714818311510855
36	0.00001	96	77	0.0714818311510855
36	0.00001	96	14	0.06534037489562251
36	0.00001	96	52	0.06534037489562251
36	0.00001	96	20	0.06451562556947273
36	0.00001	96	65	0.040271514851117254
36	0.00001	96	4	0.05431716508194233
36	0.00001	96	42	0.05431716508194233
36	0.00001	96	6	0.040271514851117254
36	0.00001	96	92	0.022544774916052595
36	0.00001	96	60	0.03818205951378299
36	0.00001	96	66	0.03818205951378299
36	0.00001	96	59	0.022544774916052595
36	0.00001	96	28	0.022544774916052595
36	0.00001	96	49	0.022544774916052595
36	0.00001	96	40	0.022544774916052595
36	0.00001	96	53	0.022544774916052595
36	0.00001	96	69	0.022544774916052595
36	0.00001	96	87	0.022544774916052595
36	0.00001	96	33	0.022544774916052595
36	0.00001	97	14	0.06765519690822468
36	0.00001	97	77	0.06765519690822468
36	0.00001	97	96	0.06765519690822468
36	0.00001	97	52	0.06765519690822468
36	0.00001	97	20	0.06765519690822468
36	0.00001	97	42	0.059913215799926034
36	0.00001	97	4	0.059913215799926034
36	0.00001	97	65	0.04268801198591593
36	0.00001	97	6	0.04268801198591593
36	0.00001	97	66	0.031006924810957754
36	0.00001	97	60	0.031006924810957754
36	0.00001	97	92	0.031006924810957754
36	0.00001	97	59	0.031006924810957754
36	0.00001	97	69	0.031006924810957754
36	0.00001	97	28	0.031006924810957754
36	0.00001	97	53	0.031006924810957754
36	0.00001	97	40	0.031006924810957754
36	0.00001	97	87	0.031006924810957754
36	0.00001	97	49	0.031006924810957754
36	0.00001	97	33	0.031006924810957754
36	0.00001	98	14	0.06712085965521637
36	0.00001	98	77	0.06712085965521637
36	0.00001	98	96	0.06712085965521637
36	0.00001	98	52	0.06712085965521637
36	0.00001	98	20	0.06712085965521637
36	0.00001	98	65	0.04446661781203304
36	0.00001	98	4	0.059480878980775295
36	0.00001	98	42	0.059480878980775295
36	0.00001	98	6	0.04446661781203304
36	0.00001	98	59	0.02602076543478509
36	0.00001	98	60	0.02602076543478509
36	0.00001	98	66	0.02602076543478509
36	0.00001	98	92	0.02602076543478509
36	0.00001	98	40	0.02602076543478509
36	0.00001	98	28	0.02602076543478509
36	0.00001	98	87	0.02602076543478509
36	0.00001	98	49	0.02602076543478509
36	0.00001	98	53	0.02602076543478509
36	0.00001	98	33	0.02602076543478509
36	0.00001	98	69	0.007668841385841383
36	0.00001	99	14	0.07129906736115908
36	0.00001	99	77	0.07129906736115908
36	0.00001	99	96	0.07129906736115908
36	0.00001	99	52	0.07129906736115908
36	0.00001	99	20	0.07129906736115908
36	0.00001	99	42	0.049610023476656294
36	0.00001	99	4	0.049610023476656294
36	0.00001	99	65	0.04898551435196991
36	0.00001	99	6	0.04898551435196991
36	0.00001	99	59	0.02670660542857537
36	0.00001	99	60	0.02830264856831128
36	0.00001	99	66	0.02830264856831128
36	0.00001	99	92	0.02670660542857537
36	0.00001	99	40	0.02670660542857537
36	0.00001	99	28	0.02670660542857537
36	0.00001	99	33	0.02670660542857537
36	0.00001	99	87	0.02670660542857537
36	0.00001	99	53	0.02670660542857537
36	0.00001	99	69	0.02670660542857537
36	0.00001	99	49	0.02670660542857537
36	0.00001	100	14	0.07567492296143921
36	0.00001	100	77	0.07567492296143921
36	0.00001	100	96	0.07567492296143921
36	0.00001	100	52	0.07567492296143921
36	0.00001	100	20	0.05705622897838912
36	0.00001	100	65	0.03883341067837036
36	0.00001	100	4	0.04323812566900457
36	0.00001	100	42	0.04323812566900457
36	0.00001	100	6	0.04323812566900457
36	0.00001	100	66	0.03299293056633032
36	0.00001	100	60	0.03299293056633032
36	0.00001	100	92	0.03299293056633032
36	0.00001	100	40	0.03299293056633032
36	0.00001	100	59	0.03299293056633032
36	0.00001	100	53	0.03299293056633032
36	0.00001	100	87	0.03299293056633032
36	0.00001	100	69	0.03299293056633032
36	0.00001	100	49	0.03299293056633032
36	0.00001	100	28	0.03299293056633032
36	0.00001	100	33	0.03299293056633032
36	0.0001	1	14	0.06204260718280517
36	0.0001	1	77	0.06204260718280517
36	0.0001	1	96	0.06204260718280517
36	0.0001	1	52	0.06204260718280517
36	0.0001	1	20	0.060380549159703145
36	0.0001	1	65	0.03457067695351786
36	0.0001	1	4	0.054158501007068954
36	0.0001	1	42	0.054158501007068954
36	0.0001	1	6	0.03457067695351786
36	0.0001	1	66	0.02877787052854163
36	0.0001	1	60	0.02877787052854163
36	0.0001	1	92	0.02877787052854163
36	0.0001	1	59	0.02877787052854163
36	0.0001	1	40	0.02877787052854163
36	0.0001	1	69	0.02877787052854163
36	0.0001	1	49	0.02877787052854163
36	0.0001	1	87	0.02877787052854163
36	0.0001	1	53	0.02877787052854163
36	0.0001	1	28	0.02877787052854163
36	0.0001	1	33	0.02877787052854163
36	0.0001	2	14	0.06365193767674018
36	0.0001	2	77	0.06365193767674018
36	0.0001	2	96	0.06365193767674018
36	0.0001	2	52	0.06365193767674018
36	0.0001	2	20	0.05844132690361572
36	0.0001	2	65	0.032155024484615
36	0.0001	2	4	0.05476577983215902
36	0.0001	2	42	0.05476577983215902
36	0.0001	2	6	0.032155024484615
36	0.0001	2	92	0.02813668540152904
36	0.0001	2	66	0.029525412175761663
36	0.0001	2	60	0.029525412175761663
36	0.0001	2	69	0.02813668540152904
36	0.0001	2	49	0.02813668540152904
36	0.0001	2	40	0.02813668540152904
36	0.0001	2	53	0.02813668540152904
36	0.0001	2	87	0.02813668540152904
36	0.0001	2	59	0.02813668540152904
36	0.0001	2	28	0.02813668540152904
36	0.0001	2	33	0.01537245514033225
36	0.0001	3	14	0.0703051299106997
36	0.0001	3	77	0.0703051299106997
36	0.0001	3	96	0.0703051299106997
36	0.0001	3	52	0.0703051299106997
36	0.0001	3	20	0.0703051299106997
36	0.0001	3	42	0.05625883229384502
36	0.0001	3	4	0.05625883229384502
36	0.0001	3	65	0.05625883229384502
36	0.0001	3	6	0.05625883229384502
36	0.0001	3	59	0.016961666452335572
36	0.0001	3	60	0.028596211646757467
36	0.0001	3	66	0.028596211646757467
36	0.0001	3	92	0.016961666452335572
36	0.0001	3	40	0.016961666452335572
36	0.0001	3	28	0.016961666452335572
36	0.0001	3	69	0.016961666452335572
36	0.0001	3	49	0.016961666452335572
36	0.0001	3	53	0.016961666452335572
36	0.0001	3	87	0.016961666452335572
36	0.0001	3	33	0.016961666452335572
36	0.0001	4	14	0.0659818935179723
36	0.0001	4	77	0.0659818935179723
36	0.0001	4	96	0.0659818935179723
36	0.0001	4	52	0.0659818935179723
36	0.0001	4	20	0.0659818935179723
36	0.0001	4	42	0.0585011944811162
36	0.0001	4	4	0.0585011944811162
36	0.0001	4	6	0.042704881974353646
36	0.0001	4	65	0.03007754467191277
36	0.0001	4	59	0.027909535421107315
36	0.0001	4	60	0.03007754467191277
36	0.0001	4	66	0.03007754467191277
36	0.0001	4	92	0.027909535421107315
36	0.0001	4	53	0.027909535421107315
36	0.0001	4	49	0.027909535421107315
36	0.0001	4	69	0.027909535421107315
36	0.0001	4	40	0.027909535421107315
36	0.0001	4	87	0.027909535421107315
36	0.0001	4	33	0.027909535421107315
36	0.0001	4	28	0.027909535421107315
36	0.0001	5	14	0.07368995583337767
36	0.0001	5	77	0.07368995583337767
36	0.0001	5	96	0.07368995583337767
36	0.0001	5	52	0.07368995583337767
36	0.0001	5	20	0.07368995583337767
36	0.0001	5	42	0.0506436650328328
36	0.0001	5	4	0.0506436650328328
36	0.0001	5	65	0.0506436650328328
36	0.0001	5	6	0.0506436650328328
36	0.0001	5	66	0.028002727252376045
36	0.0001	5	60	0.028002727252376045
36	0.0001	5	59	0.02026987548097371
36	0.0001	5	92	0.02026987548097371
36	0.0001	5	40	0.02026987548097371
36	0.0001	5	28	0.02026987548097371
36	0.0001	5	33	0.02026987548097371
36	0.0001	5	87	0.02026987548097371
36	0.0001	5	53	0.02026987548097371
36	0.0001	5	69	0.02026987548097371
36	0.0001	5	49	0.02026987548097371
36	0.0001	6	14	0.06511798566854102
36	0.0001	6	77	0.06511798566854102
36	0.0001	6	96	0.06511798566854102
36	0.0001	6	52	0.06511798566854102
36	0.0001	6	20	0.06007451078309702
36	0.0001	6	65	0.044825226071018055
36	0.0001	6	4	0.051560417392841514
36	0.0001	6	42	0.051560417392841514
36	0.0001	6	6	0.044825226071018055
36	0.0001	6	59	0.0209930837651292
36	0.0001	6	60	0.025745448787823384
36	0.0001	6	66	0.025745448787823384
36	0.0001	6	92	0.0209930837651292
36	0.0001	6	69	0.0209930837651292
36	0.0001	6	40	0.0209930837651292
36	0.0001	6	49	0.0209930837651292
36	0.0001	6	87	0.0209930837651292
36	0.0001	6	53	0.0209930837651292
36	0.0001	6	30	0.017606193229917744
36	0.0001	6	33	0.0209930837651292
36	0.0001	6	28	0.0209930837651292
36	0.0001	7	14	0.0594446494222397
36	0.0001	7	77	0.0594446494222397
36	0.0001	7	96	0.0594446494222397
36	0.0001	7	52	0.0594446494222397
36	0.0001	7	20	0.0594446494222397
36	0.0001	7	65	0.04950880591339104
36	0.0001	7	4	0.057093625057204105
36	0.0001	7	42	0.057093625057204105
36	0.0001	7	6	0.04950880591339104
36	0.0001	7	66	0.02964134542056463
36	0.0001	7	60	0.02964134542056463
36	0.0001	7	92	0.02399736378169138
36	0.0001	7	59	0.02399736378169138
36	0.0001	7	69	0.02399736378169138
36	0.0001	7	28	0.02399736378169138
36	0.0001	7	53	0.02399736378169138
36	0.0001	7	40	0.02399736378169138
36	0.0001	7	49	0.02399736378169138
36	0.0001	7	87	0.02399736378169138
36	0.0001	7	30	0.01243880435349394
36	0.0001	7	33	0.02399736378169138
36	0.0001	8	14	0.06763204748143045
36	0.0001	8	77	0.06763204748143045
36	0.0001	8	96	0.06763204748143045
36	0.0001	8	52	0.06763204748143045
36	0.0001	8	20	0.06763204748143045
36	0.0001	8	65	0.04397745982445357
36	0.0001	8	4	0.0572822224939379
36	0.0001	8	42	0.0572822224939379
36	0.0001	8	6	0.04397745982445357
36	0.0001	8	66	0.03604524574735724
36	0.0001	8	60	0.03604524574735724
36	0.0001	8	92	0.030174468581445204
36	0.0001	8	40	0.030174468581445204
36	0.0001	8	53	0.030174468581445204
36	0.0001	8	28	0.030174468581445204
36	0.0001	8	59	0.030174468581445204
36	0.0001	8	87	0.030174468581445204
36	0.0001	8	49	0.030174468581445204
36	0.0001	8	69	0.030174468581445204
36	0.0001	8	33	0.030174468581445204
36	0.0001	9	14	0.07178269884554862
36	0.0001	9	77	0.07178269884554862
36	0.0001	9	96	0.07178269884554862
36	0.0001	9	52	0.07178269884554862
36	0.0001	9	20	0.07178269884554862
36	0.0001	9	42	0.05504155579275392
36	0.0001	9	4	0.05504155579275392
36	0.0001	9	6	0.05179563383306533
36	0.0001	9	65	0.05179563383306533
36	0.0001	9	59	0.02681380317939634
36	0.0001	9	60	0.03451921191935767
36	0.0001	9	66	0.03451921191935767
36	0.0001	9	92	0.02681380317939634
36	0.0001	9	28	0.02681380317939634
36	0.0001	9	40	0.02681380317939634
36	0.0001	9	53	0.02681380317939634
36	0.0001	9	49	0.02681380317939634
36	0.0001	9	69	0.02681380317939634
36	0.0001	9	87	0.017283983984523382
36	0.0001	9	33	0.02681380317939634
36	0.0001	10	14	0.07190069303864983
36	0.0001	10	77	0.07190069303864983
36	0.0001	10	96	0.07190069303864983
36	0.0001	10	52	0.07190069303864983
36	0.0001	10	20	0.06265582830276321
36	0.0001	10	65	0.029930915263327126
36	0.0001	10	4	0.053587597343594806
36	0.0001	10	42	0.053587597343594806
36	0.0001	10	6	0.053587597343594806
36	0.0001	10	66	0.029930915263327126
36	0.0001	10	60	0.029930915263327126
36	0.0001	10	92	0.020082043958039354
36	0.0001	10	69	0.020082043958039354
36	0.0001	10	53	0.020082043958039354
36	0.0001	10	40	0.020082043958039354
36	0.0001	10	59	0.020082043958039354
36	0.0001	10	49	0.020082043958039354
36	0.0001	10	28	0.020082043958039354
36	0.0001	10	87	0.020082043958039354
36	0.0001	10	33	0.013774995049256358
36	0.0001	11	14	0.0685496258623777
36	0.0001	11	77	0.0685496258623777
36	0.0001	11	96	0.0685496258623777
36	0.0001	11	52	0.0685496258623777
36	0.0001	11	20	0.0685496258623777
36	0.0001	11	65	0.039289616465847256
36	0.0001	11	4	0.05377079734395903
36	0.0001	11	42	0.05377079734395903
36	0.0001	11	6	0.04231546874384777
36	0.0001	11	66	0.039289616465847256
36	0.0001	11	60	0.039289616465847256
36	0.0001	11	69	0.03827076093619163
36	0.0001	11	40	0.03827076093619163
36	0.0001	11	59	0.03827076093619163
36	0.0001	11	28	0.03827076093619163
36	0.0001	11	92	0.03827076093619163
36	0.0001	11	49	0.03827076093619163
36	0.0001	11	53	0.03827076093619163
36	0.0001	11	87	0.03827076093619163
36	0.0001	11	33	0.03827076093619163
36	0.0001	11	30	0.01051219617602366
36	0.0001	12	14	0.059188225448660085
36	0.0001	12	77	0.059188225448660085
36	0.0001	12	96	0.059188225448660085
36	0.0001	12	52	0.059188225448660085
36	0.0001	12	20	0.059188225448660085
36	0.0001	12	65	0.04933036464504046
36	0.0001	12	4	0.059188225448660085
36	0.0001	12	42	0.059188225448660085
36	0.0001	12	6	0.04933036464504046
36	0.0001	12	66	0.029930511474983254
36	0.0001	12	60	0.029930511474983254
36	0.0001	12	92	0.02714386108361079
36	0.0001	12	59	0.02714386108361079
36	0.0001	12	40	0.02714386108361079
36	0.0001	12	28	0.02714386108361079
36	0.0001	12	49	0.02714386108361079
36	0.0001	12	69	0.02714386108361079
36	0.0001	12	87	0.02714386108361079
36	0.0001	12	53	0.02714386108361079
36	0.0001	12	30	0.01267768436533524
36	0.0001	12	33	0.02714386108361079
36	0.0001	13	14	0.0713702884474352
36	0.0001	13	77	0.0713702884474352
36	0.0001	13	96	0.0713702884474352
36	0.0001	13	52	0.0713702884474352
36	0.0001	13	20	0.0713702884474352
36	0.0001	13	65	0.04598908519927072
36	0.0001	13	4	0.0713702884474352
36	0.0001	13	42	0.0713702884474352
36	0.0001	13	6	0.04598908519927072
36	0.0001	13	28	0.02108125113649438
36	0.0001	13	60	0.02720677970293017
36	0.0001	13	66	0.02720677970293017
36	0.0001	13	92	0.02108125113649438
36	0.0001	13	53	0.02108125113649438
36	0.0001	13	40	0.02108125113649438
36	0.0001	13	59	0.02108125113649438
36	0.0001	13	87	0.02108125113649438
36	0.0001	13	49	0.02108125113649438
36	0.0001	13	69	0.02108125113649438
36	0.0001	13	33	0.01325782462851925
36	0.0001	14	14	0.07226742119105312
36	0.0001	14	77	0.07226742119105312
36	0.0001	14	96	0.07226742119105312
36	0.0001	14	52	0.07226742119105312
36	0.0001	14	20	0.07226742119105312
36	0.0001	14	6	0.052935972222126225
36	0.0001	14	42	0.052935972222126225
36	0.0001	14	4	0.052935972222126225
36	0.0001	14	65	0.052935972222126225
36	0.0001	14	59	0.023668637093343818
36	0.0001	14	66	0.023668637093343818
36	0.0001	14	60	0.023668637093343818
36	0.0001	14	92	0.023668637093343818
36	0.0001	14	69	0.023668637093343818
36	0.0001	14	33	0.023668637093343818
36	0.0001	14	40	0.023668637093343818
36	0.0001	14	87	0.014866483317313403
36	0.0001	14	28	0.014866483317313403
36	0.0001	14	35	0.014866483317313403
36	0.0001	14	29	0.009024654617798965
36	0.0001	15	14	0.06687934592295222
36	0.0001	15	77	0.06687934592295222
36	0.0001	15	96	0.06687934592295222
36	0.0001	15	52	0.06687934592295222
36	0.0001	15	20	0.05838627695456792
36	0.0001	15	65	0.03650676065644887
36	0.0001	15	4	0.044467701985962275
36	0.0001	15	42	0.044467701985962275
36	0.0001	15	6	0.03650676065644887
36	0.0001	15	66	0.02326100698531281
36	0.0001	15	60	0.02326100698531281
36	0.0001	15	92	0.02326100698531281
36	0.0001	15	59	0.02326100698531281
36	0.0001	15	40	0.02326100698531281
36	0.0001	15	53	0.02326100698531281
36	0.0001	15	69	0.02326100698531281
36	0.0001	15	49	0.02326100698531281
36	0.0001	15	87	0.02326100698531281
36	0.0001	15	30	0.00683551881276898
36	0.0001	15	33	0.02172519309222631
36	0.0001	15	28	0.02172519309222631
36	0.0001	16	14	0.06345128310657273
36	0.0001	16	77	0.06345128310657273
36	0.0001	16	96	0.06345128310657273
36	0.0001	16	52	0.06345128310657273
36	0.0001	16	20	0.06345128310657273
36	0.0001	16	42	0.049844969242825055
36	0.0001	16	4	0.049844969242825055
36	0.0001	16	6	0.04925526656306567
36	0.0001	16	65	0.04925526656306567
36	0.0001	16	59	0.02472122225364136
36	0.0001	16	60	0.026511092223232405
36	0.0001	16	66	0.026511092223232405
36	0.0001	16	92	0.02472122225364136
36	0.0001	16	69	0.02472122225364136
36	0.0001	16	49	0.02472122225364136
36	0.0001	16	53	0.02472122225364136
36	0.0001	16	40	0.02472122225364136
36	0.0001	16	87	0.017694311699686268
36	0.0001	16	33	0.02472122225364136
36	0.0001	16	28	0.02472122225364136
36	0.0001	17	14	0.06599278118621339
36	0.0001	17	77	0.06599278118621339
36	0.0001	17	96	0.06599278118621339
36	0.0001	17	52	0.06599278118621339
36	0.0001	17	20	0.06599278118621339
36	0.0001	17	65	0.029975002733235657
36	0.0001	17	4	0.05112389519363435
36	0.0001	17	42	0.05112389519363435
36	0.0001	17	6	0.033762244733391365
36	0.0001	17	92	0.02842017306643969
36	0.0001	17	60	0.02842017306643969
36	0.0001	17	66	0.02842017306643969
36	0.0001	17	40	0.02842017306643969
36	0.0001	17	53	0.02842017306643969
36	0.0001	17	69	0.02842017306643969
36	0.0001	17	49	0.02842017306643969
36	0.0001	17	87	0.02842017306643969
36	0.0001	17	59	0.02842017306643969
36	0.0001	17	30	0.0020433623793702947
36	0.0001	17	28	0.011025498985103585
36	0.0001	17	33	0.011025498985103585
36	0.0001	18	14	0.0656691576943243
36	0.0001	18	77	0.0656691576943243
36	0.0001	18	96	0.0656691576943243
36	0.0001	18	52	0.0656691576943243
36	0.0001	18	20	0.0656691576943243
36	0.0001	18	65	0.03430245233296382
36	0.0001	18	4	0.0612679166188726
36	0.0001	18	42	0.0612679166188726
36	0.0001	18	6	0.04365708870095415
36	0.0001	18	66	0.03430245233296382
36	0.0001	18	60	0.03430245233296382
36	0.0001	18	92	0.02818606878473831
36	0.0001	18	59	0.02818606878473831
36	0.0001	18	40	0.02818606878473831
36	0.0001	18	28	0.02818606878473831
36	0.0001	18	53	0.02818606878473831
36	0.0001	18	87	0.02818606878473831
36	0.0001	18	69	0.02818606878473831
36	0.0001	18	49	0.02818606878473831
36	0.0001	18	33	0.02818606878473831
36	0.0001	19	14	0.07926177382216293
36	0.0001	19	77	0.07926177382216293
36	0.0001	19	96	0.07926177382216293
36	0.0001	19	52	0.07926177382216293
36	0.0001	19	20	0.06487442820216946
36	0.0001	19	65	0.05046347977410407
36	0.0001	19	4	0.05046347977410407
36	0.0001	19	42	0.05046347977410407
36	0.0001	19	6	0.05046347977410407
36	0.0001	19	66	0.02747581596439114
36	0.0001	19	60	0.02747581596439114
36	0.0001	19	92	0.023831011139624377
36	0.0001	19	40	0.023831011139624377
36	0.0001	19	53	0.023831011139624377
36	0.0001	19	59	0.023831011139624377
36	0.0001	19	87	0.023831011139624377
36	0.0001	19	69	0.023831011139624377
36	0.0001	19	49	0.023831011139624377
36	0.0001	19	33	0.023831011139624377
36	0.0001	19	28	0.023831011139624377
36	0.0001	20	14	0.07259222256440194
36	0.0001	20	77	0.07259222256440194
36	0.0001	20	96	0.07259222256440194
36	0.0001	20	52	0.07259222256440194
36	0.0001	20	20	0.061272753896512995
36	0.0001	20	65	0.04068269382929275
36	0.0001	20	4	0.05055065800182427
36	0.0001	20	42	0.05055065800182427
36	0.0001	20	6	0.05055065800182427
36	0.0001	20	49	0.031052443807057267
36	0.0001	20	66	0.031052443807057267
36	0.0001	20	60	0.031052443807057267
36	0.0001	20	92	0.031052443807057267
36	0.0001	20	59	0.031052443807057267
36	0.0001	20	40	0.031052443807057267
36	0.0001	20	28	0.031052443807057267
36	0.0001	20	87	0.031052443807057267
36	0.0001	20	53	0.031052443807057267
36	0.0001	20	69	0.031052443807057267
36	0.0001	20	33	0.031052443807057267
36	0.0001	21	14	0.09167442637061139
36	0.0001	21	96	0.09167442637061139
36	0.0001	21	77	0.09167442637061139
36	0.0001	21	20	0.05135328272553648
36	0.0001	21	65	0.03128185649610634
36	0.0001	21	4	0.05135328272553648
36	0.0001	21	42	0.05135328272553648
36	0.0001	21	6	0.03128185649610634
36	0.0001	21	52	0.03128185649610634
36	0.0001	21	66	0.02535948971626926
36	0.0001	21	60	0.02535948971626926
36	0.0001	21	92	0.022716156499319917
36	0.0001	21	59	0.022716156499319917
36	0.0001	21	33	0.022716156499319917
36	0.0001	21	40	0.022716156499319917
36	0.0001	21	87	0.01543910336866596
36	0.0001	21	69	0.022716156499319917
36	0.0001	21	49	0.022716156499319917
36	0.0001	21	30	0.01543910336866596
36	0.0001	21	53	0.01543910336866596
36	0.0001	22	14	0.07908882196904604
36	0.0001	22	77	0.07908882196904604
36	0.0001	22	96	0.07908882196904604
36	0.0001	22	52	0.07908882196904604
36	0.0001	22	20	0.05618313088242839
36	0.0001	22	65	0.0316715048382833
36	0.0001	22	4	0.04265207090169724
36	0.0001	22	42	0.04265207090169724
36	0.0001	22	6	0.04265207090169724
36	0.0001	22	66	0.0316715048382833
36	0.0001	22	60	0.0316715048382833
36	0.0001	22	92	0.01963968138286103
36	0.0001	22	53	0.01963968138286103
36	0.0001	22	49	0.01963968138286103
36	0.0001	22	69	0.01963968138286103
36	0.0001	22	59	0.01963968138286103
36	0.0001	22	40	0.01963968138286103
36	0.0001	22	87	0.01963968138286103
36	0.0001	22	33	0.01963968138286103
36	0.0001	22	28	0.01963968138286103
36	0.0001	23	14	0.10382386589828423
36	0.0001	23	52	0.10382386589828423
36	0.0001	23	20	0.10382386589828423
36	0.0001	23	96	0.10382386589828423
36	0.0001	23	77	0.10382386589828423
36	0.0001	23	65	0.08104650633792095
36	0.0001	23	4	0.08104650633792095
36	0.0001	23	42	0.08104650633792095
36	0.0001	23	53	0.019084950915095298
36	0.0001	23	60	0.019084950915095298
36	0.0001	23	66	0.019084950915095298
36	0.0001	23	92	0.019084950915095298
36	0.0001	23	49	0.019084950915095298
36	0.0001	23	69	0.019084950915095298
36	0.0001	23	28	0.019084950915095298
36	0.0001	23	59	0.019084950915095298
36	0.0001	23	40	0.019084950915095298
36	0.0001	23	30	0.006818864630728898
36	0.0001	23	17	0.01391985625266719
36	0.0001	23	87	0.019084950915095298
36	0.0001	23	33	0.019084950915095298
36	0.0001	24	96	0.0902029259068566
36	0.0001	24	77	0.0902029259068566
36	0.0001	24	20	0.061617193077986486
36	0.0001	24	65	0.0902029259068566
36	0.0001	24	14	0.0902029259068566
36	0.0001	24	42	0.061617193077986486
36	0.0001	24	4	0.061617193077986486
36	0.0001	24	6	0.03890672672105976
36	0.0001	24	69	0.03890672672105976
36	0.0001	24	40	0.03890672672105976
36	0.0001	24	92	0.03890672672105976
36	0.0001	24	87	0.03890672672105976
36	0.0001	24	59	0.0266338269977859
36	0.0001	24	28	0.0266338269977859
36	0.0001	24	30	0.01834497459159065
36	0.0001	24	88	0.01834497459159065
36	0.0001	24	97	0.014471235433528937
36	0.0001	24	39	0.014471235433528937
36	0.0001	24	29	0.006356072771853664
36	0.0001	24	60	0.004546810246293099
36	0.0001	24	66	0.004546810246293099
36	0.0001	25	14	0.06642123948558935
36	0.0001	25	77	0.06642123948558935
36	0.0001	25	96	0.06642123948558935
36	0.0001	25	52	0.06642123948558935
36	0.0001	25	20	0.059909606870717114
36	0.0001	25	65	0.03580035730691953
36	0.0001	25	4	0.05268708410545713
36	0.0001	25	42	0.05268708410545713
36	0.0001	25	6	0.03580035730691953
36	0.0001	25	59	0.01856480056047186
36	0.0001	25	60	0.03191615037055815
36	0.0001	25	66	0.03191615037055815
36	0.0001	25	92	0.01856480056047186
36	0.0001	25	40	0.01856480056047186
36	0.0001	25	49	0.01856480056047186
36	0.0001	25	28	0.01856480056047186
36	0.0001	25	87	0.01856480056047186
36	0.0001	25	33	0.01856480056047186
36	0.0001	25	30	0.016623046139649943
36	0.0001	25	53	0.01856480056047186
36	0.0001	25	69	0.01856480056047186
36	0.0001	26	52	0.11873019615420136
36	0.0001	26	4	0.04410393552046547
36	0.0001	26	77	0.11873019615420136
36	0.0001	26	96	0.11873019615420136
36	0.0001	26	6	0.0438599664122599
36	0.0001	26	60	0.0438599664122599
36	0.0001	26	53	0.022190631212188734
36	0.0001	26	69	0.0438599664122599
36	0.0001	26	49	0.0438599664122599
36	0.0001	26	42	0.022190631212188734
36	0.0001	26	87	0.022154551140425534
36	0.0001	26	17	0.022154551140425534
36	0.0001	26	40	0.022154551140425534
36	0.0001	26	59	0.022154551140425534
36	0.0001	26	50	0.022154551140425534
36	0.0001	26	29	0.022154551140425534
36	0.0001	26	33	0.022154551140425534
36	0.0001	26	20	0.018697015520363174
36	0.0001	26	39	0.022154551140425534
36	0.0001	26	25	0.018697015520363174
36	0.0001	26	19	0.018697015520363174
36	0.0001	26	68	0.022154551140425534
36	0.0001	26	37	0.022154551140425534
36	0.0001	27	14	0.06829984227674611
36	0.0001	27	77	0.06829984227674611
36	0.0001	27	96	0.06829984227674611
36	0.0001	27	52	0.06829984227674611
36	0.0001	27	20	0.06829984227674611
36	0.0001	27	42	0.04800073489591672
36	0.0001	27	4	0.04800073489591672
36	0.0001	27	6	0.0418947921933226
36	0.0001	27	65	0.041450917298817405
36	0.0001	27	66	0.032608243772414246
36	0.0001	27	60	0.032608243772414246
36	0.0001	27	92	0.020558217157319838
36	0.0001	27	28	0.0172102180084785
36	0.0001	27	69	0.020558217157319838
36	0.0001	27	49	0.020558217157319838
36	0.0001	27	59	0.0172102180084785
36	0.0001	27	40	0.020558217157319838
36	0.0001	27	53	0.020558217157319838
36	0.0001	27	87	0.0172102180084785
36	0.0001	27	33	0.0172102180084785
36	0.0001	28	14	0.062370777867248234
36	0.0001	28	77	0.062370777867248234
36	0.0001	28	96	0.062370777867248234
36	0.0001	28	52	0.062370777867248234
36	0.0001	28	20	0.055638438251057055
36	0.0001	28	65	0.04527863902728667
36	0.0001	28	4	0.0519824009946531
36	0.0001	28	42	0.0519824009946531
36	0.0001	28	6	0.04527863902728667
36	0.0001	28	66	0.03209285903712296
36	0.0001	28	60	0.03209285903712296
36	0.0001	28	92	0.03209285903712296
36	0.0001	28	49	0.03209285903712296
36	0.0001	28	40	0.03209285903712296
36	0.0001	28	59	0.029411723894592665
36	0.0001	28	69	0.03209285903712296
36	0.0001	28	53	0.03209285903712296
36	0.0001	28	87	0.03209285903712296
36	0.0001	28	28	0.029411723894592665
36	0.0001	28	33	0.029411723894592665
36	0.0001	29	14	0.06976144024202217
36	0.0001	29	77	0.06976144024202217
36	0.0001	29	96	0.06976144024202217
36	0.0001	29	52	0.06976144024202217
36	0.0001	29	20	0.06976144024202217
36	0.0001	29	42	0.0512767978710856
36	0.0001	29	4	0.0512767978710856
36	0.0001	29	6	0.03816265275849612
36	0.0001	29	65	0.03670232615554722
36	0.0001	29	92	0.024268700813567974
36	0.0001	29	66	0.030540416909555838
36	0.0001	29	60	0.030540416909555838
36	0.0001	29	59	0.019979239506080465
36	0.0001	29	40	0.024268700813567974
36	0.0001	29	53	0.024268700813567974
36	0.0001	29	28	0.019979239506080465
36	0.0001	29	87	0.024268700813567974
36	0.0001	29	69	0.024268700813567974
36	0.0001	29	49	0.024268700813567974
36	0.0001	29	33	0.019979239506080465
36	0.0001	30	14	0.06637743453388423
36	0.0001	30	52	0.06637743453388423
36	0.0001	30	77	0.06637743453388423
36	0.0001	30	96	0.06637743453388423
36	0.0001	30	20	0.06637743453388423
36	0.0001	30	42	0.06086384690826848
36	0.0001	30	4	0.06086384690826848
36	0.0001	30	65	0.04643253685117804
36	0.0001	30	6	0.04643253685117804
36	0.0001	30	92	0.02873024780243214
36	0.0001	30	60	0.0327323801520822
36	0.0001	30	66	0.0327323801520822
36	0.0001	30	59	0.02484589987386268
36	0.0001	30	49	0.02873024780243214
36	0.0001	30	69	0.02873024780243214
36	0.0001	30	40	0.02873024780243214
36	0.0001	30	53	0.02873024780243214
36	0.0001	30	87	0.02873024780243214
36	0.0001	30	28	0.02484589987386268
36	0.0001	30	33	0.02484589987386268
36	0.0001	31	14	0.07188199998548152
36	0.0001	31	77	0.07188199998548152
36	0.0001	31	96	0.07188199998548152
36	0.0001	31	52	0.07188199998548152
36	0.0001	31	20	0.044879223278465635
36	0.0001	31	42	0.07188199998548152
36	0.0001	31	4	0.07188199998548152
36	0.0001	31	6	0.03054693870192473
36	0.0001	31	92	0.0281192152986819
36	0.0001	31	60	0.03054693870192473
36	0.0001	31	66	0.03054693870192473
36	0.0001	31	40	0.0281192152986819
36	0.0001	31	69	0.019608164784227722
36	0.0001	31	49	0.019608164784227722
36	0.0001	31	87	0.0281192152986819
36	0.0001	31	65	0.0281192152986819
36	0.0001	31	53	0.016827393443702744
36	0.0001	31	33	0.012832726231437764
36	0.0001	31	59	0.012832726231437764
36	0.0001	31	30	0.012832726231437764
36	0.0001	32	14	0.11516966863213193
36	0.0001	32	77	0.11516966863213193
36	0.0001	32	96	0.11516966863213193
36	0.0001	32	52	0.11516966863213193
36	0.0001	32	20	0.058303121588560436
36	0.0001	32	42	0.058303121588560436
36	0.0001	32	4	0.058303121588560436
36	0.0001	32	6	0.037796735964396144
36	0.0001	32	65	0.02625157979592695
36	0.0001	32	53	0.017941362852742407
36	0.0001	32	60	0.02625157979592695
36	0.0001	32	66	0.02625157979592695
36	0.0001	32	40	0.017941362852742407
36	0.0001	32	92	0.017941362852742407
36	0.0001	32	49	0.017941362852742407
36	0.0001	32	87	0.017941362852742407
36	0.0001	32	69	0.014006357713705085
36	0.0001	32	33	0.017941362852742407
36	0.0001	32	28	0.017941362852742407
36	0.0001	32	59	0.017941362852742407
36	0.0001	33	14	0.07219629796990559
36	0.0001	33	77	0.07219629796990559
36	0.0001	33	96	0.07219629796990559
36	0.0001	33	52	0.07219629796990559
36	0.0001	33	20	0.061899820933668546
36	0.0001	33	42	0.05055609261665298
36	0.0001	33	4	0.05055609261665298
36	0.0001	33	65	0.05055609261665298
36	0.0001	33	6	0.05055609261665298
36	0.0001	33	92	0.020195407685209547
36	0.0001	33	60	0.03207666987397992
36	0.0001	33	66	0.03207666987397992
36	0.0001	33	40	0.020195407685209547
36	0.0001	33	49	0.020195407685209547
36	0.0001	33	53	0.020195407685209547
36	0.0001	33	59	0.020195407685209547
36	0.0001	33	28	0.020195407685209547
36	0.0001	33	87	0.01866173480033399
36	0.0001	33	33	0.014082624846920416
36	0.0001	33	69	0.011979196856883405
36	0.0001	34	14	0.06165776492682887
36	0.0001	34	77	0.06165776492682887
36	0.0001	34	96	0.06165776492682887
36	0.0001	34	52	0.06165776492682887
36	0.0001	34	20	0.06165776492682887
36	0.0001	34	42	0.05641718348518714
36	0.0001	34	4	0.05641718348518714
36	0.0001	34	6	0.04166256975626896
36	0.0001	34	65	0.03132907736349689
36	0.0001	34	59	0.02657370744884563
36	0.0001	34	60	0.028793996837036182
36	0.0001	34	66	0.028793996837036182
36	0.0001	34	92	0.02657370744884563
36	0.0001	34	40	0.02657370744884563
36	0.0001	34	28	0.02657370744884563
36	0.0001	34	53	0.02657370744884563
36	0.0001	34	49	0.02657370744884563
36	0.0001	34	69	0.02657370744884563
36	0.0001	34	87	0.020036236518909407
36	0.0001	34	33	0.02657370744884563
36	0.0001	35	14	0.061623936692480986
36	0.0001	35	77	0.061623936692480986
36	0.0001	35	96	0.061623936692480986
36	0.0001	35	52	0.061623936692480986
36	0.0001	35	20	0.054675825513613135
36	0.0001	35	65	0.05185836524327075
36	0.0001	35	4	0.054675825513613135
36	0.0001	35	42	0.054675825513613135
36	0.0001	35	6	0.05185836524327075
36	0.0001	35	66	0.026976740898318675
36	0.0001	35	60	0.026976740898318675
36	0.0001	35	92	0.02642032018074996
36	0.0001	35	59	0.02642032018074996
36	0.0001	35	49	0.02642032018074996
36	0.0001	35	40	0.02642032018074996
36	0.0001	35	28	0.02642032018074996
36	0.0001	35	69	0.02642032018074996
36	0.0001	35	87	0.02642032018074996
36	0.0001	35	53	0.02642032018074996
36	0.0001	35	33	0.02642032018074996
36	0.0001	36	14	0.06373968693568004
36	0.0001	36	77	0.06373968693568004
36	0.0001	36	96	0.06373968693568004
36	0.0001	36	52	0.06373968693568004
36	0.0001	36	20	0.06373968693568004
36	0.0001	36	42	0.057574690152418305
36	0.0001	36	4	0.057574690152418305
36	0.0001	36	65	0.048108332824462266
36	0.0001	36	6	0.048108332824462266
36	0.0001	36	66	0.0333133134182538
36	0.0001	36	60	0.0333133134182538
36	0.0001	36	92	0.029004400994107858
36	0.0001	36	59	0.029004400994107858
36	0.0001	36	40	0.029004400994107858
36	0.0001	36	28	0.029004400994107858
36	0.0001	36	53	0.029004400994107858
36	0.0001	36	87	0.029004400994107858
36	0.0001	36	69	0.029004400994107858
36	0.0001	36	49	0.029004400994107858
36	0.0001	36	33	0.029004400994107858
36	0.0001	37	14	0.08327205741339104
36	0.0001	37	77	0.08327205741339104
36	0.0001	37	96	0.08327205741339104
36	0.0001	37	52	0.08327205741339104
36	0.0001	37	20	0.06095326377071439
36	0.0001	37	65	0.03858806267650334
36	0.0001	37	4	0.03858806267650334
36	0.0001	37	42	0.03858806267650334
36	0.0001	37	6	0.03858806267650334
36	0.0001	37	92	0.026067798107674445
36	0.0001	37	60	0.029089793345362887
36	0.0001	37	66	0.029089793345362887
36	0.0001	37	40	0.026067798107674445
36	0.0001	37	59	0.026067798107674445
36	0.0001	37	49	0.026067798107674445
36	0.0001	37	69	0.026067798107674445
36	0.0001	37	53	0.026067798107674445
36	0.0001	37	87	0.026067798107674445
36	0.0001	37	28	0.026067798107674445
36	0.0001	37	30	0.022084512095587865
36	0.0001	37	33	0.026067798107674445
36	0.0001	38	14	0.0709021562679634
36	0.0001	38	77	0.0709021562679634
36	0.0001	38	96	0.0709021562679634
36	0.0001	38	52	0.0709021562679634
36	0.0001	38	20	0.06617678322620262
36	0.0001	38	65	0.03540358536915372
36	0.0001	38	4	0.04289735352657025
36	0.0001	38	42	0.04289735352657025
36	0.0001	38	6	0.03598901011851902
36	0.0001	38	92	0.027848424919501544
36	0.0001	38	66	0.03540358536915372
36	0.0001	38	60	0.03540358536915372
36	0.0001	38	40	0.027848424919501544
36	0.0001	38	59	0.024664925278127383
36	0.0001	38	53	0.027848424919501544
36	0.0001	38	69	0.027848424919501544
36	0.0001	38	49	0.027848424919501544
36	0.0001	38	87	0.027848424919501544
36	0.0001	38	28	0.024664925278127383
36	0.0001	38	33	0.024664925278127383
36	0.0001	39	14	0.06574022598422345
36	0.0001	39	52	0.06574022598422345
36	0.0001	39	77	0.06574022598422345
36	0.0001	39	96	0.06574022598422345
36	0.0001	39	20	0.06574022598422345
36	0.0001	39	6	0.04749246997136473
36	0.0001	39	42	0.04749246997136473
36	0.0001	39	4	0.04749246997136473
36	0.0001	39	65	0.04749246997136473
36	0.0001	39	49	0.023909072498133486
36	0.0001	39	60	0.03762982804144266
36	0.0001	39	66	0.03762982804144266
36	0.0001	39	92	0.023909072498133486
36	0.0001	39	59	0.023909072498133486
36	0.0001	39	40	0.023909072498133486
36	0.0001	39	69	0.023909072498133486
36	0.0001	39	53	0.023909072498133486
36	0.0001	39	28	0.023909072498133486
36	0.0001	39	87	0.023909072498133486
36	0.0001	39	33	0.023909072498133486
36	0.0001	40	14	0.06794356678360458
36	0.0001	40	77	0.06794356678360458
36	0.0001	40	96	0.06794356678360458
36	0.0001	40	52	0.06794356678360458
36	0.0001	40	20	0.060618125600774106
36	0.0001	40	65	0.03302449179570527
36	0.0001	40	4	0.04987603540611034
36	0.0001	40	42	0.04987603540611034
36	0.0001	40	6	0.032786140762479314
36	0.0001	40	92	0.026618039644006025
36	0.0001	40	60	0.026618039644006025
36	0.0001	40	66	0.026618039644006025
36	0.0001	40	59	0.026618039644006025
36	0.0001	40	40	0.026618039644006025
36	0.0001	40	53	0.026618039644006025
36	0.0001	40	69	0.026618039644006025
36	0.0001	40	49	0.026618039644006025
36	0.0001	40	87	0.026618039644006025
36	0.0001	40	33	0.026618039644006025
36	0.0001	40	28	0.026618039644006025
36	0.0001	41	14	0.07309860616315537
36	0.0001	41	77	0.07309860616315537
36	0.0001	41	96	0.07309860616315537
36	0.0001	41	52	0.07309860616315537
36	0.0001	41	20	0.07309860616315537
36	0.0001	41	65	0.030729080061418723
36	0.0001	41	4	0.07309860616315537
36	0.0001	41	42	0.07309860616315537
36	0.0001	41	6	0.030729080061418723
36	0.0001	41	59	0.02810671295786876
36	0.0001	41	66	0.030729080061418723
36	0.0001	41	60	0.030729080061418723
36	0.0001	41	92	0.02857371115539151
36	0.0001	41	40	0.02857371115539151
36	0.0001	41	49	0.02857371115539151
36	0.0001	41	69	0.02857371115539151
36	0.0001	41	53	0.02857371115539151
36	0.0001	41	28	0.02810671295786876
36	0.0001	41	87	0.02857371115539151
36	0.0001	41	33	0.02810671295786876
36	0.0001	42	14	0.07086082807726025
36	0.0001	42	77	0.07086082807726025
36	0.0001	42	96	0.07086082807726025
36	0.0001	42	52	0.07086082807726025
36	0.0001	42	20	0.06772949913553256
36	0.0001	42	65	0.038797072466359814
36	0.0001	42	4	0.06772949913553256
36	0.0001	42	42	0.06772949913553256
36	0.0001	42	6	0.038797072466359814
36	0.0001	42	59	0.026843934790818084
36	0.0001	42	60	0.026843934790818084
36	0.0001	42	66	0.026843934790818084
36	0.0001	42	92	0.026843934790818084
36	0.0001	42	40	0.026843934790818084
36	0.0001	42	49	0.026843934790818084
36	0.0001	42	69	0.026843934790818084
36	0.0001	42	87	0.026843934790818084
36	0.0001	42	53	0.026843934790818084
36	0.0001	42	88	0.00927726620885203
36	0.0001	42	28	0.026843934790818084
36	0.0001	42	33	0.026843934790818084
36	0.0001	43	14	0.0672088707720717
36	0.0001	43	77	0.0672088707720717
36	0.0001	43	96	0.0672088707720717
36	0.0001	43	52	0.0672088707720717
36	0.0001	43	20	0.0672088707720717
36	0.0001	43	6	0.047099321382360664
36	0.0001	43	4	0.04791136510768767
36	0.0001	43	42	0.04791136510768767
36	0.0001	43	65	0.043759314615342076
36	0.0001	43	66	0.043759314615342076
36	0.0001	43	60	0.043759314615342076
36	0.0001	43	92	0.043759314615342076
36	0.0001	43	59	0.043759314615342076
36	0.0001	43	40	0.043759314615342076
36	0.0001	43	49	0.043759314615342076
36	0.0001	43	53	0.043759314615342076
36	0.0001	43	69	0.043759314615342076
36	0.0001	43	87	0.043759314615342076
36	0.0001	43	17	0.002078288030648459
36	0.0001	43	33	0.043759314615342076
36	0.0001	43	28	0.043759314615342076
36	0.0001	44	14	0.0614444770971888
36	0.0001	44	77	0.0614444770971888
36	0.0001	44	96	0.0614444770971888
36	0.0001	44	52	0.0614444770971888
36	0.0001	44	20	0.0614444770971888
36	0.0001	44	65	0.042720781193940564
36	0.0001	44	4	0.06128336713340766
36	0.0001	44	42	0.06128336713340766
36	0.0001	44	6	0.042720781193940564
36	0.0001	44	92	0.025573503510935812
36	0.0001	44	60	0.025573503510935812
36	0.0001	44	66	0.025573503510935812
36	0.0001	44	59	0.025573503510935812
36	0.0001	44	49	0.025573503510935812
36	0.0001	44	28	0.025573503510935812
36	0.0001	44	40	0.025573503510935812
36	0.0001	44	53	0.025573503510935812
36	0.0001	44	87	0.025573503510935812
36	0.0001	44	69	0.025573503510935812
36	0.0001	44	30	0.009005340176236614
36	0.0001	44	33	0.025573503510935812
36	0.0001	45	14	0.07165073220809463
36	0.0001	45	77	0.07165073220809463
36	0.0001	45	96	0.07165073220809463
36	0.0001	45	52	0.07165073220809463
36	0.0001	45	20	0.06452191123743627
36	0.0001	45	65	0.04381956473081702
36	0.0001	45	4	0.04405025262920967
36	0.0001	45	42	0.04405025262920967
36	0.0001	45	6	0.04381956473081702
36	0.0001	45	92	0.028022836728436085
36	0.0001	45	60	0.03239557513856354
36	0.0001	45	66	0.03239557513856354
36	0.0001	45	40	0.028022836728436085
36	0.0001	45	53	0.028022836728436085
36	0.0001	45	59	0.028022836728436085
36	0.0001	45	69	0.028022836728436085
36	0.0001	45	49	0.028022836728436085
36	0.0001	45	28	0.028022836728436085
36	0.0001	45	87	0.028022836728436085
36	0.0001	45	33	0.016102997721289827
36	0.0001	46	14	0.07855196806604883
36	0.0001	46	77	0.07855196806604883
36	0.0001	46	96	0.07855196806604883
36	0.0001	46	52	0.07855196806604883
36	0.0001	46	20	0.06766622229549128
36	0.0001	46	65	0.02665880436392026
36	0.0001	46	4	0.06766622229549128
36	0.0001	46	42	0.06766622229549128
36	0.0001	46	6	0.02665880436392026
36	0.0001	46	69	0.02665880436392026
36	0.0001	46	60	0.02665880436392026
36	0.0001	46	66	0.02665880436392026
36	0.0001	46	92	0.02665880436392026
36	0.0001	46	40	0.02665880436392026
36	0.0001	46	53	0.02665880436392026
36	0.0001	46	59	0.025560485985240054
36	0.0001	46	87	0.02665880436392026
36	0.0001	46	49	0.02665880436392026
36	0.0001	46	28	0.02665880436392026
36	0.0001	46	33	0.012449725425816408
36	0.0001	47	14	0.06799805389247783
36	0.0001	47	77	0.06799805389247783
36	0.0001	47	96	0.06799805389247783
36	0.0001	47	52	0.06799805389247783
36	0.0001	47	20	0.06799805389247783
36	0.0001	47	65	0.03871995577328366
36	0.0001	47	4	0.05835772633562126
36	0.0001	47	42	0.05835772633562126
36	0.0001	47	6	0.03871995577328366
36	0.0001	47	59	0.0254753832510617
36	0.0001	47	60	0.0254753832510617
36	0.0001	47	66	0.0254753832510617
36	0.0001	47	92	0.0254753832510617
36	0.0001	47	40	0.0254753832510617
36	0.0001	47	28	0.0254753832510617
36	0.0001	47	49	0.0254753832510617
36	0.0001	47	69	0.0254753832510617
36	0.0001	47	53	0.0254753832510617
36	0.0001	47	87	0.0254753832510617
36	0.0001	47	33	0.0254753832510617
36	0.0001	48	14	0.05983943947987006
36	0.0001	48	77	0.05983943947987006
36	0.0001	48	96	0.05983943947987006
36	0.0001	48	52	0.05983943947987006
36	0.0001	48	20	0.05983943947987006
36	0.0001	48	65	0.0435212915187426
36	0.0001	48	4	0.0435212915187426
36	0.0001	48	42	0.0435212915187426
36	0.0001	48	6	0.0435212915187426
36	0.0001	48	59	0.023578864454890765
36	0.0001	48	60	0.026295806571549157
36	0.0001	48	66	0.026295806571549157
36	0.0001	48	69	0.023578864454890765
36	0.0001	48	49	0.023578864454890765
36	0.0001	48	53	0.023578864454890765
36	0.0001	48	92	0.023578864454890765
36	0.0001	48	40	0.023578864454890765
36	0.0001	48	87	0.018851718652120122
36	0.0001	48	28	0.018851718652120122
36	0.0001	48	33	0.018851718652120122
36	0.0001	49	14	0.06530050510358401
36	0.0001	49	77	0.06530050510358401
36	0.0001	49	96	0.06530050510358401
36	0.0001	49	52	0.06530050510358401
36	0.0001	49	20	0.06530050510358401
36	0.0001	49	65	0.04764971865147106
36	0.0001	49	4	0.05014003814903652
36	0.0001	49	42	0.05014003814903652
36	0.0001	49	6	0.04764971865147106
36	0.0001	49	49	0.030227377236017965
36	0.0001	49	60	0.03343506546931821
36	0.0001	49	66	0.03343506546931821
36	0.0001	49	40	0.030227377236017965
36	0.0001	49	92	0.030227377236017965
36	0.0001	49	59	0.030227377236017965
36	0.0001	49	28	0.030227377236017965
36	0.0001	49	69	0.030227377236017965
36	0.0001	49	53	0.030227377236017965
36	0.0001	49	87	0.030227377236017965
36	0.0001	49	33	0.030227377236017965
36	0.0001	50	14	0.0682884967505809
36	0.0001	50	77	0.0682884967505809
36	0.0001	50	96	0.0682884967505809
36	0.0001	50	52	0.0682884967505809
36	0.0001	50	20	0.06757186556902509
36	0.0001	50	42	0.05918029809455179
36	0.0001	50	4	0.05918029809455179
36	0.0001	50	65	0.05918029809455179
36	0.0001	50	6	0.05918029809455179
36	0.0001	50	66	0.03769308004819946
36	0.0001	50	60	0.03769308004819946
36	0.0001	50	40	0.027342489383543663
36	0.0001	50	92	0.027342489383543663
36	0.0001	50	53	0.027342489383543663
36	0.0001	50	59	0.02271150354734229
36	0.0001	50	69	0.027342489383543663
36	0.0001	50	49	0.027342489383543663
36	0.0001	50	87	0.027342489383543663
36	0.0001	50	28	0.02271150354734229
36	0.0001	50	33	0.02271150354734229
36	0.0001	51	14	0.08685300375321936
36	0.0001	51	77	0.08685300375321936
36	0.0001	51	96	0.08685300375321936
36	0.0001	51	52	0.08685300375321936
36	0.0001	51	20	0.053143430095032584
36	0.0001	51	65	0.030103054039497007
36	0.0001	51	4	0.053143430095032584
36	0.0001	51	42	0.053143430095032584
36	0.0001	51	6	0.053143430095032584
36	0.0001	51	92	0.024696680523009183
36	0.0001	51	60	0.030103054039497007
36	0.0001	51	66	0.030103054039497007
36	0.0001	51	53	0.024696680523009183
36	0.0001	51	40	0.024696680523009183
36	0.0001	51	49	0.024696680523009183
36	0.0001	51	69	0.024696680523009183
36	0.0001	51	59	0.024696680523009183
36	0.0001	51	28	0.024696680523009183
36	0.0001	51	87	0.023606082883106335
36	0.0001	51	33	0.023606082883106335
36	0.0001	52	14	0.06643149387001572
36	0.0001	52	77	0.06643149387001572
36	0.0001	52	96	0.06643149387001572
36	0.0001	52	52	0.06643149387001572
36	0.0001	52	20	0.062181856797122424
36	0.0001	52	65	0.04628775910800499
36	0.0001	52	4	0.05114983915250985
36	0.0001	52	42	0.05114983915250985
36	0.0001	52	6	0.04628775910800499
36	0.0001	52	92	0.03279224225399928
36	0.0001	52	60	0.03279224225399928
36	0.0001	52	66	0.03279224225399928
36	0.0001	52	59	0.03279224225399928
36	0.0001	52	40	0.03279224225399928
36	0.0001	52	53	0.03279224225399928
36	0.0001	52	28	0.03279224225399928
36	0.0001	52	87	0.03279224225399928
36	0.0001	52	69	0.03279224225399928
36	0.0001	52	49	0.03279224225399928
36	0.0001	52	33	0.03279224225399928
36	0.0001	53	14	0.07117850932670805
36	0.0001	53	52	0.07117850932670805
36	0.0001	53	77	0.07117850932670805
36	0.0001	53	96	0.07117850932670805
36	0.0001	53	20	0.07117850932670805
36	0.0001	53	42	0.06080081898657851
36	0.0001	53	4	0.06080081898657851
36	0.0001	53	65	0.04655006334558928
36	0.0001	53	6	0.04655006334558928
36	0.0001	53	66	0.029509321646084365
36	0.0001	53	60	0.029509321646084365
36	0.0001	53	92	0.029509321646084365
36	0.0001	53	59	0.029509321646084365
36	0.0001	53	28	0.029509321646084365
36	0.0001	53	53	0.029509321646084365
36	0.0001	53	40	0.029509321646084365
36	0.0001	53	87	0.029509321646084365
36	0.0001	53	69	0.029509321646084365
36	0.0001	53	49	0.029509321646084365
36	0.0001	53	33	0.029509321646084365
36	0.0001	54	14	0.0634260287752228
36	0.0001	54	77	0.0634260287752228
36	0.0001	54	96	0.0634260287752228
36	0.0001	54	52	0.0634260287752228
36	0.0001	54	20	0.0634260287752228
36	0.0001	54	65	0.04887729025864156
36	0.0001	54	4	0.05783017761731444
36	0.0001	54	42	0.05783017761731444
36	0.0001	54	6	0.04887729025864156
36	0.0001	54	59	0.024799137665339397
36	0.0001	54	60	0.029657977042677877
36	0.0001	54	66	0.029657977042677877
36	0.0001	54	92	0.024799137665339397
36	0.0001	54	40	0.024799137665339397
36	0.0001	54	53	0.024799137665339397
36	0.0001	54	69	0.024799137665339397
36	0.0001	54	49	0.024799137665339397
36	0.0001	54	87	0.024799137665339397
36	0.0001	54	30	0.01170562123242105
36	0.0001	54	28	0.013806721701848601
36	0.0001	54	33	0.013806721701848601
36	0.0001	55	14	0.06767336651757673
36	0.0001	55	77	0.06767336651757673
36	0.0001	55	96	0.06767336651757673
36	0.0001	55	52	0.06767336651757673
36	0.0001	55	20	0.06767336651757673
36	0.0001	55	42	0.06767336651757673
36	0.0001	55	4	0.06767336651757673
36	0.0001	55	65	0.033313078501343116
36	0.0001	55	6	0.033313078501343116
36	0.0001	55	66	0.027394090553484057
36	0.0001	55	60	0.027394090553484057
36	0.0001	55	92	0.024006026871209084
36	0.0001	55	53	0.024006026871209084
36	0.0001	55	69	0.024006026871209084
36	0.0001	55	49	0.024006026871209084
36	0.0001	55	59	0.022052516611662878
36	0.0001	55	28	0.022052516611662878
36	0.0001	55	40	0.024006026871209084
36	0.0001	55	87	0.024006026871209084
36	0.0001	55	33	0.018324694997539956
36	0.0001	56	14	0.06935792659175842
36	0.0001	56	77	0.06935792659175842
36	0.0001	56	96	0.06935792659175842
36	0.0001	56	52	0.06935792659175842
36	0.0001	56	20	0.06466240049078067
36	0.0001	56	65	0.04855937177655904
36	0.0001	56	4	0.04855937177655904
36	0.0001	56	42	0.04855937177655904
36	0.0001	56	6	0.04855937177655904
36	0.0001	56	66	0.02720013519987056
36	0.0001	56	60	0.02720013519987056
36	0.0001	56	92	0.025971561390271045
36	0.0001	56	40	0.025971561390271045
36	0.0001	56	53	0.025971561390271045
36	0.0001	56	59	0.025971561390271045
36	0.0001	56	69	0.025971561390271045
36	0.0001	56	49	0.025971561390271045
36	0.0001	56	87	0.025971561390271045
36	0.0001	56	28	0.025971561390271045
36	0.0001	56	33	0.01798887555115613
36	0.0001	57	14	0.06789475495964066
36	0.0001	57	77	0.06789475495964066
36	0.0001	57	96	0.06789475495964066
36	0.0001	57	52	0.06789475495964066
36	0.0001	57	20	0.06789475495964066
36	0.0001	57	65	0.033206765031499476
36	0.0001	57	4	0.06789475495964066
36	0.0001	57	42	0.06789475495964066
36	0.0001	57	6	0.033206765031499476
36	0.0001	57	59	0.023693220494819242
36	0.0001	57	60	0.02982763310626536
36	0.0001	57	66	0.02982763310626536
36	0.0001	57	92	0.023693220494819242
36	0.0001	57	40	0.023693220494819242
36	0.0001	57	53	0.023693220494819242
36	0.0001	57	28	0.023693220494819242
36	0.0001	57	87	0.023693220494819242
36	0.0001	57	49	0.023693220494819242
36	0.0001	57	69	0.023693220494819242
36	0.0001	57	33	0.023693220494819242
36	0.0001	58	14	0.08543617296223337
36	0.0001	58	20	0.06899056030667479
36	0.0001	58	77	0.08543617296223337
36	0.0001	58	96	0.08543617296223337
36	0.0001	58	52	0.06899056030667479
36	0.0001	58	42	0.05413807400982176
36	0.0001	58	4	0.05413807400982176
36	0.0001	58	65	0.03687683748702982
36	0.0001	58	6	0.03687683748702982
36	0.0001	58	59	0.02428697451863934
36	0.0001	58	60	0.03607098996811915
36	0.0001	58	66	0.03607098996811915
36	0.0001	58	69	0.02428697451863934
36	0.0001	58	92	0.02428697451863934
36	0.0001	58	53	0.02428697451863934
36	0.0001	58	40	0.02428697451863934
36	0.0001	58	49	0.02428697451863934
36	0.0001	58	87	0.02428697451863934
36	0.0001	58	33	0.02428697451863934
36	0.0001	58	28	0.02428697451863934
36	0.0001	59	14	0.07375470912511554
36	0.0001	59	77	0.07375470912511554
36	0.0001	59	96	0.07375470912511554
36	0.0001	59	52	0.07375470912511554
36	0.0001	59	20	0.0560228011259786
36	0.0001	59	42	0.04280910534879625
36	0.0001	59	4	0.04280910534879625
36	0.0001	59	6	0.04280910534879625
36	0.0001	59	65	0.04280910534879625
36	0.0001	59	66	0.036208805612062314
36	0.0001	59	60	0.036208805612062314
36	0.0001	59	92	0.036208805612062314
36	0.0001	59	40	0.036208805612062314
36	0.0001	59	69	0.036208805612062314
36	0.0001	59	49	0.036208805612062314
36	0.0001	59	53	0.036208805612062314
36	0.0001	59	87	0.036208805612062314
36	0.0001	59	59	0.01760338195338405
36	0.0001	59	28	0.01760338195338405
36	0.0001	59	33	0.01760338195338405
36	0.0001	60	14	0.06525203153897495
36	0.0001	60	77	0.06525203153897495
36	0.0001	60	96	0.06525203153897495
36	0.0001	60	52	0.06525203153897495
36	0.0001	60	20	0.06525203153897495
36	0.0001	60	42	0.05847315212018966
36	0.0001	60	4	0.05847315212018966
36	0.0001	60	65	0.04176503747716745
36	0.0001	60	6	0.04176503747716745
36	0.0001	60	59	0.030902743512780828
36	0.0001	60	60	0.030902743512780828
36	0.0001	60	66	0.030902743512780828
36	0.0001	60	92	0.030902743512780828
36	0.0001	60	49	0.030902743512780828
36	0.0001	60	53	0.030902743512780828
36	0.0001	60	40	0.030902743512780828
36	0.0001	60	28	0.030902743512780828
36	0.0001	60	87	0.030902743512780828
36	0.0001	60	69	0.030902743512780828
36	0.0001	60	33	0.030902743512780828
36	0.0001	61	14	0.06310343584509727
36	0.0001	61	77	0.06310343584509727
36	0.0001	61	96	0.06310343584509727
36	0.0001	61	52	0.06310343584509727
36	0.0001	61	20	0.06039729431321997
36	0.0001	61	65	0.039685109979600515
36	0.0001	61	4	0.054215661010840105
36	0.0001	61	42	0.054215661010840105
36	0.0001	61	6	0.039685109979600515
36	0.0001	61	66	0.03136071871465512
36	0.0001	61	60	0.03136071871465512
36	0.0001	61	92	0.028475483912595405
36	0.0001	61	59	0.02390932377316908
36	0.0001	61	40	0.028475483912595405
36	0.0001	61	53	0.028475483912595405
36	0.0001	61	28	0.02390932377316908
36	0.0001	61	87	0.028475483912595405
36	0.0001	61	49	0.028475483912595405
36	0.0001	61	69	0.028475483912595405
36	0.0001	61	33	0.02390932377316908
36	0.0001	62	14	0.07263082250313385
36	0.0001	62	77	0.07263082250313385
36	0.0001	62	96	0.07263082250313385
36	0.0001	62	52	0.07263082250313385
36	0.0001	62	20	0.0610353426565817
36	0.0001	62	65	0.03736851195718845
36	0.0001	62	4	0.04233809114543389
36	0.0001	62	42	0.04233809114543389
36	0.0001	62	6	0.03736851195718845
36	0.0001	62	59	0.020634760142936682
36	0.0001	62	60	0.026015588225217514
36	0.0001	62	66	0.026015588225217514
36	0.0001	62	92	0.020634760142936682
36	0.0001	62	40	0.020634760142936682
36	0.0001	62	53	0.020634760142936682
36	0.0001	62	69	0.020634760142936682
36	0.0001	62	49	0.020634760142936682
36	0.0001	62	87	0.020634760142936682
36	0.0001	62	33	0.020634760142936682
36	0.0001	62	28	0.020634760142936682
36	0.0001	63	14	0.07510462646250636
36	0.0001	63	52	0.07510462646250636
36	0.0001	63	77	0.07510462646250636
36	0.0001	63	96	0.07510462646250636
36	0.0001	63	20	0.07510462646250636
36	0.0001	63	42	0.055378223837875426
36	0.0001	63	4	0.055378223837875426
36	0.0001	63	6	0.04363567754210277
36	0.0001	63	65	0.04363567754210277
36	0.0001	63	92	0.026765172804718268
36	0.0001	63	60	0.026765172804718268
36	0.0001	63	66	0.026765172804718268
36	0.0001	63	59	0.026765172804718268
36	0.0001	63	28	0.026765172804718268
36	0.0001	63	49	0.026765172804718268
36	0.0001	63	69	0.026765172804718268
36	0.0001	63	53	0.026765172804718268
36	0.0001	63	87	0.026765172804718268
36	0.0001	63	40	0.026765172804718268
36	0.0001	63	33	0.026765172804718268
36	0.0001	64	14	0.06858816543356763
36	0.0001	64	77	0.06858816543356763
36	0.0001	64	96	0.06858816543356763
36	0.0001	64	52	0.06858816543356763
36	0.0001	64	20	0.06858816543356763
36	0.0001	64	42	0.056868485861568716
36	0.0001	64	4	0.056868485861568716
36	0.0001	64	65	0.04856117919810022
36	0.0001	64	6	0.04856117919810022
36	0.0001	64	66	0.03236489416611856
36	0.0001	64	60	0.03236489416611856
36	0.0001	64	92	0.02321766674650506
36	0.0001	64	59	0.02321766674650506
36	0.0001	64	40	0.02321766674650506
36	0.0001	64	28	0.02321766674650506
36	0.0001	64	53	0.02321766674650506
36	0.0001	64	69	0.02321766674650506
36	0.0001	64	49	0.02321766674650506
36	0.0001	64	87	0.02321766674650506
36	0.0001	64	33	0.02321766674650506
36	0.0001	65	14	0.0713488226879986
36	0.0001	65	77	0.0713488226879986
36	0.0001	65	96	0.0713488226879986
36	0.0001	65	52	0.0713488226879986
36	0.0001	65	20	0.0713488226879986
36	0.0001	65	65	0.04807994653050608
36	0.0001	65	4	0.04807994653050608
36	0.0001	65	42	0.04807994653050608
36	0.0001	65	6	0.04807994653050608
36	0.0001	65	66	0.04436935935278186
36	0.0001	65	60	0.04436935935278186
36	0.0001	65	59	0.017652509823925557
36	0.0001	65	40	0.017652509823925557
36	0.0001	65	49	0.017652509823925557
36	0.0001	65	53	0.017652509823925557
36	0.0001	65	69	0.017652509823925557
36	0.0001	65	92	0.017652509823925557
36	0.0001	65	28	0.017652509823925557
36	0.0001	65	87	0.01714849448238614
36	0.0001	65	33	0.017652509823925557
36	0.0001	66	14	0.07784502889391846
36	0.0001	66	77	0.07784502889391846
36	0.0001	66	96	0.07784502889391846
36	0.0001	66	52	0.07784502889391846
36	0.0001	66	20	0.06806529754058437
36	0.0001	66	65	0.031575397393229454
36	0.0001	66	4	0.05911881705098249
36	0.0001	66	42	0.05911881705098249
36	0.0001	66	6	0.031118682857797758
36	0.0001	66	49	0.021374443596506212
36	0.0001	66	60	0.022120183518626487
36	0.0001	66	66	0.022120183518626487
36	0.0001	66	40	0.021374443596506212
36	0.0001	66	92	0.021374443596506212
36	0.0001	66	59	0.021374443596506212
36	0.0001	66	69	0.021374443596506212
36	0.0001	66	53	0.021374443596506212
36	0.0001	66	87	0.021374443596506212
36	0.0001	66	28	0.021374443596506212
36	0.0001	66	33	0.014337029838142099
36	0.0001	67	14	0.06577230060025047
36	0.0001	67	77	0.06577230060025047
36	0.0001	67	96	0.06577230060025047
36	0.0001	67	52	0.06577230060025047
36	0.0001	67	20	0.058323133339483454
36	0.0001	67	65	0.03867914592157046
36	0.0001	67	4	0.05068408210599462
36	0.0001	67	42	0.05068408210599462
36	0.0001	67	6	0.03867914592157046
36	0.0001	67	59	0.028101788874632074
36	0.0001	67	60	0.031561013476377194
36	0.0001	67	66	0.031561013476377194
36	0.0001	67	92	0.031561013476377194
36	0.0001	67	40	0.031561013476377194
36	0.0001	67	28	0.028101788874632074
36	0.0001	67	53	0.031561013476377194
36	0.0001	67	87	0.031561013476377194
36	0.0001	67	69	0.031561013476377194
36	0.0001	67	49	0.031561013476377194
36	0.0001	67	33	0.028101788874632074
36	0.0001	68	14	0.07090865022851056
36	0.0001	68	52	0.07090865022851056
36	0.0001	68	77	0.07090865022851056
36	0.0001	68	96	0.07090865022851056
36	0.0001	68	20	0.07090865022851056
36	0.0001	68	42	0.05052313010673647
36	0.0001	68	4	0.05052313010673647
36	0.0001	68	6	0.040400072021597865
36	0.0001	68	65	0.040400072021597865
36	0.0001	68	59	0.024948718187693775
36	0.0001	68	60	0.024948718187693775
36	0.0001	68	66	0.024948718187693775
36	0.0001	68	92	0.024948718187693775
36	0.0001	68	28	0.024948718187693775
36	0.0001	68	40	0.024948718187693775
36	0.0001	68	53	0.024948718187693775
36	0.0001	68	87	0.024948718187693775
36	0.0001	68	49	0.024948718187693775
36	0.0001	68	69	0.024948718187693775
36	0.0001	68	33	0.024948718187693775
36	0.0001	68	29	0.003821260982593648
36	0.0001	69	14	0.06575295635698696
36	0.0001	69	77	0.06575295635698696
36	0.0001	69	96	0.06575295635698696
36	0.0001	69	52	0.06575295635698696
36	0.0001	69	20	0.06167300722137119
36	0.0001	69	42	0.05183206534006197
36	0.0001	69	4	0.05183206534006197
36	0.0001	69	65	0.04533208215915561
36	0.0001	69	6	0.04533208215915561
36	0.0001	69	66	0.028594591740791264
36	0.0001	69	60	0.028594591740791264
36	0.0001	69	92	0.025456903509134474
36	0.0001	69	59	0.025456903509134474
36	0.0001	69	40	0.025456903509134474
36	0.0001	69	28	0.025456903509134474
36	0.0001	69	53	0.025456903509134474
36	0.0001	69	87	0.025456903509134474
36	0.0001	69	49	0.025456903509134474
36	0.0001	69	69	0.025456903509134474
36	0.0001	69	33	0.025456903509134474
36	0.0001	70	14	0.07224908544838075
36	0.0001	70	77	0.07224908544838075
36	0.0001	70	96	0.07224908544838075
36	0.0001	70	52	0.07224908544838075
36	0.0001	70	20	0.07224908544838075
36	0.0001	70	65	0.05130620403630979
36	0.0001	70	4	0.05130620403630979
36	0.0001	70	42	0.05130620403630979
36	0.0001	70	6	0.05130620403630979
36	0.0001	70	92	0.022335743962595325
36	0.0001	70	60	0.02306054620029
36	0.0001	70	66	0.02306054620029
36	0.0001	70	28	0.022335743962595325
36	0.0001	70	49	0.022335743962595325
36	0.0001	70	69	0.022335743962595325
36	0.0001	70	59	0.022335743962595325
36	0.0001	70	40	0.022335743962595325
36	0.0001	70	53	0.022335743962595325
36	0.0001	70	87	0.022335743962595325
36	0.0001	70	33	0.02126283681608591
36	0.0001	71	14	0.07245951477552555
36	0.0001	71	77	0.07245951477552555
36	0.0001	71	96	0.07245951477552555
36	0.0001	71	52	0.07245951477552555
36	0.0001	71	20	0.05616650280912095
36	0.0001	71	65	0.04500588164122939
36	0.0001	71	4	0.04500588164122939
36	0.0001	71	42	0.04500588164122939
36	0.0001	71	6	0.04500588164122939
36	0.0001	71	66	0.039084367280817704
36	0.0001	71	60	0.039084367280817704
36	0.0001	71	53	0.02826852687071084
36	0.0001	71	40	0.02826852687071084
36	0.0001	71	92	0.02826852687071084
36	0.0001	71	49	0.02826852687071084
36	0.0001	71	69	0.02826852687071084
36	0.0001	71	59	0.0265147360677445
36	0.0001	71	28	0.02826852687071084
36	0.0001	71	87	0.02826852687071084
36	0.0001	71	33	0.01379845434613373
36	0.0001	72	14	0.0751340587106739
36	0.0001	72	77	0.0751340587106739
36	0.0001	72	96	0.0751340587106739
36	0.0001	72	52	0.0751340587106739
36	0.0001	72	20	0.0751340587106739
36	0.0001	72	42	0.0751340587106739
36	0.0001	72	4	0.0751340587106739
36	0.0001	72	65	0.03667156140378223
36	0.0001	72	6	0.03667156140378223
36	0.0001	72	66	0.03205843208080164
36	0.0001	72	60	0.03205843208080164
36	0.0001	72	92	0.03205843208080164
36	0.0001	72	40	0.03205843208080164
36	0.0001	72	59	0.021722703151672035
36	0.0001	72	53	0.03205843208080164
36	0.0001	72	69	0.03205843208080164
36	0.0001	72	49	0.03205843208080164
36	0.0001	72	87	0.03205843208080164
36	0.0001	72	28	0.021722703151672035
36	0.0001	72	33	0.013006948935723158
36	0.0001	73	14	0.06740748144841827
36	0.0001	73	77	0.06740748144841827
36	0.0001	73	96	0.06740748144841827
36	0.0001	73	52	0.06740748144841827
36	0.0001	73	20	0.06740748144841827
36	0.0001	73	42	0.05502365897165369
36	0.0001	73	4	0.05502365897165369
36	0.0001	73	65	0.04526931808227522
36	0.0001	73	6	0.04526931808227522
36	0.0001	73	92	0.029471639120413055
36	0.0001	73	60	0.029471639120413055
36	0.0001	73	66	0.029471639120413055
36	0.0001	73	59	0.02647380500712836
36	0.0001	73	49	0.029471639120413055
36	0.0001	73	40	0.029471639120413055
36	0.0001	73	69	0.029471639120413055
36	0.0001	73	53	0.029471639120413055
36	0.0001	73	87	0.029471639120413055
36	0.0001	73	28	0.02647380500712836
36	0.0001	73	33	0.02647380500712836
36	0.0001	74	14	0.06008389287104046
36	0.0001	74	52	0.06008389287104046
36	0.0001	74	77	0.06008389287104046
36	0.0001	74	96	0.06008389287104046
36	0.0001	74	20	0.056761248034617816
36	0.0001	74	65	0.030008130338952884
36	0.0001	74	4	0.056761248034617816
36	0.0001	74	42	0.056761248034617816
36	0.0001	74	6	0.04210622832982159
36	0.0001	74	59	0.030008130338952884
36	0.0001	74	60	0.030008130338952884
36	0.0001	74	66	0.030008130338952884
36	0.0001	74	92	0.030008130338952884
36	0.0001	74	40	0.030008130338952884
36	0.0001	74	53	0.030008130338952884
36	0.0001	74	28	0.030008130338952884
36	0.0001	74	87	0.030008130338952884
36	0.0001	74	49	0.030008130338952884
36	0.0001	74	69	0.030008130338952884
36	0.0001	74	33	0.030008130338952884
36	0.0001	75	14	0.06944669023813145
36	0.0001	75	77	0.06944669023813145
36	0.0001	75	96	0.06944669023813145
36	0.0001	75	52	0.06944669023813145
36	0.0001	75	20	0.06252724157715098
36	0.0001	75	42	0.04718045041986298
36	0.0001	75	4	0.04718045041986298
36	0.0001	75	6	0.04718045041986298
36	0.0001	75	65	0.04718045041986298
36	0.0001	75	59	0.02497428756521437
36	0.0001	75	60	0.0315076906565053
36	0.0001	75	66	0.0315076906565053
36	0.0001	75	92	0.02497428756521437
36	0.0001	75	69	0.02497428756521437
36	0.0001	75	53	0.02497428756521437
36	0.0001	75	40	0.02497428756521437
36	0.0001	75	33	0.023789427073918745
36	0.0001	75	87	0.023789427073918745
36	0.0001	75	49	0.008342265633342784
36	0.0001	75	28	0.006050489795463062
36	0.0001	76	14	0.07287323007427789
36	0.0001	76	77	0.07287323007427789
36	0.0001	76	96	0.07287323007427789
36	0.0001	76	52	0.07287323007427789
36	0.0001	76	20	0.07287323007427789
36	0.0001	76	42	0.048817110821388614
36	0.0001	76	4	0.048817110821388614
36	0.0001	76	65	0.04820626681576557
36	0.0001	76	6	0.04820626681576557
36	0.0001	76	92	0.027051081630087136
36	0.0001	76	60	0.031423684658554996
36	0.0001	76	66	0.031423684658554996
36	0.0001	76	59	0.027051081630087136
36	0.0001	76	49	0.027051081630087136
36	0.0001	76	53	0.027051081630087136
36	0.0001	76	40	0.027051081630087136
36	0.0001	76	69	0.027051081630087136
36	0.0001	76	87	0.027051081630087136
36	0.0001	76	33	0.027051081630087136
36	0.0001	76	28	0.027051081630087136
36	0.0001	77	14	0.06879623013125323
36	0.0001	77	77	0.06879623013125323
36	0.0001	77	96	0.06879623013125323
36	0.0001	77	52	0.06879623013125323
36	0.0001	77	20	0.0557005308331963
36	0.0001	77	65	0.04089908097026967
36	0.0001	77	4	0.04592384995951711
36	0.0001	77	42	0.04592384995951711
36	0.0001	77	6	0.04089908097026967
36	0.0001	77	59	0.02335743767637591
36	0.0001	77	60	0.023915858944996597
36	0.0001	77	66	0.023915858944996597
36	0.0001	77	40	0.023915858944996597
36	0.0001	77	92	0.023915858944996597
36	0.0001	77	28	0.02335743767637591
36	0.0001	77	53	0.023915858944996597
36	0.0001	77	87	0.023915858944996597
36	0.0001	77	49	0.023915858944996597
36	0.0001	77	69	0.023915858944996597
36	0.0001	77	33	0.02335743767637591
36	0.0001	78	14	0.06639920706707547
36	0.0001	78	52	0.06639920706707547
36	0.0001	78	77	0.06639920706707547
36	0.0001	78	96	0.06639920706707547
36	0.0001	78	20	0.06639920706707547
36	0.0001	78	42	0.056594403101678147
36	0.0001	78	4	0.056594403101678147
36	0.0001	78	65	0.039368846078787406
36	0.0001	78	6	0.039368846078787406
36	0.0001	78	92	0.03517650564232
36	0.0001	78	60	0.03517650564232
36	0.0001	78	66	0.03517650564232
36	0.0001	78	59	0.03517650564232
36	0.0001	78	69	0.03517650564232
36	0.0001	78	49	0.03517650564232
36	0.0001	78	28	0.03517650564232
36	0.0001	78	53	0.03517650564232
36	0.0001	78	40	0.03517650564232
36	0.0001	78	87	0.03517650564232
36	0.0001	78	33	0.03517650564232
36	0.0001	79	14	0.06973826366146155
36	0.0001	79	77	0.06973826366146155
36	0.0001	79	96	0.06973826366146155
36	0.0001	79	52	0.06973826366146155
36	0.0001	79	20	0.06378218037132623
36	0.0001	79	65	0.046138545339069754
36	0.0001	79	4	0.046138545339069754
36	0.0001	79	42	0.046138545339069754
36	0.0001	79	6	0.046138545339069754
36	0.0001	79	92	0.02532649331752215
36	0.0001	79	60	0.027194479836550715
36	0.0001	79	66	0.027194479836550715
36	0.0001	79	40	0.02532649331752215
36	0.0001	79	53	0.02532649331752215
36	0.0001	79	28	0.02532649331752215
36	0.0001	79	59	0.02532649331752215
36	0.0001	79	87	0.02532649331752215
36	0.0001	79	33	0.014272741212418578
36	0.0001	79	49	0.02532649331752215
36	0.0001	79	69	0.02532649331752215
36	0.0001	80	14	0.0662094813481315
36	0.0001	80	77	0.0662094813481315
36	0.0001	80	96	0.0662094813481315
36	0.0001	80	52	0.0662094813481315
36	0.0001	80	20	0.059955076164157246
36	0.0001	80	65	0.02979800962388426
36	0.0001	80	4	0.059955076164157246
36	0.0001	80	42	0.059955076164157246
36	0.0001	80	6	0.03859639666039138
36	0.0001	80	92	0.02979800962388426
36	0.0001	80	66	0.02979800962388426
36	0.0001	80	60	0.02979800962388426
36	0.0001	80	59	0.02979800962388426
36	0.0001	80	40	0.02979800962388426
36	0.0001	80	28	0.02979800962388426
36	0.0001	80	53	0.02979800962388426
36	0.0001	80	33	0.02979800962388426
36	0.0001	80	87	0.02979800962388426
36	0.0001	80	69	0.02979800962388426
36	0.0001	80	49	0.02979800962388426
36	0.0001	81	14	0.06480371515207839
36	0.0001	81	77	0.06480371515207839
36	0.0001	81	96	0.06480371515207839
36	0.0001	81	52	0.06480371515207839
36	0.0001	81	20	0.06480371515207839
36	0.0001	81	42	0.058970124316860335
36	0.0001	81	4	0.058970124316860335
36	0.0001	81	65	0.04704980593320556
36	0.0001	81	6	0.04704980593320556
36	0.0001	81	59	0.028105092427996366
36	0.0001	81	66	0.03243503499683126
36	0.0001	81	60	0.03243503499683126
36	0.0001	81	92	0.028105092427996366
36	0.0001	81	49	0.028105092427996366
36	0.0001	81	69	0.028105092427996366
36	0.0001	81	53	0.028105092427996366
36	0.0001	81	40	0.028105092427996366
36	0.0001	81	87	0.028105092427996366
36	0.0001	81	33	0.028105092427996366
36	0.0001	81	28	0.028105092427996366
36	0.0001	82	14	0.07012360809339162
36	0.0001	82	77	0.07012360809339162
36	0.0001	82	96	0.07012360809339162
36	0.0001	82	52	0.07012360809339162
36	0.0001	82	20	0.07012360809339162
36	0.0001	82	42	0.060830084002468636
36	0.0001	82	4	0.060830084002468636
36	0.0001	82	65	0.041100089555703836
36	0.0001	82	6	0.041100089555703836
36	0.0001	82	59	0.03377197429806647
36	0.0001	82	60	0.03377197429806647
36	0.0001	82	66	0.03377197429806647
36	0.0001	82	92	0.03377197429806647
36	0.0001	82	49	0.03377197429806647
36	0.0001	82	28	0.03377197429806647
36	0.0001	82	69	0.03377197429806647
36	0.0001	82	40	0.03377197429806647
36	0.0001	82	53	0.03377197429806647
36	0.0001	82	87	0.03377197429806647
36	0.0001	82	33	0.03377197429806647
36	0.0001	83	14	0.06655233826837027
36	0.0001	83	52	0.06655233826837027
36	0.0001	83	77	0.06655233826837027
36	0.0001	83	96	0.06655233826837027
36	0.0001	83	20	0.06655233826837027
36	0.0001	83	65	0.027557749975729275
36	0.0001	83	4	0.06092092273230047
36	0.0001	83	42	0.06092092273230047
36	0.0001	83	6	0.04191331467337597
36	0.0001	83	59	0.02676007281097639
36	0.0001	83	60	0.02676007281097639
36	0.0001	83	66	0.02676007281097639
36	0.0001	83	92	0.02676007281097639
36	0.0001	83	40	0.02676007281097639
36	0.0001	83	53	0.02676007281097639
36	0.0001	83	69	0.02676007281097639
36	0.0001	83	49	0.02676007281097639
36	0.0001	83	87	0.017381330768097645
36	0.0001	83	33	0.017381330768097645
36	0.0001	83	28	0.017381330768097645
36	0.0001	84	14	0.0846502366810115
36	0.0001	84	77	0.0846502366810115
36	0.0001	84	96	0.0846502366810115
36	0.0001	84	52	0.0846502366810115
36	0.0001	84	20	0.06504003425203043
36	0.0001	84	42	0.06504003425203043
36	0.0001	84	4	0.06504003425203043
36	0.0001	84	65	0.045455000889674045
36	0.0001	84	6	0.045455000889674045
36	0.0001	84	92	0.02082435702916589
36	0.0001	84	60	0.023130864794987348
36	0.0001	84	66	0.023130864794987348
36	0.0001	84	53	0.02082435702916589
36	0.0001	84	40	0.02082435702916589
36	0.0001	84	69	0.02082435702916589
36	0.0001	84	49	0.02082435702916589
36	0.0001	84	87	0.02082435702916589
36	0.0001	84	33	0.02082435702916589
36	0.0001	84	59	0.02082435702916589
36	0.0001	84	28	0.02082435702916589
36	0.0001	85	14	0.07482441038585519
36	0.0001	85	77	0.07482441038585519
36	0.0001	85	96	0.07482441038585519
36	0.0001	85	52	0.07482441038585519
36	0.0001	85	20	0.07482441038585519
36	0.0001	85	65	0.029939617078259755
36	0.0001	85	4	0.07482441038585519
36	0.0001	85	42	0.07482441038585519
36	0.0001	85	6	0.029939617078259755
36	0.0001	85	92	0.026228013334125222
36	0.0001	85	60	0.026228013334125222
36	0.0001	85	66	0.026228013334125222
36	0.0001	85	59	0.023092384783022456
36	0.0001	85	40	0.026228013334125222
36	0.0001	85	53	0.026228013334125222
36	0.0001	85	28	0.023092384783022456
36	0.0001	85	87	0.026228013334125222
36	0.0001	85	49	0.026228013334125222
36	0.0001	85	69	0.026228013334125222
36	0.0001	85	33	0.023092384783022456
36	0.0001	86	14	0.06192228915243359
36	0.0001	86	77	0.06192228915243359
36	0.0001	86	96	0.06192228915243359
36	0.0001	86	52	0.06192228915243359
36	0.0001	86	20	0.06192228915243359
36	0.0001	86	65	0.04663806032421858
36	0.0001	86	4	0.05537434563957293
36	0.0001	86	42	0.05537434563957293
36	0.0001	86	6	0.04663806032421858
36	0.0001	86	59	0.02270578366615575
36	0.0001	86	60	0.025229989376204843
36	0.0001	86	66	0.025229989376204843
36	0.0001	86	92	0.02270578366615575
36	0.0001	86	40	0.02270578366615575
36	0.0001	86	69	0.02270578366615575
36	0.0001	86	49	0.02270578366615575
36	0.0001	86	53	0.02270578366615575
36	0.0001	86	87	0.02111117165851572
36	0.0001	86	30	0.011220628879408414
36	0.0001	86	33	0.02270578366615575
36	0.0001	86	28	0.02270578366615575
36	0.0001	87	14	0.06900362695260662
36	0.0001	87	77	0.06900362695260662
36	0.0001	87	96	0.06900362695260662
36	0.0001	87	52	0.06900362695260662
36	0.0001	87	20	0.06900362695260662
36	0.0001	87	65	0.042820331732627795
36	0.0001	87	4	0.05012620884867819
36	0.0001	87	42	0.05012620884867819
36	0.0001	87	6	0.042820331732627795
36	0.0001	87	66	0.032682080604719346
36	0.0001	87	60	0.032682080604719346
36	0.0001	87	92	0.03260000185162177
36	0.0001	87	59	0.03260000185162177
36	0.0001	87	40	0.03260000185162177
36	0.0001	87	53	0.03260000185162177
36	0.0001	87	49	0.03260000185162177
36	0.0001	87	69	0.03260000185162177
36	0.0001	87	87	0.03260000185162177
36	0.0001	87	33	0.03260000185162177
36	0.0001	87	28	0.03260000185162177
36	0.0001	88	14	0.06571463845926324
36	0.0001	88	77	0.06571463845926324
36	0.0001	88	96	0.06571463845926324
36	0.0001	88	52	0.06571463845926324
36	0.0001	88	20	0.052242098743577964
36	0.0001	88	65	0.045223960521253215
36	0.0001	88	4	0.049240751862335834
36	0.0001	88	42	0.049240751862335834
36	0.0001	88	6	0.045223960521253215
36	0.0001	88	49	0.029631618612115076
36	0.0001	88	66	0.029631618612115076
36	0.0001	88	60	0.029631618612115076
36	0.0001	88	92	0.029631618612115076
36	0.0001	88	40	0.029631618612115076
36	0.0001	88	59	0.029631618612115076
36	0.0001	88	69	0.029631618612115076
36	0.0001	88	87	0.029631618612115076
36	0.0001	88	28	0.029631618612115076
36	0.0001	88	53	0.029631618612115076
36	0.0001	88	30	0.006742535321871365
36	0.0001	88	33	0.029631618612115076
36	0.0001	89	14	0.07996249745890342
36	0.0001	89	77	0.07996249745890342
36	0.0001	89	96	0.07996249745890342
36	0.0001	89	52	0.07996249745890342
36	0.0001	89	20	0.052966406661163645
36	0.0001	89	65	0.03801291936226278
36	0.0001	89	4	0.052966406661163645
36	0.0001	89	42	0.052966406661163645
36	0.0001	89	6	0.052966406661163645
36	0.0001	89	60	0.03801291936226278
36	0.0001	89	66	0.03801291936226278
36	0.0001	89	40	0.029299079566963846
36	0.0001	89	92	0.029299079566963846
36	0.0001	89	59	0.029299079566963846
36	0.0001	89	53	0.029299079566963846
36	0.0001	89	69	0.029299079566963846
36	0.0001	89	87	0.029299079566963846
36	0.0001	89	49	0.029299079566963846
36	0.0001	89	33	0.029299079566963846
36	0.0001	89	28	0.029299079566963846
36	0.0001	90	14	0.06681576714829872
36	0.0001	90	77	0.06681576714829872
36	0.0001	90	96	0.06681576714829872
36	0.0001	90	52	0.06681576714829872
36	0.0001	90	20	0.06681576714829872
36	0.0001	90	65	0.03543784303238643
36	0.0001	90	4	0.05555731097850107
36	0.0001	90	42	0.05555731097850107
36	0.0001	90	6	0.04199959496874625
36	0.0001	90	60	0.03543784303238643
36	0.0001	90	66	0.03543784303238643
36	0.0001	90	59	0.024005237882010838
36	0.0001	90	92	0.024005237882010838
36	0.0001	90	40	0.024005237882010838
36	0.0001	90	49	0.024005237882010838
36	0.0001	90	28	0.024005237882010838
36	0.0001	90	53	0.024005237882010838
36	0.0001	90	87	0.024005237882010838
36	0.0001	90	33	0.024005237882010838
36	0.0001	90	69	0.024005237882010838
36	0.0001	91	14	0.06108234186081443
36	0.0001	91	77	0.06108234186081443
36	0.0001	91	96	0.06108234186081443
36	0.0001	91	52	0.06108234186081443
36	0.0001	91	20	0.06108234186081443
36	0.0001	91	65	0.030485004259973143
36	0.0001	91	4	0.05860925671510028
36	0.0001	91	42	0.05860925671510028
36	0.0001	91	6	0.042023283648004214
36	0.0001	91	92	0.025565157002825457
36	0.0001	91	66	0.02747908563307758
36	0.0001	91	60	0.02747908563307758
36	0.0001	91	59	0.025565157002825457
36	0.0001	91	40	0.025565157002825457
36	0.0001	91	49	0.025565157002825457
36	0.0001	91	28	0.025565157002825457
36	0.0001	91	53	0.025565157002825457
36	0.0001	91	87	0.025565157002825457
36	0.0001	91	69	0.025565157002825457
36	0.0001	91	33	0.025565157002825457
36	0.0001	92	14	0.11176372019739603
36	0.0001	92	77	0.11176372019739603
36	0.0001	92	96	0.11176372019739603
36	0.0001	92	52	0.11176372019739603
36	0.0001	92	20	0.054356590475988675
36	0.0001	92	65	0.054356590475988675
36	0.0001	92	4	0.054356590475988675
36	0.0001	92	42	0.054356590475988675
36	0.0001	92	6	0.054356590475988675
36	0.0001	92	66	0.02856286143777904
36	0.0001	92	60	0.02856286143777904
36	0.0001	92	69	0.02856286143777904
36	0.0001	92	92	0.02856286143777904
36	0.0001	92	40	0.02856286143777904
36	0.0001	92	49	0.02856286143777904
36	0.0001	92	87	0.022696537773021847
36	0.0001	92	30	0.012496419930945578
36	0.0001	92	53	0.01723264049231736
36	0.0001	92	59	0.01723264049231736
36	0.0001	92	28	0.008859010693193371
36	0.0001	92	33	0.008859010693193371
36	0.0001	93	14	0.0666940645602836
36	0.0001	93	77	0.0666940645602836
36	0.0001	93	96	0.0666940645602836
36	0.0001	93	52	0.0666940645602836
36	0.0001	93	20	0.06191217082417509
36	0.0001	93	65	0.040757939825163146
36	0.0001	93	4	0.04932843077498823
36	0.0001	93	42	0.04932843077498823
36	0.0001	93	6	0.040757939825163146
36	0.0001	93	59	0.020241635486151245
36	0.0001	93	60	0.02820697600048272
36	0.0001	93	66	0.02820697600048272
36	0.0001	93	92	0.020241635486151245
36	0.0001	93	40	0.020241635486151245
36	0.0001	93	53	0.020241635486151245
36	0.0001	93	69	0.020241635486151245
36	0.0001	93	49	0.020241635486151245
36	0.0001	93	87	0.019540498120093952
36	0.0001	93	33	0.019540498120093952
36	0.0001	93	28	0.019540498120093952
36	0.0001	94	14	0.10615528225750832
36	0.0001	94	77	0.10615528225750832
36	0.0001	94	96	0.10615528225750832
36	0.0001	94	52	0.10615528225750832
36	0.0001	94	6	0.031000006889029257
36	0.0001	94	65	0.030766991822896456
36	0.0001	94	4	0.031000006889029257
36	0.0001	94	42	0.031000006889029257
36	0.0001	94	53	0.02315943847997857
36	0.0001	94	66	0.02315943847997857
36	0.0001	94	60	0.02315943847997857
36	0.0001	94	59	0.02179402772676727
36	0.0001	94	92	0.02179402772676727
36	0.0001	94	40	0.02179402772676727
36	0.0001	94	49	0.0115676572155753
36	0.0001	94	33	0.020224450184428772
36	0.0001	94	87	0.020224450184428772
36	0.0001	94	20	0.0115676572155753
36	0.0001	94	30	0.002345822123142102
36	0.0001	94	88	0.002345822123142102
36	0.0001	94	28	0.002345822123142102
36	0.0001	94	69	0.0115676572155753
36	0.0001	94	17	0.0115676572155753
36	0.0001	95	14	0.07347453552920281
36	0.0001	95	77	0.07347453552920281
36	0.0001	95	96	0.07347453552920281
36	0.0001	95	52	0.07347453552920281
36	0.0001	95	20	0.07347453552920281
36	0.0001	95	42	0.05129583580388706
36	0.0001	95	4	0.05129583580388706
36	0.0001	95	65	0.04746060273714274
36	0.0001	95	6	0.04746060273714274
36	0.0001	95	59	0.02400546589787213
36	0.0001	95	66	0.027988061034933568
36	0.0001	95	60	0.027988061034933568
36	0.0001	95	92	0.02400546589787213
36	0.0001	95	40	0.02400546589787213
36	0.0001	95	28	0.02400546589787213
36	0.0001	95	33	0.02400546589787213
36	0.0001	95	87	0.02400546589787213
36	0.0001	95	53	0.02400546589787213
36	0.0001	95	69	0.02400546589787213
36	0.0001	95	49	0.02400546589787213
36	0.0001	96	96	0.07380448003927037
36	0.0001	96	77	0.07380448003927037
36	0.0001	96	14	0.06534787144001528
36	0.0001	96	52	0.06534787144001528
36	0.0001	96	20	0.06534787144001528
36	0.0001	96	65	0.04028975427067836
36	0.0001	96	4	0.05568171451640066
36	0.0001	96	42	0.05568171451640066
36	0.0001	96	6	0.04028975427067836
36	0.0001	96	92	0.023809334993242247
36	0.0001	96	60	0.03750685959736632
36	0.0001	96	66	0.03750685959736632
36	0.0001	96	53	0.023809334993242247
36	0.0001	96	59	0.020780917060153035
36	0.0001	96	28	0.020780917060153035
36	0.0001	96	49	0.023809334993242247
36	0.0001	96	40	0.023809334993242247
36	0.0001	96	69	0.023809334993242247
36	0.0001	96	87	0.023809334993242247
36	0.0001	96	30	0.0034603392570920102
36	0.0001	96	33	0.020780917060153035
36	0.0001	97	14	0.06795906232221752
36	0.0001	97	77	0.06795906232221752
36	0.0001	97	96	0.06795906232221752
36	0.0001	97	52	0.06795906232221752
36	0.0001	97	20	0.06795906232221752
36	0.0001	97	42	0.059621657467590586
36	0.0001	97	4	0.059621657467590586
36	0.0001	97	65	0.037969519278856806
36	0.0001	97	6	0.037969519278856806
36	0.0001	97	59	0.030765522609745737
36	0.0001	97	60	0.030765522609745737
36	0.0001	97	66	0.030765522609745737
36	0.0001	97	92	0.030765522609745737
36	0.0001	97	28	0.030765522609745737
36	0.0001	97	69	0.030765522609745737
36	0.0001	97	53	0.030765522609745737
36	0.0001	97	40	0.030765522609745737
36	0.0001	97	87	0.030765522609745737
36	0.0001	97	49	0.030765522609745737
36	0.0001	97	33	0.030765522609745737
36	0.0001	98	14	0.07097263082939581
36	0.0001	98	77	0.07097263082939581
36	0.0001	98	96	0.07097263082939581
36	0.0001	98	52	0.07097263082939581
36	0.0001	98	20	0.07097263082939581
36	0.0001	98	65	0.04933669506858933
36	0.0001	98	4	0.04933669506858933
36	0.0001	98	42	0.04933669506858933
36	0.0001	98	6	0.04933669506858933
36	0.0001	98	59	0.017643641251321923
36	0.0001	98	60	0.022740566528442984
36	0.0001	98	66	0.022740566528442984
36	0.0001	98	92	0.02024356929355147
36	0.0001	98	40	0.02024356929355147
36	0.0001	98	28	0.017643641251321923
36	0.0001	98	87	0.02024356929355147
36	0.0001	98	49	0.02024356929355147
36	0.0001	98	53	0.02024356929355147
36	0.0001	98	33	0.017643641251321923
36	0.0001	98	69	0.013389736461862395
36	0.0001	99	14	0.07155724301796466
36	0.0001	99	77	0.07155724301796466
36	0.0001	99	96	0.07155724301796466
36	0.0001	99	52	0.07155724301796466
36	0.0001	99	20	0.07155724301796466
36	0.0001	99	42	0.049534407734482956
36	0.0001	99	4	0.049534407734482956
36	0.0001	99	65	0.049173215555671904
36	0.0001	99	6	0.049173215555671904
36	0.0001	99	59	0.024747699939145905
36	0.0001	99	60	0.028647176223198893
36	0.0001	99	66	0.028647176223198893
36	0.0001	99	40	0.024747699939145905
36	0.0001	99	92	0.024747699939145905
36	0.0001	99	28	0.024747699939145905
36	0.0001	99	33	0.024747699939145905
36	0.0001	99	87	0.024747699939145905
36	0.0001	99	53	0.024747699939145905
36	0.0001	99	69	0.024747699939145905
36	0.0001	99	49	0.024747699939145905
36	0.0001	100	14	0.07500568446305891
36	0.0001	100	77	0.07500568446305891
36	0.0001	100	96	0.07500568446305891
36	0.0001	100	52	0.07500568446305891
36	0.0001	100	20	0.05825423652825803
36	0.0001	100	65	0.04731233841997892
36	0.0001	100	4	0.04731233841997892
36	0.0001	100	42	0.04731233841997892
36	0.0001	100	6	0.04731233841997892
36	0.0001	100	66	0.036200062111980714
36	0.0001	100	60	0.036200062111980714
36	0.0001	100	92	0.036200062111980714
36	0.0001	100	40	0.036200062111980714
36	0.0001	100	59	0.036200062111980714
36	0.0001	100	53	0.036200062111980714
36	0.0001	100	87	0.036200062111980714
36	0.0001	100	69	0.036200062111980714
36	0.0001	100	49	0.036200062111980714
36	0.0001	100	33	0.036200062111980714
36	0.0001	100	28	0.036200062111980714
36	0.001	1	14	0.06063029794387597
36	0.001	1	77	0.06063029794387597
36	0.001	1	96	0.06063029794387597
36	0.001	1	52	0.06063029794387597
36	0.001	1	20	0.06052141196709989
36	0.001	1	65	0.02724145569421549
36	0.001	1	4	0.05561706938870838
36	0.001	1	42	0.05561706938870838
36	0.001	1	6	0.04255088965239625
36	0.001	1	59	0.02724145569421549
36	0.001	1	60	0.02724145569421549
36	0.001	1	66	0.02724145569421549
36	0.001	1	92	0.02724145569421549
36	0.001	1	40	0.02724145569421549
36	0.001	1	53	0.02724145569421549
36	0.001	1	69	0.02724145569421549
36	0.001	1	49	0.02724145569421549
36	0.001	1	87	0.02724145569421549
36	0.001	1	28	0.02724145569421549
36	0.001	1	33	0.02724145569421549
36	0.001	2	14	0.06439421546032231
36	0.001	2	77	0.06439421546032231
36	0.001	2	96	0.06439421546032231
36	0.001	2	52	0.06439421546032231
36	0.001	2	20	0.055834267156772484
36	0.001	2	65	0.03142823161396436
36	0.001	2	4	0.04990047414437053
36	0.001	2	42	0.04990047414437053
36	0.001	2	6	0.03142823161396436
36	0.001	2	92	0.026664248114524003
36	0.001	2	60	0.026664248114524003
36	0.001	2	66	0.026664248114524003
36	0.001	2	40	0.026664248114524003
36	0.001	2	49	0.026664248114524003
36	0.001	2	69	0.026664248114524003
36	0.001	2	28	0.026664248114524003
36	0.001	2	53	0.026664248114524003
36	0.001	2	59	0.026664248114524003
36	0.001	2	87	0.026664248114524003
36	0.001	2	33	0.015055510055904334
36	0.001	3	14	0.07175748777476347
36	0.001	3	77	0.07175748777476347
36	0.001	3	96	0.07175748777476347
36	0.001	3	52	0.07175748777476347
36	0.001	3	20	0.07175748777476347
36	0.001	3	42	0.056928838831616924
36	0.001	3	4	0.056928838831616924
36	0.001	3	65	0.056928838831616924
36	0.001	3	6	0.056928838831616924
36	0.001	3	59	0.01819765069144697
36	0.001	3	60	0.029478014557831094
36	0.001	3	66	0.029478014557831094
36	0.001	3	92	0.01819765069144697
36	0.001	3	40	0.01819765069144697
36	0.001	3	28	0.01819765069144697
36	0.001	3	69	0.01819765069144697
36	0.001	3	49	0.01819765069144697
36	0.001	3	53	0.01819765069144697
36	0.001	3	87	0.01620849783465979
36	0.001	3	33	0.01819765069144697
36	0.001	4	14	0.06668686926881606
36	0.001	4	77	0.06668686926881606
36	0.001	4	96	0.06668686926881606
36	0.001	4	52	0.06668686926881606
36	0.001	4	20	0.06668686926881606
36	0.001	4	42	0.05635742266963255
36	0.001	4	4	0.05635742266963255
36	0.001	4	6	0.04210086693469368
36	0.001	4	65	0.027108482172370524
36	0.001	4	59	0.026969034189821255
36	0.001	4	60	0.027108482172370524
36	0.001	4	66	0.027108482172370524
36	0.001	4	92	0.026969034189821255
36	0.001	4	69	0.026969034189821255
36	0.001	4	49	0.026969034189821255
36	0.001	4	28	0.026969034189821255
36	0.001	4	87	0.026969034189821255
36	0.001	4	40	0.026969034189821255
36	0.001	4	53	0.026969034189821255
36	0.001	4	33	0.026969034189821255
36	0.001	5	14	0.07595871971488195
36	0.001	5	77	0.07595871971488195
36	0.001	5	96	0.07595871971488195
36	0.001	5	52	0.07595871971488195
36	0.001	5	20	0.07595871971488195
36	0.001	5	42	0.052806936108599704
36	0.001	5	4	0.052806936108599704
36	0.001	5	65	0.052806936108599704
36	0.001	5	6	0.052806936108599704
36	0.001	5	92	0.020331407036573743
36	0.001	5	60	0.02764727065152852
36	0.001	5	66	0.02764727065152852
36	0.001	5	59	0.020331407036573743
36	0.001	5	40	0.020331407036573743
36	0.001	5	28	0.020331407036573743
36	0.001	5	33	0.020331407036573743
36	0.001	5	53	0.020331407036573743
36	0.001	5	49	0.020331407036573743
36	0.001	5	69	0.020331407036573743
36	0.001	5	87	0.02016777785296791
36	0.001	6	14	0.06498117203074356
36	0.001	6	77	0.06498117203074356
36	0.001	6	96	0.06498117203074356
36	0.001	6	52	0.06498117203074356
36	0.001	6	20	0.06045694558823956
36	0.001	6	65	0.04555179238468316
36	0.001	6	4	0.05241089959918456
36	0.001	6	42	0.05241089959918456
36	0.001	6	6	0.04555179238468316
36	0.001	6	59	0.019911988122325145
36	0.001	6	60	0.026746205582160874
36	0.001	6	66	0.026746205582160874
36	0.001	6	92	0.019911988122325145
36	0.001	6	69	0.019911988122325145
36	0.001	6	49	0.019911988122325145
36	0.001	6	40	0.019911988122325145
36	0.001	6	87	0.019911988122325145
36	0.001	6	53	0.019911988122325145
36	0.001	6	33	0.019911988122325145
36	0.001	6	28	0.019911988122325145
36	0.001	7	14	0.05956107241391092
36	0.001	7	77	0.05956107241391092
36	0.001	7	96	0.05956107241391092
36	0.001	7	52	0.05956107241391092
36	0.001	7	20	0.05893770938203623
36	0.001	7	65	0.049792154288652725
36	0.001	7	4	0.056392925945619295
36	0.001	7	42	0.056392925945619295
36	0.001	7	6	0.049792154288652725
36	0.001	7	66	0.028993144933194676
36	0.001	7	60	0.028993144933194676
36	0.001	7	92	0.023019706544870445
36	0.001	7	69	0.023019706544870445
36	0.001	7	59	0.023019706544870445
36	0.001	7	28	0.023019706544870445
36	0.001	7	53	0.023019706544870445
36	0.001	7	40	0.023019706544870445
36	0.001	7	49	0.023019706544870445
36	0.001	7	87	0.023019706544870445
36	0.001	7	30	0.01254699541140057
36	0.001	7	33	0.023019706544870445
36	0.001	8	14	0.0686289716238419
36	0.001	8	77	0.0686289716238419
36	0.001	8	96	0.0686289716238419
36	0.001	8	52	0.0686289716238419
36	0.001	8	20	0.0686289716238419
36	0.001	8	65	0.04605449412675115
36	0.001	8	4	0.057558791496310456
36	0.001	8	42	0.057558791496310456
36	0.001	8	6	0.04605449412675115
36	0.001	8	60	0.03505088704645727
36	0.001	8	66	0.03505088704645727
36	0.001	8	92	0.030562479258572476
36	0.001	8	40	0.030562479258572476
36	0.001	8	53	0.030562479258572476
36	0.001	8	28	0.030562479258572476
36	0.001	8	59	0.030562479258572476
36	0.001	8	87	0.030562479258572476
36	0.001	8	49	0.030562479258572476
36	0.001	8	69	0.030562479258572476
36	0.001	8	33	0.030562479258572476
36	0.001	9	14	0.0738542057874192
36	0.001	9	77	0.0738542057874192
36	0.001	9	96	0.0738542057874192
36	0.001	9	52	0.0738542057874192
36	0.001	9	20	0.0738542057874192
36	0.001	9	42	0.05777095835485658
36	0.001	9	4	0.05777095835485658
36	0.001	9	6	0.049147599480090204
36	0.001	9	65	0.049147599480090204
36	0.001	9	59	0.02071818816851166
36	0.001	9	60	0.03033910941097261
36	0.001	9	66	0.03033910941097261
36	0.001	9	92	0.02071818816851166
36	0.001	9	28	0.02071818816851166
36	0.001	9	40	0.02071818816851166
36	0.001	9	69	0.02071818816851166
36	0.001	9	53	0.02071818816851166
36	0.001	9	49	0.02071818816851166
36	0.001	9	87	0.016174766347538363
36	0.001	9	33	0.02071818816851166
36	0.001	10	14	0.07023942602780113
36	0.001	10	77	0.07023942602780113
36	0.001	10	96	0.07023942602780113
36	0.001	10	52	0.07023942602780113
36	0.001	10	20	0.06452499330551022
36	0.001	10	65	0.027248127266395254
36	0.001	10	4	0.0519345965545834
36	0.001	10	42	0.0519345965545834
36	0.001	10	6	0.0519345965545834
36	0.001	10	69	0.018969508841683448
36	0.001	10	60	0.027248127266395254
36	0.001	10	66	0.027248127266395254
36	0.001	10	92	0.018969508841683448
36	0.001	10	53	0.018969508841683448
36	0.001	10	40	0.018969508841683448
36	0.001	10	59	0.018969508841683448
36	0.001	10	49	0.018969508841683448
36	0.001	10	28	0.018969508841683448
36	0.001	10	87	0.018969508841683448
36	0.001	10	33	0.018969508841683448
36	0.001	11	14	0.0633279467073007
36	0.001	11	96	0.0633279467073007
36	0.001	11	77	0.0633279467073007
36	0.001	11	52	0.0633279467073007
36	0.001	11	20	0.055717293574934094
36	0.001	11	65	0.045818752234823484
36	0.001	11	42	0.045818752234823484
36	0.001	11	4	0.045818752234823484
36	0.001	11	6	0.045818752234823484
36	0.001	11	28	0.045818752234823484
36	0.001	11	60	0.045818752234823484
36	0.001	11	66	0.045818752234823484
36	0.001	11	33	0.045818752234823484
36	0.001	11	40	0.045818752234823484
36	0.001	11	87	0.045818752234823484
36	0.001	11	53	0.045818752234823484
36	0.001	11	69	0.045818752234823484
36	0.001	11	59	0.045818752234823484
36	0.001	11	29	0.007642666362219994
36	0.001	11	88	0.003883070609364126
36	0.001	12	14	0.058575771259014246
36	0.001	12	77	0.058575771259014246
36	0.001	12	96	0.058575771259014246
36	0.001	12	52	0.058575771259014246
36	0.001	12	20	0.058575771259014246
36	0.001	12	65	0.05198134621963072
36	0.001	12	4	0.058575771259014246
36	0.001	12	42	0.058575771259014246
36	0.001	12	6	0.05198134621963072
36	0.001	12	92	0.02657092022356473
36	0.001	12	66	0.02955524558635264
36	0.001	12	60	0.02955524558635264
36	0.001	12	59	0.02657092022356473
36	0.001	12	40	0.02657092022356473
36	0.001	12	49	0.02657092022356473
36	0.001	12	69	0.02657092022356473
36	0.001	12	53	0.02657092022356473
36	0.001	12	87	0.02657092022356473
36	0.001	12	30	0.011972509571603585
36	0.001	12	33	0.02657092022356473
36	0.001	12	28	0.02657092022356473
36	0.001	13	14	0.07529467126428886
36	0.001	13	77	0.07529467126428886
36	0.001	13	96	0.07529467126428886
36	0.001	13	52	0.07529467126428886
36	0.001	13	20	0.07529467126428886
36	0.001	13	65	0.0460165542288576
36	0.001	13	4	0.07529467126428886
36	0.001	13	42	0.07529467126428886
36	0.001	13	6	0.0460165542288576
36	0.001	13	28	0.021027469429868616
36	0.001	13	60	0.025937588598436305
36	0.001	13	66	0.025937588598436305
36	0.001	13	92	0.021027469429868616
36	0.001	13	69	0.021027469429868616
36	0.001	13	40	0.021027469429868616
36	0.001	13	59	0.021027469429868616
36	0.001	13	49	0.021027469429868616
36	0.001	13	87	0.021027469429868616
36	0.001	13	53	0.021027469429868616
36	0.001	13	33	0.014063475513772456
36	0.001	14	77	0.06308232035119551
36	0.001	14	96	0.06308232035119551
36	0.001	14	20	0.05547359373654465
36	0.001	14	52	0.05547359373654465
36	0.001	14	14	0.05547359373654465
36	0.001	14	4	0.05547359373654465
36	0.001	14	65	0.05547359373654465
36	0.001	14	42	0.05547359373654465
36	0.001	14	6	0.042906231690073855
36	0.001	14	59	0.03136158209945208
36	0.001	14	66	0.03136158209945208
36	0.001	14	60	0.03136158209945208
36	0.001	14	33	0.03136158209945208
36	0.001	14	40	0.03136158209945208
36	0.001	14	92	0.022406511042057552
36	0.001	14	35	0.022406511042057552
36	0.001	14	17	0.022406511042057552
36	0.001	14	30	0.021948344589857963
36	0.001	14	87	0.022406511042057552
36	0.001	14	69	0.022406511042057552
36	0.001	15	14	0.06723359099823398
36	0.001	15	77	0.06723359099823398
36	0.001	15	96	0.06723359099823398
36	0.001	15	52	0.06723359099823398
36	0.001	15	20	0.056112618317613494
36	0.001	15	65	0.0365918233428418
36	0.001	15	4	0.0442637555578881
36	0.001	15	42	0.0442637555578881
36	0.001	15	6	0.0365918233428418
36	0.001	15	66	0.02376421049515561
36	0.001	15	60	0.02376421049515561
36	0.001	15	92	0.02376421049515561
36	0.001	15	59	0.02376421049515561
36	0.001	15	40	0.02376421049515561
36	0.001	15	53	0.02376421049515561
36	0.001	15	69	0.02376421049515561
36	0.001	15	49	0.02376421049515561
36	0.001	15	87	0.02376421049515561
36	0.001	15	30	0.007133084008004112
36	0.001	15	33	0.020904546471569366
36	0.001	15	28	0.020904546471569366
36	0.001	16	14	0.0639323828374803
36	0.001	16	77	0.0639323828374803
36	0.001	16	96	0.0639323828374803
36	0.001	16	52	0.0639323828374803
36	0.001	16	20	0.0639323828374803
36	0.001	16	6	0.049139935965238045
36	0.001	16	4	0.049139935965238045
36	0.001	16	42	0.049139935965238045
36	0.001	16	65	0.049139935965238045
36	0.001	16	66	0.026957033303188823
36	0.001	16	60	0.026957033303188823
36	0.001	16	59	0.025768583330541852
36	0.001	16	92	0.025768583330541852
36	0.001	16	69	0.025768583330541852
36	0.001	16	49	0.025768583330541852
36	0.001	16	40	0.025768583330541852
36	0.001	16	53	0.025768583330541852
36	0.001	16	28	0.025768583330541852
36	0.001	16	33	0.025768583330541852
36	0.001	16	87	0.018109436864024876
36	0.001	17	14	0.07021599768645688
36	0.001	17	77	0.07021599768645688
36	0.001	17	96	0.07021599768645688
36	0.001	17	52	0.07021599768645688
36	0.001	17	20	0.07021599768645688
36	0.001	17	65	0.028330261711934014
36	0.001	17	4	0.05385111432623474
36	0.001	17	42	0.05385111432623474
36	0.001	17	6	0.03398997373637688
36	0.001	17	92	0.027732854371397025
36	0.001	17	60	0.027732854371397025
36	0.001	17	66	0.027732854371397025
36	0.001	17	40	0.027732854371397025
36	0.001	17	53	0.027732854371397025
36	0.001	17	49	0.027732854371397025
36	0.001	17	69	0.027732854371397025
36	0.001	17	87	0.027732854371397025
36	0.001	17	59	0.027732854371397025
36	0.001	17	30	0.005181903863592722
36	0.001	17	28	0.009762832396479197
36	0.001	17	33	0.009762832396479197
36	0.001	18	14	0.06471677644490127
36	0.001	18	77	0.06471677644490127
36	0.001	18	96	0.06471677644490127
36	0.001	18	52	0.06471677644490127
36	0.001	18	20	0.06471677644490127
36	0.001	18	65	0.03277502843289076
36	0.001	18	4	0.06264424407043902
36	0.001	18	42	0.06264424407043902
36	0.001	18	6	0.04215208211380399
36	0.001	18	66	0.03277502843289076
36	0.001	18	60	0.03277502843289076
36	0.001	18	59	0.021406423943161657
36	0.001	18	92	0.021406423943161657
36	0.001	18	40	0.021406423943161657
36	0.001	18	53	0.021406423943161657
36	0.001	18	28	0.021406423943161657
36	0.001	18	87	0.021406423943161657
36	0.001	18	69	0.021406423943161657
36	0.001	18	49	0.021406423943161657
36	0.001	18	33	0.021406423943161657
36	0.001	19	14	0.078156438149383
36	0.001	19	96	0.078156438149383
36	0.001	19	77	0.078156438149383
36	0.001	19	52	0.078156438149383
36	0.001	19	20	0.06645062252211084
36	0.001	19	65	0.050640685779089666
36	0.001	19	4	0.050640685779089666
36	0.001	19	42	0.050640685779089666
36	0.001	19	6	0.050640685779089666
36	0.001	19	49	0.02664774641419381
36	0.001	19	60	0.02664774641419381
36	0.001	19	66	0.02664774641419381
36	0.001	19	92	0.02664774641419381
36	0.001	19	69	0.02664774641419381
36	0.001	19	59	0.02664774641419381
36	0.001	19	53	0.02664774641419381
36	0.001	19	40	0.02664774641419381
36	0.001	19	87	0.02664774641419381
36	0.001	19	33	0.02664774641419381
36	0.001	19	28	0.02664774641419381
36	0.001	20	14	0.06716567069922984
36	0.001	20	77	0.06716567069922984
36	0.001	20	96	0.06716567069922984
36	0.001	20	52	0.06716567069922984
36	0.001	20	20	0.0563148185833287
36	0.001	20	65	0.03666740841293242
36	0.001	20	42	0.04746789980339965
36	0.001	20	4	0.04746789980339965
36	0.001	20	6	0.04746789980339965
36	0.001	20	49	0.018662497902358657
36	0.001	20	66	0.02725579147509672
36	0.001	20	60	0.02725579147509672
36	0.001	20	92	0.02725579147509672
36	0.001	20	69	0.018662497902358657
36	0.001	20	53	0.018662497902358657
36	0.001	20	28	0.01708346210039086
36	0.001	20	40	0.017086271526893477
36	0.001	20	87	0.017086271526893477
36	0.001	20	33	0.01708346210039086
36	0.001	20	59	0.01708346210039086
36	0.001	21	14	0.09591267552147516
36	0.001	21	96	0.09591267552147516
36	0.001	21	77	0.09591267552147516
36	0.001	21	20	0.0477329467337353
36	0.001	21	65	0.0477329467337353
36	0.001	21	4	0.0477329467337353
36	0.001	21	42	0.0477329467337353
36	0.001	21	6	0.0477329467337353
36	0.001	21	66	0.02360197947995572
36	0.001	21	33	0.021383372286119546
36	0.001	21	40	0.021383372286119546
36	0.001	21	60	0.021383372286119546
36	0.001	21	59	0.021383372286119546
36	0.001	21	92	0.021383372286119546
36	0.001	21	49	0.021383372286119546
36	0.001	21	69	0.021383372286119546
36	0.001	21	30	0.021383372286119546
36	0.001	21	87	0.021383372286119546
36	0.001	21	88	0.011884013804337217
36	0.001	21	35	0.009760033960363377
36	0.001	22	14	0.08118320375150335
36	0.001	22	77	0.08118320375150335
36	0.001	22	96	0.08118320375150335
36	0.001	22	52	0.08118320375150335
36	0.001	22	20	0.05566434585831778
36	0.001	22	65	0.03420528407926374
36	0.001	22	42	0.044264651021733985
36	0.001	22	4	0.044264651021733985
36	0.001	22	6	0.044264651021733985
36	0.001	22	66	0.03420528407926374
36	0.001	22	60	0.03420528407926374
36	0.001	22	92	0.024256657258823255
36	0.001	22	53	0.024256657258823255
36	0.001	22	49	0.024256657258823255
36	0.001	22	69	0.024256657258823255
36	0.001	22	59	0.024256657258823255
36	0.001	22	40	0.024256657258823255
36	0.001	22	87	0.024256657258823255
36	0.001	22	33	0.024256657258823255
36	0.001	22	28	0.024256657258823255
36	0.001	23	52	0.10032926477797756
36	0.001	23	96	0.10032926477797756
36	0.001	23	77	0.10032926477797756
36	0.001	23	20	0.10032926477797756
36	0.001	23	14	0.10032926477797756
36	0.001	23	65	0.10032926477797756
36	0.001	23	42	0.10032926477797756
36	0.001	23	4	0.10032926477797756
36	0.001	23	53	0.023186174430931315
36	0.001	23	60	0.023186174430931315
36	0.001	23	66	0.023186174430931315
36	0.001	23	92	0.021812135220406807
36	0.001	23	59	0.016582675495192937
36	0.001	23	28	0.016258313509476534
36	0.001	23	69	0.021071470771742463
36	0.001	23	49	0.021071470771742463
36	0.001	23	87	0.021071470771742463
36	0.001	23	30	0.021071470771742463
36	0.001	23	17	0.021071470771742463
36	0.001	23	33	0.016258313509476534
36	0.001	24	96	0.08866266825016138
36	0.001	24	77	0.08866266825016138
36	0.001	24	20	0.05678189733404336
36	0.001	24	65	0.08866266825016138
36	0.001	24	14	0.08866266825016138
36	0.001	24	69	0.041587155417378396
36	0.001	24	4	0.05678189733404336
36	0.001	24	42	0.05678189733404336
36	0.001	24	6	0.05678189733404336
36	0.001	24	59	0.03789970185337702
36	0.001	24	40	0.041587155417378396
36	0.001	24	92	0.041587155417378396
36	0.001	24	87	0.041587155417378396
36	0.001	24	28	0.03789970185337702
36	0.001	24	30	0.02898918843989665
36	0.001	24	88	0.02898918843989665
36	0.001	24	39	0.02898918843989665
36	0.001	24	97	0.02898918843989665
36	0.001	24	80	0.01138032060735263
36	0.001	24	71	0.008803594271262503
36	0.001	25	14	0.08040817086297121
36	0.001	25	77	0.08040817086297121
36	0.001	25	96	0.08040817086297121
36	0.001	25	52	0.08040817086297121
36	0.001	25	20	0.08040817086297121
36	0.001	25	42	0.08040817086297121
36	0.001	25	4	0.08040817086297121
36	0.001	25	65	0.04284024135723024
36	0.001	25	66	0.035335998781325526
36	0.001	25	60	0.035335998781325526
36	0.001	25	92	0.027057153405637472
36	0.001	25	40	0.027057153405637472
36	0.001	25	6	0.027057153405637472
36	0.001	25	49	0.016373342969710106
36	0.001	25	87	0.027057153405637472
36	0.001	25	28	0.027057153405637472
36	0.001	25	59	0.027057153405637472
36	0.001	25	53	0.016177705395025405
36	0.001	25	69	0.016373342969710106
36	0.001	25	30	0.016177705395025405
36	0.001	26	77	0.09798918323392149
36	0.001	26	96	0.09798918323392149
36	0.001	26	4	0.08152874306671788
36	0.001	26	6	0.08152874306671788
36	0.001	26	49	0.01710157260590533
36	0.001	26	50	0.01710157260590533
36	0.001	26	29	0.01710157260590533
36	0.001	26	25	0.01710157260590533
36	0.001	26	53	0.01710157260590533
36	0.001	26	52	0.01710157260590533
36	0.001	26	69	0.01710157260590533
36	0.001	26	60	0.01710157260590533
36	0.001	26	68	0.016376631891015923
36	0.001	26	33	0.01017797250585047
36	0.001	26	93	0.01017797250585047
36	0.001	26	39	0.01017797250585047
36	0.001	26	78	0.0068999767807201755
36	0.001	26	19	0.009435474382804392
36	0.001	26	17	0.009435474382804392
36	0.001	26	99	0.0012271427708123192
36	0.001	27	14	0.06919891031818852
36	0.001	27	77	0.06919891031818852
36	0.001	27	96	0.06919891031818852
36	0.001	27	52	0.06919891031818852
36	0.001	27	20	0.06919891031818852
36	0.001	27	65	0.0379215411440332
36	0.001	27	42	0.04885783012665069
36	0.001	27	4	0.04885783012665069
36	0.001	27	6	0.04390369990543523
36	0.001	27	66	0.029802801216478027
36	0.001	27	60	0.029802801216478027
36	0.001	27	49	0.02298511639135072
36	0.001	27	28	0.02298511639135072
36	0.001	27	92	0.02298511639135072
36	0.001	27	59	0.02298511639135072
36	0.001	27	40	0.02298511639135072
36	0.001	27	53	0.02298511639135072
36	0.001	27	69	0.02298511639135072
36	0.001	27	87	0.013546766380097847
36	0.001	27	33	0.013546766380097847
36	0.001	28	14	0.06694644170067751
36	0.001	28	77	0.06694644170067751
36	0.001	28	96	0.06694644170067751
36	0.001	28	52	0.06694644170067751
36	0.001	28	20	0.0522356816550997
36	0.001	28	65	0.045200840077891206
36	0.001	28	42	0.047651681474785046
36	0.001	28	4	0.047651681474785046
36	0.001	28	6	0.045200840077891206
36	0.001	28	66	0.02869995632222855
36	0.001	28	60	0.02869995632222855
36	0.001	28	92	0.02869995632222855
36	0.001	28	59	0.02869995632222855
36	0.001	28	69	0.02869995632222855
36	0.001	28	49	0.02869995632222855
36	0.001	28	40	0.02869995632222855
36	0.001	28	53	0.02869995632222855
36	0.001	28	87	0.02869995632222855
36	0.001	28	28	0.02869995632222855
36	0.001	28	33	0.02869995632222855
36	0.001	29	14	0.07105120335706806
36	0.001	29	77	0.07105120335706806
36	0.001	29	96	0.07105120335706806
36	0.001	29	52	0.07105120335706806
36	0.001	29	20	0.07105120335706806
36	0.001	29	42	0.05213523533959845
36	0.001	29	4	0.05213523533959845
36	0.001	29	6	0.040018640700856804
36	0.001	29	65	0.040018640700856804
36	0.001	29	92	0.024003712773151095
36	0.001	29	66	0.02989340477027317
36	0.001	29	60	0.02989340477027317
36	0.001	29	59	0.0202167537453234
36	0.001	29	49	0.024003712773151095
36	0.001	29	53	0.024003712773151095
36	0.001	29	40	0.024003712773151095
36	0.001	29	28	0.0202167537453234
36	0.001	29	87	0.024003712773151095
36	0.001	29	69	0.024003712773151095
36	0.001	29	33	0.0202167537453234
36	0.001	30	14	0.06435655088194232
36	0.001	30	52	0.06435655088194232
36	0.001	30	77	0.06435655088194232
36	0.001	30	96	0.06435655088194232
36	0.001	30	20	0.06435655088194232
36	0.001	30	65	0.046054736497247034
36	0.001	30	4	0.06064834123045019
36	0.001	30	42	0.06064834123045019
36	0.001	30	6	0.046054736497247034
36	0.001	30	92	0.028483883064192857
36	0.001	30	60	0.032427783177916884
36	0.001	30	66	0.032427783177916884
36	0.001	30	59	0.02389654802023858
36	0.001	30	49	0.028483883064192857
36	0.001	30	69	0.028483883064192857
36	0.001	30	53	0.028483883064192857
36	0.001	30	40	0.028483883064192857
36	0.001	30	87	0.028483883064192857
36	0.001	30	28	0.02389654802023858
36	0.001	30	33	0.02389654802023858
36	0.001	31	14	0.10250211574703993
36	0.001	31	52	0.10250211574703993
36	0.001	31	96	0.10250211574703993
36	0.001	31	77	0.10250211574703993
36	0.001	31	4	0.10250211574703993
36	0.001	31	42	0.10250211574703993
36	0.001	31	92	0.028327947277971843
36	0.001	31	6	0.028327947277971843
36	0.001	31	60	0.028327947277971843
36	0.001	31	66	0.028327947277971843
36	0.001	31	87	0.023659474764776804
36	0.001	31	40	0.023659474764776804
36	0.001	31	49	0.023659474764776804
36	0.001	31	69	0.023659474764776804
36	0.001	31	80	0.009505142184837428
36	0.001	31	33	0.017934137644181055
36	0.001	31	53	0.017934137644181055
36	0.001	31	17	0.016399274709880902
36	0.001	31	8	0.009823930951673122
36	0.001	31	71	0.009823930951673122
36	0.001	31	30	0.009823930951673122
36	0.001	32	14	0.10413937049269803
36	0.001	32	77	0.10413937049269803
36	0.001	32	96	0.10413937049269803
36	0.001	32	52	0.10413937049269803
36	0.001	32	20	0.05389625747049551
36	0.001	32	65	0.031182009963172566
36	0.001	32	4	0.05389625747049551
36	0.001	32	42	0.05389625747049551
36	0.001	32	6	0.042895008978737555
36	0.001	32	53	0.02168201664929415
36	0.001	32	60	0.031182009963172566
36	0.001	32	66	0.031182009963172566
36	0.001	32	40	0.02168201664929415
36	0.001	32	92	0.02168201664929415
36	0.001	32	49	0.02168201664929415
36	0.001	32	87	0.02168201664929415
36	0.001	32	69	0.014828482075019519
36	0.001	32	59	0.02168201664929415
36	0.001	32	33	0.02168201664929415
36	0.001	32	28	0.02168201664929415
36	0.001	33	14	0.07327026239146925
36	0.001	33	77	0.07327026239146925
36	0.001	33	96	0.07327026239146925
36	0.001	33	52	0.07327026239146925
36	0.001	33	20	0.06208838910034751
36	0.001	33	42	0.051151064115121714
36	0.001	33	4	0.051151064115121714
36	0.001	33	65	0.051151064115121714
36	0.001	33	6	0.051151064115121714
36	0.001	33	92	0.01900161345863628
36	0.001	33	60	0.03211785311124262
36	0.001	33	66	0.03211785311124262
36	0.001	33	40	0.01900161345863628
36	0.001	33	49	0.01900161345863628
36	0.001	33	53	0.01900161345863628
36	0.001	33	59	0.01900161345863628
36	0.001	33	28	0.01900161345863628
36	0.001	33	87	0.01694705674624777
36	0.001	33	33	0.01694705674624777
36	0.001	33	69	0.012576581044538508
36	0.001	34	14	0.06725322592568707
36	0.001	34	77	0.06725322592568707
36	0.001	34	96	0.06725322592568707
36	0.001	34	52	0.06725322592568707
36	0.001	34	20	0.06019544270660062
36	0.001	34	65	0.02895442922201771
36	0.001	34	4	0.048763029180275565
36	0.001	34	42	0.048763029180275565
36	0.001	34	6	0.048763029180275565
36	0.001	34	59	0.028735429028695393
36	0.001	34	60	0.02895442922201771
36	0.001	34	66	0.02895442922201771
36	0.001	34	92	0.028735429028695393
36	0.001	34	28	0.028735429028695393
36	0.001	34	40	0.028735429028695393
36	0.001	34	53	0.028735429028695393
36	0.001	34	49	0.028735429028695393
36	0.001	34	69	0.028735429028695393
36	0.001	34	87	0.015494283919602007
36	0.001	34	33	0.028735429028695393
36	0.001	35	14	0.06071297475886444
36	0.001	35	77	0.06071297475886444
36	0.001	35	96	0.06071297475886444
36	0.001	35	52	0.06071297475886444
36	0.001	35	20	0.05849092101483653
36	0.001	35	65	0.04746165386330374
36	0.001	35	4	0.05849092101483653
36	0.001	35	42	0.05849092101483653
36	0.001	35	6	0.04746165386330374
36	0.001	35	66	0.024113702009664277
36	0.001	35	60	0.024113702009664277
36	0.001	35	92	0.02065246168456623
36	0.001	35	59	0.02065246168456623
36	0.001	35	40	0.02065246168456623
36	0.001	35	49	0.02065246168456623
36	0.001	35	69	0.02065246168456623
36	0.001	35	33	0.02065246168456623
36	0.001	35	87	0.02065246168456623
36	0.001	35	53	0.02065246168456623
36	0.001	35	30	0.00536001329271467
36	0.001	35	28	0.02065246168456623
36	0.001	36	14	0.06568988521195893
36	0.001	36	77	0.06568988521195893
36	0.001	36	96	0.06568988521195893
36	0.001	36	52	0.06568988521195893
36	0.001	36	20	0.06568988521195893
36	0.001	36	42	0.05604211268160242
36	0.001	36	4	0.05604211268160242
36	0.001	36	65	0.04870539741091625
36	0.001	36	6	0.04870539741091625
36	0.001	36	66	0.0330680953674907
36	0.001	36	60	0.0330680953674907
36	0.001	36	92	0.026965749417978694
36	0.001	36	59	0.026965749417978694
36	0.001	36	28	0.026965749417978694
36	0.001	36	40	0.026965749417978694
36	0.001	36	53	0.026965749417978694
36	0.001	36	87	0.026965749417978694
36	0.001	36	69	0.026965749417978694
36	0.001	36	49	0.026965749417978694
36	0.001	36	33	0.026965749417978694
36	0.001	37	14	0.083074537656665
36	0.001	37	77	0.083074537656665
36	0.001	37	96	0.083074537656665
36	0.001	37	52	0.083074537656665
36	0.001	37	20	0.06114091400191612
36	0.001	37	65	0.03875883771641566
36	0.001	37	4	0.03875883771641566
36	0.001	37	42	0.03875883771641566
36	0.001	37	6	0.03875883771641566
36	0.001	37	66	0.028615702139295034
36	0.001	37	60	0.028615702139295034
36	0.001	37	92	0.028176342310735264
36	0.001	37	40	0.028176342310735264
36	0.001	37	59	0.028176342310735264
36	0.001	37	49	0.028176342310735264
36	0.001	37	69	0.028176342310735264
36	0.001	37	53	0.028176342310735264
36	0.001	37	28	0.028176342310735264
36	0.001	37	30	0.020260812272748056
36	0.001	37	87	0.028176342310735264
36	0.001	37	33	0.028176342310735264
36	0.001	38	14	0.0692265092549216
36	0.001	38	77	0.0692265092549216
36	0.001	38	96	0.0692265092549216
36	0.001	38	52	0.0692265092549216
36	0.001	38	20	0.06686509419552578
36	0.001	38	65	0.03278388602993463
36	0.001	38	4	0.04190595577123662
36	0.001	38	42	0.04190595577123662
36	0.001	38	6	0.04190595577123662
36	0.001	38	60	0.03278388602993463
36	0.001	38	92	0.031832219636608934
36	0.001	38	66	0.031832219636608934
36	0.001	38	40	0.031832219636608934
36	0.001	38	59	0.031832219636608934
36	0.001	38	69	0.031832219636608934
36	0.001	38	53	0.031832219636608934
36	0.001	38	49	0.031832219636608934
36	0.001	38	87	0.031832219636608934
36	0.001	38	33	0.031832219636608934
36	0.001	38	28	0.031832219636608934
36	0.001	39	14	0.06850485544456619
36	0.001	39	52	0.06800335761435042
36	0.001	39	77	0.06850485544456619
36	0.001	39	96	0.06850485544456619
36	0.001	39	20	0.06800335761435042
36	0.001	39	6	0.04220342630981706
36	0.001	39	42	0.04220342630981706
36	0.001	39	4	0.04220342630981706
36	0.001	39	65	0.04220342630981706
36	0.001	39	49	0.023233180525130244
36	0.001	39	60	0.037219585879016234
36	0.001	39	66	0.037219585879016234
36	0.001	39	92	0.023233180525130244
36	0.001	39	40	0.023233180525130244
36	0.001	39	59	0.023233180525130244
36	0.001	39	53	0.023233180525130244
36	0.001	39	69	0.017837468829222835
36	0.001	39	87	0.023233180525130244
36	0.001	39	28	0.023233180525130244
36	0.001	39	30	0.007839556606252912
36	0.001	40	14	0.07371025903733142
36	0.001	40	77	0.07371025903733142
36	0.001	40	96	0.07371025903733142
36	0.001	40	52	0.07371025903733142
36	0.001	40	20	0.05354219502014636
36	0.001	40	65	0.03398668094699034
36	0.001	40	4	0.04091395743789097
36	0.001	40	42	0.04091395743789097
36	0.001	40	6	0.032265175511789736
36	0.001	40	92	0.024433714797652266
36	0.001	40	66	0.024433714797652266
36	0.001	40	60	0.024433714797652266
36	0.001	40	59	0.024433714797652266
36	0.001	40	40	0.024433714797652266
36	0.001	40	69	0.024433714797652266
36	0.001	40	49	0.024433714797652266
36	0.001	40	87	0.024433714797652266
36	0.001	40	53	0.024433714797652266
36	0.001	40	30	0.009769613171882267
36	0.001	40	33	0.024433714797652266
36	0.001	40	28	0.024433714797652266
36	0.001	41	14	0.07828555490556251
36	0.001	41	77	0.07828555490556251
36	0.001	41	96	0.07828555490556251
36	0.001	41	52	0.07828555490556251
36	0.001	41	20	0.07828555490556251
36	0.001	41	65	0.035566243365769155
36	0.001	41	4	0.07828555490556251
36	0.001	41	42	0.07828555490556251
36	0.001	41	6	0.035566243365769155
36	0.001	41	59	0.028358560913578253
36	0.001	41	66	0.035566243365769155
36	0.001	41	60	0.035566243365769155
36	0.001	41	92	0.028358560913578253
36	0.001	41	40	0.028358560913578253
36	0.001	41	28	0.028358560913578253
36	0.001	41	53	0.028358560913578253
36	0.001	41	87	0.028358560913578253
36	0.001	41	49	0.028358560913578253
36	0.001	41	69	0.028358560913578253
36	0.001	41	33	0.028358560913578253
36	0.001	42	14	0.08275964767034506
36	0.001	42	77	0.08275964767034506
36	0.001	42	96	0.08275964767034506
36	0.001	42	52	0.08275964767034506
36	0.001	42	20	0.07073232592445411
36	0.001	42	65	0.03856921002617953
36	0.001	42	4	0.07073232592445411
36	0.001	42	42	0.07073232592445411
36	0.001	42	6	0.03856921002617953
36	0.001	42	66	0.02414333375048781
36	0.001	42	60	0.02414333375048781
36	0.001	42	92	0.02414333375048781
36	0.001	42	40	0.02414333375048781
36	0.001	42	59	0.02414333375048781
36	0.001	42	69	0.02414333375048781
36	0.001	42	49	0.02414333375048781
36	0.001	42	87	0.02414333375048781
36	0.001	42	53	0.02414333375048781
36	0.001	42	88	0.008826435348762375
36	0.001	42	28	0.02414333375048781
36	0.001	42	33	0.02414333375048781
36	0.001	43	14	0.06393668298912586
36	0.001	43	77	0.06393668298912586
36	0.001	43	96	0.06393668298912586
36	0.001	43	52	0.06393668298912586
36	0.001	43	20	0.06393668298912586
36	0.001	43	6	0.0510642940646194
36	0.001	43	4	0.0510642940646194
36	0.001	43	42	0.0510642940646194
36	0.001	43	65	0.03973477579273166
36	0.001	43	66	0.03973477579273166
36	0.001	43	60	0.03973477579273166
36	0.001	43	92	0.03973477579273166
36	0.001	43	59	0.03973477579273166
36	0.001	43	40	0.03973477579273166
36	0.001	43	28	0.03973477579273166
36	0.001	43	69	0.03973477579273166
36	0.001	43	53	0.03973477579273166
36	0.001	43	49	0.03973477579273166
36	0.001	43	87	0.03973477579273166
36	0.001	43	17	0.00716090627865375
36	0.001	43	33	0.03973477579273166
36	0.001	44	14	0.06249796187086315
36	0.001	44	77	0.06249796187086315
36	0.001	44	96	0.06249796187086315
36	0.001	44	52	0.06249796187086315
36	0.001	44	20	0.06249796187086315
36	0.001	44	65	0.04095320155711351
36	0.001	44	4	0.060423814959605304
36	0.001	44	42	0.060423814959605304
36	0.001	44	6	0.04095320155711351
36	0.001	44	92	0.027020759297927518
36	0.001	44	60	0.027020759297927518
36	0.001	44	66	0.027020759297927518
36	0.001	44	59	0.027020759297927518
36	0.001	44	28	0.027020759297927518
36	0.001	44	69	0.027020759297927518
36	0.001	44	49	0.027020759297927518
36	0.001	44	87	0.027020759297927518
36	0.001	44	53	0.027020759297927518
36	0.001	44	40	0.027020759297927518
36	0.001	44	30	0.009217774093378532
36	0.001	44	33	0.027020759297927518
36	0.001	45	14	0.06768630027149082
36	0.001	45	77	0.06768630027149082
36	0.001	45	96	0.06768630027149082
36	0.001	45	52	0.06768630027149082
36	0.001	45	20	0.06711273146680141
36	0.001	45	42	0.04861855062328224
36	0.001	45	4	0.04861855062328224
36	0.001	45	65	0.043887620650203935
36	0.001	45	6	0.043887620650203935
36	0.001	45	92	0.027967964789912106
36	0.001	45	60	0.027991904642378416
36	0.001	45	66	0.027991904642378416
36	0.001	45	40	0.027967964789912106
36	0.001	45	53	0.027967964789912106
36	0.001	45	59	0.027967964789912106
36	0.001	45	69	0.027967964789912106
36	0.001	45	49	0.027967964789912106
36	0.001	45	87	0.027967964789912106
36	0.001	45	28	0.027967964789912106
36	0.001	45	33	0.018778976525869476
36	0.001	46	14	0.08007325022857463
36	0.001	46	77	0.08007325022857463
36	0.001	46	96	0.08007325022857463
36	0.001	46	52	0.08007325022857463
36	0.001	46	20	0.06578301855071032
36	0.001	46	65	0.028971154337400332
36	0.001	46	4	0.06578301855071032
36	0.001	46	42	0.06578301855071032
36	0.001	46	6	0.028971154337400332
36	0.001	46	69	0.028971154337400332
36	0.001	46	60	0.028971154337400332
36	0.001	46	66	0.028971154337400332
36	0.001	46	92	0.028971154337400332
36	0.001	46	40	0.028971154337400332
36	0.001	46	53	0.028971154337400332
36	0.001	46	59	0.028971154337400332
36	0.001	46	87	0.028971154337400332
36	0.001	46	28	0.028971154337400332
36	0.001	46	49	0.028971154337400332
36	0.001	46	33	0.00653782369398333
36	0.001	47	14	0.07006872691727324
36	0.001	47	77	0.07006872691727324
36	0.001	47	96	0.07006872691727324
36	0.001	47	52	0.07006872691727324
36	0.001	47	20	0.07006872691727324
36	0.001	47	65	0.039088425278011776
36	0.001	47	4	0.06101849166716813
36	0.001	47	42	0.06101849166716813
36	0.001	47	6	0.039088425278011776
36	0.001	47	59	0.024927196883105983
36	0.001	47	60	0.024927196883105983
36	0.001	47	66	0.024927196883105983
36	0.001	47	92	0.024927196883105983
36	0.001	47	40	0.024927196883105983
36	0.001	47	28	0.024927196883105983
36	0.001	47	33	0.024927196883105983
36	0.001	47	53	0.024927196883105983
36	0.001	47	49	0.024927196883105983
36	0.001	47	69	0.024927196883105983
36	0.001	47	87	0.024927196883105983
36	0.001	48	96	0.07713504653890506
36	0.001	48	77	0.07713504653890506
36	0.001	48	20	0.04776832466847445
36	0.001	48	52	0.0629733879877281
36	0.001	48	14	0.0629733879877281
36	0.001	48	65	0.04776832466847445
36	0.001	48	42	0.036074945584166365
36	0.001	48	6	0.03014540704928122
36	0.001	48	4	0.03014540704928122
36	0.001	48	60	0.03014540704928122
36	0.001	48	66	0.03014540704928122
36	0.001	48	59	0.03014540704928122
36	0.001	48	40	0.03014540704928122
36	0.001	48	92	0.03014540704928122
36	0.001	48	69	0.03014540704928122
36	0.001	48	87	0.017435733283575987
36	0.001	48	53	0.03014540704928122
36	0.001	48	49	0.03014540704928122
36	0.001	48	33	0.03014540704928122
36	0.001	48	28	0.03014540704928122
36	0.001	49	14	0.06574860249326892
36	0.001	49	77	0.06574860249326892
36	0.001	49	96	0.06574860249326892
36	0.001	49	52	0.06574860249326892
36	0.001	49	20	0.06574860249326892
36	0.001	49	65	0.0494320530626701
36	0.001	49	42	0.0494320530626701
36	0.001	49	4	0.0494320530626701
36	0.001	49	6	0.0494320530626701
36	0.001	49	66	0.030741169390005412
36	0.001	49	60	0.030741169390005412
36	0.001	49	92	0.027978993701835264
36	0.001	49	40	0.027978993701835264
36	0.001	49	53	0.027978993701835264
36	0.001	49	49	0.027978993701835264
36	0.001	49	28	0.027978993701835264
36	0.001	49	59	0.027978993701835264
36	0.001	49	69	0.027978993701835264
36	0.001	49	87	0.027978993701835264
36	0.001	49	30	0.0024021155324655276
36	0.001	49	33	0.027978993701835264
36	0.001	50	14	0.06823925646038972
36	0.001	50	77	0.06823925646038972
36	0.001	50	96	0.06823925646038972
36	0.001	50	52	0.06823925646038972
36	0.001	50	20	0.06823925646038972
36	0.001	50	42	0.05924583392854661
36	0.001	50	4	0.05924583392854661
36	0.001	50	65	0.05924583392854661
36	0.001	50	6	0.05924583392854661
36	0.001	50	40	0.02299506226634194
36	0.001	50	66	0.03558959338564919
36	0.001	50	60	0.03558959338564919
36	0.001	50	69	0.02299506226634194
36	0.001	50	59	0.02299506226634194
36	0.001	50	53	0.02299506226634194
36	0.001	50	49	0.02299506226634194
36	0.001	50	87	0.013391032840147489
36	0.001	50	92	0.013391032840147489
36	0.001	50	33	0.02299506226634194
36	0.001	50	28	0.02299506226634194
36	0.001	51	14	0.09707264833571114
36	0.001	51	52	0.09707264833571114
36	0.001	51	77	0.09707264833571114
36	0.001	51	96	0.09707264833571114
36	0.001	51	20	0.05323606717036181
36	0.001	51	65	0.032671395901196026
36	0.001	51	4	0.05323606717036181
36	0.001	51	42	0.05323606717036181
36	0.001	51	6	0.05323606717036181
36	0.001	51	92	0.032671395901196026
36	0.001	51	60	0.032671395901196026
36	0.001	51	66	0.032671395901196026
36	0.001	51	53	0.032671395901196026
36	0.001	51	28	0.032671395901196026
36	0.001	51	49	0.032671395901196026
36	0.001	51	59	0.032671395901196026
36	0.001	51	40	0.032671395901196026
36	0.001	51	69	0.032671395901196026
36	0.001	51	87	0.032671395901196026
36	0.001	51	33	0.032671395901196026
36	0.001	52	14	0.06607561197647673
36	0.001	52	77	0.06607561197647673
36	0.001	52	96	0.06607561197647673
36	0.001	52	52	0.06607561197647673
36	0.001	52	20	0.05671870074655323
36	0.001	52	65	0.04797862211952205
36	0.001	52	4	0.05135154361500897
36	0.001	52	42	0.05135154361500897
36	0.001	52	6	0.04797862211952205
36	0.001	52	66	0.031914724727524164
36	0.001	52	60	0.031914724727524164
36	0.001	52	59	0.031914724727524164
36	0.001	52	92	0.031914724727524164
36	0.001	52	40	0.031914724727524164
36	0.001	52	28	0.031914724727524164
36	0.001	52	53	0.031914724727524164
36	0.001	52	87	0.031914724727524164
36	0.001	52	69	0.031914724727524164
36	0.001	52	49	0.031914724727524164
36	0.001	52	33	0.031914724727524164
36	0.001	53	14	0.07257716639853902
36	0.001	53	52	0.07257716639853902
36	0.001	53	77	0.07257716639853902
36	0.001	53	96	0.07257716639853902
36	0.001	53	20	0.07257716639853902
36	0.001	53	42	0.06418274476082571
36	0.001	53	4	0.06418274476082571
36	0.001	53	6	0.04627702393148492
36	0.001	53	65	0.04627702393148492
36	0.001	53	66	0.031421455147027204
36	0.001	53	60	0.031421455147027204
36	0.001	53	92	0.02722821251974545
36	0.001	53	59	0.02722821251974545
36	0.001	53	53	0.02722821251974545
36	0.001	53	28	0.02722821251974545
36	0.001	53	40	0.02722821251974545
36	0.001	53	87	0.02722821251974545
36	0.001	53	69	0.02722821251974545
36	0.001	53	49	0.02722821251974545
36	0.001	53	33	0.02722821251974545
36	0.001	54	14	0.06872125807547264
36	0.001	54	77	0.06872125807547264
36	0.001	54	96	0.06872125807547264
36	0.001	54	52	0.06872125807547264
36	0.001	54	20	0.06872125807547264
36	0.001	54	65	0.04064950303815976
36	0.001	54	4	0.06391319454920766
36	0.001	54	42	0.06391319454920766
36	0.001	54	6	0.04064950303815976
36	0.001	54	66	0.036749539301412816
36	0.001	54	60	0.036749539301412816
36	0.001	54	59	0.025737074312126733
36	0.001	54	69	0.025737074312126733
36	0.001	54	49	0.025737074312126733
36	0.001	54	40	0.025737074312126733
36	0.001	54	92	0.025737074312126733
36	0.001	54	87	0.025737074312126733
36	0.001	54	53	0.025737074312126733
36	0.001	54	30	0.009213040473955401
36	0.001	54	33	0.016893455271969983
36	0.001	54	28	0.016893455271969983
36	0.001	55	96	0.07782187004890044
36	0.001	55	77	0.07782187004890044
36	0.001	55	14	0.06101876223206204
36	0.001	55	52	0.06101876223206204
36	0.001	55	20	0.053892698190006236
36	0.001	55	65	0.053892698190006236
36	0.001	55	42	0.053892698190006236
36	0.001	55	4	0.053892698190006236
36	0.001	55	6	0.03586690462897883
36	0.001	55	66	0.03586690462897883
36	0.001	55	60	0.03586690462897883
36	0.001	55	92	0.03586690462897883
36	0.001	55	53	0.03586690462897883
36	0.001	55	69	0.03586690462897883
36	0.001	55	49	0.03586690462897883
36	0.001	55	87	0.03586690462897883
36	0.001	55	59	0.03586690462897883
36	0.001	55	28	0.03586690462897883
36	0.001	55	17	0.0018437885279214777
36	0.001	55	30	0.006130289517286559
36	0.001	55	33	0.006130289517286559
36	0.001	56	14	0.06936002304166668
36	0.001	56	77	0.06936002304166668
36	0.001	56	96	0.06936002304166668
36	0.001	56	52	0.06936002304166668
36	0.001	56	20	0.0661615355291554
36	0.001	56	65	0.049643913495367925
36	0.001	56	4	0.049643913495367925
36	0.001	56	42	0.049643913495367925
36	0.001	56	6	0.049643913495367925
36	0.001	56	66	0.028542049129365206
36	0.001	56	60	0.028542049129365206
36	0.001	56	92	0.02771954546130501
36	0.001	56	40	0.02771954546130501
36	0.001	56	53	0.02771954546130501
36	0.001	56	69	0.02771954546130501
36	0.001	56	49	0.02771954546130501
36	0.001	56	59	0.02771954546130501
36	0.001	56	28	0.02771954546130501
36	0.001	56	87	0.02771954546130501
36	0.001	56	33	0.015925982623147112
36	0.001	57	14	0.06742385224644418
36	0.001	57	77	0.06742385224644418
36	0.001	57	96	0.06742385224644418
36	0.001	57	52	0.06742385224644418
36	0.001	57	20	0.06742385224644418
36	0.001	57	65	0.033018123498261706
36	0.001	57	4	0.06742385224644418
36	0.001	57	42	0.06742385224644418
36	0.001	57	6	0.033018123498261706
36	0.001	57	59	0.023647697688512985
36	0.001	57	60	0.027806331412459
36	0.001	57	66	0.027806331412459
36	0.001	57	92	0.023647697688512985
36	0.001	57	40	0.023647697688512985
36	0.001	57	53	0.023647697688512985
36	0.001	57	28	0.023647697688512985
36	0.001	57	87	0.023647697688512985
36	0.001	57	49	0.023647697688512985
36	0.001	57	69	0.023647697688512985
36	0.001	57	33	0.023647697688512985
36	0.001	58	14	0.08181690425967367
36	0.001	58	20	0.07002255135419813
36	0.001	58	77	0.08181690425967367
36	0.001	58	96	0.08181690425967367
36	0.001	58	52	0.07002255135419813
36	0.001	58	42	0.056907804837966654
36	0.001	58	4	0.056907804837966654
36	0.001	58	65	0.03573771608302284
36	0.001	58	6	0.03573771608302284
36	0.001	58	59	0.025677038654791554
36	0.001	58	60	0.032108037686571354
36	0.001	58	66	0.032108037686571354
36	0.001	58	69	0.025677038654791554
36	0.001	58	92	0.025677038654791554
36	0.001	58	53	0.025677038654791554
36	0.001	58	40	0.025677038654791554
36	0.001	58	49	0.025677038654791554
36	0.001	58	87	0.025677038654791554
36	0.001	58	28	0.025677038654791554
36	0.001	58	33	0.025677038654791554
36	0.001	59	14	0.07457336053423375
36	0.001	59	77	0.07457336053423375
36	0.001	59	96	0.07457336053423375
36	0.001	59	52	0.07457336053423375
36	0.001	59	20	0.05562741290450797
36	0.001	59	42	0.04341515668600549
36	0.001	59	4	0.04341515668600549
36	0.001	59	6	0.04341515668600549
36	0.001	59	65	0.04341515668600549
36	0.001	59	69	0.035767023703737064
36	0.001	59	66	0.035767023703737064
36	0.001	59	60	0.035767023703737064
36	0.001	59	92	0.035767023703737064
36	0.001	59	40	0.035767023703737064
36	0.001	59	49	0.035767023703737064
36	0.001	59	59	0.017452439012695435
36	0.001	59	87	0.035767023703737064
36	0.001	59	53	0.035767023703737064
36	0.001	59	28	0.017452439012695435
36	0.001	59	33	0.017452439012695435
36	0.001	60	14	0.06928156093040087
36	0.001	60	96	0.06928156093040087
36	0.001	60	77	0.06928156093040087
36	0.001	60	52	0.06928156093040087
36	0.001	60	20	0.06928156093040087
36	0.001	60	42	0.05156636858278096
36	0.001	60	4	0.05156636858278096
36	0.001	60	65	0.03706931633080347
36	0.001	60	6	0.03706931633080347
36	0.001	60	66	0.031228224303125177
36	0.001	60	60	0.031228224303125177
36	0.001	60	92	0.026492213347436518
36	0.001	60	49	0.026492213347436518
36	0.001	60	40	0.026492213347436518
36	0.001	60	53	0.026492213347436518
36	0.001	60	59	0.026492213347436518
36	0.001	60	87	0.026492213347436518
36	0.001	60	69	0.026492213347436518
36	0.001	60	33	0.019333134296992356
36	0.001	60	28	0.019333134296992356
36	0.001	61	14	0.06491958367166045
36	0.001	61	77	0.06491958367166045
36	0.001	61	96	0.06491958367166045
36	0.001	61	52	0.06491958367166045
36	0.001	61	20	0.05875070038437777
36	0.001	61	65	0.041070177523023985
36	0.001	61	4	0.05631839277765368
36	0.001	61	42	0.05631839277765368
36	0.001	61	6	0.041070177523023985
36	0.001	61	66	0.03244742835199597
36	0.001	61	60	0.03244742835199597
36	0.001	61	59	0.02348568639310874
36	0.001	61	92	0.02869881462906666
36	0.001	61	40	0.02869881462906666
36	0.001	61	53	0.02869881462906666
36	0.001	61	49	0.02869881462906666
36	0.001	61	69	0.02869881462906666
36	0.001	61	87	0.02869881462906666
36	0.001	61	28	0.02348568639310874
36	0.001	61	33	0.02348568639310874
36	0.001	62	14	0.07258954992437446
36	0.001	62	77	0.07258954992437446
36	0.001	62	96	0.07258954992437446
36	0.001	62	52	0.07258954992437446
36	0.001	62	20	0.06149112369935154
36	0.001	62	65	0.02908435146673386
36	0.001	62	4	0.042746092248853985
36	0.001	62	42	0.042746092248853985
36	0.001	62	6	0.042746092248853985
36	0.001	62	59	0.021339014098207976
36	0.001	62	60	0.02908435146673386
36	0.001	62	66	0.02908435146673386
36	0.001	62	92	0.021339014098207976
36	0.001	62	40	0.021339014098207976
36	0.001	62	53	0.021339014098207976
36	0.001	62	69	0.021339014098207976
36	0.001	62	49	0.021339014098207976
36	0.001	62	87	0.021339014098207976
36	0.001	62	33	0.021339014098207976
36	0.001	62	28	0.021339014098207976
36	0.001	63	14	0.07580842658663409
36	0.001	63	52	0.07580842658663409
36	0.001	63	77	0.07580842658663409
36	0.001	63	96	0.07580842658663409
36	0.001	63	20	0.07580842658663409
36	0.001	63	42	0.05617252992991087
36	0.001	63	4	0.05617252992991087
36	0.001	63	6	0.043004606618530505
36	0.001	63	65	0.043004606618530505
36	0.001	63	92	0.02348615458823489
36	0.001	63	60	0.02658329927330676
36	0.001	63	66	0.02658329927330676
36	0.001	63	59	0.02348615458823489
36	0.001	63	28	0.02348615458823489
36	0.001	63	69	0.02348615458823489
36	0.001	63	49	0.02348615458823489
36	0.001	63	53	0.02348615458823489
36	0.001	63	87	0.02348615458823489
36	0.001	63	40	0.02348615458823489
36	0.001	63	33	0.02348615458823489
36	0.001	64	14	0.07018623094691083
36	0.001	64	77	0.07018623094691083
36	0.001	64	96	0.07018623094691083
36	0.001	64	52	0.07018623094691083
36	0.001	64	20	0.07018623094691083
36	0.001	64	42	0.0590938451272383
36	0.001	64	4	0.0590938451272383
36	0.001	64	65	0.04870074100083389
36	0.001	64	6	0.04870074100083389
36	0.001	64	66	0.03170448425835952
36	0.001	64	60	0.03170448425835952
36	0.001	64	69	0.020912095809477196
36	0.001	64	59	0.020912095809477196
36	0.001	64	92	0.020912095809477196
36	0.001	64	28	0.020912095809477196
36	0.001	64	40	0.020912095809477196
36	0.001	64	53	0.020912095809477196
36	0.001	64	49	0.020912095809477196
36	0.001	64	33	0.020912095809477196
36	0.001	64	87	0.020912095809477196
36	0.001	65	14	0.07308900497279515
36	0.001	65	77	0.07308900497279515
36	0.001	65	96	0.07308900497279515
36	0.001	65	52	0.07308900497279515
36	0.001	65	20	0.07308900497279515
36	0.001	65	65	0.046827644435061995
36	0.001	65	4	0.046827644435061995
36	0.001	65	42	0.046827644435061995
36	0.001	65	6	0.046827644435061995
36	0.001	65	66	0.04456188822388367
36	0.001	65	60	0.04456188822388367
36	0.001	65	53	0.01911217682744078
36	0.001	65	69	0.01911217682744078
36	0.001	65	49	0.01911217682744078
36	0.001	65	92	0.01911217682744078
36	0.001	65	59	0.015216715959261511
36	0.001	65	40	0.01911217682744078
36	0.001	65	28	0.015216715959261511
36	0.001	65	87	0.01911217682744078
36	0.001	65	30	0.01911217682744078
36	0.001	65	33	0.015216715959261511
36	0.001	66	14	0.0793378572520484
36	0.001	66	52	0.0793378572520484
36	0.001	66	77	0.0793378572520484
36	0.001	66	96	0.0793378572520484
36	0.001	66	20	0.06542377985774811
36	0.001	66	65	0.030269731195098265
36	0.001	66	4	0.06121197036508526
36	0.001	66	42	0.06121197036508526
36	0.001	66	6	0.030269731195098265
36	0.001	66	49	0.02306372386391235
36	0.001	66	60	0.02306372386391235
36	0.001	66	66	0.02306372386391235
36	0.001	66	40	0.02306372386391235
36	0.001	66	92	0.02306372386391235
36	0.001	66	59	0.02306372386391235
36	0.001	66	69	0.02306372386391235
36	0.001	66	53	0.02306372386391235
36	0.001	66	87	0.02306372386391235
36	0.001	66	28	0.02306372386391235
36	0.001	66	33	0.015623155532573138
36	0.001	67	14	0.06795824358737616
36	0.001	67	77	0.06795824358737616
36	0.001	67	96	0.06795824358737616
36	0.001	67	52	0.06795824358737616
36	0.001	67	20	0.058518105177441986
36	0.001	67	65	0.0395293607470183
36	0.001	67	4	0.04824142242852878
36	0.001	67	42	0.04824142242852878
36	0.001	67	6	0.0395293607470183
36	0.001	67	59	0.028229830008079253
36	0.001	67	66	0.03301215811544037
36	0.001	67	60	0.03301215811544037
36	0.001	67	92	0.03301215811544037
36	0.001	67	40	0.03301215811544037
36	0.001	67	49	0.03301215811544037
36	0.001	67	53	0.03301215811544037
36	0.001	67	28	0.028229830008079253
36	0.001	67	87	0.03301215811544037
36	0.001	67	69	0.03301215811544037
36	0.001	67	33	0.028229830008079253
36	0.001	68	14	0.07300164364697934
36	0.001	68	52	0.07300164364697934
36	0.001	68	96	0.07300164364697934
36	0.001	68	77	0.07300164364697934
36	0.001	68	20	0.07300164364697934
36	0.001	68	42	0.05567885319594375
36	0.001	68	4	0.05567885319594375
36	0.001	68	6	0.037691998275393525
36	0.001	68	65	0.037691998275393525
36	0.001	68	59	0.024667981754741462
36	0.001	68	60	0.028464055609227833
36	0.001	68	66	0.028464055609227833
36	0.001	68	92	0.024667981754741462
36	0.001	68	53	0.024667981754741462
36	0.001	68	28	0.024667981754741462
36	0.001	68	40	0.024667981754741462
36	0.001	68	87	0.024667981754741462
36	0.001	68	49	0.024667981754741462
36	0.001	68	69	0.024667981754741462
36	0.001	68	33	0.024667981754741462
36	0.001	69	14	0.06885115801737178
36	0.001	69	77	0.06885115801737178
36	0.001	69	96	0.06885115801737178
36	0.001	69	52	0.06885115801737178
36	0.001	69	20	0.06260533013588367
36	0.001	69	65	0.04555565657273383
36	0.001	69	4	0.0533283242878365
36	0.001	69	42	0.0533283242878365
36	0.001	69	6	0.04555565657273383
36	0.001	69	92	0.024211948404244774
36	0.001	69	60	0.028600734222683947
36	0.001	69	66	0.028600734222683947
36	0.001	69	59	0.024211948404244774
36	0.001	69	40	0.024211948404244774
36	0.001	69	28	0.024211948404244774
36	0.001	69	53	0.024211948404244774
36	0.001	69	87	0.02388099422067823
36	0.001	69	49	0.024211948404244774
36	0.001	69	69	0.024211948404244774
36	0.001	69	33	0.024211948404244774
36	0.001	70	14	0.07299749079573166
36	0.001	70	77	0.07299749079573166
36	0.001	70	96	0.07299749079573166
36	0.001	70	52	0.07299749079573166
36	0.001	70	20	0.07299749079573166
36	0.001	70	65	0.04614506334223326
36	0.001	70	4	0.04614506334223326
36	0.001	70	42	0.04614506334223326
36	0.001	70	6	0.04614506334223326
36	0.001	70	66	0.020682983859427528
36	0.001	70	60	0.020682983859427528
36	0.001	70	92	0.020682983859427528
36	0.001	70	28	0.020682983859427528
36	0.001	70	40	0.020682983859427528
36	0.001	70	59	0.020682983859427528
36	0.001	70	53	0.020682983859427528
36	0.001	70	49	0.020682983859427528
36	0.001	70	69	0.020682983859427528
36	0.001	70	87	0.020682983859427528
36	0.001	70	33	0.01591310867879384
36	0.001	71	14	0.0720786236400902
36	0.001	71	77	0.0720786236400902
36	0.001	71	96	0.0720786236400902
36	0.001	71	52	0.0720786236400902
36	0.001	71	20	0.05734827173629202
36	0.001	71	65	0.05008429136812353
36	0.001	71	42	0.05008429136812353
36	0.001	71	4	0.05008429136812353
36	0.001	71	6	0.05008429136812353
36	0.001	71	69	0.026067405648442506
36	0.001	71	60	0.038134876538710435
36	0.001	71	66	0.038134876538710435
36	0.001	71	49	0.026067405648442506
36	0.001	71	53	0.026067405648442506
36	0.001	71	40	0.026067405648442506
36	0.001	71	92	0.026067405648442506
36	0.001	71	59	0.026067405648442506
36	0.001	71	28	0.026067405648442506
36	0.001	71	87	0.026067405648442506
36	0.001	71	33	0.013522198836565127
36	0.001	72	14	0.07567541947872507
36	0.001	72	77	0.07567541947872507
36	0.001	72	96	0.07567541947872507
36	0.001	72	52	0.07567541947872507
36	0.001	72	20	0.07143938234446223
36	0.001	72	65	0.03600465887876989
36	0.001	72	4	0.07143938234446223
36	0.001	72	42	0.07143938234446223
36	0.001	72	6	0.03600465887876989
36	0.001	72	60	0.03144398856315768
36	0.001	72	66	0.03144398856315768
36	0.001	72	92	0.030323283087493158
36	0.001	72	40	0.030323283087493158
36	0.001	72	59	0.030323283087493158
36	0.001	72	53	0.030323283087493158
36	0.001	72	49	0.030323283087493158
36	0.001	72	69	0.030323283087493158
36	0.001	72	87	0.030323283087493158
36	0.001	72	28	0.030323283087493158
36	0.001	72	33	0.004361414063992835
36	0.001	73	14	0.06922468681156752
36	0.001	73	77	0.06922468681156752
36	0.001	73	96	0.06922468681156752
36	0.001	73	52	0.06922468681156752
36	0.001	73	20	0.06922468681156752
36	0.001	73	42	0.054370045558543606
36	0.001	73	4	0.054370045558543606
36	0.001	73	65	0.043224548339817315
36	0.001	73	6	0.043224548339817315
36	0.001	73	92	0.02342032853994812
36	0.001	73	66	0.02693790564711991
36	0.001	73	60	0.02693790564711991
36	0.001	73	49	0.02342032853994812
36	0.001	73	28	0.02342032853994812
36	0.001	73	59	0.02342032853994812
36	0.001	73	69	0.02342032853994812
36	0.001	73	53	0.02342032853994812
36	0.001	73	40	0.02342032853994812
36	0.001	73	87	0.02342032853994812
36	0.001	73	30	0.007828870817261677
36	0.001	73	33	0.02342032853994812
36	0.001	74	14	0.06440731052547313
36	0.001	74	52	0.06440731052547313
36	0.001	74	77	0.06440731052547313
36	0.001	74	96	0.06440731052547313
36	0.001	74	20	0.0566120127359896
36	0.001	74	65	0.02906773927678462
36	0.001	74	4	0.0566120127359896
36	0.001	74	42	0.0566120127359896
36	0.001	74	6	0.048670860447788525
36	0.001	74	59	0.02906773927678462
36	0.001	74	60	0.02906773927678462
36	0.001	74	66	0.02906773927678462
36	0.001	74	92	0.02906773927678462
36	0.001	74	40	0.02906773927678462
36	0.001	74	53	0.02906773927678462
36	0.001	74	28	0.02906773927678462
36	0.001	74	87	0.02906773927678462
36	0.001	74	49	0.02906773927678462
36	0.001	74	69	0.02906773927678462
36	0.001	74	33	0.02906773927678462
36	0.001	75	14	0.0887314063529311
36	0.001	75	77	0.0887314063529311
36	0.001	75	96	0.0887314063529311
36	0.001	75	52	0.0887314063529311
36	0.001	75	20	0.05422330922612474
36	0.001	75	65	0.03441059616875166
36	0.001	75	4	0.05422330922612474
36	0.001	75	42	0.05422330922612474
36	0.001	75	6	0.05422330922612474
36	0.001	75	59	0.028912022494673485
36	0.001	75	60	0.028912022494673485
36	0.001	75	66	0.028912022494673485
36	0.001	75	92	0.028912022494673485
36	0.001	75	40	0.028912022494673485
36	0.001	75	69	0.028912022494673485
36	0.001	75	53	0.028912022494673485
36	0.001	75	49	0.015635659781066534
36	0.001	75	87	0.015635659781066534
36	0.001	75	33	0.015635659781066534
36	0.001	75	28	0.015635659781066534
36	0.001	76	14	0.07183500784933643
36	0.001	76	77	0.07183500784933643
36	0.001	76	96	0.07183500784933643
36	0.001	76	52	0.07183500784933643
36	0.001	76	20	0.07183500784933643
36	0.001	76	42	0.047316825873502145
36	0.001	76	4	0.047316825873502145
36	0.001	76	65	0.04660086261077453
36	0.001	76	6	0.04660086261077453
36	0.001	76	66	0.030845532063443416
36	0.001	76	60	0.030845532063443416
36	0.001	76	92	0.030845532063443416
36	0.001	76	59	0.030845532063443416
36	0.001	76	49	0.030845532063443416
36	0.001	76	53	0.030845532063443416
36	0.001	76	40	0.030845532063443416
36	0.001	76	69	0.030845532063443416
36	0.001	76	28	0.030845532063443416
36	0.001	76	33	0.030845532063443416
36	0.001	76	87	0.030845532063443416
36	0.001	77	14	0.0723538355781908
36	0.001	77	77	0.0723538355781908
36	0.001	77	96	0.0723538355781908
36	0.001	77	52	0.0723538355781908
36	0.001	77	20	0.053825287933765696
36	0.001	77	65	0.05043582076923358
36	0.001	77	4	0.05043582076923358
36	0.001	77	42	0.05043582076923358
36	0.001	77	6	0.05043582076923358
36	0.001	77	59	0.02188191337763157
36	0.001	77	60	0.02188191337763157
36	0.001	77	66	0.02188191337763157
36	0.001	77	40	0.02188191337763157
36	0.001	77	92	0.02188191337763157
36	0.001	77	49	0.02188191337763157
36	0.001	77	28	0.02188191337763157
36	0.001	77	53	0.02188191337763157
36	0.001	77	87	0.02188191337763157
36	0.001	77	69	0.02188191337763157
36	0.001	77	33	0.02188191337763157
36	0.001	78	14	0.07507139790737304
36	0.001	78	52	0.07507139790737304
36	0.001	78	77	0.07507139790737304
36	0.001	78	96	0.07507139790737304
36	0.001	78	20	0.05671610997287431
36	0.001	78	42	0.049046537388131674
36	0.001	78	4	0.049046537388131674
36	0.001	78	65	0.04317396339080448
36	0.001	78	6	0.04317396339080448
36	0.001	78	92	0.03561417583757987
36	0.001	78	60	0.03561417583757987
36	0.001	78	66	0.03561417583757987
36	0.001	78	59	0.03561417583757987
36	0.001	78	69	0.03561417583757987
36	0.001	78	40	0.03561417583757987
36	0.001	78	49	0.03561417583757987
36	0.001	78	87	0.03561417583757987
36	0.001	78	53	0.03561417583757987
36	0.001	78	28	0.03561417583757987
36	0.001	78	33	0.03561417583757987
36	0.001	79	14	0.06573718376152778
36	0.001	79	77	0.06573718376152778
36	0.001	79	96	0.06573718376152778
36	0.001	79	52	0.06573718376152778
36	0.001	79	20	0.06455662290962126
36	0.001	79	4	0.04976862029210966
36	0.001	79	42	0.04976862029210966
36	0.001	79	65	0.047968489490574376
36	0.001	79	6	0.047968489490574376
36	0.001	79	92	0.02549397663076341
36	0.001	79	66	0.029715892728394422
36	0.001	79	60	0.029715892728394422
36	0.001	79	40	0.02549397663076341
36	0.001	79	53	0.02549397663076341
36	0.001	79	28	0.02549397663076341
36	0.001	79	59	0.02549397663076341
36	0.001	79	87	0.02549397663076341
36	0.001	79	33	0.014577995614396126
36	0.001	79	69	0.02549397663076341
36	0.001	79	49	0.02549397663076341
36	0.001	80	14	0.0794267669707259
36	0.001	80	77	0.0794267669707259
36	0.001	80	96	0.0794267669707259
36	0.001	80	52	0.0794267669707259
36	0.001	80	20	0.06485597121090693
36	0.001	80	65	0.02762593387115154
36	0.001	80	42	0.06485597121090693
36	0.001	80	4	0.06485597121090693
36	0.001	80	6	0.041634972353787554
36	0.001	80	92	0.018636982833145254
36	0.001	80	66	0.02762593387115154
36	0.001	80	60	0.02762593387115154
36	0.001	80	40	0.018636982833145254
36	0.001	80	59	0.018636982833145254
36	0.001	80	53	0.018636982833145254
36	0.001	80	28	0.018636982833145254
36	0.001	80	33	0.018636982833145254
36	0.001	80	87	0.012090016139983579
36	0.001	80	35	0.009196284345325953
36	0.001	80	69	0.012090016139983579
36	0.001	80	49	0.012090016139983579
36	0.001	81	14	0.06558892209034586
36	0.001	81	77	0.06558892209034586
36	0.001	81	96	0.06558892209034586
36	0.001	81	52	0.06558892209034586
36	0.001	81	20	0.06558892209034586
36	0.001	81	42	0.05923576198383473
36	0.001	81	4	0.05923576198383473
36	0.001	81	65	0.03704467183228654
36	0.001	81	6	0.03704467183228654
36	0.001	81	60	0.030161918423580878
36	0.001	81	66	0.030161918423580878
36	0.001	81	59	0.030161918423580878
36	0.001	81	92	0.030161918423580878
36	0.001	81	49	0.030161918423580878
36	0.001	81	69	0.030161918423580878
36	0.001	81	53	0.030161918423580878
36	0.001	81	40	0.030161918423580878
36	0.001	81	87	0.030161918423580878
36	0.001	81	33	0.030161918423580878
36	0.001	81	28	0.030161918423580878
36	0.001	82	14	0.0702601100002634
36	0.001	82	77	0.0702601100002634
36	0.001	82	96	0.0702601100002634
36	0.001	82	52	0.0702601100002634
36	0.001	82	20	0.0702601100002634
36	0.001	82	42	0.06333452065773011
36	0.001	82	4	0.06333452065773011
36	0.001	82	65	0.03656608484898728
36	0.001	82	6	0.03656608484898728
36	0.001	82	66	0.036033747208014714
36	0.001	82	60	0.036033747208014714
36	0.001	82	59	0.036033747208014714
36	0.001	82	53	0.036033747208014714
36	0.001	82	92	0.036033747208014714
36	0.001	82	69	0.036033747208014714
36	0.001	82	49	0.036033747208014714
36	0.001	82	28	0.036033747208014714
36	0.001	82	40	0.036033747208014714
36	0.001	82	87	0.036033747208014714
36	0.001	82	33	0.036033747208014714
36	0.001	83	14	0.06852754658485934
36	0.001	83	52	0.06852754658485934
36	0.001	83	77	0.06852754658485934
36	0.001	83	96	0.06852754658485934
36	0.001	83	20	0.06852754658485934
36	0.001	83	42	0.057612244663668495
36	0.001	83	4	0.057612244663668495
36	0.001	83	6	0.04824045936766082
36	0.001	83	65	0.026664262191748396
36	0.001	83	59	0.025980267321984878
36	0.001	83	60	0.026664262191748396
36	0.001	83	66	0.026664262191748396
36	0.001	83	40	0.025980267321984878
36	0.001	83	92	0.025980267321984878
36	0.001	83	53	0.025980267321984878
36	0.001	83	69	0.025980267321984878
36	0.001	83	49	0.025980267321984878
36	0.001	83	87	0.01917544661949181
36	0.001	83	33	0.01917544661949181
36	0.001	83	28	0.01917544661949181
36	0.001	84	14	0.09340237632388802
36	0.001	84	77	0.09340237632388802
36	0.001	84	96	0.09340237632388802
36	0.001	84	52	0.09340237632388802
36	0.001	84	20	0.05759049458929359
36	0.001	84	65	0.04120009154405065
36	0.001	84	4	0.05759049458929359
36	0.001	84	42	0.05759049458929359
36	0.001	84	6	0.04120009154405065
36	0.001	84	92	0.026261535962625343
36	0.001	84	60	0.026261535962625343
36	0.001	84	66	0.026261535962625343
36	0.001	84	53	0.017578858825256137
36	0.001	84	28	0.017578858825256137
36	0.001	84	59	0.017578858825256137
36	0.001	84	87	0.017578858825256137
36	0.001	84	40	0.017578858825256137
36	0.001	84	49	0.017578858825256137
36	0.001	84	69	0.017578858825256137
36	0.001	84	33	0.017578858825256137
36	0.001	85	14	0.09538240804023945
36	0.001	85	77	0.09538240804023945
36	0.001	85	96	0.09538240804023945
36	0.001	85	52	0.09538240804023945
36	0.001	85	20	0.09538240804023945
36	0.001	85	42	0.09538240804023945
36	0.001	85	4	0.09538240804023945
36	0.001	85	65	0.028027036022216772
36	0.001	85	6	0.028027036022216772
36	0.001	85	92	0.028027036022216772
36	0.001	85	66	0.028027036022216772
36	0.001	85	60	0.028027036022216772
36	0.001	85	59	0.024978666364036253
36	0.001	85	53	0.028027036022216772
36	0.001	85	40	0.028027036022216772
36	0.001	85	28	0.024978666364036253
36	0.001	85	87	0.028027036022216772
36	0.001	85	49	0.028027036022216772
36	0.001	85	69	0.028027036022216772
36	0.001	85	33	0.024978666364036253
36	0.001	86	14	0.06137302453885852
36	0.001	86	77	0.06137302453885852
36	0.001	86	96	0.06137302453885852
36	0.001	86	52	0.06137302453885852
36	0.001	86	20	0.06137302453885852
36	0.001	86	65	0.046770163243007805
36	0.001	86	4	0.05530253993045099
36	0.001	86	42	0.05530253993045099
36	0.001	86	6	0.046770163243007805
36	0.001	86	59	0.021833988141161623
36	0.001	86	60	0.025063997161497216
36	0.001	86	66	0.025063997161497216
36	0.001	86	92	0.021833988141161623
36	0.001	86	69	0.021833988141161623
36	0.001	86	40	0.021833988141161623
36	0.001	86	49	0.021833988141161623
36	0.001	86	53	0.021833988141161623
36	0.001	86	87	0.01933518745095453
36	0.001	86	30	0.012172673176469419
36	0.001	86	33	0.021833988141161623
36	0.001	86	28	0.021833988141161623
36	0.001	87	14	0.07097615293661327
36	0.001	87	77	0.07097615293661327
36	0.001	87	96	0.07097615293661327
36	0.001	87	52	0.07097615293661327
36	0.001	87	20	0.07097615293661327
36	0.001	87	65	0.04430958289952597
36	0.001	87	4	0.05234575855381171
36	0.001	87	42	0.05234575855381171
36	0.001	87	6	0.04430958289952597
36	0.001	87	66	0.028670556761948397
36	0.001	87	60	0.028670556761948397
36	0.001	87	92	0.028670556761948397
36	0.001	87	59	0.028670556761948397
36	0.001	87	40	0.028670556761948397
36	0.001	87	53	0.028670556761948397
36	0.001	87	69	0.028670556761948397
36	0.001	87	49	0.028670556761948397
36	0.001	87	87	0.028670556761948397
36	0.001	87	28	0.028670556761948397
36	0.001	87	33	0.028670556761948397
36	0.001	88	14	0.06440205760683274
36	0.001	88	77	0.06440205760683274
36	0.001	88	96	0.06440205760683274
36	0.001	88	52	0.06440205760683274
36	0.001	88	20	0.05638038559071714
36	0.001	88	65	0.04490284105915178
36	0.001	88	4	0.05036332249032499
36	0.001	88	42	0.05036332249032499
36	0.001	88	6	0.04490284105915178
36	0.001	88	49	0.03118951145023008
36	0.001	88	66	0.03118951145023008
36	0.001	88	60	0.03118951145023008
36	0.001	88	92	0.03118951145023008
36	0.001	88	59	0.03118951145023008
36	0.001	88	40	0.03118951145023008
36	0.001	88	69	0.03118951145023008
36	0.001	88	28	0.03118951145023008
36	0.001	88	87	0.03118951145023008
36	0.001	88	53	0.03118951145023008
36	0.001	88	30	0.009311164734675038
36	0.001	88	33	0.03118951145023008
36	0.001	89	14	0.09350625961771633
36	0.001	89	77	0.09350625961771633
36	0.001	89	96	0.09350625961771633
36	0.001	89	52	0.09350625961771633
36	0.001	89	20	0.05523611962931804
36	0.001	89	65	0.03145122181358318
36	0.001	89	4	0.05523611962931804
36	0.001	89	42	0.05523611962931804
36	0.001	89	6	0.05523611962931804
36	0.001	89	60	0.03145122181358318
36	0.001	89	66	0.03145122181358318
36	0.001	89	40	0.02181292637159291
36	0.001	89	92	0.02181292637159291
36	0.001	89	53	0.02181292637159291
36	0.001	89	69	0.02181292637159291
36	0.001	89	87	0.02181292637159291
36	0.001	89	49	0.02181292637159291
36	0.001	89	88	0.008625043118776522
36	0.001	89	59	0.02181292637159291
36	0.001	89	33	0.02181292637159291
36	0.001	90	14	0.06752241499339212
36	0.001	90	96	0.06752241499339212
36	0.001	90	77	0.06752241499339212
36	0.001	90	52	0.06752241499339212
36	0.001	90	20	0.06752241499339212
36	0.001	90	65	0.030086793934647117
36	0.001	90	4	0.06217549027878072
36	0.001	90	42	0.06217549027878072
36	0.001	90	6	0.030086793934647117
36	0.001	90	66	0.030086793934647117
36	0.001	90	60	0.030086793934647117
36	0.001	90	59	0.0282304119728218
36	0.001	90	53	0.0282304119728218
36	0.001	90	49	0.0282304119728218
36	0.001	90	28	0.0282304119728218
36	0.001	90	40	0.0282304119728218
36	0.001	90	87	0.0282304119728218
36	0.001	90	69	0.0282304119728218
36	0.001	90	92	0.0282304119728218
36	0.001	90	33	0.0282304119728218
36	0.001	91	14	0.0639565815890815
36	0.001	91	77	0.0639565815890815
36	0.001	91	96	0.0639565815890815
36	0.001	91	52	0.0639565815890815
36	0.001	91	20	0.05790350114792619
36	0.001	91	65	0.03679825791320686
36	0.001	91	4	0.05756971463800182
36	0.001	91	42	0.05756971463800182
36	0.001	91	6	0.04245176968449352
36	0.001	91	66	0.023901762866604614
36	0.001	91	60	0.023901762866604614
36	0.001	91	92	0.023901762866604614
36	0.001	91	59	0.023901762866604614
36	0.001	91	53	0.023901762866604614
36	0.001	91	69	0.023901762866604614
36	0.001	91	40	0.023901762866604614
36	0.001	91	28	0.023901762866604614
36	0.001	91	33	0.023901762866604614
36	0.001	91	87	0.023901762866604614
36	0.001	91	49	0.01316421844822483
36	0.001	92	14	0.10543514876270703
36	0.001	92	77	0.10543514876270703
36	0.001	92	96	0.10543514876270703
36	0.001	92	52	0.10543514876270703
36	0.001	92	20	0.05939924121403992
36	0.001	92	65	0.05939924121403992
36	0.001	92	4	0.05939924121403992
36	0.001	92	42	0.05939924121403992
36	0.001	92	6	0.05939924121403992
36	0.001	92	92	0.025842563771320926
36	0.001	92	60	0.02859112224736975
36	0.001	92	66	0.02859112224736975
36	0.001	92	69	0.025842563771320926
36	0.001	92	49	0.025842563771320926
36	0.001	92	40	0.025842563771320926
36	0.001	92	87	0.017506248374631328
36	0.001	92	30	0.017506248374631328
36	0.001	92	53	0.017506248374631328
36	0.001	92	59	0.017506248374631328
36	0.001	92	33	0.004692350981886327
36	0.001	93	14	0.07723263021471509
36	0.001	93	77	0.07723263021471509
36	0.001	93	96	0.07723263021471509
36	0.001	93	52	0.07723263021471509
36	0.001	93	20	0.052711093888170135
36	0.001	93	65	0.04083763154051992
36	0.001	93	4	0.041550526061039234
36	0.001	93	42	0.041550526061039234
36	0.001	93	6	0.04083763154051992
36	0.001	93	59	0.016317651730523745
36	0.001	93	60	0.027113331822619765
36	0.001	93	66	0.027113331822619765
36	0.001	93	49	0.016317651730523745
36	0.001	93	92	0.016317651730523745
36	0.001	93	53	0.016317651730523745
36	0.001	93	40	0.016317651730523745
36	0.001	93	69	0.016317651730523745
36	0.001	93	87	0.016317651730523745
36	0.001	93	33	0.016317651730523745
36	0.001	93	28	0.016317651730523745
36	0.001	94	14	0.10480294333234892
36	0.001	94	77	0.10480294333234892
36	0.001	94	96	0.10480294333234892
36	0.001	94	52	0.10480294333234892
36	0.001	94	42	0.04875218893998697
36	0.001	94	6	0.04875218893998697
36	0.001	94	65	0.04875218893998697
36	0.001	94	4	0.04875218893998697
36	0.001	94	60	0.03995009678278652
36	0.001	94	53	0.029836508640417543
36	0.001	94	59	0.029836508640417543
36	0.001	94	40	0.029836508640417543
36	0.001	94	49	0.029836508640417543
36	0.001	94	17	0.029836508640417543
36	0.001	94	92	0.027324158388602936
36	0.001	94	87	0.027324158388602936
36	0.001	94	19	0.009260100210874355
36	0.001	94	33	0.009260100210874355
36	0.001	94	30	0.008391821595826769
36	0.001	94	88	0.008391821595826769
36	0.001	94	28	0.008391821595826769
36	0.001	95	14	0.07543336069412454
36	0.001	95	77	0.07543336069412454
36	0.001	95	96	0.07543336069412454
36	0.001	95	52	0.07543336069412454
36	0.001	95	20	0.07543336069412454
36	0.001	95	42	0.05250523684232122
36	0.001	95	4	0.05250523684232122
36	0.001	95	65	0.03561772360270421
36	0.001	95	6	0.03561772360270421
36	0.001	95	60	0.02925920325062495
36	0.001	95	66	0.02925920325062495
36	0.001	95	59	0.024342926939936296
36	0.001	95	92	0.024342926939936296
36	0.001	95	69	0.024342926939936296
36	0.001	95	40	0.024342926939936296
36	0.001	95	28	0.024342926939936296
36	0.001	95	33	0.024342926939936296
36	0.001	95	87	0.024342926939936296
36	0.001	95	49	0.024342926939936296
36	0.001	95	53	0.024342926939936296
36	0.001	96	96	0.07433992658883325
36	0.001	96	77	0.07433992658883325
36	0.001	96	14	0.06584228797870904
36	0.001	96	52	0.06584228797870904
36	0.001	96	20	0.06567238863275976
36	0.001	96	65	0.040615076256558566
36	0.001	96	4	0.056244951373074656
36	0.001	96	42	0.056244951373074656
36	0.001	96	6	0.040615076256558566
36	0.001	96	92	0.027992287942283617
36	0.001	96	60	0.0360958726338144
36	0.001	96	66	0.0360958726338144
36	0.001	96	53	0.027992287942283617
36	0.001	96	40	0.027992287942283617
36	0.001	96	49	0.027992287942283617
36	0.001	96	59	0.020306745993600037
36	0.001	96	28	0.020306745993600037
36	0.001	96	87	0.027992287942283617
36	0.001	96	69	0.027992287942283617
36	0.001	96	30	0.0023288636030190848
36	0.001	96	33	0.020063005423313525
36	0.001	97	14	0.06634740910566098
36	0.001	97	77	0.06634740910566098
36	0.001	97	96	0.06634740910566098
36	0.001	97	52	0.06634740910566098
36	0.001	97	20	0.06634740910566098
36	0.001	97	42	0.05389971461607691
36	0.001	97	4	0.05389971461607691
36	0.001	97	65	0.04754223652973303
36	0.001	97	6	0.031962149256223295
36	0.001	97	59	0.026873134071998955
36	0.001	97	60	0.03148918875314334
36	0.001	97	66	0.03148918875314334
36	0.001	97	28	0.026873134071998955
36	0.001	97	92	0.026873134071998955
36	0.001	97	40	0.026873134071998955
36	0.001	97	69	0.026873134071998955
36	0.001	97	87	0.026873134071998955
36	0.001	97	53	0.026873134071998955
36	0.001	97	49	0.026873134071998955
36	0.001	97	33	0.026873134071998955
36	0.001	98	14	0.07857151829595303
36	0.001	98	77	0.07857151829595303
36	0.001	98	96	0.07857151829595303
36	0.001	98	52	0.07857151829595303
36	0.001	98	20	0.07857151829595303
36	0.001	98	65	0.048895557780350804
36	0.001	98	4	0.048895557780350804
36	0.001	98	42	0.048895557780350804
36	0.001	98	6	0.048895557780350804
36	0.001	98	53	0.02604085825084234
36	0.001	98	60	0.026056833731783212
36	0.001	98	66	0.026056833731783212
36	0.001	98	59	0.02604085825084234
36	0.001	98	92	0.02604085825084234
36	0.001	98	49	0.02604085825084234
36	0.001	98	40	0.02604085825084234
36	0.001	98	87	0.02604085825084234
36	0.001	98	17	0.02604085825084234
36	0.001	98	30	0.02604085825084234
36	0.001	98	69	0.005498693656531799
36	0.001	99	14	0.0732207389748213
36	0.001	99	77	0.0732207389748213
36	0.001	99	96	0.0732207389748213
36	0.001	99	52	0.0732207389748213
36	0.001	99	20	0.0732207389748213
36	0.001	99	42	0.051078898842368284
36	0.001	99	4	0.051078898842368284
36	0.001	99	65	0.051078898842368284
36	0.001	99	6	0.051078898842368284
36	0.001	99	59	0.020895053036532645
36	0.001	99	60	0.030012333211487142
36	0.001	99	66	0.030012333211487142
36	0.001	99	40	0.020895053036532645
36	0.001	99	49	0.020895053036532645
36	0.001	99	28	0.020895053036532645
36	0.001	99	92	0.020895053036532645
36	0.001	99	53	0.020895053036532645
36	0.001	99	69	0.020895053036532645
36	0.001	99	87	0.020895053036532645
36	0.001	99	33	0.020895053036532645
36	0.001	100	14	0.07423625741424238
36	0.001	100	77	0.07423625741424238
36	0.001	100	96	0.07423625741424238
36	0.001	100	52	0.07423625741424238
36	0.001	100	20	0.05982321141693808
36	0.001	100	65	0.0492906517988823
36	0.001	100	4	0.0492906517988823
36	0.001	100	42	0.0492906517988823
36	0.001	100	6	0.0492906517988823
36	0.001	100	66	0.03239834152553054
36	0.001	100	60	0.03239834152553054
36	0.001	100	92	0.03239834152553054
36	0.001	100	40	0.03239834152553054
36	0.001	100	53	0.03239834152553054
36	0.001	100	59	0.03239834152553054
36	0.001	100	87	0.03239834152553054
36	0.001	100	69	0.03239834152553054
36	0.001	100	49	0.03239834152553054
36	0.001	100	28	0.03239834152553054
36	0.001	100	33	0.03239834152553054
36	0.01	1	14	0.05926718493034448
36	0.01	1	77	0.05926718493034448
36	0.01	1	96	0.05926718493034448
36	0.01	1	52	0.05926718493034448
36	0.01	1	20	0.05926718493034448
36	0.01	1	65	0.032360108486137476
36	0.01	1	4	0.05682748370416893
36	0.01	1	42	0.05682748370416893
36	0.01	1	6	0.043984746369814955
36	0.01	1	60	0.032360108486137476
36	0.01	1	66	0.032360108486137476
36	0.01	1	92	0.026505102178162435
36	0.01	1	40	0.026505102178162435
36	0.01	1	59	0.026505102178162435
36	0.01	1	49	0.026505102178162435
36	0.01	1	87	0.026505102178162435
36	0.01	1	53	0.026505102178162435
36	0.01	1	69	0.026505102178162435
36	0.01	1	80	0.00045245351573745113
36	0.01	1	33	0.025595509930639384
36	0.01	1	28	0.025595509930639384
36	0.01	2	14	0.06316583871436782
36	0.01	2	96	0.0702604463503788
36	0.01	2	77	0.0702604463503788
36	0.01	2	52	0.06316583871436782
36	0.01	2	20	0.060425520689772305
36	0.01	2	65	0.060425520689772305
36	0.01	2	42	0.060425520689772305
36	0.01	2	4	0.060425520689772305
36	0.01	2	6	0.03728660520924216
36	0.01	2	66	0.03728660520924216
36	0.01	2	92	0.021535826001839762
36	0.01	2	69	0.021535826001839762
36	0.01	2	53	0.021535826001839762
36	0.01	2	40	0.021535826001839762
36	0.01	2	60	0.021535826001839762
36	0.01	2	28	0.021535826001839762
36	0.01	2	49	0.021535826001839762
36	0.01	2	87	0.021535826001839762
36	0.01	2	59	0.021535826001839762
36	0.01	2	33	0.021535826001839762
36	0.01	3	14	0.0724238260637502
36	0.01	3	77	0.0724238260637502
36	0.01	3	96	0.0724238260637502
36	0.01	3	52	0.0724238260637502
36	0.01	3	20	0.0724238260637502
36	0.01	3	65	0.05475327061094944
36	0.01	3	42	0.05834932947523122
36	0.01	3	4	0.05834932947523122
36	0.01	3	6	0.05475327061094944
36	0.01	3	53	0.019583233024461938
36	0.01	3	66	0.029016287461884515
36	0.01	3	60	0.029016287461884515
36	0.01	3	92	0.019583233024461938
36	0.01	3	28	0.019583233024461938
36	0.01	3	59	0.019583233024461938
36	0.01	3	40	0.019583233024461938
36	0.01	3	69	0.019583233024461938
36	0.01	3	49	0.019583233024461938
36	0.01	3	87	0.01751251431404871
36	0.01	3	33	0.019583233024461938
36	0.01	4	14	0.06190509017371621
36	0.01	4	77	0.06190509017371621
36	0.01	4	96	0.06190509017371621
36	0.01	4	52	0.06190509017371621
36	0.01	4	20	0.05516605274377196
36	0.01	4	4	0.05516605274377196
36	0.01	4	42	0.05516605274377196
36	0.01	4	6	0.04116554504185595
36	0.01	4	65	0.02523794309448459
36	0.01	4	59	0.019445175819800327
36	0.01	4	60	0.02523794309448459
36	0.01	4	66	0.02523794309448459
36	0.01	4	92	0.019445175819800327
36	0.01	4	28	0.019445175819800327
36	0.01	4	53	0.019445175819800327
36	0.01	4	33	0.019445175819800327
36	0.01	4	40	0.019445175819800327
36	0.01	4	87	0.019445175819800327
36	0.01	4	69	0.019445175819800327
36	0.01	4	49	0.019445175819800327
36	0.01	5	14	0.06813412540706727
36	0.01	5	77	0.06813412540706727
36	0.01	5	96	0.06813412540706727
36	0.01	5	20	0.06813412540706727
36	0.01	5	52	0.06813412540706727
36	0.01	5	65	0.04408768585446934
36	0.01	5	6	0.03978998877523971
36	0.01	5	42	0.04408768585446934
36	0.01	5	4	0.04408768585446934
36	0.01	5	92	0.023712679469821026
36	0.01	5	66	0.023712679469821026
36	0.01	5	60	0.023712679469821026
36	0.01	5	40	0.023712679469821026
36	0.01	5	59	0.023712679469821026
36	0.01	5	69	0.01452364580903475
36	0.01	5	33	0.02309103956649383
36	0.01	5	28	0.02309103956649383
36	0.01	5	17	0.006230784854173134
36	0.01	5	49	0.005853729721389021
36	0.01	5	88	0.0055342861805364975
36	0.01	5	87	0.0055342861805364975
36	0.01	5	35	0.0055342861805364975
36	0.01	6	14	0.06716025369393844
36	0.01	6	77	0.06716025369393844
36	0.01	6	96	0.06716025369393844
36	0.01	6	52	0.06716025369393844
36	0.01	6	20	0.05528673094248421
36	0.01	6	42	0.048818630925205594
36	0.01	6	4	0.048818630925205594
36	0.01	6	6	0.04788249159159903
36	0.01	6	65	0.04788249159159903
36	0.01	6	66	0.029560996388239176
36	0.01	6	60	0.029560996388239176
36	0.01	6	59	0.029560996388239176
36	0.01	6	92	0.029560996388239176
36	0.01	6	53	0.029560996388239176
36	0.01	6	69	0.029560996388239176
36	0.01	6	40	0.029560996388239176
36	0.01	6	49	0.029560996388239176
36	0.01	6	87	0.029560996388239176
36	0.01	6	33	0.029560996388239176
36	0.01	6	28	0.029560996388239176
36	0.01	7	14	0.060664807099066125
36	0.01	7	77	0.060664807099066125
36	0.01	7	96	0.060664807099066125
36	0.01	7	52	0.060664807099066125
36	0.01	7	20	0.05774040620861252
36	0.01	7	65	0.04599826844353138
36	0.01	7	4	0.055720749258358945
36	0.01	7	42	0.055720749258358945
36	0.01	7	6	0.04599826844353138
36	0.01	7	66	0.028231270680452922
36	0.01	7	60	0.028231270680452922
36	0.01	7	59	0.024510059018143106
36	0.01	7	92	0.024510059018143106
36	0.01	7	69	0.024510059018143106
36	0.01	7	40	0.024510059018143106
36	0.01	7	49	0.024510059018143106
36	0.01	7	53	0.024510059018143106
36	0.01	7	87	0.019556253322212454
36	0.01	7	30	0.014362239558552729
36	0.01	7	33	0.024510059018143106
36	0.01	7	28	0.024510059018143106
36	0.01	8	14	0.06639970538512761
36	0.01	8	77	0.06639970538512761
36	0.01	8	96	0.06639970538512761
36	0.01	8	52	0.06639970538512761
36	0.01	8	20	0.06639970538512761
36	0.01	8	65	0.043689489755877775
36	0.01	8	4	0.05450620463849079
36	0.01	8	42	0.05450620463849079
36	0.01	8	6	0.043689489755877775
36	0.01	8	60	0.028688973757112334
36	0.01	8	66	0.028688973757112334
36	0.01	8	92	0.028688973757112334
36	0.01	8	59	0.028688973757112334
36	0.01	8	69	0.028688973757112334
36	0.01	8	53	0.028688973757112334
36	0.01	8	40	0.028688973757112334
36	0.01	8	28	0.028688973757112334
36	0.01	8	87	0.028688973757112334
36	0.01	8	49	0.028688973757112334
36	0.01	8	33	0.028688973757112334
36	0.01	9	14	0.06858956380477334
36	0.01	9	77	0.06858956380477334
36	0.01	9	96	0.06858956380477334
36	0.01	9	52	0.06858956380477334
36	0.01	9	20	0.06858956380477334
36	0.01	9	4	0.05193259811544143
36	0.01	9	42	0.05193259811544143
36	0.01	9	6	0.04811782884462533
36	0.01	9	65	0.04811782884462533
36	0.01	9	59	0.02374491517638745
36	0.01	9	60	0.02374491517638745
36	0.01	9	66	0.02374491517638745
36	0.01	9	28	0.02374491517638745
36	0.01	9	40	0.02374491517638745
36	0.01	9	92	0.02374491517638745
36	0.01	9	87	0.016169767227979307
36	0.01	9	49	0.018781076858267763
36	0.01	9	53	0.018781076858267763
36	0.01	9	69	0.018781076858267763
36	0.01	9	17	0.016169767227979307
36	0.01	10	14	0.08764144132620025
36	0.01	10	96	0.08764144132620025
36	0.01	10	77	0.08764144132620025
36	0.01	10	52	0.08764144132620025
36	0.01	10	20	0.08764144132620025
36	0.01	10	42	0.08764144132620025
36	0.01	10	4	0.08764144132620025
36	0.01	10	6	0.030943634108490912
36	0.01	10	65	0.030943634108490912
36	0.01	10	60	0.030943634108490912
36	0.01	10	66	0.030943634108490912
36	0.01	10	92	0.030943634108490912
36	0.01	10	69	0.030943634108490912
36	0.01	10	40	0.02305191424132978
36	0.01	10	87	0.01573203098435524
36	0.01	10	28	0.01573203098435524
36	0.01	10	53	0.01573203098435524
36	0.01	10	33	0.01573203098435524
36	0.01	10	59	0.01573203098435524
36	0.01	10	17	0.011969037754105799
36	0.01	11	14	0.05115605790418001
36	0.01	11	96	0.05115605790418001
36	0.01	11	77	0.05115605790418001
36	0.01	11	20	0.048472960404329433
36	0.01	11	6	0.048472960404329433
36	0.01	11	52	0.048472960404329433
36	0.01	11	65	0.048472960404329433
36	0.01	11	69	0.048472960404329433
36	0.01	11	87	0.048472960404329433
36	0.01	11	28	0.048472960404329433
36	0.01	11	66	0.048472960404329433
36	0.01	11	33	0.048472960404329433
36	0.01	11	42	0.048472960404329433
36	0.01	11	4	0.048472960404329433
36	0.01	11	53	0.048472960404329433
36	0.01	11	10	0.048472960404329433
36	0.01	11	55	0.005045067285262902
36	0.01	11	94	0.022127969446700934
36	0.01	11	71	0.048472960404329433
36	0.01	11	40	0.048472960404329433
36	0.01	11	60	0.048472960404329433
36	0.01	12	14	0.06034218905821852
36	0.01	12	77	0.06034218905821852
36	0.01	12	96	0.06034218905821852
36	0.01	12	52	0.06034218905821852
36	0.01	12	20	0.06034218905821852
36	0.01	12	65	0.05624742375615601
36	0.01	12	4	0.05771395332328184
36	0.01	12	42	0.05771395332328184
36	0.01	12	6	0.05624742375615601
36	0.01	12	60	0.027812086912120667
36	0.01	12	66	0.027812086912120667
36	0.01	12	59	0.02508161379080496
36	0.01	12	92	0.02508161379080496
36	0.01	12	49	0.02508161379080496
36	0.01	12	69	0.02508161379080496
36	0.01	12	40	0.02508161379080496
36	0.01	12	28	0.02508161379080496
36	0.01	12	87	0.02508161379080496
36	0.01	12	53	0.02508161379080496
36	0.01	12	30	0.015076880791801537
36	0.01	12	33	0.02508161379080496
36	0.01	13	14	0.0778530472047666
36	0.01	13	96	0.0778530472047666
36	0.01	13	77	0.0778530472047666
36	0.01	13	52	0.0778530472047666
36	0.01	13	20	0.0778530472047666
36	0.01	13	6	0.04092436205910463
36	0.01	13	4	0.0778530472047666
36	0.01	13	42	0.0778530472047666
36	0.01	13	65	0.04092436205910463
36	0.01	13	28	0.034305940249671006
36	0.01	13	69	0.034305940249671006
36	0.01	13	59	0.026749081420282757
36	0.01	13	60	0.03326194927110943
36	0.01	13	66	0.03326194927110943
36	0.01	13	29	0.026858402824724993
36	0.01	13	87	0.026858402824724993
36	0.01	13	33	0.014416079271171531
36	0.01	13	40	0.014416079271171531
36	0.01	13	92	0.01218324868962812
36	0.01	13	53	0.006282065720302008
36	0.01	14	77	0.06939400221962902
36	0.01	14	96	0.052861752952978125
36	0.01	14	65	0.04080436009631523
36	0.01	14	14	0.04080436009631523
36	0.01	14	4	0.04080436009631523
36	0.01	14	52	0.04080436009631523
36	0.01	14	6	0.04080436009631523
36	0.01	14	42	0.04080436009631523
36	0.01	14	30	0.04080436009631523
36	0.01	14	20	0.04080436009631523
36	0.01	14	33	0.04080436009631523
36	0.01	14	59	0.04080436009631523
36	0.01	14	40	0.02931171189221157
36	0.01	14	35	0.019508939608431235
36	0.01	14	17	0.019508939608431235
36	0.01	14	60	0.019508939608431235
36	0.01	14	19	0.019508939608431235
36	0.01	14	97	0.019508939608431235
36	0.01	14	88	0.019508939608431235
36	0.01	14	66	0.019508939608431235
36	0.01	15	14	0.06990411824452347
36	0.01	15	77	0.06990411824452347
36	0.01	15	96	0.06990411824452347
36	0.01	15	52	0.06990411824452347
36	0.01	15	20	0.05365425023602764
36	0.01	15	65	0.03090983285144592
36	0.01	15	4	0.042061910976741106
36	0.01	15	42	0.042061910976741106
36	0.01	15	6	0.04115190366427658
36	0.01	15	66	0.025545291485281705
36	0.01	15	60	0.025545291485281705
36	0.01	15	92	0.025545291485281705
36	0.01	15	59	0.025545291485281705
36	0.01	15	40	0.025545291485281705
36	0.01	15	53	0.025545291485281705
36	0.01	15	69	0.025545291485281705
36	0.01	15	49	0.025545291485281705
36	0.01	15	87	0.025545291485281705
36	0.01	15	30	0.007817138840775105
36	0.01	15	33	0.018227739091702472
36	0.01	15	28	0.018227739091702472
36	0.01	16	14	0.06749792414262804
36	0.01	16	96	0.06749792414262804
36	0.01	16	77	0.06749792414262804
36	0.01	16	52	0.06749792414262804
36	0.01	16	20	0.06749792414262804
36	0.01	16	6	0.04158376253644544
36	0.01	16	42	0.04158376253644544
36	0.01	16	4	0.04158376253644544
36	0.01	16	65	0.04158376253644544
36	0.01	16	69	0.026119612981134226
36	0.01	16	60	0.027315464854727405
36	0.01	16	66	0.027315464854727405
36	0.01	16	59	0.026119612981134226
36	0.01	16	92	0.026119612981134226
36	0.01	16	53	0.026119612981134226
36	0.01	16	49	0.026119612981134226
36	0.01	16	28	0.026119612981134226
36	0.01	16	40	0.026119612981134226
36	0.01	16	33	0.026119612981134226
36	0.01	16	87	0.026119612981134226
36	0.01	17	14	0.08693167533410204
36	0.01	17	52	0.08693167533410204
36	0.01	17	77	0.08693167533410204
36	0.01	17	96	0.08693167533410204
36	0.01	17	20	0.08693167533410204
36	0.01	17	65	0.028469666005451536
36	0.01	17	4	0.051416222207223035
36	0.01	17	42	0.051416222207223035
36	0.01	17	6	0.027336911662027168
36	0.01	17	66	0.027336911662027168
36	0.01	17	60	0.027336911662027168
36	0.01	17	92	0.02450480548197794
36	0.01	17	40	0.022742353283395286
36	0.01	17	87	0.022742353283395286
36	0.01	17	49	0.022742353283395286
36	0.01	17	69	0.022742353283395286
36	0.01	17	59	0.022742353283395286
36	0.01	17	53	0.022742353283395286
36	0.01	17	28	0.022742353283395286
36	0.01	17	33	0.022742353283395286
36	0.01	18	14	0.06251027925953032
36	0.01	18	77	0.06251027925953032
36	0.01	18	96	0.06251027925953032
36	0.01	18	52	0.06251027925953032
36	0.01	18	20	0.06251027925953032
36	0.01	18	42	0.06251027925953032
36	0.01	18	4	0.06251027925953032
36	0.01	18	65	0.048045480524687004
36	0.01	18	6	0.038667135122902534
36	0.01	18	59	0.020432282262904892
36	0.01	18	60	0.020432282262904892
36	0.01	18	66	0.020432282262904892
36	0.01	18	92	0.020432282262904892
36	0.01	18	40	0.020432282262904892
36	0.01	18	53	0.020432282262904892
36	0.01	18	87	0.020432282262904892
36	0.01	18	69	0.020432282262904892
36	0.01	18	49	0.020432282262904892
36	0.01	18	28	0.01244264241023281
36	0.01	18	30	0.012327794516698739
36	0.01	19	14	0.07752346615916156
36	0.01	19	96	0.07752346615916156
36	0.01	19	77	0.07752346615916156
36	0.01	19	52	0.07752346615916156
36	0.01	19	20	0.07318809223568297
36	0.01	19	65	0.04785420275038415
36	0.01	19	4	0.04785420275038415
36	0.01	19	42	0.04785420275038415
36	0.01	19	6	0.04785420275038415
36	0.01	19	49	0.01615143447021636
36	0.01	19	60	0.03254651267969857
36	0.01	19	66	0.03254651267969857
36	0.01	19	53	0.01615143447021636
36	0.01	19	92	0.01615143447021636
36	0.01	19	59	0.01615143447021636
36	0.01	19	69	0.01615143447021636
36	0.01	19	28	0.01615143447021636
36	0.01	19	87	0.01602904052235588
36	0.01	19	40	0.01615143447021636
36	0.01	19	33	0.01615143447021636
36	0.01	20	14	0.08272497368809938
36	0.01	20	96	0.08272497368809938
36	0.01	20	77	0.08272497368809938
36	0.01	20	52	0.05329016900969498
36	0.01	20	20	0.05329016900969498
36	0.01	20	65	0.030482047682731155
36	0.01	20	42	0.05329016900969498
36	0.01	20	4	0.05329016900969498
36	0.01	20	6	0.05329016900969498
36	0.01	20	60	0.030482047682731155
36	0.01	20	69	0.02145167989742587
36	0.01	20	92	0.030482047682731155
36	0.01	20	66	0.030482047682731155
36	0.01	20	28	0.022479468448198484
36	0.01	20	49	0.02145167989742587
36	0.01	20	53	0.017820585959806397
36	0.01	20	88	0.006374676717925562
36	0.01	20	59	0.017820585959806397
36	0.01	20	33	0.017820585959806397
36	0.01	20	50	0.017820585959806397
36	0.01	20	17	0.006602420280562493
36	0.01	21	14	0.08096207334377613
36	0.01	21	77	0.08096207334377613
36	0.01	21	96	0.08096207334377613
36	0.01	21	65	0.06160960347163346
36	0.01	21	20	0.06160960347163346
36	0.01	21	42	0.06160960347163346
36	0.01	21	4	0.06160960347163346
36	0.01	21	6	0.025060169238176035
36	0.01	21	33	0.022937271364237066
36	0.01	21	50	0.022937271364237066
36	0.01	21	29	0.019658802162963028
36	0.01	21	66	0.022937271364237066
36	0.01	21	40	0.022937271364237066
36	0.01	21	87	0.022937271364237066
36	0.01	21	92	0.022937271364237066
36	0.01	21	60	0.022937271364237066
36	0.01	21	49	0.022937271364237066
36	0.01	21	39	0.006836449311785051
36	0.01	21	88	0.006836449311785051
36	0.01	21	53	0.019658802162963028
36	0.01	21	59	0.019658802162963028
36	0.01	21	25	0.019658802162963028
36	0.01	21	35	0.019658802162963028
36	0.01	22	14	0.07971220408001539
36	0.01	22	77	0.07971220408001539
36	0.01	22	96	0.07971220408001539
36	0.01	22	52	0.07971220408001539
36	0.01	22	20	0.05477299423534163
36	0.01	22	65	0.030050530708913416
36	0.01	22	42	0.04437504562378622
36	0.01	22	4	0.04437504562378622
36	0.01	22	6	0.04437504562378622
36	0.01	22	92	0.02806415884837708
36	0.01	22	60	0.030050530708913416
36	0.01	22	66	0.030050530708913416
36	0.01	22	53	0.02806415884837708
36	0.01	22	59	0.02806415884837708
36	0.01	22	69	0.02806415884837708
36	0.01	22	49	0.02806415884837708
36	0.01	22	40	0.02806415884837708
36	0.01	22	33	0.02806415884837708
36	0.01	22	28	0.02806415884837708
36	0.01	22	87	0.021175721032842227
36	0.01	23	52	0.08940511881265654
36	0.01	23	96	0.08940511881265654
36	0.01	23	77	0.08940511881265654
36	0.01	23	20	0.08940511881265654
36	0.01	23	42	0.08940511881265654
36	0.01	23	4	0.08940511881265654
36	0.01	23	65	0.08940511881265654
36	0.01	23	14	0.08940511881265654
36	0.01	23	53	0.0430450338191965
36	0.01	23	59	0.020246318733022645
36	0.01	23	66	0.03582865665938554
36	0.01	23	60	0.03582865665938554
36	0.01	23	92	0.020246318733022645
36	0.01	23	17	0.020246318733022645
36	0.01	23	30	0.020246318733022645
36	0.01	23	69	0.020246318733022645
36	0.01	23	33	0.020246318733022645
36	0.01	23	19	0.01767922425779746
36	0.01	23	25	0.01767922425779746
36	0.01	23	28	0.020246318733022645
36	0.01	23	29	0.020246318733022645
36	0.01	23	35	0.020246318733022645
36	0.01	24	77	0.10926782347169058
36	0.01	24	96	0.10926782347169058
36	0.01	24	20	0.06538534271867973
36	0.01	24	65	0.10926782347169058
36	0.01	24	14	0.10926782347169058
36	0.01	24	42	0.06538534271867973
36	0.01	24	4	0.06538534271867973
36	0.01	24	6	0.06538534271867973
36	0.01	24	28	0.035266715121050375
36	0.01	24	59	0.035266715121050375
36	0.01	24	69	0.02620263679988911
36	0.01	24	40	0.02620263679988911
36	0.01	24	92	0.016509932403068084
36	0.01	24	87	0.012226072532203052
36	0.01	24	30	0.011167663218125422
36	0.01	24	17	0.016509932403068084
36	0.01	24	25	0.016509932403068084
36	0.01	24	53	0.016509932403068084
36	0.01	24	50	0.016509932403068084
36	0.01	24	33	0.016509932403068084
36	0.01	25	14	0.10412802756929006
36	0.01	25	42	0.0827255704677433
36	0.01	25	77	0.10412802756929006
36	0.01	25	96	0.10412802756929006
36	0.01	25	4	0.0827255704677433
36	0.01	25	20	0.0827255704677433
36	0.01	25	52	0.03884695601157225
36	0.01	25	28	0.031634500081387566
36	0.01	25	66	0.03884695601157225
36	0.01	25	65	0.03884695601157225
36	0.01	25	60	0.03884695601157225
36	0.01	25	40	0.031634500081387566
36	0.01	25	92	0.031634500081387566
36	0.01	25	29	0.031634500081387566
36	0.01	25	69	0.031634500081387566
36	0.01	25	49	0.031634500081387566
36	0.01	25	53	0.031634500081387566
36	0.01	25	30	0.031634500081387566
36	0.01	25	35	0.031634500081387566
36	0.01	25	80	0.00037266856550983985
36	0.01	26	77	0.17341392551891568
36	0.01	26	6	0.09817741171772007
36	0.01	26	96	0.04523226878123004
36	0.01	26	29	0.03400374560518634
36	0.01	26	99	0.03400374560518634
36	0.01	26	84	0.03400374560518634
36	0.01	26	49	0.03400374560518634
36	0.01	26	50	0.03400374560518634
36	0.01	26	69	0.026645600002765314
36	0.01	26	33	0.026645600002765314
36	0.01	26	25	0.026645600002765314
36	0.01	26	4	0.026645600002765314
36	0.01	26	78	0.016306368135263868
36	0.01	26	39	0.017340366182650828
36	0.01	26	68	0.017340366182650828
36	0.01	26	80	0.016794045610266452
36	0.01	26	31	0.015612977522589458
36	0.01	26	9	0.016306368135263868
36	0.01	26	93	0.016306368135263868
36	0.01	26	88	0.016306368135263868
36	0.01	27	14	0.07123712794807834
36	0.01	27	77	0.07123712794807834
36	0.01	27	96	0.07123712794807834
36	0.01	27	52	0.07123712794807834
36	0.01	27	20	0.07123712794807834
36	0.01	27	4	0.050989201884753116
36	0.01	27	42	0.050989201884753116
36	0.01	27	6	0.046727052677951006
36	0.01	27	65	0.028768688166341875
36	0.01	27	66	0.024855474182591153
36	0.01	27	60	0.024855474182591153
36	0.01	27	53	0.02242741523904981
36	0.01	27	92	0.02242741523904981
36	0.01	27	28	0.020267107477965292
36	0.01	27	59	0.020267107477965292
36	0.01	27	40	0.02242741523904981
36	0.01	27	69	0.02242741523904981
36	0.01	27	49	0.02242741523904981
36	0.01	27	87	0.014318932513660844
36	0.01	27	33	0.014318932513660844
36	0.01	28	14	0.09213773056416671
36	0.01	28	77	0.09213773056416671
36	0.01	28	96	0.09213773056416671
36	0.01	28	52	0.09213773056416671
36	0.01	28	20	0.04636845339573356
36	0.01	28	65	0.04636845339573356
36	0.01	28	42	0.04636845339573356
36	0.01	28	4	0.04636845339573356
36	0.01	28	6	0.04636845339573356
36	0.01	28	66	0.0272034244076012
36	0.01	28	60	0.0272034244076012
36	0.01	28	59	0.02353733625663096
36	0.01	28	69	0.0272034244076012
36	0.01	28	28	0.02353733625663096
36	0.01	28	92	0.0272034244076012
36	0.01	28	49	0.0272034244076012
36	0.01	28	40	0.0272034244076012
36	0.01	28	87	0.01868548777938703
36	0.01	28	53	0.02353733625663096
36	0.01	28	30	0.014815642348237132
36	0.01	28	33	0.02353733625663096
36	0.01	29	14	0.07421517343453934
36	0.01	29	77	0.07421517343453934
36	0.01	29	96	0.07421517343453934
36	0.01	29	52	0.07421517343453934
36	0.01	29	20	0.07421517343453934
36	0.01	29	42	0.055969192225397646
36	0.01	29	4	0.055969192225397646
36	0.01	29	6	0.03807460334452006
36	0.01	29	65	0.03807460334452006
36	0.01	29	92	0.02304886978736149
36	0.01	29	66	0.026738721410778103
36	0.01	29	60	0.026738721410778103
36	0.01	29	59	0.01986934088883943
36	0.01	29	53	0.02304886978736149
36	0.01	29	49	0.02304886978736149
36	0.01	29	28	0.01986934088883943
36	0.01	29	40	0.02304886978736149
36	0.01	29	87	0.02304886978736149
36	0.01	29	69	0.02304886978736149
36	0.01	29	33	0.01986934088883943
36	0.01	30	14	0.06066875414383462
36	0.01	30	52	0.06066875414383462
36	0.01	30	77	0.06066875414383462
36	0.01	30	96	0.06066875414383462
36	0.01	30	20	0.05483916516487358
36	0.01	30	65	0.0485139410303672
36	0.01	30	4	0.05361220685469313
36	0.01	30	42	0.05361220685469313
36	0.01	30	6	0.0485139410303672
36	0.01	30	60	0.030911037593295686
36	0.01	30	66	0.030911037593295686
36	0.01	30	59	0.02128819486526261
36	0.01	30	69	0.02963236812767601
36	0.01	30	92	0.02963236812767601
36	0.01	30	40	0.02963236812767601
36	0.01	30	49	0.02963236812767601
36	0.01	30	53	0.02963236812767601
36	0.01	30	87	0.02963236812767601
36	0.01	30	28	0.02128819486526261
36	0.01	30	33	0.020469523771981135
36	0.01	31	96	0.09622128975245076
36	0.01	31	14	0.09622128975245076
36	0.01	31	52	0.09622128975245076
36	0.01	31	77	0.05472793357485406
36	0.01	31	4	0.031048724211749482
36	0.01	31	42	0.031048724211749482
36	0.01	31	92	0.030126603856326054
36	0.01	31	6	0.030126603856326054
36	0.01	31	40	0.030126603856326054
36	0.01	31	69	0.030126603856326054
36	0.01	31	66	0.030126603856326054
36	0.01	31	60	0.030126603856326054
36	0.01	31	33	0.02520429845366379
36	0.01	31	49	0.02520429845366379
36	0.01	31	10	0.023158070762164657
36	0.01	31	87	0.023158070762164657
36	0.01	31	80	0.023158070762164657
36	0.01	31	35	0.01176734667697536
36	0.01	31	71	0.015322258022805907
36	0.01	31	8	0.011136895394583837
36	0.01	32	14	0.09607892452194772
36	0.01	32	77	0.09607892452194772
36	0.01	32	96	0.09607892452194772
36	0.01	32	52	0.09607892452194772
36	0.01	32	20	0.04950915710625167
36	0.01	32	65	0.03528382869974666
36	0.01	32	4	0.04950915710625167
36	0.01	32	42	0.04950915710625167
36	0.01	32	6	0.04918134039480508
36	0.01	32	66	0.03528382869974666
36	0.01	32	60	0.03528382869974666
36	0.01	32	92	0.018020259073515177
36	0.01	32	40	0.018020259073515177
36	0.01	32	49	0.018020259073515177
36	0.01	32	53	0.017727330462858293
36	0.01	32	59	0.017727330462858293
36	0.01	32	87	0.017727330462858293
36	0.01	32	28	0.016269042611443737
36	0.01	32	33	0.016269042611443737
36	0.01	32	69	0.014249378465252847
36	0.01	33	14	0.06919407670275868
36	0.01	33	77	0.06919407670275868
36	0.01	33	96	0.06919407670275868
36	0.01	33	52	0.06919407670275868
36	0.01	33	20	0.06262381986856591
36	0.01	33	42	0.051919072855324246
36	0.01	33	4	0.051919072855324246
36	0.01	33	65	0.051919072855324246
36	0.01	33	6	0.051919072855324246
36	0.01	33	92	0.023326324916556344
36	0.01	33	60	0.032043956160798505
36	0.01	33	66	0.032043956160798505
36	0.01	33	40	0.023326324916556344
36	0.01	33	49	0.023326324916556344
36	0.01	33	53	0.023326324916556344
36	0.01	33	59	0.023326324916556344
36	0.01	33	28	0.023326324916556344
36	0.01	33	87	0.023326324916556344
36	0.01	33	33	0.023326324916556344
36	0.01	33	69	0.013693038047012843
36	0.01	34	14	0.0733901642196452
36	0.01	34	77	0.0733901642196452
36	0.01	34	96	0.0733901642196452
36	0.01	34	52	0.0733901642196452
36	0.01	34	20	0.06151181712233165
36	0.01	34	4	0.05205704767189463
36	0.01	34	42	0.05205704767189463
36	0.01	34	6	0.05205704767189463
36	0.01	34	65	0.030523543221764628
36	0.01	34	60	0.030523543221764628
36	0.01	34	66	0.030523543221764628
36	0.01	34	69	0.022408316480282197
36	0.01	34	59	0.022408316480282197
36	0.01	34	28	0.022408316480282197
36	0.01	34	92	0.022408316480282197
36	0.01	34	40	0.022408316480282197
36	0.01	34	49	0.022408316480282197
36	0.01	34	53	0.01649448100607095
36	0.01	34	33	0.022408316480282197
36	0.01	34	87	0.016254733827459275
36	0.01	35	96	0.06355673493406312
36	0.01	35	77	0.06355673493406312
36	0.01	35	42	0.05813890174243452
36	0.01	35	52	0.05813890174243452
36	0.01	35	14	0.05813890174243452
36	0.01	35	20	0.05813890174243452
36	0.01	35	4	0.05813890174243452
36	0.01	35	65	0.0413208673053197
36	0.01	35	6	0.0413208673053197
36	0.01	35	66	0.028086813809907074
36	0.01	35	92	0.023404734272374602
36	0.01	35	60	0.023404734272374602
36	0.01	35	69	0.023404734272374602
36	0.01	35	49	0.023404734272374602
36	0.01	35	59	0.023404734272374602
36	0.01	35	40	0.023404734272374602
36	0.01	35	87	0.023404734272374602
36	0.01	35	33	0.02072234810892531
36	0.01	35	35	0.01661946735237621
36	0.01	35	17	0.010902504588268278
36	0.01	36	14	0.06908620013339624
36	0.01	36	77	0.06908620013339624
36	0.01	36	96	0.06908620013339624
36	0.01	36	52	0.06908620013339624
36	0.01	36	20	0.06908620013339624
36	0.01	36	42	0.052006549514360956
36	0.01	36	4	0.052006549514360956
36	0.01	36	65	0.04767167881386864
36	0.01	36	6	0.04767167881386864
36	0.01	36	66	0.033915988598809114
36	0.01	36	60	0.033915988598809114
36	0.01	36	92	0.024435148521838645
36	0.01	36	59	0.024258703220888966
36	0.01	36	53	0.024435148521838645
36	0.01	36	28	0.024258703220888966
36	0.01	36	40	0.024435148521838645
36	0.01	36	87	0.024435148521838645
36	0.01	36	69	0.024435148521838645
36	0.01	36	49	0.024435148521838645
36	0.01	36	33	0.021623330784260632
36	0.01	37	14	0.08944405211113832
36	0.01	37	77	0.08944405211113832
36	0.01	37	96	0.08944405211113832
36	0.01	37	52	0.08944405211113832
36	0.01	37	20	0.05416185887376704
36	0.01	37	65	0.037056525253677614
36	0.01	37	4	0.037056525253677614
36	0.01	37	42	0.037056525253677614
36	0.01	37	6	0.037056525253677614
36	0.01	37	66	0.03219745105211569
36	0.01	37	60	0.03219745105211569
36	0.01	37	92	0.03219745105211569
36	0.01	37	40	0.03219745105211569
36	0.01	37	69	0.03219745105211569
36	0.01	37	49	0.03219745105211569
36	0.01	37	59	0.03219745105211569
36	0.01	37	53	0.03219745105211569
36	0.01	37	28	0.03219745105211569
36	0.01	37	87	0.03219745105211569
36	0.01	37	33	0.03219745105211569
36	0.01	38	14	0.06785449160121736
36	0.01	38	52	0.06785449160121736
36	0.01	38	77	0.06785449160121736
36	0.01	38	96	0.06785449160121736
36	0.01	38	20	0.060709158687009074
36	0.01	38	65	0.05777405064460186
36	0.01	38	4	0.05777405064460186
36	0.01	38	42	0.05777405064460186
36	0.01	38	6	0.0432329812300938
36	0.01	38	40	0.024191491166519412
36	0.01	38	92	0.024191491166519412
36	0.01	38	59	0.024191491166519412
36	0.01	38	69	0.024191491166519412
36	0.01	38	53	0.024191491166519412
36	0.01	38	87	0.024191491166519412
36	0.01	38	60	0.024191491166519412
36	0.01	38	30	0.01304321257199182
36	0.01	38	28	0.024191491166519412
36	0.01	38	33	0.024191491166519412
36	0.01	38	29	0.01304321257199182
36	0.01	38	17	0.01304321257199182
36	0.01	38	35	0.012285640021318128
36	0.01	39	14	0.08734139324807749
36	0.01	39	52	0.06229876643854428
36	0.01	39	77	0.08734139324807749
36	0.01	39	96	0.08734139324807749
36	0.01	39	20	0.06229876643854428
36	0.01	39	6	0.03924839751410586
36	0.01	39	4	0.038742588046784966
36	0.01	39	42	0.038742588046784966
36	0.01	39	65	0.038742588046784966
36	0.01	39	60	0.038742588046784966
36	0.01	39	66	0.038742588046784966
36	0.01	39	40	0.026856166667588107
36	0.01	39	49	0.026856166667588107
36	0.01	39	92	0.026856166667588107
36	0.01	39	53	0.026856166667588107
36	0.01	39	28	0.026856166667588107
36	0.01	39	59	0.023891559667933295
36	0.01	39	30	0.009381135861809614
36	0.01	39	17	0.009381135861809614
36	0.01	39	29	0.00917227933331242
36	0.01	39	87	0.00917227933331242
36	0.01	39	35	0.00917227933331242
36	0.01	40	14	0.08678257631403552
36	0.01	40	77	0.08678257631403552
36	0.01	40	96	0.08678257631403552
36	0.01	40	52	0.08678257631403552
36	0.01	40	20	0.048599148790616935
36	0.01	40	65	0.048599148790616935
36	0.01	40	42	0.048599148790616935
36	0.01	40	4	0.048599148790616935
36	0.01	40	6	0.03690800499490249
36	0.01	40	60	0.020049426625593985
36	0.01	40	66	0.020049426625593985
36	0.01	40	92	0.020049426625593985
36	0.01	40	49	0.020049426625593985
36	0.01	40	40	0.020049426625593985
36	0.01	40	53	0.020049426625593985
36	0.01	40	59	0.020049426625593985
36	0.01	40	87	0.020049426625593985
36	0.01	40	69	0.020049426625593985
36	0.01	40	33	0.020049426625593985
36	0.01	40	28	0.013462725182403993
36	0.01	41	14	0.08094889541728295
36	0.01	41	77	0.08094889541728295
36	0.01	41	96	0.08094889541728295
36	0.01	41	52	0.08094889541728295
36	0.01	41	20	0.08094889541728295
36	0.01	41	65	0.03541095866942107
36	0.01	41	4	0.08094889541728295
36	0.01	41	42	0.08094889541728295
36	0.01	41	6	0.03541095866942107
36	0.01	41	59	0.024075257031577868
36	0.01	41	60	0.03541095866942107
36	0.01	41	66	0.03541095866942107
36	0.01	41	40	0.024075257031577868
36	0.01	41	92	0.024075257031577868
36	0.01	41	53	0.024075257031577868
36	0.01	41	49	0.024075257031577868
36	0.01	41	69	0.024075257031577868
36	0.01	41	87	0.024075257031577868
36	0.01	41	33	0.024075257031577868
36	0.01	41	28	0.024075257031577868
36	0.01	42	14	0.08609005984080294
36	0.01	42	77	0.08609005984080294
36	0.01	42	96	0.08609005984080294
36	0.01	42	52	0.08609005984080294
36	0.01	42	20	0.06928511512079287
36	0.01	42	65	0.03841628720224285
36	0.01	42	4	0.06928511512079287
36	0.01	42	42	0.06928511512079287
36	0.01	42	66	0.025063942872260252
36	0.01	42	60	0.025063942872260252
36	0.01	42	6	0.025063942872260252
36	0.01	42	53	0.025063942872260252
36	0.01	42	92	0.025063942872260252
36	0.01	42	40	0.025063942872260252
36	0.01	42	49	0.025063942872260252
36	0.01	42	69	0.025063942872260252
36	0.01	42	87	0.025063942872260252
36	0.01	42	88	0.007063401927879234
36	0.01	42	59	0.025063942872260252
36	0.01	42	28	0.025063942872260252
36	0.01	42	33	0.025063942872260252
36	0.01	43	14	0.06418406655121857
36	0.01	43	77	0.06418406655121857
36	0.01	43	96	0.06418406655121857
36	0.01	43	52	0.06418406655121857
36	0.01	43	20	0.06071620908473653
36	0.01	43	6	0.05742204877725517
36	0.01	43	4	0.05742204877725517
36	0.01	43	42	0.05742204877725517
36	0.01	43	65	0.037501337252595454
36	0.01	43	53	0.037501337252595454
36	0.01	43	66	0.037501337252595454
36	0.01	43	60	0.037501337252595454
36	0.01	43	92	0.037501337252595454
36	0.01	43	59	0.037501337252595454
36	0.01	43	40	0.037501337252595454
36	0.01	43	28	0.037501337252595454
36	0.01	43	69	0.037501337252595454
36	0.01	43	49	0.037501337252595454
36	0.01	43	87	0.037501337252595454
36	0.01	43	30	0.012026168135720995
36	0.01	43	17	0.012026168135720995
36	0.01	43	33	0.037501337252595454
36	0.01	44	14	0.06364023933219205
36	0.01	44	77	0.06364023933219205
36	0.01	44	96	0.06364023933219205
36	0.01	44	52	0.06364023933219205
36	0.01	44	20	0.06364023933219205
36	0.01	44	65	0.033013736680096134
36	0.01	44	4	0.059819722331341856
36	0.01	44	42	0.059819722331341856
36	0.01	44	6	0.033013736680096134
36	0.01	44	92	0.021692966991388413
36	0.01	44	66	0.022200951407208243
36	0.01	44	60	0.022200951407208243
36	0.01	44	59	0.021692966991388413
36	0.01	44	49	0.021692966991388413
36	0.01	44	69	0.021692966991388413
36	0.01	44	87	0.021692966991388413
36	0.01	44	53	0.021692966991388413
36	0.01	44	40	0.020306986485642192
36	0.01	44	33	0.021692966991388413
36	0.01	44	28	0.021692966991388413
36	0.01	45	14	0.06881712893394408
36	0.01	45	77	0.06881712893394408
36	0.01	45	96	0.06881712893394408
36	0.01	45	52	0.06881712893394408
36	0.01	45	20	0.06881712893394408
36	0.01	45	65	0.03894635918548279
36	0.01	45	4	0.052493063121995476
36	0.01	45	42	0.052493063121995476
36	0.01	45	6	0.03894635918548279
36	0.01	45	92	0.027277609594568146
36	0.01	45	66	0.027277609594568146
36	0.01	45	60	0.027277609594568146
36	0.01	45	53	0.027277609594568146
36	0.01	45	49	0.027277609594568146
36	0.01	45	40	0.027277609594568146
36	0.01	45	28	0.027277609594568146
36	0.01	45	59	0.027277609594568146
36	0.01	45	87	0.027277609594568146
36	0.01	45	69	0.027277609594568146
36	0.01	45	33	0.022710059137979157
36	0.01	46	14	0.08626723975105863
36	0.01	46	96	0.08626723975105863
36	0.01	46	77	0.08626723975105863
36	0.01	46	52	0.08626723975105863
36	0.01	46	20	0.0629706755695418
36	0.01	46	42	0.0629706755695418
36	0.01	46	4	0.0629706755695418
36	0.01	46	65	0.03230329970147002
36	0.01	46	6	0.03230329970147002
36	0.01	46	69	0.02865567987939659
36	0.01	46	60	0.02865567987939659
36	0.01	46	66	0.02865567987939659
36	0.01	46	92	0.02865567987939659
36	0.01	46	40	0.02865567987939659
36	0.01	46	53	0.02865567987939659
36	0.01	46	59	0.02865567987939659
36	0.01	46	87	0.02865567987939659
36	0.01	46	28	0.02865567987939659
36	0.01	46	49	0.02865567987939659
36	0.01	46	80	0.012734999487699778
36	0.01	47	14	0.07260311511458095
36	0.01	47	77	0.07260311511458095
36	0.01	47	96	0.07260311511458095
36	0.01	47	52	0.07260311511458095
36	0.01	47	20	0.07260311511458095
36	0.01	47	42	0.05954761089755838
36	0.01	47	4	0.05954761089755838
36	0.01	47	65	0.03957863297136176
36	0.01	47	6	0.03957863297136176
36	0.01	47	59	0.021418671801224257
36	0.01	47	60	0.021418671801224257
36	0.01	47	66	0.021418671801224257
36	0.01	47	92	0.021418671801224257
36	0.01	47	40	0.021418671801224257
36	0.01	47	49	0.021418671801224257
36	0.01	47	69	0.021418671801224257
36	0.01	47	33	0.021418671801224257
36	0.01	47	28	0.021418671801224257
36	0.01	47	53	0.021418671801224257
36	0.01	47	87	0.021418671801224257
36	0.01	48	52	0.07244914782862619
36	0.01	48	77	0.07244914782862619
36	0.01	48	96	0.07244914782862619
36	0.01	48	20	0.07244914782862619
36	0.01	48	14	0.07244914782862619
36	0.01	48	65	0.07244914782862619
36	0.01	48	6	0.02231656900198609
36	0.01	48	59	0.02231656900198609
36	0.01	48	66	0.02231656900198609
36	0.01	48	60	0.02231656900198609
36	0.01	48	53	0.015526601730580647
36	0.01	48	28	0.02231656900198609
36	0.01	48	33	0.02231656900198609
36	0.01	48	40	0.015526601730580647
36	0.01	48	42	0.011192605643266452
36	0.01	48	49	0.01540354183607894
36	0.01	48	87	0.01540354183607894
36	0.01	48	92	0.01540354183607894
36	0.01	48	17	0.01540354183607894
36	0.01	48	29	0.002979933203455024
36	0.01	49	14	0.0661190852947922
36	0.01	49	77	0.0661190852947922
36	0.01	49	96	0.0661190852947922
36	0.01	49	52	0.0661190852947922
36	0.01	49	20	0.06398282208883446
36	0.01	49	65	0.05177143071318043
36	0.01	49	42	0.05177143071318043
36	0.01	49	4	0.05177143071318043
36	0.01	49	6	0.05177143071318043
36	0.01	49	53	0.022741523340542538
36	0.01	49	60	0.028310994090012018
36	0.01	49	66	0.028310994090012018
36	0.01	49	92	0.028310994090012018
36	0.01	49	69	0.022741523340542538
36	0.01	49	49	0.022741523340542538
36	0.01	49	40	0.014628008771578554
36	0.01	49	28	0.015370043304824093
36	0.01	49	59	0.015370043304824093
36	0.01	49	33	0.015370043304824093
36	0.01	49	29	0.0039799162939058745
36	0.01	50	14	0.07232636825454897
36	0.01	50	77	0.07232636825454897
36	0.01	50	96	0.07232636825454897
36	0.01	50	52	0.07232636825454897
36	0.01	50	20	0.07232636825454897
36	0.01	50	65	0.049235538115956656
36	0.01	50	4	0.06307062206856616
36	0.01	50	42	0.06307062206856616
36	0.01	50	6	0.049235538115956656
36	0.01	50	60	0.04896769480930438
36	0.01	50	66	0.04896769480930438
36	0.01	50	59	0.03542868365838163
36	0.01	50	69	0.04896769480930438
36	0.01	50	40	0.04896769480930438
36	0.01	50	53	0.04896769480930438
36	0.01	50	17	0.02174346486485137
36	0.01	50	28	0.03542868365838163
36	0.01	50	33	0.03542868365838163
36	0.01	50	30	0.02174346486485137
36	0.01	50	80	0.011852109179790743
36	0.01	50	49	0.011852109179790743
36	0.01	51	14	0.11698373041327745
36	0.01	51	52	0.11698373041327745
36	0.01	51	96	0.11698373041327745
36	0.01	51	77	0.11698373041327745
36	0.01	51	20	0.045151176343649076
36	0.01	51	65	0.039350545704044046
36	0.01	51	42	0.045151176343649076
36	0.01	51	4	0.045151176343649076
36	0.01	51	6	0.045151176343649076
36	0.01	51	92	0.039350545704044046
36	0.01	51	60	0.039350545704044046
36	0.01	51	66	0.039350545704044046
36	0.01	51	53	0.020215381260286283
36	0.01	51	28	0.020215381260286283
36	0.01	51	30	0.020215381260286283
36	0.01	51	49	0.020215381260286283
36	0.01	51	40	0.020215381260286283
36	0.01	51	59	0.019229118668806645
36	0.01	51	69	0.00729068803769698
36	0.01	51	17	0.0055480166505991095
36	0.01	51	35	0.0055480166505991095
36	0.01	52	14	0.06452878906951563
36	0.01	52	77	0.06452878906951563
36	0.01	52	96	0.06452878906951563
36	0.01	52	52	0.06452878906951563
36	0.01	52	20	0.054323746492158716
36	0.01	52	65	0.04930351091828052
36	0.01	52	4	0.04930351091828052
36	0.01	52	42	0.04930351091828052
36	0.01	52	6	0.04930351091828052
36	0.01	52	66	0.029945605178361583
36	0.01	52	60	0.029945605178361583
36	0.01	52	59	0.02991762252516345
36	0.01	52	49	0.02991762252516345
36	0.01	52	40	0.02991762252516345
36	0.01	52	92	0.02991762252516345
36	0.01	52	28	0.02991762252516345
36	0.01	52	53	0.02991762252516345
36	0.01	52	69	0.02991762252516345
36	0.01	52	87	0.02991762252516345
36	0.01	52	33	0.02991762252516345
36	0.01	53	14	0.07180049703820529
36	0.01	53	52	0.07180049703820529
36	0.01	53	77	0.07180049703820529
36	0.01	53	96	0.07180049703820529
36	0.01	53	20	0.07180049703820529
36	0.01	53	4	0.06402078392611354
36	0.01	53	42	0.06402078392611354
36	0.01	53	65	0.04042575765696997
36	0.01	53	6	0.04042575765696997
36	0.01	53	92	0.021499953483264958
36	0.01	53	66	0.0372176091783843
36	0.01	53	60	0.0372176091783843
36	0.01	53	53	0.021499953483264958
36	0.01	53	49	0.021499953483264958
36	0.01	53	40	0.021499953483264958
36	0.01	53	59	0.021499953483264958
36	0.01	53	69	0.021499953483264958
36	0.01	53	87	0.019986198600812737
36	0.01	53	28	0.021499953483264958
36	0.01	53	33	0.021499953483264958
36	0.01	54	14	0.08377368916955434
36	0.01	54	77	0.08377368916955434
36	0.01	54	96	0.08377368916955434
36	0.01	54	52	0.08377368916955434
36	0.01	54	20	0.08377368916955434
36	0.01	54	42	0.08377368916955434
36	0.01	54	4	0.08377368916955434
36	0.01	54	65	0.04005085455201456
36	0.01	54	59	0.01771650038197114
36	0.01	54	60	0.04005085455201456
36	0.01	54	66	0.04005085455201456
36	0.01	54	69	0.01771650038197114
36	0.01	54	40	0.01771650038197114
36	0.01	54	87	0.01771650038197114
36	0.01	54	49	0.01771650038197114
36	0.01	54	28	0.01771650038197114
36	0.01	54	53	0.01771650038197114
36	0.01	54	6	0.01771650038197114
36	0.01	54	33	0.01771650038197114
36	0.01	54	35	0.004200049958458312
36	0.01	55	52	0.08562284021890938
36	0.01	55	96	0.08562284021890938
36	0.01	55	77	0.08562284021890938
36	0.01	55	20	0.08562284021890938
36	0.01	55	4	0.08562284021890938
36	0.01	55	14	0.08562284021890938
36	0.01	55	65	0.08562284021890938
36	0.01	55	66	0.029090007517424875
36	0.01	55	6	0.029090007517424875
36	0.01	55	60	0.029090007517424875
36	0.01	55	49	0.029090007517424875
36	0.01	55	69	0.029090007517424875
36	0.01	55	92	0.026316529949058396
36	0.01	55	28	0.029090007517424875
36	0.01	55	59	0.029090007517424875
36	0.01	55	42	0.026316529949058396
36	0.01	55	87	0.026316529949058396
36	0.01	55	30	0.010157668486554096
36	0.01	55	35	0.010157668486554096
36	0.01	55	80	0.019379430399461998
36	0.01	55	17	0.019379430399461998
36	0.01	55	53	0.019379430399461998
36	0.01	56	14	0.07057438911357099
36	0.01	56	77	0.07057438911357099
36	0.01	56	96	0.07057438911357099
36	0.01	56	52	0.07057438911357099
36	0.01	56	20	0.06804004205598362
36	0.01	56	65	0.04398882837726782
36	0.01	56	4	0.04398882837726782
36	0.01	56	42	0.04398882837726782
36	0.01	56	6	0.04398882837726782
36	0.01	56	66	0.032301983909475494
36	0.01	56	60	0.032301983909475494
36	0.01	56	92	0.032301983909475494
36	0.01	56	40	0.032301983909475494
36	0.01	56	49	0.032301983909475494
36	0.01	56	69	0.032301983909475494
36	0.01	56	28	0.032301983909475494
36	0.01	56	87	0.032301983909475494
36	0.01	56	59	0.032301983909475494
36	0.01	56	53	0.032301983909475494
36	0.01	56	33	0.009705145055574148
36	0.01	57	14	0.06632245397878508
36	0.01	57	77	0.06632245397878508
36	0.01	57	96	0.06632245397878508
36	0.01	57	52	0.06632245397878508
36	0.01	57	20	0.06632245397878508
36	0.01	57	65	0.03327540326777124
36	0.01	57	4	0.06591579875419336
36	0.01	57	42	0.06591579875419336
36	0.01	57	6	0.03327540326777124
36	0.01	57	66	0.029489928426713448
36	0.01	57	60	0.029489928426713448
36	0.01	57	92	0.02472685766150315
36	0.01	57	40	0.02472685766150315
36	0.01	57	49	0.02472685766150315
36	0.01	57	59	0.02472685766150315
36	0.01	57	53	0.02472685766150315
36	0.01	57	69	0.02472685766150315
36	0.01	57	33	0.02472685766150315
36	0.01	57	28	0.02472685766150315
36	0.01	57	17	0.004927540315016993
36	0.01	58	14	0.08278393111187797
36	0.01	58	77	0.08278393111187797
36	0.01	58	96	0.08278393111187797
36	0.01	58	20	0.06394334317408147
36	0.01	58	52	0.06394334317408147
36	0.01	58	42	0.06235257305162529
36	0.01	58	4	0.06235257305162529
36	0.01	58	65	0.03534416648433692
36	0.01	58	6	0.03534416648433692
36	0.01	58	66	0.027504579318638336
36	0.01	58	60	0.027504579318638336
36	0.01	58	59	0.02710909508871796
36	0.01	58	69	0.02710909508871796
36	0.01	58	92	0.02710909508871796
36	0.01	58	53	0.02710909508871796
36	0.01	58	49	0.02710909508871796
36	0.01	58	33	0.02710909508871796
36	0.01	58	40	0.02710909508871796
36	0.01	58	87	0.019173054220174644
36	0.01	58	29	0.011046294122364006
36	0.01	59	14	0.07786816736050002
36	0.01	59	77	0.07786816736050002
36	0.01	59	96	0.07786816736050002
36	0.01	59	52	0.07786816736050002
36	0.01	59	20	0.050942329064532714
36	0.01	59	42	0.04089077814614154
36	0.01	59	4	0.04089077814614154
36	0.01	59	6	0.04089077814614154
36	0.01	59	65	0.04089077814614154
36	0.01	59	69	0.03275277190157237
36	0.01	59	66	0.03275277190157237
36	0.01	59	60	0.03275277190157237
36	0.01	59	92	0.03275277190157237
36	0.01	59	40	0.03275277190157237
36	0.01	59	49	0.03275277190157237
36	0.01	59	53	0.03275277190157237
36	0.01	59	87	0.03275277190157237
36	0.01	59	59	0.018776253665432355
36	0.01	59	28	0.018776253665432355
36	0.01	59	33	0.011865348936318442
36	0.01	60	77	0.07938531017447092
36	0.01	60	96	0.07938531017447092
36	0.01	60	14	0.07938531017447092
36	0.01	60	52	0.07938531017447092
36	0.01	60	20	0.07938531017447092
36	0.01	60	42	0.04892628846990709
36	0.01	60	4	0.04892628846990709
36	0.01	60	65	0.030580815806140926
36	0.01	60	6	0.030580815806140926
36	0.01	60	49	0.029860424544654693
36	0.01	60	60	0.030580815806140926
36	0.01	60	66	0.030580815806140926
36	0.01	60	53	0.029860424544654693
36	0.01	60	69	0.029860424544654693
36	0.01	60	92	0.029860424544654693
36	0.01	60	40	0.029860424544654693
36	0.01	60	59	0.029860424544654693
36	0.01	60	87	0.029860424544654693
36	0.01	60	88	0.018899730910628923
36	0.01	60	29	0.029860424544654693
36	0.01	60	33	0.029860424544654693
36	0.01	61	14	0.07058322087274659
36	0.01	61	77	0.07058322087274659
36	0.01	61	96	0.07058322087274659
36	0.01	61	52	0.07058322087274659
36	0.01	61	20	0.06673741962901328
36	0.01	61	65	0.03618805483674674
36	0.01	61	4	0.06673741962901328
36	0.01	61	42	0.06673741962901328
36	0.01	61	6	0.03618805483674674
36	0.01	61	59	0.020940517990718575
36	0.01	61	60	0.0333107283298349
36	0.01	61	66	0.0333107283298349
36	0.01	61	92	0.032400121069668365
36	0.01	61	28	0.020940517990718575
36	0.01	61	49	0.032400121069668365
36	0.01	61	69	0.032400121069668365
36	0.01	61	40	0.032400121069668365
36	0.01	61	53	0.032400121069668365
36	0.01	61	87	0.032400121069668365
36	0.01	61	33	0.020940517990718575
36	0.01	62	14	0.06709602291598499
36	0.01	62	77	0.06709602291598499
36	0.01	62	96	0.06709602291598499
36	0.01	62	52	0.06709602291598499
36	0.01	62	20	0.06251408285744567
36	0.01	62	42	0.046852503229919455
36	0.01	62	4	0.046852503229919455
36	0.01	62	6	0.04334266045824105
36	0.01	62	65	0.03078062208703292
36	0.01	62	59	0.02572723212394893
36	0.01	62	60	0.03078062208703292
36	0.01	62	66	0.03078062208703292
36	0.01	62	40	0.02572723212394893
36	0.01	62	92	0.02572723212394893
36	0.01	62	53	0.02572723212394893
36	0.01	62	28	0.02572723212394893
36	0.01	62	87	0.02572723212394893
36	0.01	62	69	0.02572723212394893
36	0.01	62	49	0.02572723212394893
36	0.01	62	33	0.02572723212394893
36	0.01	63	14	0.0762609027507421
36	0.01	63	52	0.0762609027507421
36	0.01	63	77	0.0762609027507421
36	0.01	63	96	0.0762609027507421
36	0.01	63	20	0.0762609027507421
36	0.01	63	42	0.057459366783347524
36	0.01	63	4	0.057459366783347524
36	0.01	63	6	0.035674156875109934
36	0.01	63	65	0.035674156875109934
36	0.01	63	49	0.02500353991348338
36	0.01	63	66	0.02707937286304448
36	0.01	63	60	0.02707937286304448
36	0.01	63	59	0.02500353991348338
36	0.01	63	92	0.02500353991348338
36	0.01	63	28	0.02500353991348338
36	0.01	63	69	0.02500353991348338
36	0.01	63	53	0.02500353991348338
36	0.01	63	87	0.019776828890028558
36	0.01	63	40	0.02500353991348338
36	0.01	63	33	0.02500353991348338
36	0.01	64	14	0.07485613958578069
36	0.01	64	77	0.07485613958578069
36	0.01	64	96	0.07485613958578069
36	0.01	64	52	0.07485613958578069
36	0.01	64	20	0.07485613958578069
36	0.01	64	42	0.05968882157937731
36	0.01	64	4	0.05968882157937731
36	0.01	64	65	0.04964736271337096
36	0.01	64	6	0.04964736271337096
36	0.01	64	69	0.021844400459001153
36	0.01	64	66	0.02950829760582678
36	0.01	64	60	0.02950829760582678
36	0.01	64	59	0.016626169047608
36	0.01	64	92	0.021844400459001153
36	0.01	64	28	0.016626169047608
36	0.01	64	40	0.021844400459001153
36	0.01	64	53	0.021844400459001153
36	0.01	64	49	0.021844400459001153
36	0.01	64	33	0.016626169047608
36	0.01	64	87	0.016626169047608
36	0.01	65	14	0.07445159776354981
36	0.01	65	77	0.07445159776354981
36	0.01	65	96	0.07445159776354981
36	0.01	65	52	0.07445159776354981
36	0.01	65	20	0.07445159776354981
36	0.01	65	65	0.03471251873890454
36	0.01	65	4	0.04664657593563678
36	0.01	65	42	0.04664657593563678
36	0.01	65	6	0.04664657593563678
36	0.01	65	53	0.022405706713864527
36	0.01	65	60	0.02277209212427343
36	0.01	65	66	0.02277209212427343
36	0.01	65	28	0.022405706713864527
36	0.01	65	40	0.022405706713864527
36	0.01	65	33	0.022405706713864527
36	0.01	65	92	0.022405706713864527
36	0.01	65	69	0.022405706713864527
36	0.01	65	49	0.022405706713864527
36	0.01	65	87	0.01713388344784737
36	0.01	65	30	0.01713388344784737
36	0.01	66	14	0.08150864144637152
36	0.01	66	52	0.08150864144637152
36	0.01	66	77	0.08150864144637152
36	0.01	66	96	0.08150864144637152
36	0.01	66	20	0.06423962563462084
36	0.01	66	65	0.029173644441890238
36	0.01	66	4	0.05923923647612039
36	0.01	66	42	0.05923923647612039
36	0.01	66	6	0.029173644441890238
36	0.01	66	66	0.026645761597413033
36	0.01	66	60	0.026645761597413033
36	0.01	66	49	0.026645761597413033
36	0.01	66	40	0.026645761597413033
36	0.01	66	92	0.026645761597413033
36	0.01	66	53	0.026645761597413033
36	0.01	66	59	0.026645761597413033
36	0.01	66	69	0.026645761597413033
36	0.01	66	28	0.026645761597413033
36	0.01	66	87	0.026645761597413033
36	0.01	66	33	0.017932155428717237
36	0.01	67	14	0.07286909273790884
36	0.01	67	77	0.07286909273790884
36	0.01	67	96	0.07286909273790884
36	0.01	67	52	0.07286909273790884
36	0.01	67	20	0.06302911488437385
36	0.01	67	65	0.04085459532634901
36	0.01	67	4	0.04085459532634901
36	0.01	67	42	0.04085459532634901
36	0.01	67	6	0.04085459532634901
36	0.01	67	60	0.03671917828045899
36	0.01	67	66	0.03671917828045899
36	0.01	67	92	0.03671917828045899
36	0.01	67	40	0.03671917828045899
36	0.01	67	59	0.022820660881822982
36	0.01	67	28	0.022820660881822982
36	0.01	67	87	0.03671917828045899
36	0.01	67	69	0.03671917828045899
36	0.01	67	49	0.03671917828045899
36	0.01	67	53	0.03671917828045899
36	0.01	67	33	0.022820660881822982
36	0.01	68	14	0.08014298857803503
36	0.01	68	77	0.08014298857803503
36	0.01	68	96	0.08014298857803503
36	0.01	68	20	0.05501040359673084
36	0.01	68	52	0.05501040359673084
36	0.01	68	4	0.05501040359673084
36	0.01	68	42	0.05501040359673084
36	0.01	68	65	0.037296220435111216
36	0.01	68	6	0.037296220435111216
36	0.01	68	66	0.037296220435111216
36	0.01	68	60	0.037296220435111216
36	0.01	68	92	0.037296220435111216
36	0.01	68	53	0.037296220435111216
36	0.01	68	69	0.018757226993144055
36	0.01	68	28	0.018757226993144055
36	0.01	68	59	0.018757226993144055
36	0.01	68	49	0.018757226993144055
36	0.01	68	87	0.018757226993144055
36	0.01	68	33	0.018757226993144055
36	0.01	68	30	0.005657531418558668
36	0.01	69	14	0.07228896121242691
36	0.01	69	77	0.07228896121242691
36	0.01	69	96	0.07228896121242691
36	0.01	69	52	0.07228896121242691
36	0.01	69	20	0.06478760061892629
36	0.01	69	65	0.04616626366095212
36	0.01	69	42	0.04933865701739362
36	0.01	69	4	0.04933865701739362
36	0.01	69	6	0.04616626366095212
36	0.01	69	92	0.024991772786265482
36	0.01	69	66	0.027218242499268075
36	0.01	69	60	0.027218242499268075
36	0.01	69	69	0.024991772786265482
36	0.01	69	53	0.024991772786265482
36	0.01	69	28	0.024991772786265482
36	0.01	69	40	0.024991772786265482
36	0.01	69	59	0.024991772786265482
36	0.01	69	49	0.024991772786265482
36	0.01	69	87	0.024991772786265482
36	0.01	69	30	0.0028279301774707523
36	0.01	69	33	0.023194968005122375
36	0.01	70	14	0.06789733991996873
36	0.01	70	77	0.06789733991996873
36	0.01	70	96	0.06789733991996873
36	0.01	70	52	0.06789733991996873
36	0.01	70	20	0.06789733991996873
36	0.01	70	65	0.03433068040057806
36	0.01	70	4	0.03433068040057806
36	0.01	70	42	0.03433068040057806
36	0.01	70	6	0.03433068040057806
36	0.01	70	66	0.03150808932486908
36	0.01	70	60	0.03150808932486908
36	0.01	70	92	0.03150808932486908
36	0.01	70	28	0.03150808932486908
36	0.01	70	49	0.03150808932486908
36	0.01	70	69	0.03150808932486908
36	0.01	70	53	0.03150808932486908
36	0.01	70	87	0.03150808932486908
36	0.01	70	40	0.03150808932486908
36	0.01	70	59	0.03150808932486908
36	0.01	70	30	0.010893764600176428
36	0.01	71	14	0.06994765049627048
36	0.01	71	77	0.06994765049627048
36	0.01	71	96	0.06994765049627048
36	0.01	71	52	0.06994765049627048
36	0.01	71	20	0.056214381648674476
36	0.01	71	65	0.04884628703653193
36	0.01	71	42	0.05133629868137195
36	0.01	71	4	0.05133629868137195
36	0.01	71	6	0.04884628703653193
36	0.01	71	69	0.02558426231180311
36	0.01	71	66	0.034696133130255796
36	0.01	71	60	0.034696133130255796
36	0.01	71	40	0.02558426231180311
36	0.01	71	53	0.02558426231180311
36	0.01	71	92	0.02558426231180311
36	0.01	71	49	0.02558426231180311
36	0.01	71	59	0.02558426231180311
36	0.01	71	28	0.02558426231180311
36	0.01	71	87	0.023620717788095144
36	0.01	71	33	0.010961134856106199
36	0.01	72	14	0.07888386762614817
36	0.01	72	77	0.07888386762614817
36	0.01	72	96	0.07888386762614817
36	0.01	72	52	0.07888386762614817
36	0.01	72	20	0.0717689630793499
36	0.01	72	65	0.034787293541979604
36	0.01	72	42	0.0717689630793499
36	0.01	72	4	0.0717689630793499
36	0.01	72	6	0.034787293541979604
36	0.01	72	60	0.03227049908441765
36	0.01	72	66	0.03227049908441765
36	0.01	72	92	0.031489675572205306
36	0.01	72	40	0.031489675572205306
36	0.01	72	69	0.031489675572205306
36	0.01	72	49	0.031489675572205306
36	0.01	72	59	0.02967063841863287
36	0.01	72	87	0.031489675572205306
36	0.01	72	53	0.031489675572205306
36	0.01	72	28	0.02967063841863287
36	0.01	72	88	0.0058174914222613745
36	0.01	73	14	0.06536006054272273
36	0.01	73	96	0.06785402127150819
36	0.01	73	77	0.06785402127150819
36	0.01	73	52	0.06536006054272273
36	0.01	73	20	0.06536006054272273
36	0.01	73	42	0.041927960287515595
36	0.01	73	4	0.041927960287515595
36	0.01	73	65	0.0268621680691152
36	0.01	73	6	0.0268621680691152
36	0.01	73	60	0.025744773528138587
36	0.01	73	66	0.025744773528138587
36	0.01	73	92	0.025744773528138587
36	0.01	73	49	0.025744773528138587
36	0.01	73	28	0.025744773528138587
36	0.01	73	59	0.025744773528138587
36	0.01	73	53	0.015909182281510385
36	0.01	73	40	0.015909182281510385
36	0.01	73	87	0.015439658766505498
36	0.01	73	69	0.015439658766505498
36	0.01	73	30	0.015439658766505498
36	0.01	74	14	0.07080539850071797
36	0.01	74	52	0.07080539850071797
36	0.01	74	77	0.07080539850071797
36	0.01	74	96	0.07080539850071797
36	0.01	74	20	0.056811599269591284
36	0.01	74	4	0.056811599269591284
36	0.01	74	42	0.056811599269591284
36	0.01	74	6	0.05421701273300464
36	0.01	74	65	0.027814559461490515
36	0.01	74	28	0.0171259693931126
36	0.01	74	60	0.027814559461490515
36	0.01	74	66	0.027814559461490515
36	0.01	74	92	0.0171259693931126
36	0.01	74	40	0.0171259693931126
36	0.01	74	53	0.0171259693931126
36	0.01	74	49	0.0171259693931126
36	0.01	74	69	0.0171259693931126
36	0.01	74	87	0.0171259693931126
36	0.01	74	88	0.012610787625567003
36	0.01	74	59	0.0171259693931126
36	0.01	74	33	0.0171259693931126
36	0.01	75	14	0.0825329324046782
36	0.01	75	77	0.0825329324046782
36	0.01	75	96	0.0825329324046782
36	0.01	75	52	0.0825329324046782
36	0.01	75	20	0.03956361080427394
36	0.01	75	65	0.03956361080427394
36	0.01	75	42	0.03956361080427394
36	0.01	75	4	0.03956361080427394
36	0.01	75	6	0.03663280269468616
36	0.01	75	69	0.02983506978521553
36	0.01	75	59	0.02983506978521553
36	0.01	75	49	0.029780060037242734
36	0.01	75	60	0.02983506978521553
36	0.01	75	66	0.02983506978521553
36	0.01	75	40	0.02983506978521553
36	0.01	75	92	0.02983506978521553
36	0.01	75	53	0.01548837051891935
36	0.01	75	28	0.029780060037242734
36	0.01	75	88	0.01767593338226462
36	0.01	75	17	0.004445535273879393
36	0.01	76	14	0.06885505686278874
36	0.01	76	77	0.06885505686278874
36	0.01	76	96	0.06885505686278874
36	0.01	76	20	0.06885505686278874
36	0.01	76	52	0.06885505686278874
36	0.01	76	6	0.04018342014995983
36	0.01	76	42	0.04018342014995983
36	0.01	76	4	0.04018342014995983
36	0.01	76	65	0.04018342014995983
36	0.01	76	66	0.027434515920853626
36	0.01	76	92	0.023646681294130247
36	0.01	76	59	0.022018275505340374
36	0.01	76	53	0.023646681294130247
36	0.01	76	49	0.023646681294130247
36	0.01	76	60	0.023646681294130247
36	0.01	76	69	0.023646681294130247
36	0.01	76	40	0.023646681294130247
36	0.01	76	17	0.023646681294130247
36	0.01	76	29	0.005050902298629202
36	0.01	76	28	0.00753959996915879
36	0.01	76	33	0.00753959996915879
36	0.01	76	87	0.00753959996915879
36	0.01	77	77	0.06904350361141635
36	0.01	77	14	0.06904350361141635
36	0.01	77	52	0.06904350361141635
36	0.01	77	96	0.06904350361141635
36	0.01	77	20	0.05157251873960231
36	0.01	77	65	0.05157251873960231
36	0.01	77	4	0.05157251873960231
36	0.01	77	42	0.05157251873960231
36	0.01	77	6	0.046058051965651325
36	0.01	77	59	0.020025172260608886
36	0.01	77	60	0.02294264835326802
36	0.01	77	92	0.02294264835326802
36	0.01	77	66	0.02294264835326802
36	0.01	77	49	0.020025172260608886
36	0.01	77	53	0.020025172260608886
36	0.01	77	87	0.020025172260608886
36	0.01	77	40	0.020025172260608886
36	0.01	77	80	0.003015622530658053
36	0.01	77	69	0.013051460568884215
36	0.01	77	28	0.013051460568884215
36	0.01	77	29	0.011002928186898658
36	0.01	78	96	0.08982775093841355
36	0.01	78	77	0.08982775093841355
36	0.01	78	52	0.08982775093841355
36	0.01	78	14	0.08982775093841355
36	0.01	78	20	0.04946872144026993
36	0.01	78	6	0.037465493749907604
36	0.01	78	42	0.037465493749907604
36	0.01	78	4	0.037465493749907604
36	0.01	78	65	0.037465493749907604
36	0.01	78	66	0.021585723893203814
36	0.01	78	60	0.021585723893203814
36	0.01	78	92	0.021585723893203814
36	0.01	78	49	0.020904508595405727
36	0.01	78	53	0.020904508595405727
36	0.01	78	28	0.020904508595405727
36	0.01	78	40	0.020904508595405727
36	0.01	78	69	0.020904508595405727
36	0.01	78	88	0.020904508595405727
36	0.01	78	33	0.019211545011994277
36	0.01	78	59	0.019211545011994277
36	0.01	78	97	0.020904508595405727
36	0.01	78	87	0.020904508595405727
36	0.01	79	14	0.06196706594557475
36	0.01	79	77	0.06234477715293429
36	0.01	79	96	0.06234477715293429
36	0.01	79	52	0.06196706594557475
36	0.01	79	20	0.06196706594557475
36	0.01	79	6	0.05610169002975318
36	0.01	79	42	0.05610169002975318
36	0.01	79	4	0.05610169002975318
36	0.01	79	65	0.05610169002975318
36	0.01	79	60	0.03208475507666534
36	0.01	79	66	0.03208475507666534
36	0.01	79	92	0.024896589253255517
36	0.01	79	40	0.024896589253255517
36	0.01	79	53	0.024896589253255517
36	0.01	79	28	0.024896589253255517
36	0.01	79	87	0.024896589253255517
36	0.01	79	49	0.024896589253255517
36	0.01	79	59	0.024896589253255517
36	0.01	79	69	0.024896589253255517
36	0.01	79	33	0.024896589253255517
36	0.01	80	14	0.06306086141147837
36	0.01	80	77	0.06306086141147837
36	0.01	80	96	0.06306086141147837
36	0.01	80	52	0.06306086141147837
36	0.01	80	20	0.06306086141147837
36	0.01	80	6	0.03677267356576237
36	0.01	80	42	0.06306086141147837
36	0.01	80	4	0.06306086141147837
36	0.01	80	92	0.02717900362769679
36	0.01	80	65	0.02717900362769679
36	0.01	80	53	0.02717900362769679
36	0.01	80	66	0.02717900362769679
36	0.01	80	60	0.02717900362769679
36	0.01	80	40	0.02717900362769679
36	0.01	80	35	0.006033319987474541
36	0.01	80	30	0.026280868500166036
36	0.01	80	87	0.026280868500166036
36	0.01	80	69	0.026280868500166036
36	0.01	80	80	0.006501924532957232
36	0.01	80	97	0.005546106446058798
36	0.01	81	14	0.05810432913025678
36	0.01	81	77	0.05810432913025678
36	0.01	81	96	0.05810432913025678
36	0.01	81	52	0.05810432913025678
36	0.01	81	20	0.05810432913025678
36	0.01	81	65	0.04353296173412916
36	0.01	81	42	0.05492137618461719
36	0.01	81	4	0.05492137618461719
36	0.01	81	6	0.026682852997862338
36	0.01	81	60	0.025738874397037086
36	0.01	81	66	0.025738874397037086
36	0.01	81	59	0.025738874397037086
36	0.01	81	49	0.025738874397037086
36	0.01	81	69	0.025738874397037086
36	0.01	81	28	0.025738874397037086
36	0.01	81	92	0.025738874397037086
36	0.01	81	40	0.025738874397037086
36	0.01	81	53	0.025738874397037086
36	0.01	81	17	0.018131363749618004
36	0.01	81	30	0.018131363749618004
36	0.01	81	87	0.025738874397037086
36	0.01	81	33	0.025738874397037086
36	0.01	82	14	0.06740441413168562
36	0.01	82	77	0.06740441413168562
36	0.01	82	96	0.06740441413168562
36	0.01	82	52	0.06740441413168562
36	0.01	82	20	0.060125087499005934
36	0.01	82	4	0.060125087499005934
36	0.01	82	42	0.060125087499005934
36	0.01	82	65	0.03458665549778864
36	0.01	82	66	0.03458665549778864
36	0.01	82	6	0.03458665549778864
36	0.01	82	60	0.03458665549778864
36	0.01	82	69	0.03458665549778864
36	0.01	82	53	0.03458665549778864
36	0.01	82	92	0.03458665549778864
36	0.01	82	40	0.03458665549778864
36	0.01	82	59	0.03458665549778864
36	0.01	82	87	0.03458665549778864
36	0.01	82	49	0.03458665549778864
36	0.01	82	28	0.03458665549778864
36	0.01	82	33	0.03458665549778864
36	0.01	83	14	0.06389398362824329
36	0.01	83	52	0.06389398362824329
36	0.01	83	77	0.06389398362824329
36	0.01	83	96	0.06389398362824329
36	0.01	83	20	0.06389398362824329
36	0.01	83	6	0.06389398362824329
36	0.01	83	42	0.06389398362824329
36	0.01	83	4	0.06389398362824329
36	0.01	83	65	0.029802883625016187
36	0.01	83	49	0.023126287332760266
36	0.01	83	66	0.029802883625016187
36	0.01	83	60	0.029802883625016187
36	0.01	83	59	0.023126287332760266
36	0.01	83	40	0.023126287332760266
36	0.01	83	53	0.023126287332760266
36	0.01	83	69	0.023126287332760266
36	0.01	83	87	0.023126287332760266
36	0.01	83	33	0.021329593584473616
36	0.01	83	28	0.021329593584473616
36	0.01	83	29	0.0012292995081301442
36	0.01	84	96	0.06243045569977416
36	0.01	84	77	0.06243045569977416
36	0.01	84	20	0.06243045569977416
36	0.01	84	52	0.06243045569977416
36	0.01	84	14	0.06243045569977416
36	0.01	84	65	0.06243045569977416
36	0.01	84	6	0.027057094356746633
36	0.01	84	42	0.06243045569977416
36	0.01	84	4	0.06243045569977416
36	0.01	84	66	0.03464457604893951
36	0.01	84	60	0.03464457604893951
36	0.01	84	87	0.018091840609126806
36	0.01	84	92	0.027057094356746633
36	0.01	84	69	0.017738870439739454
36	0.01	84	59	0.017738870439739454
36	0.01	84	28	0.017738870439739454
36	0.01	84	53	0.017738870439739454
36	0.01	84	40	0.0156139551585347
36	0.01	84	80	0.005253397700834122
36	0.01	84	17	0.013658809364781031
36	0.01	84	33	0.013658809364781031
36	0.01	85	14	0.10467439640231373
36	0.01	85	96	0.10467439640231373
36	0.01	85	77	0.10467439640231373
36	0.01	85	52	0.10467439640231373
36	0.01	85	20	0.10467439640231373
36	0.01	85	4	0.10467439640231373
36	0.01	85	42	0.10467439640231373
36	0.01	85	49	0.02691449803997193
36	0.01	85	6	0.02691449803997193
36	0.01	85	65	0.02691449803997193
36	0.01	85	60	0.02691449803997193
36	0.01	85	66	0.02691449803997193
36	0.01	85	92	0.02691449803997193
36	0.01	85	53	0.02691449803997193
36	0.01	85	69	0.02691449803997193
36	0.01	85	59	0.02691449803997193
36	0.01	85	40	0.02691449803997193
36	0.01	85	87	0.02691449803997193
36	0.01	85	30	0.011066374510015145
36	0.01	85	28	0.018072812421537868
36	0.01	85	33	0.018072812421537868
36	0.01	86	14	0.06485061316216274
36	0.01	86	77	0.06485061316216274
36	0.01	86	96	0.06485061316216274
36	0.01	86	52	0.06485061316216274
36	0.01	86	20	0.056840030881173016
36	0.01	86	65	0.047910883710624505
36	0.01	86	4	0.052436545641094214
36	0.01	86	42	0.052436545641094214
36	0.01	86	6	0.047910883710624505
36	0.01	86	59	0.018732252873140273
36	0.01	86	60	0.02638648202243816
36	0.01	86	66	0.02638648202243816
36	0.01	86	92	0.018732252873140273
36	0.01	86	28	0.018732252873140273
36	0.01	86	40	0.018732252873140273
36	0.01	86	49	0.018732252873140273
36	0.01	86	69	0.018732252873140273
36	0.01	86	30	0.009732891966350455
36	0.01	86	53	0.018732252873140273
36	0.01	86	87	0.018732252873140273
36	0.01	86	33	0.018732252873140273
36	0.01	87	14	0.07249981812817742
36	0.01	87	77	0.07249981812817742
36	0.01	87	96	0.07249981812817742
36	0.01	87	52	0.07249981812817742
36	0.01	87	20	0.07249981812817742
36	0.01	87	65	0.0448773398218212
36	0.01	87	4	0.05211393180218433
36	0.01	87	42	0.05211393180218433
36	0.01	87	6	0.0448773398218212
36	0.01	87	66	0.02939898792683382
36	0.01	87	59	0.02397187076336956
36	0.01	87	92	0.02397187076336956
36	0.01	87	60	0.02397187076336956
36	0.01	87	40	0.02397187076336956
36	0.01	87	53	0.02397187076336956
36	0.01	87	28	0.02009627392914653
36	0.01	87	33	0.02009627392914653
36	0.01	87	69	0.012704162476540085
36	0.01	87	87	0.012704162476540085
36	0.01	87	30	0.010718045151963103
36	0.01	88	14	0.07659571287562278
36	0.01	88	20	0.060443254076047975
36	0.01	88	96	0.07659571287562278
36	0.01	88	77	0.07659571287562278
36	0.01	88	52	0.07659571287562278
36	0.01	88	65	0.03998893888729959
36	0.01	88	4	0.04078905438637812
36	0.01	88	42	0.04078905438637812
36	0.01	88	6	0.03998893888729959
36	0.01	88	49	0.024939445585711227
36	0.01	88	66	0.024939445585711227
36	0.01	88	60	0.024939445585711227
36	0.01	88	40	0.024939445585711227
36	0.01	88	59	0.024939445585711227
36	0.01	88	28	0.024939445585711227
36	0.01	88	53	0.01391232876012871
36	0.01	88	87	0.024939445585711227
36	0.01	88	92	0.024939445585711227
36	0.01	88	33	0.024939445585711227
36	0.01	88	69	0.009488459453201618
36	0.01	89	14	0.08582652349564375
36	0.01	89	77	0.08582652349564375
36	0.01	89	96	0.08582652349564375
36	0.01	89	52	0.08582652349564375
36	0.01	89	20	0.05332510902452403
36	0.01	89	4	0.05332510902452403
36	0.01	89	42	0.05332510902452403
36	0.01	89	6	0.05332510902452403
36	0.01	89	65	0.026400217137912557
36	0.01	89	60	0.026400217137912557
36	0.01	89	66	0.026400217137912557
36	0.01	89	40	0.024306802012979176
36	0.01	89	92	0.024306802012979176
36	0.01	89	53	0.024306802012979176
36	0.01	89	87	0.012777876471613903
36	0.01	89	49	0.024306802012979176
36	0.01	89	69	0.024306802012979176
36	0.01	89	33	0.024306802012979176
36	0.01	89	88	0.012167329689403508
36	0.01	89	80	0.012167329689403508
36	0.01	90	77	0.10045571366763446
36	0.01	90	52	0.10045571366763446
36	0.01	90	14	0.10045571366763446
36	0.01	90	96	0.10045571366763446
36	0.01	90	20	0.06398611533764334
36	0.01	90	60	0.02397183277242286
36	0.01	90	4	0.02397183277242286
36	0.01	90	42	0.02397183277242286
36	0.01	90	53	0.02397183277242286
36	0.01	90	65	0.02397183277242286
36	0.01	90	66	0.02397183277242286
36	0.01	90	59	0.02397183277242286
36	0.01	90	87	0.02397183277242286
36	0.01	90	69	0.02397183277242286
36	0.01	90	49	0.02397183277242286
36	0.01	90	80	0.02397183277242286
36	0.01	90	40	0.008659779877101979
36	0.01	90	28	0.02397183277242286
36	0.01	90	33	0.021791468053104217
36	0.01	90	35	0.021791468053104217
36	0.01	90	6	0.021791468053104217
36	0.01	91	77	0.08330086650598581
36	0.01	91	96	0.08330086650598581
36	0.01	91	14	0.06661951404943621
36	0.01	91	52	0.06661951404943621
36	0.01	91	20	0.04641226100685663
36	0.01	91	42	0.04641226100685663
36	0.01	91	4	0.04641226100685663
36	0.01	91	65	0.04641226100685663
36	0.01	91	6	0.045472969160139806
36	0.01	91	66	0.025655445366037425
36	0.01	91	69	0.025655445366037425
36	0.01	91	92	0.025655445366037425
36	0.01	91	40	0.025655445366037425
36	0.01	91	59	0.025655445366037425
36	0.01	91	53	0.025655445366037425
36	0.01	91	60	0.025655445366037425
36	0.01	91	87	0.025655445366037425
36	0.01	91	28	0.025655445366037425
36	0.01	91	33	0.023453786138447476
36	0.01	91	29	0.007590836303946225
36	0.01	92	96	0.08139213227178015
36	0.01	92	77	0.08139213227178015
36	0.01	92	14	0.08139213227178015
36	0.01	92	52	0.08139213227178015
36	0.01	92	65	0.06028126064677678
36	0.01	92	20	0.06028126064677678
36	0.01	92	42	0.06028126064677678
36	0.01	92	4	0.06028126064677678
36	0.01	92	6	0.06028126064677678
36	0.01	92	66	0.026753282167473393
36	0.01	92	60	0.026753282167473393
36	0.01	92	49	0.022235706567880632
36	0.01	92	92	0.022235706567880632
36	0.01	92	69	0.020313726124113914
36	0.01	92	59	0.020313726124113914
36	0.01	92	53	0.020313726124113914
36	0.01	92	87	0.020313726124113914
36	0.01	92	30	0.020313726124113914
36	0.01	92	40	0.008798018245747817
36	0.01	92	88	0.008798018245747817
36	0.01	93	14	0.09930046652393981
36	0.01	93	52	0.09930046652393981
36	0.01	93	96	0.09930046652393981
36	0.01	93	77	0.09930046652393981
36	0.01	93	20	0.04347480826707083
36	0.01	93	65	0.04069634235975881
36	0.01	93	4	0.04347480826707083
36	0.01	93	42	0.04347480826707083
36	0.01	93	6	0.04069634235975881
36	0.01	93	60	0.04013513729660533
36	0.01	93	66	0.04013513729660533
36	0.01	93	53	0.018962992993603482
36	0.01	93	49	0.034778781026537274
36	0.01	93	92	0.034778781026537274
36	0.01	93	40	0.013750806931862022
36	0.01	93	59	0.018962992993603482
36	0.01	93	30	0.013146460179727622
36	0.01	93	87	0.018962992993603482
36	0.01	93	29	0.018962992993603482
36	0.01	93	33	0.018962992993603482
36	0.01	93	28	0.018962992993603482
36	0.01	94	14	0.1026035643146628
36	0.01	94	96	0.08030175103427357
36	0.01	94	77	0.08030175103427357
36	0.01	94	52	0.06406803577913621
36	0.01	94	4	0.06406803577913621
36	0.01	94	42	0.06406803577913621
36	0.01	94	6	0.06406803577913621
36	0.01	94	65	0.06406803577913621
36	0.01	94	87	0.03052921805084313
36	0.01	94	28	0.020623055191427705
36	0.01	94	17	0.03052921805084313
36	0.01	94	49	0.03052921805084313
36	0.01	94	59	0.03052921805084313
36	0.01	94	35	0.013709972463037543
36	0.01	94	40	0.013709972463037543
36	0.01	94	30	0.020623055191427705
36	0.01	94	88	0.020623055191427705
36	0.01	94	97	0.020623055191427705
36	0.01	94	58	0.013709972463037543
36	0.01	94	19	0.011758660433501052
36	0.01	94	37	0.011758660433501052
36	0.01	94	53	0.011758660433501052
36	0.01	95	14	0.07692446413877002
36	0.01	95	52	0.07692446413877002
36	0.01	95	20	0.06002050950654693
36	0.01	95	77	0.07692446413877002
36	0.01	95	96	0.07692446413877002
36	0.01	95	65	0.04215611855411723
36	0.01	95	42	0.04215611855411723
36	0.01	95	4	0.04215611855411723
36	0.01	95	92	0.023797281695469373
36	0.01	95	6	0.023797281695469373
36	0.01	95	59	0.023797281695469373
36	0.01	95	66	0.023797281695469373
36	0.01	95	60	0.023797281695469373
36	0.01	95	53	0.023797281695469373
36	0.01	95	69	0.023797281695469373
36	0.01	95	40	0.018956762604479087
36	0.01	95	87	0.018956762604479087
36	0.01	95	28	0.023797281695469373
36	0.01	95	49	0.023797281695469373
36	0.01	95	33	0.010990013113367027
36	0.01	96	96	0.0755010717747498
36	0.01	96	77	0.0755010717747498
36	0.01	96	14	0.06597976131350138
36	0.01	96	52	0.06597976131350138
36	0.01	96	20	0.06597976131350138
36	0.01	96	65	0.039222167828115856
36	0.01	96	4	0.05693170014943616
36	0.01	96	42	0.05693170014943616
36	0.01	96	6	0.039222167828115856
36	0.01	96	92	0.022547985890290625
36	0.01	96	60	0.03485241214313805
36	0.01	96	66	0.03485241214313805
36	0.01	96	49	0.022547985890290625
36	0.01	96	40	0.022547985890290625
36	0.01	96	53	0.022547985890290625
36	0.01	96	69	0.022547985890290625
36	0.01	96	87	0.022547985890290625
36	0.01	96	59	0.0197029703340174
36	0.01	96	28	0.0197029703340174
36	0.01	96	33	0.0197029703340174
36	0.01	97	77	0.07813531473560939
36	0.01	97	96	0.07813531473560939
36	0.01	97	20	0.07813531473560939
36	0.01	97	52	0.07813531473560939
36	0.01	97	14	0.07813531473560939
36	0.01	97	65	0.07813531473560939
36	0.01	97	4	0.07813531473560939
36	0.01	97	42	0.07813531473560939
36	0.01	97	6	0.02615117432293649
36	0.01	97	66	0.02615117432293649
36	0.01	97	60	0.02615117432293649
36	0.01	97	59	0.02615117432293649
36	0.01	97	28	0.02615117432293649
36	0.01	97	49	0.02615117432293649
36	0.01	97	69	0.02615117432293649
36	0.01	97	92	0.01260262270510648
36	0.01	97	53	0.01260262270510648
36	0.01	97	87	0.009969025258037913
36	0.01	97	17	0.008091041674682515
36	0.01	97	97	0.008091041674682515
36	0.01	98	14	0.09449052516236459
36	0.01	98	96	0.09449052516236459
36	0.01	98	77	0.09449052516236459
36	0.01	98	52	0.09449052516236459
36	0.01	98	20	0.09449052516236459
36	0.01	98	42	0.0784050299403863
36	0.01	98	4	0.0784050299403863
36	0.01	98	6	0.03175317866783971
36	0.01	98	65	0.03175317866783971
36	0.01	98	59	0.03175317866783971
36	0.01	98	66	0.03175317866783971
36	0.01	98	60	0.03175317866783971
36	0.01	98	33	0.03175317866783971
36	0.01	98	53	0.03175317866783971
36	0.01	98	49	0.03175317866783971
36	0.01	98	30	0.03175317866783971
36	0.01	98	17	0.03175317866783971
36	0.01	98	92	0.03175317866783971
36	0.01	98	87	0.03175317866783971
36	0.01	98	69	0.011414557849686988
36	0.01	99	14	0.07303069606046012
36	0.01	99	77	0.07303069606046012
36	0.01	99	96	0.07303069606046012
36	0.01	99	52	0.07303069606046012
36	0.01	99	20	0.07303069606046012
36	0.01	99	6	0.0465124889577405
36	0.01	99	4	0.0465124889577405
36	0.01	99	42	0.0465124889577405
36	0.01	99	65	0.0465124889577405
36	0.01	99	60	0.02728779899467239
36	0.01	99	66	0.02728779899467239
36	0.01	99	59	0.02633771455492383
36	0.01	99	40	0.02633771455492383
36	0.01	99	28	0.02633771455492383
36	0.01	99	53	0.02633771455492383
36	0.01	99	92	0.02633771455492383
36	0.01	99	69	0.02633771455492383
36	0.01	99	49	0.02633771455492383
36	0.01	99	33	0.02633771455492383
36	0.01	99	29	0.0023698984226241497
36	0.01	100	14	0.07298993190900568
36	0.01	100	96	0.07298993190900568
36	0.01	100	77	0.07298993190900568
36	0.01	100	52	0.07298993190900568
36	0.01	100	20	0.060401900429874165
36	0.01	100	65	0.03869571955523477
36	0.01	100	42	0.044042202140987245
36	0.01	100	4	0.044042202140987245
36	0.01	100	6	0.044042202140987245
36	0.01	100	53	0.024694259106518842
36	0.01	100	60	0.02734296611969838
36	0.01	100	66	0.02734296611969838
36	0.01	100	92	0.024694259106518842
36	0.01	100	40	0.024694259106518842
36	0.01	100	87	0.024694259106518842
36	0.01	100	49	0.024694259106518842
36	0.01	100	28	0.024694259106518842
36	0.01	100	59	0.024694259106518842
36	0.01	100	30	0.009635680075618906
36	0.01	100	69	0.024694259106518842
36	0.01	100	33	0.024694259106518842
36	0.1	1	14	0.06432558502664486
36	0.1	1	77	0.06432558502664486
36	0.1	1	96	0.06432558502664486
36	0.1	1	52	0.06432558502664486
36	0.1	1	20	0.05407907251998477
36	0.1	1	65	0.04000362686103473
36	0.1	1	4	0.05407907251998477
36	0.1	1	42	0.05407907251998477
36	0.1	1	6	0.05407907251998477
36	0.1	1	59	0.02531755826133893
36	0.1	1	66	0.04000362686103473
36	0.1	1	60	0.04000362686103473
36	0.1	1	53	0.010126218443296557
36	0.1	1	40	0.02531755826133893
36	0.1	1	87	0.02531755826133893
36	0.1	1	92	0.010126218443296557
36	0.1	1	17	0.010126218443296557
36	0.1	1	49	0.010126218443296557
36	0.1	1	33	0.010126218443296557
36	0.1	1	80	0.010126218443296557
36	0.1	2	77	0.10187226524266128
36	0.1	2	96	0.10187226524266128
36	0.1	2	20	0.10187226524266128
36	0.1	2	4	0.05579773607712139
36	0.1	2	52	0.10187226524266128
36	0.1	2	14	0.10187226524266128
36	0.1	2	65	0.10187226524266128
36	0.1	2	66	0.035639497066180865
36	0.1	2	6	0.035639497066180865
36	0.1	2	42	0.035639497066180865
36	0.1	2	28	0.035639497066180865
36	0.1	2	40	0.020894090487566762
36	0.1	2	53	0.020894090487566762
36	0.1	2	92	0.020894090487566762
36	0.1	2	69	0.019095061992594257
36	0.1	2	33	0.015104847043769411
36	0.1	2	87	0.015104847043769411
36	0.1	2	17	0.0142973256424329
36	0.1	2	88	0.005736408868108744
36	0.1	2	35	0.01457434053370597
36	0.1	2	49	0.01457434053370597
36	0.1	2	30	0.01457434053370597
36	0.1	3	14	0.06054795858356472
36	0.1	3	77	0.06054795858356472
36	0.1	3	96	0.06054795858356472
36	0.1	3	52	0.06054795858356472
36	0.1	3	20	0.06054795858356472
36	0.1	3	65	0.03536931238470323
36	0.1	3	42	0.06054795858356472
36	0.1	3	4	0.06054795858356472
36	0.1	3	6	0.023747448222298427
36	0.1	3	66	0.023747448222298427
36	0.1	3	60	0.023747448222298427
36	0.1	3	92	0.023747448222298427
36	0.1	3	53	0.023747448222298427
36	0.1	3	69	0.023747448222298427
36	0.1	3	49	0.023747448222298427
36	0.1	3	87	0.023747448222298427
36	0.1	3	40	0.023747448222298427
36	0.1	3	28	0.011502400726468694
36	0.1	3	30	0.0040420772893572385
36	0.1	3	33	0.011502400726468694
36	0.1	3	59	0.011502400726468694
36	0.1	4	14	0.09335324107568921
36	0.1	4	96	0.09335324107568921
36	0.1	4	77	0.09335324107568921
36	0.1	4	52	0.09335324107568921
36	0.1	4	6	0.030860427057782525
36	0.1	4	42	0.04826050992301811
36	0.1	4	4	0.04826050992301811
36	0.1	4	66	0.0303167956007248
36	0.1	4	20	0.0303167956007248
36	0.1	4	28	0.024112115935562756
36	0.1	4	59	0.024112115935562756
36	0.1	4	65	0.0303167956007248
36	0.1	4	60	0.0303167956007248
36	0.1	4	30	0.017400395041547258
36	0.1	4	29	0.009637348618966559
36	0.1	4	50	0.009637348618966559
36	0.1	4	17	0.017400395041547258
36	0.1	4	53	0.017400395041547258
36	0.1	4	40	0.017400395041547258
36	0.1	4	87	0.017400395041547258
36	0.1	4	92	0.017400395041547258
36	0.1	4	33	0.009637348618966559
36	0.1	5	77	0.058388387837153666
36	0.1	5	52	0.058388387837153666
36	0.1	5	20	0.058388387837153666
36	0.1	5	96	0.058388387837153666
36	0.1	5	42	0.05135332108280156
36	0.1	5	4	0.05135332108280156
36	0.1	5	65	0.058388387837153666
36	0.1	5	14	0.058388387837153666
36	0.1	5	92	0.04035867686396832
36	0.1	5	17	0.04035867686396832
36	0.1	5	59	0.04035867686396832
36	0.1	5	40	0.04035867686396832
36	0.1	5	66	0.04035867686396832
36	0.1	5	60	0.04035867686396832
36	0.1	5	6	0.010407493950069124
36	0.1	5	39	0.010407493950069124
36	0.1	5	97	0.020105504071752232
36	0.1	5	35	0.020105504071752232
36	0.1	5	28	0.020105504071752232
36	0.1	5	33	0.020105504071752232
36	0.1	5	88	0.020105504071752232
36	0.1	5	62	0.020105504071752232
36	0.1	6	96	0.12346915481845236
36	0.1	6	14	0.07107621973573028
36	0.1	6	52	0.07107621973573028
36	0.1	6	77	0.038701810839111825
36	0.1	6	20	0.038701810839111825
36	0.1	6	42	0.038701810839111825
36	0.1	6	65	0.038701810839111825
36	0.1	6	4	0.038701810839111825
36	0.1	6	6	0.038701810839111825
36	0.1	6	53	0.033950927681809455
36	0.1	6	49	0.033950927681809455
36	0.1	6	92	0.033950927681809455
36	0.1	6	69	0.033950927681809455
36	0.1	6	59	0.012569704757326935
36	0.1	6	28	0.012569704757326935
36	0.1	6	66	0.033950927681809455
36	0.1	6	87	0.033950927681809455
36	0.1	6	40	0.033950927681809455
36	0.1	6	60	0.033950927681809455
36	0.1	6	88	0.033950927681809455
36	0.1	6	97	0.033950927681809455
36	0.1	6	33	0.012569704757326935
36	0.1	7	14	0.07570804168130221
36	0.1	7	77	0.07570804168130221
36	0.1	7	96	0.07570804168130221
36	0.1	7	52	0.07570804168130221
36	0.1	7	20	0.05504697095628006
36	0.1	7	65	0.027139547829129508
36	0.1	7	4	0.05504697095628006
36	0.1	7	42	0.05504697095628006
36	0.1	7	6	0.0356534790714131
36	0.1	7	59	0.024756437402063597
36	0.1	7	60	0.027139547829129508
36	0.1	7	66	0.027139547829129508
36	0.1	7	49	0.024756437402063597
36	0.1	7	53	0.024756437402063597
36	0.1	7	92	0.024756437402063597
36	0.1	7	40	0.024756437402063597
36	0.1	7	69	0.024756437402063597
36	0.1	7	28	0.024756437402063597
36	0.1	7	33	0.024756437402063597
36	0.1	7	87	0.015419585960069924
36	0.1	8	14	0.06303592210724665
36	0.1	8	77	0.06303592210724665
36	0.1	8	96	0.06303592210724665
36	0.1	8	52	0.06303592210724665
36	0.1	8	20	0.06303592210724665
36	0.1	8	65	0.06303592210724665
36	0.1	8	4	0.06303592210724665
36	0.1	8	42	0.06303592210724665
36	0.1	8	6	0.04147680881307182
36	0.1	8	92	0.022881603074146918
36	0.1	8	53	0.022881603074146918
36	0.1	8	59	0.022881603074146918
36	0.1	8	33	0.022881603074146918
36	0.1	8	69	0.022881603074146918
36	0.1	8	49	0.022881603074146918
36	0.1	8	35	0.010259463472937753
36	0.1	8	40	0.022881603074146918
36	0.1	8	66	0.022881603074146918
36	0.1	8	87	0.022881603074146918
36	0.1	8	60	0.022881603074146918
36	0.1	9	96	0.06540223152984623
36	0.1	9	77	0.06540223152984623
36	0.1	9	14	0.0645610123724786
36	0.1	9	52	0.0645610123724786
36	0.1	9	20	0.0645610123724786
36	0.1	9	6	0.0645610123724786
36	0.1	9	65	0.0645610123724786
36	0.1	9	42	0.0645610123724786
36	0.1	9	4	0.0645610123724786
36	0.1	9	59	0.022915635147963225
36	0.1	9	66	0.022915635147963225
36	0.1	9	60	0.022915635147963225
36	0.1	9	28	0.022915635147963225
36	0.1	9	40	0.022915635147963225
36	0.1	9	17	0.01913541961927827
36	0.1	9	92	0.019746579431466852
36	0.1	9	29	0.019746579431466852
36	0.1	9	87	0.019746579431466852
36	0.1	9	53	0.010018279405564575
36	0.1	9	69	0.010018279405564575
36	0.1	9	49	0.010018279405564575
36	0.1	10	14	0.08689788740343937
36	0.1	10	96	0.08689788740343937
36	0.1	10	77	0.08689788740343937
36	0.1	10	52	0.08689788740343937
36	0.1	10	42	0.03880341449968165
36	0.1	10	4	0.03880341449968165
36	0.1	10	69	0.03282108925719539
36	0.1	10	60	0.03282108925719539
36	0.1	10	66	0.03282108925719539
36	0.1	10	20	0.03282108925719539
36	0.1	10	92	0.03282108925719539
36	0.1	10	40	0.03282108925719539
36	0.1	10	28	0.03282108925719539
36	0.1	10	33	0.03282108925719539
36	0.1	10	87	0.03282108925719539
36	0.1	10	35	0.03282108925719539
36	0.1	10	30	0.03282108925719539
36	0.1	10	65	0.03282108925719539
36	0.1	10	29	0.01504924247551735
36	0.1	10	97	0.01504924247551735
36	0.1	11	6	0.08333670880224404
36	0.1	11	77	0.08333670880224404
36	0.1	11	96	0.08333670880224404
36	0.1	11	14	0.06235500944391539
36	0.1	11	69	0.06235500944391539
36	0.1	11	20	0.06235500944391539
36	0.1	11	65	0.06235500944391539
36	0.1	11	87	0.06235500944391539
36	0.1	11	52	0.06235500944391539
36	0.1	11	33	0.06235500944391539
36	0.1	11	28	0.06235500944391539
36	0.1	11	71	0.06235500944391539
36	0.1	11	42	0.06235500944391539
36	0.1	11	4	0.06235500944391539
36	0.1	11	53	0.06235500944391539
36	0.1	11	10	0.06235500944391539
36	0.1	11	40	0.06235500944391539
36	0.1	11	94	0.06235500944391539
36	0.1	11	60	0.06235500944391539
36	0.1	11	66	0.06235500944391539
36	0.1	12	14	0.051549249337431303
36	0.1	12	77	0.06995010875685355
36	0.1	12	96	0.06995010875685355
36	0.1	12	52	0.051549249337431303
36	0.1	12	20	0.051549249337431303
36	0.1	12	6	0.050572176450907294
36	0.1	12	42	0.050572176450907294
36	0.1	12	4	0.050572176450907294
36	0.1	12	65	0.050572176450907294
36	0.1	12	60	0.023657945250964627
36	0.1	12	66	0.023657945250964627
36	0.1	12	59	0.023657945250964627
36	0.1	12	28	0.023657945250964627
36	0.1	12	69	0.023657945250964627
36	0.1	12	49	0.023657945250964627
36	0.1	12	92	0.023657945250964627
36	0.1	12	87	0.023657945250964627
36	0.1	12	40	0.023657945250964627
36	0.1	12	53	0.023657945250964627
36	0.1	12	33	0.020710634166634424
36	0.1	13	77	0.08504953724847172
36	0.1	13	96	0.08504953724847172
36	0.1	13	14	0.08504953724847172
36	0.1	13	20	0.08504953724847172
36	0.1	13	6	0.048401588548472
36	0.1	13	52	0.03410680478358452
36	0.1	13	4	0.04495057607210629
36	0.1	13	42	0.04495057607210629
36	0.1	13	28	0.03988867800456363
36	0.1	13	69	0.03988867800456363
36	0.1	13	29	0.03410680478358452
36	0.1	13	65	0.03410680478358452
36	0.1	13	87	0.03410680478358452
36	0.1	13	59	0.011282879646512329
36	0.1	13	39	0.03410680478358452
36	0.1	13	62	0.03410680478358452
36	0.1	13	71	0.011282879646512329
36	0.1	13	33	0.011282879646512329
36	0.1	13	31	0.007441651828241106
36	0.1	13	97	0.006638705083355568
36	0.1	14	77	0.0673274229946889
36	0.1	14	65	0.044054935809859995
36	0.1	14	14	0.044054935809859995
36	0.1	14	4	0.044054935809859995
36	0.1	14	42	0.044054935809859995
36	0.1	14	88	0.044054935809859995
36	0.1	14	30	0.044054935809859995
36	0.1	14	96	0.044054935809859995
36	0.1	14	6	0.044054935809859995
36	0.1	14	78	0.044054935809859995
36	0.1	14	52	0.044054935809859995
36	0.1	14	59	0.044054935809859995
36	0.1	14	33	0.044054935809859995
36	0.1	14	37	0.01705461925476314
36	0.1	14	97	0.020932753210804653
36	0.1	14	20	0.020932753210804653
36	0.1	14	31	0.016500381052941708
36	0.1	14	40	0.01705461925476314
36	0.1	14	62	0.01705461925476314
36	0.1	14	35	0.016521688905694606
36	0.1	15	14	0.07175102720761946
36	0.1	15	77	0.07175102720761946
36	0.1	15	96	0.07175102720761946
36	0.1	15	52	0.07175102720761946
36	0.1	15	20	0.050599539638234804
36	0.1	15	65	0.026977912518861058
36	0.1	15	42	0.04706950578331131
36	0.1	15	4	0.04706950578331131
36	0.1	15	6	0.04706950578331131
36	0.1	15	66	0.026977912518861058
36	0.1	15	60	0.026977912518861058
36	0.1	15	59	0.0234842276421766
36	0.1	15	53	0.0234842276421766
36	0.1	15	40	0.0234842276421766
36	0.1	15	92	0.0234842276421766
36	0.1	15	87	0.0234842276421766
36	0.1	15	49	0.023022849053631785
36	0.1	15	69	0.023022849053631785
36	0.1	15	33	0.0234842276421766
36	0.1	15	28	0.0234842276421766
36	0.1	15	30	0.005938530453029793
36	0.1	16	77	0.09578199014082986
36	0.1	16	96	0.09578199014082986
36	0.1	16	14	0.09578199014082986
36	0.1	16	52	0.09578199014082986
36	0.1	16	20	0.09578199014082986
36	0.1	16	6	0.02895324932792738
36	0.1	16	42	0.046797283642434066
36	0.1	16	4	0.046797283642434066
36	0.1	16	65	0.02895324932792738
36	0.1	16	69	0.024707664564069212
36	0.1	16	53	0.024707664564069212
36	0.1	16	92	0.024707664564069212
36	0.1	16	66	0.024707664564069212
36	0.1	16	60	0.024707664564069212
36	0.1	16	49	0.02312333850652124
36	0.1	16	28	0.01870013943423674
36	0.1	16	59	0.01870013943423674
36	0.1	16	87	0.02312333850652124
36	0.1	16	17	0.02312333850652124
36	0.1	16	30	0.02312333850652124
36	0.1	16	40	0.012526713846948357
36	0.1	16	33	0.012526713846948357
36	0.1	17	14	0.1017162140269862
36	0.1	17	77	0.1017162140269862
36	0.1	17	96	0.1017162140269862
36	0.1	17	20	0.1017162140269862
36	0.1	17	52	0.055151642662638854
36	0.1	17	4	0.055151642662638854
36	0.1	17	42	0.055151642662638854
36	0.1	17	65	0.055151642662638854
36	0.1	17	60	0.055151642662638854
36	0.1	17	66	0.055151642662638854
36	0.1	17	92	0.055151642662638854
36	0.1	17	40	0.013486528227318264
36	0.1	17	30	0.013486528227318264
36	0.1	17	35	0.013486528227318264
36	0.1	17	88	0.013486528227318264
36	0.1	17	29	0.01194668547133522
36	0.1	17	53	0.027918310984463367
36	0.1	17	69	0.027918310984463367
36	0.1	17	28	0.027918310984463367
36	0.1	17	59	0.027918310984463367
36	0.1	17	33	0.027918310984463367
36	0.1	17	49	0.027918310984463367
36	0.1	17	6	0.010711744674621817
36	0.1	17	17	0.010711744674621817
36	0.1	18	14	0.055621399173731725
36	0.1	18	77	0.055621399173731725
36	0.1	18	96	0.055621399173731725
36	0.1	18	52	0.055621399173731725
36	0.1	18	42	0.04920279951501453
36	0.1	18	20	0.042980716673753645
36	0.1	18	65	0.036415387156316155
36	0.1	18	4	0.036415387156316155
36	0.1	18	6	0.028273006145877303
36	0.1	18	40	0.02635357039610184
36	0.1	18	92	0.02635357039610184
36	0.1	18	59	0.02635357039610184
36	0.1	18	87	0.02635357039610184
36	0.1	18	49	0.021776763438887542
36	0.1	18	69	0.021776763438887542
36	0.1	18	29	0.011609952755868217
36	0.1	18	30	0.021776763438887542
36	0.1	18	53	0.021776763438887542
36	0.1	18	33	0.004286803668729163
36	0.1	18	17	0.006690646748643377
36	0.1	18	97	0.006690646748643377
36	0.1	18	88	0.006690646748643377
36	0.1	19	14	0.06478824136968345
36	0.1	19	96	0.06478824136968345
36	0.1	19	77	0.06478824136968345
36	0.1	19	52	0.06478824136968345
36	0.1	19	20	0.06478824136968345
36	0.1	19	4	0.03566624811181125
36	0.1	19	42	0.03566624811181125
36	0.1	19	6	0.03566624811181125
36	0.1	19	65	0.03566624811181125
36	0.1	19	28	0.021269391232883524
36	0.1	19	60	0.023674303913040165
36	0.1	19	66	0.023674303913040165
36	0.1	19	53	0.023115532560922265
36	0.1	19	49	0.021269391232883524
36	0.1	19	69	0.021269391232883524
36	0.1	19	35	0.009319369321634343
36	0.1	19	59	0.009319369321634343
36	0.1	19	50	0.007010508943648463
36	0.1	19	33	0.007010508943648463
36	0.1	19	92	0.021269391232883524
36	0.1	19	8	0.021269391232883524
36	0.1	19	17	0.021269391232883524
36	0.1	19	29	0.021269391232883524
36	0.1	19	30	0.021269391232883524
36	0.1	20	14	0.13813552555834926
36	0.1	20	96	0.13813552555834926
36	0.1	20	77	0.13813552555834926
36	0.1	20	4	0.053188417789599034
36	0.1	20	42	0.053188417789599034
36	0.1	20	6	0.04640775991270952
36	0.1	20	20	0.04640775991270952
36	0.1	20	65	0.04640775991270952
36	0.1	20	60	0.04640775991270952
36	0.1	20	28	0.028712125322630334
36	0.1	20	69	0.028712125322630334
36	0.1	20	80	0.023020060536982568
36	0.1	20	66	0.023020060536982568
36	0.1	20	92	0.023020060536982568
36	0.1	20	19	0.018951862344550274
36	0.1	20	88	0.013196862087712199
36	0.1	20	8	0.013196862087712199
36	0.1	20	17	0.018951862344550274
36	0.1	20	50	0.018951862344550274
36	0.1	20	59	0.0032998302907016126
36	0.1	20	68	0.00823377835695793
36	0.1	20	97	0.00823377835695793
36	0.1	20	40	0.00823377835695793
36	0.1	21	77	0.08989125997009756
36	0.1	21	20	0.08989125997009756
36	0.1	21	50	0.036095199250062826
36	0.1	21	14	0.058313489991046775
36	0.1	21	65	0.058313489991046775
36	0.1	21	96	0.036095199250062826
36	0.1	21	40	0.036095199250062826
36	0.1	21	49	0.036095199250062826
36	0.1	21	87	0.036095199250062826
36	0.1	21	88	0.036095199250062826
36	0.1	21	39	0.036095199250062826
36	0.1	21	80	0.036095199250062826
36	0.1	21	92	0.036095199250062826
36	0.1	21	99	0.005271370064131935
36	0.1	21	94	0.005271370064131935
36	0.1	21	29	0.02412141971629301
36	0.1	21	33	0.02412141971629301
36	0.1	21	42	0.02412141971629301
36	0.1	21	59	0.02412141971629301
36	0.1	21	6	0.02412141971629301
36	0.1	21	53	0.02412141971629301
36	0.1	21	4	0.02412141971629301
36	0.1	21	25	0.02412141971629301
36	0.1	21	35	0.015506033923424346
36	0.1	21	17	0.015506033923424346
36	0.1	22	14	0.0667554025857506
36	0.1	22	77	0.07464264805776559
36	0.1	22	96	0.07464264805776559
36	0.1	22	20	0.04672252801110795
36	0.1	22	52	0.0667554025857506
36	0.1	22	65	0.03655519669847957
36	0.1	22	6	0.03655519669847957
36	0.1	22	42	0.03655519669847957
36	0.1	22	4	0.03655519669847957
36	0.1	22	92	0.03655519669847957
36	0.1	22	60	0.03655519669847957
36	0.1	22	66	0.03655519669847957
36	0.1	22	53	0.03655519669847957
36	0.1	22	49	0.03655519669847957
36	0.1	22	28	0.03655519669847957
36	0.1	22	59	0.03655519669847957
36	0.1	22	40	0.03655519669847957
36	0.1	22	69	0.03655519669847957
36	0.1	22	33	0.03655519669847957
36	0.1	22	17	0.017005612704459272
36	0.1	23	96	0.06184849374596613
36	0.1	23	77	0.06184849374596613
36	0.1	23	20	0.06184849374596613
36	0.1	23	42	0.06184849374596613
36	0.1	23	65	0.06184849374596613
36	0.1	23	14	0.06184849374596613
36	0.1	23	4	0.06184849374596613
36	0.1	23	52	0.06184849374596613
36	0.1	23	53	0.03066190829253365
36	0.1	23	66	0.03317431864291625
36	0.1	23	60	0.03317431864291625
36	0.1	23	33	0.03066190829253365
36	0.1	23	29	0.015513190788302201
36	0.1	23	17	0.03066190829253365
36	0.1	23	19	0.03066190829253365
36	0.1	23	30	0.03066190829253365
36	0.1	23	99	0.03066190829253365
36	0.1	23	25	0.03066190829253365
36	0.1	23	69	0.03066190829253365
36	0.1	23	92	0.03066190829253365
36	0.1	23	59	0.015513190788302201
36	0.1	24	77	0.1322828962038832
36	0.1	24	20	0.0725995385361924
36	0.1	24	65	0.1322828962038832
36	0.1	24	14	0.1322828962038832
36	0.1	24	40	0.04194296280750441
36	0.1	24	4	0.0725995385361924
36	0.1	24	42	0.0725995385361924
36	0.1	24	6	0.0725995385361924
36	0.1	24	28	0.028485555337358165
36	0.1	24	97	0.028485555337358165
36	0.1	24	30	0.028485555337358165
36	0.1	24	25	0.028485555337358165
36	0.1	24	59	0.028485555337358165
36	0.1	24	80	0.01078358159268749
36	0.1	24	17	0.015482983937456014
36	0.1	24	53	0.015482983937456014
36	0.1	24	43	0.015482983937456014
36	0.1	24	33	0.015482983937456014
36	0.1	24	19	0.015482983937456014
36	0.1	24	50	0.015482983937456014
36	0.1	25	42	0.06303569654154098
36	0.1	25	4	0.06303569654154098
36	0.1	25	96	0.07298127662203463
36	0.1	25	14	0.07298127662203463
36	0.1	25	77	0.07298127662203463
36	0.1	25	28	0.03518596697662747
36	0.1	25	65	0.05127724236093331
36	0.1	25	60	0.05127724236093331
36	0.1	25	66	0.05127724236093331
36	0.1	25	35	0.030443494355526995
36	0.1	25	20	0.030443494355526995
36	0.1	25	69	0.030443494355526995
36	0.1	25	49	0.030443494355526995
36	0.1	25	53	0.030443494355526995
36	0.1	25	29	0.012570640121596232
36	0.1	25	97	0.030443494355526995
36	0.1	25	88	0.030443494355526995
36	0.1	25	80	0.030443494355526995
36	0.1	25	40	0.030443494355526995
36	0.1	25	68	0.004057515922542672
36	0.1	26	77	0.07681076617154932
36	0.1	26	6	0.07681076617154932
36	0.1	26	13	0.07681076617154932
36	0.1	26	49	0.07681076617154932
36	0.1	26	69	0.05126662546756337
36	0.1	26	39	0.05126662546756337
36	0.1	26	9	0.05126662546756337
36	0.1	26	29	0.05126662546756337
36	0.1	26	48	0.05126662546756337
36	0.1	26	99	0.05126662546756337
36	0.1	26	84	0.05126662546756337
36	0.1	26	45	0.05126662546756337
36	0.1	26	44	0.05126662546756337
36	0.1	26	32	0.05126662546756337
36	0.1	26	54	0.05126662546756337
36	0.1	26	96	0.05126662546756337
36	0.1	26	50	0.05126662546756337
36	0.1	26	34	0.05126662546756337
36	0.1	26	33	0.05126662546756337
36	0.1	26	38	0.004248021782969996
36	0.1	26	28	0.05126662546756337
36	0.1	27	14	0.08478524374942521
36	0.1	27	77	0.08478524374942521
36	0.1	27	20	0.08478524374942521
36	0.1	27	52	0.08478524374942521
36	0.1	27	96	0.08478524374942521
36	0.1	27	6	0.0328125052255948
36	0.1	27	42	0.0556731209498694
36	0.1	27	4	0.0556731209498694
36	0.1	27	65	0.027321221307512637
36	0.1	27	66	0.027321221307512637
36	0.1	27	60	0.027321221307512637
36	0.1	27	53	0.027321221307512637
36	0.1	27	40	0.027321221307512637
36	0.1	27	28	0.027321221307512637
36	0.1	27	59	0.027321221307512637
36	0.1	27	92	0.027321221307512637
36	0.1	27	87	0.027321221307512637
36	0.1	27	49	0.008711744037028804
36	0.1	27	33	0.02275760339299889
36	0.1	27	29	0.02275760339299889
36	0.1	27	30	0.008711744037028804
36	0.1	27	69	0.008711744037028804
36	0.1	28	96	0.08577936933909396
36	0.1	28	77	0.08577936933909396
36	0.1	28	20	0.06454677089381088
36	0.1	28	52	0.08577936933909396
36	0.1	28	14	0.08577936933909396
36	0.1	28	65	0.042543347716069393
36	0.1	28	66	0.034017372000285935
36	0.1	28	4	0.034017372000285935
36	0.1	28	6	0.034017372000285935
36	0.1	28	42	0.034017372000285935
36	0.1	28	59	0.034017372000285935
36	0.1	28	40	0.034017372000285935
36	0.1	28	60	0.034017372000285935
36	0.1	28	92	0.034017372000285935
36	0.1	28	69	0.034017372000285935
36	0.1	28	49	0.009720882604531576
36	0.1	28	28	0.034017372000285935
36	0.1	28	53	0.034017372000285935
36	0.1	28	87	0.034017372000285935
36	0.1	28	33	0.034017372000285935
36	0.1	29	14	0.07222242595772423
36	0.1	29	77	0.07222242595772423
36	0.1	29	96	0.07222242595772423
36	0.1	29	52	0.07222242595772423
36	0.1	29	20	0.07222242595772423
36	0.1	29	6	0.032706863308840185
36	0.1	29	4	0.05305325057926266
36	0.1	29	42	0.05305325057926266
36	0.1	29	65	0.026152357425760227
36	0.1	29	66	0.026152357425760227
36	0.1	29	60	0.026152357425760227
36	0.1	29	59	0.026152357425760227
36	0.1	29	92	0.026152357425760227
36	0.1	29	53	0.026152357425760227
36	0.1	29	69	0.026152357425760227
36	0.1	29	49	0.026152357425760227
36	0.1	29	33	0.026152357425760227
36	0.1	29	28	0.026152357425760227
36	0.1	29	40	0.026152357425760227
36	0.1	29	87	0.026152357425760227
36	0.1	30	96	0.06649795307301433
36	0.1	30	77	0.06649795307301433
36	0.1	30	14	0.06649795307301433
36	0.1	30	52	0.06649795307301433
36	0.1	30	20	0.06649795307301433
36	0.1	30	65	0.06649795307301433
36	0.1	30	4	0.06649795307301433
36	0.1	30	42	0.06649795307301433
36	0.1	30	6	0.06649795307301433
36	0.1	30	60	0.01887299913376504
36	0.1	30	66	0.01887299913376504
36	0.1	30	92	0.01887299913376504
36	0.1	30	69	0.01887299913376504
36	0.1	30	87	0.01887299913376504
36	0.1	30	40	0.016115785628176567
36	0.1	30	53	0.016115785628176567
36	0.1	30	30	0.010041970182484667
36	0.1	30	28	0.01059991540950332
36	0.1	30	59	0.01059991540950332
36	0.1	30	29	0.010365534196762498
36	0.1	30	33	0.010365534196762498
36	0.1	31	96	0.07586723961054173
36	0.1	31	52	0.07586723961054173
36	0.1	31	14	0.07586723961054173
36	0.1	31	6	0.057667559023382144
36	0.1	31	80	0.057667559023382144
36	0.1	31	77	0.057667559023382144
36	0.1	31	92	0.057667559023382144
36	0.1	31	69	0.057667559023382144
36	0.1	31	40	0.057667559023382144
36	0.1	31	66	0.057667559023382144
36	0.1	31	60	0.057667559023382144
36	0.1	31	71	0.057667559023382144
36	0.1	31	1	0.02341840627727813
36	0.1	31	87	0.057667559023382144
36	0.1	31	10	0.057667559023382144
36	0.1	31	99	0.057667559023382144
36	0.1	31	39	0.010786384604606835
36	0.1	31	58	0.010786384604606835
36	0.1	31	93	0.006089183625497671
36	0.1	31	31	0.006089183625497671
36	0.1	31	35	0.006089183625497671
36	0.1	32	14	0.093724203505403
36	0.1	32	77	0.093724203505403
36	0.1	32	96	0.093724203505403
36	0.1	32	52	0.093724203505403
36	0.1	32	20	0.051339201928067096
36	0.1	32	65	0.03237745714402522
36	0.1	32	42	0.051339201928067096
36	0.1	32	4	0.051339201928067096
36	0.1	32	6	0.04646855257921823
36	0.1	32	66	0.030242820980449104
36	0.1	32	60	0.030242820980449104
36	0.1	32	92	0.023373521554736452
36	0.1	32	59	0.023373521554736452
36	0.1	32	49	0.023373521554736452
36	0.1	32	40	0.023373521554736452
36	0.1	32	87	0.023373521554736452
36	0.1	32	28	0.023373521554736452
36	0.1	32	53	0.023373521554736452
36	0.1	32	33	0.0164569935997115
36	0.1	32	88	0.0071858094191685085
36	0.1	33	14	0.06239258402858786
36	0.1	33	77	0.0693642627262831
36	0.1	33	96	0.0693642627262831
36	0.1	33	52	0.06239258402858786
36	0.1	33	20	0.06239258402858786
36	0.1	33	42	0.059133835635907545
36	0.1	33	4	0.059133835635907545
36	0.1	33	65	0.059133835635907545
36	0.1	33	6	0.059133835635907545
36	0.1	33	92	0.021835694544524324
36	0.1	33	66	0.029696465764457242
36	0.1	33	60	0.029696465764457242
36	0.1	33	59	0.020948588374217123
36	0.1	33	87	0.019997810641140455
36	0.1	33	53	0.020948588374217123
36	0.1	33	49	0.020948588374217123
36	0.1	33	40	0.020948588374217123
36	0.1	33	33	0.019997810641140455
36	0.1	33	17	0.00761235788292857
36	0.1	33	28	0.008767328022427228
36	0.1	33	69	0.008767328022427228
36	0.1	34	14	0.10028040629066116
36	0.1	34	96	0.10028040629066116
36	0.1	34	77	0.10028040629066116
36	0.1	34	20	0.10028040629066116
36	0.1	34	52	0.10028040629066116
36	0.1	34	6	0.023213707417752173
36	0.1	34	60	0.023213707417752173
36	0.1	34	65	0.023213707417752173
36	0.1	34	66	0.023213707417752173
36	0.1	34	4	0.023213707417752173
36	0.1	34	92	0.023213707417752173
36	0.1	34	49	0.023213707417752173
36	0.1	34	69	0.023213707417752173
36	0.1	34	40	0.023213707417752173
36	0.1	34	30	0.023213707417752173
36	0.1	34	87	0.01529021835039654
36	0.1	34	17	0.01529021835039654
36	0.1	34	42	0.023213707417752173
36	0.1	34	28	0.023213707417752173
36	0.1	34	33	0.023213707417752173
36	0.1	34	59	0.023213707417752173
36	0.1	34	29	0.023213707417752173
36	0.1	35	96	0.07193933218282718
36	0.1	35	77	0.05146974389118607
36	0.1	35	42	0.05146974389118607
36	0.1	35	52	0.05146974389118607
36	0.1	35	20	0.05146974389118607
36	0.1	35	4	0.039048228821696104
36	0.1	35	6	0.039048228821696104
36	0.1	35	65	0.039048228821696104
36	0.1	35	14	0.039048228821696104
36	0.1	35	40	0.039048228821696104
36	0.1	35	59	0.03113317937637499
36	0.1	35	87	0.039048228821696104
36	0.1	35	92	0.039048228821696104
36	0.1	35	49	0.039048228821696104
36	0.1	35	69	0.039048228821696104
36	0.1	35	29	0.027461025929560474
36	0.1	35	35	0.03113317937637499
36	0.1	35	33	0.03113317937637499
36	0.1	35	50	0.011250242733001266
36	0.1	35	39	0.011250242733001266
36	0.1	36	14	0.06728304072623854
36	0.1	36	77	0.06728304072623854
36	0.1	36	96	0.06728304072623854
36	0.1	36	52	0.06728304072623854
36	0.1	36	20	0.06728304072623854
36	0.1	36	42	0.0465974053477449
36	0.1	36	4	0.0465974053477449
36	0.1	36	65	0.04264842391437764
36	0.1	36	6	0.04264842391437764
36	0.1	36	66	0.03416219998869382
36	0.1	36	60	0.03416219998869382
36	0.1	36	92	0.021056136801220846
36	0.1	36	53	0.021056136801220846
36	0.1	36	59	0.015158828243085157
36	0.1	36	87	0.014691478216885484
36	0.1	36	69	0.015158828243085157
36	0.1	36	49	0.015158828243085157
36	0.1	36	28	0.015158828243085157
36	0.1	36	33	0.009343281889689381
36	0.1	36	88	0.004965253433152823
36	0.1	36	40	0.004965253433152823
36	0.1	37	14	0.09580967879042762
36	0.1	37	96	0.09580967879042762
36	0.1	37	77	0.09580967879042762
36	0.1	37	52	0.09580967879042762
36	0.1	37	20	0.0420552048984443
36	0.1	37	65	0.0420552048984443
36	0.1	37	4	0.0420552048984443
36	0.1	37	42	0.0420552048984443
36	0.1	37	6	0.0420552048984443
36	0.1	37	49	0.0293679190143034
36	0.1	37	66	0.0293679190143034
36	0.1	37	60	0.0293679190143034
36	0.1	37	59	0.020330834395374125
36	0.1	37	92	0.020330834395374125
36	0.1	37	53	0.020330834395374125
36	0.1	37	28	0.020330834395374125
36	0.1	37	69	0.020330834395374125
36	0.1	37	40	0.020330834395374125
36	0.1	37	30	0.011982448555781513
36	0.1	37	33	0.020330834395374125
36	0.1	37	87	0.020330834395374125
36	0.1	38	14	0.06894437133418652
36	0.1	38	96	0.06894437133418652
36	0.1	38	77	0.06894437133418652
36	0.1	38	52	0.05361762623839868
36	0.1	38	20	0.04042986674217399
36	0.1	38	65	0.04042986674217399
36	0.1	38	4	0.04042986674217399
36	0.1	38	42	0.04042986674217399
36	0.1	38	6	0.02641048820771909
36	0.1	38	53	0.02641048820771909
36	0.1	38	69	0.02641048820771909
36	0.1	38	92	0.02641048820771909
36	0.1	38	40	0.022605768694647588
36	0.1	38	59	0.021943999733303292
36	0.1	38	35	0.019430215961143978
36	0.1	38	87	0.019430215961143978
36	0.1	38	33	0.019430215961143978
36	0.1	38	29	0.019430215961143978
36	0.1	38	30	0.019430215961143978
36	0.1	38	17	0.019430215961143978
36	0.1	39	14	0.06902383149764754
36	0.1	39	96	0.06902383149764754
36	0.1	39	52	0.05231479073452872
36	0.1	39	6	0.05231479073452872
36	0.1	39	77	0.05231479073452872
36	0.1	39	60	0.05231479073452872
36	0.1	39	20	0.05231479073452872
36	0.1	39	66	0.05231479073452872
36	0.1	39	92	0.05231479073452872
36	0.1	39	49	0.05231479073452872
36	0.1	39	35	0.05231479073452872
36	0.1	39	29	0.05208078028352301
36	0.1	39	47	0.05231479073452872
36	0.1	39	37	0.05208078028352301
36	0.1	39	27	0.008585949994177382
36	0.1	39	53	0.008585949994177382
36	0.1	39	42	0.05231479073452872
36	0.1	39	4	0.05231479073452872
36	0.1	39	40	0.05231479073452872
36	0.1	39	28	0.05231479073452872
36	0.1	39	65	0.05231479073452872
36	0.1	40	14	0.08193427954123154
36	0.1	40	96	0.08193427954123154
36	0.1	40	77	0.08193427954123154
36	0.1	40	65	0.04663422839865321
36	0.1	40	52	0.04663422839865321
36	0.1	40	20	0.04663422839865321
36	0.1	40	6	0.04663422839865321
36	0.1	40	42	0.04663422839865321
36	0.1	40	4	0.04663422839865321
36	0.1	40	60	0.041589777640646836
36	0.1	40	53	0.041589777640646836
36	0.1	40	66	0.041589777640646836
36	0.1	40	92	0.041589777640646836
36	0.1	40	49	0.041589777640646836
36	0.1	40	87	0.017075129014582777
36	0.1	40	33	0.041589777640646836
36	0.1	40	59	0.041589777640646836
36	0.1	40	40	0.017075129014582777
36	0.1	40	50	0.006450057936473749
36	0.1	40	30	0.008814366897869434
36	0.1	40	80	0.008814366897869434
36	0.1	41	14	0.08199940678510556
36	0.1	41	77	0.08199940678510556
36	0.1	41	96	0.08199940678510556
36	0.1	41	52	0.08199940678510556
36	0.1	41	20	0.08199940678510556
36	0.1	41	65	0.024489757982684116
36	0.1	41	4	0.08199940678510556
36	0.1	41	42	0.08199940678510556
36	0.1	41	6	0.029521377529278338
36	0.1	41	66	0.024489757982684116
36	0.1	41	60	0.024489757982684116
36	0.1	41	40	0.017863464767069324
36	0.1	41	92	0.016800094998914068
36	0.1	41	53	0.016800094998914068
36	0.1	41	69	0.016800094998914068
36	0.1	41	33	0.016494634935637274
36	0.1	41	87	0.016800094998914068
36	0.1	41	49	0.016800094998914068
36	0.1	41	59	0.016494634935637274
36	0.1	41	28	0.016494634935637274
36	0.1	41	17	0.011420860720269672
36	0.1	41	30	0.011420860720269672
36	0.1	42	14	0.07527425660266916
36	0.1	42	77	0.07527425660266916
36	0.1	42	96	0.07527425660266916
36	0.1	42	52	0.07527425660266916
36	0.1	42	20	0.05990839249314356
36	0.1	42	4	0.05990839249314356
36	0.1	42	42	0.05990839249314356
36	0.1	42	66	0.049430008874044036
36	0.1	42	65	0.049430008874044036
36	0.1	42	53	0.0353839362843391
36	0.1	42	60	0.021335674668386356
36	0.1	42	28	0.021335674668386356
36	0.1	42	87	0.021335674668386356
36	0.1	42	40	0.021335674668386356
36	0.1	42	30	0.016619921079902764
36	0.1	42	88	0.002610618785154163
36	0.1	42	17	0.016619921079902764
36	0.1	42	33	0.016619921079902764
36	0.1	42	49	0.016619921079902764
36	0.1	42	29	0.016619921079902764
36	0.1	42	35	0.016619921079902764
36	0.1	43	14	0.06949400424810541
36	0.1	43	96	0.06949400424810541
36	0.1	43	77	0.06949400424810541
36	0.1	43	20	0.06538574543523448
36	0.1	43	52	0.06949400424810541
36	0.1	43	6	0.03843939510826876
36	0.1	43	60	0.02436300584188144
36	0.1	43	42	0.027195873835927604
36	0.1	43	4	0.027195873835927604
36	0.1	43	66	0.02129589883176616
36	0.1	43	92	0.02129589883176616
36	0.1	43	28	0.01700325177569119
36	0.1	43	59	0.01700325177569119
36	0.1	43	49	0.02129589883176616
36	0.1	43	53	0.02129589883176616
36	0.1	43	69	0.02129589883176616
36	0.1	43	33	0.01700325177569119
36	0.1	43	40	0.01700325177569119
36	0.1	43	87	0.01700325177569119
36	0.1	43	17	0.008102062492022782
36	0.1	44	77	0.06843558762629719
36	0.1	44	96	0.06843558762629719
36	0.1	44	52	0.05524518250374301
36	0.1	44	14	0.05524518250374301
36	0.1	44	20	0.05524518250374301
36	0.1	44	65	0.03387649051916595
36	0.1	44	42	0.04445673541632307
36	0.1	44	4	0.04445673541632307
36	0.1	44	60	0.029260756011439584
36	0.1	44	6	0.029260756011439584
36	0.1	44	66	0.029260756011439584
36	0.1	44	69	0.029260756011439584
36	0.1	44	92	0.029260756011439584
36	0.1	44	53	0.029260756011439584
36	0.1	44	49	0.029260756011439584
36	0.1	44	87	0.029260756011439584
36	0.1	44	59	0.015841107138442282
36	0.1	44	33	0.015767121203638167
36	0.1	44	35	0.015767121203638167
36	0.1	44	28	0.012943945942932638
36	0.1	45	14	0.05925981182469504
36	0.1	45	77	0.06082064538507448
36	0.1	45	96	0.06082064538507448
36	0.1	45	52	0.05925981182469504
36	0.1	45	20	0.05915776889230533
36	0.1	45	65	0.029544548048313978
36	0.1	45	42	0.05434120734092029
36	0.1	45	4	0.05434120734092029
36	0.1	45	60	0.026390726432362524
36	0.1	45	92	0.029044072259363958
36	0.1	45	6	0.029044072259363958
36	0.1	45	66	0.026390726432362524
36	0.1	45	28	0.024687974438253924
36	0.1	45	87	0.024687974438253924
36	0.1	45	59	0.017797447696846307
36	0.1	45	53	0.024687974438253924
36	0.1	45	30	0.024687974438253924
36	0.1	45	40	0.005532448158465399
36	0.1	45	88	0.005476822966574667
36	0.1	45	33	0.012690026496321434
36	0.1	45	69	0.012690026496321434
36	0.1	45	49	0.012690026496321434
36	0.1	46	14	0.10744960249937775
36	0.1	46	96	0.10744960249937775
36	0.1	46	77	0.10744960249937775
36	0.1	46	52	0.10744960249937775
36	0.1	46	65	0.03358998522914342
36	0.1	46	4	0.03883994210277246
36	0.1	46	42	0.03883994210277246
36	0.1	46	6	0.03358998522914342
36	0.1	46	20	0.03358998522914342
36	0.1	46	53	0.03358998522914342
36	0.1	46	60	0.03358998522914342
36	0.1	46	66	0.03358998522914342
36	0.1	46	40	0.03358998522914342
36	0.1	46	92	0.03358998522914342
36	0.1	46	59	0.03358998522914342
36	0.1	46	49	0.03358998522914342
36	0.1	46	69	0.03358998522914342
36	0.1	46	87	0.017441988635309737
36	0.1	46	80	0.017441988635309737
36	0.1	46	28	0.017441988635309737
36	0.1	47	14	0.07378890732604836
36	0.1	47	77	0.07378890732604836
36	0.1	47	96	0.07378890732604836
36	0.1	47	52	0.07378890732604836
36	0.1	47	20	0.07378890732604836
36	0.1	47	42	0.05349161681653173
36	0.1	47	4	0.05349161681653173
36	0.1	47	65	0.04671949156539562
36	0.1	47	6	0.04671949156539562
36	0.1	47	49	0.021141667464631312
36	0.1	47	60	0.021141667464631312
36	0.1	47	66	0.021141667464631312
36	0.1	47	59	0.021141667464631312
36	0.1	47	92	0.021141667464631312
36	0.1	47	40	0.021141667464631312
36	0.1	47	53	0.021141667464631312
36	0.1	47	69	0.021141667464631312
36	0.1	47	87	0.015161654711479084
36	0.1	47	33	0.015161654711479084
36	0.1	47	28	0.015161654711479084
36	0.1	48	52	0.10354207325139149
36	0.1	48	96	0.10354207325139149
36	0.1	48	77	0.10354207325139149
36	0.1	48	20	0.10354207325139149
36	0.1	48	53	0.04263366930497715
36	0.1	48	17	0.029098801607869453
36	0.1	48	59	0.029098801607869453
36	0.1	48	87	0.029098801607869453
36	0.1	48	65	0.029098801607869453
36	0.1	48	80	0.029098801607869453
36	0.1	48	66	0.029098801607869453
36	0.1	48	60	0.029098801607869453
36	0.1	48	14	0.018362532908094115
36	0.1	48	35	0.029098801607869453
36	0.1	48	33	0.029098801607869453
36	0.1	48	29	0.029098801607869453
36	0.1	48	6	0.029098801607869453
36	0.1	48	28	0.029098801607869453
36	0.1	48	40	0.018362532908094115
36	0.1	48	49	0.007249208856570576
36	0.1	49	14	0.075838245118636
36	0.1	49	77	0.075838245118636
36	0.1	49	96	0.075838245118636
36	0.1	49	52	0.075838245118636
36	0.1	49	20	0.075838245118636
36	0.1	49	65	0.045048347641746124
36	0.1	49	42	0.059087339066596
36	0.1	49	4	0.059087339066596
36	0.1	49	6	0.045048347641746124
36	0.1	49	66	0.045048347641746124
36	0.1	49	60	0.045048347641746124
36	0.1	49	92	0.045048347641746124
36	0.1	49	69	0.04067323770505628
36	0.1	49	53	0.04067323770505628
36	0.1	49	29	0.016002126092453845
36	0.1	49	33	0.016002126092453845
36	0.1	49	28	0.016002126092453845
36	0.1	49	62	0.006889335287076498
36	0.1	49	97	0.009451932497851803
36	0.1	49	80	0.009451932497851803
36	0.1	49	17	0.007033197790191828
36	0.1	50	14	0.08521617073632201
36	0.1	50	77	0.08521617073632201
36	0.1	50	96	0.08521617073632201
36	0.1	50	52	0.08521617073632201
36	0.1	50	20	0.08521617073632201
36	0.1	50	4	0.05965695559475718
36	0.1	50	42	0.05965695559475718
36	0.1	50	65	0.05965695559475718
36	0.1	50	60	0.05965695559475718
36	0.1	50	53	0.05965695559475718
36	0.1	50	59	0.05965695559475718
36	0.1	50	28	0.05965695559475718
36	0.1	50	69	0.05965695559475718
36	0.1	50	40	0.05965695559475718
36	0.1	50	66	0.05965695559475718
36	0.1	50	6	0.03859305573571339
36	0.1	50	35	0.03859305573571339
36	0.1	50	30	0.05965695559475718
36	0.1	50	33	0.05965695559475718
36	0.1	50	17	0.007500632761303106
36	0.1	51	77	0.10979138923312037
36	0.1	51	52	0.13578524298568317
36	0.1	51	14	0.13578524298568317
36	0.1	51	96	0.10979138923312037
36	0.1	51	4	0.05027902008602148
36	0.1	51	42	0.05027902008602148
36	0.1	51	20	0.05027902008602148
36	0.1	51	6	0.05027902008602148
36	0.1	51	65	0.05027902008602148
36	0.1	51	60	0.05027902008602148
36	0.1	51	66	0.05027902008602148
36	0.1	51	92	0.05027902008602148
36	0.1	51	30	0.05027902008602148
36	0.1	51	53	0.05027902008602148
36	0.1	51	28	0.05027902008602148
36	0.1	51	71	0.010258905069754298
36	0.1	51	40	0.022306498357556465
36	0.1	51	49	0.022306498357556465
36	0.1	51	59	0.022306498357556465
36	0.1	51	33	0.0012044470147789213
36	0.1	51	35	0.010258905069754298
36	0.1	52	14	0.05933130642360572
36	0.1	52	77	0.05933130642360572
36	0.1	52	96	0.05933130642360572
36	0.1	52	52	0.05933130642360572
36	0.1	52	20	0.05452060695446696
36	0.1	52	65	0.04915029154157858
36	0.1	52	42	0.04915029154157858
36	0.1	52	4	0.04915029154157858
36	0.1	52	6	0.04915029154157858
36	0.1	52	66	0.030079627890951335
36	0.1	52	60	0.030079627890951335
36	0.1	52	49	0.030079627890951335
36	0.1	52	59	0.030079627890951335
36	0.1	52	92	0.030079627890951335
36	0.1	52	40	0.030079627890951335
36	0.1	52	28	0.030079627890951335
36	0.1	52	53	0.030079627890951335
36	0.1	52	69	0.030079627890951335
36	0.1	52	87	0.030079627890951335
36	0.1	52	33	0.030079627890951335
36	0.1	53	14	0.061311268800868804
36	0.1	53	52	0.061311268800868804
36	0.1	53	96	0.061311268800868804
36	0.1	53	77	0.061311268800868804
36	0.1	53	20	0.061311268800868804
36	0.1	53	65	0.04718641550663915
36	0.1	53	42	0.061311268800868804
36	0.1	53	4	0.061311268800868804
36	0.1	53	6	0.025970183016112255
36	0.1	53	69	0.025154584008493686
36	0.1	53	66	0.025154584008493686
36	0.1	53	60	0.025154584008493686
36	0.1	53	92	0.025154584008493686
36	0.1	53	53	0.025154584008493686
36	0.1	53	49	0.025154584008493686
36	0.1	53	40	0.025154584008493686
36	0.1	53	30	0.025154584008493686
36	0.1	53	33	0.006432700963408233
36	0.1	53	28	0.006432700963408233
36	0.1	53	59	0.006432700963408233
36	0.1	53	17	0.025154584008493686
36	0.1	53	87	0.025154584008493686
36	0.1	53	97	0.013635896699140572
36	0.1	54	77	0.09035086646304995
36	0.1	54	96	0.09035086646304995
36	0.1	54	14	0.09035086646304995
36	0.1	54	52	0.09035086646304995
36	0.1	54	20	0.09035086646304995
36	0.1	54	42	0.059619762768488044
36	0.1	54	4	0.059619762768488044
36	0.1	54	65	0.023281690982239263
36	0.1	54	60	0.023281690982239263
36	0.1	54	66	0.023281690982239263
36	0.1	54	87	0.023281690982239263
36	0.1	54	28	0.020224624984884303
36	0.1	54	40	0.020224624984884303
36	0.1	54	69	0.020224624984884303
36	0.1	54	35	0.009704669333296742
36	0.1	54	49	0.020224624984884303
36	0.1	54	17	0.020224624984884303
36	0.1	54	80	0.010128083533585856
36	0.1	54	88	0.007517376936035136
36	0.1	54	50	0.009704669333296742
36	0.1	54	59	0.009704669333296742
36	0.1	55	77	0.0783129718777518
36	0.1	55	65	0.046992886060541486
36	0.1	55	4	0.046992886060541486
36	0.1	55	20	0.046992886060541486
36	0.1	55	96	0.046992886060541486
36	0.1	55	14	0.046992886060541486
36	0.1	55	52	0.046992886060541486
36	0.1	55	66	0.046992886060541486
36	0.1	55	49	0.046992886060541486
36	0.1	55	59	0.046992886060541486
36	0.1	55	28	0.046992886060541486
36	0.1	55	87	0.04444492561923121
36	0.1	55	60	0.04444492561923121
36	0.1	55	6	0.04444492561923121
36	0.1	55	30	0.04444492561923121
36	0.1	55	69	0.04444492561923121
36	0.1	55	68	0.02920166415975219
36	0.1	55	10	0.02920166415975219
36	0.1	55	37	0.018923208568797867
36	0.1	55	55	0.018923208568797867
36	0.1	56	14	0.057488089813584206
36	0.1	56	77	0.061049796195139616
36	0.1	56	96	0.061049796195139616
36	0.1	56	52	0.056498072708301574
36	0.1	56	20	0.056498072708301574
36	0.1	56	4	0.03492330780931163
36	0.1	56	42	0.03492330780931163
36	0.1	56	65	0.03492330780931163
36	0.1	56	6	0.03492330780931163
36	0.1	56	66	0.03492330780931163
36	0.1	56	60	0.03492330780931163
36	0.1	56	92	0.03200572899529222
36	0.1	56	40	0.03200572899529222
36	0.1	56	49	0.03200572899529222
36	0.1	56	69	0.03200572899529222
36	0.1	56	87	0.03200572899529222
36	0.1	56	28	0.03200572899529222
36	0.1	56	53	0.03200572899529222
36	0.1	56	59	0.03200572899529222
36	0.1	56	88	0.01851527653404558
36	0.1	57	14	0.060126674977416285
36	0.1	57	52	0.060126674977416285
36	0.1	57	77	0.060126674977416285
36	0.1	57	96	0.060126674977416285
36	0.1	57	20	0.060126674977416285
36	0.1	57	65	0.033928070902222704
36	0.1	57	4	0.04978246901192208
36	0.1	57	42	0.04978246901192208
36	0.1	57	66	0.033928070902222704
36	0.1	57	6	0.033928070902222704
36	0.1	57	60	0.033928070902222704
36	0.1	57	49	0.02971874854536348
36	0.1	57	33	0.02022177614155292
36	0.1	57	28	0.019346951840975898
36	0.1	57	40	0.017430163009599483
36	0.1	57	92	0.013688875815537174
36	0.1	57	30	0.013688875815537174
36	0.1	57	17	0.013688875815537174
36	0.1	57	97	0.0053018529536858474
36	0.1	57	29	0.012409610944166469
36	0.1	57	59	0.012409610944166469
36	0.1	58	14	0.05149984907193212
36	0.1	58	96	0.05149984907193212
36	0.1	58	77	0.05149984907193212
36	0.1	58	20	0.05149984907193212
36	0.1	58	52	0.05149984907193212
36	0.1	58	42	0.05149984907193212
36	0.1	58	4	0.05149984907193212
36	0.1	58	65	0.04832181724100817
36	0.1	58	6	0.04832181724100817
36	0.1	58	66	0.037314154647566954
36	0.1	58	60	0.03261159633713252
36	0.1	58	69	0.03261159633713252
36	0.1	58	53	0.03261159633713252
36	0.1	58	92	0.03261159633713252
36	0.1	58	49	0.03261159633713252
36	0.1	58	40	0.03261159633713252
36	0.1	58	87	0.03261159633713252
36	0.1	58	30	0.03261159633713252
36	0.1	58	17	0.03261159633713252
36	0.1	58	33	0.0033321705417346226
36	0.1	59	96	0.10540214009193329
36	0.1	59	77	0.10540214009193329
36	0.1	59	14	0.0854799216396887
36	0.1	59	52	0.0854799216396887
36	0.1	59	20	0.03145210046382281
36	0.1	59	65	0.03145210046382281
36	0.1	59	4	0.03145210046382281
36	0.1	59	42	0.03145210046382281
36	0.1	59	92	0.03145210046382281
36	0.1	59	60	0.018991411950449486
36	0.1	59	69	0.029856189744928447
36	0.1	59	6	0.029856189744928447
36	0.1	59	53	0.018991411950449486
36	0.1	59	66	0.018991411950449486
36	0.1	59	40	0.018991411950449486
36	0.1	59	87	0.018991411950449486
36	0.1	59	28	0.018991411950449486
36	0.1	59	88	0.018991411950449486
36	0.1	59	49	0.018991411950449486
36	0.1	59	30	0.018991411950449486
36	0.1	60	20	0.08027278299066877
36	0.1	60	96	0.08027278299066877
36	0.1	60	77	0.08027278299066877
36	0.1	60	14	0.04265441609156086
36	0.1	60	4	0.05624009351961879
36	0.1	60	42	0.05624009351961879
36	0.1	60	6	0.03228090564271775
36	0.1	60	52	0.04265441609156086
36	0.1	60	49	0.03228090564271775
36	0.1	60	65	0.022297106947165666
36	0.1	60	69	0.022297106947165666
36	0.1	60	29	0.022297106947165666
36	0.1	60	53	0.022297106947165666
36	0.1	60	88	0.014984445920454765
36	0.1	60	60	0.022297106947165666
36	0.1	60	66	0.022297106947165666
36	0.1	60	71	0.014984445920454765
36	0.1	60	19	0.014984445920454765
36	0.1	60	97	0.014152341978090378
36	0.1	60	92	0.014984445920454765
36	0.1	60	59	0.014984445920454765
36	0.1	61	14	0.10082530566640846
36	0.1	61	52	0.10082530566640846
36	0.1	61	77	0.10082530566640846
36	0.1	61	96	0.10082530566640846
36	0.1	61	20	0.10082530566640846
36	0.1	61	42	0.10082530566640846
36	0.1	61	4	0.10082530566640846
36	0.1	61	6	0.031812685804566324
36	0.1	61	65	0.031812685804566324
36	0.1	61	66	0.031812685804566324
36	0.1	61	60	0.031812685804566324
36	0.1	61	59	0.027501901674527807
36	0.1	61	92	0.027501901674527807
36	0.1	61	28	0.027501901674527807
36	0.1	61	49	0.021921223960411924
36	0.1	61	40	0.021921223960411924
36	0.1	61	69	0.021921223960411924
36	0.1	61	87	0.021921223960411924
36	0.1	61	88	0.013702903636560966
36	0.1	61	33	0.006816252327653132
36	0.1	62	14	0.06544292449464341
36	0.1	62	96	0.06544292449464341
36	0.1	62	77	0.06544292449464341
36	0.1	62	52	0.06544292449464341
36	0.1	62	20	0.05636429575979555
36	0.1	62	65	0.0320374796916457
36	0.1	62	4	0.04125654209707128
36	0.1	62	42	0.04125654209707128
36	0.1	62	6	0.0320374796916457
36	0.1	62	59	0.023899950020862634
36	0.1	62	60	0.0320374796916457
36	0.1	62	66	0.0320374796916457
36	0.1	62	49	0.023899950020862634
36	0.1	62	92	0.023899950020862634
36	0.1	62	40	0.023899950020862634
36	0.1	62	28	0.022747883053381053
36	0.1	62	87	0.023899950020862634
36	0.1	62	53	0.023899950020862634
36	0.1	62	69	0.023899950020862634
36	0.1	62	33	0.006400820927297187
36	0.1	63	14	0.06479786037916828
36	0.1	63	52	0.06479786037916828
36	0.1	63	77	0.06479786037916828
36	0.1	63	96	0.06479786037916828
36	0.1	63	20	0.06479786037916828
36	0.1	63	6	0.03867720410095299
36	0.1	63	42	0.03867720410095299
36	0.1	63	4	0.03867720410095299
36	0.1	63	65	0.021161755794487896
36	0.1	63	60	0.021161755794487896
36	0.1	63	66	0.021161755794487896
36	0.1	63	59	0.021161755794487896
36	0.1	63	28	0.01945052166458728
36	0.1	63	69	0.01945052166458728
36	0.1	63	49	0.01945052166458728
36	0.1	63	92	0.01945052166458728
36	0.1	63	40	0.01945052166458728
36	0.1	63	33	0.01945052166458728
36	0.1	63	53	0.014775901947838845
36	0.1	63	87	0.012172380080533304
36	0.1	64	14	0.07912100968614602
36	0.1	64	77	0.07912100968614602
36	0.1	64	96	0.07912100968614602
36	0.1	64	52	0.07912100968614602
36	0.1	64	20	0.07912100968614602
36	0.1	64	6	0.04429546203290903
36	0.1	64	4	0.06416399145352493
36	0.1	64	42	0.06416399145352493
36	0.1	64	65	0.04429546203290903
36	0.1	64	60	0.021298110568295472
36	0.1	64	66	0.021298110568295472
36	0.1	64	59	0.021116582703685872
36	0.1	64	92	0.021116582703685872
36	0.1	64	69	0.01908810650988466
36	0.1	64	49	0.01908810650988466
36	0.1	64	33	0.021116582703685872
36	0.1	64	28	0.021116582703685872
36	0.1	64	53	0.01908810650988466
36	0.1	64	30	0.007520343890844269
36	0.1	64	87	0.01153014949454193
36	0.1	65	14	0.08052126994505471
36	0.1	65	96	0.08052126994505471
36	0.1	65	77	0.08052126994505471
36	0.1	65	20	0.08052126994505471
36	0.1	65	52	0.08052126994505471
36	0.1	65	65	0.04454788878170884
36	0.1	65	42	0.04454788878170884
36	0.1	65	4	0.04454788878170884
36	0.1	65	6	0.04454788878170884
36	0.1	65	53	0.01934417047893761
36	0.1	65	40	0.01934417047893761
36	0.1	65	49	0.018946973743374628
36	0.1	65	28	0.017513332128229513
36	0.1	65	69	0.017513332128229513
36	0.1	65	33	0.017513332128229513
36	0.1	65	92	0.017513332128229513
36	0.1	65	87	0.012837705164048262
36	0.1	65	29	0.011327023817756693
36	0.1	65	30	0.012837705164048262
36	0.1	65	39	0.012837705164048262
36	0.1	65	88	0.012837705164048262
36	0.1	66	14	0.08102024992870449
36	0.1	66	96	0.08102024992870449
36	0.1	66	77	0.08102024992870449
36	0.1	66	20	0.046935436371777856
36	0.1	66	52	0.08102024992870449
36	0.1	66	65	0.0378166608171332
36	0.1	66	4	0.0378166608171332
36	0.1	66	42	0.0378166608171332
36	0.1	66	66	0.0378166608171332
36	0.1	66	6	0.0378166608171332
36	0.1	66	49	0.02786285793290643
36	0.1	66	53	0.02786285793290643
36	0.1	66	40	0.02786285793290643
36	0.1	66	92	0.02786285793290643
36	0.1	66	60	0.02786285793290643
36	0.1	66	87	0.02786285793290643
36	0.1	66	69	0.02786285793290643
36	0.1	66	59	0.024008285404372727
36	0.1	66	28	0.02786285793290643
36	0.1	66	33	0.02095564537943455
36	0.1	67	14	0.06958003652662131
36	0.1	67	96	0.06958003652662131
36	0.1	67	77	0.06958003652662131
36	0.1	67	52	0.06958003652662131
36	0.1	67	20	0.06958003652662131
36	0.1	67	65	0.039211834060122186
36	0.1	67	42	0.040283632330919444
36	0.1	67	4	0.040283632330919444
36	0.1	67	6	0.040283632330919444
36	0.1	67	60	0.026451867784295417
36	0.1	67	66	0.026451867784295417
36	0.1	67	92	0.02435254101934382
36	0.1	67	59	0.02279227003197946
36	0.1	67	40	0.02435254101934382
36	0.1	67	53	0.02435254101934382
36	0.1	67	49	0.02435254101934382
36	0.1	67	87	0.02435254101934382
36	0.1	67	69	0.02435254101934382
36	0.1	67	28	0.02279227003197946
36	0.1	67	33	0.02279227003197946
36	0.1	68	14	0.09238974927342423
36	0.1	68	77	0.09238974927342423
36	0.1	68	96	0.09238974927342423
36	0.1	68	20	0.05041393719040033
36	0.1	68	42	0.05041393719040033
36	0.1	68	4	0.05041393719040033
36	0.1	68	59	0.03026554817019462
36	0.1	68	66	0.035896280869166984
36	0.1	68	65	0.035896280869166984
36	0.1	68	60	0.035896280869166984
36	0.1	68	92	0.035896280869166984
36	0.1	68	6	0.035896280869166984
36	0.1	68	53	0.035896280869166984
36	0.1	68	33	0.03026554817019462
36	0.1	68	28	0.03026554817019462
36	0.1	68	35	0.017086736288761464
36	0.1	68	97	0.017086736288761464
36	0.1	68	88	0.017086736288761464
36	0.1	68	49	0.014404713104966422
36	0.1	68	69	0.014404713104966422
36	0.1	68	30	0.014404713104966422
36	0.1	68	50	0.013977615617657927
36	0.1	69	14	0.07336413207346107
36	0.1	69	77	0.07336413207346107
36	0.1	69	96	0.07336413207346107
36	0.1	69	52	0.07336413207346107
36	0.1	69	20	0.06784315463490363
36	0.1	69	65	0.04138961491925477
36	0.1	69	42	0.04581706023948434
36	0.1	69	4	0.04581706023948434
36	0.1	69	6	0.04138961491925477
36	0.1	69	60	0.03681060984016096
36	0.1	69	66	0.03681060984016096
36	0.1	69	92	0.03681060984016096
36	0.1	69	53	0.03681060984016096
36	0.1	69	40	0.03681060984016096
36	0.1	69	59	0.0315772737359077
36	0.1	69	28	0.0315772737359077
36	0.1	69	87	0.03681060984016096
36	0.1	69	49	0.03681060984016096
36	0.1	69	69	0.03681060984016096
36	0.1	69	88	0.0014723705414748979
36	0.1	69	33	0.017878330599994715
36	0.1	70	14	0.05936783417410186
36	0.1	70	77	0.0769721183627379
36	0.1	70	96	0.0769721183627379
36	0.1	70	20	0.05936783417410186
36	0.1	70	52	0.05936783417410186
36	0.1	70	65	0.05936783417410186
36	0.1	70	4	0.05936783417410186
36	0.1	70	42	0.05936783417410186
36	0.1	70	66	0.02631585432666794
36	0.1	70	92	0.02631585432666794
36	0.1	70	6	0.02631585432666794
36	0.1	70	60	0.02631585432666794
36	0.1	70	87	0.02631585432666794
36	0.1	70	53	0.02631585432666794
36	0.1	70	49	0.02631585432666794
36	0.1	70	40	0.02631585432666794
36	0.1	70	69	0.02631585432666794
36	0.1	70	28	0.02631585432666794
36	0.1	70	59	0.02631585432666794
36	0.1	70	97	0.02187552899475792
36	0.1	71	14	0.06805862195765418
36	0.1	71	77	0.06805862195765418
36	0.1	71	96	0.06805862195765418
36	0.1	71	52	0.06805862195765418
36	0.1	71	20	0.04903658524868556
36	0.1	71	65	0.046153506528661355
36	0.1	71	42	0.04903658524868556
36	0.1	71	4	0.04903658524868556
36	0.1	71	6	0.046153506528661355
36	0.1	71	60	0.029613572319485113
36	0.1	71	66	0.029613572319485113
36	0.1	71	69	0.029613572319485113
36	0.1	71	28	0.029613572319485113
36	0.1	71	40	0.029613572319485113
36	0.1	71	49	0.029613572319485113
36	0.1	71	59	0.029613572319485113
36	0.1	71	92	0.029613572319485113
36	0.1	71	53	0.029613572319485113
36	0.1	71	87	0.029613572319485113
36	0.1	71	80	0.009704235170196859
36	0.1	72	14	0.08218481237840837
36	0.1	72	77	0.08218481237840837
36	0.1	72	96	0.08218481237840837
36	0.1	72	52	0.08218481237840837
36	0.1	72	20	0.07373189839988749
36	0.1	72	65	0.03344067677322903
36	0.1	72	42	0.07373189839988749
36	0.1	72	4	0.07373189839988749
36	0.1	72	6	0.03344067677322903
36	0.1	72	60	0.03344067677322903
36	0.1	72	66	0.03344067677322903
36	0.1	72	92	0.028212261943002342
36	0.1	72	40	0.028212261943002342
36	0.1	72	49	0.028212261943002342
36	0.1	72	53	0.028212261943002342
36	0.1	72	87	0.028212261943002342
36	0.1	72	59	0.028212261943002342
36	0.1	72	69	0.028212261943002342
36	0.1	72	28	0.017336276584397556
36	0.1	72	88	0.017336276584397556
36	0.1	73	14	0.08663401668838858
36	0.1	73	96	0.08663401668838858
36	0.1	73	77	0.08663401668838858
36	0.1	73	52	0.08663401668838858
36	0.1	73	20	0.033208047283421596
36	0.1	73	65	0.033208047283421596
36	0.1	73	49	0.033208047283421596
36	0.1	73	42	0.033208047283421596
36	0.1	73	28	0.033208047283421596
36	0.1	73	59	0.033208047283421596
36	0.1	73	60	0.033208047283421596
36	0.1	73	92	0.033208047283421596
36	0.1	73	6	0.012280584202767075
36	0.1	73	35	0.033208047283421596
36	0.1	73	4	0.033208047283421596
36	0.1	73	66	0.012280584202767075
36	0.1	73	30	0.012280584202767075
36	0.1	73	80	0.012280584202767075
36	0.1	73	40	0.012086506864330899
36	0.1	73	29	0.012280584202767075
36	0.1	73	99	0.012280584202767075
36	0.1	74	52	0.06427525071274696
36	0.1	74	77	0.06427525071274696
36	0.1	74	96	0.06427525071274696
36	0.1	74	14	0.06427525071274696
36	0.1	74	20	0.06427525071274696
36	0.1	74	6	0.04775771745138214
36	0.1	74	4	0.06427525071274696
36	0.1	74	42	0.06427525071274696
36	0.1	74	49	0.022960249673471385
36	0.1	74	92	0.02217380785283647
36	0.1	74	28	0.016468772874970873
36	0.1	74	65	0.02217380785283647
36	0.1	74	66	0.02217380785283647
36	0.1	74	60	0.02217380785283647
36	0.1	74	40	0.02217380785283647
36	0.1	74	53	0.02217380785283647
36	0.1	74	69	0.016468772874970873
36	0.1	74	97	0.016468772874970873
36	0.1	74	88	0.016468772874970873
36	0.1	74	87	0.016468772874970873
36	0.1	75	96	0.07412811699695136
36	0.1	75	77	0.06432942890201261
36	0.1	75	14	0.06432942890201261
36	0.1	75	52	0.06432942890201261
36	0.1	75	4	0.06432942890201261
36	0.1	75	20	0.06432942890201261
36	0.1	75	65	0.04926524886813641
36	0.1	75	42	0.043746145464098975
36	0.1	75	69	0.043746145464098975
36	0.1	75	92	0.035845768890139594
36	0.1	75	49	0.035845768890139594
36	0.1	75	28	0.035845768890139594
36	0.1	75	6	0.035845768890139594
36	0.1	75	60	0.035845768890139594
36	0.1	75	66	0.035845768890139594
36	0.1	75	40	0.035845768890139594
36	0.1	75	50	0.018563700387048902
36	0.1	75	17	0.035845768890139594
36	0.1	75	29	0.018563700387048902
36	0.1	75	59	0.018563700387048902
36	0.1	76	14	0.06012725854814255
36	0.1	76	77	0.06012725854814255
36	0.1	76	96	0.06012725854814255
36	0.1	76	52	0.06012725854814255
36	0.1	76	20	0.06012725854814255
36	0.1	76	4	0.053782656559528595
36	0.1	76	42	0.053782656559528595
36	0.1	76	65	0.053782656559528595
36	0.1	76	6	0.053782656559528595
36	0.1	76	92	0.031387280401501017
36	0.1	76	40	0.03681745800141778
36	0.1	76	49	0.03681745800141778
36	0.1	76	69	0.03681745800141778
36	0.1	76	17	0.03681745800141778
36	0.1	76	53	0.03681745800141778
36	0.1	76	87	0.01702352942551634
36	0.1	76	33	0.01702352942551634
36	0.1	76	59	0.01676447897655128
36	0.1	76	35	0.01676447897655128
36	0.1	76	28	0.01676447897655128
36	0.1	77	77	0.05707066122574679
36	0.1	77	20	0.05707066122574679
36	0.1	77	14	0.05707066122574679
36	0.1	77	52	0.05707066122574679
36	0.1	77	65	0.05707066122574679
36	0.1	77	6	0.04625458419559757
36	0.1	77	4	0.04625458419559757
36	0.1	77	42	0.04625458419559757
36	0.1	77	59	0.03554306694562047
36	0.1	77	60	0.03554306694562047
36	0.1	77	92	0.020111622402532066
36	0.1	77	87	0.01739109459503907
36	0.1	77	66	0.01739109459503907
36	0.1	77	96	0.01739109459503907
36	0.1	77	80	0.01739109459503907
36	0.1	77	49	0.0073340166822522
36	0.1	77	30	0.016949179957148064
36	0.1	77	53	0.016949179957148064
36	0.1	77	88	0.016949179957148064
36	0.1	77	97	0.016949179957148064
36	0.1	77	17	0.016949179957148064
36	0.1	78	52	0.10985601618434727
36	0.1	78	77	0.10985601618434727
36	0.1	78	96	0.10985601618434727
36	0.1	78	20	0.06968029223367384
36	0.1	78	66	0.03799986953492108
36	0.1	78	6	0.03799986953492108
36	0.1	78	60	0.027036991684194763
36	0.1	78	49	0.027036991684194763
36	0.1	78	88	0.027036991684194763
36	0.1	78	35	0.017735501476453416
36	0.1	78	33	0.017735501476453416
36	0.1	78	28	0.017735501476453416
36	0.1	78	53	0.013767081498123812
36	0.1	78	65	0.017735501476453416
36	0.1	78	92	0.017735501476453416
36	0.1	78	4	0.013682452731894442
36	0.1	78	42	0.013682452731894442
36	0.1	78	59	0.013682452731894442
36	0.1	78	29	0.013682452731894442
36	0.1	78	69	0.013682452731894442
36	0.1	79	14	0.0548229609299457
36	0.1	79	77	0.0586523388610932
36	0.1	79	96	0.0586523388610932
36	0.1	79	52	0.0548229609299457
36	0.1	79	20	0.05378074508276174
36	0.1	79	6	0.05378074508276174
36	0.1	79	42	0.05378074508276174
36	0.1	79	4	0.05378074508276174
36	0.1	79	65	0.05378074508276174
36	0.1	79	60	0.028100998288434417
36	0.1	79	40	0.026967740447889785
36	0.1	79	66	0.026967740447889785
36	0.1	79	49	0.026967740447889785
36	0.1	79	53	0.026967740447889785
36	0.1	79	87	0.026967740447889785
36	0.1	79	33	0.026967740447889785
36	0.1	79	28	0.015789294873097333
36	0.1	79	35	0.015789294873097333
36	0.1	79	30	0.014905322227066616
36	0.1	79	29	0.0122186939143088
36	0.1	80	14	0.11384540981474163
36	0.1	80	77	0.05700952540948933
36	0.1	80	96	0.05700952540948933
36	0.1	80	6	0.04683789812433706
36	0.1	80	20	0.04683789812433706
36	0.1	80	92	0.036681864787406135
36	0.1	80	42	0.04683789812433706
36	0.1	80	4	0.04683789812433706
36	0.1	80	17	0.036681864787406135
36	0.1	80	60	0.036681864787406135
36	0.1	80	30	0.03638518826095751
36	0.1	80	55	0.03638518826095751
36	0.1	80	52	0.036681864787406135
36	0.1	80	40	0.036681864787406135
36	0.1	80	66	0.036681864787406135
36	0.1	80	35	0.018231259947334145
36	0.1	80	53	0.018231259947334145
36	0.1	80	69	0.018231259947334145
36	0.1	80	97	0.014511831800277684
36	0.1	80	65	0.018231259947334145
36	0.1	81	96	0.05781512445866989
36	0.1	81	77	0.05781512445866989
36	0.1	81	4	0.05781512445866989
36	0.1	81	20	0.05781512445866989
36	0.1	81	52	0.05781512445866989
36	0.1	81	14	0.05781512445866989
36	0.1	81	65	0.05781512445866989
36	0.1	81	42	0.054331483751501305
36	0.1	81	59	0.025677060871476615
36	0.1	81	92	0.025677060871476615
36	0.1	81	66	0.025677060871476615
36	0.1	81	60	0.025677060871476615
36	0.1	81	6	0.025677060871476615
36	0.1	81	69	0.025677060871476615
36	0.1	81	53	0.025677060871476615
36	0.1	81	49	0.025677060871476615
36	0.1	81	40	0.025677060871476615
36	0.1	81	30	0.025677060871476615
36	0.1	81	87	0.007996701735626135
36	0.1	81	33	0.025677060871476615
36	0.1	81	28	0.025677060871476615
36	0.1	82	14	0.09631069717060864
36	0.1	82	96	0.09631069717060864
36	0.1	82	77	0.09631069717060864
36	0.1	82	52	0.09631069717060864
36	0.1	82	42	0.08356613485909642
36	0.1	82	4	0.08356613485909642
36	0.1	82	69	0.03317182494184226
36	0.1	82	66	0.03317182494184226
36	0.1	82	65	0.03317182494184226
36	0.1	82	33	0.03317182494184226
36	0.1	82	53	0.03317182494184226
36	0.1	82	60	0.03317182494184226
36	0.1	82	59	0.012323334713761359
36	0.1	82	40	0.03317182494184226
36	0.1	82	20	0.03317182494184226
36	0.1	82	92	0.03317182494184226
36	0.1	82	19	0.0161667040767722
36	0.1	82	49	0.012323334713761359
36	0.1	82	80	0.010327215328337202
36	0.1	82	25	0.008178882683037163
36	0.1	83	14	0.06088128525692287
36	0.1	83	77	0.07025716974029358
36	0.1	83	96	0.07025716974029358
36	0.1	83	20	0.06088128525692287
36	0.1	83	52	0.06088128525692287
36	0.1	83	6	0.049954235979451256
36	0.1	83	65	0.0436735912169318
36	0.1	83	42	0.049954235979451256
36	0.1	83	4	0.049954235979451256
36	0.1	83	60	0.0436735912169318
36	0.1	83	66	0.0436735912169318
36	0.1	83	33	0.02179543609789683
36	0.1	83	59	0.02179543609789683
36	0.1	83	69	0.03925622632633006
36	0.1	83	53	0.03925622632633006
36	0.1	83	87	0.03925622632633006
36	0.1	83	49	0.03925622632633006
36	0.1	83	29	0.02179543609789683
36	0.1	83	40	0.02179543609789683
36	0.1	83	35	0.02179543609789683
36	0.1	84	96	0.06118191033324302
36	0.1	84	20	0.039794140611559566
36	0.1	84	77	0.06118191033324302
36	0.1	84	52	0.06118191033324302
36	0.1	84	65	0.04516349999120872
36	0.1	84	14	0.04516349999120872
36	0.1	84	92	0.03670287959770976
36	0.1	84	42	0.039794140611559566
36	0.1	84	4	0.039794140611559566
36	0.1	84	87	0.03670287959770976
36	0.1	84	66	0.03431485950920214
36	0.1	84	80	0.03431485950920214
36	0.1	84	59	0.03431485950920214
36	0.1	84	60	0.03431485950920214
36	0.1	84	17	0.027849354280046514
36	0.1	84	53	0.01790610706805885
36	0.1	84	40	0.01707190716634221
36	0.1	84	99	0.01707190716634221
36	0.1	84	28	0.01707190716634221
36	0.1	84	69	0.007808274582308402
36	0.1	85	77	0.059640962874514356
36	0.1	85	4	0.059640962874514356
36	0.1	85	14	0.059640962874514356
36	0.1	85	96	0.059640962874514356
36	0.1	85	20	0.059640962874514356
36	0.1	85	42	0.059640962874514356
36	0.1	85	52	0.035983127210986426
36	0.1	85	49	0.035983127210986426
36	0.1	85	53	0.034232320081657136
36	0.1	85	6	0.035983127210986426
36	0.1	85	60	0.035983127210986426
36	0.1	85	65	0.035983127210986426
36	0.1	85	66	0.035983127210986426
36	0.1	85	59	0.03096386770031855
36	0.1	85	92	0.034232320081657136
36	0.1	85	33	0.022071420165537606
36	0.1	85	97	0.006051344829463628
36	0.1	85	30	0.022071420165537606
36	0.1	85	69	0.022071420165537606
36	0.1	85	37	0.01046834020422944
36	0.1	85	40	0.01046834020422944
36	0.1	86	14	0.07952792215144053
36	0.1	86	96	0.07952792215144053
36	0.1	86	77	0.07952792215144053
36	0.1	86	52	0.07952792215144053
36	0.1	86	20	0.052968144651753264
36	0.1	86	65	0.03904577106008514
36	0.1	86	4	0.052968144651753264
36	0.1	86	42	0.052968144651753264
36	0.1	86	6	0.03904577106008514
36	0.1	86	66	0.03377841846905462
36	0.1	86	60	0.03377841846905462
36	0.1	86	49	0.02270657280165979
36	0.1	86	69	0.02270657280165979
36	0.1	86	59	0.016480726667656875
36	0.1	86	92	0.02270657280165979
36	0.1	86	87	0.02270657280165979
36	0.1	86	40	0.02270657280165979
36	0.1	86	30	0.02270657280165979
36	0.1	86	33	0.009127195534869844
36	0.1	86	28	0.009127195534869844
36	0.1	87	14	0.06671441232493852
36	0.1	87	77	0.06671441232493852
36	0.1	87	96	0.06671441232493852
36	0.1	87	52	0.06671441232493852
36	0.1	87	20	0.06181941856384291
36	0.1	87	6	0.04840568408671574
36	0.1	87	4	0.051746017168133096
36	0.1	87	42	0.051746017168133096
36	0.1	87	65	0.04840568408671574
36	0.1	87	59	0.04840568408671574
36	0.1	87	92	0.04840568408671574
36	0.1	87	53	0.04840568408671574
36	0.1	87	28	0.04840568408671574
36	0.1	87	33	0.02652110256130263
36	0.1	87	50	0.02652110256130263
36	0.1	87	80	0.02652110256130263
36	0.1	87	17	0.02652110256130263
36	0.1	87	30	0.02652110256130263
36	0.1	87	29	0.02652110256130263
36	0.1	87	66	0.02652110256130263
36	0.1	88	14	0.0652765022757885
36	0.1	88	77	0.0652765022757885
36	0.1	88	52	0.06030457324626933
36	0.1	88	96	0.06030457324626933
36	0.1	88	20	0.05438971899030224
36	0.1	88	40	0.02273353501122185
36	0.1	88	59	0.02273353501122185
36	0.1	88	33	0.02273353501122185
36	0.1	88	60	0.02273353501122185
36	0.1	88	4	0.02273353501122185
36	0.1	88	42	0.02273353501122185
36	0.1	88	65	0.02273353501122185
36	0.1	88	66	0.02273353501122185
36	0.1	88	49	0.02273353501122185
36	0.1	88	87	0.02273353501122185
36	0.1	88	29	0.02273353501122185
36	0.1	88	97	0.02273353501122185
36	0.1	88	6	0.02273353501122185
36	0.1	88	30	0.02273353501122185
36	0.1	88	53	0.02273353501122185
36	0.1	89	77	0.07732443558131927
36	0.1	89	14	0.07732443558131927
36	0.1	89	52	0.07732443558131927
36	0.1	89	96	0.07732443558131927
36	0.1	89	20	0.0745407882133688
36	0.1	89	4	0.05488505464479443
36	0.1	89	42	0.05488505464479443
36	0.1	89	6	0.040481272883732516
36	0.1	89	60	0.025803060158743018
36	0.1	89	66	0.025803060158743018
36	0.1	89	40	0.025803060158743018
36	0.1	89	65	0.025803060158743018
36	0.1	89	49	0.025803060158743018
36	0.1	89	69	0.025803060158743018
36	0.1	89	53	0.025803060158743018
36	0.1	89	88	0.011421391114594047
36	0.1	89	97	0.011421391114594047
36	0.1	89	80	0.011421391114594047
36	0.1	89	35	0.025803060158743018
36	0.1	89	50	0.025803060158743018
36	0.1	89	17	0.025803060158743018
36	0.1	89	30	0.025803060158743018
36	0.1	89	33	0.00904785553634513
36	0.1	90	77	0.08449271894906413
36	0.1	90	96	0.08449271894906413
36	0.1	90	20	0.03646601574190183
36	0.1	90	69	0.03646601574190183
36	0.1	90	52	0.03646601574190183
36	0.1	90	14	0.03646601574190183
36	0.1	90	60	0.03646601574190183
36	0.1	90	66	0.03646601574190183
36	0.1	90	47	0.03646601574190183
36	0.1	90	87	0.03646601574190183
36	0.1	90	71	0.03646601574190183
36	0.1	90	49	0.03646601574190183
36	0.1	90	8	0.03646601574190183
36	0.1	90	59	0.031394039281360094
36	0.1	90	53	0.03646601574190183
36	0.1	90	80	0.03646601574190183
36	0.1	90	65	0.02943237655958886
36	0.1	90	55	0.020751135985219063
36	0.1	90	33	0.020751135985219063
36	0.1	90	28	0.020751135985219063
36	0.1	91	77	0.10731594122189997
36	0.1	91	96	0.10731594122189997
36	0.1	91	20	0.04174492725835055
36	0.1	91	52	0.04174492725835055
36	0.1	91	42	0.04174492725835055
36	0.1	91	6	0.04174492725835055
36	0.1	91	14	0.04174492725835055
36	0.1	91	4	0.04174492725835055
36	0.1	91	69	0.04174492725835055
36	0.1	91	65	0.04174492725835055
36	0.1	91	66	0.04174492725835055
36	0.1	91	87	0.04174492725835055
36	0.1	91	59	0.04174492725835055
36	0.1	91	40	0.04174492725835055
36	0.1	91	92	0.04174492725835055
36	0.1	91	53	0.04174492725835055
36	0.1	91	28	0.04174492725835055
36	0.1	91	33	0.013139318217225733
36	0.1	91	29	0.013139318217225733
36	0.1	91	97	0.04174492725835055
36	0.1	91	88	0.04174492725835055
36	0.1	91	80	0.016854852880941688
36	0.1	92	96	0.0583575286310502
36	0.1	92	77	0.0583575286310502
36	0.1	92	52	0.0583575286310502
36	0.1	92	14	0.0583575286310502
36	0.1	92	65	0.0583575286310502
36	0.1	92	20	0.0583575286310502
36	0.1	92	42	0.041728789003067375
36	0.1	92	4	0.03507471863106211
36	0.1	92	6	0.03319781112550641
36	0.1	92	49	0.028731473140776214
36	0.1	92	66	0.028731473140776214
36	0.1	92	60	0.028731473140776214
36	0.1	92	92	0.028731473140776214
36	0.1	92	53	0.028731473140776214
36	0.1	92	87	0.028731473140776214
36	0.1	92	30	0.028731473140776214
36	0.1	92	59	0.028731473140776214
36	0.1	92	88	0.017768130189134895
36	0.1	92	28	0.028731473140776214
36	0.1	92	35	0.028731473140776214
36	0.1	92	33	0.028731473140776214
36	0.1	93	14	0.08337549703166301
36	0.1	93	77	0.08337549703166301
36	0.1	93	96	0.08337549703166301
36	0.1	93	20	0.08337549703166301
36	0.1	93	52	0.08337549703166301
36	0.1	93	60	0.06230884047612189
36	0.1	93	65	0.06230884047612189
36	0.1	93	4	0.06230884047612189
36	0.1	93	42	0.06230884047612189
36	0.1	93	92	0.06230884047612189
36	0.1	93	66	0.06230884047612189
36	0.1	93	6	0.04359322919252728
36	0.1	93	49	0.015918087371465876
36	0.1	93	53	0.04359322919252728
36	0.1	93	29	0.01743218847748942
36	0.1	93	28	0.015918087371465876
36	0.1	93	40	0.015918087371465876
36	0.1	93	30	0.011592254283863243
36	0.1	93	88	0.011592254283863243
36	0.1	93	80	0.0035990792931333954
36	0.1	94	14	0.11448353862897016
36	0.1	94	65	0.05220676383322486
36	0.1	94	6	0.05220676383322486
36	0.1	94	49	0.03689010361413235
36	0.1	94	87	0.03689010361413235
36	0.1	94	96	0.03689010361413235
36	0.1	94	37	0.03689010361413235
36	0.1	94	42	0.03689010361413235
36	0.1	94	58	0.03689010361413235
36	0.1	94	4	0.03689010361413235
36	0.1	94	62	0.036170860065836676
36	0.1	94	97	0.036170860065836676
36	0.1	94	77	0.036170860065836676
36	0.1	94	28	0.036170860065836676
36	0.1	94	79	0.036170860065836676
36	0.1	94	11	0.036170860065836676
36	0.1	94	88	0.024413213636360485
36	0.1	94	59	0.036170860065836676
36	0.1	94	35	0.036170860065836676
36	0.1	94	32	0.005001580482769039
36	0.1	95	14	0.09657041056922026
36	0.1	95	52	0.09657041056922026
36	0.1	95	77	0.05401643241188431
36	0.1	95	96	0.05401643241188431
36	0.1	95	20	0.04891808143672982
36	0.1	95	65	0.035610309255666495
36	0.1	95	92	0.035610309255666495
36	0.1	95	4	0.035610309255666495
36	0.1	95	66	0.035610309255666495
36	0.1	95	60	0.035610309255666495
36	0.1	95	87	0.035610309255666495
36	0.1	95	42	0.035610309255666495
36	0.1	95	97	0.035610309255666495
36	0.1	95	59	0.035610309255666495
36	0.1	95	69	0.035610309255666495
36	0.1	95	53	0.035610309255666495
36	0.1	95	30	0.035610309255666495
36	0.1	95	88	0.035610309255666495
36	0.1	95	28	0.031543461851495744
36	0.1	95	50	0.031543461851495744
36	0.1	96	14	0.06453857177029226
36	0.1	96	77	0.06453857177029226
36	0.1	96	96	0.06453857177029226
36	0.1	96	52	0.06453857177029226
36	0.1	96	20	0.06453857177029226
36	0.1	96	4	0.0600576337101172
36	0.1	96	42	0.0600576337101172
36	0.1	96	6	0.0340922292508293
36	0.1	96	65	0.0340922292508293
36	0.1	96	49	0.03125924999910468
36	0.1	96	60	0.03125924999910468
36	0.1	96	66	0.03125924999910468
36	0.1	96	92	0.03125924999910468
36	0.1	96	69	0.03125924999910468
36	0.1	96	59	0.024285562328518605
36	0.1	96	40	0.03125924999910468
36	0.1	96	53	0.03125924999910468
36	0.1	96	33	0.024285562328518605
36	0.1	96	30	0.018310702814613562
36	0.1	96	28	0.0044929181697453534
36	0.1	97	77	0.07212308825472463
36	0.1	97	96	0.07212308825472463
36	0.1	97	20	0.07212308825472463
36	0.1	97	66	0.07212308825472463
36	0.1	97	65	0.07212308825472463
36	0.1	97	14	0.07212308825472463
36	0.1	97	52	0.07212308825472463
36	0.1	97	4	0.07212308825472463
36	0.1	97	42	0.07212308825472463
36	0.1	97	6	0.07212308825472463
36	0.1	97	60	0.07212308825472463
36	0.1	97	97	0.07212308825472463
36	0.1	97	69	0.07212308825472463
36	0.1	97	49	0.07212308825472463
36	0.1	97	59	0.018952203924025256
36	0.1	97	30	0.018952203924025256
36	0.1	97	29	0.012252316177287698
36	0.1	97	28	0.012252316177287698
36	0.1	97	55	0.012252316177287698
36	0.1	97	33	0.008463925984082698
36	0.1	98	14	0.08172369584742065
36	0.1	98	96	0.08172369584742065
36	0.1	98	20	0.04966630131811148
36	0.1	98	4	0.04966630131811148
36	0.1	98	42	0.04966630131811148
36	0.1	98	77	0.04966630131811148
36	0.1	98	52	0.03869322908949007
36	0.1	98	87	0.035928672066541545
36	0.1	98	59	0.02100467469456799
36	0.1	98	33	0.02100467469456799
36	0.1	98	49	0.019672959177535965
36	0.1	98	30	0.019672959177535965
36	0.1	98	66	0.019672959177535965
36	0.1	98	60	0.019672959177535965
36	0.1	98	6	0.019672959177535965
36	0.1	98	69	0.019672959177535965
36	0.1	98	65	0.019672959177535965
36	0.1	98	35	0.010765706933542214
36	0.1	98	53	0.019672959177535965
36	0.1	98	17	0.00833577018497461
36	0.1	99	14	0.07672588043523171
36	0.1	99	96	0.07672588043523171
36	0.1	99	77	0.07672588043523171
36	0.1	99	20	0.07672588043523171
36	0.1	99	52	0.07672588043523171
36	0.1	99	6	0.034720208225444
36	0.1	99	42	0.05394873465753801
36	0.1	99	4	0.05394873465753801
36	0.1	99	60	0.026917459694537724
36	0.1	99	66	0.026917459694537724
36	0.1	99	69	0.026917459694537724
36	0.1	99	65	0.026917459694537724
36	0.1	99	59	0.026917459694537724
36	0.1	99	28	0.017444143973085365
36	0.1	99	92	0.026917459694537724
36	0.1	99	49	0.026917459694537724
36	0.1	99	40	0.017444143973085365
36	0.1	99	33	0.011234284133856992
36	0.1	99	53	0.017444143973085365
36	0.1	99	17	0.017444143973085365
36	0.1	99	30	0.017444143973085365
36	0.1	100	14	0.06508855409168739
36	0.1	100	52	0.06508855409168739
36	0.1	100	96	0.06508855409168739
36	0.1	100	77	0.06508855409168739
36	0.1	100	20	0.049697599983874755
36	0.1	100	4	0.049697599983874755
36	0.1	100	42	0.049697599983874755
36	0.1	100	6	0.049697599983874755
36	0.1	100	65	0.049697599983874755
36	0.1	100	66	0.049697599983874755
36	0.1	100	60	0.049697599983874755
36	0.1	100	53	0.032406067560309955
36	0.1	100	59	0.032406067560309955
36	0.1	100	28	0.032406067560309955
36	0.1	100	40	0.026237358110610665
36	0.1	100	69	0.005310415150253756
36	0.1	100	49	0.005310415150253756
36	0.1	100	30	0.026237358110610665
36	0.1	100	92	0.026237358110610665
36	0.1	100	87	0.013587146686347825
36	0.1	100	97	0.013587146686347825
36	0.1	100	17	0.013587146686347825
36	1	1	14	0.06605832381106645
36	1	1	96	0.06605832381106645
36	1	1	20	0.06605832381106645
36	1	1	52	0.06605832381106645
36	1	1	77	0.06605832381106645
36	1	1	42	0.06605832381106645
36	1	1	6	0.06605832381106645
36	1	1	65	0.06605832381106645
36	1	1	4	0.06605832381106645
36	1	1	60	0.034341170361832644
36	1	1	66	0.034341170361832644
36	1	1	17	0.034341170361832644
36	1	1	29	0.034341170361832644
36	1	1	87	0.018671359827772346
36	1	1	53	0.018671359827772346
36	1	1	59	0.018671359827772346
36	1	1	30	0.017753614216345654
36	1	1	35	0.018671359827772346
36	1	1	58	0.018671359827772346
36	1	1	40	0.018671359827772346
36	1	1	31	0.018671359827772346
36	1	2	77	0.04763379223741069
36	1	2	96	0.04763379223741069
36	1	2	65	0.04763379223741069
36	1	2	20	0.04763379223741069
36	1	2	14	0.04763379223741069
36	1	2	52	0.04763379223741069
36	1	2	40	0.04763379223741069
36	1	2	6	0.04763379223741069
36	1	2	28	0.04763379223741069
36	1	2	4	0.04763379223741069
36	1	2	17	0.030127411115836604
36	1	2	53	0.030127411115836604
36	1	2	87	0.030127411115836604
36	1	2	29	0.025295289889200975
36	1	2	30	0.025295289889200975
36	1	2	66	0.025295289889200975
36	1	2	88	0.025295289889200975
36	1	2	33	0.025295289889200975
36	1	2	8	0.025295289889200975
36	1	2	92	0.025295289889200975
36	1	3	14	0.0922119694229942
36	1	3	77	0.0922119694229942
36	1	3	96	0.0922119694229942
36	1	3	52	0.0922119694229942
36	1	3	65	0.032096369646111386
36	1	3	42	0.08154813717437759
36	1	3	4	0.08154813717437759
36	1	3	33	0.032096369646111386
36	1	3	69	0.02744816968280687
36	1	3	66	0.032096369646111386
36	1	3	60	0.032096369646111386
36	1	3	35	0.02744816968280687
36	1	3	20	0.02744816968280687
36	1	3	92	0.02744816968280687
36	1	3	8	0.02744816968280687
36	1	3	62	0.00629038596521028
36	1	3	53	0.02744816968280687
36	1	3	87	0.02744816968280687
36	1	3	71	0.02744816968280687
36	1	3	30	0.02744816968280687
36	1	3	49	0.02744816968280687
36	1	4	52	0.033893202801579966
36	1	4	96	0.13215212774605742
36	1	4	77	0.13215212774605742
36	1	4	6	0.02777785508156868
36	1	4	4	0.02777785508156868
36	1	4	30	0.02777785508156868
36	1	4	14	0.02777785508156868
36	1	4	60	0.02777785508156868
36	1	4	66	0.02777785508156868
36	1	4	40	0.022262679363919395
36	1	4	97	0.019813682958935607
36	1	4	28	0.019813682958935607
36	1	4	42	0.019813682958935607
36	1	4	29	0.019813682958935607
36	1	4	50	0.019813682958935607
36	1	4	59	0.019813682958935607
36	1	4	71	0.019813682958935607
36	1	4	35	0.019813682958935607
36	1	4	47	0.012687049346727722
36	1	4	17	0.0046495056713797694
36	1	5	65	0.08194227494283433
36	1	5	20	0.08194227494283433
36	1	5	77	0.08194227494283433
36	1	5	52	0.08194227494283433
36	1	5	4	0.08194227494283433
36	1	5	42	0.08194227494283433
36	1	5	14	0.08194227494283433
36	1	5	17	0.05155255019324531
36	1	5	66	0.08194227494283433
36	1	5	60	0.08194227494283433
36	1	5	59	0.04225751657506122
36	1	5	92	0.05155255019324531
36	1	5	97	0.04225751657506122
36	1	5	19	0.029553733131377265
36	1	5	35	0.04225751657506122
36	1	5	96	0.04225751657506122
36	1	5	40	0.04225751657506122
36	1	5	53	0.0022392382624867517
36	1	5	28	0.029553733131377265
36	1	5	88	0.029553733131377265
36	1	5	10	0.0039032284277388195
36	1	6	96	0.10243954251167359
36	1	6	14	0.08147589699956043
36	1	6	92	0.03997508564943488
36	1	6	53	0.03997508564943488
36	1	6	6	0.03997508564943488
36	1	6	52	0.03997508564943488
36	1	6	49	0.03997508564943488
36	1	6	88	0.03390308485635478
36	1	6	65	0.027787294750659924
36	1	6	87	0.027787294750659924
36	1	6	42	0.018530366521962157
36	1	6	69	0.018530366521962157
36	1	6	94	0.018530366521962157
36	1	6	20	0.012640991951385749
36	1	6	40	0.018530366521962157
36	1	6	28	0.018530366521962157
36	1	6	4	0.018530366521962157
36	1	6	35	0.018530366521962157
36	1	6	59	0.018530366521962157
36	1	6	19	0.0072117123048928864
36	1	7	14	0.09411705727826337
36	1	7	52	0.09411705727826337
36	1	7	96	0.09411705727826337
36	1	7	77	0.09411705727826337
36	1	7	20	0.06948493508280204
36	1	7	42	0.06948493508280204
36	1	7	4	0.06948493508280204
36	1	7	59	0.019093959741565924
36	1	7	60	0.02190913238817818
36	1	7	66	0.02190913238817818
36	1	7	65	0.02190913238817818
36	1	7	49	0.02190913238817818
36	1	7	40	0.02190913238817818
36	1	7	92	0.019093959741565924
36	1	7	6	0.019093959741565924
36	1	7	53	0.019093959741565924
36	1	7	69	0.019093959741565924
36	1	7	88	0.019093959741565924
36	1	7	87	0.019093959741565924
36	1	7	30	0.019093959741565924
36	1	8	77	0.056371395589132435
36	1	8	14	0.056371395589132435
36	1	8	96	0.056371395589132435
36	1	8	20	0.056371395589132435
36	1	8	4	0.056371395589132435
36	1	8	42	0.056371395589132435
36	1	8	6	0.03931967731732736
36	1	8	52	0.056371395589132435
36	1	8	65	0.056371395589132435
36	1	8	92	0.03931967731732736
36	1	8	49	0.03931967731732736
36	1	8	59	0.03931967731732736
36	1	8	53	0.03931967731732736
36	1	8	8	0.018147823624633175
36	1	8	33	0.018147823624633175
36	1	8	69	0.018147823624633175
36	1	8	87	0.017528729303390642
36	1	8	35	0.014265158929010853
36	1	8	37	0.014265158929010853
36	1	8	40	0.008066011665665703
36	1	9	14	0.07052904295499747
36	1	9	77	0.07052904295499747
36	1	9	96	0.07052904295499747
36	1	9	6	0.05950654783194252
36	1	9	52	0.05950654783194252
36	1	9	65	0.05950654783194252
36	1	9	20	0.05950654783194252
36	1	9	4	0.050763938827618586
36	1	9	42	0.050763938827618586
36	1	9	17	0.035574590508809595
36	1	9	40	0.035574590508809595
36	1	9	29	0.014714894673917886
36	1	9	69	0.010191326674127555
36	1	9	87	0.01465353303071356
36	1	9	59	0.014714894673917886
36	1	9	28	0.014714894673917886
36	1	9	71	0.01465353303071356
36	1	9	97	0.01465353303071356
36	1	9	47	0.008557468062907863
36	1	9	66	0.004867246185134862
36	1	10	77	0.06552677622885131
36	1	10	96	0.06552677622885131
36	1	10	69	0.06552677622885131
36	1	10	14	0.06552677622885131
36	1	10	28	0.06552677622885131
36	1	10	60	0.06552677622885131
36	1	10	66	0.06552677622885131
36	1	10	30	0.04547681295416619
36	1	10	42	0.04547681295416619
36	1	10	40	0.04547681295416619
36	1	10	52	0.04547681295416619
36	1	10	92	0.04547681295416619
36	1	10	35	0.04547681295416619
36	1	10	4	0.04547681295416619
36	1	10	87	0.04547681295416619
36	1	10	10	0.04547681295416619
36	1	10	39	0.04547681295416619
36	1	10	71	0.034509345532149974
36	1	10	29	0.04547681295416619
36	1	10	33	0.04547681295416619
36	1	10	97	0.04547681295416619
36	1	11	6	0.09562641339601333
36	1	11	77	0.08722193857238192
36	1	11	96	0.08722193857238192
36	1	11	14	0.06492119850616637
36	1	11	69	0.06492119850616637
36	1	11	20	0.06492119850616637
36	1	11	87	0.06492119850616637
36	1	11	65	0.06492119850616637
36	1	11	28	0.06492119850616637
36	1	11	33	0.06492119850616637
36	1	11	52	0.06492119850616637
36	1	11	71	0.06492119850616637
36	1	11	53	0.06492119850616637
36	1	11	42	0.06492119850616637
36	1	11	4	0.06492119850616637
36	1	11	10	0.06492119850616637
36	1	11	40	0.06492119850616637
36	1	11	94	0.06492119850616637
36	1	11	60	0.06492119850616637
36	1	11	66	0.06492119850616637
36	1	12	14	0.06767625514516293
36	1	12	77	0.08450250637113665
36	1	12	96	0.08450250637113665
36	1	12	20	0.06635869190201459
36	1	12	52	0.06767625514516293
36	1	12	60	0.03354614364838129
36	1	12	42	0.05200460807205331
36	1	12	4	0.05200460807205331
36	1	12	59	0.03354614364838129
36	1	12	66	0.03354614364838129
36	1	12	49	0.03354614364838129
36	1	12	28	0.03354614364838129
36	1	12	65	0.03354614364838129
36	1	12	92	0.03354614364838129
36	1	12	6	0.03354614364838129
36	1	12	53	0.03354614364838129
36	1	12	69	0.025331219426403703
36	1	12	40	0.025331219426403703
36	1	12	33	0.025331219426403703
36	1	12	35	0.025331219426403703
36	1	13	20	0.07898593053073522
36	1	13	96	0.09369950273394181
36	1	13	77	0.09369950273394181
36	1	13	6	0.051792163161383374
36	1	13	14	0.051792163161383374
36	1	13	69	0.05090482816912009
36	1	13	97	0.03732988652040229
36	1	13	39	0.03263909335515597
36	1	13	28	0.03263909335515597
36	1	13	29	0.022323854515522473
36	1	13	62	0.022323854515522473
36	1	13	87	0.019088010483776553
36	1	13	76	0.019088010483776553
36	1	13	8	0.019088010483776553
36	1	13	93	0.019088010483776553
36	1	13	11	0.006378231426986351
36	1	13	19	0.006378231426986351
36	1	13	27	0.019088010483776553
36	1	13	31	0.019088010483776553
36	1	13	71	0.019088010483776553
36	1	13	4	0.019088010483776553
36	1	13	42	0.019088010483776553
36	1	14	88	0.07892375544892186
36	1	14	65	0.07892375544892186
36	1	14	14	0.07892375544892186
36	1	14	78	0.07892375544892186
36	1	14	77	0.07892375544892186
36	1	14	4	0.05015323416742215
36	1	14	30	0.07892375544892186
36	1	14	6	0.07892375544892186
36	1	14	96	0.07892375544892186
36	1	14	42	0.05015323416742215
36	1	14	59	0.05015323416742215
36	1	14	33	0.030602353355856638
36	1	14	97	0.030602353355856638
36	1	14	52	0.030602353355856638
36	1	14	62	0.030602353355856638
36	1	14	37	0.030602353355856638
36	1	14	40	0.02006885633350291
36	1	14	31	0.030602353355856638
36	1	14	20	0.030602353355856638
36	1	14	17	0.009368965481310053
36	1	15	14	0.07895966083946898
36	1	15	77	0.07895966083946898
36	1	15	96	0.07895966083946898
36	1	15	52	0.07895966083946898
36	1	15	20	0.044775270044570804
36	1	15	4	0.04049577661447758
36	1	15	42	0.04049577661447758
36	1	15	6	0.04049577661447758
36	1	15	53	0.04049577661447758
36	1	15	65	0.04049577661447758
36	1	15	66	0.04049577661447758
36	1	15	60	0.04049577661447758
36	1	15	40	0.04049577661447758
36	1	15	87	0.04049577661447758
36	1	15	59	0.03417609425430743
36	1	15	33	0.03417609425430743
36	1	15	28	0.03417609425430743
36	1	15	30	0.01926175072593473
36	1	15	50	0.01926175072593473
36	1	15	92	0.004669152723692891
36	1	15	88	0.004669152723692891
36	1	16	77	0.11003619664595042
36	1	16	20	0.11003619664595042
36	1	16	96	0.11003619664595042
36	1	16	14	0.11003619664595042
36	1	16	52	0.11003619664595042
36	1	16	53	0.03638452721998455
36	1	16	69	0.030959941522132536
36	1	16	42	0.03638452721998455
36	1	16	4	0.03638452721998455
36	1	16	92	0.033790096409914656
36	1	16	65	0.033790096409914656
36	1	16	28	0.032462995753666034
36	1	16	17	0.030959941522132536
36	1	16	60	0.0071008687394731405
36	1	16	30	0.030959941522132536
36	1	16	6	0.030959941522132536
36	1	16	55	0.030959941522132536
36	1	16	49	0.030959941522132536
36	1	16	71	0.030959941522132536
36	1	16	66	0.0071008687394731405
36	1	17	20	0.1021760511141654
36	1	17	14	0.10177225873240868
36	1	17	77	0.028005876597326982
36	1	17	96	0.028005876597326982
36	1	17	33	0.028005876597326982
36	1	17	60	0.028005876597326982
36	1	17	65	0.028005876597326982
36	1	17	4	0.028005876597326982
36	1	17	42	0.028005876597326982
36	1	17	92	0.028005876597326982
36	1	17	66	0.023161008080478374
36	1	17	55	0.01361321497983863
36	1	17	49	0.028005876597326982
36	1	17	59	0.028005876597326982
36	1	17	28	0.028005876597326982
36	1	17	53	0.028005876597326982
36	1	17	69	0.028005876597326982
36	1	17	50	0.006965528529616621
36	1	17	71	0.006965528529616621
36	1	17	88	0.006965528529616621
36	1	18	14	0.09700013196556706
36	1	18	77	0.09700013196556706
36	1	18	96	0.09700013196556706
36	1	18	65	0.05192608359058892
36	1	18	42	0.04203087520879123
36	1	18	87	0.03868308176827146
36	1	18	52	0.03868308176827146
36	1	18	40	0.03868308176827146
36	1	18	92	0.03868308176827146
36	1	18	59	0.03868308176827146
36	1	18	20	0.03868308176827146
36	1	18	6	0.03868308176827146
36	1	18	49	0.02602048085998508
36	1	18	97	0.02602048085998508
36	1	18	30	0.02602048085998508
36	1	18	69	0.02602048085998508
36	1	18	29	0.02602048085998508
36	1	18	94	0.016492106768674693
36	1	18	9	0.016492106768674693
36	1	18	50	0.02602048085998508
36	1	18	33	0.02602048085998508
36	1	18	4	0.02602048085998508
36	1	19	14	0.08250433703339438
36	1	19	4	0.03922498730396936
36	1	19	96	0.03922498730396936
36	1	19	77	0.03922498730396936
36	1	19	52	0.03922498730396936
36	1	19	20	0.03922498730396936
36	1	19	42	0.0320218730636613
36	1	19	65	0.030931024120814055
36	1	19	6	0.030931024120814055
36	1	19	28	0.030931024120814055
36	1	19	71	0.030931024120814055
36	1	19	66	0.030931024120814055
36	1	19	60	0.030931024120814055
36	1	19	53	0.030931024120814055
36	1	19	8	0.030931024120814055
36	1	19	29	0.030931024120814055
36	1	19	35	0.014739517623837618
36	1	19	97	0.014739517623837618
36	1	19	69	0.030931024120814055
36	1	19	30	0.030931024120814055
36	1	19	49	0.030931024120814055
36	1	19	17	0.030931024120814055
36	1	20	14	0.07795580420541713
36	1	20	42	0.07795580420541713
36	1	20	4	0.07795580420541713
36	1	20	77	0.07795580420541713
36	1	20	96	0.07795580420541713
36	1	20	69	0.04090287973287001
36	1	20	80	0.04512104146561719
36	1	20	60	0.04512104146561719
36	1	20	8	0.04090287973287001
36	1	20	66	0.04090287973287001
36	1	20	65	0.04090287973287001
36	1	20	19	0.04090287973287001
36	1	20	6	0.04090287973287001
36	1	20	28	0.04090287973287001
36	1	20	32	0.006911428281142095
36	1	20	68	0.04090287973287001
36	1	20	40	0.04090287973287001
36	1	20	97	0.04090287973287001
36	1	20	99	0.04090287973287001
36	1	20	88	0.04090287973287001
36	1	20	92	0.04090287973287001
36	1	21	77	0.0657684610244576
36	1	21	20	0.0657684610244576
36	1	21	29	0.0657684610244576
36	1	21	65	0.0657684610244576
36	1	21	49	0.056472860168054875
36	1	21	87	0.0425506735127141
36	1	21	50	0.0425506735127141
36	1	21	14	0.0425506735127141
36	1	21	68	0.0425506735127141
36	1	21	25	0.02854601621822168
36	1	21	33	0.02854601621822168
36	1	21	94	0.0425506735127141
36	1	21	40	0.0425506735127141
36	1	21	99	0.0425506735127141
36	1	21	88	0.0425506735127141
36	1	21	18	0.02854601621822168
36	1	21	39	0.02854601621822168
36	1	21	12	0.02854601621822168
36	1	21	53	0.02854601621822168
36	1	21	59	0.003802007978588346
36	1	22	52	0.08866580588247318
36	1	22	20	0.08866580588247318
36	1	22	77	0.08866580588247318
36	1	22	96	0.08866580588247318
36	1	22	60	0.03639793442447981
36	1	22	42	0.03639793442447981
36	1	22	4	0.03639793442447981
36	1	22	6	0.03639793442447981
36	1	22	28	0.03639793442447981
36	1	22	59	0.03639793442447981
36	1	22	65	0.03639793442447981
36	1	22	14	0.03639793442447981
36	1	22	92	0.021113488004770746
36	1	22	66	0.022758218355491484
36	1	22	53	0.022758218355491484
36	1	22	33	0.021113488004770746
36	1	22	49	0.021113488004770746
36	1	22	71	0.021113488004770746
36	1	22	17	0.013267758071775458
36	1	22	99	0.010805858554380586
36	1	22	97	0.010805858554380586
36	1	23	96	0.0703237799530195
36	1	23	20	0.0703237799530195
36	1	23	42	0.0703237799530195
36	1	23	77	0.0703237799530195
36	1	23	65	0.0703237799530195
36	1	23	14	0.0703237799530195
36	1	23	17	0.0703237799530195
36	1	23	4	0.0703237799530195
36	1	23	60	0.0703237799530195
36	1	23	33	0.0703237799530195
36	1	23	19	0.0703237799530195
36	1	23	66	0.0703237799530195
36	1	23	99	0.024004473630811336
36	1	23	30	0.024004473630811336
36	1	23	73	0.024004473630811336
36	1	23	53	0.024004473630811336
36	1	23	52	0.005568513042435485
36	1	23	68	0.005568513042435485
36	1	23	69	0.024004473630811336
36	1	23	39	0.024004473630811336
36	1	23	54	0.007871350460150951
36	1	23	92	0.007871350460150951
36	1	24	77	0.09421228019987397
36	1	24	20	0.06424597781613217
36	1	24	65	0.09421228019987397
36	1	24	14	0.09421228019987397
36	1	24	40	0.04167956691885957
36	1	24	57	0.024552003130812933
36	1	24	6	0.06424597781613217
36	1	24	4	0.06424597781613217
36	1	24	42	0.06424597781613217
36	1	24	59	0.024552003130812933
36	1	24	28	0.024552003130812933
36	1	24	25	0.024552003130812933
36	1	24	19	0.024552003130812933
36	1	24	80	0.024552003130812933
36	1	24	97	0.024552003130812933
36	1	24	30	0.024552003130812933
36	1	24	61	0.00908981813899366
36	1	24	48	0.00908981813899366
36	1	24	94	0.006952234257500079
36	1	24	79	0.0029586860970684074
36	1	25	14	0.06829936030082116
36	1	25	42	0.044044846248566236
36	1	25	96	0.06829936030082116
36	1	25	77	0.06829936030082116
36	1	25	28	0.044044846248566236
36	1	25	65	0.044044846248566236
36	1	25	35	0.044044846248566236
36	1	25	66	0.044044846248566236
36	1	25	49	0.044044846248566236
36	1	25	4	0.044044846248566236
36	1	25	69	0.044044846248566236
36	1	25	60	0.044044846248566236
36	1	25	88	0.044044846248566236
36	1	25	62	0.044044846248566236
36	1	25	53	0.044044846248566236
36	1	25	97	0.044044846248566236
36	1	25	10	0.044044846248566236
36	1	25	37	0.044044846248566236
36	1	25	80	0.044044846248566236
36	1	25	1	0.044044846248566236
36	1	26	49	0.09482743461842953
36	1	26	69	0.0881450661111592
36	1	26	39	0.0881450661111592
36	1	26	32	0.0881450661111592
36	1	26	54	0.0881450661111592
36	1	26	45	0.0881450661111592
36	1	26	44	0.0881450661111592
36	1	26	28	0.0881450661111592
36	1	26	77	0.0881450661111592
36	1	26	48	0.0761518390785005
36	1	26	9	0.0761518390785005
36	1	26	34	0.04053897196159041
36	1	26	13	0.0881450661111592
36	1	26	6	0.0881450661111592
36	1	26	29	0.024710848424019202
36	1	26	50	0.024710848424019202
36	1	26	99	0.024710848424019202
36	1	26	84	0.024710848424019202
36	1	26	64	0.024710848424019202
36	1	26	33	0.024710848424019202
36	1	27	14	0.1035423119053444
36	1	27	20	0.044994767864216446
36	1	27	52	0.044994767864216446
36	1	27	77	0.03643975493166939
36	1	27	40	0.028264614493946797
36	1	27	42	0.03643975493166939
36	1	27	4	0.03643975493166939
36	1	27	66	0.028013723601409437
36	1	27	28	0.028264614493946797
36	1	27	59	0.028264614493946797
36	1	27	96	0.028264614493946797
36	1	27	60	0.028013723601409437
36	1	27	71	0.018833133271864547
36	1	27	65	0.024106019811235436
36	1	27	87	0.018833133271864547
36	1	27	6	0.024106019811235436
36	1	27	53	0.024106019811235436
36	1	27	39	0.024106019811235436
36	1	27	97	0.018833133271864547
36	1	27	8	0.014289857052475742
36	1	28	96	0.09533368867600503
36	1	28	77	0.06589711462519023
36	1	28	20	0.04619761988745657
36	1	28	14	0.06589711462519023
36	1	28	52	0.06589711462519023
36	1	28	40	0.04619761988745657
36	1	28	59	0.04619761988745657
36	1	28	92	0.04619761988745657
36	1	28	65	0.04619761988745657
36	1	28	66	0.04619761988745657
36	1	28	60	0.04619761988745657
36	1	28	6	0.03778016144920535
36	1	28	69	0.03778016144920535
36	1	28	30	0.03778016144920535
36	1	28	87	0.03778016144920535
36	1	28	53	0.03778016144920535
36	1	28	19	0.015294702341602634
36	1	28	8	0.016095443466852717
36	1	28	88	0.016095443466852717
36	1	28	49	0.016095443466852717
36	1	28	68	0.016095443466852717
36	1	29	14	0.05116404567300165
36	1	29	96	0.06585166787482523
36	1	29	77	0.06585166787482523
36	1	29	52	0.050821843242340764
36	1	29	20	0.04986135643314429
36	1	29	66	0.028978765344358882
36	1	29	4	0.04478433955859904
36	1	29	42	0.04478433955859904
36	1	29	6	0.028978765344358882
36	1	29	65	0.028978765344358882
36	1	29	59	0.028978765344358882
36	1	29	69	0.028978765344358882
36	1	29	92	0.028978765344358882
36	1	29	60	0.028978765344358882
36	1	29	49	0.028978765344358882
36	1	29	33	0.028978765344358882
36	1	29	28	0.028978765344358882
36	1	29	53	0.01613155177326484
36	1	29	87	0.014475006051563299
36	1	29	17	0.014323795999629492
36	1	30	96	0.1057953761499121
36	1	30	77	0.05684378148775982
36	1	30	20	0.05684378148775982
36	1	30	52	0.05684378148775982
36	1	30	14	0.05684378148775982
36	1	30	42	0.05684378148775982
36	1	30	6	0.05684378148775982
36	1	30	65	0.05684378148775982
36	1	30	4	0.05684378148775982
36	1	30	29	0.05684378148775982
36	1	30	87	0.021199010452469066
36	1	30	92	0.01693287839229548
36	1	30	69	0.01693287839229548
36	1	30	60	0.01693287839229548
36	1	30	88	0.010231496320754924
36	1	30	66	0.010231496320754924
36	1	30	59	0.005712862203714362
36	1	30	33	0.005712862203714362
36	1	30	97	0.010231496320754924
36	1	30	80	0.010231496320754924
36	1	30	53	0.005178568622624141
36	1	31	52	0.13116891659621666
36	1	31	6	0.03468456435409176
36	1	31	92	0.03468456435409176
36	1	31	96	0.03468456435409176
36	1	31	80	0.03468456435409176
36	1	31	77	0.03468456435409176
36	1	31	69	0.03468456435409176
36	1	31	40	0.03468456435409176
36	1	31	66	0.03468456435409176
36	1	31	60	0.03468456435409176
36	1	31	14	0.03468456435409176
36	1	31	71	0.03468456435409176
36	1	31	15	0.03468456435409176
36	1	31	87	0.03468456435409176
36	1	31	99	0.03468456435409176
36	1	31	93	0.03468456435409176
36	1	31	16	0.031128655532933387
36	1	31	1	0.013520331334925483
36	1	31	39	0.012101329285282585
36	1	31	85	0.034390201586577955
36	1	31	31	0.034390201586577955
36	1	31	10	0.034390201586577955
36	1	31	58	0.034390201586577955
36	1	32	96	0.07962948028979287
36	1	32	77	0.07962948028979287
36	1	32	4	0.051233272623151895
36	1	32	14	0.05436046373212945
36	1	32	52	0.05436046373212945
36	1	32	65	0.05436046373212945
36	1	32	42	0.051233272623151895
36	1	32	20	0.051233272623151895
36	1	32	66	0.051233272623151895
36	1	32	6	0.051233272623151895
36	1	32	59	0.051233272623151895
36	1	32	60	0.051233272623151895
36	1	32	92	0.051233272623151895
36	1	32	28	0.04172411315085719
36	1	32	49	0.051233272623151895
36	1	32	40	0.051233272623151895
36	1	32	87	0.051233272623151895
36	1	32	17	0.00620797827885705
36	1	32	29	0.002051559382259684
36	1	32	80	0.013943246543280843
36	1	32	8	0.013943246543280843
36	1	32	97	0.013943246543280843
36	1	33	14	0.05138666348679651
36	1	33	52	0.05138666348679651
36	1	33	42	0.05138666348679651
36	1	33	77	0.05138666348679651
36	1	33	96	0.05138666348679651
36	1	33	20	0.04233720950308266
36	1	33	4	0.03572937881476385
36	1	33	6	0.035976091115133
36	1	33	65	0.035976091115133
36	1	33	59	0.025680275016499547
36	1	33	66	0.03547738346058819
36	1	33	60	0.03547738346058819
36	1	33	92	0.03547738346058819
36	1	33	53	0.025680275016499547
36	1	33	69	0.025680275016499547
36	1	33	35	0.025680275016499547
36	1	33	49	0.025680275016499547
36	1	33	40	0.025680275016499547
36	1	33	33	0.016732174500340674
36	1	33	29	0.007107261842890153
36	1	33	87	0.025680275016499547
36	1	34	77	0.09004683077687238
36	1	34	96	0.09004683077687238
36	1	34	20	0.09004683077687238
36	1	34	14	0.09004683077687238
36	1	34	52	0.09004683077687238
36	1	34	69	0.034063639619217344
36	1	34	49	0.034063639619217344
36	1	34	92	0.034063639619217344
36	1	34	60	0.030647381726513268
36	1	34	29	0.034063639619217344
36	1	34	17	0.034063639619217344
36	1	34	66	0.030647381726513268
36	1	34	97	0.030647381726513268
36	1	34	33	0.030647381726513268
36	1	34	30	0.030647381726513268
36	1	34	65	0.030647381726513268
36	1	34	40	0.030647381726513268
36	1	34	39	0.01362664813372001
36	1	34	87	0.009742542115720672
36	1	34	80	0.013018699577398296
36	1	34	28	0.013018699577398296
36	1	35	96	0.1121925669405293
36	1	35	42	0.04582386253138676
36	1	35	20	0.04582386253138676
36	1	35	40	0.04582386253138676
36	1	35	6	0.04582386253138676
36	1	35	69	0.04582386253138676
36	1	35	87	0.04582386253138676
36	1	35	77	0.04582386253138676
36	1	35	52	0.04582386253138676
36	1	35	49	0.04582386253138676
36	1	35	58	0.030824118722609446
36	1	35	39	0.04582386253138676
36	1	35	65	0.030824118722609446
36	1	35	97	0.026871296508756658
36	1	35	35	0.04582386253138676
36	1	35	33	0.04582386253138676
36	1	35	59	0.04582386253138676
36	1	35	29	0.04582386253138676
36	1	35	4	0.04582386253138676
36	1	35	50	0.028756442308906914
36	1	36	77	0.06136822491424219
36	1	36	96	0.06136822491424219
36	1	36	20	0.06042730075413727
36	1	36	14	0.06042730075413727
36	1	36	52	0.06042730075413727
36	1	36	42	0.06042730075413727
36	1	36	6	0.045586975595177985
36	1	36	65	0.06042730075413727
36	1	36	4	0.06042730075413727
36	1	36	92	0.0312294738258724
36	1	36	66	0.0312294738258724
36	1	36	60	0.0312294738258724
36	1	36	53	0.0312294738258724
36	1	36	97	0.018388766798805994
36	1	36	59	0.015478511394568115
36	1	36	88	0.00971175003600503
36	1	36	49	0.015478511394568115
36	1	36	69	0.015478511394568115
36	1	36	35	0.015478511394568115
36	1	36	29	0.015478511394568115
36	1	37	14	0.10437705289604259
36	1	37	77	0.10437705289604259
36	1	37	96	0.10437705289604259
36	1	37	52	0.10437705289604259
36	1	37	42	0.03846876652202873
36	1	37	20	0.03846876652202873
36	1	37	65	0.03486294254125254
36	1	37	6	0.03486294254125254
36	1	37	4	0.03486294254125254
36	1	37	60	0.03486294254125254
36	1	37	59	0.0346210184338521
36	1	37	87	0.0346210184338521
36	1	37	28	0.023071469540735905
36	1	37	80	0.012487685711164265
36	1	37	49	0.023071469540735905
36	1	37	66	0.023071469540735905
36	1	37	17	0.023071469540735905
36	1	37	88	0.009137863832116254
36	1	37	33	0.009137863832116254
36	1	37	97	0.0034679383556912827
36	1	38	14	0.062079421056725294
36	1	38	96	0.062079421056725294
36	1	38	77	0.062079421056725294
36	1	38	53	0.05185809427572558
36	1	38	92	0.039503118461077145
36	1	38	69	0.03786171415032724
36	1	38	42	0.03786171415032724
36	1	38	65	0.03786171415032724
36	1	38	29	0.03786171415032724
36	1	38	35	0.03786171415032724
36	1	38	4	0.03786171415032724
36	1	38	40	0.03786171415032724
36	1	38	19	0.03786171415032724
36	1	38	52	0.03786171415032724
36	1	38	17	0.03786171415032724
36	1	38	20	0.03786171415032724
36	1	38	73	0.03786171415032724
36	1	38	6	0.03786171415032724
36	1	38	59	0.03786171415032724
36	1	38	37	0.01748593456784555
36	1	39	6	0.08696370085767588
36	1	39	60	0.08696370085767588
36	1	39	14	0.06951754494720001
36	1	39	52	0.03927116482473233
36	1	39	66	0.03927116482473233
36	1	39	96	0.03927116482473233
36	1	39	35	0.03927116482473233
36	1	39	47	0.03927116482473233
36	1	39	20	0.03858217683280768
36	1	39	28	0.03858217683280768
36	1	39	77	0.03858217683280768
36	1	39	40	0.03858217683280768
36	1	39	65	0.03858217683280768
36	1	39	92	0.03858217683280768
36	1	39	37	0.03858217683280768
36	1	39	49	0.03858217683280768
36	1	39	73	0.03858217683280768
36	1	39	27	0.03858217683280768
36	1	39	62	0.03858217683280768
36	1	39	29	0.03858217683280768
36	1	40	6	0.04755261943248126
36	1	40	96	0.09649770669040036
36	1	40	77	0.09649770669040036
36	1	40	14	0.05215842078315458
36	1	40	4	0.04755261943248126
36	1	40	20	0.04755261943248126
36	1	40	65	0.04755261943248126
36	1	40	42	0.04755261943248126
36	1	40	53	0.0307603819717667
36	1	40	49	0.0307603819717667
36	1	40	59	0.02912869593518265
36	1	40	33	0.02912869593518265
36	1	40	60	0.0307603819717667
36	1	40	92	0.0307603819717667
36	1	40	55	0.0307603819717667
36	1	40	66	0.0307603819717667
36	1	40	80	0.004908039715180474
36	1	40	62	0.024015466457680518
36	1	40	37	0.024015466457680518
36	1	40	50	0.024015466457680518
36	1	40	19	0.024015466457680518
36	1	41	14	0.09969037877195217
36	1	41	52	0.09969037877195217
36	1	41	42	0.042860208891013635
36	1	41	77	0.09969037877195217
36	1	41	96	0.09969037877195217
36	1	41	66	0.03468682520405161
36	1	41	4	0.042860208891013635
36	1	41	6	0.03468682520405161
36	1	41	20	0.03468682520405161
36	1	41	40	0.03468682520405161
36	1	41	33	0.027463638519040545
36	1	41	60	0.027463638519040545
36	1	41	65	0.027463638519040545
36	1	41	30	0.02064105833257464
36	1	41	92	0.02064105833257464
36	1	41	87	0.02064105833257464
36	1	41	88	0.011476759871106088
36	1	41	17	0.011476759871106088
36	1	41	29	0.006788569200636114
36	1	41	50	0.006788569200636114
36	1	42	14	0.09462145673628632
36	1	42	96	0.09462145673628632
36	1	42	77	0.09462145673628632
36	1	42	20	0.03505713483049679
36	1	42	52	0.03505713483049679
36	1	42	4	0.03505713483049679
36	1	42	42	0.03505713483049679
36	1	42	53	0.03505713483049679
36	1	42	65	0.03505713483049679
36	1	42	66	0.03505713483049679
36	1	42	17	0.03505713483049679
36	1	42	30	0.029353168850994888
36	1	42	87	0.029353168850994888
36	1	42	80	0.029353168850994888
36	1	42	28	0.016619028978353455
36	1	42	60	0.029353168850994888
36	1	42	29	0.008591221784445357
36	1	42	8	0.029353168850994888
36	1	42	40	0.029353168850994888
36	1	42	88	0.029353168850994888
36	1	42	71	0.029353168850994888
36	1	42	94	0.029353168850994888
36	1	43	77	0.07230640571488671
36	1	43	96	0.07230640571488671
36	1	43	52	0.07230640571488671
36	1	43	20	0.07230640571488671
36	1	43	14	0.07230640571488671
36	1	43	60	0.07230640571488671
36	1	43	6	0.03642071488291732
36	1	43	28	0.025907542016151582
36	1	43	66	0.025907542016151582
36	1	43	69	0.025907542016151582
36	1	43	35	0.01770710581571713
36	1	43	30	0.01770710581571713
36	1	43	33	0.01770710581571713
36	1	43	92	0.01770710581571713
36	1	43	80	0.01770710581571713
36	1	43	53	0.01770710581571713
36	1	43	88	0.01770710581571713
36	1	43	37	0.01770710581571713
36	1	43	59	0.005759408511873379
36	1	43	17	0.01770710581571713
36	1	43	49	0.01770710581571713
36	1	44	77	0.06505812057935967
36	1	44	20	0.03946972694530241
36	1	44	96	0.03946972694530241
36	1	44	52	0.03946972694530241
36	1	44	65	0.03946972694530241
36	1	44	60	0.026547789790607564
36	1	44	42	0.03946972694530241
36	1	44	4	0.03946972694530241
36	1	44	53	0.026547789790607564
36	1	44	35	0.026547789790607564
36	1	44	69	0.026547789790607564
36	1	44	92	0.026547789790607564
36	1	44	66	0.026547789790607564
36	1	44	14	0.026281468982907032
36	1	44	55	0.01503418227496374
36	1	44	71	0.01503418227496374
36	1	44	33	0.021346805934607267
36	1	44	97	0.021346805934607267
36	1	44	6	0.021346805934607267
36	1	44	59	0.021346805934607267
36	1	44	17	0.021346805934607267
36	1	45	14	0.07819235394134903
36	1	45	96	0.07819235394134903
36	1	45	77	0.07819235394134903
36	1	45	52	0.07819235394134903
36	1	45	4	0.05655184947886969
36	1	45	42	0.05655184947886969
36	1	45	65	0.05655184947886969
36	1	45	20	0.05655184947886969
36	1	45	28	0.02494022564449968
36	1	45	92	0.05564208275675973
36	1	45	30	0.05564208275675973
36	1	45	87	0.02494022564449968
36	1	45	60	0.024079637849652474
36	1	45	66	0.024079637849652474
36	1	45	29	0.024079637849652474
36	1	45	80	0.014645075999806663
36	1	45	6	0.020051721280340034
36	1	45	59	0.020051721280340034
36	1	45	88	0.014645075999806663
36	1	45	99	0.0026970432230039227
36	1	46	14	0.07204632454940182
36	1	46	96	0.07204632454940182
36	1	46	77	0.07204632454940182
36	1	46	52	0.057284600416042546
36	1	46	6	0.057284600416042546
36	1	46	65	0.057284600416042546
36	1	46	49	0.0476850731687541
36	1	46	53	0.0476850731687541
36	1	46	59	0.0476850731687541
36	1	46	60	0.0476850731687541
36	1	46	40	0.0476850731687541
36	1	46	66	0.0476850731687541
36	1	46	80	0.0476850731687541
36	1	46	92	0.0476850731687541
36	1	46	4	0.0476850731687541
36	1	46	42	0.0476850731687541
36	1	46	71	0.029776458416891544
36	1	46	30	0.029776458416891544
36	1	46	20	0.01952923266190021
36	1	46	17	0.01952923266190021
36	1	47	14	0.059731052969686615
36	1	47	77	0.059731052969686615
36	1	47	96	0.059731052969686615
36	1	47	52	0.059731052969686615
36	1	47	20	0.059731052969686615
36	1	47	42	0.04650257875208919
36	1	47	4	0.04650257875208919
36	1	47	65	0.04650257875208919
36	1	47	6	0.04650257875208919
36	1	47	53	0.04650257875208919
36	1	47	60	0.04650257875208919
36	1	47	66	0.04650257875208919
36	1	47	92	0.04650257875208919
36	1	47	49	0.04650257875208919
36	1	47	69	0.04650257875208919
36	1	47	40	0.04650257875208919
36	1	47	28	0.001669283720332088
36	1	47	87	0.04650257875208919
36	1	47	17	0.04650257875208919
36	1	47	30	0.04650257875208919
36	1	47	80	0.00829423532958928
36	1	48	77	0.07431989361684414
36	1	48	28	0.07431989361684414
36	1	48	29	0.07431989361684414
36	1	48	52	0.07431989361684414
36	1	48	96	0.07431989361684414
36	1	48	20	0.07431989361684414
36	1	48	53	0.07431989361684414
36	1	48	17	0.046921023415626366
36	1	48	87	0.046921023415626366
36	1	48	80	0.046921023415626366
36	1	48	99	0.04557775085125961
36	1	48	85	0.04557775085125961
36	1	48	94	0.04557775085125961
36	1	48	91	0.04557775085125961
36	1	48	55	0.013812044465715278
36	1	48	35	0.03368546168419512
36	1	48	6	0.03368546168419512
36	1	48	59	0.03368546168419512
36	1	48	25	0.010915551445363303
36	1	48	58	0.013812044465715278
36	1	48	48	0.013812044465715278
36	1	49	52	0.09280556795208414
36	1	49	96	0.09280556795208414
36	1	49	20	0.09280556795208414
36	1	49	77	0.09280556795208414
36	1	49	14	0.09280556795208414
36	1	49	92	0.09280556795208414
36	1	49	65	0.028183478720758184
36	1	49	42	0.08429160232303802
36	1	49	4	0.08429160232303802
36	1	49	97	0.028183478720758184
36	1	49	66	0.028183478720758184
36	1	49	69	0.016379704130657657
36	1	49	80	0.016379704130657657
36	1	49	37	0.016379704130657657
36	1	49	62	0.016379704130657657
36	1	49	29	0.016379704130657657
36	1	49	60	0.016379704130657657
36	1	49	73	0.016379704130657657
36	1	49	6	0.016379704130657657
36	1	49	47	0.016379704130657657
36	1	50	96	0.1094298296162522
36	1	50	14	0.10722799810300924
36	1	50	77	0.0600529760277431
36	1	50	52	0.04875566763755977
36	1	50	20	0.04875566763755977
36	1	50	53	0.04707711601851564
36	1	50	4	0.037531816286038334
36	1	50	65	0.037531816286038334
36	1	50	35	0.037531816286038334
36	1	50	60	0.02345015431334579
36	1	50	33	0.02345015431334579
36	1	50	30	0.02345015431334579
36	1	50	37	0.02345015431334579
36	1	50	69	0.02345015431334579
36	1	50	42	0.02345015431334579
36	1	50	66	0.02345015431334579
36	1	50	39	0.02345015431334579
36	1	50	94	0.007500376485612268
36	1	50	28	0.02345015431334579
36	1	50	59	0.02345015431334579
36	1	50	50	0.02345015431334579
36	1	51	52	0.1865420833664327
36	1	51	14	0.1865420833664327
36	1	51	77	0.08056931338270786
36	1	51	96	0.08056931338270786
36	1	51	4	0.046076123890716504
36	1	51	60	0.046076123890716504
36	1	51	66	0.046076123890716504
36	1	51	20	0.046076123890716504
36	1	51	42	0.046076123890716504
36	1	51	6	0.046076123890716504
36	1	51	65	0.046076123890716504
36	1	51	30	0.046076123890716504
36	1	51	92	0.046076123890716504
36	1	51	53	0.043444734934613545
36	1	51	28	0.043444734934613545
36	1	51	71	0.01327182453631875
36	1	51	35	0.01327182453631875
36	1	51	59	0.01327182453631875
36	1	51	49	0.01327182453631875
36	1	51	40	0.01327182453631875
36	1	52	14	0.058676246162878115
36	1	52	52	0.058676246162878115
36	1	52	96	0.058676246162878115
36	1	52	77	0.058676246162878115
36	1	52	20	0.048259710588074343
36	1	52	42	0.048259710588074343
36	1	52	4	0.048259710588074343
36	1	52	65	0.04117902204842508
36	1	52	6	0.04117902204842508
36	1	52	66	0.02560917685093309
36	1	52	60	0.02560917685093309
36	1	52	49	0.02560917685093309
36	1	52	92	0.02560917685093309
36	1	52	59	0.02560917685093309
36	1	52	53	0.02560917685093309
36	1	52	40	0.02560917685093309
36	1	52	69	0.02560917685093309
36	1	52	87	0.02560917685093309
36	1	52	30	0.014337795584019123
36	1	52	28	0.02560917685093309
36	1	52	33	0.02560917685093309
36	1	53	14	0.05271988060733324
36	1	53	96	0.05271988060733324
36	1	53	77	0.05271988060733324
36	1	53	52	0.04490779562256149
36	1	53	20	0.04490779562256149
36	1	53	65	0.033663733123291316
36	1	53	42	0.04490779562256149
36	1	53	4	0.04490779562256149
36	1	53	69	0.033663733123291316
36	1	53	6	0.033663733123291316
36	1	53	30	0.033663733123291316
36	1	53	29	0.033663733123291316
36	1	53	49	0.033663733123291316
36	1	53	33	0.033663733123291316
36	1	53	53	0.033663733123291316
36	1	53	66	0.033663733123291316
36	1	53	60	0.033663733123291316
36	1	53	39	0.005549881725833116
36	1	53	92	0.012145018257704752
36	1	53	17	0.012145018257704752
36	1	53	97	0.012145018257704752
36	1	54	77	0.0725006389264256
36	1	54	96	0.0725006389264256
36	1	54	20	0.06508840166766178
36	1	54	52	0.06508840166766178
36	1	54	42	0.062297365875284436
36	1	54	87	0.026372429105294793
36	1	54	17	0.021480837735756347
36	1	54	28	0.02629846737719977
36	1	54	35	0.02629846737719977
36	1	54	4	0.02629846737719977
36	1	54	14	0.021480837735756347
36	1	54	10	0.021480837735756347
36	1	54	60	0.021480837735756347
36	1	54	66	0.021480837735756347
36	1	54	40	0.021480837735756347
36	1	54	88	0.021480837735756347
36	1	54	80	0.021480837735756347
36	1	54	55	0.021480837735756347
36	1	54	37	0.021480837735756347
36	1	54	50	0.021480837735756347
36	1	55	65	0.051104242565708925
36	1	55	14	0.051104242565708925
36	1	55	77	0.051104242565708925
36	1	55	4	0.051104242565708925
36	1	55	30	0.051104242565708925
36	1	55	59	0.051104242565708925
36	1	55	20	0.051104242565708925
36	1	55	87	0.04294745292838869
36	1	55	49	0.04294745292838869
36	1	55	47	0.04294745292838869
36	1	55	28	0.04294745292838869
36	1	55	74	0.04294745292838869
36	1	55	66	0.04294745292838869
36	1	55	37	0.04294745292838869
36	1	55	62	0.04294745292838869
36	1	55	52	0.04294745292838869
36	1	55	68	0.04294745292838869
36	1	55	60	0.04294745292838869
36	1	55	96	0.03351204569189725
36	1	55	6	0.020895964212209954
36	1	56	14	0.04818362335905498
36	1	56	77	0.08222572851912069
36	1	56	96	0.08222572851912069
36	1	56	4	0.030375579839756306
36	1	56	20	0.030375579839756306
36	1	56	69	0.030375579839756306
36	1	56	66	0.028330574468399004
36	1	56	60	0.028330574468399004
36	1	56	49	0.028330574468399004
36	1	56	42	0.028330574468399004
36	1	56	6	0.028330574468399004
36	1	56	87	0.008238721619249023
36	1	56	65	0.025438793279336232
36	1	56	40	0.025438793279336232
36	1	56	39	0.025438793279336232
36	1	56	88	0.008238721619249023
36	1	56	92	0.008238721619249023
36	1	56	53	0.025438793279336232
36	1	56	59	0.025438793279336232
36	1	56	28	0.025438793279336232
36	1	56	52	0.025438793279336232
36	1	56	29	0.010770959448478164
36	1	56	19	0.010770959448478164
36	1	57	14	0.0950003970002445
36	1	57	20	0.06375690013363187
36	1	57	77	0.06375690013363187
36	1	57	96	0.06375690013363187
36	1	57	65	0.06375690013363187
36	1	57	4	0.05216644676787918
36	1	57	52	0.05216644676787918
36	1	57	33	0.05216644676787918
36	1	57	42	0.05216644676787918
36	1	57	49	0.05216644676787918
36	1	57	66	0.05216644676787918
36	1	57	6	0.05216644676787918
36	1	57	97	0.05216644676787918
36	1	57	60	0.05216644676787918
36	1	57	55	0.019810218327156383
36	1	57	40	0.019810218327156383
36	1	57	30	0.00615504103149997
36	1	57	28	0.019810218327156383
36	1	57	29	0.019810218327156383
36	1	57	62	0.019810218327156383
36	1	58	42	0.06606293313413457
36	1	58	96	0.06606293313413457
36	1	58	77	0.06606293313413457
36	1	58	20	0.06606293313413457
36	1	58	4	0.06606293313413457
36	1	58	6	0.03158431314949879
36	1	58	65	0.06606293313413457
36	1	58	14	0.06606293313413457
36	1	58	52	0.06606293313413457
36	1	58	53	0.03158431314949879
36	1	58	92	0.03158431314949879
36	1	58	49	0.03158431314949879
36	1	58	66	0.03158431314949879
36	1	58	29	0.03158431314949879
36	1	58	87	0.03158431314949879
36	1	58	40	0.03158431314949879
36	1	58	69	0.03158431314949879
36	1	58	60	0.03158431314949879
36	1	58	10	0.01675099957977712
36	1	58	32	0.01646691078308651
36	1	59	14	0.0716856808275083
36	1	59	77	0.14998580894421262
36	1	59	96	0.14998580894421262
36	1	59	52	0.04283066931409176
36	1	59	88	0.040712885897745146
36	1	59	65	0.040712885897745146
36	1	59	92	0.040712885897745146
36	1	59	20	0.026682070619998024
36	1	59	69	0.026682070619998024
36	1	59	30	0.026682070619998024
36	1	59	42	0.026682070619998024
36	1	59	4	0.026682070619998024
36	1	59	40	0.026682070619998024
36	1	59	87	0.026682070619998024
36	1	59	28	0.026682070619998024
36	1	59	17	0.01257553217185212
36	1	59	53	0.024976989968745963
36	1	59	94	0.026682070619998024
36	1	59	29	0.024976989968745963
36	1	59	35	0.026682070619998024
36	1	60	20	0.17448555209398486
36	1	60	71	0.09702864620297193
36	1	60	96	0.17448555209398486
36	1	60	77	0.17448555209398486
36	1	60	19	0.03361556816451486
36	1	60	42	0.03725678902735028
36	1	60	4	0.03725678902735028
36	1	60	29	0.03725678902735028
36	1	60	49	0.03725678902735028
36	1	60	88	0.03361556816451486
36	1	60	6	0.03361556816451486
36	1	60	53	0.03361556816451486
36	1	60	25	0.021181581822468452
36	1	60	92	0.021181581822468452
36	1	60	93	0.021181581822468452
36	1	60	52	0.014765996530261111
36	1	60	14	0.014765996530261111
36	1	60	69	0.021181581822468452
36	1	60	97	0.021181581822468452
36	1	60	17	0.021181581822468452
36	1	60	94	0.021181581822468452
36	1	61	77	0.09081190592824398
36	1	61	96	0.09081190592824398
36	1	61	14	0.09081190592824398
36	1	61	52	0.09081190592824398
36	1	61	20	0.05675283199755513
36	1	61	6	0.052992753385779856
36	1	61	4	0.05675283199755513
36	1	61	42	0.05675283199755513
36	1	61	66	0.04199031066632336
36	1	61	92	0.04199031066632336
36	1	61	59	0.04199031066632336
36	1	61	28	0.04199031066632336
36	1	61	35	0.030715146482741103
36	1	61	29	0.030715146482741103
36	1	61	88	0.030715146482741103
36	1	61	17	0.003506870439097694
36	1	61	60	0.020524586617383725
36	1	61	49	0.020524586617383725
36	1	61	69	0.020524586617383725
36	1	61	40	0.020524586617383725
36	1	61	65	0.020524586617383725
36	1	62	14	0.06548503343226836
36	1	62	96	0.06548503343226836
36	1	62	77	0.06548503343226836
36	1	62	52	0.06548503343226836
36	1	62	20	0.04815547339359648
36	1	62	65	0.04815547339359648
36	1	62	4	0.04815547339359648
36	1	62	42	0.04815547339359648
36	1	62	59	0.04815547339359648
36	1	62	6	0.030654092019188946
36	1	62	60	0.04815547339359648
36	1	62	66	0.04815547339359648
36	1	62	49	0.02854912467087242
36	1	62	28	0.02854912467087242
36	1	62	30	0.02854912467087242
36	1	62	40	0.02854912467087242
36	1	62	92	0.02854912467087242
36	1	62	87	0.02854912467087242
36	1	62	8	0.02854912467087242
36	1	62	53	0.02854912467087242
36	1	63	77	0.07371860077625884
36	1	63	14	0.07371860077625884
36	1	63	96	0.07371860077625884
36	1	63	52	0.06314518459695274
36	1	63	20	0.05290419774209849
36	1	63	6	0.05290419774209849
36	1	63	4	0.033369913530921426
36	1	63	42	0.033369913530921426
36	1	63	65	0.033369913530921426
36	1	63	60	0.019933032205945167
36	1	63	49	0.014080933371282882
36	1	63	66	0.017112677932175115
36	1	63	59	0.017112677932175115
36	1	63	33	0.017112677932175115
36	1	63	35	0.017112677932175115
36	1	63	40	0.014080933371282882
36	1	63	50	0.014080933371282882
36	1	63	87	0.014080933371282882
36	1	63	28	0.014080933371282882
36	1	63	17	0.009663166227874727
36	1	64	14	0.0809109813759948
36	1	64	77	0.0809109813759948
36	1	64	96	0.0809109813759948
36	1	64	20	0.0809109813759948
36	1	64	52	0.0809109813759948
36	1	64	6	0.03767489111163821
36	1	64	4	0.050903195851624
36	1	64	42	0.050903195851624
36	1	64	33	0.0255629834476454
36	1	64	60	0.0255629834476454
36	1	64	59	0.0255629834476454
36	1	64	65	0.0255629834476454
36	1	64	66	0.0255629834476454
36	1	64	29	0.020381211119362187
36	1	64	49	0.0021707492013517578
36	1	64	87	0.020381211119362187
36	1	64	28	0.020381211119362187
36	1	64	92	0.020381211119362187
36	1	64	35	0.020381211119362187
36	1	64	8	0.01605391977748729
36	1	64	88	0.01605391977748729
36	1	65	77	0.05831910362669095
36	1	65	52	0.0695035268841817
36	1	65	14	0.0695035268841817
36	1	65	96	0.05831910362669095
36	1	65	20	0.05086041352963528
36	1	65	42	0.05086041352963528
36	1	65	4	0.05086041352963528
36	1	65	53	0.039267930409568795
36	1	65	40	0.039267930409568795
36	1	65	92	0.02053866394458909
36	1	65	88	0.01717518810589846
36	1	65	6	0.01717518810589846
36	1	65	65	0.01717518810589846
36	1	65	69	0.008093399969680882
36	1	65	49	0.007324997854909253
36	1	65	39	0.007324997854909253
36	1	65	29	0.01717518810589846
36	1	65	28	0.01717518810589846
36	1	65	50	0.01717518810589846
36	1	65	33	0.01717518810589846
36	1	65	87	0.01717518810589846
36	1	65	80	0.01717518810589846
36	1	65	71	0.005581830958657155
36	1	65	30	0.005581830958657155
36	1	65	97	0.005581830958657155
36	1	65	35	0.01717518810589846
36	1	66	77	0.10574014235250276
36	1	66	96	0.10574014235250276
36	1	66	52	0.05707456593658853
36	1	66	14	0.05707456593658853
36	1	66	65	0.05707456593658853
36	1	66	20	0.0366437128384723
36	1	66	6	0.0366437128384723
36	1	66	66	0.0366437128384723
36	1	66	28	0.027349726252890574
36	1	66	60	0.027349726252890574
36	1	66	69	0.027349726252890574
36	1	66	53	0.027349726252890574
36	1	66	87	0.027349726252890574
36	1	66	92	0.027349726252890574
36	1	66	40	0.027349726252890574
36	1	66	49	0.027349726252890574
36	1	66	59	0.027349726252890574
36	1	66	4	0.021020688072245452
36	1	66	42	0.021020688072245452
36	1	66	33	0.027349726252890574
36	1	66	30	0.027349726252890574
36	1	67	14	0.05616250017063571
36	1	67	77	0.05616250017063571
36	1	67	96	0.05616250017063571
36	1	67	52	0.05616250017063571
36	1	67	20	0.05616250017063571
36	1	67	65	0.03934564236627976
36	1	67	42	0.03934564236627976
36	1	67	4	0.03934564236627976
36	1	67	6	0.03200497993348212
36	1	67	49	0.03200497993348212
36	1	67	92	0.02943406453799418
36	1	67	66	0.02943406453799418
36	1	67	60	0.02943406453799418
36	1	67	53	0.01895412989777961
36	1	67	88	0.01735890203072821
36	1	67	33	0.010938079274159256
36	1	67	35	0.010938079274159256
36	1	67	59	0.010938079274159256
36	1	67	28	0.002224324102114426
36	1	67	69	0.01735890203072821
36	1	67	97	0.01735890203072821
36	1	67	40	0.01735890203072821
36	1	67	87	0.01735890203072821
36	1	67	39	0.01735890203072821
36	1	68	14	0.11247328172130701
36	1	68	77	0.11247328172130701
36	1	68	96	0.11247328172130701
36	1	68	65	0.05798849981781086
36	1	68	66	0.05798849981781086
36	1	68	59	0.05798849981781086
36	1	68	42	0.05798849981781086
36	1	68	4	0.05798849981781086
36	1	68	33	0.05798849981781086
36	1	68	28	0.05798849981781086
36	1	68	60	0.05798849981781086
36	1	68	20	0.05798849981781086
36	1	68	92	0.05798849981781086
36	1	68	97	0.05798849981781086
36	1	68	35	0.02423774798201517
36	1	68	50	0.02423774798201517
36	1	68	32	0.023337466590850325
36	1	68	53	0.008766692591549878
36	1	68	88	0.008766692591549878
36	1	68	30	0.023337466590850325
36	1	68	94	0.01334260224666748
36	1	68	62	0.023337466590850325
36	1	68	37	0.023337466590850325
36	1	69	96	0.07990202967644235
36	1	69	14	0.07990202967644235
36	1	69	20	0.07990202967644235
36	1	69	52	0.07990202967644235
36	1	69	77	0.07990202967644235
36	1	69	65	0.03646284002867915
36	1	69	42	0.06314339831259953
36	1	69	4	0.06314339831259953
36	1	69	60	0.029359778076537085
36	1	69	6	0.029359778076537085
36	1	69	59	0.023238669309066887
36	1	69	28	0.023238669309066887
36	1	69	66	0.023238669309066887
36	1	69	49	0.023238669309066887
36	1	69	53	0.023238669309066887
36	1	69	33	0.016359954944236723
36	1	69	92	0.023238669309066887
36	1	69	69	0.023238669309066887
36	1	69	87	0.023238669309066887
36	1	69	40	0.00603833844376496
36	1	69	29	0.016359954944236723
36	1	70	52	0.07421082915201559
36	1	70	14	0.07421082915201559
36	1	70	96	0.07421082915201559
36	1	70	77	0.07421082915201559
36	1	70	65	0.04451251775381005
36	1	70	20	0.04451251775381005
36	1	70	97	0.04451251775381005
36	1	70	66	0.038256955489651
36	1	70	92	0.038256955489651
36	1	70	4	0.038256955489651
36	1	70	42	0.038256955489651
36	1	70	60	0.038256955489651
36	1	70	87	0.033063196202133306
36	1	70	53	0.033063196202133306
36	1	70	49	0.033063196202133306
36	1	70	40	0.033063196202133306
36	1	70	59	0.033063196202133306
36	1	70	6	0.033063196202133306
36	1	70	28	0.033063196202133306
36	1	70	88	0.006073110512841652
36	1	71	52	0.05287565883762515
36	1	71	96	0.07546423584822631
36	1	71	77	0.07546423584822631
36	1	71	14	0.05287565883762515
36	1	71	20	0.044802001965065244
36	1	71	42	0.044802001965065244
36	1	71	4	0.044802001965065244
36	1	71	6	0.044802001965065244
36	1	71	87	0.044802001965065244
36	1	71	65	0.019392336200115694
36	1	71	60	0.019392336200115694
36	1	71	66	0.019392336200115694
36	1	71	69	0.019392336200115694
36	1	71	80	0.019392336200115694
36	1	71	49	0.019392336200115694
36	1	71	30	0.019392336200115694
36	1	71	40	0.019392336200115694
36	1	71	28	0.019392336200115694
36	1	71	53	0.019392336200115694
36	1	71	29	0.019392336200115694
36	1	72	96	0.0932995972550773
36	1	72	77	0.0932995972550773
36	1	72	14	0.0932995972550773
36	1	72	52	0.0932995972550773
36	1	72	65	0.049994921274364675
36	1	72	42	0.049994921274364675
36	1	72	4	0.049994921274364675
36	1	72	20	0.049994921274364675
36	1	72	6	0.033598200388519635
36	1	72	53	0.021665234006495913
36	1	72	66	0.02708111322382879
36	1	72	60	0.02708111322382879
36	1	72	92	0.022784842536880782
36	1	72	49	0.021665234006495913
36	1	72	87	0.021665234006495913
36	1	72	59	0.017460760211423322
36	1	72	30	0.014673519179685634
36	1	72	17	0.014673519179685634
36	1	72	40	0.014520042327198444
36	1	72	97	0.014520042327198444
36	1	72	88	0.014520042327198444
36	1	73	14	0.12579528381569957
36	1	73	77	0.11407243573054622
36	1	73	96	0.11407243573054622
36	1	73	59	0.04909196884414928
36	1	73	99	0.04909196884414928
36	1	73	65	0.04909196884414928
36	1	73	28	0.04909196884414928
36	1	73	92	0.04909196884414928
36	1	73	52	0.04909196884414928
36	1	73	49	0.04909196884414928
36	1	73	29	0.04909196884414928
36	1	73	30	0.02598377708219031
36	1	73	35	0.04168629527456246
36	1	73	80	0.04909196884414928
36	1	73	42	0.017757141922519124
36	1	73	74	0.017757141922519124
36	1	73	40	0.017757141922519124
36	1	73	20	0.017757141922519124
36	1	73	79	0.017757141922519124
36	1	73	31	0.014695621597919522
36	1	74	52	0.0834837627830258
36	1	74	96	0.0834837627830258
36	1	74	20	0.0834837627830258
36	1	74	4	0.0834837627830258
36	1	74	42	0.0834837627830258
36	1	74	77	0.0834837627830258
36	1	74	6	0.0834837627830258
36	1	74	49	0.0834837627830258
36	1	74	92	0.028267911424952143
36	1	74	94	0.022545395906263244
36	1	74	14	0.02387415960074346
36	1	74	60	0.02387415960074346
36	1	74	66	0.022545395906263244
36	1	74	97	0.022545395906263244
36	1	74	69	0.020466679985270825
36	1	74	40	0.020466679985270825
36	1	74	39	0.020466679985270825
36	1	74	88	0.020466679985270825
36	1	74	30	0.020466679985270825
36	1	74	99	0.020466679985270825
36	1	75	96	0.1191502467667021
36	1	75	52	0.10189588847983577
36	1	75	20	0.10189588847983577
36	1	75	77	0.10189588847983577
36	1	75	4	0.10189588847983577
36	1	75	69	0.10189588847983577
36	1	75	65	0.10189588847983577
36	1	75	14	0.10189588847983577
36	1	75	92	0.10189588847983577
36	1	75	28	0.10189588847983577
36	1	75	49	0.10189588847983577
36	1	75	42	0.10189588847983577
36	1	75	17	0.10189588847983577
36	1	75	8	0.039943338140956415
36	1	75	29	0.0398977609816646
36	1	75	99	0.0398977609816646
36	1	75	10	0.012705035364305907
36	1	75	34	0.013933988977589571
36	1	75	55	0.013933988977589571
36	1	75	25	0.012705035364305907
36	1	75	40	0.012705035364305907
36	1	75	50	0.012705035364305907
36	1	76	14	0.0799810226474626
36	1	76	65	0.06476052013971814
36	1	76	96	0.06786052710934296
36	1	76	77	0.06786052710934296
36	1	76	4	0.06476052013971814
36	1	76	42	0.06476052013971814
36	1	76	20	0.06476052013971814
36	1	76	52	0.032093251711423694
36	1	76	87	0.018829441484953784
36	1	76	69	0.03168498567758321
36	1	76	92	0.012854013981013272
36	1	76	40	0.03168498567758321
36	1	76	6	0.03168498567758321
36	1	76	17	0.03168498567758321
36	1	76	97	0.03168498567758321
36	1	76	8	0.03168498567758321
36	1	76	49	0.03168498567758321
36	1	76	47	0.03168498567758321
36	1	76	53	0.03168498567758321
36	1	76	88	0.03168498567758321
36	1	76	25	0.03168498567758321
36	1	77	52	0.07058136664510048
36	1	77	77	0.07058136664510048
36	1	77	20	0.07058136664510048
36	1	77	65	0.07058136664510048
36	1	77	14	0.07058136664510048
36	1	77	30	0.07058136664510048
36	1	77	6	0.07058136664510048
36	1	77	42	0.02347677809612295
36	1	77	87	0.02347677809612295
36	1	77	92	0.02347677809612295
36	1	77	37	0.02347677809612295
36	1	77	4	0.02347677809612295
36	1	77	62	0.02347677809612295
36	1	77	59	0.02347677809612295
36	1	77	60	0.02347677809612295
36	1	77	71	0.02347677809612295
36	1	77	17	0.02347677809612295
36	1	77	53	0.02347677809612295
36	1	77	39	0.009969886402803333
36	1	77	97	0.007414804302892928
36	1	78	96	0.05977918238893577
36	1	78	77	0.05977918238893577
36	1	78	52	0.05977918238893577
36	1	78	66	0.05660256621357047
36	1	78	49	0.03687488124226389
36	1	78	6	0.03687488124226389
36	1	78	60	0.03687488124226389
36	1	78	88	0.03687488124226389
36	1	78	55	0.03687488124226389
36	1	78	20	0.032186692613388974
36	1	78	35	0.032186692613388974
36	1	78	8	0.032186692613388974
36	1	78	37	0.032186692613388974
36	1	78	9	0.032186692613388974
36	1	78	32	0.032186692613388974
36	1	78	33	0.032186692613388974
36	1	78	54	0.017086584145923837
36	1	78	27	0.012627253824802552
36	1	78	94	0.015820299779666428
36	1	78	79	0.015820299779666428
36	1	78	73	0.015820299779666428
36	1	79	14	0.07497673386487838
36	1	79	52	0.07497673386487838
36	1	79	96	0.07497673386487838
36	1	79	77	0.07497673386487838
36	1	79	20	0.07497673386487838
36	1	79	42	0.07497673386487838
36	1	79	4	0.07497673386487838
36	1	79	65	0.039277660778394015
36	1	79	6	0.07497673386487838
36	1	79	40	0.039277660778394015
36	1	79	35	0.039277660778394015
36	1	79	30	0.039277660778394015
36	1	79	49	0.019471660737802668
36	1	79	37	0.019471660737802668
36	1	79	87	0.019471660737802668
36	1	79	50	0.019471660737802668
36	1	79	97	0.019471660737802668
36	1	79	55	0.014368344646299996
36	1	79	33	0.019471660737802668
36	1	79	53	0.019471660737802668
36	1	80	14	0.22703151043468447
36	1	80	6	0.0445276934912447
36	1	80	77	0.0445276934912447
36	1	80	20	0.041287383733713046
36	1	80	96	0.041287383733713046
36	1	80	55	0.039216758641925024
36	1	80	92	0.039216758641925024
36	1	80	40	0.039216758641925024
36	1	80	30	0.039216758641925024
36	1	80	97	0.039216758641925024
36	1	80	42	0.039216758641925024
36	1	80	17	0.039216758641925024
36	1	80	4	0.039216758641925024
36	1	80	9	0.039216758641925024
36	1	80	99	0.039216758641925024
36	1	80	69	0.0314944680742392
36	1	80	66	0.0314944680742392
36	1	80	60	0.0314944680742392
36	1	80	80	0.012787235886950953
36	1	80	39	0.0033770280748930594
36	1	81	96	0.10005209161040508
36	1	81	52	0.07177609076395962
36	1	81	4	0.034507186579193876
36	1	81	59	0.026833184484636046
36	1	81	65	0.03788172962244364
36	1	81	20	0.03788172962244364
36	1	81	14	0.03788172962244364
36	1	81	77	0.026833184484636046
36	1	81	60	0.01694023285860216
36	1	81	33	0.026833184484636046
36	1	81	92	0.026833184484636046
36	1	81	28	0.026833184484636046
36	1	81	42	0.01780976984342349
36	1	81	29	0.01780976984342349
36	1	81	10	0.01646390572849663
36	1	81	87	0.009571404216070906
36	1	81	53	0.01694023285860216
36	1	81	66	0.01694023285860216
36	1	81	6	0.01694023285860216
36	1	81	19	0.01694023285860216
36	1	81	69	0.01694023285860216
36	1	81	49	0.01694023285860216
36	1	81	40	0.01694023285860216
36	1	81	30	0.01694023285860216
36	1	82	14	0.11089919136111523
36	1	82	96	0.11089919136111523
36	1	82	42	0.04983702522936131
36	1	82	4	0.04983702522936131
36	1	82	69	0.04983702522936131
36	1	82	33	0.03043682099668829
36	1	82	40	0.03043682099668829
36	1	82	92	0.03043682099668829
36	1	82	77	0.03043682099668829
36	1	82	53	0.021871623271893972
36	1	82	30	0.03043682099668829
36	1	82	29	0.03043682099668829
36	1	82	37	0.013856672975680953
36	1	82	50	0.013856672975680953
36	1	82	59	0.013856672975680953
36	1	82	60	0.021871623271893972
36	1	82	65	0.021871623271893972
36	1	82	66	0.021871623271893972
36	1	82	52	0.021871623271893972
36	1	82	80	0.020332086224736996
36	1	82	49	0.020332086224736996
36	1	82	25	0.020332086224736996
36	1	83	52	0.07880480694984085
36	1	83	65	0.04468214773993822
36	1	83	77	0.07880480694984085
36	1	83	96	0.07880480694984085
36	1	83	20	0.07732033612493747
36	1	83	4	0.04468214773993822
36	1	83	69	0.04468214773993822
36	1	83	6	0.04468214773993822
36	1	83	87	0.04468214773993822
36	1	83	60	0.04468214773993822
36	1	83	53	0.04468214773993822
36	1	83	42	0.04468214773993822
36	1	83	88	0.04468214773993822
36	1	83	66	0.04468214773993822
36	1	83	14	0.04468214773993822
36	1	83	29	0.04468214773993822
36	1	83	33	0.04468214773993822
36	1	83	31	0.04468214773993822
36	1	83	8	0.04468214773993822
36	1	83	71	0.011857700853290676
36	1	84	59	0.04954284500817578
36	1	84	96	0.04954284500817578
36	1	84	52	0.04954284500817578
36	1	84	77	0.04954284500817578
36	1	84	87	0.04954284500817578
36	1	84	92	0.0396521376828661
36	1	84	4	0.04954284500817578
36	1	84	65	0.03014467147241428
36	1	84	80	0.03014467147241428
36	1	84	17	0.04954284500817578
36	1	84	60	0.04954284500817578
36	1	84	20	0.04954284500817578
36	1	84	66	0.04954284500817578
36	1	84	42	0.04954284500817578
36	1	84	53	0.0396521376828661
36	1	84	62	0.0396521376828661
36	1	84	71	0.00614050394922246
36	1	84	40	0.03014467147241428
36	1	84	99	0.03014467147241428
36	1	84	14	0.03014467147241428
36	1	84	68	0.01974840064598177
36	1	85	4	0.07291685583801885
36	1	85	77	0.06078754860098236
36	1	85	96	0.06078754860098236
36	1	85	20	0.06078754860098236
36	1	85	42	0.06078754860098236
36	1	85	14	0.06078754860098236
36	1	85	49	0.05909948321089013
36	1	85	6	0.06078754860098236
36	1	85	66	0.06078754860098236
36	1	85	60	0.06078754860098236
36	1	85	53	0.030916185755048474
36	1	85	65	0.030916185755048474
36	1	85	52	0.030916185755048474
36	1	85	97	0.030916185755048474
36	1	85	59	0.030916185755048474
36	1	85	92	0.030916185755048474
36	1	85	30	0.022411287438616374
36	1	85	19	0.017250005521449074
36	1	85	69	0.022411287438616374
36	1	85	37	0.022411287438616374
36	1	85	33	0.022411287438616374
36	1	86	52	0.06776513904817896
36	1	86	77	0.06776513904817896
36	1	86	42	0.06776513904817896
36	1	86	96	0.06776513904817896
36	1	86	20	0.06776513904817896
36	1	86	14	0.045240117496295515
36	1	86	4	0.06776513904817896
36	1	86	49	0.03227301966632462
36	1	86	65	0.03227301966632462
36	1	86	66	0.03227301966632462
36	1	86	87	0.03227301966632462
36	1	86	60	0.03227301966632462
36	1	86	6	0.03227301966632462
36	1	86	30	0.03227301966632462
36	1	86	69	0.03227301966632462
36	1	86	55	0.020911248115230974
36	1	86	8	0.020911248115230974
36	1	86	50	0.012396084152903861
36	1	86	17	0.012396084152903861
36	1	86	35	0.008104264715863417
36	1	87	96	0.10774487518310488
36	1	87	14	0.09995073551229837
36	1	87	52	0.09995073551229837
36	1	87	77	0.08491548621678593
36	1	87	6	0.0340961142649879
36	1	87	20	0.0340961142649879
36	1	87	53	0.0340961142649879
36	1	87	42	0.03127080932928523
36	1	87	65	0.0340961142649879
36	1	87	17	0.0340961142649879
36	1	87	80	0.0340961142649879
36	1	87	92	0.0340961142649879
36	1	87	30	0.0340961142649879
36	1	87	9	0.02387098371270175
36	1	87	29	0.02387098371270175
36	1	87	59	0.03127080932928523
36	1	87	4	0.03127080932928523
36	1	87	28	0.027523784897725136
36	1	87	37	0.007570313206747523
36	1	87	85	0.02387098371270175
36	1	87	25	0.02387098371270175
36	1	87	94	0.02387098371270175
36	1	88	14	0.09091447686161568
36	1	88	77	0.09091447686161568
36	1	88	59	0.0859117340210673
36	1	88	33	0.0859117340210673
36	1	88	29	0.0859117340210673
36	1	88	97	0.02904777948120826
36	1	88	52	0.02904777948120826
36	1	88	76	0.02904777948120826
36	1	88	40	0.026336071585718514
36	1	88	20	0.026336071585718514
36	1	88	30	0.018529433242369834
36	1	88	66	0.023976152574312234
36	1	88	60	0.023976152574312234
36	1	88	1	0.023976152574312234
36	1	88	35	0.020316712244631847
36	1	88	58	0.018529433242369834
36	1	88	74	0.016917563702048954
36	1	88	49	0.016917563702048954
36	1	88	87	0.002767301524892358
36	1	88	31	0.005903853372992082
36	1	88	53	0.005903853372992082
36	1	89	20	0.08053090191220859
36	1	89	77	0.06775065402631215
36	1	89	4	0.06775065402631215
36	1	89	14	0.06775065402631215
36	1	89	52	0.06775065402631215
36	1	89	49	0.06775065402631215
36	1	89	42	0.06775065402631215
36	1	89	6	0.029185131127434732
36	1	89	97	0.029185131127434732
36	1	89	40	0.029185131127434732
36	1	89	96	0.029185131127434732
36	1	89	60	0.015864727196143326
36	1	89	68	0.015864727196143326
36	1	89	66	0.015864727196143326
36	1	89	69	0.029185131127434732
36	1	89	17	0.029185131127434732
36	1	89	53	0.029185131127434732
36	1	89	35	0.029185131127434732
36	1	89	71	0.029185131127434732
36	1	89	30	0.029185131127434732
36	1	89	32	0.025509066129081184
36	1	89	50	0.025509066129081184
36	1	90	77	0.04434565975274266
36	1	90	96	0.04434565975274266
36	1	90	71	0.03958479496776341
36	1	90	66	0.03958479496776341
36	1	90	60	0.03958479496776341
36	1	90	69	0.03958479496776341
36	1	90	20	0.03958479496776341
36	1	90	47	0.03958479496776341
36	1	90	87	0.03958479496776341
36	1	90	14	0.03958479496776341
36	1	90	52	0.03958479496776341
36	1	90	80	0.03958479496776341
36	1	90	8	0.03958479496776341
36	1	90	49	0.03958479496776341
36	1	90	53	0.03958479496776341
36	1	90	59	0.03958479496776341
36	1	90	55	0.03958479496776341
36	1	90	33	0.015600576526875612
36	1	90	31	0.0063677340974732
36	1	90	37	0.0032845680222748294
36	1	91	77	0.11443023586752261
36	1	91	96	0.11443023586752261
36	1	91	69	0.11443023586752261
36	1	91	40	0.05782588391275872
36	1	91	6	0.03850790041539915
36	1	91	87	0.03850790041539915
36	1	91	59	0.023970036001365963
36	1	91	66	0.03850790041539915
36	1	91	97	0.03850790041539915
36	1	91	68	0.023970036001365963
36	1	91	20	0.023970036001365963
36	1	91	76	0.014101691434936661
36	1	91	4	0.023970036001365963
36	1	91	28	0.023970036001365963
36	1	91	42	0.023970036001365963
36	1	91	44	0.005729328430258501
36	1	91	14	0.014101691434936661
36	1	91	52	0.014101691434936661
36	1	91	65	0.014101691434936661
36	1	91	53	0.012620306611148064
36	1	91	71	0.012620306611148064
36	1	92	96	0.0795541294157793
36	1	92	52	0.0795541294157793
36	1	92	77	0.0795541294157793
36	1	92	42	0.0795541294157793
36	1	92	20	0.0795541294157793
36	1	92	65	0.0795541294157793
36	1	92	60	0.04012723212273553
36	1	92	49	0.03416398985643551
36	1	92	66	0.03416398985643551
36	1	92	87	0.03416398985643551
36	1	92	30	0.03416398985643551
36	1	92	92	0.03416398985643551
36	1	92	6	0.03416398985643551
36	1	92	88	0.03416398985643551
36	1	92	14	0.03416398985643551
36	1	92	59	0.03416398985643551
36	1	92	28	0.03416398985643551
36	1	92	53	0.03416398985643551
36	1	92	33	0.03416398985643551
36	1	92	4	0.03416398985643551
36	1	93	20	0.09144634186187149
36	1	93	14	0.09144634186187149
36	1	93	77	0.09144634186187149
36	1	93	60	0.09144634186187149
36	1	93	52	0.09144634186187149
36	1	93	96	0.09144634186187149
36	1	93	66	0.09144634186187149
36	1	93	92	0.09144634186187149
36	1	93	65	0.09144634186187149
36	1	93	53	0.03802777522398292
36	1	93	40	0.02591490022881472
36	1	93	4	0.02591490022881472
36	1	93	42	0.02591490022881472
36	1	93	9	0.004595023230708052
36	1	93	35	0.012934213973261503
36	1	93	6	0.012934213973261503
36	1	93	17	0.012934213973261503
36	1	93	29	0.012934213973261503
36	1	93	10	0.012671040537003204
36	1	93	25	0.010884323349445441
36	1	93	88	0.010884323349445441
36	1	94	14	0.33360619136449876
36	1	94	58	0.06752000758143119
36	1	94	87	0.06752000758143119
36	1	94	65	0.06752000758143119
36	1	94	6	0.053184677642948416
36	1	94	37	0.053184677642948416
36	1	94	11	0.053184677642948416
36	1	94	49	0.053184677642948416
36	1	94	62	0.053184677642948416
36	1	94	31	0.053184677642948416
36	1	94	98	0.053184677642948416
36	1	94	97	0.053184677642948416
36	1	94	42	0.03589797639180944
36	1	94	4	0.03589797639180944
36	1	94	79	0.03589797639180944
36	1	94	96	0.03589797639180944
36	1	94	35	0.03589797639180944
36	1	94	21	0.03589797639180944
36	1	94	77	0.009327892247566999
36	1	94	59	0.009327892247566999
36	1	95	14	0.08280278278924429
36	1	95	52	0.06295993701495141
36	1	95	97	0.047716008993438426
36	1	95	65	0.047716008993438426
36	1	95	92	0.032681013246850334
36	1	95	66	0.040139089693437394
36	1	95	60	0.040139089693437394
36	1	95	87	0.032681013246850334
36	1	95	77	0.032681013246850334
36	1	95	20	0.032681013246850334
36	1	95	88	0.032681013246850334
36	1	95	96	0.032681013246850334
36	1	95	47	0.032681013246850334
36	1	95	30	0.032681013246850334
36	1	95	94	0.032681013246850334
36	1	95	69	0.032681013246850334
36	1	95	53	0.032681013246850334
36	1	95	59	0.01517103990522892
36	1	95	50	0.011727661469589763
36	1	95	4	0.011727661469589763
36	1	96	14	0.0843260862207431
36	1	96	77	0.0843260862207431
36	1	96	96	0.0843260862207431
36	1	96	20	0.05532323153221696
36	1	96	42	0.06928530491701491
36	1	96	4	0.06928530491701491
36	1	96	6	0.05532323153221696
36	1	96	65	0.03282073722071705
36	1	96	49	0.03282073722071705
36	1	96	69	0.03282073722071705
36	1	96	59	0.03282073722071705
36	1	96	33	0.03282073722071705
36	1	96	40	0.03282073722071705
36	1	96	52	0.03282073722071705
36	1	96	92	0.03282073722071705
36	1	96	80	0.03282073722071705
36	1	96	50	0.03282073722071705
36	1	96	53	0.03282073722071705
36	1	96	88	0.03282073722071705
36	1	96	35	0.03282073722071705
36	1	97	77	0.09629159144700246
36	1	97	96	0.09629159144700246
36	1	97	14	0.09629159144700246
36	1	97	52	0.09629159144700246
36	1	97	65	0.09629159144700246
36	1	97	20	0.09629159144700246
36	1	97	66	0.09629159144700246
36	1	97	60	0.09629159144700246
36	1	97	49	0.09629159144700246
36	1	97	6	0.09629159144700246
36	1	97	42	0.04292403989764444
36	1	97	97	0.09629159144700246
36	1	97	69	0.09629159144700246
36	1	97	81	0.04292403989764444
36	1	97	30	0.04292403989764444
36	1	97	4	0.04292403989764444
36	1	97	59	0.04292403989764444
36	1	97	55	0.04292403989764444
36	1	97	29	0.04292403989764444
36	1	97	28	0.010646255423395538
36	1	98	14	0.08634265306905901
36	1	98	96	0.08634265306905901
36	1	98	20	0.04107932460979037
36	1	98	4	0.08634265306905901
36	1	98	42	0.08634265306905901
36	1	98	87	0.036922732191707656
36	1	98	77	0.033590542973371364
36	1	98	52	0.033590542973371364
36	1	98	33	0.033590542973371364
36	1	98	59	0.033590542973371364
36	1	98	30	0.01626823877309063
36	1	98	49	0.01626823877309063
36	1	98	69	0.01626823877309063
36	1	98	53	0.01626823877309063
36	1	98	66	0.01626823877309063
36	1	98	60	0.01626823877309063
36	1	98	6	0.01626823877309063
36	1	98	35	0.01626823877309063
36	1	98	97	0.01626823877309063
36	1	98	65	0.01626823877309063
36	1	99	77	0.06191508849366073
36	1	99	14	0.04556709753489721
36	1	99	52	0.04556709753489721
36	1	99	96	0.04556709753489721
36	1	99	20	0.04556709753489721
36	1	99	60	0.036095926759304765
36	1	99	66	0.03550128604511459
36	1	99	59	0.04556709753489721
36	1	99	42	0.04556709753489721
36	1	99	4	0.04556709753489721
36	1	99	69	0.03550128604511459
36	1	99	28	0.03550128604511459
36	1	99	97	0.03550128604511459
36	1	99	92	0.03550128604511459
36	1	99	6	0.03550128604511459
36	1	99	49	0.03550128604511459
36	1	99	88	0.03160750664259
36	1	99	65	0.011554461093793409
36	1	99	8	0.015134562515454534
36	1	99	30	0.015134562515454534
36	1	100	14	0.13360900079513946
36	1	100	77	0.06033652778803874
36	1	100	52	0.06033652778803874
36	1	100	20	0.06033652778803874
36	1	100	96	0.06033652778803874
36	1	100	66	0.06033652778803874
36	1	100	4	0.06033652778803874
36	1	100	6	0.06033652778803874
36	1	100	17	0.06033652778803874
36	1	100	60	0.06033652778803874
36	1	100	65	0.06033652778803874
36	1	100	30	0.06033652778803874
36	1	100	53	0.06033652778803874
36	1	100	28	0.06033652778803874
36	1	100	42	0.06033652778803874
36	1	100	59	0.06033652778803874
36	1	100	50	0.012749125887729222
36	1	100	35	0.0011400801454566586
36	1	100	40	0.04530100855590667
36	1	100	97	0.04530100855590667
36	1	100	47	0.04530100855590667
36	1	100	8	0.01741209392108978
36	10	1	14	0.10616280323144586
36	10	1	96	0.041751791477224146
36	10	1	6	0.10037887379868922
36	10	1	20	0.10037887379868922
36	10	1	42	0.041751791477224146
36	10	1	4	0.041751791477224146
36	10	1	17	0.041751791477224146
36	10	1	65	0.041751791477224146
36	10	1	52	0.041751791477224146
36	10	1	77	0.03983782634870437
36	10	1	53	0.041751791477224146
36	10	1	29	0.041751791477224146
36	10	1	31	0.03983782634870437
36	10	1	58	0.03983782634870437
36	10	1	60	0.03983782634870437
36	10	1	66	0.03983782634870437
36	10	1	19	0.021020258699014895
36	10	1	25	0.021020258699014895
36	10	1	35	0.021020258699014895
36	10	1	40	0.009187820632029867
36	10	1	87	0.009187820632029867
36	10	2	20	0.062468589425950724
36	10	2	77	0.062468589425950724
36	10	2	40	0.05197671769431273
36	10	2	6	0.062468589425950724
36	10	2	96	0.062468589425950724
36	10	2	65	0.047861272908854426
36	10	2	8	0.04563784012262325
36	10	2	17	0.04563784012262325
36	10	2	28	0.04563784012262325
36	10	2	14	0.04563784012262325
36	10	2	37	0.04563784012262325
36	10	2	87	0.04563784012262325
36	10	2	53	0.04563784012262325
36	10	2	62	0.04563784012262325
36	10	2	68	0.04563784012262325
36	10	2	29	0.04563784012262325
36	10	2	30	0.035222895511498944
36	10	2	52	0.03932354948730548
36	10	2	88	0.03932354948730548
36	10	2	25	0.03932354948730548
36	10	3	96	0.10231740494470737
36	10	3	77	0.10231740494470737
36	10	3	14	0.10231740494470737
36	10	3	52	0.03609517340302648
36	10	3	42	0.07997208457841957
36	10	3	4	0.07997208457841957
36	10	3	33	0.06192313992517188
36	10	3	8	0.03609517340302648
36	10	3	71	0.02865985219766498
36	10	3	69	0.02865985219766498
36	10	3	65	0.02865985219766498
36	10	3	81	0.02865985219766498
36	10	3	62	0.020173163158049724
36	10	3	66	0.02073992482055505
36	10	3	60	0.02073992482055505
36	10	3	83	0.017594489829825925
36	10	3	92	0.017594489829825925
36	10	3	87	0.016538504772333512
36	10	3	35	0.020173163158049724
36	10	3	59	0.020173163158049724
36	10	3	67	0.020173163158049724
36	10	3	50	0.020173163158049724
36	10	3	37	0.020173163158049724
36	10	3	31	0.008409462193710577
36	10	4	30	0.05861088138592264
36	10	4	96	0.18750327587449234
36	10	4	77	0.18750327587449234
36	10	4	6	0.024079609699181638
36	10	4	28	0.0239224618881473
36	10	4	66	0.024079609699181638
36	10	4	52	0.024079609699181638
36	10	4	60	0.024079609699181638
36	10	4	14	0.0239224618881473
36	10	4	71	0.0239224618881473
36	10	4	4	0.0239224618881473
36	10	4	29	0.0239224618881473
36	10	4	97	0.0239224618881473
36	10	4	40	0.0239224618881473
36	10	4	47	0.0239224618881473
36	10	4	42	0.0239224618881473
36	10	4	88	0.010819417751243697
36	10	4	50	0.0239224618881473
36	10	4	35	0.0239224618881473
36	10	4	10	0.0239224618881473
36	10	4	59	0.0239224618881473
36	10	5	4	0.058273572629025654
36	10	5	66	0.058273572629025654
36	10	5	60	0.058273572629025654
36	10	5	65	0.058273572629025654
36	10	5	20	0.058273572629025654
36	10	5	42	0.058273572629025654
36	10	5	77	0.0507531926091787
36	10	5	17	0.0507531926091787
36	10	5	14	0.0507531926091787
36	10	5	52	0.0507531926091787
36	10	5	97	0.0507531926091787
36	10	5	92	0.0507531926091787
36	10	5	19	0.02937295201310631
36	10	5	40	0.0507531926091787
36	10	5	59	0.0507531926091787
36	10	5	35	0.0507531926091787
36	10	5	53	0.02211037856375909
36	10	5	88	0.010309298783123911
36	10	5	39	0.02211037856375909
36	10	5	25	0.02211037856375909
36	10	5	55	0.017760545095922325
36	10	6	92	0.06138407059926774
36	10	6	96	0.06138407059926774
36	10	6	88	0.06138407059926774
36	10	6	14	0.06138407059926774
36	10	6	6	0.06138407059926774
36	10	6	53	0.06138407059926774
36	10	6	35	0.06138407059926774
36	10	6	49	0.06138407059926774
36	10	6	43	0.04521989224953635
36	10	6	83	0.04521989224953635
36	10	6	94	0.031403405216172776
36	10	6	87	0.031403405216172776
36	10	6	19	0.03118463254773787
36	10	6	25	0.03118463254773787
36	10	6	86	0.03118463254773787
36	10	6	65	0.03118463254773787
36	10	6	52	0.03118463254773787
36	10	6	17	0.03118463254773787
36	10	6	28	0.0239255494501084
36	10	6	69	0.03118463254773787
36	10	7	77	0.0812281343910129
36	10	7	96	0.0812281343910129
36	10	7	20	0.0812281343910129
36	10	7	14	0.05483462775881372
36	10	7	52	0.04636539584812674
36	10	7	49	0.04636539584812674
36	10	7	66	0.04636539584812674
36	10	7	60	0.04636539584812674
36	10	7	40	0.03198125584679345
36	10	7	30	0.03198125584679345
36	10	7	42	0.03198125584679345
36	10	7	53	0.03198125584679345
36	10	7	59	0.03198125584679345
36	10	7	88	0.024304410198390657
36	10	7	87	0.024304410198390657
36	10	7	17	0.03198125584679345
36	10	7	4	0.03198125584679345
36	10	7	92	0.024304410198390657
36	10	7	65	0.024304410198390657
36	10	7	33	0.0031702962156740485
36	10	8	42	0.07385613802425026
36	10	8	14	0.07385613802425026
36	10	8	77	0.07385613802425026
36	10	8	4	0.07385613802425026
36	10	8	20	0.07385613802425026
36	10	8	65	0.07385613802425026
36	10	8	6	0.07385613802425026
36	10	8	59	0.06472669227171823
36	10	8	49	0.06472669227171823
36	10	8	96	0.06472669227171823
36	10	8	92	0.06472669227171823
36	10	8	74	0.06472669227171823
36	10	8	37	0.018018425772871976
36	10	8	8	0.06472669227171823
36	10	8	53	0.06472669227171823
36	10	8	33	0.018018425772871976
36	10	8	27	0.018018425772871976
36	10	8	19	0.007576139894897101
36	10	8	31	0.018018425772871976
36	10	8	69	0.018018425772871976
36	10	8	35	0.018018425772871976
36	10	9	14	0.07512414517907384
36	10	9	77	0.07512414517907384
36	10	9	96	0.07512414517907384
36	10	9	65	0.062666336652797
36	10	9	6	0.057685097676866824
36	10	9	52	0.03907946239940363
36	10	9	20	0.03907946239940363
36	10	9	40	0.03907946239940363
36	10	9	4	0.03907946239940363
36	10	9	42	0.03907946239940363
36	10	9	29	0.03907946239940363
36	10	9	17	0.02498052030212875
36	10	9	97	0.03907946239940363
36	10	9	47	0.018330129795166943
36	10	9	87	0.03907946239940363
36	10	9	69	0.008750433757924694
36	10	9	94	0.03907946239940363
36	10	9	8	0.03907946239940363
36	10	9	59	0.03907946239940363
36	10	9	28	0.03907946239940363
36	10	9	71	0.03907946239940363
36	10	10	69	0.11160701788577684
36	10	10	28	0.11160701788577684
36	10	10	96	0.11160701788577684
36	10	10	77	0.11160701788577684
36	10	10	66	0.07986299189917526
36	10	10	60	0.07986299189917526
36	10	10	14	0.07986299189917526
36	10	10	30	0.07112635270776448
36	10	10	40	0.04088473854240381
36	10	10	39	0.04088473854240381
36	10	10	35	0.04088473854240381
36	10	10	92	0.04088473854240381
36	10	10	97	0.04088473854240381
36	10	10	4	0.04088473854240381
36	10	10	42	0.04088473854240381
36	10	10	10	0.04088473854240381
36	10	10	29	0.029132262843910618
36	10	10	52	0.04088473854240381
36	10	10	87	0.04088473854240381
36	10	10	71	0.022499116073600483
36	10	10	33	0.029132262843910618
36	10	11	6	0.09806349146271438
36	10	11	77	0.08872341277385377
36	10	11	96	0.08872341277385377
36	10	11	14	0.06520621457030171
36	10	11	69	0.06520621457030171
36	10	11	20	0.06520621457030171
36	10	11	87	0.06520621457030171
36	10	11	65	0.06520621457030171
36	10	11	28	0.06520621457030171
36	10	11	33	0.06520621457030171
36	10	11	71	0.06520621457030171
36	10	11	52	0.06520621457030171
36	10	11	53	0.06520621457030171
36	10	11	42	0.06520621457030171
36	10	11	4	0.06520621457030171
36	10	11	10	0.06520621457030171
36	10	11	40	0.06520621457030171
36	10	11	94	0.06520621457030171
36	10	11	60	0.06520621457030171
36	10	11	66	0.06520621457030171
36	10	12	52	0.10145920678239458
36	10	12	20	0.10145920678239458
36	10	12	14	0.10145920678239458
36	10	12	77	0.10145920678239458
36	10	12	96	0.10145920678239458
36	10	12	59	0.0248936958820178
36	10	12	60	0.04048925582098761
36	10	12	49	0.04048925582098761
36	10	12	66	0.04048925582098761
36	10	12	97	0.02477163867686882
36	10	12	92	0.02316156218163206
36	10	12	71	0.02305140444652847
36	10	12	28	0.0248936958820178
36	10	12	42	0.0248936958820178
36	10	12	4	0.0248936958820178
36	10	12	47	0.0248936958820178
36	10	12	65	0.009892179859944294
36	10	12	35	0.00721636397484976
36	10	12	37	0.00721636397484976
36	10	12	6	0.01725332634575302
36	10	12	69	0.01725332634575302
36	10	12	8	0.01725332634575302
36	10	12	88	0.01725332634575302
36	10	13	77	0.14519600304415936
36	10	13	96	0.14519600304415936
36	10	13	20	0.08289741055051468
36	10	13	6	0.08289741055051468
36	10	13	69	0.050054174027973845
36	10	13	39	0.050054174027973845
36	10	13	97	0.03922971729395654
36	10	13	76	0.03922971729395654
36	10	13	14	0.03922971729395654
36	10	13	11	0.025052636880222873
36	10	13	28	0.025052636880222873
36	10	13	27	0.025052636880222873
36	10	13	29	0.025052636880222873
36	10	13	87	0.022901542723137363
36	10	13	93	0.022901542723137363
36	10	13	8	0.022901542723137363
36	10	13	31	0.025052636880222873
36	10	13	71	0.025052636880222873
36	10	13	62	0.025052636880222873
36	10	13	47	0.013610366348720334
36	10	14	88	0.07530681921876664
36	10	14	65	0.07530681921876664
36	10	14	14	0.07530681921876664
36	10	14	77	0.07530681921876664
36	10	14	78	0.07530681921876664
36	10	14	4	0.05043307154213344
36	10	14	30	0.07530681921876664
36	10	14	6	0.07530681921876664
36	10	14	96	0.07530681921876664
36	10	14	42	0.05043307154213344
36	10	14	59	0.05043307154213344
36	10	14	33	0.030348263339120576
36	10	14	97	0.030348263339120576
36	10	14	52	0.030348263339120576
36	10	14	62	0.030348263339120576
36	10	14	37	0.030348263339120576
36	10	14	40	0.019938376042809035
36	10	14	31	0.030348263339120576
36	10	14	20	0.030348263339120576
36	10	14	17	0.007844493621649757
36	10	15	96	0.11728089293440146
36	10	15	77	0.11728089293440146
36	10	15	4	0.05497346752054069
36	10	15	14	0.11728089293440146
36	10	15	52	0.11728089293440146
36	10	15	6	0.05497346752054069
36	10	15	66	0.05497346752054069
36	10	15	53	0.05497346752054069
36	10	15	42	0.05497346752054069
36	10	15	20	0.05497346752054069
36	10	15	60	0.05497346752054069
36	10	15	40	0.05497346752054069
36	10	15	65	0.05497346752054069
36	10	15	87	0.05497346752054069
36	10	15	8	0.046927566169861296
36	10	15	88	0.046927566169861296
36	10	15	80	0.007372071348941484
36	10	15	97	0.007372071348941484
36	10	15	59	0.015930584237315474
36	10	15	33	0.015930584237315474
36	10	15	28	0.015930584237315474
36	10	15	50	0.015930584237315474
36	10	16	20	0.09342099351333619
36	10	16	77	0.09342099351333619
36	10	16	96	0.09342099351333619
36	10	16	14	0.09342099351333619
36	10	16	52	0.09342099351333619
36	10	16	53	0.04176559863037475
36	10	16	17	0.024466466519712713
36	10	16	69	0.024466466519712713
36	10	16	55	0.024466466519712713
36	10	16	30	0.024466466519712713
36	10	16	28	0.033788469184638466
36	10	16	65	0.033788469184638466
36	10	16	92	0.033788469184638466
36	10	16	42	0.033788469184638466
36	10	16	4	0.033788469184638466
36	10	16	49	0.011525652584158578
36	10	16	87	0.00849727876159169
36	10	16	80	0.00849727876159169
36	10	16	25	0.011525652584158578
36	10	16	6	0.011525652584158578
36	10	16	71	0.011525652584158578
36	10	17	20	0.1416828739602065
36	10	17	14	0.1022828356582442
36	10	17	33	0.03329157218267623
36	10	17	77	0.03329157218267623
36	10	17	65	0.03329157218267623
36	10	17	4	0.03329157218267623
36	10	17	42	0.03329157218267623
36	10	17	60	0.03329157218267623
36	10	17	92	0.03329157218267623
36	10	17	55	0.019900938037744252
36	10	17	66	0.019900938037744252
36	10	17	96	0.03329157218267623
36	10	17	59	0.03329157218267623
36	10	17	28	0.03329157218267623
36	10	17	49	0.03329157218267623
36	10	17	69	0.024359427810616535
36	10	17	53	0.024359427810616535
36	10	17	50	0.019900938037744252
36	10	17	71	0.003676404460464652
36	10	17	35	0.01712805032901667
36	10	17	37	0.01712805032901667
36	10	18	14	0.08763252948147159
36	10	18	96	0.08763252948147159
36	10	18	77	0.08763252948147159
36	10	18	65	0.08272224902542075
36	10	18	87	0.07722533160077374
36	10	18	42	0.03758435795860995
36	10	18	40	0.03758435795860995
36	10	18	92	0.03758435795860995
36	10	18	59	0.03758435795860995
36	10	18	6	0.03758435795860995
36	10	18	52	0.03758435795860995
36	10	18	97	0.03758435795860995
36	10	18	20	0.027799327569852244
36	10	18	49	0.027799327569852244
36	10	18	9	0.021352720034871087
36	10	18	30	0.021352720034871087
36	10	18	50	0.027799327569852244
36	10	18	33	0.027799327569852244
36	10	18	29	0.027799327569852244
36	10	18	69	0.027799327569852244
36	10	18	94	0.027799327569852244
36	10	19	14	0.11782076335294286
36	10	19	4	0.04088469271346555
36	10	19	42	0.04088469271346555
36	10	19	28	0.04088469271346555
36	10	19	52	0.04088469271346555
36	10	19	96	0.04088469271346555
36	10	19	77	0.04088469271346555
36	10	19	20	0.04088469271346555
36	10	19	6	0.04088469271346555
36	10	19	65	0.04088469271346555
36	10	19	71	0.04088469271346555
36	10	19	97	0.02792281400151042
36	10	19	66	0.032663998760427526
36	10	19	8	0.032663998760427526
36	10	19	35	0.02792281400151042
36	10	19	53	0.032663998760427526
36	10	19	60	0.032663998760427526
36	10	19	29	0.01613218695975854
36	10	19	17	0.01613218695975854
36	10	19	33	0.016771018348752467
36	10	19	59	0.016771018348752467
36	10	19	50	0.016771018348752467
36	10	20	14	0.11870543297564781
36	10	20	60	0.048219022291723646
36	10	20	66	0.048219022291723646
36	10	20	69	0.05859143900818118
36	10	20	42	0.05859143900818118
36	10	20	4	0.05859143900818118
36	10	20	28	0.042399979192625926
36	10	20	8	0.048219022291723646
36	10	20	27	0.025740490586679148
36	10	20	77	0.048219022291723646
36	10	20	80	0.048219022291723646
36	10	20	96	0.048219022291723646
36	10	20	68	0.048219022291723646
36	10	20	40	0.048219022291723646
36	10	20	99	0.025740490586679148
36	10	20	54	0.025740490586679148
36	10	20	29	0.025740490586679148
36	10	20	32	0.025740490586679148
36	10	20	47	0.025740490586679148
36	10	20	6	0.025740490586679148
36	10	21	87	0.0891643090378222
36	10	21	29	0.0891643090378222
36	10	21	49	0.07577248429479022
36	10	21	68	0.07577248429479022
36	10	21	94	0.07577248429479022
36	10	21	20	0.07577248429479022
36	10	21	77	0.07577248429479022
36	10	21	65	0.07577248429479022
36	10	21	99	0.03649572510196622
36	10	21	12	0.03649572510196622
36	10	21	50	0.020682125289045426
36	10	21	88	0.03649572510196622
36	10	21	14	0.03649572510196622
36	10	21	40	0.03649572510196622
36	10	21	18	0.028715263494812904
36	10	21	7	0.017775667035780783
36	10	21	22	0.012969528352352655
36	10	21	39	0.020682125289045426
36	10	21	11	0.020682125289045426
36	10	21	57	0.020682125289045426
36	10	21	48	0.020682125289045426
36	10	21	51	0.020682125289045426
36	10	22	20	0.09185563732012003
36	10	22	52	0.09185563732012003
36	10	22	96	0.09185563732012003
36	10	22	77	0.09185563732012003
36	10	22	60	0.09185563732012003
36	10	22	97	0.06911281584579787
36	10	22	42	0.09185563732012003
36	10	22	4	0.09185563732012003
36	10	22	28	0.09185563732012003
36	10	22	59	0.06911281584579787
36	10	22	71	0.06911281584579787
36	10	22	47	0.06711397269294588
36	10	22	99	0.06711397269294588
36	10	22	6	0.0288525366090998
36	10	22	58	0.01942626253819605
36	10	22	76	0.015552236937360577
36	10	22	31	0.017101951841599208
36	10	22	53	0.017101951841599208
36	10	22	54	0.017101951841599208
36	10	22	17	0.011418939474908648
36	10	23	96	0.20568768805239324
36	10	23	42	0.04234287453540681
36	10	23	20	0.04234287453540681
36	10	23	94	0.04234287453540681
36	10	23	17	0.04234287453540681
36	10	23	66	0.04234287453540681
36	10	23	60	0.04234287453540681
36	10	23	14	0.04234287453540681
36	10	23	39	0.04234287453540681
36	10	23	73	0.04234287453540681
36	10	23	65	0.04234287453540681
36	10	23	69	0.04234287453540681
36	10	23	33	0.04234287453540681
36	10	23	19	0.04234287453540681
36	10	23	78	0.04234287453540681
36	10	23	4	0.04234287453540681
36	10	23	77	0.04234287453540681
36	10	23	53	0.03132707278085561
36	10	23	54	0.03132707278085561
36	10	23	32	0.03132707278085561
36	10	24	77	0.06534918703446306
36	10	24	20	0.06534918703446306
36	10	24	42	0.06534918703446306
36	10	24	4	0.06534918703446306
36	10	24	40	0.06167146322025612
36	10	24	65	0.06167146322025612
36	10	24	14	0.06167146322025612
36	10	24	80	0.04208031009662412
36	10	24	6	0.04208031009662412
36	10	24	57	0.04208031009662412
36	10	24	19	0.04208031009662412
36	10	24	59	0.04208031009662412
36	10	24	30	0.04208031009662412
36	10	24	97	0.04208031009662412
36	10	24	48	0.018737189472634582
36	10	24	61	0.010888542376123847
36	10	24	94	0.010888542376123847
36	10	24	73	0.007807763761783221
36	10	24	15	0.006423896515601493
36	10	24	25	0.004087935996500166
36	10	24	50	0.004087935996500166
36	10	24	33	0.004087935996500166
36	10	25	14	0.16223809769074266
36	10	25	69	0.10371029411200448
36	10	25	28	0.0653791323845287
36	10	25	88	0.0488245065588391
36	10	25	35	0.0488245065588391
36	10	25	47	0.0488245065588391
36	10	25	42	0.0488245065588391
36	10	25	62	0.0488245065588391
36	10	25	1	0.0488245065588391
36	10	25	77	0.0488245065588391
36	10	25	37	0.0488245065588391
36	10	25	53	0.0488245065588391
36	10	25	49	0.0488245065588391
36	10	25	25	0.0488245065588391
36	10	25	65	0.0488245065588391
36	10	25	60	0.0488245065588391
36	10	25	96	0.0488245065588391
36	10	25	66	0.0488245065588391
36	10	25	4	0.013197807190579284
36	10	25	97	0.03460117810143361
36	10	25	58	0.03460117810143361
36	10	26	49	0.10500874698830011
36	10	26	69	0.10500874698830011
36	10	26	54	0.10500874698830011
36	10	26	28	0.10500874698830011
36	10	26	32	0.10500874698830011
36	10	26	39	0.10500874698830011
36	10	26	77	0.08710467462257548
36	10	26	48	0.08710467462257548
36	10	26	9	0.07846546596503963
36	10	26	6	0.08710467462257548
36	10	26	13	0.08710467462257548
36	10	26	45	0.08710467462257548
36	10	26	44	0.08710467462257548
36	10	26	34	0.03798570193374703
36	10	26	64	0.025859519678670017
36	10	26	50	0.025859519678670017
36	10	26	29	0.025859519678670017
36	10	26	84	0.01708892632989413
36	10	26	99	0.01708892632989413
36	10	26	33	0.01708892632989413
36	10	27	14	0.1264856396600041
36	10	27	20	0.06032108671190226
36	10	27	40	0.06032108671190226
36	10	27	42	0.06032108671190226
36	10	27	4	0.06032108671190226
36	10	27	71	0.06032108671190226
36	10	27	59	0.06032108671190226
36	10	27	52	0.06032108671190226
36	10	27	60	0.06032108671190226
36	10	27	66	0.06032108671190226
36	10	27	28	0.06032108671190226
36	10	27	97	0.06032108671190226
36	10	27	39	0.036415972751240595
36	10	27	65	0.036415972751240595
36	10	27	53	0.024362100787503557
36	10	27	55	0.024362100787503557
36	10	27	8	0.036415972751240595
36	10	27	87	0.036415972751240595
36	10	27	77	0.036415972751240595
36	10	27	6	0.004894657955152579
36	10	28	96	0.11555426161988684
36	10	28	92	0.09256007099628058
36	10	28	77	0.09256007099628058
36	10	28	66	0.071376898545647
36	10	28	52	0.09256007099628058
36	10	28	40	0.09256007099628058
36	10	28	14	0.071376898545647
36	10	28	60	0.071376898545647
36	10	28	20	0.06780633407198937
36	10	28	59	0.06780633407198937
36	10	28	30	0.06780633407198937
36	10	28	68	0.061864505101688824
36	10	28	65	0.061864505101688824
36	10	28	69	0.061864505101688824
36	10	28	87	0.061864505101688824
36	10	28	19	0.05202147778085437
36	10	28	8	0.061864505101688824
36	10	28	88	0.061864505101688824
36	10	28	78	0.018432164273152387
36	10	28	6	0.05202147778085437
36	10	28	53	0.05202147778085437
36	10	29	77	0.08617264218667713
36	10	29	14	0.058918930328299944
36	10	29	66	0.044090849436292164
36	10	29	69	0.044090849436292164
36	10	29	4	0.044090849436292164
36	10	29	42	0.044090849436292164
36	10	29	96	0.044090849436292164
36	10	29	20	0.044090849436292164
36	10	29	52	0.044090849436292164
36	10	29	6	0.044090849436292164
36	10	29	92	0.044090849436292164
36	10	29	59	0.044090849436292164
36	10	29	33	0.044090849436292164
36	10	29	60	0.044090849436292164
36	10	29	97	0.044090849436292164
36	10	29	49	0.044090849436292164
36	10	29	28	0.044090849436292164
36	10	29	65	0.044090849436292164
36	10	29	37	0.00675806679217785
36	10	29	30	0.022134754508432587
36	10	29	17	0.022134754508432587
36	10	29	53	0.022134754508432587
36	10	30	96	0.16634134965319938
36	10	30	20	0.13443301036486924
36	10	30	77	0.08484172323960429
36	10	30	14	0.04347462487273208
36	10	30	6	0.04347462487273208
36	10	30	29	0.04347462487273208
36	10	30	52	0.04347462487273208
36	10	30	42	0.04347462487273208
36	10	30	65	0.04347462487273208
36	10	30	19	0.04347462487273208
36	10	30	31	0.04347462487273208
36	10	30	4	0.04347462487273208
36	10	30	87	0.02567796101491046
36	10	30	88	0.02567796101491046
36	10	30	10	0.011507691848145587
36	10	30	33	0.011507691848145587
36	10	30	79	0.005772461907485892
36	10	30	35	0.009893117980852757
36	10	30	59	0.009893117980852757
36	10	30	28	0.009893117980852757
36	10	31	52	0.333773299297817
36	10	31	85	0.08053092151759207
36	10	31	92	0.041990458354353895
36	10	31	6	0.041990458354353895
36	10	31	31	0.041990458354353895
36	10	31	58	0.041990458354353895
36	10	31	93	0.041990458354353895
36	10	31	96	0.041990458354353895
36	10	31	87	0.041990458354353895
36	10	31	40	0.041990458354353895
36	10	31	66	0.041990458354353895
36	10	31	60	0.041990458354353895
36	10	31	99	0.041990458354353895
36	10	31	77	0.041990458354353895
36	10	31	80	0.041990458354353895
36	10	31	100	0.001166248610978647
36	10	31	14	0.041990458354353895
36	10	31	69	0.041990458354353895
36	10	31	15	0.041990458354353895
36	10	31	71	0.041990458354353895
36	10	31	16	0.037911650431350606
36	10	32	65	0.048662461572027964
36	10	32	77	0.057660831174051304
36	10	32	96	0.057660831174051304
36	10	32	52	0.048662461572027964
36	10	32	42	0.048662461572027964
36	10	32	4	0.048662461572027964
36	10	32	59	0.048662461572027964
36	10	32	92	0.048662461572027964
36	10	32	49	0.048662461572027964
36	10	32	66	0.048662461572027964
36	10	32	14	0.048662461572027964
36	10	32	6	0.048662461572027964
36	10	32	40	0.048662461572027964
36	10	32	60	0.048662461572027964
36	10	32	87	0.048662461572027964
36	10	32	8	0.048662461572027964
36	10	32	97	0.048662461572027964
36	10	32	20	0.01571807285125341
36	10	32	28	0.009342381232358442
36	10	32	29	0.010704637532053227
36	10	32	37	0.010704637532053227
36	10	33	14	0.09201843976229263
36	10	33	77	0.09201843976229263
36	10	33	42	0.09201843976229263
36	10	33	96	0.09201843976229263
36	10	33	52	0.04674541803765297
36	10	33	4	0.026327196983251616
36	10	33	65	0.04674541803765297
36	10	33	20	0.04674541803765297
36	10	33	59	0.03530660299149559
36	10	33	6	0.026327196983251616
36	10	33	53	0.026327196983251616
36	10	33	47	0.013218284066271832
36	10	33	69	0.026327196983251616
36	10	33	92	0.026327196983251616
36	10	33	29	0.013218284066271832
36	10	33	66	0.026327196983251616
36	10	33	60	0.026327196983251616
36	10	33	39	0.026327196983251616
36	10	33	35	0.026327196983251616
36	10	33	55	0.013169343974326854
36	10	33	49	0.013169343974326854
36	10	33	40	0.013169343974326854
36	10	34	20	0.06124595191195008
36	10	34	77	0.06124595191195008
36	10	34	49	0.06124595191195008
36	10	34	29	0.06124595191195008
36	10	34	17	0.06124595191195008
36	10	34	14	0.06124595191195008
36	10	34	96	0.06124595191195008
36	10	34	69	0.06124595191195008
36	10	34	97	0.06124595191195008
36	10	34	92	0.06124595191195008
36	10	34	52	0.06124595191195008
36	10	34	30	0.06124595191195008
36	10	34	94	0.06124595191195008
36	10	34	60	0.040115851606599515
36	10	34	66	0.040115851606599515
36	10	34	33	0.03476130116129641
36	10	34	39	0.03476130116129641
36	10	34	58	0.03476130116129641
36	10	34	87	0.010850361098092676
36	10	34	65	0.03212441806913889
36	10	34	40	0.03212441806913889
36	10	35	40	0.09603573333189173
36	10	35	87	0.09603573333189173
36	10	35	69	0.09603573333189173
36	10	35	6	0.09603573333189173
36	10	35	29	0.09603573333189173
36	10	35	96	0.09603573333189173
36	10	35	58	0.09603573333189173
36	10	35	20	0.09603573333189173
36	10	35	42	0.048934655514568375
36	10	35	31	0.040152265720727276
36	10	35	49	0.040152265720727276
36	10	35	59	0.0382370964130318
36	10	35	68	0.040152265720727276
36	10	35	39	0.040152265720727276
36	10	35	33	0.0382370964130318
36	10	35	4	0.0382370964130318
36	10	35	35	0.02475769291863583
36	10	35	2	0.016037850119300544
36	10	35	77	0.016037850119300544
36	10	35	98	0.016037850119300544
36	10	36	77	0.08589983394628069
36	10	36	52	0.05078606103776052
36	10	36	20	0.05078606103776052
36	10	36	96	0.05078606103776052
36	10	36	42	0.05078606103776052
36	10	36	4	0.05078606103776052
36	10	36	14	0.05078606103776052
36	10	36	6	0.05078606103776052
36	10	36	65	0.05078606103776052
36	10	36	92	0.05078606103776052
36	10	36	47	0.05078606103776052
36	10	36	97	0.05078606103776052
36	10	36	53	0.03604361510679065
36	10	36	66	0.024313931874970243
36	10	36	60	0.024313931874970243
36	10	36	29	0.011730697073587253
36	10	36	59	0.011730697073587253
36	10	36	88	0.01284596167678459
36	10	36	17	0.01284596167678459
36	10	36	81	0.01284596167678459
36	10	36	69	0.01114631819560114
36	10	37	14	0.12564040287429454
36	10	37	42	0.11807901344895694
36	10	37	4	0.0427103401243982
36	10	37	59	0.0427103401243982
36	10	37	77	0.0427103401243982
36	10	37	6	0.0427103401243982
36	10	37	52	0.0427103401243982
36	10	37	96	0.03639493141526579
36	10	37	17	0.03639493141526579
36	10	37	20	0.03639493141526579
36	10	37	37	0.03639493141526579
36	10	37	88	0.03639493141526579
36	10	37	65	0.03639493141526579
36	10	37	87	0.03639493141526579
36	10	37	62	0.03639493141526579
36	10	37	8	0.03639493141526579
36	10	37	80	0.03639493141526579
36	10	37	97	0.03639493141526579
36	10	37	60	0.03019720026125204
36	10	37	28	0.03438748042899137
36	10	38	92	0.0926234910402793
36	10	38	53	0.0926234910402793
36	10	38	96	0.0926234910402793
36	10	38	77	0.0926234910402793
36	10	38	29	0.07348236718990647
36	10	38	69	0.07348236718990647
36	10	38	73	0.07348236718990647
36	10	38	14	0.07348236718990647
36	10	38	35	0.07348236718990647
36	10	38	83	0.07348236718990647
36	10	38	19	0.07348236718990647
36	10	38	40	0.07348236718990647
36	10	38	4	0.07348236718990647
36	10	38	42	0.07348236718990647
36	10	38	65	0.07348236718990647
36	10	38	59	0.023509854599814722
36	10	38	20	0.023509854599814722
36	10	38	17	0.023509854599814722
36	10	38	44	0.023509854599814722
36	10	38	45	0.023509854599814722
36	10	39	6	0.10870776795659377
36	10	39	60	0.10870776795659377
36	10	39	14	0.06545809938934916
36	10	39	66	0.0456546885083897
36	10	39	47	0.0456546885083897
36	10	39	35	0.04557008912397149
36	10	39	96	0.0456546885083897
36	10	39	52	0.0456546885083897
36	10	39	28	0.04557008912397149
36	10	39	20	0.04557008912397149
36	10	39	65	0.04557008912397149
36	10	39	40	0.04557008912397149
36	10	39	92	0.04557008912397149
36	10	39	37	0.04557008912397149
36	10	39	77	0.04557008912397149
36	10	39	49	0.04557008912397149
36	10	39	73	0.04557008912397149
36	10	39	27	0.04557008912397149
36	10	39	62	0.04557008912397149
36	10	39	29	0.04557008912397149
36	10	40	6	0.17885388803375182
36	10	40	96	0.17885388803375182
36	10	40	77	0.17885388803375182
36	10	40	14	0.03801842179496058
36	10	40	20	0.03801842179496058
36	10	40	55	0.030974855439236434
36	10	40	42	0.03801842179496058
36	10	40	4	0.03801842179496058
36	10	40	53	0.03801842179496058
36	10	40	65	0.02721833400736216
36	10	40	62	0.02721833400736216
36	10	40	49	0.02721833400736216
36	10	40	34	0.02721833400736216
36	10	40	60	0.02721833400736216
36	10	40	66	0.02721833400736216
36	10	40	92	0.02721833400736216
36	10	40	80	0.015039910154465118
36	10	40	19	0.01987245243320461
36	10	40	59	0.02721833400736216
36	10	40	33	0.02721833400736216
36	10	40	37	0.02721833400736216
36	10	41	14	0.09106572897987782
36	10	41	52	0.09106572897987782
36	10	41	40	0.09106572897987782
36	10	41	6	0.09106572897987782
36	10	41	66	0.09106572897987782
36	10	41	42	0.09106572897987782
36	10	41	77	0.09106572897987782
36	10	41	96	0.09106572897987782
36	10	41	30	0.09106572897987782
36	10	41	4	0.09106572897987782
36	10	41	88	0.09106572897987782
36	10	41	60	0.029368477762425
36	10	41	29	0.029368477762425
36	10	41	33	0.029368477762425
36	10	41	87	0.029368477762425
36	10	41	48	0.027455660710769502
36	10	41	49	0.027455660710769502
36	10	41	50	0.027455660710769502
36	10	41	65	0.0027298200217026366
36	10	41	68	0.0027298200217026366
36	10	41	55	0.027455660710769502
36	10	41	51	0.027455660710769502
36	10	42	14	0.08625196784057344
36	10	42	96	0.0820286321855526
36	10	42	77	0.0820286321855526
36	10	42	20	0.040893736794491854
36	10	42	4	0.040893736794491854
36	10	42	17	0.040893736794491854
36	10	42	53	0.040893736794491854
36	10	42	42	0.040893736794491854
36	10	42	80	0.025031999856846884
36	10	42	65	0.025031999856846884
36	10	42	30	0.025031999856846884
36	10	42	66	0.025031999856846884
36	10	42	8	0.025031999856846884
36	10	42	87	0.025031999856846884
36	10	42	94	0.025031999856846884
36	10	42	52	0.019459211871311274
36	10	42	88	0.01754882964745016
36	10	42	71	0.01754882964745016
36	10	42	28	0.012512169477259864
36	10	42	40	0.01030744102458596
36	10	42	60	0.01030744102458596
36	10	43	52	0.11775230589330829
36	10	43	20	0.11775230589330829
36	10	43	77	0.08444247658085445
36	10	43	96	0.08444247658085445
36	10	43	60	0.08444247658085445
36	10	43	66	0.06816935453743897
36	10	43	80	0.042460216285689086
36	10	43	81	0.042460216285689086
36	10	43	30	0.042460216285689086
36	10	43	35	0.042460216285689086
36	10	43	28	0.042460216285689086
36	10	43	88	0.022391081653351432
36	10	43	37	0.021376145809368103
36	10	43	69	0.021376145809368103
36	10	43	79	0.021376145809368103
36	10	43	99	0.021376145809368103
36	10	43	84	0.021376145809368103
36	10	43	55	0.005325769656391041
36	10	43	14	0.002699890663104202
36	10	43	94	0.002699890663104202
36	10	43	6	0.005325769656391041
36	10	43	27	0.005325769656391041
36	10	44	20	0.09991615547335195
36	10	44	71	0.09991615547335195
36	10	44	55	0.05096254588833117
36	10	44	97	0.05096254588833117
36	10	44	53	0.05096254588833117
36	10	44	60	0.05096254588833117
36	10	44	77	0.05096254588833117
36	10	44	65	0.05096254588833117
36	10	44	66	0.05096254588833117
36	10	44	35	0.05096254588833117
36	10	44	92	0.05096254588833117
36	10	44	42	0.05096254588833117
36	10	44	4	0.05096254588833117
36	10	44	69	0.05096254588833117
36	10	44	34	0.05096254588833117
36	10	44	17	0.05096254588833117
36	10	44	52	0.05096254588833117
36	10	44	96	0.05096254588833117
36	10	44	33	0.016729461038457183
36	10	44	51	0.05096254588833117
36	10	45	14	0.12727167762306524
36	10	45	77	0.12727167762306524
36	10	45	96	0.12727167762306524
36	10	45	30	0.056021454716789966
36	10	45	4	0.056021454716789966
36	10	45	65	0.056021454716789966
36	10	45	52	0.056021454716789966
36	10	45	92	0.056021454716789966
36	10	45	42	0.056021454716789966
36	10	45	28	0.03664396805122094
36	10	45	80	0.018675594826190123
36	10	45	20	0.03664396805122094
36	10	45	29	0.03664396805122094
36	10	45	60	0.018675594826190123
36	10	45	59	0.013824171339480006
36	10	45	87	0.016383388513350472
36	10	45	99	0.016383388513350472
36	10	45	88	0.016383388513350472
36	10	45	79	0.005630323525163904
36	10	45	66	0.013824171339480006
36	10	45	35	0.013824171339480006
36	10	46	14	0.14685137752528657
36	10	46	6	0.14685137752528657
36	10	46	49	0.14685137752528657
36	10	46	96	0.14685137752528657
36	10	46	77	0.14685137752528657
36	10	46	40	0.14685137752528657
36	10	46	65	0.14685137752528657
36	10	46	66	0.08218461322272803
36	10	46	60	0.08218461322272803
36	10	46	59	0.08218461322272803
36	10	46	80	0.08218461322272803
36	10	46	52	0.08218461322272803
36	10	46	53	0.08218461322272803
36	10	46	71	0.05214317247782737
36	10	46	30	0.040695176056793646
36	10	46	92	0.022351346133156796
36	10	46	0	0.02056552426642918
36	10	46	42	0.02056552426642918
36	10	46	4	0.02056552426642918
36	10	46	13	0.02056552426642918
36	10	47	52	0.08390367800318155
36	10	47	77	0.08390367800318155
36	10	47	96	0.08390367800318155
36	10	47	14	0.08390367800318155
36	10	47	6	0.06483579849269651
36	10	47	53	0.06483579849269651
36	10	47	20	0.06483579849269651
36	10	47	66	0.06483579849269651
36	10	47	65	0.06483579849269651
36	10	47	92	0.06483579849269651
36	10	47	60	0.06483579849269651
36	10	47	4	0.06483579849269651
36	10	47	42	0.06483579849269651
36	10	47	87	0.04200805400373118
36	10	47	17	0.04200805400373118
36	10	47	30	0.04200805400373118
36	10	47	49	0.04200805400373118
36	10	47	28	0.025579470906817246
36	10	47	80	0.009682651964223618
36	10	47	47	0.007585174436602131
36	10	48	28	0.08616945062360304
36	10	48	29	0.08616945062360304
36	10	48	52	0.08616945062360304
36	10	48	77	0.08616945062360304
36	10	48	96	0.08616945062360304
36	10	48	35	0.02161597832163286
36	10	48	53	0.08616945062360304
36	10	48	20	0.08616945062360304
36	10	48	17	0.060862795131723345
36	10	48	80	0.060862795131723345
36	10	48	87	0.060862795131723345
36	10	48	99	0.060862795131723345
36	10	48	85	0.060862795131723345
36	10	48	91	0.060862795131723345
36	10	48	94	0.060862795131723345
36	10	48	25	0.041179723107625396
36	10	48	6	0.02161597832163286
36	10	48	58	0.00995503457366451
36	10	48	73	0.01166214222226833
36	10	48	55	0.01166214222226833
36	10	48	59	0.00995503457366451
36	10	49	52	0.08580896620410006
36	10	49	92	0.08580896620410006
36	10	49	20	0.08580896620410006
36	10	49	77	0.08580896620410006
36	10	49	96	0.08580896620410006
36	10	49	14	0.06561503571846547
36	10	49	97	0.06561503571846547
36	10	49	47	0.06561503571846547
36	10	49	80	0.030874717359451975
36	10	49	42	0.04673020843657695
36	10	49	4	0.04673020843657695
36	10	49	62	0.030874717359451975
36	10	49	65	0.030874717359451975
36	10	49	73	0.020270301547501406
36	10	49	99	0.016838504510217178
36	10	49	29	0.030874717359451975
36	10	49	37	0.030874717359451975
36	10	49	69	0.016838504510217178
36	10	49	19	0.016838504510217178
36	10	49	66	0.002803578105352769
36	10	50	14	0.12229325851000969
36	10	50	96	0.10087856802256115
36	10	50	39	0.10087856802256115
36	10	50	9	0.07994167051075446
36	10	50	94	0.040356196212121276
36	10	50	38	0.03546564537135926
36	10	50	33	0.03546564537135926
36	10	50	77	0.03546564537135926
36	10	50	30	0.03546564537135926
36	10	50	65	0.040356196212121276
36	10	50	52	0.040356196212121276
36	10	50	20	0.040356196212121276
36	10	50	35	0.040356196212121276
36	10	50	53	0.040356196212121276
36	10	50	37	0.031631584315807204
36	10	50	0	0.031631584315807204
36	10	50	50	0.023012479422287364
36	10	50	93	0.023012479422287364
36	10	50	69	0.023012479422287364
36	10	50	67	0.019634984830896242
36	10	51	52	0.1900804044104286
36	10	51	14	0.1900804044104286
36	10	51	77	0.07606398546351446
36	10	51	96	0.07606398546351446
36	10	51	4	0.04586140450194077
36	10	51	60	0.04586140450194077
36	10	51	66	0.04586140450194077
36	10	51	20	0.04586140450194077
36	10	51	42	0.04586140450194077
36	10	51	6	0.04586140450194077
36	10	51	65	0.04586140450194077
36	10	51	30	0.04586140450194077
36	10	51	92	0.04586140450194077
36	10	51	53	0.04260553790731888
36	10	51	28	0.04260553790731888
36	10	51	71	0.013537063605963726
36	10	51	35	0.013537063605963726
36	10	51	59	0.013537063605963726
36	10	51	49	0.013537063605963726
36	10	51	40	0.013537063605963726
36	10	52	14	0.053604981267092476
36	10	52	4	0.05291657698657785
36	10	52	96	0.05291657698657785
36	10	52	77	0.05291657698657785
36	10	52	52	0.04147735212197805
36	10	52	42	0.05291657698657785
36	10	52	20	0.04147735212197805
36	10	52	66	0.04147735212197805
36	10	52	60	0.04147735212197805
36	10	52	65	0.04147735212197805
36	10	52	92	0.04147735212197805
36	10	52	6	0.04147735212197805
36	10	52	49	0.04147735212197805
36	10	52	40	0.03619200412827642
36	10	52	33	0.01521225769675282
36	10	52	53	0.021744066136096234
36	10	52	69	0.021744066136096234
36	10	52	87	0.021744066136096234
36	10	52	30	0.021744066136096234
36	10	52	28	0.012857024182266709
36	10	52	59	0.012857024182266709
36	10	53	77	0.05034216893208003
36	10	53	96	0.05034216893208003
36	10	53	14	0.05034216893208003
36	10	53	52	0.05034216893208003
36	10	53	4	0.05034216893208003
36	10	53	42	0.05034216893208003
36	10	53	69	0.05034216893208003
36	10	53	30	0.05034216893208003
36	10	53	20	0.05034216893208003
36	10	53	65	0.03944464235973125
36	10	53	6	0.03944464235973125
36	10	53	29	0.03944464235973125
36	10	53	49	0.03944464235973125
36	10	53	39	0.03944464235973125
36	10	53	97	0.03944464235973125
36	10	53	33	0.03944464235973125
36	10	53	53	0.03944464235973125
36	10	53	71	0.012197579613968737
36	10	53	28	0.012197579613968737
36	10	53	92	0.012197579613968737
36	10	54	28	0.07060987532726498
36	10	54	96	0.10644563759823687
36	10	54	77	0.10644563759823687
36	10	54	20	0.059242329551286346
36	10	54	87	0.059242329551286346
36	10	54	42	0.059242329551286346
36	10	54	35	0.059242329551286346
36	10	54	76	0.059242329551286346
36	10	54	17	0.059242329551286346
36	10	54	88	0.059242329551286346
36	10	54	52	0.059242329551286346
36	10	54	55	0.059242329551286346
36	10	54	40	0.023960671012303474
36	10	54	4	0.023960671012303474
36	10	54	37	0.023960671012303474
36	10	54	62	0.023960671012303474
36	10	54	9	0.023960671012303474
36	10	54	10	0.023960671012303474
36	10	54	18	0.023960671012303474
36	10	54	43	0.01234971589698386
36	10	55	30	0.10699050919968378
36	10	55	14	0.1685111357889857
36	10	55	65	0.1685111357889857
36	10	55	74	0.08828101004235625
36	10	55	77	0.08828101004235625
36	10	55	4	0.08828101004235625
36	10	55	59	0.08828101004235625
36	10	55	37	0.08828101004235625
36	10	55	62	0.08828101004235625
36	10	55	87	0.08828101004235625
36	10	55	49	0.08828101004235625
36	10	55	47	0.08828101004235625
36	10	55	20	0.08828101004235625
36	10	55	28	0.08828101004235625
36	10	55	66	0.062479021205079796
36	10	55	68	0.03478247451021437
36	10	55	52	0.03478247451021437
36	10	55	60	0.03478247451021437
36	10	55	58	0.029535974880931196
36	10	55	96	0.014611827192241819
36	10	56	69	0.06628061517131235
36	10	56	96	0.02958550409586073
36	10	56	77	0.02958550409586073
36	10	56	66	0.02908681974439899
36	10	56	60	0.02908681974439899
36	10	56	4	0.025491498463716334
36	10	56	49	0.025491498463716334
36	10	56	39	0.025491498463716334
36	10	56	20	0.025491498463716334
36	10	56	88	0.025491498463716334
36	10	56	14	0.02171978502212397
36	10	56	97	0.02171978502212397
36	10	56	6	0.02171978502212397
36	10	56	40	0.02171978502212397
36	10	56	87	0.02171978502212397
36	10	56	42	0.02171978502212397
36	10	56	31	0.02171978502212397
36	10	56	92	0.02171978502212397
36	10	56	28	0.02171978502212397
36	10	56	99	0.008443409666089119
36	10	57	14	0.11071307475235692
36	10	57	97	0.08263583241826368
36	10	57	65	0.08263583241826368
36	10	57	33	0.08263583241826368
36	10	57	49	0.08263583241826368
36	10	57	4	0.08263583241826368
36	10	57	20	0.08263583241826368
36	10	57	96	0.08263583241826368
36	10	57	77	0.08263583241826368
36	10	57	27	0.05368700941324971
36	10	57	42	0.05368700941324971
36	10	57	66	0.04710194473090552
36	10	57	55	0.03690554712296034
36	10	57	29	0.014031034995014787
36	10	57	52	0.03690554712296034
36	10	57	76	0.03690554712296034
36	10	57	60	0.03690554712296034
36	10	57	6	0.03690554712296034
36	10	57	71	0.01679241990161412
36	10	57	40	0.01679241990161412
36	10	58	77	0.059270682726721285
36	10	58	42	0.059270682726721285
36	10	58	96	0.059270682726721285
36	10	58	52	0.059270682726721285
36	10	58	65	0.059270682726721285
36	10	58	53	0.059270682726721285
36	10	58	4	0.059270682726721285
36	10	58	29	0.059270682726721285
36	10	58	49	0.059270682726721285
36	10	58	87	0.059270682726721285
36	10	58	6	0.059270682726721285
36	10	58	92	0.059270682726721285
36	10	58	20	0.059270682726721285
36	10	58	32	0.059270682726721285
36	10	58	54	0.059270682726721285
36	10	58	55	0.01837642206729561
36	10	58	10	0.01837642206729561
36	10	58	71	0.01837642206729561
36	10	58	40	0.00525971569138241
36	10	58	8	0.002855311657921197
36	10	59	14	0.08873040618232461
36	10	59	77	0.1114342761455024
36	10	59	96	0.1114342761455024
36	10	59	88	0.08584600282036664
36	10	59	52	0.05117611237124825
36	10	59	92	0.05117611237124825
36	10	59	65	0.05117611237124825
36	10	59	30	0.029778840616036455
36	10	59	69	0.029778840616036455
36	10	59	20	0.029778840616036455
36	10	59	87	0.029778840616036455
36	10	59	40	0.029778840616036455
36	10	59	29	0.029778840616036455
36	10	59	94	0.029778840616036455
36	10	59	31	0.029778840616036455
36	10	59	53	0.010022872696779041
36	10	59	28	0.029778840616036455
36	10	59	42	0.029778840616036455
36	10	59	35	0.029778840616036455
36	10	59	58	0.029778840616036455
36	10	59	4	0.029778840616036455
36	10	60	77	0.2593758687417747
36	10	60	20	0.2593758687417747
36	10	60	71	0.2593758687417747
36	10	60	96	0.2593758687417747
36	10	60	19	0.03982428480546055
36	10	60	53	0.03982428480546055
36	10	60	29	0.03982428480546055
36	10	60	42	0.03982428480546055
36	10	60	4	0.03982428480546055
36	10	60	49	0.03405629024139382
36	10	60	88	0.03405629024139382
36	10	60	6	0.03405629024139382
36	10	60	25	0.03405629024139382
36	10	60	97	0.03405629024139382
36	10	60	17	0.03405629024139382
36	10	60	69	0.03173176198209225
36	10	60	52	0.004453492921583562
36	10	60	94	0.03405629024139382
36	10	60	93	0.03405629024139382
36	10	60	92	0.03405629024139382
36	10	61	77	0.07280504679418143
36	10	61	42	0.07280504679418143
36	10	61	4	0.07280504679418143
36	10	61	96	0.07280504679418143
36	10	61	52	0.07280504679418143
36	10	61	6	0.07280504679418143
36	10	61	14	0.06071253833999469
36	10	61	20	0.06071253833999469
36	10	61	88	0.06071253833999469
36	10	61	92	0.06071253833999469
36	10	61	59	0.056910498956830216
36	10	61	28	0.056910498956830216
36	10	61	40	0.0157396551475619
36	10	61	94	0.0157396551475619
36	10	61	99	0.0157396551475619
36	10	61	29	0.0157396551475619
36	10	61	8	0.0157396551475619
36	10	61	35	0.0157396551475619
36	10	61	87	0.0062528710530216315
36	10	61	39	0.004900161060871852
36	10	61	49	0.004900161060871852
36	10	62	77	0.08124309450923345
36	10	62	14	0.08124309450923345
36	10	62	52	0.08124309450923345
36	10	62	96	0.08124309450923345
36	10	62	42	0.08124309450923345
36	10	62	4	0.08124309450923345
36	10	62	20	0.08124309450923345
36	10	62	60	0.08124309450923345
36	10	62	66	0.08124309450923345
36	10	62	65	0.08124309450923345
36	10	62	59	0.08124309450923345
36	10	62	8	0.02626537818560432
36	10	62	87	0.02626537818560432
36	10	62	49	0.018319965768846168
36	10	62	30	0.018319965768846168
36	10	62	6	0.018319965768846168
36	10	62	92	0.018319965768846168
36	10	62	37	0.010488608395814593
36	10	62	71	0.018319965768846168
36	10	62	40	0.018319965768846168
36	10	63	77	0.06049545989022509
36	10	63	14	0.05455486164095635
36	10	63	52	0.05455486164095635
36	10	63	96	0.040397832005410944
36	10	63	6	0.040397832005410944
36	10	63	20	0.040397832005410944
36	10	63	65	0.03457779686496084
36	10	63	4	0.03457779686496084
36	10	63	87	0.02644402980185816
36	10	63	30	0.020062574527054098
36	10	63	17	0.020062574527054098
36	10	63	49	0.0078316175637257
36	10	63	53	0.00680979534059127
36	10	63	33	0.03457779686496084
36	10	63	66	0.03457779686496084
36	10	63	35	0.03457779686496084
36	10	63	59	0.03457779686496084
36	10	63	60	0.03457779686496084
36	10	63	42	0.03457779686496084
36	10	63	50	0.03457779686496084
36	10	63	40	0.02644402980185816
36	10	63	28	0.020062574527054098
36	10	64	20	0.050369808165653104
36	10	64	14	0.050369808165653104
36	10	64	77	0.050369808165653104
36	10	64	96	0.050369808165653104
36	10	64	52	0.050369808165653104
36	10	64	6	0.050369808165653104
36	10	64	60	0.021955402034826012
36	10	64	4	0.050252528228000776
36	10	64	42	0.050252528228000776
36	10	64	33	0.04809808686422113
36	10	64	59	0.015130083470922552
36	10	64	29	0.015130083470922552
36	10	64	87	0.015130083470922552
36	10	64	65	0.015130083470922552
36	10	64	8	0.015130083470922552
36	10	64	66	0.015130083470922552
36	10	64	30	0.011783669351963358
36	10	64	53	0.011783669351963358
36	10	64	92	0.015130083470922552
36	10	64	35	0.015130083470922552
36	10	64	28	0.015130083470922552
36	10	64	88	0.015130083470922552
36	10	65	14	0.12651617240059992
36	10	65	52	0.12651617240059992
36	10	65	77	0.11695287335470433
36	10	65	96	0.11695287335470433
36	10	65	92	0.054325554629626197
36	10	65	53	0.03674386412600243
36	10	65	42	0.054325554629626197
36	10	65	4	0.054325554629626197
36	10	65	50	0.03674386412600243
36	10	65	87	0.03674386412600243
36	10	65	33	0.03674386412600243
36	10	65	20	0.03674386412600243
36	10	65	88	0.03674386412600243
36	10	65	40	0.03674386412600243
36	10	65	58	0.019059967224021476
36	10	65	80	0.03674386412600243
36	10	65	29	0.019059967224021476
36	10	65	39	0.03674386412600243
36	10	65	69	0.03674386412600243
36	10	65	97	0.03674386412600243
36	10	65	71	0.03674386412600243
36	10	65	28	0.019059967224021476
36	10	65	67	0.019059967224021476
36	10	65	59	0.019059967224021476
36	10	66	77	0.09675818152063882
36	10	66	96	0.09675818152063882
36	10	66	69	0.05642436562063438
36	10	66	28	0.05642436562063438
36	10	66	65	0.05642436562063438
36	10	66	30	0.05642436562063438
36	10	66	66	0.05642436562063438
36	10	66	52	0.05642436562063438
36	10	66	60	0.05642436562063438
36	10	66	87	0.05642436562063438
36	10	66	10	0.05642436562063438
36	10	66	92	0.05642436562063438
36	10	66	6	0.05642436562063438
36	10	66	14	0.05642436562063438
36	10	66	35	0.05642436562063438
36	10	66	55	0.02372730869019808
36	10	66	40	0.02372730869019808
36	10	66	59	0.012228198657906201
36	10	66	33	0.004712392021000559
36	10	66	43	0.004712392021000559
36	10	67	14	0.07578955201046532
36	10	67	77	0.04713089453262925
36	10	67	52	0.04713089453262925
36	10	67	96	0.04713089453262925
36	10	67	20	0.04470415177707427
36	10	67	42	0.04713089453262925
36	10	67	4	0.04713089453262925
36	10	67	49	0.04470415177707427
36	10	67	65	0.04470415177707427
36	10	67	6	0.04470415177707427
36	10	67	97	0.04470415177707427
36	10	67	88	0.04470415177707427
36	10	67	92	0.04470415177707427
36	10	67	39	0.04282018895395792
36	10	67	60	0.028597060679692126
36	10	67	66	0.028597060679692126
36	10	67	53	0.027916319246798892
36	10	67	35	0.013404615791829229
36	10	67	33	0.013404615791829229
36	10	67	87	0.027916319246798892
36	10	67	69	0.027916319246798892
36	10	67	40	0.027916319246798892
36	10	68	14	0.12397723340243395
36	10	68	42	0.12397723340243395
36	10	68	4	0.12397723340243395
36	10	68	77	0.12397723340243395
36	10	68	96	0.12397723340243395
36	10	68	65	0.12397723340243395
36	10	68	59	0.12397723340243395
36	10	68	97	0.07658124463746818
36	10	68	66	0.07058415145338807
36	10	68	33	0.05450940876101966
36	10	68	28	0.05450940876101966
36	10	68	92	0.07058415145338807
36	10	68	60	0.07058415145338807
36	10	68	20	0.0046190857492951765
36	10	68	50	0.03598650268439623
36	10	68	35	0.03598650268439623
36	10	68	32	0.03598650268439623
36	10	68	62	0.03598650268439623
36	10	68	37	0.03598650268439623
36	10	68	10	0.03551790645518642
36	10	68	30	0.03551790645518642
36	10	69	14	0.08026076921773968
36	10	69	20	0.08026076921773968
36	10	69	96	0.08026076921773968
36	10	69	42	0.08026076921773968
36	10	69	4	0.08026076921773968
36	10	69	52	0.04506221901473051
36	10	69	77	0.03277012039591219
36	10	69	49	0.03277012039591219
36	10	69	59	0.024838988061568687
36	10	69	60	0.03277012039591219
36	10	69	65	0.03277012039591219
36	10	69	28	0.024838988061568687
36	10	69	29	0.024838988061568687
36	10	69	33	0.024838988061568687
36	10	69	6	0.024838988061568687
36	10	69	66	0.024838988061568687
36	10	69	53	0.024838988061568687
36	10	69	50	0.024838988061568687
36	10	69	35	0.024838988061568687
36	10	69	69	0.007516808315450798
36	10	70	52	0.06514879855283966
36	10	70	14	0.06514879855283966
36	10	70	97	0.05759571685291361
36	10	70	65	0.05432269778737377
36	10	70	96	0.05759571685291361
36	10	70	77	0.05759571685291361
36	10	70	20	0.042153737958864346
36	10	70	66	0.04164495428153092
36	10	70	92	0.04164495428153092
36	10	70	60	0.04164495428153092
36	10	70	87	0.03302460727644283
36	10	70	42	0.04164495428153092
36	10	70	4	0.04164495428153092
36	10	70	59	0.023679008913190233
36	10	70	49	0.023679008913190233
36	10	70	53	0.023679008913190233
36	10	70	40	0.023679008913190233
36	10	70	6	0.023679008913190233
36	10	70	28	0.023679008913190233
36	10	70	47	0.013280996045395883
36	10	71	52	0.05072643199678275
36	10	71	6	0.03562809640311945
36	10	71	77	0.05072643199678275
36	10	71	96	0.05072643199678275
36	10	71	87	0.05072643199678275
36	10	71	30	0.03562809640311945
36	10	71	20	0.03562809640311945
36	10	71	14	0.033477638673559934
36	10	71	42	0.03562809640311945
36	10	71	4	0.03562809640311945
36	10	71	29	0.0256278766995046
36	10	71	60	0.02365036452716714
36	10	71	80	0.02365036452716714
36	10	71	69	0.02365036452716714
36	10	71	49	0.02365036452716714
36	10	71	94	0.02365036452716714
36	10	71	66	0.02365036452716714
36	10	71	28	0.02365036452716714
36	10	71	53	0.02365036452716714
36	10	71	40	0.011648688484307692
36	10	72	96	0.10945858617149769
36	10	72	14	0.0857223809219316
36	10	72	77	0.0857223809219316
36	10	72	52	0.0857223809219316
36	10	72	65	0.0857223809219316
36	10	72	6	0.06623340183794324
36	10	72	42	0.06623340183794324
36	10	72	4	0.06623340183794324
36	10	72	20	0.02705763412349506
36	10	72	30	0.02705763412349506
36	10	72	53	0.02705763412349506
36	10	72	49	0.02705763412349506
36	10	72	92	0.02705763412349506
36	10	72	66	0.02705763412349506
36	10	72	60	0.02705763412349506
36	10	72	37	0.02705763412349506
36	10	72	17	0.015740687232647
36	10	72	59	0.011154394711258014
36	10	72	88	0.02705763412349506
36	10	72	87	0.02705763412349506
36	10	72	97	0.02705763412349506
36	10	72	98	0.02705763412349506
36	10	73	14	0.12267352560128231
36	10	73	77	0.08499870211438894
36	10	73	96	0.08499870211438894
36	10	73	99	0.05091674829446599
36	10	73	59	0.05091674829446599
36	10	73	29	0.05091674829446599
36	10	73	80	0.05091674829446599
36	10	73	92	0.05091674829446599
36	10	73	65	0.05091674829446599
36	10	73	49	0.05091674829446599
36	10	73	28	0.03922457026493495
36	10	73	79	0.030800553617056983
36	10	73	74	0.030800553617056983
36	10	73	30	0.030800553617056983
36	10	73	35	0.030800553617056983
36	10	73	52	0.030800553617056983
36	10	73	84	0.011285975404623012
36	10	73	82	0.011285975404623012
36	10	73	45	0.009843645885584666
36	10	73	40	0.009843645885584666
36	10	73	31	0.009843645885584666
36	10	73	42	0.009843645885584666
36	10	74	52	0.11071882645208252
36	10	74	6	0.09454713375716484
36	10	74	4	0.09454713375716484
36	10	74	42	0.09454713375716484
36	10	74	20	0.09454713375716484
36	10	74	49	0.09454713375716484
36	10	74	96	0.07890986363063525
36	10	74	77	0.03406950964299267
36	10	74	60	0.03406950964299267
36	10	74	45	0.03406950964299267
36	10	74	44	0.03406950964299267
36	10	74	97	0.03118302805215624
36	10	74	94	0.03406950964299267
36	10	74	92	0.03406950964299267
36	10	74	69	0.03118302805215624
36	10	74	66	0.03118302805215624
36	10	74	39	0.03118302805215624
36	10	74	88	0.03118302805215624
36	10	74	99	0.03118302805215624
36	10	74	30	0.03118302805215624
36	10	75	96	0.136052590405787
36	10	75	52	0.11174249473123503
36	10	75	77	0.11174249473123503
36	10	75	20	0.11174249473123503
36	10	75	28	0.11174249473123503
36	10	75	49	0.11174249473123503
36	10	75	69	0.059339081363666474
36	10	75	92	0.059339081363666474
36	10	75	4	0.059339081363666474
36	10	75	51	0.059339081363666474
36	10	75	48	0.059339081363666474
36	10	75	17	0.059339081363666474
36	10	75	14	0.059339081363666474
36	10	75	65	0.059339081363666474
36	10	75	42	0.059339081363666474
36	10	75	8	0.059339081363666474
36	10	75	99	0.05082147037979458
36	10	75	29	0.05082147037979458
36	10	75	91	0.02446388119714675
36	10	75	10	0.02446388119714675
36	10	76	14	0.08253966976732645
36	10	76	65	0.08253966976732645
36	10	76	96	0.08253966976732645
36	10	76	77	0.08253966976732645
36	10	76	4	0.08253966976732645
36	10	76	42	0.08253966976732645
36	10	76	47	0.03048999375663773
36	10	76	97	0.03048999375663773
36	10	76	20	0.03048999375663773
36	10	76	8	0.02923105870063485
36	10	76	17	0.02923105870063485
36	10	76	87	0.02923105870063485
36	10	76	69	0.02923105870063485
36	10	76	40	0.02923105870063485
36	10	76	6	0.02923105870063485
36	10	76	53	0.02923105870063485
36	10	76	52	0.02923105870063485
36	10	76	49	0.02923105870063485
36	10	76	92	0.013482435784342021
36	10	76	50	0.013482435784342021
36	10	76	88	0.02923105870063485
36	10	76	78	0.02923105870063485
36	10	77	30	0.0662146460026732
36	10	77	77	0.0662146460026732
36	10	77	52	0.0662146460026732
36	10	77	20	0.0662146460026732
36	10	77	14	0.0662146460026732
36	10	77	65	0.0662146460026732
36	10	77	6	0.0662146460026732
36	10	77	37	0.04886404125051239
36	10	77	62	0.04886404125051239
36	10	77	81	0.02221920169644715
36	10	77	42	0.023107122513968743
36	10	77	92	0.02221920169644715
36	10	77	87	0.02221920169644715
36	10	77	71	0.023107122513968743
36	10	77	4	0.023107122513968743
36	10	77	17	0.023107122513968743
36	10	77	53	0.023107122513968743
36	10	77	59	0.023107122513968743
36	10	77	97	0.02221920169644715
36	10	77	60	0.016824485146182507
36	10	78	66	0.06662690161075253
36	10	78	96	0.06662690161075253
36	10	78	60	0.06662690161075253
36	10	78	55	0.06662690161075253
36	10	78	77	0.06662690161075253
36	10	78	32	0.06662690161075253
36	10	78	49	0.06662690161075253
36	10	78	6	0.06662690161075253
36	10	78	52	0.06662690161075253
36	10	78	54	0.06662690161075253
36	10	78	88	0.06662690161075253
36	10	78	8	0.06662690161075253
36	10	78	37	0.02510311345439886
36	10	78	35	0.02510311345439886
36	10	78	9	0.02510311345439886
36	10	78	64	0.02510311345439886
36	10	78	94	0.02510311345439886
36	10	78	27	0.02510311345439886
36	10	78	20	0.02510311345439886
36	10	78	13	0.018749742989481448
36	10	78	33	0.02510311345439886
36	10	79	14	0.07416289129930867
36	10	79	77	0.0658287067239153
36	10	79	42	0.0658287067239153
36	10	79	4	0.0658287067239153
36	10	79	6	0.0658287067239153
36	10	79	52	0.0658287067239153
36	10	79	96	0.0658287067239153
36	10	79	20	0.0658287067239153
36	10	79	65	0.04427718127818607
36	10	79	40	0.04427718127818607
36	10	79	35	0.04427718127818607
36	10	79	37	0.02995909356456011
36	10	79	97	0.04427718127818607
36	10	79	30	0.04427718127818607
36	10	79	55	0.04427718127818607
36	10	79	19	0.025885110080968478
36	10	79	50	0.025885110080968478
36	10	79	87	0.025885110080968478
36	10	79	33	0.025885110080968478
36	10	79	49	0.025885110080968478
36	10	80	14	0.28554617602492016
36	10	80	6	0.07558061470493802
36	10	80	77	0.05324091658580474
36	10	80	20	0.05324091658580474
36	10	80	55	0.05324091658580474
36	10	80	92	0.05324091658580474
36	10	80	96	0.05324091658580474
36	10	80	17	0.05324091658580474
36	10	80	40	0.05324091658580474
36	10	80	30	0.05324091658580474
36	10	80	97	0.05324091658580474
36	10	80	99	0.05324091658580474
36	10	80	9	0.05324091658580474
36	10	80	42	0.05324091658580474
36	10	80	4	0.05324091658580474
36	10	80	69	0.022642259088020363
36	10	80	66	0.022642259088020363
36	10	80	60	0.022642259088020363
36	10	80	80	0.018174686346660612
36	10	80	34	0.012313789599759558
36	10	81	52	0.114693820700757
36	10	81	96	0.05574827625607324
36	10	81	59	0.05574827625607324
36	10	81	20	0.05574827625607324
36	10	81	92	0.05574827625607324
36	10	81	33	0.05574827625607324
36	10	81	4	0.024363734286425635
36	10	81	40	0.024363734286425635
36	10	81	53	0.024176503671757922
36	10	81	19	0.017454273288483837
36	10	81	10	0.024363734286425635
36	10	81	50	0.024363734286425635
36	10	81	28	0.024363734286425635
36	10	81	29	0.024363734286425635
36	10	81	35	0.012223621721391735
36	10	81	49	0.017454273288483837
36	10	81	14	0.017454273288483837
36	10	81	42	0.012223621721391735
36	10	81	80	0.012223621721391735
36	10	81	87	0.012223621721391735
36	10	82	14	0.06862599014654273
36	10	82	69	0.06394103878114153
36	10	82	40	0.06394103878114153
36	10	82	30	0.06394103878114153
36	10	82	4	0.06394103878114153
36	10	82	42	0.06394103878114153
36	10	82	29	0.06394103878114153
36	10	82	96	0.0631380229336064
36	10	82	92	0.0631380229336064
36	10	82	33	0.0631380229336064
36	10	82	74	0.0631380229336064
36	10	82	0	0.03232904057154696
36	10	82	37	0.03232904057154696
36	10	82	50	0.03232904057154696
36	10	82	59	0.03232904057154696
36	10	82	49	0.03232904057154696
36	10	82	65	0.017155756417973237
36	10	82	53	0.007268356752902511
36	10	82	77	0.0045072025842466425
36	10	82	15	0.0052807237772447965
36	10	82	57	0.0052807237772447965
36	10	82	55	0.0052807237772447965
36	10	83	52	0.11163376125151118
36	10	83	87	0.07493129890900689
36	10	83	96	0.09963944380808396
36	10	83	77	0.09963944380808396
36	10	83	88	0.07493129890900689
36	10	83	69	0.07493129890900689
36	10	83	20	0.07493129890900689
36	10	83	65	0.07493129890900689
36	10	83	66	0.07493129890900689
36	10	83	60	0.07493129890900689
36	10	83	29	0.04654937672819952
36	10	83	31	0.036033213433159426
36	10	83	33	0.036033213433159426
36	10	83	4	0.03386248754573522
36	10	83	6	0.03386248754573522
36	10	83	53	0.03386248754573522
36	10	83	8	0.03386248754573522
36	10	83	42	0.03386248754573522
36	10	83	80	0.00976455064228426
36	10	83	58	0.009566326900100265
36	10	83	14	0.009566326900100265
36	10	84	52	0.06916424574195912
36	10	84	59	0.06916424574195912
36	10	84	60	0.06916424574195912
36	10	84	66	0.06916424574195912
36	10	84	77	0.06349197914948197
36	10	84	87	0.06349197914948197
36	10	84	96	0.06349197914948197
36	10	84	92	0.049102398405013216
36	10	84	80	0.049102398405013216
36	10	84	99	0.017412083051674545
36	10	84	17	0.049102398405013216
36	10	84	20	0.049102398405013216
36	10	84	42	0.049102398405013216
36	10	84	4	0.049102398405013216
36	10	84	53	0.049102398405013216
36	10	84	62	0.049102398405013216
36	10	84	65	0.017412083051674545
36	10	84	40	0.017412083051674545
36	10	84	14	0.00997907538098344
36	10	84	68	0.0013084624479802844
36	10	85	4	0.07698751055947832
36	10	85	77	0.07698751055947832
36	10	85	96	0.07698751055947832
36	10	85	66	0.07698751055947832
36	10	85	60	0.07698751055947832
36	10	85	20	0.07698751055947832
36	10	85	42	0.07698751055947832
36	10	85	6	0.07698751055947832
36	10	85	14	0.07698751055947832
36	10	85	49	0.0756054204328527
36	10	85	65	0.031100899713444805
36	10	85	97	0.031100899713444805
36	10	85	53	0.031100899713444805
36	10	85	52	0.031100899713444805
36	10	85	59	0.02366064882934426
36	10	85	92	0.02366064882934426
36	10	85	30	0.01998788160042342
36	10	85	19	0.01311363452539586
36	10	85	69	0.01998788160042342
36	10	85	33	0.01998788160042342
36	10	85	37	0.01998788160042342
36	10	86	27	0.03387766996695421
36	10	86	42	0.03387766996695421
36	10	86	87	0.03387766996695421
36	10	86	49	0.03387766996695421
36	10	86	52	0.03387766996695421
36	10	86	4	0.03387766996695421
36	10	86	58	0.03387766996695421
36	10	86	20	0.03387766996695421
36	10	86	77	0.03387766996695421
36	10	86	47	0.03387766996695421
36	10	86	8	0.03387766996695421
36	10	86	66	0.011933231564983618
36	10	86	30	0.03387766996695421
36	10	86	69	0.03387766996695421
36	10	86	55	0.03387766996695421
36	10	86	14	0.009194171068403872
36	10	86	96	0.009194171068403872
36	10	86	39	0.009194171068403872
36	10	86	50	0.009194171068403872
36	10	86	97	0.009194171068403872
36	10	87	96	0.17696561819084453
36	10	87	14	0.17696561819084453
36	10	87	52	0.17696561819084453
36	10	87	6	0.07542414713463108
36	10	87	77	0.04580709930585651
36	10	87	17	0.04580709930585651
36	10	87	53	0.04580709930585651
36	10	87	65	0.04580709930585651
36	10	87	80	0.04580709930585651
36	10	87	20	0.04580709930585651
36	10	87	59	0.02632885754202941
36	10	87	9	0.04580709930585651
36	10	87	92	0.04580709930585651
36	10	87	30	0.04580709930585651
36	10	87	85	0.04394479973973454
36	10	87	4	0.006317289050609702
36	10	87	42	0.006317289050609702
36	10	87	94	0.04394479973973454
36	10	87	29	0.04394479973973454
36	10	87	25	0.04394479973973454
36	10	87	1	0.011836715839670659
36	10	88	14	0.13096706396932595
36	10	88	59	0.13096706396932595
36	10	88	33	0.13096706396932595
36	10	88	29	0.13096706396932595
36	10	88	58	0.043872173628526356
36	10	88	76	0.07228643043677738
36	10	88	97	0.07228643043677738
36	10	88	77	0.07228643043677738
36	10	88	1	0.043872173628526356
36	10	88	31	0.043872173628526356
36	10	88	40	0.043872173628526356
36	10	88	52	0.043872173628526356
36	10	88	74	0.043872173628526356
36	10	88	66	0.043872173628526356
36	10	88	60	0.043872173628526356
36	10	88	35	0.043872173628526356
36	10	88	50	0.043872173628526356
36	10	88	20	0.043872173628526356
36	10	88	30	0.043872173628526356
36	10	88	87	0.0060152442644226135
36	10	89	20	0.11791368464647943
36	10	89	49	0.06641059367643605
36	10	89	97	0.06641059367643605
36	10	89	71	0.048345863981559344
36	10	89	4	0.048345863981559344
36	10	89	42	0.048345863981559344
36	10	89	77	0.048345863981559344
36	10	89	52	0.048345863981559344
36	10	89	14	0.048345863981559344
36	10	89	68	0.048345863981559344
36	10	89	53	0.048345863981559344
36	10	89	17	0.048345863981559344
36	10	89	69	0.048345863981559344
36	10	89	40	0.048345863981559344
36	10	89	30	0.048345863981559344
36	10	89	35	0.048345863981559344
36	10	89	6	0.048345863981559344
36	10	89	96	0.014109656817910217
36	10	89	19	0.014109656817910217
36	10	89	32	0.014109656817910217
36	10	90	77	0.043276419608620054
36	10	90	96	0.043276419608620054
36	10	90	71	0.043276419608620054
36	10	90	66	0.043276419608620054
36	10	90	60	0.043276419608620054
36	10	90	47	0.042978667756240714
36	10	90	20	0.042978667756240714
36	10	90	69	0.042978667756240714
36	10	90	87	0.042978667756240714
36	10	90	14	0.042978667756240714
36	10	90	52	0.042978667756240714
36	10	90	80	0.042978667756240714
36	10	90	8	0.042978667756240714
36	10	90	49	0.042978667756240714
36	10	90	53	0.042978667756240714
36	10	90	55	0.042978667756240714
36	10	90	59	0.042978667756240714
36	10	90	33	0.014799168519351757
36	10	90	31	0.009200106319661179
36	10	90	37	0.00677726389830349
36	10	91	69	0.1251971631008286
36	10	91	77	0.1002539046967491
36	10	91	96	0.1002539046967491
36	10	91	40	0.07943388408855538
36	10	91	97	0.038910743946905905
36	10	91	6	0.038910743946905905
36	10	91	87	0.038910743946905905
36	10	91	66	0.030757172642898307
36	10	91	59	0.030757172642898307
36	10	91	68	0.030757172642898307
36	10	91	81	0.024177865734935265
36	10	91	76	0.022220110306176565
36	10	91	44	0.022220110306176565
36	10	91	84	0.022220110306176565
36	10	91	20	0.022220110306176565
36	10	91	28	0.022220110306176565
36	10	91	42	0.014853374951888232
36	10	91	79	0.010023437777716469
36	10	91	88	0.008025983886960153
36	10	91	82	0.007972594282001456
36	10	92	20	0.10657301925031926
36	10	92	65	0.044969167911689104
36	10	92	52	0.044969167911689104
36	10	92	87	0.04093865703693032
36	10	92	60	0.04093865703693032
36	10	92	8	0.04093865703693032
36	10	92	53	0.04093865703693032
36	10	92	94	0.04093865703693032
36	10	92	28	0.04093865703693032
36	10	92	42	0.04093865703693032
36	10	92	9	0.04093865703693032
36	10	92	49	0.04093865703693032
36	10	92	30	0.04093865703693032
36	10	92	96	0.04093865703693032
36	10	92	88	0.04093865703693032
36	10	92	66	0.04093865703693032
36	10	92	33	0.04093865703693032
36	10	92	16	0.005460300885264555
36	10	92	25	0.04093865703693032
36	10	92	59	0.04093865703693032
36	10	92	17	0.04093865703693032
36	10	93	20	0.09295694324896375
36	10	93	14	0.09295694324896375
36	10	93	60	0.09295694324896375
36	10	93	77	0.09295694324896375
36	10	93	66	0.09295694324896375
36	10	93	52	0.09295694324896375
36	10	93	96	0.09295694324896375
36	10	93	92	0.09295694324896375
36	10	93	65	0.09295694324896375
36	10	93	53	0.061935489765501915
36	10	93	40	0.01883672053112252
36	10	93	9	0.012039937491145252
36	10	93	4	0.012039937491145252
36	10	93	42	0.012039937491145252
36	10	93	17	0.012039937491145252
36	10	93	35	0.012039937491145252
36	10	93	29	0.011218495120002983
36	10	93	88	0.003773504224876421
36	10	93	55	0.003773504224876421
36	10	93	6	0.011218495120002983
36	10	93	10	0.011218495120002983
36	10	93	25	0.011218495120002983
36	10	94	14	0.6458434587916273
36	10	94	58	0.10095336491420234
36	10	94	87	0.10095336491420234
36	10	94	65	0.10095336491420234
36	10	94	6	0.10095336491420234
36	10	94	37	0.10095336491420234
36	10	94	11	0.10095336491420234
36	10	94	31	0.10095336491420234
36	10	94	62	0.10095336491420234
36	10	94	49	0.10095336491420234
36	10	94	98	0.08154597174582023
36	10	94	97	0.08154597174582023
36	10	94	21	0.04115046064019766
36	10	94	79	0.04115046064019766
36	10	94	35	0.02678015312333689
36	10	94	4	0.04115046064019766
36	10	94	42	0.04115046064019766
36	10	94	96	0.02678015312333689
36	10	94	23	0.020123494017879103
36	10	94	83	0.007784418120057258
36	10	95	14	0.0959761494980726
36	10	95	52	0.06877693340272027
36	10	95	97	0.06877693340272027
36	10	95	65	0.06877693340272027
36	10	95	66	0.06877693340272027
36	10	95	60	0.06877693340272027
36	10	95	47	0.03846223126670613
36	10	95	92	0.03846223126670613
36	10	95	87	0.03846223126670613
36	10	95	88	0.03846223126670613
36	10	95	20	0.028807817961638327
36	10	95	30	0.028807817961638327
36	10	95	69	0.028807817961638327
36	10	95	77	0.028807817961638327
36	10	95	94	0.028807817961638327
36	10	95	96	0.028807817961638327
36	10	95	53	0.028807817961638327
36	10	95	59	0.028807817961638327
36	10	95	50	0.028807817961638327
36	10	95	4	0.00673905294143005
36	10	96	14	0.10459074025534125
36	10	96	77	0.10459074025534125
36	10	96	69	0.1008947251576052
36	10	96	6	0.1008947251576052
36	10	96	42	0.1008947251576052
36	10	96	4	0.1008947251576052
36	10	96	96	0.05189103239651604
36	10	96	31	0.05189103239651604
36	10	96	49	0.05189103239651604
36	10	96	40	0.05189103239651604
36	10	96	33	0.042901979946626846
36	10	96	47	0.05189103239651604
36	10	96	88	0.05189103239651604
36	10	96	80	0.05189103239651604
36	10	96	20	0.05189103239651604
36	10	96	35	0.042901979946626846
36	10	96	50	0.042901979946626846
36	10	96	59	0.042901979946626846
36	10	96	43	0.004198135873647888
36	10	96	51	0.012908190731161204
36	10	96	48	0.012908190731161204
36	10	97	77	0.09571398651459022
36	10	97	14	0.09571398651459022
36	10	97	52	0.09571398651459022
36	10	97	96	0.09571398651459022
36	10	97	65	0.09571398651459022
36	10	97	20	0.09571398651459022
36	10	97	66	0.09571398651459022
36	10	97	60	0.09571398651459022
36	10	97	49	0.09571398651459022
36	10	97	97	0.09571398651459022
36	10	97	6	0.09571398651459022
36	10	97	69	0.09571398651459022
36	10	97	81	0.048284367916337355
36	10	97	30	0.048284367916337355
36	10	97	4	0.048284367916337355
36	10	97	42	0.048284367916337355
36	10	97	59	0.048284367916337355
36	10	97	55	0.048284367916337355
36	10	97	29	0.048284367916337355
36	10	97	28	0.008162700913326652
36	10	98	14	0.09165609013233887
36	10	98	96	0.09165609013233887
36	10	98	20	0.0458255524764626
36	10	98	4	0.09165609013233887
36	10	98	42	0.09165609013233887
36	10	98	87	0.0404725656278215
36	10	98	77	0.02714285363971306
36	10	98	52	0.02714285363971306
36	10	98	33	0.02714285363971306
36	10	98	59	0.02714285363971306
36	10	98	30	0.01907147879860742
36	10	98	49	0.01907147879860742
36	10	98	69	0.01907147879860742
36	10	98	53	0.01907147879860742
36	10	98	66	0.01907147879860742
36	10	98	60	0.01907147879860742
36	10	98	6	0.01907147879860742
36	10	98	35	0.01907147879860742
36	10	98	97	0.01907147879860742
36	10	98	65	0.01283696434394516
36	10	99	14	0.06778810667679909
36	10	99	77	0.06778810667679909
36	10	99	97	0.06778810667679909
36	10	99	60	0.06778810667679909
36	10	99	52	0.06778810667679909
36	10	99	66	0.06778810667679909
36	10	99	59	0.06778810667679909
36	10	99	42	0.06778810667679909
36	10	99	4	0.06778810667679909
36	10	99	20	0.06778810667679909
36	10	99	96	0.06778810667679909
36	10	99	69	0.06778810667679909
36	10	99	28	0.06778810667679909
36	10	99	88	0.06778810667679909
36	10	99	92	0.06778810667679909
36	10	99	58	0.018160179994444726
36	10	99	49	0.018160179994444726
36	10	99	6	0.018160179994444726
36	10	99	78	0.011547686748144294
36	10	99	8	0.011245391511125986
36	10	100	14	0.16449680650644774
36	10	100	17	0.03829756382755466
36	10	100	66	0.036926825108942435
36	10	100	20	0.036926825108942435
36	10	100	6	0.036926825108942435
36	10	100	65	0.036926825108942435
36	10	100	60	0.036926825108942435
36	10	100	77	0.036926825108942435
36	10	100	30	0.036926825108942435
36	10	100	52	0.036926825108942435
36	10	100	27	0.036926825108942435
36	10	100	4	0.036926825108942435
36	10	100	96	0.036926825108942435
36	10	100	47	0.036926825108942435
36	10	100	53	0.036926825108942435
36	10	100	97	0.036926825108942435
36	10	100	40	0.036926825108942435
36	10	100	8	0.0068611301506547265
36	10	100	37	0.0068611301506547265
36	10	100	59	0.036926825108942435
36	10	100	28	0.036926825108942435
36	10	100	42	0.036926825108942435
36	100	1	14	0.13961388386031098
36	100	1	20	0.13961388386031098
36	100	1	6	0.13961388386031098
36	100	1	17	0.06259005854632595
36	100	1	42	0.06259005854632595
36	100	1	4	0.06259005854632595
36	100	1	96	0.06259005854632595
36	100	1	52	0.057206312462182884
36	100	1	65	0.057206312462182884
36	100	1	29	0.06259005854632595
36	100	1	53	0.06259005854632595
36	100	1	31	0.057206312462182884
36	100	1	58	0.057206312462182884
36	100	1	77	0.057206312462182884
36	100	1	25	0.057206312462182884
36	100	1	19	0.057206312462182884
36	100	1	35	0.02594933631845094
36	100	1	66	0.02594933631845094
36	100	1	60	0.02594933631845094
36	100	1	87	0.0027791887789144374
36	100	2	6	0.10143544124623212
36	100	2	20	0.10143544124623212
36	100	2	40	0.10143544124623212
36	100	2	8	0.10143544124623212
36	100	2	77	0.07315516990000633
36	100	2	96	0.07315516990000633
36	100	2	17	0.07315516990000633
36	100	2	68	0.07315516990000633
36	100	2	65	0.07315516990000633
36	100	2	53	0.07315516990000633
36	100	2	37	0.07315516990000633
36	100	2	62	0.07315516990000633
36	100	2	28	0.07315516990000633
36	100	2	25	0.07315516990000633
36	100	2	29	0.07315516990000633
36	100	2	14	0.07315516990000633
36	100	2	87	0.07315516990000633
36	100	2	30	0.04363670113348219
36	100	2	52	0.03900199695409161
36	100	2	88	0.03900199695409161
36	100	3	96	0.12257305635896214
36	100	3	77	0.12257305635896214
36	100	3	14	0.0738125954082441
36	100	3	42	0.07695122858288707
36	100	3	4	0.07695122858288707
36	100	3	33	0.0738125954082441
36	100	3	8	0.044093693995858343
36	100	3	71	0.044093693995858343
36	100	3	81	0.044093693995858343
36	100	3	52	0.044093693995858343
36	100	3	69	0.044093693995858343
36	100	3	65	0.044093693995858343
36	100	3	83	0.026978209106864805
36	100	3	60	0.012809649353220981
36	100	3	66	0.012809649353220981
36	100	3	59	0.044093693995858343
36	100	3	37	0.044093693995858343
36	100	3	62	0.044093693995858343
36	100	3	67	0.044093693995858343
36	100	3	50	0.044093693995858343
36	100	3	35	0.026978209106864805
36	100	3	31	0.026978209106864805
36	100	4	30	0.0731810644856218
36	100	4	96	0.2059030045439397
36	100	4	77	0.2059030045439397
36	100	4	6	0.024113646386526046
36	100	4	28	0.021424165853685923
36	100	4	52	0.024113646386526046
36	100	4	66	0.024113646386526046
36	100	4	60	0.024113646386526046
36	100	4	71	0.021424165853685923
36	100	4	4	0.021424165853685923
36	100	4	29	0.021424165853685923
36	100	4	97	0.021424165853685923
36	100	4	40	0.021424165853685923
36	100	4	14	0.021424165853685923
36	100	4	47	0.021424165853685923
36	100	4	42	0.021424165853685923
36	100	4	68	0.01482877119460702
36	100	4	88	0.01482877119460702
36	100	4	50	0.021424165853685923
36	100	4	35	0.021424165853685923
36	100	4	10	0.021424165853685923
36	100	4	59	0.021424165853685923
36	100	5	4	0.0629864485538766
36	100	5	66	0.09003334049501696
36	100	5	60	0.09003334049501696
36	100	5	65	0.0629864485538766
36	100	5	20	0.0629864485538766
36	100	5	42	0.0629864485538766
36	100	5	77	0.049064683140354094
36	100	5	17	0.049064683140354094
36	100	5	14	0.049064683140354094
36	100	5	52	0.049064683140354094
36	100	5	97	0.049064683140354094
36	100	5	92	0.049064683140354094
36	100	5	19	0.029423595819970155
36	100	5	40	0.049064683140354094
36	100	5	59	0.049064683140354094
36	100	5	35	0.049064683140354094
36	100	5	53	0.02278893591837633
36	100	5	25	0.02278893591837633
36	100	5	39	0.02278893591837633
36	100	5	55	0.018678664600770608
36	100	6	92	0.0593273947828049
36	100	6	35	0.0593273947828049
36	100	6	88	0.0593273947828049
36	100	6	96	0.0593273947828049
36	100	6	53	0.0593273947828049
36	100	6	6	0.0593273947828049
36	100	6	49	0.0593273947828049
36	100	6	14	0.0593273947828049
36	100	6	43	0.0593273947828049
36	100	6	83	0.0593273947828049
36	100	6	94	0.03901428058224268
36	100	6	87	0.03156369055100544
36	100	6	86	0.03156369055100544
36	100	6	25	0.03156369055100544
36	100	6	19	0.03156369055100544
36	100	6	17	0.03156369055100544
36	100	6	28	0.02712475757426771
36	100	6	69	0.02712475757426771
36	100	6	52	0.02712475757426771
36	100	6	65	0.02712475757426771
36	100	7	20	0.07550453213123073
36	100	7	96	0.07550453213123073
36	100	7	77	0.07550453213123073
36	100	7	49	0.050284232310726484
36	100	7	14	0.050284232310726484
36	100	7	53	0.024454453437226405
36	100	7	60	0.047344502321929285
36	100	7	66	0.047344502321929285
36	100	7	52	0.047344502321929285
36	100	7	17	0.024454453437226405
36	100	7	59	0.024454453437226405
36	100	7	30	0.024454453437226405
36	100	7	40	0.024454453437226405
36	100	7	88	0.024454453437226405
36	100	7	87	0.024454453437226405
36	100	7	92	0.01962106828323561
36	100	7	42	0.01962106828323561
36	100	7	19	0.01962106828323561
36	100	7	4	0.01962106828323561
36	100	7	80	0.010840671569321563
36	100	8	14	0.053664608446611924
36	100	8	65	0.053664608446611924
36	100	8	6	0.053664608446611924
36	100	8	4	0.053664608446611924
36	100	8	42	0.053664608446611924
36	100	8	77	0.053664608446611924
36	100	8	20	0.053664608446611924
36	100	8	74	0.053664608446611924
36	100	8	92	0.03938362957260323
36	100	8	59	0.03308898083288498
36	100	8	49	0.03308898083288498
36	100	8	31	0.03308898083288498
36	100	8	27	0.030108910536940897
36	100	8	96	0.03308898083288498
36	100	8	53	0.03308898083288498
36	100	8	8	0.03308898083288498
36	100	8	58	0.027770307263345423
36	100	8	37	0.013619093473982146
36	100	8	33	0.013619093473982146
36	100	8	25	0.027770307263345423
36	100	8	69	0.027770307263345423
36	100	8	19	0.027770307263345423
36	100	9	14	0.08025651226220883
36	100	9	77	0.08062253343210682
36	100	9	96	0.08062253343210682
36	100	9	65	0.08025651226220883
36	100	9	6	0.06213473179944538
36	100	9	20	0.04670673474518491
36	100	9	4	0.04670673474518491
36	100	9	40	0.04670673474518491
36	100	9	52	0.04670673474518491
36	100	9	97	0.04670673474518491
36	100	9	17	0.022549410047147604
36	100	9	29	0.04670673474518491
36	100	9	42	0.04670673474518491
36	100	9	71	0.04670673474518491
36	100	9	87	0.04670673474518491
36	100	9	47	0.022549410047147604
36	100	9	8	0.04670673474518491
36	100	9	94	0.04670673474518491
36	100	9	59	0.04670673474518491
36	100	9	28	0.04670673474518491
36	100	10	69	0.12698601426907655
36	100	10	28	0.12698601426907655
36	100	10	66	0.07815574015260303
36	100	10	96	0.12698601426907655
36	100	10	77	0.12698601426907655
36	100	10	30	0.07815574015260303
36	100	10	60	0.07815574015260303
36	100	10	14	0.07815574015260303
36	100	10	35	0.03346266447624863
36	100	10	39	0.03346266447624863
36	100	10	40	0.03346266447624863
36	100	10	92	0.03346266447624863
36	100	10	97	0.03346266447624863
36	100	10	87	0.03346266447624863
36	100	10	10	0.03346266447624863
36	100	10	4	0.03346266447624863
36	100	10	42	0.03346266447624863
36	100	10	52	0.03346266447624863
36	100	10	29	0.027034714614697912
36	100	10	33	0.027034714614697912
36	100	11	6	0.09831289876099648
36	100	11	77	0.08887721873847239
36	100	11	96	0.08887721873847239
36	100	11	14	0.06523511643153271
36	100	11	69	0.06523511643153271
36	100	11	20	0.06523511643153271
36	100	11	87	0.06523511643153271
36	100	11	65	0.06523511643153271
36	100	11	28	0.06523511643153271
36	100	11	33	0.06523511643153271
36	100	11	71	0.06523511643153271
36	100	11	52	0.06523511643153271
36	100	11	53	0.06523511643153271
36	100	11	42	0.06523511643153271
36	100	11	4	0.06523511643153271
36	100	11	10	0.06523511643153271
36	100	11	40	0.06523511643153271
36	100	11	94	0.06523511643153271
36	100	11	60	0.06523511643153271
36	100	11	66	0.06523511643153271
36	100	12	52	0.06672592060040224
36	100	12	20	0.06672592060040224
36	100	12	14	0.06651742071212206
36	100	12	77	0.06651742071212206
36	100	12	96	0.06651742071212206
36	100	12	59	0.05136035883964038
36	100	12	66	0.05136035883964038
36	100	12	60	0.05136035883964038
36	100	12	97	0.05136035883964038
36	100	12	49	0.05136035883964038
36	100	12	47	0.05136035883964038
36	100	12	92	0.024224432031703918
36	100	12	71	0.024224432031703918
36	100	12	42	0.05136035883964038
36	100	12	4	0.05136035883964038
36	100	12	28	0.05136035883964038
36	100	12	37	0.012448093780053765
36	100	12	35	0.012448093780053765
36	100	12	69	0.012520961902816976
36	100	12	88	0.012520961902816976
36	100	12	8	0.012520961902816976
36	100	13	77	0.1636845066776435
36	100	13	96	0.1636845066776435
36	100	13	20	0.07987881873242608
36	100	13	6	0.07987881873242608
36	100	13	69	0.0589280077436315
36	100	13	39	0.0589280077436315
36	100	13	97	0.0589280077436315
36	100	13	76	0.0589280077436315
36	100	13	14	0.0275179170026815
36	100	13	11	0.0275179170026815
36	100	13	28	0.0275179170026815
36	100	13	27	0.0275179170026815
36	100	13	29	0.0275179170026815
36	100	13	8	0.02446365890002176
36	100	13	93	0.02446365890002176
36	100	13	87	0.02446365890002176
36	100	13	31	0.0275179170026815
36	100	13	62	0.0275179170026815
36	100	13	71	0.0275179170026815
36	100	13	47	0.01649089420883223
36	100	14	88	0.07493105849576552
36	100	14	65	0.07493105849576552
36	100	14	14	0.07493105849576552
36	100	14	77	0.07493105849576552
36	100	14	78	0.07493105849576552
36	100	14	4	0.05046114472783823
36	100	14	30	0.07493105849576552
36	100	14	6	0.07493105849576552
36	100	14	96	0.07493105849576552
36	100	14	42	0.05046114472783823
36	100	14	59	0.05046114472783823
36	100	14	33	0.030322440758020233
36	100	14	97	0.030322440758020233
36	100	14	52	0.030322440758020233
36	100	14	62	0.030322440758020233
36	100	14	37	0.030322440758020233
36	100	14	40	0.019925456966879043
36	100	14	31	0.030322440758020233
36	100	14	20	0.030322440758020233
36	100	14	17	0.00768923222871646
36	100	15	52	0.07191818009470241
36	100	15	96	0.07191818009470241
36	100	15	77	0.07191818009470241
36	100	15	14	0.07191818009470241
36	100	15	6	0.03910583042689702
36	100	15	8	0.03910583042689702
36	100	15	53	0.03910583042689702
36	100	15	4	0.03910583042689702
36	100	15	66	0.039041811718765286
36	100	15	60	0.039041811718765286
36	100	15	40	0.039041811718765286
36	100	15	87	0.039041811718765286
36	100	15	65	0.039041811718765286
36	100	15	20	0.039041811718765286
36	100	15	88	0.02565328849652522
36	100	15	76	0.01744977642330116
36	100	15	1	0.01744977642330116
36	100	15	33	0.012864474283880377
36	100	15	42	0.01744977642330116
36	100	15	28	0.01744977642330116
36	100	16	20	0.08834882337215993
36	100	16	77	0.08834882337215993
36	100	16	96	0.08834882337215993
36	100	16	14	0.08834882337215993
36	100	16	52	0.08834882337215993
36	100	16	53	0.04141167204174536
36	100	16	17	0.02365145817489999
36	100	16	69	0.02365145817489999
36	100	16	55	0.02365145817489999
36	100	16	30	0.02365145817489999
36	100	16	28	0.024032949735024144
36	100	16	65	0.024032949735024144
36	100	16	42	0.024032949735024144
36	100	16	4	0.024032949735024144
36	100	16	92	0.024032949735024144
36	100	16	80	0.009836119441677279
36	100	16	49	0.009050003482803135
36	100	16	99	0.008856835907660093
36	100	16	87	0.008856835907660093
36	100	16	6	0.009050003482803135
36	100	16	25	0.009050003482803135
36	100	16	71	0.009050003482803135
36	100	17	20	0.14230047452730857
36	100	17	14	0.10177286843062676
36	100	17	33	0.03356462424430575
36	100	17	42	0.03356462424430575
36	100	17	65	0.03356462424430575
36	100	17	4	0.03356462424430575
36	100	17	60	0.03356462424430575
36	100	17	92	0.03356462424430575
36	100	17	77	0.03356462424430575
36	100	17	66	0.018231376711408877
36	100	17	55	0.018231376711408877
36	100	17	59	0.03356462424430575
36	100	17	28	0.03356462424430575
36	100	17	96	0.03356462424430575
36	100	17	49	0.03356462424430575
36	100	17	69	0.02235943374336359
36	100	17	53	0.02235943374336359
36	100	17	50	0.018231376711408877
36	100	17	71	0.0035846949836068924
36	100	17	35	0.0171604935224284
36	100	17	37	0.0171604935224284
36	100	18	14	0.09281012746389074
36	100	18	96	0.09281012746389074
36	100	18	77	0.09281012746389074
36	100	18	65	0.09281012746389074
36	100	18	87	0.09259917050738388
36	100	18	42	0.04627364520784224
36	100	18	40	0.04627364520784224
36	100	18	92	0.04627364520784224
36	100	18	59	0.04627364520784224
36	100	18	97	0.04627364520784224
36	100	18	6	0.04627364520784224
36	100	18	52	0.04627364520784224
36	100	18	20	0.02448149081936186
36	100	18	49	0.02448149081936186
36	100	18	9	0.020806241049490887
36	100	18	30	0.020806241049490887
36	100	18	94	0.02448149081936186
36	100	18	69	0.02448149081936186
36	100	18	50	0.02448149081936186
36	100	18	29	0.02448149081936186
36	100	18	33	0.02448149081936186
36	100	19	14	0.12710626914069684
36	100	19	4	0.04099428163781219
36	100	19	42	0.04099428163781219
36	100	19	28	0.04099428163781219
36	100	19	52	0.04099428163781219
36	100	19	96	0.04099428163781219
36	100	19	77	0.04099428163781219
36	100	19	20	0.04099428163781219
36	100	19	6	0.04099428163781219
36	100	19	71	0.04099428163781219
36	100	19	65	0.040196478033527716
36	100	19	97	0.028635345281288485
36	100	19	66	0.02974487113843028
36	100	19	8	0.02974487113843028
36	100	19	35	0.028635345281288485
36	100	19	53	0.02974487113843028
36	100	19	60	0.02974487113843028
36	100	19	29	0.017831142612674752
36	100	19	17	0.017831142612674752
36	100	19	33	0.015098620615415994
36	100	19	59	0.015098620615415994
36	100	19	50	0.015098620615415994
36	100	20	14	0.22550692890667765
36	100	20	60	0.22550692890667765
36	100	20	66	0.22550692890667765
36	100	20	8	0.07078828270945575
36	100	20	42	0.10328972919309237
36	100	20	4	0.10328972919309237
36	100	20	69	0.10328972919309237
36	100	20	80	0.052187080555735295
36	100	20	28	0.052187080555735295
36	100	20	27	0.052187080555735295
36	100	20	54	0.04908867308366449
36	100	20	77	0.052187080555735295
36	100	20	96	0.052187080555735295
36	100	20	68	0.052187080555735295
36	100	20	40	0.052187080555735295
36	100	20	73	0.010453159070247124
36	100	20	32	0.04908867308366449
36	100	20	29	0.04908867308366449
36	100	20	47	0.04908867308366449
36	100	20	6	0.02115542135985419
36	100	20	62	0.02115542135985419
36	100	21	87	0.16792069329962836
36	100	21	29	0.10858061570154524
36	100	21	68	0.10858061570154524
36	100	21	49	0.10858061570154524
36	100	21	94	0.09887573890074935
36	100	21	20	0.04847647661347912
36	100	21	65	0.04847647661347912
36	100	21	77	0.04847647661347912
36	100	21	12	0.04766784321980219
36	100	21	99	0.04766784321980219
36	100	21	40	0.04671145540581804
36	100	21	88	0.04671145540581804
36	100	21	14	0.04671145540581804
36	100	21	18	0.028440652121394714
36	100	21	11	0.028440652121394714
36	100	21	39	0.028440652121394714
36	100	21	22	0.004936421347201511
36	100	21	50	0.004936421347201511
36	100	21	7	0.004936421347201511
36	100	21	48	0.028440652121394714
36	100	21	51	0.028440652121394714
36	100	21	57	0.021601590217667093
36	100	21	90	0.005046883101713331
36	100	22	20	0.18921671526300493
36	100	22	52	0.1291061896057016
36	100	22	60	0.07594625266703443
36	100	22	42	0.07594625266703443
36	100	22	4	0.07594625266703443
36	100	22	77	0.07594625266703443
36	100	22	96	0.07594625266703443
36	100	22	28	0.07594625266703443
36	100	22	97	0.06235937794007884
36	100	22	47	0.05597604526451696
36	100	22	59	0.060355632015380044
36	100	22	71	0.060355632015380044
36	100	22	54	0.043834175667997646
36	100	22	99	0.043834175667997646
36	100	22	76	0.0403187543019443
36	100	22	85	0.0403187543019443
36	100	22	58	0.0403187543019443
36	100	22	6	0.0403187543019443
36	100	22	53	0.0403187543019443
36	100	22	31	0.0403187543019443
36	100	23	96	0.3533277403463154
36	100	23	94	0.133156868513197
36	100	23	78	0.09916204719040785
36	100	23	66	0.09916204719040785
36	100	23	60	0.09916204719040785
36	100	23	39	0.09916204719040785
36	100	23	73	0.09916204719040785
36	100	23	69	0.09916204719040785
36	100	23	42	0.09916204719040785
36	100	23	20	0.09821552909135792
36	100	23	17	0.09821552909135792
36	100	23	19	0.06478852444552886
36	100	23	33	0.06478852444552886
36	100	23	65	0.06478852444552886
36	100	23	14	0.06478852444552886
36	100	23	4	0.020920326173833707
36	100	23	8	0.020920326173833707
36	100	23	77	0.020920326173833707
36	100	23	54	0.017058820964760076
36	100	23	53	0.017058820964760076
36	100	24	77	0.09703158323301506
36	100	24	20	0.09305312350103319
36	100	24	40	0.09703158323301506
36	100	24	80	0.09703158323301506
36	100	24	65	0.09703158323301506
36	100	24	14	0.09703158323301506
36	100	24	42	0.09305312350103319
36	100	24	4	0.09305312350103319
36	100	24	59	0.040269378295225616
36	100	24	19	0.040269378295225616
36	100	24	30	0.031439781452823924
36	100	24	48	0.026904692578693018
36	100	24	97	0.031439781452823924
36	100	24	57	0.031439781452823924
36	100	24	25	0.02681453235890469
36	100	24	1	0.016408227828737798
36	100	24	50	0.02681453235890469
36	100	24	33	0.02681453235890469
36	100	24	61	0.016408227828737798
36	100	24	94	0.016408227828737798
36	100	24	76	0.016408227828737798
36	100	24	15	0.016408227828737798
36	100	24	67	0.02681453235890469
36	100	24	17	0.02681453235890469
36	100	24	53	0.02681453235890469
36	100	25	14	0.24766736645604676
36	100	25	69	0.1556153463744713
36	100	25	28	0.057088931859832055
36	100	25	47	0.057088931859832055
36	100	25	88	0.05397372791618142
36	100	25	1	0.05397372791618142
36	100	25	35	0.05397372791618142
36	100	25	53	0.05397372791618142
36	100	25	66	0.05397372791618142
36	100	25	60	0.05397372791618142
36	100	25	37	0.05397372791618142
36	100	25	62	0.05397372791618142
36	100	25	42	0.05397372791618142
36	100	25	25	0.05397372791618142
36	100	25	49	0.05397372791618142
36	100	25	58	0.04185582806410397
36	100	25	96	0.05397372791618142
36	100	25	77	0.05397372791618142
36	100	25	65	0.05397372791618142
36	100	25	97	0.04185582806410397
36	100	26	49	0.11049049208950114
36	100	26	69	0.11049049208950114
36	100	26	54	0.11049049208950114
36	100	26	28	0.11049049208950114
36	100	26	32	0.11049049208950114
36	100	26	39	0.11049049208950114
36	100	26	77	0.08870928630171998
36	100	26	48	0.08870928630171998
36	100	26	9	0.07870637243771382
36	100	26	6	0.08870928630171998
36	100	26	13	0.08870928630171998
36	100	26	45	0.08870928630171998
36	100	26	44	0.08870928630171998
36	100	26	34	0.03578422610446732
36	100	26	64	0.030071641094879177
36	100	26	50	0.030071641094879177
36	100	26	29	0.030071641094879177
36	100	26	84	0.014469731008394377
36	100	26	33	0.014469731008394377
36	100	26	99	0.014469731008394377
36	100	27	14	0.12223206217008667
36	100	27	20	0.07300811434171935
36	100	27	40	0.07300811434171935
36	100	27	66	0.07300811434171935
36	100	27	71	0.07300811434171935
36	100	27	42	0.07300811434171935
36	100	27	4	0.07300811434171935
36	100	27	59	0.07300811434171935
36	100	27	52	0.07300811434171935
36	100	27	60	0.07300811434171935
36	100	27	97	0.07300811434171935
36	100	27	28	0.07300811434171935
36	100	27	39	0.03716818060921484
36	100	27	65	0.028529679296469445
36	100	27	87	0.028529679296469445
36	100	27	8	0.028529679296469445
36	100	27	77	0.028529679296469445
36	100	27	29	0.020323701879970783
36	100	27	53	0.022682293772214288
36	100	27	55	0.022682293772214288
36	100	28	96	0.12691063478795508
36	100	28	92	0.12691063478795508
36	100	28	66	0.12691063478795508
36	100	28	60	0.12691063478795508
36	100	28	77	0.12691063478795508
36	100	28	40	0.12691063478795508
36	100	28	52	0.12691063478795508
36	100	28	14	0.08793825617282267
36	100	28	68	0.08793825617282267
36	100	28	30	0.08793825617282267
36	100	28	59	0.08793825617282267
36	100	28	20	0.08793825617282267
36	100	28	65	0.06184669913245783
36	100	28	69	0.06184669913245783
36	100	28	87	0.06184669913245783
36	100	28	88	0.06184669913245783
36	100	28	8	0.06184669913245783
36	100	28	19	0.06184669913245783
36	100	28	78	0.027730817601545835
36	100	28	6	0.03649320059720689
36	100	28	53	0.03649320059720689
36	100	29	66	0.061140316794907376
36	100	29	33	0.061140316794907376
36	100	29	14	0.061140316794907376
36	100	29	69	0.061140316794907376
36	100	29	77	0.061140316794907376
36	100	29	59	0.061140316794907376
36	100	29	60	0.061140316794907376
36	100	29	97	0.061140316794907376
36	100	29	20	0.061140316794907376
36	100	29	4	0.061140316794907376
36	100	29	42	0.061140316794907376
36	100	29	6	0.02547611049391307
36	100	29	92	0.02547611049391307
36	100	29	28	0.02547611049391307
36	100	29	96	0.02547611049391307
36	100	29	52	0.02547611049391307
36	100	29	17	0.02547611049391307
36	100	29	53	0.02547611049391307
36	100	29	30	0.02547611049391307
36	100	29	65	0.02154982942289122
36	100	30	96	0.17579437282180263
36	100	30	20	0.15213371944572007
36	100	30	77	0.09995018208427923
36	100	30	29	0.06053652587780421
36	100	30	6	0.06053652587780421
36	100	30	19	0.06053652587780421
36	100	30	52	0.06053652587780421
36	100	30	14	0.06053652587780421
36	100	30	42	0.050900355153209724
36	100	30	31	0.050900355153209724
36	100	30	4	0.050900355153209724
36	100	30	65	0.024728429212328144
36	100	30	87	0.024728429212328144
36	100	30	88	0.024728429212328144
36	100	30	10	0.012834514502621033
36	100	30	33	0.012834514502621033
36	100	30	79	0.008057436815418035
36	100	30	9	0.0038657515446360842
36	100	30	35	0.007161062614870633
36	100	30	59	0.007161062614870633
36	100	30	28	0.007161062614870633
36	100	31	52	0.39483794547830525
36	100	31	85	0.16555064670041456
36	100	31	92	0.0670070805486527
36	100	31	31	0.0670070805486527
36	100	31	58	0.0670070805486527
36	100	31	93	0.045527457543454636
36	100	31	6	0.044273976002005715
36	100	31	87	0.04181067696474403
36	100	31	96	0.04181067696474403
36	100	31	80	0.04181067696474403
36	100	31	40	0.04181067696474403
36	100	31	66	0.04181067696474403
36	100	31	60	0.04181067696474403
36	100	31	77	0.04181067696474403
36	100	31	69	0.0132461698618888
36	100	31	14	0.006043517422686098
36	100	31	99	0.04181067696474403
36	100	31	90	0.04181067696474403
36	100	31	100	0.04181067696474403
36	100	31	10	0.04181067696474403
36	100	31	91	0.04181067696474403
36	100	31	23	0.038599569082307786
36	100	32	65	0.041574570825859705
36	100	32	96	0.06302889487559278
36	100	32	77	0.06302889487559278
36	100	32	92	0.041574570825859705
36	100	32	42	0.041574570825859705
36	100	32	4	0.041574570825859705
36	100	32	59	0.03508548185266139
36	100	32	49	0.03508548185266139
36	100	32	66	0.03508548185266139
36	100	32	37	0.03508548185266139
36	100	32	52	0.03508548185266139
36	100	32	14	0.03508548185266139
36	100	32	60	0.03508548185266139
36	100	32	97	0.03508548185266139
36	100	32	62	0.03508548185266139
36	100	32	8	0.03508548185266139
36	100	32	40	0.03508548185266139
36	100	32	34	0.030221820378753084
36	100	32	6	0.03508548185266139
36	100	32	87	0.03508548185266139
36	100	33	14	0.10944717866028847
36	100	33	77	0.10944717866028847
36	100	33	96	0.10944717866028847
36	100	33	42	0.10944717866028847
36	100	33	52	0.03955796767237922
36	100	33	65	0.03955796767237922
36	100	33	20	0.03955796767237922
36	100	33	59	0.03955796767237922
36	100	33	69	0.021781950214843828
36	100	33	53	0.02185614865226768
36	100	33	47	0.02185614865226768
36	100	33	4	0.021781950214843828
36	100	33	92	0.021781950214843828
36	100	33	39	0.021781950214843828
36	100	33	29	0.021781950214843828
36	100	33	6	0.021781950214843828
36	100	33	33	0.010364099932517815
36	100	33	40	0.006724867559298244
36	100	33	55	0.021781950214843828
36	100	33	66	0.021781950214843828
36	100	33	60	0.021781950214843828
36	100	33	35	0.021781950214843828
36	100	34	20	0.061967295174302314
36	100	34	29	0.061967295174302314
36	100	34	49	0.061967295174302314
36	100	34	17	0.061967295174302314
36	100	34	77	0.061967295174302314
36	100	34	69	0.061967295174302314
36	100	34	96	0.061967295174302314
36	100	34	14	0.061967295174302314
36	100	34	92	0.061967295174302314
36	100	34	97	0.061967295174302314
36	100	34	30	0.061967295174302314
36	100	34	94	0.061967295174302314
36	100	34	52	0.061967295174302314
36	100	34	60	0.04812074863413438
36	100	34	66	0.04812074863413438
36	100	34	39	0.04812074863413438
36	100	34	33	0.04812074863413438
36	100	34	58	0.04812074863413438
36	100	34	40	0.030636303303997085
36	100	34	65	0.030636303303997085
36	100	35	87	0.108758581422282
36	100	35	40	0.108758581422282
36	100	35	29	0.108758581422282
36	100	35	58	0.108758581422282
36	100	35	6	0.108758581422282
36	100	35	69	0.108758581422282
36	100	35	20	0.108758581422282
36	100	35	31	0.108758581422282
36	100	35	96	0.108758581422282
36	100	35	42	0.044481614007969086
36	100	35	68	0.044481614007969086
36	100	35	59	0.034227548803729656
36	100	35	98	0.044481614007969086
36	100	35	39	0.044481614007969086
36	100	35	49	0.044481614007969086
36	100	35	33	0.034227548803729656
36	100	35	4	0.034227548803729656
36	100	35	77	0.004109998301060283
36	100	35	35	0.022070707044033674
36	100	35	2	0.022070707044033674
36	100	35	34	0.014752300367299468
36	100	36	77	0.09131623255323529
36	100	36	20	0.05955265869339886
36	100	36	52	0.05955265869339886
36	100	36	96	0.05955265869339886
36	100	36	97	0.05955265869339886
36	100	36	4	0.05955265869339886
36	100	36	42	0.05955265869339886
36	100	36	6	0.05955265869339886
36	100	36	47	0.05955265869339886
36	100	36	14	0.05955265869339886
36	100	36	53	0.05955265869339886
36	100	36	92	0.05955265869339886
36	100	36	65	0.05955265869339886
36	100	36	29	0.02106822649311429
36	100	36	59	0.02106822649311429
36	100	36	69	0.0049120885405376374
36	100	36	66	0.02106822649311429
36	100	36	81	0.02106822649311429
36	100	36	88	0.02106822649311429
36	100	36	60	0.02106822649311429
36	100	36	17	0.02106822649311429
36	100	37	14	0.1409044377670826
36	100	37	42	0.1409044377670826
36	100	37	4	0.1409044377670826
36	100	37	59	0.07321550039934228
36	100	37	6	0.07321550039934228
36	100	37	88	0.07321550039934228
36	100	37	17	0.07321550039934228
36	100	37	62	0.07321550039934228
36	100	37	37	0.07321550039934228
36	100	37	77	0.07321550039934228
36	100	37	97	0.07321550039934228
36	100	37	87	0.07321550039934228
36	100	37	20	0.042392265854179295
36	100	37	65	0.07321550039934228
36	100	37	52	0.07321550039934228
36	100	37	80	0.07321550039934228
36	100	37	8	0.07321550039934228
36	100	37	96	0.07321550039934228
36	100	37	28	0.042392265854179295
36	100	37	10	0.042392265854179295
36	100	38	92	0.09406279071554223
36	100	38	53	0.09406279071554223
36	100	38	96	0.09406279071554223
36	100	38	77	0.09406279071554223
36	100	38	29	0.06280898344146826
36	100	38	73	0.06280898344146826
36	100	38	83	0.06280898344146826
36	100	38	69	0.06280898344146826
36	100	38	35	0.06280898344146826
36	100	38	14	0.06280898344146826
36	100	38	19	0.06280898344146826
36	100	38	42	0.056063558300778325
36	100	38	17	0.03585068553480991
36	100	38	40	0.056063558300778325
36	100	38	4	0.056063558300778325
36	100	38	65	0.056063558300778325
36	100	38	20	0.03585068553480991
36	100	38	59	0.014202210639832269
36	100	38	44	0.03585068553480991
36	100	38	45	0.03585068553480991
36	100	39	6	0.11051629378154146
36	100	39	60	0.11051629378154146
36	100	39	14	0.0617344803742448
36	100	39	66	0.0501099537253877
36	100	39	47	0.0501099537253877
36	100	39	35	0.045811114222431185
36	100	39	96	0.0501099537253877
36	100	39	52	0.0501099537253877
36	100	39	28	0.045811114222431185
36	100	39	20	0.045811114222431185
36	100	39	65	0.045811114222431185
36	100	39	40	0.045811114222431185
36	100	39	37	0.045811114222431185
36	100	39	92	0.045811114222431185
36	100	39	77	0.045811114222431185
36	100	39	29	0.045811114222431185
36	100	39	73	0.045811114222431185
36	100	39	27	0.045811114222431185
36	100	39	62	0.045811114222431185
36	100	39	49	0.045811114222431185
36	100	40	6	0.2337247344741306
36	100	40	96	0.2337247344741306
36	100	40	77	0.2337247344741306
36	100	40	14	0.042575983593390494
36	100	40	20	0.042575983593390494
36	100	40	55	0.042575983593390494
36	100	40	42	0.042575983593390494
36	100	40	4	0.042575983593390494
36	100	40	53	0.03730097401251613
36	100	40	34	0.026143772365328336
36	100	40	37	0.02396435497590329
36	100	40	62	0.02396435497590329
36	100	40	49	0.026143772365328336
36	100	40	65	0.026143772365328336
36	100	40	60	0.02396435497590329
36	100	40	66	0.02396435497590329
36	100	40	92	0.02396435497590329
36	100	40	59	0.02396435497590329
36	100	40	33	0.02396435497590329
36	100	40	19	0.02396435497590329
36	100	41	52	0.09916532758120582
36	100	41	14	0.09916532758120582
36	100	41	40	0.09406998714886065
36	100	41	6	0.09406998714886065
36	100	41	88	0.09406998714886065
36	100	41	30	0.07520426650459225
36	100	41	66	0.07453905058002679
36	100	41	68	0.030972822938630226
36	100	41	4	0.04535318582377356
36	100	41	42	0.04535318582377356
36	100	41	48	0.030972822938630226
36	100	41	49	0.030972822938630226
36	100	41	29	0.030972822938630226
36	100	41	77	0.030972822938630226
36	100	41	96	0.030972822938630226
36	100	41	51	0.030972822938630226
36	100	41	60	0.030972822938630226
36	100	41	87	0.030972822938630226
36	100	41	55	0.030972822938630226
36	100	41	33	0.030972822938630226
36	100	42	14	0.08672145389674539
36	100	42	96	0.0773233869902209
36	100	42	77	0.0773233869902209
36	100	42	20	0.038506438471501724
36	100	42	17	0.038506438471501724
36	100	42	53	0.038506438471501724
36	100	42	4	0.038506438471501724
36	100	42	42	0.038506438471501724
36	100	42	80	0.038506438471501724
36	100	42	94	0.038506438471501724
36	100	42	30	0.038506438471501724
36	100	42	65	0.038506438471501724
36	100	42	8	0.038506438471501724
36	100	42	66	0.038506438471501724
36	100	42	87	0.038506438471501724
36	100	42	71	0.031059343690085964
36	100	42	88	0.031059343690085964
36	100	42	52	0.031059343690085964
36	100	42	28	0.009562997100798845
36	100	42	35	0.001511700727080143
36	100	43	52	0.1381054575254776
36	100	43	20	0.1381054575254776
36	100	43	60	0.1381054575254776
36	100	43	77	0.1381054575254776
36	100	43	96	0.1381054575254776
36	100	43	66	0.1381054575254776
36	100	43	81	0.06301110957766222
36	100	43	80	0.06301110957766222
36	100	43	79	0.04196750712576194
36	100	43	30	0.04196750712576194
36	100	43	35	0.04196750712576194
36	100	43	88	0.03392991177910206
36	100	43	84	0.04196750712576194
36	100	43	99	0.04196750712576194
36	100	43	28	0.03392991177910206
36	100	43	27	0.03392991177910206
36	100	43	97	0.006534835587480951
36	100	43	55	0.018379798271957126
36	100	43	94	0.018379798271957126
36	100	43	37	0.018379798271957126
36	100	43	69	0.018379798271957126
36	100	44	71	0.2803844104842049
36	100	44	20	0.09069764942251134
36	100	44	97	0.06326403951794682
36	100	44	55	0.06326403951794682
36	100	44	53	0.06326403951794682
36	100	44	60	0.034112761441472905
36	100	44	66	0.034112761441472905
36	100	44	34	0.034112761441472905
36	100	44	35	0.034112761441472905
36	100	44	17	0.034112761441472905
36	100	44	65	0.034112761441472905
36	100	44	77	0.034112761441472905
36	100	44	92	0.034112761441472905
36	100	44	69	0.034112761441472905
36	100	44	51	0.02737518725661229
36	100	44	42	0.03299274326372462
36	100	44	4	0.03299274326372462
36	100	44	83	0.02737518725661229
36	100	44	96	0.024080748789528678
36	100	44	52	0.022257682915914744
36	100	45	14	0.12320218152753978
36	100	45	77	0.11871925834716507
36	100	45	96	0.11871925834716507
36	100	45	30	0.05336305832487801
36	100	45	4	0.05336305832487801
36	100	45	52	0.05336305832487801
36	100	45	65	0.05336305832487801
36	100	45	92	0.05336305832487801
36	100	45	42	0.05336305832487801
36	100	45	80	0.01810440300867223
36	100	45	29	0.03849961496924472
36	100	45	28	0.03849961496924472
36	100	45	20	0.03849961496924472
36	100	45	99	0.015788659020691664
36	100	45	87	0.015788659020691664
36	100	45	60	0.011906262080598579
36	100	45	59	0.011906262080598579
36	100	45	79	0.01123466097685872
36	100	45	88	0.01123466097685872
36	100	45	33	0.011906262080598579
36	100	45	66	0.011906262080598579
36	100	45	35	0.011906262080598579
36	100	46	6	0.19353650886105092
36	100	46	49	0.19353650886105092
36	100	46	14	0.19353650886105092
36	100	46	40	0.19353650886105092
36	100	46	65	0.19353650886105092
36	100	46	77	0.19353650886105092
36	100	46	96	0.19353650886105092
36	100	46	66	0.06813864004657619
36	100	46	59	0.06813864004657619
36	100	46	80	0.06813864004657619
36	100	46	60	0.06813864004657619
36	100	46	52	0.06813864004657619
36	100	46	53	0.06813864004657619
36	100	46	71	0.06813864004657619
36	100	46	30	0.052641077310757005
36	100	46	0	0.042085467039686006
36	100	46	92	0.042085467039686006
36	100	46	13	0.042085467039686006
36	100	46	42	0.006862221757015357
36	100	46	69	0.0043224508652856455
36	100	47	52	0.05244499039951151
36	100	47	6	0.05244499039951151
36	100	47	77	0.05244499039951151
36	100	47	96	0.05244499039951151
36	100	47	53	0.05244499039951151
36	100	47	66	0.05244499039951151
36	100	47	60	0.05244499039951151
36	100	47	14	0.05244499039951151
36	100	47	92	0.05244499039951151
36	100	47	20	0.05244499039951151
36	100	47	30	0.05244499039951151
36	100	47	65	0.05244499039951151
36	100	47	17	0.05244499039951151
36	100	47	42	0.029011253174552
36	100	47	4	0.029011253174552
36	100	47	47	0.029011253174552
36	100	47	87	0.029011253174552
36	100	47	80	0.029011253174552
36	100	47	28	0.029011253174552
36	100	47	8	0.01551187162943278
36	100	48	28	0.09005955576553568
36	100	48	29	0.09005955576553568
36	100	48	52	0.09005955576553568
36	100	48	77	0.08202245621057025
36	100	48	96	0.08202245621057025
36	100	48	35	0.017405452919958608
36	100	48	53	0.08202245621057025
36	100	48	20	0.08202245621057025
36	100	48	17	0.05731868655012866
36	100	48	80	0.05731868655012866
36	100	48	99	0.05731868655012866
36	100	48	87	0.05731868655012866
36	100	48	85	0.05731868655012866
36	100	48	91	0.05731868655012866
36	100	48	94	0.05731868655012866
36	100	48	25	0.04707190822007372
36	100	48	6	0.017405452919958608
36	100	48	58	0.00728201826833358
36	100	48	55	0.014348568908873564
36	100	48	73	0.014348568908873564
36	100	49	52	0.09766195653716565
36	100	49	92	0.09766195653716565
36	100	49	20	0.0867393946186186
36	100	49	96	0.0867393946186186
36	100	49	77	0.0867393946186186
36	100	49	97	0.0867393946186186
36	100	49	14	0.0867393946186186
36	100	49	47	0.0867393946186186
36	100	49	80	0.03095622634904489
36	100	49	42	0.03095622634904489
36	100	49	4	0.03095622634904489
36	100	49	65	0.03095622634904489
36	100	49	73	0.03095622634904489
36	100	49	99	0.019621345424422433
36	100	49	29	0.03095622634904489
36	100	49	37	0.03095622634904489
36	100	49	62	0.03095622634904489
36	100	49	8	0.012151936483100556
36	100	49	69	0.012151936483100556
36	100	49	19	0.012151936483100556
36	100	50	39	0.1575694010950695
36	100	50	14	0.15695858291406914
36	100	50	9	0.1214573840098214
36	100	50	96	0.1214573840098214
36	100	50	94	0.05896512407840582
36	100	50	38	0.050984505389247585
36	100	50	33	0.050984505389247585
36	100	50	35	0.04648172098807362
36	100	50	53	0.04648172098807362
36	100	50	30	0.04648172098807362
36	100	50	65	0.04648172098807362
36	100	50	20	0.04648172098807362
36	100	50	52	0.04648172098807362
36	100	50	0	0.04648172098807362
36	100	50	37	0.04648172098807362
36	100	50	77	0.04648172098807362
36	100	50	50	0.04648172098807362
36	100	50	67	0.04648172098807362
36	100	50	69	0.04648172098807362
36	100	50	4	0.0424111414702224
36	100	51	52	0.19044968980121882
36	100	51	14	0.19044968980121882
36	100	51	77	0.0755891340841873
36	100	51	96	0.0755891340841873
36	100	51	4	0.045840073421776505
36	100	51	60	0.045840073421776505
36	100	51	66	0.045840073421776505
36	100	51	20	0.045840073421776505
36	100	51	42	0.045840073421776505
36	100	51	6	0.045840073421776505
36	100	51	65	0.045840073421776505
36	100	51	30	0.045840073421776505
36	100	51	92	0.045840073421776505
36	100	51	53	0.04251958402892148
36	100	51	28	0.04251958402892148
36	100	51	71	0.013564600614974944
36	100	51	35	0.013564600614974944
36	100	51	59	0.013564600614974944
36	100	51	49	0.013564600614974944
36	100	51	40	0.013564600614974944
36	100	52	14	0.07235168789411726
36	100	52	4	0.053974773654231284
36	100	52	42	0.053974773654231284
36	100	52	77	0.053974773654231284
36	100	52	60	0.053974773654231284
36	100	52	66	0.053974773654231284
36	100	52	92	0.053974773654231284
36	100	52	96	0.053974773654231284
36	100	52	20	0.053974773654231284
36	100	52	6	0.053974773654231284
36	100	52	49	0.053974773654231284
36	100	52	65	0.053974773654231284
36	100	52	52	0.053974773654231284
36	100	52	40	0.053974773654231284
36	100	52	33	0.016306664487169057
36	100	52	30	0.016306664487169057
36	100	52	53	0.016306664487169057
36	100	52	69	0.016306664487169057
36	100	52	59	0.008289888540657398
36	100	52	28	0.008289888540657398
36	100	53	77	0.05766744570976147
36	100	53	96	0.05766744570976147
36	100	53	14	0.05766744570976147
36	100	53	4	0.05766744570976147
36	100	53	42	0.05766744570976147
36	100	53	52	0.05766744570976147
36	100	53	69	0.05766744570976147
36	100	53	20	0.05766744570976147
36	100	53	30	0.05766744570976147
36	100	53	65	0.044080730238561114
36	100	53	49	0.044080730238561114
36	100	53	29	0.044080730238561114
36	100	53	39	0.044080730238561114
36	100	53	6	0.044080730238561114
36	100	53	33	0.044080730238561114
36	100	53	97	0.044080730238561114
36	100	53	53	0.044080730238561114
36	100	53	71	0.018403535895842246
36	100	53	28	0.004958935553149456
36	100	53	92	0.0017934496883990289
36	100	54	77	0.10879595910046817
36	100	54	96	0.10879595910046817
36	100	54	28	0.05782951234323863
36	100	54	76	0.05782951234323863
36	100	54	88	0.04031986583165075
36	100	54	20	0.04031986583165075
36	100	54	87	0.04031986583165075
36	100	54	17	0.036643710574318866
36	100	54	55	0.036643710574318866
36	100	54	52	0.028834978475520082
36	100	54	42	0.036643710574318866
36	100	54	35	0.036643710574318866
36	100	54	37	0.028834978475520082
36	100	54	0	0.028834978475520082
36	100	54	9	0.028834978475520082
36	100	54	62	0.028834978475520082
36	100	54	4	0.028834978475520082
36	100	54	40	0.028834978475520082
36	100	54	84	0.0129359577885906
36	100	54	10	0.028834978475520082
36	100	54	18	0.028834978475520082
36	100	55	30	0.1199262524276304
36	100	55	14	0.22460214282982327
36	100	55	65	0.22460214282982327
36	100	55	74	0.08763242532665848
36	100	55	77	0.08763242532665848
36	100	55	4	0.08763242532665848
36	100	55	59	0.08763242532665848
36	100	55	37	0.08763242532665848
36	100	55	62	0.08763242532665848
36	100	55	87	0.08763242532665848
36	100	55	20	0.08763242532665848
36	100	55	47	0.08763242532665848
36	100	55	28	0.08763242532665848
36	100	55	49	0.08763242532665848
36	100	55	66	0.06262811726510412
36	100	55	68	0.036706680733682884
36	100	55	52	0.03541567801409108
36	100	55	60	0.03541567801409108
36	100	55	58	0.03114659535962766
36	100	55	96	0.009837951822779436
36	100	56	69	0.07142924130935438
36	100	56	96	0.02634726290349721
36	100	56	49	0.02634726290349721
36	100	56	39	0.02634726290349721
36	100	56	4	0.02634726290349721
36	100	56	20	0.02634726290349721
36	100	56	66	0.02634726290349721
36	100	56	88	0.02634726290349721
36	100	56	77	0.02634726290349721
36	100	56	60	0.02634726290349721
36	100	56	97	0.020694540380094637
36	100	56	31	0.019964811323382542
36	100	56	6	0.019964811323382542
36	100	56	87	0.019964811323382542
36	100	56	40	0.019964811323382542
36	100	56	14	0.019964811323382542
36	100	56	58	0.019964811323382542
36	100	56	92	0.019964811323382542
36	100	56	42	0.019964811323382542
36	100	56	28	0.019964811323382542
36	100	57	97	0.119446158692996
36	100	57	14	0.119446158692996
36	100	57	65	0.055798598657358714
36	100	57	33	0.055798598657358714
36	100	57	49	0.055798598657358714
36	100	57	4	0.055798598657358714
36	100	57	20	0.055798598657358714
36	100	57	27	0.0551598379429449
36	100	57	96	0.055798598657358714
36	100	57	77	0.055798598657358714
36	100	57	42	0.04084495519578449
36	100	57	66	0.04084495519578449
36	100	57	55	0.04084495519578449
36	100	57	76	0.035167862798613746
36	100	57	29	0.013942150897992816
36	100	57	52	0.026432650198288384
36	100	57	6	0.026432650198288384
36	100	57	60	0.026432650198288384
36	100	57	40	0.02196952839078854
36	100	57	71	0.02196952839078854
36	100	58	52	0.1593938041627145
36	100	58	49	0.07765742073424246
36	100	58	42	0.07282528367337948
36	100	58	87	0.07282528367337948
36	100	58	53	0.07282528367337948
36	100	58	29	0.07282528367337948
36	100	58	77	0.07282528367337948
36	100	58	65	0.07282528367337948
36	100	58	54	0.07282528367337948
36	100	58	32	0.07282528367337948
36	100	58	4	0.07282528367337948
36	100	58	92	0.07282528367337948
36	100	58	13	0.07282528367337948
36	100	58	96	0.07282528367337948
36	100	58	81	0.07282528367337948
36	100	58	20	0.030414337221471945
36	100	58	10	0.027520609663528196
36	100	58	43	0.02062098127340808
36	100	58	35	0.014147619539151416
36	100	58	71	0.014147619539151416
36	100	59	14	0.0960697427418652
36	100	59	77	0.11580488651814103
36	100	59	96	0.11580488651814103
36	100	59	88	0.0960697427418652
36	100	59	30	0.031964162624294724
36	100	59	92	0.04281962881977548
36	100	59	65	0.04281962881977548
36	100	59	52	0.04281962881977548
36	100	59	69	0.031964162624294724
36	100	59	20	0.031145686597017445
36	100	59	31	0.031145686597017445
36	100	59	87	0.031145686597017445
36	100	59	40	0.031145686597017445
36	100	59	94	0.031145686597017445
36	100	59	29	0.031145686597017445
36	100	59	28	0.031145686597017445
36	100	59	35	0.031145686597017445
36	100	59	53	0.004740169658437079
36	100	59	42	0.031145686597017445
36	100	59	58	0.031145686597017445
36	100	59	4	0.031145686597017445
36	100	60	71	0.26140960233489313
36	100	60	20	0.26140960233489313
36	100	60	96	0.26140960233489313
36	100	60	77	0.26140960233489313
36	100	60	19	0.0443395349577432
36	100	60	53	0.0443395349577432
36	100	60	29	0.0443395349577432
36	100	60	42	0.0443395349577432
36	100	60	4	0.0443395349577432
36	100	60	49	0.0365500491979699
36	100	60	88	0.0365500491979699
36	100	60	6	0.0365500491979699
36	100	60	25	0.0365500491979699
36	100	60	92	0.0365500491979699
36	100	60	97	0.0365500491979699
36	100	60	17	0.0365500491979699
36	100	60	69	0.029921903771550604
36	100	60	52	0.003621481386110671
36	100	60	94	0.0365500491979699
36	100	60	93	0.0365500491979699
36	100	61	6	0.08222626953555055
36	100	61	77	0.08222626953555055
36	100	61	4	0.08222626953555055
36	100	61	42	0.08222626953555055
36	100	61	52	0.08107553643957982
36	100	61	96	0.07664113370086603
36	100	61	88	0.05863918133029272
36	100	61	14	0.05863918133029272
36	100	61	92	0.05863918133029272
36	100	61	59	0.04585198603696793
36	100	61	20	0.04585198603696793
36	100	61	28	0.04585198603696793
36	100	61	94	0.028874058238388713
36	100	61	99	0.013311052991149264
36	100	61	40	0.013311052991149264
36	100	61	49	0.013311052991149264
36	100	61	39	0.013311052991149264
36	100	61	8	0.013311052991149264
36	100	61	73	0.003007999140404526
36	100	61	35	0.010827866252664506
36	100	61	29	0.010827866252664506
36	100	62	42	0.09444202416860399
36	100	62	4	0.09444202416860399
36	100	62	77	0.09444202416860399
36	100	62	14	0.09444202416860399
36	100	62	52	0.09444202416860399
36	100	62	96	0.09444202416860399
36	100	62	20	0.09444202416860399
36	100	62	65	0.09444202416860399
36	100	62	60	0.09444202416860399
36	100	62	66	0.09444202416860399
36	100	62	59	0.08484360199926873
36	100	62	8	0.035046233238020724
36	100	62	87	0.03117351412420906
36	100	62	92	0.014674277829484935
36	100	62	49	0.014674277829484935
36	100	62	37	0.014674277829484935
36	100	62	6	0.014674277829484935
36	100	62	71	0.014674277829484935
36	100	62	30	0.014674277829484935
36	100	62	40	0.014674277829484935
36	100	63	77	0.055527665446724966
36	100	63	14	0.055527665446724966
36	100	63	52	0.055527665446724966
36	100	63	65	0.03992816168986887
36	100	63	6	0.03992816168986887
36	100	63	96	0.03992816168986887
36	100	63	20	0.03992816168986887
36	100	63	87	0.023734313217364328
36	100	63	30	0.02089116979272468
36	100	63	17	0.02089116979272468
36	100	63	4	0.03992816168986887
36	100	63	60	0.03992816168986887
36	100	63	53	0.0044285744924175115
36	100	63	49	0.0044285744924175115
36	100	63	50	0.03992816168986887
36	100	63	33	0.03992816168986887
36	100	63	66	0.03992816168986887
36	100	63	42	0.03992816168986887
36	100	63	35	0.03992816168986887
36	100	63	59	0.03992816168986887
36	100	63	40	0.023734313217364328
36	100	63	28	0.01575064146431033
36	100	64	20	0.05718776143456304
36	100	64	14	0.05718776143456304
36	100	64	77	0.05718776143456304
36	100	64	96	0.05718776143456304
36	100	64	52	0.05718776143456304
36	100	64	6	0.05718776143456304
36	100	64	60	0.016568055794195884
36	100	64	4	0.05718776143456304
36	100	64	42	0.05718776143456304
36	100	64	33	0.05160721578315622
36	100	64	8	0.016568055794195884
36	100	64	87	0.016568055794195884
36	100	64	29	0.016568055794195884
36	100	64	59	0.016568055794195884
36	100	64	66	0.016568055794195884
36	100	64	30	0.012190919392503434
36	100	64	65	0.013383451358395679
36	100	64	53	0.012190919392503434
36	100	64	92	0.013383451358395679
36	100	64	35	0.013383451358395679
36	100	64	28	0.013383451358395679
36	100	64	88	0.013383451358395679
36	100	65	14	0.2271537736959054
36	100	65	77	0.2271537736959054
36	100	65	92	0.2271537736959054
36	100	65	52	0.2271537736959054
36	100	65	96	0.2271537736959054
36	100	65	50	0.05862631368801715
36	100	65	88	0.05862631368801715
36	100	65	53	0.05862631368801715
36	100	65	40	0.05862631368801715
36	100	65	42	0.05862631368801715
36	100	65	33	0.05862631368801715
36	100	65	4	0.05862631368801715
36	100	65	59	0.04360722716528358
36	100	65	58	0.04360722716528358
36	100	65	80	0.04360722716528358
36	100	65	87	0.04360722716528358
36	100	65	67	0.04360722716528358
36	100	65	29	0.03125878863531792
36	100	65	91	0.03125878863531792
36	100	65	28	0.023050884319438688
36	100	66	77	0.16670940847222668
36	100	66	96	0.16670940847222668
36	100	66	69	0.062325044538412616
36	100	66	66	0.062325044538412616
36	100	66	30	0.062325044538412616
36	100	66	28	0.062325044538412616
36	100	66	60	0.062325044538412616
36	100	66	10	0.062325044538412616
36	100	66	65	0.062325044538412616
36	100	66	87	0.062325044538412616
36	100	66	35	0.062325044538412616
36	100	66	92	0.062325044538412616
36	100	66	55	0.062325044538412616
36	100	66	52	0.062325044538412616
36	100	66	6	0.062325044538412616
36	100	66	14	0.062325044538412616
36	100	66	34	0.062325044538412616
36	100	66	43	0.0481335156511586
36	100	66	42	0.015496367988498745
36	100	66	4	0.015496367988498745
36	100	67	14	0.08147356084334255
36	100	67	77	0.05663113101768611
36	100	67	42	0.05663113101768611
36	100	67	4	0.05663113101768611
36	100	67	52	0.05663113101768611
36	100	67	88	0.05663113101768611
36	100	67	97	0.05663113101768611
36	100	67	96	0.05663113101768611
36	100	67	65	0.05663113101768611
36	100	67	49	0.05663113101768611
36	100	67	6	0.05551761469764612
36	100	67	92	0.05663113101768611
36	100	67	39	0.05663113101768611
36	100	67	20	0.05663113101768611
36	100	67	60	0.0206931757932081
36	100	67	33	0.007936050885475667
36	100	67	35	0.007936050885475667
36	100	67	69	0.0206931757932081
36	100	67	66	0.0206931757932081
36	100	67	53	0.0206931757932081
36	100	67	87	0.0206931757932081
36	100	67	40	0.0206931757932081
36	100	68	14	0.132337061522962
36	100	68	42	0.1662193762286338
36	100	68	4	0.1662193762286338
36	100	68	77	0.132337061522962
36	100	68	96	0.132337061522962
36	100	68	65	0.132337061522962
36	100	68	59	0.132337061522962
36	100	68	97	0.09619421759515809
36	100	68	66	0.0743119008416705
36	100	68	33	0.05309891250755089
36	100	68	28	0.05309891250755089
36	100	68	92	0.0743119008416705
36	100	68	60	0.0743119008416705
36	100	68	94	0.004220507454694128
36	100	68	50	0.038346300285624794
36	100	68	35	0.038346300285624794
36	100	68	32	0.038346300285624794
36	100	68	62	0.038346300285624794
36	100	68	37	0.038346300285624794
36	100	68	10	0.038346300285624794
36	100	68	30	0.038346300285624794
36	100	69	20	0.1625416539469325
36	100	69	14	0.1625416539469325
36	100	69	96	0.07086083104892849
36	100	69	42	0.15591894159452022
36	100	69	4	0.15591894159452022
36	100	69	49	0.022944855350177543
36	100	69	59	0.022944855350177543
36	100	69	52	0.020439889447623174
36	100	69	27	0.020439889447623174
36	100	69	28	0.020439889447623174
36	100	69	65	0.020439889447623174
36	100	69	33	0.020439889447623174
36	100	69	29	0.020439889447623174
36	100	69	53	0.020439889447623174
36	100	69	77	0.020439889447623174
36	100	69	60	0.020439889447623174
36	100	69	66	0.020439889447623174
36	100	69	50	0.020439889447623174
36	100	69	58	0.020439889447623174
36	100	69	35	0.020439889447623174
36	100	70	52	0.06374626505127211
36	100	70	14	0.06374626505127211
36	100	70	97	0.054677555361779775
36	100	70	65	0.054677555361779775
36	100	70	96	0.054677555361779775
36	100	70	77	0.054677555361779775
36	100	70	20	0.04002918706105703
36	100	70	66	0.03890539692376155
36	100	70	92	0.03890539692376155
36	100	70	60	0.03890539692376155
36	100	70	87	0.03404549161860785
36	100	70	42	0.03890539692376155
36	100	70	4	0.03890539692376155
36	100	70	59	0.022126734498137644
36	100	70	49	0.022126734498137644
36	100	70	53	0.022126734498137644
36	100	70	6	0.022126734498137644
36	100	70	40	0.022126734498137644
36	100	70	28	0.022126734498137644
36	100	70	47	0.015710992737178762
36	100	71	87	0.045210979493610644
36	100	71	52	0.045210979493610644
36	100	71	77	0.045210979493610644
36	100	71	96	0.045210979493610644
36	100	71	6	0.045210979493610644
36	100	71	30	0.045210979493610644
36	100	71	20	0.045210979493610644
36	100	71	42	0.045210979493610644
36	100	71	4	0.045210979493610644
36	100	71	29	0.045210979493610644
36	100	71	14	0.045210979493610644
36	100	71	60	0.01762547075931199
36	100	71	53	0.01762547075931199
36	100	71	94	0.023292730652485133
36	100	71	80	0.023292730652485133
36	100	71	69	0.023292730652485133
36	100	71	49	0.023292730652485133
36	100	71	28	0.01762547075931199
36	100	71	66	0.01762547075931199
36	100	71	40	0.01762547075931199
36	100	72	96	0.17762320266664178
36	100	72	14	0.1479388344244473
36	100	72	65	0.1479388344244473
36	100	72	52	0.08187843939316486
36	100	72	77	0.05892765951157863
36	100	72	6	0.051398342696218575
36	100	72	98	0.03860919404577164
36	100	72	30	0.037005556731081975
36	100	72	42	0.03860919404577164
36	100	72	4	0.03860919404577164
36	100	72	20	0.028100268353439033
36	100	72	53	0.028100268353439033
36	100	72	37	0.028100268353439033
36	100	72	49	0.028100268353439033
36	100	72	60	0.028100268353439033
36	100	72	92	0.028100268353439033
36	100	72	97	0.028100268353439033
36	100	72	88	0.028100268353439033
36	100	72	66	0.028100268353439033
36	100	72	87	0.028100268353439033
36	100	73	14	0.12226882935458475
36	100	73	77	0.0819178699961295
36	100	73	96	0.0819178699961295
36	100	73	99	0.044488347429546896
36	100	73	59	0.044488347429546896
36	100	73	29	0.044488347429546896
36	100	73	92	0.044488347429546896
36	100	73	80	0.044488347429546896
36	100	73	65	0.044488347429546896
36	100	73	49	0.044488347429546896
36	100	73	28	0.02907626542515592
36	100	73	79	0.02907626542515592
36	100	73	74	0.018952859514585866
36	100	73	30	0.018952859514585866
36	100	73	84	0.011173625398400009
36	100	73	52	0.018952859514585866
36	100	73	35	0.018952859514585866
36	100	73	82	0.011173625398400009
36	100	73	40	0.011847503557852445
36	100	73	45	0.011847503557852445
36	100	73	31	0.011847503557852445
36	100	74	52	0.10758513952000569
36	100	74	6	0.08096605977789856
36	100	74	4	0.08096605977789856
36	100	74	42	0.08096605977789856
36	100	74	20	0.08096605977789856
36	100	74	49	0.08096605977789856
36	100	74	96	0.07781378616452286
36	100	74	77	0.03648258466248461
36	100	74	60	0.03648258466248461
36	100	74	44	0.03648258466248461
36	100	74	45	0.03648258466248461
36	100	74	97	0.03648258466248461
36	100	74	92	0.03648258466248461
36	100	74	94	0.03648258466248461
36	100	74	69	0.03648258466248461
36	100	74	66	0.03648258466248461
36	100	74	39	0.03648258466248461
36	100	74	88	0.03648258466248461
36	100	74	40	0.007531802629791676
36	100	74	1	0.007531802629791676
36	100	74	30	0.03648258466248461
36	100	74	99	0.03648258466248461
36	100	75	96	0.1611902666642776
36	100	75	77	0.1611902666642776
36	100	75	28	0.1611902666642776
36	100	75	20	0.1611902666642776
36	100	75	52	0.1611902666642776
36	100	75	49	0.1611902666642776
36	100	75	92	0.07001317229730748
36	100	75	69	0.07001317229730748
36	100	75	4	0.06394922777734091
36	100	75	48	0.07001317229730748
36	100	75	51	0.07001317229730748
36	100	75	17	0.06394922777734091
36	100	75	65	0.060855664554745205
36	100	75	14	0.060855664554745205
36	100	75	42	0.05846542191162795
36	100	75	8	0.05846542191162795
36	100	75	99	0.040114773900668456
36	100	75	29	0.040114773900668456
36	100	75	91	0.023156304438341536
36	100	75	10	0.023156304438341536
36	100	76	14	0.0783716160937469
36	100	76	65	0.0783716160937469
36	100	76	96	0.0783716160937469
36	100	76	77	0.0783716160937469
36	100	76	4	0.0783716160937469
36	100	76	42	0.0783716160937469
36	100	76	47	0.03776626793434019
36	100	76	97	0.03776626793434019
36	100	76	8	0.03776626793434019
36	100	76	20	0.03046650620886339
36	100	76	17	0.03046650620886339
36	100	76	87	0.029212228771761172
36	100	76	69	0.029212228771761172
36	100	76	40	0.029212228771761172
36	100	76	6	0.029212228771761172
36	100	76	53	0.029212228771761172
36	100	76	50	0.01473089680664292
36	100	76	92	0.01473089680664292
36	100	76	52	0.029212228771761172
36	100	76	88	0.029212228771761172
36	100	76	49	0.029212228771761172
36	100	76	78	0.029212228771761172
36	100	77	30	0.061928423626377495
36	100	77	52	0.061928423626377495
36	100	77	77	0.061928423626377495
36	100	77	20	0.061928423626377495
36	100	77	14	0.061928423626377495
36	100	77	65	0.061928423626377495
36	100	77	6	0.061928423626377495
36	100	77	37	0.061928423626377495
36	100	77	62	0.061928423626377495
36	100	77	81	0.02768042594898429
36	100	77	42	0.02768042594898429
36	100	77	92	0.02768042594898429
36	100	77	87	0.02768042594898429
36	100	77	53	0.02768042594898429
36	100	77	71	0.02768042594898429
36	100	77	4	0.02768042594898429
36	100	77	17	0.02768042594898429
36	100	77	59	0.02768042594898429
36	100	77	97	0.02768042594898429
36	100	77	60	0.010759127110161117
36	100	78	66	0.07354287943256338
36	100	78	60	0.07354287943256338
36	100	78	96	0.07354287943256338
36	100	78	55	0.07354287943256338
36	100	78	32	0.07354287943256338
36	100	78	77	0.07354287943256338
36	100	78	54	0.07354287943256338
36	100	78	49	0.07354287943256338
36	100	78	6	0.07354287943256338
36	100	78	52	0.07354287943256338
36	100	78	8	0.07354287943256338
36	100	78	88	0.07354287943256338
36	100	78	37	0.02153654698001491
36	100	78	35	0.02008659635123966
36	100	78	64	0.020195361267879977
36	100	78	9	0.020195361267879977
36	100	78	27	0.01996157566220449
36	100	78	20	0.01996157566220449
36	100	78	13	0.01996157566220449
36	100	78	33	0.01996157566220449
36	100	78	94	0.01996157566220449
36	100	79	14	0.12040580380920647
36	100	79	6	0.04240068001848579
36	100	79	42	0.12040580380920647
36	100	79	4	0.12040580380920647
36	100	79	77	0.04240068001848579
36	100	79	52	0.04240068001848579
36	100	79	20	0.04240068001848579
36	100	79	96	0.04240068001848579
36	100	79	65	0.04240068001848579
36	100	79	40	0.04240068001848579
36	100	79	97	0.04240068001848579
36	100	79	37	0.03397148760718748
36	100	79	35	0.04240068001848579
36	100	79	55	0.04240068001848579
36	100	79	30	0.04240068001848579
36	100	79	19	0.034226621244514484
36	100	79	50	0.03143113335681091
36	100	79	87	0.014074142064431198
36	100	79	33	0.015328556012031253
36	100	79	49	0.015328556012031253
36	100	80	14	0.29036366323367235
36	100	80	6	0.08061201278212558
36	100	80	77	0.054439699219236526
36	100	80	20	0.054439699219236526
36	100	80	55	0.054439699219236526
36	100	80	92	0.054439699219236526
36	100	80	96	0.054439699219236526
36	100	80	17	0.054439699219236526
36	100	80	40	0.054439699219236526
36	100	80	30	0.054439699219236526
36	100	80	97	0.054439699219236526
36	100	80	99	0.054439699219236526
36	100	80	9	0.054439699219236526
36	100	80	42	0.054439699219236526
36	100	80	4	0.054439699219236526
36	100	80	69	0.020877656213897686
36	100	80	66	0.020877656213897686
36	100	80	60	0.020877656213897686
36	100	80	80	0.019083357048505917
36	100	80	34	0.014194377412328072
36	100	81	52	0.14846926610161595
36	100	81	59	0.07190160023060671
36	100	81	96	0.07190160023060671
36	100	81	20	0.056789741778693434
36	100	81	33	0.07190160023060671
36	100	81	92	0.07190160023060671
36	100	81	40	0.026572937889907302
36	100	81	53	0.026572937889907302
36	100	81	19	0.026572937889907302
36	100	81	49	0.026572937889907302
36	100	81	69	0.016790259698760444
36	100	81	14	0.016790259698760444
36	100	81	10	0.026572937889907302
36	100	81	28	0.026572937889907302
36	100	81	4	0.026572937889907302
36	100	81	50	0.026572937889907302
36	100	81	29	0.026572937889907302
36	100	81	35	0.024234972949820736
36	100	81	17	0.016790259698760444
36	100	81	65	0.003784403071306667
36	100	82	14	0.06312895705471164
36	100	82	69	0.06312895705471164
36	100	82	40	0.06312895705471164
36	100	82	29	0.06312895705471164
36	100	82	30	0.06312895705471164
36	100	82	4	0.06312895705471164
36	100	82	42	0.06312895705471164
36	100	82	74	0.05191068189734895
36	100	82	33	0.05191068189734895
36	100	82	92	0.05191068189734895
36	100	82	96	0.05191068189734895
36	100	82	0	0.05191068189734895
36	100	82	49	0.03609395624514879
36	100	82	65	0.028009227111099457
36	100	82	76	0.028009227111099457
36	100	82	59	0.03609395624514879
36	100	82	50	0.03609395624514879
36	100	82	37	0.03609395624514879
36	100	82	57	0.0016192227984749969
36	100	82	53	0.028009227111099457
36	100	82	80	0.028009227111099457
36	100	83	52	0.13673407384343483
36	100	83	88	0.13673407384343483
36	100	83	96	0.13673407384343483
36	100	83	77	0.13673407384343483
36	100	83	87	0.13673407384343483
36	100	83	69	0.08920539009235152
36	100	83	66	0.08920539009235152
36	100	83	60	0.08920539009235152
36	100	83	20	0.08920539009235152
36	100	83	65	0.08920539009235152
36	100	83	29	0.047833371608901235
36	100	83	31	0.04781308228556391
36	100	83	33	0.04781308228556391
36	100	83	8	0.01972586696776261
36	100	83	4	0.01972586696776261
36	100	83	53	0.01972586696776261
36	100	83	58	0.01972586696776261
36	100	83	42	0.01972586696776261
36	100	83	6	0.01972586696776261
36	100	83	71	0.013595415174938941
36	100	83	99	0.013595415174938941
36	100	83	98	0.013595415174938941
36	100	83	80	0.013595415174938941
36	100	84	52	0.07222846039438255
36	100	84	59	0.07222846039438255
36	100	84	60	0.07222846039438255
36	100	84	66	0.07222846039438255
36	100	84	87	0.060030326183561425
36	100	84	96	0.060030326183561425
36	100	84	77	0.060030326183561425
36	100	84	92	0.046192851182334474
36	100	84	80	0.046192851182334474
36	100	84	99	0.023295235870542025
36	100	84	17	0.046192851182334474
36	100	84	42	0.046192851182334474
36	100	84	20	0.046192851182334474
36	100	84	4	0.046192851182334474
36	100	84	53	0.044392870824077287
36	100	84	62	0.044392870824077287
36	100	84	65	0.023295235870542025
36	100	84	40	0.023295235870542025
36	100	84	82	0.0034206705151836447
36	100	84	33	0.00803403189259304
36	100	84	9	0.00803403189259304
36	100	84	19	0.00803403189259304
36	100	84	71	0.00803403189259304
36	100	85	4	0.07781948700809432
36	100	85	77	0.07781948700809432
36	100	85	96	0.07781948700809432
36	100	85	66	0.07781948700809432
36	100	85	60	0.07781948700809432
36	100	85	20	0.07781948700809432
36	100	85	42	0.07781948700809432
36	100	85	6	0.07781948700809432
36	100	85	14	0.07781948700809432
36	100	85	49	0.07781948700809432
36	100	85	65	0.02929844846248356
36	100	85	97	0.02929844846248356
36	100	85	53	0.02929844846248356
36	100	85	52	0.02911144017360068
36	100	85	59	0.02264516244584622
36	100	85	92	0.02264516244584622
36	100	85	30	0.019890080842537888
36	100	85	19	0.014054710597420994
36	100	85	69	0.019890080842537888
36	100	85	33	0.019890080842537888
36	100	85	37	0.019890080842537888
36	100	86	27	0.17308353837204668
36	100	86	87	0.0466473069933112
36	100	86	49	0.0466473069933112
36	100	86	42	0.0466473069933112
36	100	86	58	0.0466473069933112
36	100	86	47	0.0466473069933112
36	100	86	4	0.0466473069933112
36	100	86	20	0.0466473069933112
36	100	86	8	0.0443806994697919
36	100	86	77	0.0443806994697919
36	100	86	55	0.0443806994697919
36	100	86	97	0.006221232272577253
36	100	86	30	0.0443806994697919
36	100	86	52	0.0443806994697919
36	100	86	69	0.0443806994697919
36	100	86	39	0.013495658075286745
36	100	86	66	0.005797119866833606
36	100	86	88	0.005797119866833606
36	100	86	50	0.0027458633173635017
36	100	86	78	0.0027458633173635017
36	100	87	96	0.2029379231608795
36	100	87	52	0.2029379231608795
36	100	87	14	0.2029379231608795
36	100	87	6	0.08921956552181715
36	100	87	17	0.0550338502120713
36	100	87	77	0.04223284492947622
36	100	87	53	0.04223284492947622
36	100	87	80	0.04223284492947622
36	100	87	65	0.04223284492947622
36	100	87	20	0.04223284492947622
36	100	87	9	0.04223284492947622
36	100	87	30	0.04223284492947622
36	100	87	92	0.04223284492947622
36	100	87	59	0.02976897142569133
36	100	87	37	0.006557582631006889
36	100	87	25	0.04223284492947622
36	100	87	85	0.04223284492947622
36	100	87	94	0.04223284492947622
36	100	87	29	0.04223284492947622
36	100	87	1	0.014048908390039694
36	100	88	59	0.12455926157685811
36	100	88	14	0.12455926157685811
36	100	88	29	0.12455926157685811
36	100	88	33	0.12455926157685811
36	100	88	76	0.05834645388688827
36	100	88	58	0.036931712806475774
36	100	88	97	0.05834645388688827
36	100	88	77	0.05834645388688827
36	100	88	1	0.0388788865557297
36	100	88	31	0.036931712806475774
36	100	88	40	0.036931712806475774
36	100	88	52	0.036931712806475774
36	100	88	74	0.036931712806475774
36	100	88	66	0.036931712806475774
36	100	88	60	0.036931712806475774
36	100	88	35	0.036931712806475774
36	100	88	50	0.036931712806475774
36	100	88	20	0.036931712806475774
36	100	88	30	0.036931712806475774
36	100	88	16	0.010365658911894806
36	100	89	20	0.1133586735174538
36	100	89	49	0.1110917304475598
36	100	89	97	0.1110917304475598
36	100	89	71	0.1110917304475598
36	100	89	4	0.04719946283684804
36	100	89	42	0.04719946283684804
36	100	89	77	0.04719946283684804
36	100	89	52	0.04719946283684804
36	100	89	14	0.04719946283684804
36	100	89	17	0.04719946283684804
36	100	89	53	0.04719946283684804
36	100	89	68	0.04719946283684804
36	100	89	6	0.04719946283684804
36	100	89	69	0.04719946283684804
36	100	89	30	0.04719946283684804
36	100	89	35	0.04719946283684804
36	100	89	40	0.04719946283684804
36	100	89	19	0.017681823605941612
36	100	89	32	0.017681823605941612
36	100	89	79	0.004731009442222172
36	100	90	77	0.044056873453771246
36	100	90	96	0.044056873453771246
36	100	90	71	0.044056873453771246
36	100	90	66	0.044056873453771246
36	100	90	60	0.044056873453771246
36	100	90	47	0.04298098405176205
36	100	90	20	0.04298098405176205
36	100	90	69	0.04298098405176205
36	100	90	87	0.04298098405176205
36	100	90	14	0.04298098405176205
36	100	90	52	0.04298098405176205
36	100	90	80	0.04298098405176205
36	100	90	8	0.04298098405176205
36	100	90	49	0.04298098405176205
36	100	90	53	0.04298098405176205
36	100	90	55	0.04298098405176205
36	100	90	59	0.04298098405176205
36	100	90	33	0.014717409895161177
36	100	90	31	0.009315900655863634
36	100	90	37	0.0071317924864614905
36	100	91	69	0.14398325268540837
36	100	91	77	0.09068091003122271
36	100	91	96	0.09068091003122271
36	100	91	40	0.08143683937381033
36	100	91	97	0.04153368023026143
36	100	91	6	0.04153368023026143
36	100	91	87	0.04153368023026143
36	100	91	66	0.03028271809390604
36	100	91	68	0.03028271809390604
36	100	91	81	0.03028271809390604
36	100	91	59	0.03028271809390604
36	100	91	76	0.020269010024534375
36	100	91	28	0.018943137800916266
36	100	91	84	0.020269010024534375
36	100	91	44	0.020269010024534375
36	100	91	79	0.01766919614373736
36	100	91	20	0.018943137800916266
36	100	91	42	0.010446499767443235
36	100	91	88	0.01651817551161229
36	100	91	82	0.01651817551161229
36	100	92	20	0.10232119232371374
36	100	92	8	0.05623883076320064
36	100	92	53	0.04876527216905147
36	100	92	25	0.04876527216905147
36	100	92	17	0.04876527216905147
36	100	92	9	0.04876527216905147
36	100	92	60	0.04876527216905147
36	100	92	28	0.04876527216905147
36	100	92	16	0.04876527216905147
36	100	92	94	0.04876527216905147
36	100	92	87	0.04876527216905147
36	100	92	65	0.04876527216905147
36	100	92	66	0.04876527216905147
36	100	92	52	0.04876527216905147
36	100	92	33	0.04876527216905147
36	100	92	88	0.04876527216905147
36	100	92	30	0.04876527216905147
36	100	92	49	0.04876527216905147
36	100	92	92	0.04876527216905147
36	100	92	19	0.04876527216905147
36	100	93	20	0.09291869622012948
36	100	93	14	0.09291869622012948
36	100	93	60	0.09291869622012948
36	100	93	77	0.09291869622012948
36	100	93	66	0.09291869622012948
36	100	93	52	0.09291869622012948
36	100	93	96	0.09291869622012948
36	100	93	92	0.09291869622012948
36	100	93	65	0.09291869622012948
36	100	93	53	0.06504867348809804
36	100	93	40	0.018174388317314008
36	100	93	9	0.012731288027210007
36	100	93	4	0.012731288027210007
36	100	93	42	0.012731288027210007
36	100	93	17	0.012731288027210007
36	100	93	35	0.012731288027210007
36	100	93	55	0.005507946802214205
36	100	93	88	0.005507946802214205
36	100	93	6	0.01271719392511552
36	100	93	29	0.01271719392511552
36	100	93	10	0.01271719392511552
36	100	93	25	0.01271719392511552
36	100	94	14	0.7250144664590091
36	100	94	58	0.10023724021043894
36	100	94	87	0.10023724021043894
36	100	94	65	0.10023724021043894
36	100	94	6	0.10023724021043894
36	100	94	37	0.10023724021043894
36	100	94	11	0.10023724021043894
36	100	94	31	0.10023724021043894
36	100	94	62	0.10023724021043894
36	100	94	49	0.10023724021043894
36	100	94	98	0.08568710371657176
36	100	94	97	0.08568710371657176
36	100	94	21	0.037688445668292506
36	100	94	79	0.037688445668292506
36	100	94	35	0.0243885678795554
36	100	94	4	0.037688445668292506
36	100	94	42	0.037688445668292506
36	100	94	96	0.0243885678795554
36	100	94	23	0.022824264208850413
36	100	94	83	0.010041894079485648
36	100	95	14	0.09786521436940598
36	100	95	97	0.07129104397594413
36	100	95	52	0.07129104397594413
36	100	95	65	0.07129104397594413
36	100	95	66	0.07129104397594413
36	100	95	60	0.07129104397594413
36	100	95	47	0.03957685540361872
36	100	95	92	0.03957685540361872
36	100	95	87	0.03957685540361872
36	100	95	88	0.03957685540361872
36	100	95	20	0.030846188866099095
36	100	95	30	0.030846188866099095
36	100	95	69	0.030846188866099095
36	100	95	77	0.030846188866099095
36	100	95	94	0.030846188866099095
36	100	95	96	0.030846188866099095
36	100	95	53	0.030846188866099095
36	100	95	59	0.030846188866099095
36	100	95	50	0.030846188866099095
36	100	95	84	0.005542901620646956
36	100	96	14	0.20444713681883525
36	100	96	69	0.1090652107832398
36	100	96	77	0.08404470445448559
36	100	96	6	0.07738678695878035
36	100	96	4	0.06512698299968155
36	100	96	42	0.06512698299968155
36	100	96	31	0.062108748299193335
36	100	96	47	0.053378773814479946
36	100	96	45	0.03357981616784645
36	100	96	88	0.03357981616784645
36	100	96	44	0.03357981616784645
36	100	96	80	0.03357981616784645
36	100	96	40	0.03357981616784645
36	100	96	49	0.03357981616784645
36	100	96	33	0.03279843719594878
36	100	96	96	0.03357981616784645
36	100	96	58	0.03357981616784645
36	100	96	50	0.020010473767074665
36	100	96	59	0.014181467150650811
36	100	96	35	0.014181467150650811
36	100	97	77	0.09516135446182296
36	100	97	14	0.09516135446182296
36	100	97	52	0.09516135446182296
36	100	97	96	0.09516135446182296
36	100	97	65	0.09516135446182296
36	100	97	20	0.09516135446182296
36	100	97	66	0.09516135446182296
36	100	97	60	0.09516135446182296
36	100	97	49	0.09516135446182296
36	100	97	97	0.09516135446182296
36	100	97	6	0.09516135446182296
36	100	97	69	0.09516135446182296
36	100	97	81	0.04884961292417548
36	100	97	30	0.04884961292417548
36	100	97	4	0.04884961292417548
36	100	97	42	0.04884961292417548
36	100	97	59	0.04884961292417548
36	100	97	55	0.04884961292417548
36	100	97	29	0.04884961292417548
36	100	97	28	0.007887829894848559
36	100	98	14	0.09221968789739853
36	100	98	96	0.09221968789739853
36	100	98	20	0.046318212161467635
36	100	98	4	0.09221968789739853
36	100	98	42	0.09221968789739853
36	100	98	87	0.04084914043752914
36	100	98	77	0.026473760738974738
36	100	98	52	0.026473760738974738
36	100	98	33	0.026473760738974738
36	100	98	59	0.026473760738974738
36	100	98	30	0.01940566898134421
36	100	98	49	0.01940566898134421
36	100	98	69	0.01940566898134421
36	100	98	53	0.01940566898134421
36	100	98	6	0.01940566898134421
36	100	98	66	0.01940566898134421
36	100	98	60	0.01940566898134421
36	100	98	35	0.01940566898134421
36	100	98	97	0.01940566898134421
36	100	98	65	0.01248022449217462
36	100	99	14	0.06363002638778799
36	100	99	97	0.06363002638778799
36	100	99	77	0.06363002638778799
36	100	99	60	0.06363002638778799
36	100	99	52	0.06363002638778799
36	100	99	66	0.06363002638778799
36	100	99	20	0.06363002638778799
36	100	99	96	0.06363002638778799
36	100	99	59	0.06363002638778799
36	100	99	42	0.06363002638778799
36	100	99	4	0.06363002638778799
36	100	99	88	0.06363002638778799
36	100	99	28	0.06363002638778799
36	100	99	92	0.06363002638778799
36	100	99	69	0.06363002638778799
36	100	99	49	0.022684936418429887
36	100	99	58	0.022684936418429887
36	100	99	78	0.022684936418429887
36	100	99	6	0.022684936418429887
36	100	99	8	0.013179225398133373
36	100	100	14	0.16106199394231266
36	100	100	17	0.0522471536244097
36	100	100	66	0.03675993601311581
36	100	100	60	0.03675993601311581
36	100	100	65	0.03675993601311581
36	100	100	6	0.03675993601311581
36	100	100	52	0.03675993601311581
36	100	100	30	0.03675993601311581
36	100	100	27	0.03675993601311581
36	100	100	20	0.03675993601311581
36	100	100	77	0.033102319413159186
36	100	100	4	0.03206220938258219
36	100	100	47	0.033102319413159186
36	100	100	28	0.03206220938258219
36	100	100	53	0.033102319413159186
36	100	100	97	0.033102319413159186
36	100	100	96	0.033102319413159186
36	100	100	40	0.033102319413159186
36	100	100	8	0.0111085021040612
36	100	100	37	0.0111085021040612
36	100	100	59	0.03206220938258219
36	100	100	42	0.03206220938258219
36	true	1	14	0.14149576629220748
36	true	1	20	0.14149576629220748
36	true	1	6	0.14149576629220748
36	true	1	17	0.057900568762852885
36	true	1	42	0.057900568762852885
36	true	1	96	0.057900568762852885
36	true	1	4	0.057900568762852885
36	true	1	29	0.057900568762852885
36	true	1	53	0.057900568762852885
36	true	1	65	0.056977393106394686
36	true	1	25	0.056977393106394686
36	true	1	19	0.056977393106394686
36	true	1	77	0.056977393106394686
36	true	1	58	0.056977393106394686
36	true	1	31	0.056977393106394686
36	true	1	52	0.056977393106394686
36	true	1	35	0.02580594180514599
36	true	1	66	0.02580594180514599
36	true	1	60	0.02580594180514599
36	true	1	87	0.0023023683038594367
36	true	2	6	0.10353981188937798
36	true	2	20	0.10353981188937798
36	true	2	40	0.10353981188937798
36	true	2	8	0.10353981188937798
36	true	2	77	0.08896059694551643
36	true	2	96	0.08896059694551643
36	true	2	68	0.08896059694551643
36	true	2	17	0.08896059694551643
36	true	2	37	0.08896059694551643
36	true	2	53	0.08896059694551643
36	true	2	65	0.08896059694551643
36	true	2	62	0.08896059694551643
36	true	2	28	0.08896059694551643
36	true	2	25	0.08896059694551643
36	true	2	29	0.08896059694551643
36	true	2	14	0.08896059694551643
36	true	2	87	0.08896059694551643
36	true	2	30	0.03421179016715974
36	true	2	21	0.01708148088307059
36	true	2	88	0.018855201719553773
36	true	2	52	0.018855201719553773
36	true	3	96	0.12667216614009502
36	true	3	77	0.12667216614009502
36	true	3	14	0.06519677022850486
36	true	3	42	0.10403900204068345
36	true	3	4	0.10403900204068345
36	true	3	33	0.07278767780329728
36	true	3	8	0.04070209182271208
36	true	3	71	0.04070209182271208
36	true	3	81	0.04070209182271208
36	true	3	52	0.04070209182271208
36	true	3	69	0.04070209182271208
36	true	3	65	0.04070209182271208
36	true	3	83	0.034992194748397744
36	true	3	60	0.004503521915138912
36	true	3	67	0.04070209182271208
36	true	3	50	0.04070209182271208
36	true	3	59	0.04070209182271208
36	true	3	37	0.04070209182271208
36	true	3	62	0.04070209182271208
36	true	3	35	0.029561146631554156
36	true	3	31	0.029561146631554156
36	true	4	30	0.07386438258066871
36	true	4	96	0.20866183322883092
36	true	4	77	0.20866183322883092
36	true	4	6	0.023384919113323008
36	true	4	28	0.021140749593575175
36	true	4	71	0.021140749593575175
36	true	4	60	0.023384919113323008
36	true	4	52	0.023384919113323008
36	true	4	66	0.023384919113323008
36	true	4	4	0.021140749593575175
36	true	4	29	0.021140749593575175
36	true	4	97	0.021140749593575175
36	true	4	40	0.021140749593575175
36	true	4	14	0.021140749593575175
36	true	4	47	0.021140749593575175
36	true	4	42	0.021140749593575175
36	true	4	68	0.01611995797359717
36	true	4	88	0.01611995797359717
36	true	4	50	0.021140749593575175
36	true	4	35	0.021140749593575175
36	true	4	10	0.021140749593575175
36	true	4	59	0.021140749593575175
36	true	5	4	0.06353014207615865
36	true	5	66	0.09550670895547528
36	true	5	60	0.09550670895547528
36	true	5	65	0.06353014207615865
36	true	5	20	0.06353014207615865
36	true	5	42	0.06353014207615865
36	true	5	77	0.04888389423041345
36	true	5	17	0.04888389423041345
36	true	5	14	0.04888389423041345
36	true	5	52	0.04888389423041345
36	true	5	97	0.04888389423041345
36	true	5	92	0.04888389423041345
36	true	5	19	0.029429922859741265
36	true	5	40	0.04888389423041345
36	true	5	59	0.04888389423041345
36	true	5	35	0.04888389423041345
36	true	5	53	0.02270399979428847
36	true	5	25	0.02270399979428847
36	true	5	39	0.02270399979428847
36	true	5	55	0.01878926957958468
36	true	6	92	0.06102824617562547
36	true	6	35	0.06102824617562547
36	true	6	96	0.06102824617562547
36	true	6	88	0.06102824617562547
36	true	6	53	0.06102824617562547
36	true	6	6	0.06102824617562547
36	true	6	49	0.06102824617562547
36	true	6	14	0.06102824617562547
36	true	6	43	0.06102824617562547
36	true	6	83	0.06102824617562547
36	true	6	94	0.040127848569317025
36	true	6	87	0.0334840998765905
36	true	6	86	0.0334840998765905
36	true	6	19	0.0334840998765905
36	true	6	17	0.0334840998765905
36	true	6	25	0.0334840998765905
36	true	6	65	0.02806820941209386
36	true	6	69	0.02806820941209386
36	true	6	28	0.02806820941209386
36	true	6	52	0.02806820941209386
36	true	7	20	0.07552809257833801
36	true	7	96	0.07552809257833801
36	true	7	77	0.07552809257833801
36	true	7	49	0.04050468992079394
36	true	7	14	0.04050468992079394
36	true	7	53	0.026698325480564226
36	true	7	60	0.037185667516345416
36	true	7	66	0.037185667516345416
36	true	7	52	0.037185667516345416
36	true	7	17	0.026698325480564226
36	true	7	59	0.026698325480564226
36	true	7	30	0.026698325480564226
36	true	7	40	0.026514999375003404
36	true	7	88	0.026514999375003404
36	true	7	87	0.026514999375003404
36	true	7	42	0.01759674822336626
36	true	7	92	0.017514576737944553
36	true	7	4	0.017514576737944553
36	true	7	19	0.017514576737944553
36	true	7	80	0.010202021781589231
36	true	8	14	0.07054200401233297
36	true	8	65	0.07054200401233297
36	true	8	6	0.07054200401233297
36	true	8	4	0.07054200401233297
36	true	8	42	0.07054200401233297
36	true	8	77	0.07054200401233297
36	true	8	20	0.07054200401233297
36	true	8	74	0.07054200401233297
36	true	8	92	0.04057274556743214
36	true	8	59	0.035369302045984576
36	true	8	49	0.035369302045984576
36	true	8	31	0.035369302045984576
36	true	8	27	0.035369302045984576
36	true	8	58	0.035369302045984576
36	true	8	37	0.014581866053003538
36	true	8	96	0.035369302045984576
36	true	8	53	0.035369302045984576
36	true	8	8	0.035369302045984576
36	true	8	33	0.014581866053003538
36	true	8	69	0.027423239514726114
36	true	8	25	0.027423239514726114
36	true	8	19	0.027423239514726114
36	true	9	14	0.0820753416015814
36	true	9	77	0.0820753416015814
36	true	9	96	0.0820753416015814
36	true	9	65	0.0820753416015814
36	true	9	6	0.06262242962677672
36	true	9	20	0.046421134208740895
36	true	9	4	0.046421134208740895
36	true	9	40	0.046421134208740895
36	true	9	52	0.046421134208740895
36	true	9	17	0.02304135717996558
36	true	9	97	0.046421134208740895
36	true	9	29	0.046421134208740895
36	true	9	42	0.046421134208740895
36	true	9	71	0.046421134208740895
36	true	9	87	0.046421134208740895
36	true	9	47	0.02304135717996558
36	true	9	8	0.046421134208740895
36	true	9	94	0.046421134208740895
36	true	9	59	0.046421134208740895
36	true	9	28	0.046421134208740895
36	true	10	69	0.1269791646334578
36	true	10	28	0.1269791646334578
36	true	10	66	0.07734761814384167
36	true	10	96	0.1269791646334578
36	true	10	77	0.1269791646334578
36	true	10	30	0.07734761814384167
36	true	10	60	0.07734761814384167
36	true	10	14	0.07734761814384167
36	true	10	35	0.03234372254859472
36	true	10	40	0.03234372254859472
36	true	10	39	0.03234372254859472
36	true	10	92	0.03234372254859472
36	true	10	97	0.03234372254859472
36	true	10	87	0.03234372254859472
36	true	10	10	0.03234372254859472
36	true	10	4	0.03234372254859472
36	true	10	42	0.03234372254859472
36	true	10	52	0.03234372254859472
36	true	10	29	0.025615121158769367
36	true	10	33	0.025615121158769367
36	true	11	6	0.0983406759398403
36	true	11	77	0.08889435051112839
36	true	11	96	0.08889435051112839
36	true	11	14	0.06523833241617089
36	true	11	69	0.06523833241617089
36	true	11	20	0.06523833241617089
36	true	11	87	0.06523833241617089
36	true	11	65	0.06523833241617089
36	true	11	28	0.06523833241617089
36	true	11	33	0.06523833241617089
36	true	11	71	0.06523833241617089
36	true	11	52	0.06523833241617089
36	true	11	53	0.06523833241617089
36	true	11	42	0.06523833241617089
36	true	11	4	0.06523833241617089
36	true	11	10	0.06523833241617089
36	true	11	40	0.06523833241617089
36	true	11	94	0.06523833241617089
36	true	11	60	0.06523833241617089
36	true	11	66	0.06523833241617089
36	true	12	52	0.07457264473619214
36	true	12	20	0.07457264473619214
36	true	12	14	0.061209651779097776
36	true	12	77	0.061209651779097776
36	true	12	96	0.061209651779097776
36	true	12	59	0.05220419986924228
36	true	12	66	0.05220419986924228
36	true	12	60	0.05220419986924228
36	true	12	97	0.05220419986924228
36	true	12	49	0.05220419986924228
36	true	12	47	0.05220419986924228
36	true	12	28	0.05220419986924228
36	true	12	71	0.024524634332406595
36	true	12	92	0.024524634332406595
36	true	12	42	0.05220419986924228
36	true	12	4	0.05220419986924228
36	true	12	37	0.012805469268749533
36	true	12	35	0.012805469268749533
36	true	12	69	0.011826766340156334
36	true	12	88	0.011826766340156334
36	true	12	8	0.011826766340156334
36	true	13	77	0.16629973675500442
36	true	13	96	0.16629973675500442
36	true	13	20	0.07951704414760939
36	true	13	6	0.07951704414760939
36	true	13	69	0.06153339089914857
36	true	13	39	0.06153339089914857
36	true	13	97	0.06153339089914857
36	true	13	76	0.06153339089914857
36	true	13	14	0.027396207443064622
36	true	13	11	0.027396207443064622
36	true	13	28	0.027396207443064622
36	true	13	27	0.027396207443064622
36	true	13	29	0.027396207443064622
36	true	13	8	0.023943599648828386
36	true	13	93	0.023943599648828386
36	true	13	87	0.023943599648828386
36	true	13	31	0.027396207443064622
36	true	13	62	0.027396207443064622
36	true	13	71	0.027396207443064622
36	true	13	47	0.016827335676330536
36	true	14	88	0.07488914169791232
36	true	14	65	0.07488914169791232
36	true	14	14	0.07488914169791232
36	true	14	77	0.07488914169791232
36	true	14	78	0.07488914169791232
36	true	14	4	0.0504642648759535
36	true	14	30	0.07488914169791232
36	true	14	6	0.07488914169791232
36	true	14	96	0.07488914169791232
36	true	14	42	0.0504642648759535
36	true	14	59	0.0504642648759535
36	true	14	33	0.030319566691155715
36	true	14	97	0.030319566691155715
36	true	14	52	0.030319566691155715
36	true	14	62	0.030319566691155715
36	true	14	37	0.030319566691155715
36	true	14	40	0.0199240231337993
36	true	14	31	0.030319566691155715
36	true	14	20	0.030319566691155715
36	true	14	17	0.007671948337151982
36	true	15	52	0.04999737160468345
36	true	15	96	0.0487864832641898
36	true	15	77	0.0487864832641898
36	true	15	14	0.0487864832641898
36	true	15	8	0.0487864832641898
36	true	15	6	0.0487864832641898
36	true	15	53	0.04545999639248017
36	true	15	4	0.026764955610576135
36	true	15	60	0.030526876180012673
36	true	15	66	0.030526876180012673
36	true	15	28	0.018647164826540937
36	true	15	87	0.026764955610576135
36	true	15	40	0.026764955610576135
36	true	15	65	0.026704698467879887
36	true	15	20	0.0260169789257499
36	true	15	88	0.01992361670907996
36	true	15	76	0.01670591787451514
36	true	15	1	0.01670591787451514
36	true	15	42	0.01670591787451514
36	true	15	33	0.01347056042658301
36	true	16	20	0.08767084039327866
36	true	16	77	0.08767084039327866
36	true	16	96	0.08767084039327866
36	true	16	14	0.08767084039327866
36	true	16	52	0.08767084039327866
36	true	16	53	0.04134718209503802
36	true	16	17	0.023547827619131205
36	true	16	69	0.023547827619131205
36	true	16	55	0.023547827619131205
36	true	16	30	0.023547827619131205
36	true	16	28	0.023547827619131205
36	true	16	65	0.023547827619131205
36	true	16	42	0.023547827619131205
36	true	16	4	0.023547827619131205
36	true	16	92	0.023547827619131205
36	true	16	80	0.010217185160325888
36	true	16	49	0.008666798625345013
36	true	16	99	0.009007990158700116
36	true	16	87	0.009007990158700116
36	true	16	6	0.008666798625345013
36	true	16	25	0.008666798625345013
36	true	16	71	0.008666798625345013
36	true	17	20	0.14237452981861823
36	true	17	14	0.10171353003602357
36	true	17	33	0.03358975287246703
36	true	17	42	0.03358975287246703
36	true	17	65	0.03358975287246703
36	true	17	4	0.03358975287246703
36	true	17	60	0.03358975287246703
36	true	17	92	0.03358975287246703
36	true	17	55	0.01786689417953634
36	true	17	66	0.01786689417953634
36	true	17	59	0.03358975287246703
36	true	17	28	0.03358975287246703
36	true	17	77	0.03358975287246703
36	true	17	96	0.03358975287246703
36	true	17	49	0.03358975287246703
36	true	17	69	0.022130185958868093
36	true	17	53	0.022130185958868093
36	true	17	50	0.01786689417953634
36	true	17	71	0.0035739997540143588
36	true	17	35	0.017164458639122946
36	true	17	37	0.017164458639122946
36	true	18	14	0.0945046928759806
36	true	18	96	0.0945046928759806
36	true	18	77	0.0945046928759806
36	true	18	65	0.0945046928759806
36	true	18	87	0.0945046928759806
36	true	18	42	0.046272702549263786
36	true	18	40	0.046272702549263786
36	true	18	92	0.046272702549263786
36	true	18	59	0.046272702549263786
36	true	18	97	0.046272702549263786
36	true	18	6	0.046272702549263786
36	true	18	52	0.046272702549263786
36	true	18	20	0.024108035691557148
36	true	18	49	0.024108035691557148
36	true	18	9	0.02042667818557335
36	true	18	30	0.02042667818557335
36	true	18	94	0.024108035691557148
36	true	18	69	0.024108035691557148
36	true	18	50	0.024108035691557148
36	true	18	29	0.024108035691557148
36	true	18	33	0.024108035691557148
36	true	19	14	0.12820266682197837
36	true	19	4	0.0411913657631137
36	true	19	42	0.0411913657631137
36	true	19	28	0.0411913657631137
36	true	19	52	0.0411913657631137
36	true	19	96	0.0411913657631137
36	true	19	77	0.0411913657631137
36	true	19	20	0.0411913657631137
36	true	19	6	0.0411913657631137
36	true	19	71	0.0411913657631137
36	true	19	65	0.04011860247539194
36	true	19	97	0.028716915359203874
36	true	19	66	0.029404945314915016
36	true	19	8	0.029404945314915016
36	true	19	35	0.028716915359203874
36	true	19	53	0.029404945314915016
36	true	19	60	0.029404945314915016
36	true	19	29	0.01802081129149234
36	true	19	17	0.01802081129149234
36	true	19	49	0.014972173131796085
36	true	20	14	0.24154234781058437
36	true	20	66	0.24154234781058437
36	true	20	60	0.24154234781058437
36	true	20	8	0.07769065813777382
36	true	20	69	0.10017976835485186
36	true	20	42	0.10017976835485186
36	true	20	4	0.10017976835485186
36	true	20	80	0.05317401260566434
36	true	20	28	0.05317401260566434
36	true	20	27	0.05317401260566434
36	true	20	54	0.05317401260566434
36	true	20	96	0.05317401260566434
36	true	20	47	0.05317401260566434
36	true	20	32	0.05317401260566434
36	true	20	29	0.05317401260566434
36	true	20	68	0.05317401260566434
36	true	20	40	0.05317401260566434
36	true	20	77	0.05317401260566434
36	true	20	73	0.010414566722352808
36	true	20	6	0.023229664906313282
36	true	20	62	0.023229664906313282
36	true	21	87	0.1791645844780514
36	true	21	29	0.11157605034226707
36	true	21	68	0.11157605034226707
36	true	21	49	0.11157605034226707
36	true	21	94	0.10537115295256053
36	true	21	20	0.04917226239368334
36	true	21	65	0.04917226239368334
36	true	21	77	0.04917226239368334
36	true	21	12	0.04917226239368334
36	true	21	99	0.04917226239368334
36	true	21	40	0.04446525452448663
36	true	21	88	0.04446525452448663
36	true	21	14	0.04446525452448663
36	true	21	18	0.029297097561727926
36	true	21	11	0.029297097561727926
36	true	21	39	0.029297097561727926
36	true	21	22	0.004049070385807526
36	true	21	50	0.004049070385807526
36	true	21	7	0.004049070385807526
36	true	21	48	0.029297097561727926
36	true	21	51	0.029297097561727926
36	true	21	57	0.020745750557100488
36	true	21	90	0.005038457878433611
36	true	22	20	0.20867285773745306
36	true	22	52	0.14481671549125333
36	true	22	60	0.08722131339244414
36	true	22	96	0.07154390908160936
36	true	22	77	0.07154390908160936
36	true	22	28	0.08722131339244414
36	true	22	42	0.08722131339244414
36	true	22	4	0.08722131339244414
36	true	22	97	0.07154390908160936
36	true	22	47	0.06484765202468695
36	true	22	59	0.06484765202468695
36	true	22	71	0.06484765202468695
36	true	22	54	0.04591837142903268
36	true	22	99	0.04492371758917496
36	true	22	76	0.04492371758917496
36	true	22	85	0.04492371758917496
36	true	22	58	0.04492371758917496
36	true	22	6	0.04492371758917496
36	true	22	53	0.04492371758917496
36	true	22	31	0.04492371758917496
36	true	23	96	0.42061328930918723
36	true	23	94	0.15090161392340332
36	true	23	78	0.10876597039235035
36	true	23	39	0.10876597039235035
36	true	23	66	0.10876597039235035
36	true	23	60	0.10876597039235035
36	true	23	69	0.10876597039235035
36	true	23	73	0.10876597039235035
36	true	23	42	0.10876597039235035
36	true	23	20	0.10199127784814363
36	true	23	17	0.10199127784814363
36	true	23	19	0.06062327407491931
36	true	23	33	0.06062327407491931
36	true	23	8	0.02631815966305787
36	true	23	65	0.06062327407491931
36	true	23	14	0.06062327407491931
36	true	23	77	0.02631815966305787
36	true	23	4	0.02631815966305787
36	true	23	75	0.01809126461760117
36	true	23	54	0.011365927337694398
36	true	24	80	0.5261564204146131
36	true	24	40	0.43240785967115897
36	true	24	67	0.11483737646887904
36	true	24	6	0.11483737646887904
36	true	24	20	0.11483737646887904
36	true	24	59	0.11483737646887904
36	true	24	50	0.11483737646887904
36	true	24	33	0.11483737646887904
36	true	24	73	0.11483737646887904
36	true	24	41	0.11483737646887904
36	true	24	8	0.11483737646887904
36	true	24	75	0.11483737646887904
36	true	24	65	0.11483737646887904
36	true	24	14	0.11483737646887904
36	true	24	28	0.11483737646887904
36	true	24	99	0.07803415404925414
36	true	24	72	0.11483737646887904
36	true	24	16	0.11483737646887904
36	true	24	89	0.038696102320653174
36	true	24	57	0.038696102320653174
36	true	25	14	0.2687854980239943
36	true	25	69	0.16531951345107931
36	true	25	28	0.0676199318279247
36	true	25	47	0.0676199318279247
36	true	25	88	0.05295740222855769
36	true	25	1	0.05295740222855769
36	true	25	53	0.05295740222855769
36	true	25	35	0.05295740222855769
36	true	25	66	0.05295740222855769
36	true	25	62	0.05295740222855769
36	true	25	25	0.05295740222855769
36	true	25	37	0.05295740222855769
36	true	25	42	0.05295740222855769
36	true	25	49	0.05295740222855769
36	true	25	60	0.05295740222855769
36	true	25	65	0.05295740222855769
36	true	25	96	0.05295740222855769
36	true	25	77	0.05295740222855769
36	true	25	58	0.041651583464307806
36	true	25	97	0.041651583464307806
36	true	26	49	0.14019802354063057
36	true	26	69	0.14019802354063057
36	true	26	39	0.14019802354063057
36	true	26	28	0.14019802354063057
36	true	26	32	0.14019802354063057
36	true	26	54	0.14019802354063057
36	true	26	77	0.0632548444963547
36	true	26	48	0.0632548444963547
36	true	26	9	0.0632548444963547
36	true	26	13	0.05541867844356985
36	true	26	45	0.05541867844356985
36	true	26	44	0.05541867844356985
36	true	26	34	0.05541867844356985
36	true	26	6	0.05541867844356985
36	true	26	29	0.03455524416830264
36	true	26	50	0.03455524416830264
36	true	26	84	0.03036483733311567
36	true	26	33	0.03036483733311567
36	true	26	99	0.03036483733311567
36	true	26	96	0.027536634858097958
36	true	27	14	0.12148078459458737
36	true	27	20	0.07457844005747438
36	true	27	40	0.07457844005747438
36	true	27	66	0.07457844005747438
36	true	27	71	0.07457844005747438
36	true	27	42	0.07457844005747438
36	true	27	4	0.07457844005747438
36	true	27	59	0.07457844005747438
36	true	27	52	0.07457844005747438
36	true	27	60	0.07457844005747438
36	true	27	97	0.07457844005747438
36	true	27	28	0.07457844005747438
36	true	27	39	0.0373111690451361
36	true	27	65	0.02568252750743599
36	true	27	87	0.02568252750743599
36	true	27	8	0.02568252750743599
36	true	27	77	0.02568252750743599
36	true	27	29	0.019395915889803852
36	true	27	53	0.02288359138946362
36	true	27	55	0.02288359138946362
36	true	28	96	0.12976637355371137
36	true	28	92	0.12976637355371137
36	true	28	66	0.12976637355371137
36	true	28	60	0.12976637355371137
36	true	28	77	0.12976637355371137
36	true	28	40	0.12976637355371137
36	true	28	52	0.12976637355371137
36	true	28	14	0.09023700716332012
36	true	28	68	0.09023700716332012
36	true	28	30	0.09023700716332012
36	true	28	59	0.09023700716332012
36	true	28	20	0.09023700716332012
36	true	28	65	0.06113101264816857
36	true	28	69	0.06113101264816857
36	true	28	87	0.06113101264816857
36	true	28	88	0.06113101264816857
36	true	28	19	0.06113101264816857
36	true	28	8	0.06113101264816857
36	true	28	78	0.02876915527486406
36	true	28	6	0.033868468308371376
36	true	28	53	0.033868468308371376
36	true	29	66	0.0792173849335298
36	true	29	33	0.0792173849335298
36	true	29	69	0.0792173849335298
36	true	29	77	0.0792173849335298
36	true	29	59	0.0792173849335298
36	true	29	14	0.0792173849335298
36	true	29	20	0.0792173849335298
36	true	29	60	0.0792173849335298
36	true	29	97	0.0792173849335298
36	true	29	4	0.0792173849335298
36	true	29	42	0.0792173849335298
36	true	29	92	0.027952383890672353
36	true	29	28	0.027952383890672353
36	true	29	96	0.017713135031943078
36	true	29	37	0.008497156132211385
36	true	29	30	0.027952383890672353
36	true	29	17	0.027952383890672353
36	true	29	53	0.027952383890672353
36	true	29	6	0.027952383890672353
36	true	29	52	0.027952383890672353
36	true	30	96	0.17686155409560533
36	true	30	20	0.15520205296317965
36	true	30	77	0.10039994290959242
36	true	30	29	0.06507879641459292
36	true	30	6	0.06507879641459292
36	true	30	19	0.06507879641459292
36	true	30	42	0.05002611884701401
36	true	30	52	0.06507879641459292
36	true	30	14	0.06507879641459292
36	true	30	31	0.05002611884701401
36	true	30	4	0.05002611884701401
36	true	30	65	0.02465477171712756
36	true	30	87	0.02465477171712756
36	true	30	88	0.02465477171712756
36	true	30	10	0.01299372995703987
36	true	30	33	0.01299372995703987
36	true	30	79	0.007944278125099248
36	true	30	9	0.004664327851001643
36	true	30	35	0.005538000182620637
36	true	30	59	0.005538000182620637
36	true	30	28	0.005538000182620637
36	true	31	52	0.4126335832654271
36	true	31	85	0.17705620953594378
36	true	31	92	0.06705812502445718
36	true	31	31	0.07785034796087752
36	true	31	58	0.07785034796087752
36	true	31	93	0.046901626835239345
36	true	31	6	0.045199339841593064
36	true	31	87	0.041109281123281126
36	true	31	96	0.041109281123281126
36	true	31	80	0.041109281123281126
36	true	31	40	0.041109281123281126
36	true	31	66	0.041109281123281126
36	true	31	60	0.041109281123281126
36	true	31	77	0.041109281123281126
36	true	31	69	0.014830274760930065
36	true	31	90	0.041109281123281126
36	true	31	100	0.041109281123281126
36	true	31	99	0.041109281123281126
36	true	31	10	0.041109281123281126
36	true	31	91	0.041109281123281126
36	true	31	23	0.03881336415562767
36	true	32	65	0.0426657980980147
36	true	32	96	0.06765268595192599
36	true	32	77	0.06765268595192599
36	true	32	92	0.0426657980980147
36	true	32	66	0.0426657980980147
36	true	32	42	0.0426657980980147
36	true	32	4	0.0426657980980147
36	true	32	59	0.0426657980980147
36	true	32	49	0.0426657980980147
36	true	32	14	0.0426657980980147
36	true	32	62	0.0426657980980147
36	true	32	37	0.0426657980980147
36	true	32	97	0.0426657980980147
36	true	32	52	0.0426657980980147
36	true	32	60	0.0426657980980147
36	true	32	8	0.0426657980980147
36	true	32	40	0.0426657980980147
36	true	32	87	0.029340289343421096
36	true	32	29	0.0426657980980147
36	true	32	34	0.0426657980980147
36	true	32	6	0.029340289343421096
36	true	33	14	0.10971081096687274
36	true	33	42	0.10971081096687274
36	true	33	96	0.10971081096687274
36	true	33	77	0.10971081096687274
36	true	33	59	0.03594534912705985
36	true	33	65	0.03594534912705985
36	true	33	52	0.03594534912705985
36	true	33	20	0.03594534912705985
36	true	33	69	0.02271533621148946
36	true	33	53	0.02516319484180201
36	true	33	47	0.02516319484180201
36	true	33	4	0.02271533621148946
36	true	33	92	0.02271533621148946
36	true	33	39	0.02271533621148946
36	true	33	35	0.02271533621148946
36	true	33	29	0.02271533621148946
36	true	33	6	0.02271533621148946
36	true	33	33	0.011729373451654467
36	true	33	40	0.008443559642659438
36	true	33	55	0.02271533621148946
36	true	33	66	0.02271533621148946
36	true	33	60	0.02271533621148946
36	true	34	20	0.06521079837872823
36	true	34	29	0.06521079837872823
36	true	34	49	0.06521079837872823
36	true	34	17	0.06521079837872823
36	true	34	77	0.06521079837872823
36	true	34	69	0.06521079837872823
36	true	34	96	0.06521079837872823
36	true	34	14	0.06086909502894735
36	true	34	92	0.06521079837872823
36	true	34	97	0.06521079837872823
36	true	34	30	0.06521079837872823
36	true	34	94	0.06521079837872823
36	true	34	52	0.06086909502894735
36	true	34	60	0.04978334080764817
36	true	34	66	0.04978334080764817
36	true	34	39	0.04978334080764817
36	true	34	33	0.04978334080764817
36	true	34	58	0.04978334080764817
36	true	34	40	0.029486996060535658
36	true	34	65	0.029486996060535658
36	true	35	87	0.10464889097219218
36	true	35	40	0.10464889097219218
36	true	35	58	0.10464889097219218
36	true	35	29	0.10464889097219218
36	true	35	6	0.10464889097219218
36	true	35	69	0.10464889097219218
36	true	35	20	0.10464889097219218
36	true	35	31	0.10464889097219218
36	true	35	96	0.10464889097219218
36	true	35	42	0.04288050840054372
36	true	35	68	0.04288050840054372
36	true	35	59	0.030204873995270345
36	true	35	98	0.04288050840054372
36	true	35	39	0.04288050840054372
36	true	35	49	0.04288050840054372
36	true	35	33	0.030204873995270345
36	true	35	4	0.030204873995270345
36	true	35	2	0.024137781386725992
36	true	35	35	0.024137781386725992
36	true	35	34	0.01569280410139033
36	true	36	77	0.09316145467461474
36	true	36	20	0.05814396653413465
36	true	36	52	0.05814396653413465
36	true	36	96	0.05814396653413465
36	true	36	97	0.05814396653413465
36	true	36	47	0.05814396653413465
36	true	36	6	0.05814396653413465
36	true	36	14	0.05814396653413465
36	true	36	4	0.05814396653413465
36	true	36	42	0.05814396653413465
36	true	36	53	0.05814396653413465
36	true	36	92	0.05814396653413465
36	true	36	65	0.05814396653413465
36	true	36	81	0.019211941845931377
36	true	36	59	0.019211941845931377
36	true	36	29	0.019211941845931377
36	true	36	66	0.019211941845931377
36	true	36	88	0.019211941845931377
36	true	36	60	0.019211941845931377
36	true	36	17	0.019211941845931377
36	true	37	14	0.17625197866964493
36	true	37	4	0.17625197866964493
36	true	37	42	0.17625197866964493
36	true	37	88	0.06797071507314817
36	true	37	6	0.06797071507314817
36	true	37	17	0.06797071507314817
36	true	37	62	0.06797071507314817
36	true	37	37	0.06797071507314817
36	true	37	59	0.06797071507314817
36	true	37	65	0.06797071507314817
36	true	37	52	0.06797071507314817
36	true	37	87	0.06797071507314817
36	true	37	77	0.06797071507314817
36	true	37	97	0.06797071507314817
36	true	37	8	0.06797071507314817
36	true	37	20	0.05041327400473136
36	true	37	96	0.06797071507314817
36	true	37	80	0.06797071507314817
36	true	37	28	0.05041327400473136
36	true	37	10	0.05041327400473136
36	true	38	92	0.09949213666492812
36	true	38	53	0.09418966414899324
36	true	38	96	0.09418966414899324
36	true	38	77	0.09418966414899324
36	true	38	29	0.06436027205504924
36	true	38	73	0.06436027205504924
36	true	38	83	0.06436027205504924
36	true	38	69	0.06436027205504924
36	true	38	35	0.06436027205504924
36	true	38	14	0.06436027205504924
36	true	38	19	0.06436027205504924
36	true	38	17	0.038083197340546104
36	true	38	42	0.0531810621508723
36	true	38	40	0.0531810621508723
36	true	38	4	0.0531810621508723
36	true	38	65	0.0531810621508723
36	true	38	20	0.038083197340546104
36	true	38	59	0.01310064785485459
36	true	38	44	0.038083197340546104
36	true	38	45	0.038083197340546104
36	true	39	6	0.11072069265001451
36	true	39	60	0.11072069265001451
36	true	39	14	0.06131357621282426
36	true	39	66	0.050613757011123015
36	true	39	47	0.050613757011123015
36	true	39	35	0.04583816667061096
36	true	39	96	0.050613757011123015
36	true	39	52	0.050613757011123015
36	true	39	28	0.04583816667061096
36	true	39	20	0.04583816667061096
36	true	39	65	0.04583816667061096
36	true	39	40	0.04583816667061096
36	true	39	37	0.04583816667061096
36	true	39	92	0.04583816667061096
36	true	39	77	0.04583816667061096
36	true	39	29	0.04583816667061096
36	true	39	73	0.04583816667061096
36	true	39	27	0.04583816667061096
36	true	39	62	0.04583816667061096
36	true	39	49	0.04583816667061096
36	true	40	6	0.24078712038160485
36	true	40	96	0.24078712038160485
36	true	40	77	0.24078712038160485
36	true	40	20	0.04250712741964058
36	true	40	14	0.04250712741964058
36	true	40	55	0.04250712741964058
36	true	40	42	0.04250712741964058
36	true	40	4	0.04250712741964058
36	true	40	53	0.03695224066661055
36	true	40	34	0.027848559208700312
36	true	40	37	0.023963089252130164
36	true	40	62	0.023963089252130164
36	true	40	49	0.027848559208700312
36	true	40	65	0.027848559208700312
36	true	40	60	0.023963089252130164
36	true	40	66	0.023963089252130164
36	true	40	92	0.023963089252130164
36	true	40	59	0.023963089252130164
36	true	40	33	0.023963089252130164
36	true	40	19	0.023963089252130164
36	true	41	52	0.117938163910276
36	true	41	14	0.117938163910276
36	true	41	40	0.117938163910276
36	true	41	88	0.117938163910276
36	true	41	6	0.117938163910276
36	true	41	30	0.09197730346979201
36	true	41	66	0.06043153517345699
36	true	41	68	0.04613516119854128
36	true	41	4	0.04613516119854128
36	true	41	42	0.04613516119854128
36	true	41	29	0.024218421001295787
36	true	41	48	0.024218421001295787
36	true	41	49	0.024218421001295787
36	true	41	51	0.024218421001295787
36	true	41	60	0.024218421001295787
36	true	41	55	0.024218421001295787
36	true	41	77	0.024218421001295787
36	true	41	96	0.024218421001295787
36	true	41	87	0.024218421001295787
36	true	41	33	0.024218421001295787
36	true	42	14	0.08675279179599181
36	true	42	96	0.07672750800690814
36	true	42	77	0.07672750800690814
36	true	42	20	0.0379116532890014
36	true	42	17	0.0379116532890014
36	true	42	53	0.0379116532890014
36	true	42	4	0.0379116532890014
36	true	42	42	0.0379116532890014
36	true	42	80	0.0379116532890014
36	true	42	94	0.0379116532890014
36	true	42	30	0.0379116532890014
36	true	42	65	0.0379116532890014
36	true	42	8	0.0379116532890014
36	true	42	66	0.0379116532890014
36	true	42	87	0.0379116532890014
36	true	42	71	0.03275919552072979
36	true	42	52	0.03275919552072979
36	true	42	88	0.03275919552072979
36	true	42	28	0.009113761263464797
36	true	42	35	0.001780093686715143
36	true	43	52	0.1350063144576582
36	true	43	20	0.1350063144576582
36	true	43	60	0.1350063144576582
36	true	43	66	0.1350063144576582
36	true	43	96	0.1350063144576582
36	true	43	77	0.1350063144576582
36	true	43	81	0.06107847770375797
36	true	43	80	0.06107847770375797
36	true	43	79	0.041455457524840235
36	true	43	30	0.041455457524840235
36	true	43	35	0.041455457524840235
36	true	43	99	0.041455457524840235
36	true	43	84	0.041455457524840235
36	true	43	88	0.031512458052440996
36	true	43	27	0.031512458052440996
36	true	43	28	0.031512458052440996
36	true	43	55	0.019266111903574207
36	true	43	97	0.004769228773347056
36	true	43	94	0.019266111903574207
36	true	43	37	0.019266111903574207
36	true	43	69	0.014039291460611435
36	true	44	71	0.3320841412391689
36	true	44	20	0.09147663765180342
36	true	44	97	0.06650998399295537
36	true	44	55	0.06650998399295537
36	true	44	53	0.06650998399295537
36	true	44	60	0.039778157584215934
36	true	44	66	0.039778157584215934
36	true	44	34	0.039778157584215934
36	true	44	17	0.039778157584215934
36	true	44	35	0.039778157584215934
36	true	44	65	0.039778157584215934
36	true	44	77	0.039778157584215934
36	true	44	92	0.039778157584215934
36	true	44	69	0.039778157584215934
36	true	44	51	0.039778157584215934
36	true	44	83	0.039778157584215934
36	true	44	42	0.039778157584215934
36	true	44	4	0.039778157584215934
36	true	44	96	0.0181011273459748
36	true	44	52	0.017466098810693415
36	true	45	14	0.123137393194959
36	true	45	77	0.11753016474817804
36	true	45	96	0.11753016474817804
36	true	45	30	0.054287733564957294
36	true	45	4	0.052802847736050346
36	true	45	52	0.052802847736050346
36	true	45	65	0.052802847736050346
36	true	45	92	0.052802847736050346
36	true	45	42	0.052802847736050346
36	true	45	80	0.018082609558043982
36	true	45	29	0.037804726146246206
36	true	45	28	0.037804726146246206
36	true	45	20	0.037804726146246206
36	true	45	99	0.015396657894422041
36	true	45	87	0.015396657894422041
36	true	45	60	0.013295410349407113
36	true	45	59	0.013295410349407113
36	true	45	35	0.013295410349407113
36	true	45	66	0.013295410349407113
36	true	45	33	0.013295410349407113
36	true	46	6	0.19558203832608642
36	true	46	49	0.19558203832608642
36	true	46	14	0.19558203832608642
36	true	46	40	0.19558203832608642
36	true	46	65	0.19558203832608642
36	true	46	77	0.1929616867539581
36	true	46	96	0.1929616867539581
36	true	46	80	0.06724816930067438
36	true	46	59	0.06724816930067438
36	true	46	60	0.06724816930067438
36	true	46	66	0.06724816930067438
36	true	46	52	0.06724816930067438
36	true	46	71	0.06724816930067438
36	true	46	53	0.06724816930067438
36	true	46	30	0.052557512768691084
36	true	46	0	0.0499225394689439
36	true	46	69	0.007162118207325648
36	true	46	92	0.0499225394689439
36	true	46	13	0.0499225394689439
36	true	46	27	0.007162118207325648
36	true	47	52	0.05565315766765318
36	true	47	6	0.05086032478520851
36	true	47	66	0.05086032478520851
36	true	47	96	0.05086032478520851
36	true	47	53	0.04761426678420945
36	true	47	77	0.05086032478520851
36	true	47	60	0.05086032478520851
36	true	47	30	0.04761426678420945
36	true	47	92	0.04761426678420945
36	true	47	14	0.04761426678420945
36	true	47	20	0.044506499918047525
36	true	47	17	0.03971235567182368
36	true	47	65	0.029773541239978583
36	true	47	42	0.028264572690929603
36	true	47	47	0.028264572690929603
36	true	47	4	0.028264572690929603
36	true	47	87	0.028264572690929603
36	true	47	80	0.025554346169512087
36	true	47	28	0.024067817068108288
36	true	47	8	0.02189083688147456
36	true	48	28	0.0908149433823927
36	true	48	29	0.0908149433823927
36	true	48	52	0.0908149433823927
36	true	48	77	0.08156735761797626
36	true	48	96	0.08156735761797626
36	true	48	35	0.0173692487695499
36	true	48	20	0.08156735761797626
36	true	48	53	0.08156735761797626
36	true	48	17	0.05689727757296066
36	true	48	80	0.05689727757296066
36	true	48	99	0.05689727757296066
36	true	48	87	0.05689727757296066
36	true	48	85	0.05689727757296066
36	true	48	91	0.05689727757296066
36	true	48	94	0.05689727757296066
36	true	48	25	0.04763853587138372
36	true	48	6	0.016911380069174926
36	true	48	58	0.007781472948239979
36	true	48	55	0.01479788703638287
36	true	48	73	0.01479788703638287
36	true	49	52	0.10242398763620598
36	true	49	92	0.10242398763620598
36	true	49	20	0.08952073429215288
36	true	49	96	0.08952073429215288
36	true	49	77	0.08952073429215288
36	true	49	97	0.08952073429215288
36	true	49	14	0.08952073429215288
36	true	49	47	0.08952073429215288
36	true	49	80	0.03237116826309756
36	true	49	42	0.03237116826309756
36	true	49	4	0.03237116826309756
36	true	49	65	0.03237116826309756
36	true	49	37	0.03237116826309756
36	true	49	62	0.03237116826309756
36	true	49	99	0.020395209146202152
36	true	49	73	0.03237116826309756
36	true	49	29	0.03237116826309756
36	true	49	8	0.01344685584945875
36	true	49	69	0.01344685584945875
36	true	49	19	0.01344685584945875
36	true	50	39	0.18449989467114575
36	true	50	14	0.16125741207361038
36	true	50	9	0.11210657968567576
36	true	50	96	0.11210657968567576
36	true	50	94	0.06735787177763612
36	true	50	38	0.05257855348164552
36	true	50	33	0.05257855348164552
36	true	50	30	0.04881979863052817
36	true	50	53	0.04881979863052817
36	true	50	35	0.04881979863052817
36	true	50	20	0.04881979863052817
36	true	50	65	0.04881979863052817
36	true	50	0	0.04881979863052817
36	true	50	52	0.04881979863052817
36	true	50	37	0.04881979863052817
36	true	50	77	0.04881979863052817
36	true	50	50	0.04881979863052817
36	true	50	67	0.04881979863052817
36	true	50	69	0.04881979863052817
36	true	50	4	0.046032328963222395
36	true	51	52	0.1904909020926545
36	true	51	14	0.1904909020926545
36	true	51	77	0.07553608569842636
36	true	51	96	0.07553608569842636
36	true	51	4	0.04583770526559359
36	true	51	60	0.04583770526559359
36	true	51	66	0.04583770526559359
36	true	51	20	0.04583770526559359
36	true	51	42	0.04583770526559359
36	true	51	6	0.04583770526559359
36	true	51	65	0.04583770526559359
36	true	51	30	0.04583770526559359
36	true	51	92	0.04583770526559359
36	true	51	53	0.042510009944979686
36	true	51	28	0.042510009944979686
36	true	51	71	0.01356767242922076
36	true	51	35	0.01356767242922076
36	true	51	59	0.01356767242922076
36	true	51	49	0.01356767242922076
36	true	51	40	0.01356767242922076
36	true	52	14	0.0609378517434105
36	true	52	4	0.0609378517434105
36	true	52	42	0.0609378517434105
36	true	52	60	0.0609378517434105
36	true	52	66	0.0609378517434105
36	true	52	92	0.05507836826845218
36	true	52	96	0.05507836826845218
36	true	52	77	0.05507836826845218
36	true	52	20	0.05507836826845218
36	true	52	6	0.05507836826845218
36	true	52	49	0.05507836826845218
36	true	52	33	0.012890473321331681
36	true	52	65	0.05507836826845218
36	true	52	52	0.05507836826845218
36	true	52	40	0.05507836826845218
36	true	52	30	0.011961566800115172
36	true	52	59	0.005669281117730961
36	true	52	69	0.011961566800115172
36	true	52	53	0.011961566800115172
36	true	52	47	0.004370768654761073
36	true	52	28	0.005669281117730961
36	true	53	77	0.056604393462151105
36	true	53	96	0.056604393462151105
36	true	53	14	0.056604393462151105
36	true	53	4	0.056604393462151105
36	true	53	42	0.056604393462151105
36	true	53	30	0.056604393462151105
36	true	53	52	0.056604393462151105
36	true	53	69	0.056604393462151105
36	true	53	20	0.056604393462151105
36	true	53	65	0.04406744485925297
36	true	53	49	0.04406744485925297
36	true	53	29	0.04406744485925297
36	true	53	39	0.04406744485925297
36	true	53	6	0.04406744485925297
36	true	53	33	0.04406744485925297
36	true	53	97	0.04406744485925297
36	true	53	53	0.04406744485925297
36	true	53	71	0.01921402255708219
36	true	53	28	0.005093516377100391
36	true	53	17	0.0009315752734485908
36	true	54	77	0.09708510935509145
36	true	54	96	0.09708510935509145
36	true	54	28	0.06853920869807421
36	true	54	76	0.06853920869807421
36	true	54	88	0.04663261897505038
36	true	54	20	0.04492024743149548
36	true	54	87	0.04492024743149548
36	true	54	17	0.04492024743149548
36	true	54	55	0.04492024743149548
36	true	54	52	0.03006615922099963
36	true	54	42	0.04492024743149548
36	true	54	35	0.04492024743149548
36	true	54	37	0.03006615922099963
36	true	54	0	0.03006615922099963
36	true	54	9	0.03006615922099963
36	true	54	40	0.03006615922099963
36	true	54	62	0.03006615922099963
36	true	54	4	0.03006615922099963
36	true	54	18	0.03006615922099963
36	true	54	84	0.012369413132307208
36	true	54	10	0.03006615922099963
36	true	55	30	0.12265829944277458
36	true	55	14	0.23186624041585366
36	true	55	65	0.23186624041585366
36	true	55	74	0.08757034700207146
36	true	55	77	0.08757034700207146
36	true	55	4	0.08757034700207146
36	true	55	59	0.08757034700207146
36	true	55	37	0.08757034700207146
36	true	55	62	0.08757034700207146
36	true	55	87	0.08757034700207146
36	true	55	20	0.08757034700207146
36	true	55	47	0.08757034700207146
36	true	55	28	0.08757034700207146
36	true	55	49	0.08757034700207146
36	true	55	66	0.06264886658498621
36	true	55	68	0.03721797721719995
36	true	55	52	0.03544139659618233
36	true	55	60	0.03544139659618233
36	true	55	58	0.03132443555995835
36	true	55	96	0.009294445301367974
36	true	56	69	0.07215293081006349
36	true	56	96	0.023783453725667987
36	true	56	49	0.03320821566710781
36	true	56	39	0.03320821566710781
36	true	56	20	0.021466284335972075
36	true	56	4	0.021466284335972075
36	true	56	77	0.023783453725667987
36	true	56	60	0.023783453725667987
36	true	56	66	0.023783453725667987
36	true	56	88	0.023783453725667987
36	true	56	97	0.02108135220129445
36	true	56	31	0.020505649201534897
36	true	56	6	0.020505649201534897
36	true	56	40	0.020505649201534897
36	true	56	87	0.020505649201534897
36	true	56	14	0.020505649201534897
36	true	56	58	0.020505649201534897
36	true	56	92	0.01835649526478603
36	true	56	42	0.020505649201534897
36	true	56	28	0.020505649201534897
36	true	57	97	0.12471416428826446
36	true	57	14	0.12021989413783672
36	true	57	65	0.061082686013887416
36	true	57	33	0.061082686013887416
36	true	57	49	0.061082686013887416
36	true	57	4	0.061082686013887416
36	true	57	20	0.061082686013887416
36	true	57	27	0.061082686013887416
36	true	57	96	0.061082686013887416
36	true	57	77	0.061082686013887416
36	true	57	42	0.04175086945766038
36	true	57	66	0.04175086945766038
36	true	57	55	0.04175086945766038
36	true	57	76	0.039015555683516466
36	true	57	29	0.013908928261035002
36	true	57	52	0.02519138945955002
36	true	57	6	0.02519138945955002
36	true	57	60	0.02519138945955002
36	true	57	40	0.022677273516848784
36	true	57	71	0.022677273516848784
36	true	58	52	0.7045705136714471
36	true	58	49	0.11749485418319085
36	true	58	42	0.056323910580802904
36	true	58	87	0.056323910580802904
36	true	58	53	0.03746110334690144
36	true	58	29	0.0552158634280023
36	true	58	81	0.03746110334690144
36	true	58	13	0.03746110334690144
36	true	58	54	0.0552158634280023
36	true	58	4	0.0552158634280023
36	true	58	32	0.0552158634280023
36	true	58	65	0.03746110334690144
36	true	58	96	0.03746110334690144
36	true	58	77	0.03746110334690144
36	true	58	92	0.03746110334690144
36	true	58	10	0.02655421689563294
36	true	58	43	0.023545186896527088
36	true	58	35	0.023545186896527088
36	true	58	28	0.013659749851108271
36	true	58	71	0.013659749851108271
36	true	59	14	0.09556764331536971
36	true	59	77	0.11651020179762997
36	true	59	96	0.11651020179762997
36	true	59	88	0.09556764331536971
36	true	59	30	0.032412087982025
36	true	59	92	0.04021007744227281
36	true	59	65	0.04021007744227281
36	true	59	52	0.04021007744227281
36	true	59	69	0.032412087982025
36	true	59	20	0.030079101241947227
36	true	59	31	0.030079101241947227
36	true	59	87	0.030079101241947227
36	true	59	40	0.030079101241947227
36	true	59	94	0.030079101241947227
36	true	59	29	0.030079101241947227
36	true	59	28	0.030079101241947227
36	true	59	35	0.030079101241947227
36	true	59	58	0.030079101241947227
36	true	59	42	0.030079101241947227
36	true	59	4	0.030079101241947227
36	true	60	71	0.2616447769894223
36	true	60	20	0.2616447769894223
36	true	60	96	0.2616447769894223
36	true	60	77	0.2616447769894223
36	true	60	19	0.044735705629022585
36	true	60	53	0.044735705629022585
36	true	60	29	0.044735705629022585
36	true	60	42	0.044735705629022585
36	true	60	4	0.044735705629022585
36	true	60	49	0.03613805572705103
36	true	60	88	0.03613805572705103
36	true	60	6	0.03613805572705103
36	true	60	25	0.03613805572705103
36	true	60	92	0.03613805572705103
36	true	60	97	0.03613805572705103
36	true	60	17	0.03613805572705103
36	true	60	69	0.03041785692979122
36	true	60	52	0.003521837560866539
36	true	60	94	0.03613805572705103
36	true	60	93	0.03613805572705103
36	true	61	6	0.08297157260423532
36	true	61	77	0.08297157260423532
36	true	61	4	0.08297157260423532
36	true	61	42	0.08297157260423532
36	true	61	52	0.07704620840975165
36	true	61	96	0.07704620840975165
36	true	61	88	0.061490237802801856
36	true	61	92	0.061490237802801856
36	true	61	14	0.061490237802801856
36	true	61	59	0.0465243282293832
36	true	61	20	0.0465243282293832
36	true	61	28	0.0465243282293832
36	true	61	94	0.032787350884096914
36	true	61	99	0.011998496648848212
36	true	61	40	0.011998496648848212
36	true	61	49	0.011998496648848212
36	true	61	39	0.011998496648848212
36	true	61	8	0.011998496648848212
36	true	61	73	0.002637396625960305
36	true	61	35	0.008031840043951367
36	true	61	29	0.008031840043951367
36	true	62	42	0.09139978798657244
36	true	62	4	0.09139978798657244
36	true	62	77	0.09139978798657244
36	true	62	14	0.09139978798657244
36	true	62	52	0.09139978798657244
36	true	62	96	0.09139978798657244
36	true	62	20	0.09139978798657244
36	true	62	65	0.09139978798657244
36	true	62	60	0.09139978798657244
36	true	62	66	0.09139978798657244
36	true	62	59	0.08518941559710608
36	true	62	8	0.03751640349405359
36	true	62	87	0.0317401494181988
36	true	62	92	0.013234923052513083
36	true	62	49	0.013234923052513083
36	true	62	6	0.013234923052513083
36	true	62	37	0.013234923052513083
36	true	62	71	0.013234923052513083
36	true	62	30	0.013234923052513083
36	true	62	40	0.013234923052513083
36	true	63	77	0.05579366683804274
36	true	63	14	0.05579366683804274
36	true	63	52	0.05579366683804274
36	true	63	65	0.038819633329645956
36	true	63	6	0.038819633329645956
36	true	63	96	0.038819633329645956
36	true	63	20	0.038819633329645956
36	true	63	87	0.02330001327996022
36	true	63	30	0.02130810960131881
36	true	63	17	0.02130810960131881
36	true	63	4	0.038819633329645956
36	true	63	60	0.038819633329645956
36	true	63	49	0.0038392938677415775
36	true	63	53	0.0038392938677415775
36	true	63	35	0.038819633329645956
36	true	63	59	0.038819633329645956
36	true	63	50	0.038819633329645956
36	true	63	33	0.038819633329645956
36	true	63	66	0.038819633329645956
36	true	63	42	0.038819633329645956
36	true	63	40	0.02330001327996022
36	true	63	28	0.016046401110339305
36	true	64	20	0.057935877577677035
36	true	64	14	0.057935877577677035
36	true	64	77	0.057935877577677035
36	true	64	4	0.057935877577677035
36	true	64	42	0.057935877577677035
36	true	64	52	0.057935877577677035
36	true	64	6	0.057935877577677035
36	true	64	96	0.057935877577677035
36	true	64	33	0.052019715349618016
36	true	64	60	0.01719898174923685
36	true	64	8	0.01719898174923685
36	true	64	87	0.01719898174923685
36	true	64	29	0.01719898174923685
36	true	64	59	0.01719898174923685
36	true	64	66	0.01719898174923685
36	true	64	30	0.011848916421607129
36	true	64	65	0.013168770100752625
36	true	64	53	0.011848916421607129
36	true	64	92	0.013168770100752625
36	true	64	35	0.013168770100752625
36	true	64	28	0.013168770100752625
36	true	64	88	0.013168770100752625
36	true	65	14	0.27822153760896023
36	true	65	92	0.27822153760896023
36	true	65	96	0.27822153760896023
36	true	65	77	0.27822153760896023
36	true	65	52	0.27822153760896023
36	true	65	50	0.048472303173306086
36	true	65	33	0.048472303173306086
36	true	65	53	0.048472303173306086
36	true	65	40	0.048472303173306086
36	true	65	88	0.048472303173306086
36	true	65	42	0.048472303173306086
36	true	65	4	0.048472303173306086
36	true	65	67	0.048472303173306086
36	true	65	59	0.048472303173306086
36	true	65	80	0.048472303173306086
36	true	65	87	0.048472303173306086
36	true	65	58	0.048472303173306086
36	true	65	97	0.005605420316674297
36	true	65	91	0.04031389886942005
36	true	65	29	0.04031389886942005
36	true	65	28	0.019234173851993983
36	true	66	77	0.2611893871192567
36	true	66	96	0.2611893871192567
36	true	66	69	0.0696365544526959
36	true	66	66	0.0696365544526959
36	true	66	30	0.0696365544526959
36	true	66	28	0.0696365544526959
36	true	66	60	0.0696365544526959
36	true	66	10	0.052722292789481866
36	true	66	87	0.052722292789481866
36	true	66	65	0.052722292789481866
36	true	66	35	0.052722292789481866
36	true	66	55	0.052722292789481866
36	true	66	92	0.052722292789481866
36	true	66	34	0.052722292789481866
36	true	66	6	0.052722292789481866
36	true	66	52	0.052722292789481866
36	true	66	43	0.052722292789481866
36	true	66	14	0.052722292789481866
36	true	66	86	0.006122614148699821
36	true	66	4	0.01781054868198487
36	true	66	42	0.01781054868198487
36	true	67	14	0.08752416967548286
36	true	67	77	0.05894735369713058
36	true	67	42	0.05894735369713058
36	true	67	4	0.05894735369713058
36	true	67	52	0.05894735369713058
36	true	67	49	0.05894735369713058
36	true	67	97	0.05894735369713058
36	true	67	88	0.05894735369713058
36	true	67	65	0.05894735369713058
36	true	67	96	0.05894735369713058
36	true	67	6	0.05456082421858093
36	true	67	92	0.05894735369713058
36	true	67	39	0.05894735369713058
36	true	67	20	0.05894735369713058
36	true	67	60	0.019593242545456115
36	true	67	33	0.006241489860200025
36	true	67	35	0.006241489860200025
36	true	67	66	0.019593242545456115
36	true	67	69	0.019593242545456115
36	true	67	53	0.019593242545456115
36	true	67	87	0.019593242545456115
36	true	67	40	0.01776112697272572
36	true	68	14	0.1332927352025774
36	true	68	42	0.19041500622806545
36	true	68	4	0.19041500622806545
36	true	68	65	0.1332927352025774
36	true	68	96	0.1332927352025774
36	true	68	77	0.1332927352025774
36	true	68	59	0.1332927352025774
36	true	68	97	0.09863401095562667
36	true	68	66	0.0740043645039721
36	true	68	33	0.05188404630880015
36	true	68	28	0.05188404630880015
36	true	68	92	0.0740043645039721
36	true	68	60	0.0740043645039721
36	true	68	94	0.005322519917288666
36	true	68	50	0.03931602658009441
36	true	68	35	0.03931602658009441
36	true	68	32	0.03931602658009441
36	true	68	62	0.03931602658009441
36	true	68	37	0.03931602658009441
36	true	68	10	0.03931602658009441
36	true	68	30	0.03931602658009441
36	true	69	20	0.20522869849885628
36	true	69	14	0.20522869849885628
36	true	69	96	0.05682306942010337
36	true	69	42	0.20522869849885628
36	true	69	4	0.20522869849885628
36	true	69	59	0.02435987908621278
36	true	69	49	0.02435987908621278
36	true	69	52	0.02435987908621278
36	true	69	27	0.02435987908621278
36	true	69	65	0.02435987908621278
36	true	69	28	0.02435987908621278
36	true	69	33	0.02435987908621278
36	true	69	29	0.02435987908621278
36	true	69	77	0.02435987908621278
36	true	69	53	0.02435987908621278
36	true	69	60	0.02435987908621278
36	true	69	50	0.02435987908621278
36	true	69	66	0.012189261564042774
36	true	69	58	0.02435987908621278
36	true	69	35	0.02435987908621278
36	true	70	97	0.05471958869888984
36	true	70	14	0.06299730646392022
36	true	70	52	0.06299730646392022
36	true	70	65	0.05471958869888984
36	true	70	96	0.05471958869888984
36	true	70	77	0.05471958869888984
36	true	70	20	0.03978367573490472
36	true	70	66	0.038589443668689466
36	true	70	92	0.038589443668689466
36	true	70	60	0.038589443668689466
36	true	70	87	0.03416242573586861
36	true	70	42	0.038589443668689466
36	true	70	4	0.038589443668689466
36	true	70	59	0.0219498431512066
36	true	70	49	0.0219498431512066
36	true	70	53	0.0219498431512066
36	true	70	6	0.0219498431512066
36	true	70	40	0.0219498431512066
36	true	70	28	0.0219498431512066
36	true	70	47	0.01598782023822458
36	true	71	87	0.04841461223424848
36	true	71	52	0.04841461223424848
36	true	71	77	0.04841461223424848
36	true	71	96	0.04841461223424848
36	true	71	6	0.04841461223424848
36	true	71	30	0.04841461223424848
36	true	71	20	0.043498437591335495
36	true	71	42	0.043498437591335495
36	true	71	4	0.043498437591335495
36	true	71	29	0.043498437591335495
36	true	71	14	0.043498437591335495
36	true	71	60	0.017617906128527542
36	true	71	53	0.017617906128527542
36	true	71	94	0.02359434634476716
36	true	71	80	0.02359434634476716
36	true	71	69	0.02359434634476716
36	true	71	49	0.02359434634476716
36	true	71	28	0.017617906128527542
36	true	71	66	0.017617906128527542
36	true	71	40	0.017617906128527542
36	true	72	96	0.22312553034302463
36	true	72	14	0.22312553034302463
36	true	72	65	0.22312553034302463
36	true	72	52	0.08684544368202993
36	true	72	77	0.05374524281939876
36	true	72	6	0.04645855245334517
36	true	72	98	0.04645855245334517
36	true	72	30	0.04645855245334517
36	true	72	42	0.04645855245334517
36	true	72	4	0.04645855245334517
36	true	72	20	0.021608988366050085
36	true	72	97	0.019007928632673088
36	true	72	37	0.019007928632673088
36	true	72	53	0.019007928632673088
36	true	72	49	0.019007928632673088
36	true	72	92	0.019007928632673088
36	true	72	88	0.019007928632673088
36	true	72	66	0.019007928632673088
36	true	72	60	0.019007928632673088
36	true	72	87	0.019007928632673088
36	true	73	14	0.12221634262604326
36	true	73	77	0.08157774275123846
36	true	73	96	0.08157774275123846
36	true	73	99	0.04345517118514503
36	true	73	59	0.04345517118514503
36	true	73	29	0.04345517118514503
36	true	73	92	0.04345517118514503
36	true	73	80	0.04345517118514503
36	true	73	65	0.04345517118514503
36	true	73	49	0.04345517118514503
36	true	73	28	0.029023450660471403
36	true	73	79	0.029023450660471403
36	true	73	74	0.018309499440603123
36	true	73	30	0.018309499440603123
36	true	73	84	0.0111603388736425
36	true	73	52	0.018309499440603123
36	true	73	35	0.018309499440603123
36	true	73	82	0.0111603388736425
36	true	73	40	0.012641098177757652
36	true	73	45	0.012641098177757652
36	true	73	31	0.012641098177757652
36	true	74	52	0.10719467807520276
36	true	74	6	0.07899127267351704
36	true	74	4	0.07899127267351704
36	true	74	42	0.07899127267351704
36	true	74	20	0.07899127267351704
36	true	74	49	0.07899127267351704
36	true	74	96	0.07764285080808725
36	true	74	77	0.03607539683050141
36	true	74	45	0.03607539683050141
36	true	74	44	0.03607539683050141
36	true	74	60	0.03607539683050141
36	true	74	97	0.03607539683050141
36	true	74	92	0.03607539683050141
36	true	74	94	0.03607539683050141
36	true	74	66	0.03607539683050141
36	true	74	69	0.03607539683050141
36	true	74	39	0.03607539683050141
36	true	74	88	0.03607539683050141
36	true	74	40	0.009159944288252167
36	true	74	1	0.009159944288252167
36	true	74	30	0.03607539683050141
36	true	74	99	0.03607539683050141
36	true	75	96	0.16814989715880915
36	true	75	77	0.16814989715880915
36	true	75	28	0.16814989715880915
36	true	75	20	0.16814989715880915
36	true	75	52	0.16814989715880915
36	true	75	49	0.16814989715880915
36	true	75	92	0.08168778831559458
36	true	75	69	0.08168778831559458
36	true	75	4	0.06493877384542217
36	true	75	48	0.08168778831559458
36	true	75	51	0.08168778831559458
36	true	75	17	0.06493877384542217
36	true	75	65	0.060585744685732176
36	true	75	14	0.060585744685732176
36	true	75	8	0.05647870870630326
36	true	75	42	0.05647870870630326
36	true	75	99	0.04107698929650013
36	true	75	29	0.038829139576288856
36	true	75	91	0.02300199655822776
36	true	75	10	0.02300199655822776
36	true	76	14	0.0779233929210987
36	true	76	65	0.0779233929210987
36	true	76	96	0.0779233929210987
36	true	76	77	0.0779233929210987
36	true	76	4	0.0779233929210987
36	true	76	42	0.0779233929210987
36	true	76	47	0.03945070545513467
36	true	76	97	0.03945070545513467
36	true	76	8	0.03945070545513467
36	true	76	20	0.030652904268159933
36	true	76	17	0.030652904268159933
36	true	76	87	0.030435935427125436
36	true	76	69	0.030435935427125436
36	true	76	40	0.030435935427125436
36	true	76	6	0.030435935427125436
36	true	76	53	0.030435935427125436
36	true	76	50	0.014646929738657949
36	true	76	92	0.014646929738657949
36	true	76	52	0.030435935427125436
36	true	76	88	0.030435935427125436
36	true	76	49	0.030435935427125436
36	true	76	78	0.030435935427125436
36	true	77	30	0.06345251983139932
36	true	77	52	0.06345251983139932
36	true	77	77	0.06345251983139932
36	true	77	20	0.06345251983139932
36	true	77	14	0.06345251983139932
36	true	77	65	0.06345251983139932
36	true	77	6	0.06345251983139932
36	true	77	37	0.06345251983139932
36	true	77	62	0.06345251983139932
36	true	77	81	0.028314988093632504
36	true	77	42	0.028314988093632504
36	true	77	92	0.028314988093632504
36	true	77	87	0.028314988093632504
36	true	77	53	0.028314988093632504
36	true	77	71	0.028314988093632504
36	true	77	4	0.028314988093632504
36	true	77	17	0.028314988093632504
36	true	77	59	0.028314988093632504
36	true	77	97	0.028314988093632504
36	true	77	60	0.009990643382491886
36	true	78	66	0.07370266281001642
36	true	78	60	0.07370266281001642
36	true	78	96	0.07370266281001642
36	true	78	55	0.07370266281001642
36	true	78	32	0.07370266281001642
36	true	78	54	0.07370266281001642
36	true	78	77	0.07370266281001642
36	true	78	49	0.07370266281001642
36	true	78	6	0.07370266281001642
36	true	78	52	0.07370266281001642
36	true	78	8	0.07370266281001642
36	true	78	88	0.07370266281001642
36	true	78	37	0.022285090932026127
36	true	78	35	0.021178859858109668
36	true	78	64	0.02134147909354547
36	true	78	9	0.02134147909354547
36	true	78	27	0.021178859858109668
36	true	78	20	0.021178859858109668
36	true	78	13	0.021178859858109668
36	true	78	33	0.021178859858109668
36	true	78	94	0.021178859858109668
36	true	79	14	0.12744645556880196
36	true	79	6	0.042256532169684016
36	true	79	42	0.12744645556880196
36	true	79	4	0.12744645556880196
36	true	79	77	0.042256532169684016
36	true	79	52	0.042256532169684016
36	true	79	20	0.042256532169684016
36	true	79	96	0.042256532169684016
36	true	79	65	0.042256532169684016
36	true	79	40	0.04211179553878522
36	true	79	97	0.04211179553878522
36	true	79	37	0.034373553922778494
36	true	79	35	0.04211179553878522
36	true	79	55	0.04211179553878522
36	true	79	30	0.04211179553878522
36	true	79	19	0.03558377145266152
36	true	79	50	0.03261925377763243
36	true	79	87	0.012657233326413568
36	true	79	33	0.015180681392553252
36	true	79	49	0.015180681392553252
36	true	80	14	0.2909293349360758
36	true	80	6	0.08118287635174508
36	true	80	77	0.05457449777513236
36	true	80	20	0.05457449777513236
36	true	80	55	0.05457449777513236
36	true	80	92	0.05457449777513236
36	true	80	96	0.05457449777513236
36	true	80	17	0.05457449777513236
36	true	80	40	0.05457449777513236
36	true	80	30	0.05457449777513236
36	true	80	97	0.05457449777513236
36	true	80	99	0.05457449777513236
36	true	80	9	0.05457449777513236
36	true	80	42	0.05457449777513236
36	true	80	4	0.05457449777513236
36	true	80	69	0.020678968399073343
36	true	80	66	0.020678968399073343
36	true	80	60	0.020678968399073343
36	true	80	80	0.019064857460382556
36	true	80	34	0.014527270564829194
36	true	81	52	0.16063117175554242
36	true	81	59	0.07533372622533664
36	true	81	96	0.07533372622533664
36	true	81	20	0.056180636455520766
36	true	81	33	0.07533372622533664
36	true	81	92	0.07533372622533664
36	true	81	50	0.02739906309384571
36	true	81	53	0.02739906309384571
36	true	81	40	0.02739906309384571
36	true	81	19	0.02739906309384571
36	true	81	49	0.02700790451609963
36	true	81	69	0.021651360562426156
36	true	81	14	0.021651360562426156
36	true	81	17	0.021651360562426156
36	true	81	10	0.02739906309384571
36	true	81	28	0.02739906309384571
36	true	81	4	0.02739906309384571
36	true	81	29	0.02739906309384571
36	true	81	35	0.021135116105063485
36	true	81	67	0.005763659113189197
36	true	82	14	0.06249375747927572
36	true	82	69	0.06249375747927572
36	true	82	40	0.06249375747927572
36	true	82	29	0.06249375747927572
36	true	82	30	0.06249375747927572
36	true	82	4	0.06249375747927572
36	true	82	42	0.06249375747927572
36	true	82	74	0.054544876917991904
36	true	82	33	0.054544876917991904
36	true	82	92	0.054544876917991904
36	true	82	96	0.054544876917991904
36	true	82	0	0.054544876917991904
36	true	82	49	0.03442629675882151
36	true	82	65	0.03132066859077966
36	true	82	50	0.03442629675882151
36	true	82	37	0.03442629675882151
36	true	82	59	0.03442629675882151
36	true	82	76	0.03132066859077966
36	true	82	80	0.03132066859077966
36	true	82	53	0.03132066859077966
36	true	83	52	0.1453240458138474
36	true	83	88	0.1453240458138474
36	true	83	96	0.1453240458138474
36	true	83	77	0.1453240458138474
36	true	83	87	0.1453240458138474
36	true	83	69	0.09193647786380374
36	true	83	66	0.09193647786380374
36	true	83	60	0.09193647786380374
36	true	83	20	0.09193647786380374
36	true	83	65	0.09193647786380374
36	true	83	29	0.048078095894161496
36	true	83	31	0.047472458322370306
36	true	83	33	0.047472458322370306
36	true	83	8	0.026073828023976713
36	true	83	4	0.018216447247205166
36	true	83	58	0.018216447247205166
36	true	83	42	0.018216447247205166
36	true	83	6	0.026073828023976713
36	true	83	71	0.026073828023976713
36	true	83	99	0.026073828023976713
36	true	83	98	0.026073828023976713
36	true	83	80	0.026073828023976713
36	true	83	53	0.026073828023976713
36	true	84	52	0.07178183819156783
36	true	84	59	0.07178183819156783
36	true	84	60	0.07178183819156783
36	true	84	66	0.07178183819156783
36	true	84	87	0.059594895545970604
36	true	84	96	0.059594895545970604
36	true	84	77	0.059594895545970604
36	true	84	92	0.04618658308043191
36	true	84	80	0.04618658308043191
36	true	84	99	0.021647980717119136
36	true	84	17	0.04618658308043191
36	true	84	42	0.04618658308043191
36	true	84	20	0.04618658308043191
36	true	84	4	0.04618658308043191
36	true	84	53	0.0438493345029528
36	true	84	62	0.0438493345029528
36	true	84	71	0.009965285645020673
36	true	84	40	0.021647980717119136
36	true	84	65	0.021647980717119136
36	true	84	82	0.0034188884753298837
36	true	84	33	0.009965285645020673
36	true	84	9	0.009965285645020673
36	true	84	19	0.009965285645020673
36	true	85	4	0.07807172063781989
36	true	85	77	0.07807172063781989
36	true	85	96	0.07807172063781989
36	true	85	66	0.07807172063781989
36	true	85	60	0.07807172063781989
36	true	85	20	0.07807172063781989
36	true	85	42	0.07807172063781989
36	true	85	6	0.07807172063781989
36	true	85	14	0.07807172063781989
36	true	85	49	0.07807172063781989
36	true	85	65	0.02943995959482429
36	true	85	97	0.02943995959482429
36	true	85	53	0.02943995959482429
36	true	85	52	0.028886277976960237
36	true	85	59	0.02253188614831397
36	true	85	92	0.02253188614831397
36	true	85	30	0.019878568410615853
36	true	85	19	0.014160286574945292
36	true	85	69	0.019878568410615853
36	true	85	33	0.019878568410615853
36	true	85	37	0.019878568410615853
36	true	86	27	0.19626282780035237
36	true	86	87	0.048054687601469775
36	true	86	49	0.043183186246672854
36	true	86	42	0.043183186246672854
36	true	86	47	0.043183186246672854
36	true	86	58	0.043183186246672854
36	true	86	55	0.03896007660453156
36	true	86	20	0.043183186246672854
36	true	86	4	0.043183186246672854
36	true	86	8	0.03896007660453156
36	true	86	77	0.03896007660453156
36	true	86	97	0.005804358188186434
36	true	86	69	0.03896007660453156
36	true	86	30	0.03896007660453156
36	true	86	52	0.03896007660453156
36	true	86	39	0.01759245825980657
36	true	86	88	0.0047466506254033565
36	true	86	66	0.0047466506254033565
36	true	86	61	0.0047466506254033565
36	true	86	78	0.0047466506254033565
36	true	87	96	0.2039422453544055
36	true	87	52	0.2039422453544055
36	true	87	14	0.2039422453544055
36	true	87	6	0.09133734723712326
36	true	87	17	0.05699625585482491
36	true	87	77	0.041484560016764
36	true	87	53	0.041484560016764
36	true	87	80	0.041484560016764
36	true	87	65	0.041484560016764
36	true	87	20	0.041484560016764
36	true	87	9	0.041484560016764
36	true	87	30	0.041484560016764
36	true	87	92	0.041484560016764
36	true	87	59	0.028985346642067793
36	true	87	37	0.008636313916062689
36	true	87	85	0.041484560016764
36	true	87	94	0.041484560016764
36	true	87	29	0.041484560016764
36	true	87	25	0.041484560016764
36	true	87	1	0.014299770270432999
36	true	88	59	0.12283023849468698
36	true	88	14	0.12283023849468698
36	true	88	29	0.12283023849468698
36	true	88	33	0.12283023849468698
36	true	88	76	0.056736695509378585
36	true	88	58	0.03613884206915778
36	true	88	97	0.056736695509378585
36	true	88	77	0.056736695509378585
36	true	88	1	0.03986798029048165
36	true	88	31	0.03613884206915778
36	true	88	40	0.03613884206915778
36	true	88	52	0.03613884206915778
36	true	88	74	0.03613884206915778
36	true	88	66	0.03613884206915778
36	true	88	60	0.03613884206915778
36	true	88	35	0.03613884206915778
36	true	88	50	0.03613884206915778
36	true	88	20	0.03613884206915778
36	true	88	30	0.03613884206915778
36	true	88	16	0.011075767954467903
36	true	89	20	0.12043003467757402
36	true	89	49	0.12043003467757402
36	true	89	97	0.12043003467757402
36	true	89	71	0.12043003467757402
36	true	89	4	0.046996911904832094
36	true	89	42	0.046996911904832094
36	true	89	77	0.046996911904832094
36	true	89	52	0.046996911904832094
36	true	89	14	0.046996911904832094
36	true	89	17	0.046996911904832094
36	true	89	53	0.046996911904832094
36	true	89	68	0.046996911904832094
36	true	89	6	0.046996911904832094
36	true	89	69	0.046996911904832094
36	true	89	30	0.046996911904832094
36	true	89	35	0.046996911904832094
36	true	89	40	0.046996911904832094
36	true	89	19	0.016809364718571102
36	true	89	32	0.016809364718571102
36	true	89	79	0.006935410605903639
36	true	90	77	0.04414410820987611
36	true	90	96	0.04414410820987611
36	true	90	71	0.04414410820987611
36	true	90	66	0.04414410820987611
36	true	90	60	0.04414410820987611
36	true	90	47	0.04298123721692252
36	true	90	20	0.04298123721692252
36	true	90	69	0.04298123721692252
36	true	90	87	0.04298123721692252
36	true	90	14	0.04298123721692252
36	true	90	52	0.04298123721692252
36	true	90	80	0.04298123721692252
36	true	90	8	0.04298123721692252
36	true	90	49	0.04298123721692252
36	true	90	53	0.04298123721692252
36	true	90	55	0.04298123721692252
36	true	90	59	0.04298123721692252
36	true	90	33	0.014708306761765084
36	true	90	31	0.009328819834030532
36	true	90	37	0.007171333411761716
36	true	91	69	0.1463024736916637
36	true	91	77	0.08951445810897633
36	true	91	96	0.08951445810897633
36	true	91	40	0.08165574839950536
36	true	91	97	0.040293518625395326
36	true	91	6	0.040293518625395326
36	true	91	87	0.040293518625395326
36	true	91	66	0.02943404678985475
36	true	91	68	0.02943404678985475
36	true	91	81	0.02943404678985475
36	true	91	59	0.029405803996587872
36	true	91	76	0.019686572018521666
36	true	91	28	0.019686572018521666
36	true	91	84	0.019686572018521666
36	true	91	44	0.019686572018521666
36	true	91	79	0.019686572018521666
36	true	91	20	0.019686572018521666
36	true	91	82	0.019686572018521666
36	true	91	88	0.019686572018521666
36	true	91	42	0.009354645539157162
36	true	92	20	0.09445510206659521
36	true	92	8	0.06104195503352868
36	true	92	53	0.05783617366083763
36	true	92	25	0.05783617366083763
36	true	92	17	0.05783617366083763
36	true	92	9	0.05419187270046077
36	true	92	16	0.05419187270046077
36	true	92	94	0.05419187270046077
36	true	92	28	0.05419187270046077
36	true	92	60	0.05419187270046077
36	true	92	19	0.05419187270046077
36	true	92	65	0.05419187270046077
36	true	92	87	0.05419187270046077
36	true	92	66	0.05419187270046077
36	true	92	33	0.05419187270046077
36	true	92	88	0.05419187270046077
36	true	92	52	0.05419187270046077
36	true	92	30	0.05419187270046077
36	true	92	49	0.05419187270046077
36	true	92	92	0.05419187270046077
36	true	93	20	0.09291434127606328
36	true	93	14	0.09291434127606328
36	true	93	60	0.09291434127606328
36	true	93	77	0.09291434127606328
36	true	93	66	0.09291434127606328
36	true	93	52	0.09291434127606328
36	true	93	96	0.09291434127606328
36	true	93	92	0.09291434127606328
36	true	93	65	0.09291434127606328
36	true	93	53	0.0654019431340653
36	true	93	40	0.01809990498673512
36	true	93	9	0.01288859762277411
36	true	93	42	0.01288859762277411
36	true	93	4	0.01288859762277411
36	true	93	17	0.01288859762277411
36	true	93	35	0.01288859762277411
36	true	93	55	0.00036265101035694894
36	true	93	29	0.01288859762277411
36	true	93	10	0.01288859762277411
36	true	93	6	0.01288859762277411
36	true	93	25	0.01288859762277411
36	true	94	14	0.7352443275325323
36	true	94	58	0.10015488264041614
36	true	94	87	0.10015488264041614
36	true	94	65	0.10015488264041614
36	true	94	6	0.10015488264041614
36	true	94	37	0.10015488264041614
36	true	94	11	0.10015488264041614
36	true	94	31	0.10015488264041614
36	true	94	62	0.10015488264041614
36	true	94	49	0.10015488264041614
36	true	94	98	0.08618879025075087
36	true	94	97	0.08618879025075087
36	true	94	21	0.03725499459887776
36	true	94	79	0.03725499459887776
36	true	94	35	0.02411914442873499
36	true	94	4	0.03725499459887776
36	true	94	42	0.03725499459887776
36	true	94	96	0.02411914442873499
36	true	94	23	0.023127764993445963
36	true	94	83	0.010296222144934903
36	true	95	14	0.09808426879064526
36	true	95	97	0.07158205415940312
36	true	95	52	0.07158205415940312
36	true	95	65	0.07158205415940312
36	true	95	66	0.07158205415940312
36	true	95	60	0.07158205415940312
36	true	95	47	0.039704349118374574
36	true	95	92	0.039704349118374574
36	true	95	87	0.039704349118374574
36	true	95	88	0.039704349118374574
36	true	95	20	0.031075148829223558
36	true	95	30	0.031075148829223558
36	true	95	69	0.031075148829223558
36	true	95	77	0.031075148829223558
36	true	95	94	0.031075148829223558
36	true	95	96	0.031075148829223558
36	true	95	53	0.031075148829223558
36	true	95	59	0.031075148829223558
36	true	95	50	0.031075148829223558
36	true	95	84	0.005674783960074423
36	true	96	14	0.37765588317784504
36	true	96	69	0.1374825592078933
36	true	96	77	0.08186347051710868
36	true	96	6	0.0669480362073743
36	true	96	47	0.055926026087073616
36	true	96	42	0.059184015141248485
36	true	96	4	0.059184015141248485
36	true	96	31	0.059184015141248485
36	true	96	88	0.03277629195365871
36	true	96	44	0.055926026087073616
36	true	96	45	0.055926026087073616
36	true	96	80	0.03277629195365871
36	true	96	40	0.03277629195365871
36	true	96	33	0.03260711126699504
36	true	96	58	0.03277629195365871
36	true	96	49	0.03277629195365871
36	true	96	96	0.03277629195365871
36	true	96	50	0.0247272225468355
36	true	96	59	0.02001001492352323
36	true	96	35	0.02001001492352323
36	true	97	77	0.09509947269560713
36	true	97	14	0.09509947269560713
36	true	97	52	0.09509947269560713
36	true	97	96	0.09509947269560713
36	true	97	65	0.09509947269560713
36	true	97	20	0.09509947269560713
36	true	97	66	0.09509947269560713
36	true	97	60	0.09509947269560713
36	true	97	49	0.09509947269560713
36	true	97	97	0.09509947269560713
36	true	97	6	0.09509947269560713
36	true	97	69	0.09509947269560713
36	true	97	81	0.04891286660508886
36	true	97	30	0.04891286660508886
36	true	97	4	0.04891286660508886
36	true	97	42	0.04891286660508886
36	true	97	59	0.04891286660508886
36	true	97	55	0.04891286660508886
36	true	97	29	0.04891286660508886
36	true	97	28	0.007856985439823933
36	true	98	14	0.09228269597599498
36	true	98	96	0.09228269597599498
36	true	98	20	0.046373161031004154
36	true	98	4	0.09228269597599498
36	true	98	42	0.09228269597599498
36	true	98	87	0.04089123836007265
36	true	98	77	0.026399132989901493
36	true	98	52	0.026399132989901493
36	true	98	33	0.026399132989901493
36	true	98	59	0.026399132989901493
36	true	98	30	0.01944300309816762
36	true	98	49	0.01944300309816762
36	true	98	69	0.01944300309816762
36	true	98	53	0.01944300309816762
36	true	98	6	0.01944300309816762
36	true	98	66	0.01944300309816762
36	true	98	60	0.01944300309816762
36	true	98	35	0.01944300309816762
36	true	98	97	0.01944300309816762
36	true	98	65	0.01244042621337152
36	true	99	14	0.06231580594772538
36	true	99	97	0.06231580594772538
36	true	99	4	0.06231580594772538
36	true	99	60	0.06231580594772538
36	true	99	77	0.06231580594772538
36	true	99	52	0.06231580594772538
36	true	99	66	0.06231580594772538
36	true	99	20	0.06231580594772538
36	true	99	96	0.06231580594772538
36	true	99	59	0.06231580594772538
36	true	99	42	0.06231580594772538
36	true	99	88	0.06231580594772538
36	true	99	28	0.06231580594772538
36	true	99	92	0.06231580594772538
36	true	99	69	0.06231580594772538
36	true	99	49	0.022267621897240394
36	true	99	58	0.022267621897240394
36	true	99	78	0.022267621897240394
36	true	99	6	0.022267621897240394
36	true	99	8	0.013400628601414279
36	true	100	14	0.16063675676503625
36	true	100	17	0.05393984232352742
36	true	100	66	0.03782498316153069
36	true	100	60	0.03782498316153069
36	true	100	65	0.03782498316153069
36	true	100	6	0.03782498316153069
36	true	100	52	0.03782498316153069
36	true	100	30	0.03782498316153069
36	true	100	27	0.03782498316153069
36	true	100	20	0.03782498316153069
36	true	100	4	0.03149734282815579
36	true	100	47	0.03268186508287288
36	true	100	77	0.03268186508287288
36	true	100	28	0.03149734282815579
36	true	100	53	0.03268186508287288
36	true	100	97	0.03268186508287288
36	true	100	96	0.03268186508287288
36	true	100	40	0.03268186508287288
36	true	100	8	0.011597772500120713
36	true	100	37	0.011597772500120713
36	true	100	59	0.03149734282815579
36	true	100	42	0.03149734282815579
