04	0	1	0	0.09707904445545601
04	0	1	5	0.09707904445545601
04	0	1	2	0.09707904445545601
04	0	1	100	0.013116492856127253
04	0	1	34	0.012033858317904345
04	0	1	71	0.012033858317904345
04	0	1	74	0.012033858317904345
04	0	1	50	0.012033858317904345
04	0	1	37	0.012033858317904345
04	0	1	73	0.012033858317904345
04	0	1	42	0.012033858317904345
04	0	1	82	0.012033858317904345
04	0	1	14	0.012033858317904345
04	0	1	69	0.012033858317904345
04	0	1	30	0.011431415508909325
04	0	1	95	0.011431415508909325
04	0	1	68	0.011431415508909325
04	0	1	3	0.008562076626367533
04	0	1	61	0.008562076626367533
04	0	1	51	0.0077611092741414365
04	0	2	0	0.09311935176386692
04	0	2	5	0.09311935176386692
04	0	2	2	0.09311935176386692
04	0	2	34	0.013613741985526043
04	0	2	100	0.013613741985526043
04	0	2	74	0.013613741985526043
04	0	2	71	0.013613741985526043
04	0	2	50	0.013613741985526043
04	0	2	73	0.013613741985526043
04	0	2	37	0.013613741985526043
04	0	2	42	0.013613741985526043
04	0	2	82	0.013613741985526043
04	0	2	69	0.010701880453352805
04	0	2	14	0.013613741985526043
04	0	2	30	0.013613741985526043
04	0	2	78	0.0022345096933367187
04	0	2	68	0.013613741985526043
04	0	2	3	0.013613741985526043
04	0	2	95	0.013613741985526043
04	0	2	61	0.003785931545349435
04	0	3	0	0.09675131506200885
04	0	3	5	0.09675131506200885
04	0	3	2	0.09675131506200885
04	0	3	100	0.014434777706796834
04	0	3	37	0.017615526269705216
04	0	3	34	0.017615526269705216
04	0	3	74	0.012050826583419588
04	0	3	71	0.011512995085860773
04	0	3	50	0.011512995085860773
04	0	3	82	0.011512995085860773
04	0	3	73	0.011512995085860773
04	0	3	42	0.011512995085860773
04	0	3	14	0.011512995085860773
04	0	3	69	0.010204587766580496
04	0	3	61	0.011512995085860773
04	0	3	30	0.011512995085860773
04	0	3	3	0.011512995085860773
04	0	3	15	0.006372865390558113
04	0	3	51	0.006372865390558113
04	0	3	78	0.0019198290364287227
04	0	4	0	0.10151011625263395
04	0	4	5	0.10151011625263395
04	0	4	2	0.10151011625263395
04	0	4	100	0.014013043005448476
04	0	4	74	0.014013043005448476
04	0	4	34	0.014013043005448476
04	0	4	71	0.014013043005448476
04	0	4	37	0.014013043005448476
04	0	4	50	0.014013043005448476
04	0	4	82	0.014013043005448476
04	0	4	73	0.014013043005448476
04	0	4	42	0.014013043005448476
04	0	4	69	0.013524797376953286
04	0	4	14	0.013524797376953286
04	0	4	30	0.013524797376953286
04	0	4	95	0.009229841771450696
04	0	4	68	0.007226582865129209
04	0	4	3	0.007226582865129209
04	0	4	61	0.007226582865129209
04	0	4	51	0.004360074150071616
04	0	5	0	0.09633252179754069
04	0	5	2	0.09633252179754069
04	0	5	5	0.09633252179754069
04	0	5	34	0.020508656551882692
04	0	5	100	0.015501705126582005
04	0	5	71	0.015501705126582005
04	0	5	74	0.012271375201850307
04	0	5	50	0.012271375201850307
04	0	5	82	0.012271375201850307
04	0	5	42	0.012271375201850307
04	0	5	37	0.012271375201850307
04	0	5	30	0.012271375201850307
04	0	5	73	0.012271375201850307
04	0	5	69	0.012271375201850307
04	0	5	14	0.012271375201850307
04	0	5	61	0.008656418138795256
04	0	5	51	0.007976442577618042
04	0	5	95	0.007976442577618042
04	0	5	3	0.007976442577618042
04	0	5	68	0.007976442577618042
04	0	6	0	0.09808258285059622
04	0	6	2	0.09808258285059622
04	0	6	5	0.09808258285059622
04	0	6	100	0.016436615537922483
04	0	6	34	0.016436615537922483
04	0	6	74	0.016436615537922483
04	0	6	37	0.016436615537922483
04	0	6	50	0.016436615537922483
04	0	6	71	0.016436615537922483
04	0	6	82	0.016436615537922483
04	0	6	30	0.016436615537922483
04	0	6	14	0.016436615537922483
04	0	6	73	0.016436615537922483
04	0	6	42	0.016436615537922483
04	0	6	3	0.016436615537922483
04	0	6	95	0.007821436213540728
04	0	6	61	0.007821436213540728
04	0	6	72	0.007821436213540728
04	0	6	15	0.005267100228549989
04	0	6	93	0.005267100228549989
04	0	7	0	0.08870025239743518
04	0	7	5	0.08870025239743518
04	0	7	2	0.08870025239743518
04	0	7	100	0.015343456739341682
04	0	7	34	0.015343456739341682
04	0	7	37	0.015343456739341682
04	0	7	71	0.015343456739341682
04	0	7	74	0.015343456739341682
04	0	7	50	0.015343456739341682
04	0	7	14	0.015343456739341682
04	0	7	82	0.015343456739341682
04	0	7	73	0.015343456739341682
04	0	7	30	0.015343456739341682
04	0	7	42	0.015343456739341682
04	0	7	3	0.015343456739341682
04	0	7	61	0.015343456739341682
04	0	7	95	0.01261500925205844
04	0	7	68	0.009415391236862357
04	0	7	69	0.00599792443828065
04	0	7	15	0.00599792443828065
04	0	8	0	0.09486286140659994
04	0	8	5	0.09486286140659994
04	0	8	2	0.09486286140659994
04	0	8	34	0.018770825019173126
04	0	8	37	0.018770825019173126
04	0	8	100	0.016369916517419533
04	0	8	71	0.016369916517419533
04	0	8	74	0.016369916517419533
04	0	8	82	0.016369916517419533
04	0	8	50	0.016369916517419533
04	0	8	14	0.016369916517419533
04	0	8	73	0.016369916517419533
04	0	8	30	0.016369916517419533
04	0	8	95	0.016369916517419533
04	0	8	42	0.016369916517419533
04	0	8	3	0.016369916517419533
04	0	8	61	0.016369916517419533
04	0	8	68	0.016369916517419533
04	0	8	51	0.003483464715928456
04	0	8	15	0.009756917270975121
04	0	8	69	0.009756917270975121
04	0	9	0	0.09694810831837161
04	0	9	2	0.09694810831837161
04	0	9	5	0.09694810831837161
04	0	9	34	0.0152446404401449
04	0	9	71	0.0152446404401449
04	0	9	100	0.0152446404401449
04	0	9	37	0.0152446404401449
04	0	9	42	0.0152446404401449
04	0	9	73	0.0152446404401449
04	0	9	82	0.0152446404401449
04	0	9	74	0.0152446404401449
04	0	9	50	0.0152446404401449
04	0	9	61	0.0152446404401449
04	0	9	30	0.0152446404401449
04	0	9	14	0.0152446404401449
04	0	9	3	0.0152446404401449
04	0	9	69	0.007911361033162851
04	0	9	68	0.0152446404401449
04	0	9	95	0.0152446404401449
04	0	9	26	0.007911361033162851
04	0	10	0	0.0995768673378433
04	0	10	2	0.0995768673378433
04	0	10	5	0.0995768673378433
04	0	10	100	0.013065452840958168
04	0	10	74	0.013065452840958168
04	0	10	34	0.013065452840958168
04	0	10	71	0.013065452840958168
04	0	10	37	0.013065452840958168
04	0	10	42	0.013065452840958168
04	0	10	82	0.013065452840958168
04	0	10	50	0.013065452840958168
04	0	10	73	0.013065452840958168
04	0	10	69	0.013065452840958168
04	0	10	14	0.013065452840958168
04	0	10	30	0.013065452840958168
04	0	10	3	0.013065452840958168
04	0	10	95	0.009788219035912558
04	0	10	68	0.009788219035912558
04	0	10	61	0.009788219035912558
04	0	10	51	0.0028977430572565514
04	0	11	0	0.09824173407746402
04	0	11	5	0.09824173407746402
04	0	11	2	0.09824173407746402
04	0	11	100	0.01436932200607495
04	0	11	74	0.01436932200607495
04	0	11	34	0.01436932200607495
04	0	11	71	0.01436932200607495
04	0	11	50	0.01436932200607495
04	0	11	37	0.01436932200607495
04	0	11	73	0.01436932200607495
04	0	11	82	0.01436932200607495
04	0	11	14	0.008202546116145527
04	0	11	30	0.014309584647704987
04	0	11	42	0.014309584647704987
04	0	11	69	0.008202546116145527
04	0	11	95	0.008202546116145527
04	0	11	3	0.008202546116145527
04	0	11	68	0.008202546116145527
04	0	11	51	0.006335833473562972
04	0	11	26	0.004700439611718925
04	0	11	93	0.004700439611718925
04	0	12	0	0.09292224943993478
04	0	12	2	0.09292224943993478
04	0	12	5	0.09292224943993478
04	0	12	100	0.015891315296791594
04	0	12	34	0.015891315296791594
04	0	12	74	0.015891315296791594
04	0	12	37	0.015891315296791594
04	0	12	71	0.015891315296791594
04	0	12	73	0.015891315296791594
04	0	12	50	0.015891315296791594
04	0	12	30	0.0142611399544252
04	0	12	42	0.0142611399544252
04	0	12	69	0.009777212844589938
04	0	12	95	0.0142611399544252
04	0	12	61	0.0142611399544252
04	0	12	82	0.0142611399544252
04	0	12	14	0.0142611399544252
04	0	12	3	0.0142611399544252
04	0	12	51	0.0033741715649317897
04	0	12	68	0.0142611399544252
04	0	13	0	0.09350433483583961
04	0	13	5	0.09350433483583961
04	0	13	2	0.09350433483583961
04	0	13	34	0.013344398686471675
04	0	13	100	0.013344398686471675
04	0	13	74	0.013344398686471675
04	0	13	82	0.013344398686471675
04	0	13	71	0.013344398686471675
04	0	13	37	0.013344398686471675
04	0	13	50	0.013344398686471675
04	0	13	73	0.013344398686471675
04	0	13	95	0.01243130069625232
04	0	13	14	0.013344398686471675
04	0	13	61	0.013344398686471675
04	0	13	3	0.013344398686471675
04	0	13	30	0.013344398686471675
04	0	13	42	0.013344398686471675
04	0	13	68	0.01243130069625232
04	0	13	51	0.004932352660040488
04	0	13	15	0.005239478443521665
04	0	13	93	0.005239478443521665
04	0	14	0	0.09286716306977927
04	0	14	2	0.09286716306977927
04	0	14	5	0.09286716306977927
04	0	14	100	0.014989277479679305
04	0	14	34	0.014989277479679305
04	0	14	74	0.014989277479679305
04	0	14	71	0.012716436568547332
04	0	14	50	0.012716436568547332
04	0	14	73	0.012716436568547332
04	0	14	37	0.012716436568547332
04	0	14	69	0.012716436568547332
04	0	14	82	0.012716436568547332
04	0	14	14	0.012716436568547332
04	0	14	30	0.012716436568547332
04	0	14	42	0.011467632661401666
04	0	14	3	0.00885276360100344
04	0	14	61	0.00885276360100344
04	0	14	95	0.00885276360100344
04	0	14	51	0.006155189795437439
04	0	14	93	0.008249418405503549
04	0	14	68	0.008249418405503549
04	0	15	0	0.09629947661352113
04	0	15	5	0.09629947661352113
04	0	15	2	0.09629947661352113
04	0	15	100	0.012155544320419476
04	0	15	74	0.012155544320419476
04	0	15	71	0.012155544320419476
04	0	15	50	0.012155544320419476
04	0	15	34	0.012155544320419476
04	0	15	37	0.012155544320419476
04	0	15	73	0.012155544320419476
04	0	15	42	0.012155544320419476
04	0	15	82	0.011802785881054021
04	0	15	30	0.010149876770114532
04	0	15	14	0.010149876770114532
04	0	15	69	0.008283518537146563
04	0	15	61	0.010149876770114532
04	0	15	95	0.010149876770114532
04	0	15	68	0.010149876770114532
04	0	15	3	0.010149876770114532
04	0	15	51	0.005193451954076468
04	0	16	0	0.0953659295629659
04	0	16	2	0.0953659295629659
04	0	16	5	0.0953659295629659
04	0	16	100	0.019567539190629382
04	0	16	74	0.019567539190629382
04	0	16	34	0.019567539190629382
04	0	16	71	0.019567539190629382
04	0	16	50	0.019567539190629382
04	0	16	37	0.01195089577268699
04	0	16	82	0.01195089577268699
04	0	16	73	0.01195089577268699
04	0	16	30	0.01195089577268699
04	0	16	14	0.01195089577268699
04	0	16	42	0.01195089577268699
04	0	16	69	0.01195089577268699
04	0	16	61	0.01195089577268699
04	0	16	3	0.01195089577268699
04	0	16	15	0.007959836906428161
04	0	16	95	0.0016963972876506079
04	0	16	68	0.007959836906428161
04	0	16	93	0.007959836906428161
04	0	17	0	0.09850936343256449
04	0	17	5	0.09850936343256449
04	0	17	2	0.09850936343256449
04	0	17	100	0.0167827649941696
04	0	17	74	0.0167827649941696
04	0	17	34	0.0167827649941696
04	0	17	50	0.0167827649941696
04	0	17	71	0.0167827649941696
04	0	17	37	0.0167827649941696
04	0	17	82	0.0167827649941696
04	0	17	73	0.0167827649941696
04	0	17	42	0.0167827649941696
04	0	17	95	0.0167827649941696
04	0	17	14	0.0167827649941696
04	0	17	30	0.0167827649941696
04	0	17	3	0.0167827649941696
04	0	17	68	0.0167827649941696
04	0	17	61	0.0167827649941696
04	0	17	93	0.0021744443883355215
04	0	17	51	0.002598175574309836
04	0	17	69	0.002598175574309836
04	0	18	0	0.10198979371848894
04	0	18	2	0.10198979371848894
04	0	18	5	0.10198979371848894
04	0	18	100	0.013489219303759818
04	0	18	74	0.013489219303759818
04	0	18	34	0.013489219303759818
04	0	18	50	0.013489219303759818
04	0	18	37	0.013489219303759818
04	0	18	71	0.011086322938877942
04	0	18	82	0.00894476403467767
04	0	18	73	0.00894476403467767
04	0	18	30	0.00894476403467767
04	0	18	14	0.00894476403467767
04	0	18	69	0.00894476403467767
04	0	18	95	0.00894476403467767
04	0	18	42	0.00894476403467767
04	0	18	68	0.00894476403467767
04	0	18	3	0.00894476403467767
04	0	18	51	0.0041959711223988885
04	0	18	78	0.0022705161465242747
04	0	19	0	0.09693505503686986
04	0	19	5	0.09693505503686986
04	0	19	2	0.09693505503686986
04	0	19	100	0.013476738060638625
04	0	19	34	0.011284883897818707
04	0	19	71	0.013476738060638625
04	0	19	74	0.013476738060638625
04	0	19	37	0.010837798877820045
04	0	19	50	0.010837798877820045
04	0	19	82	0.010837798877820045
04	0	19	73	0.010837798877820045
04	0	19	14	0.010837798877820045
04	0	19	69	0.010837798877820045
04	0	19	42	0.010837798877820045
04	0	19	30	0.010837798877820045
04	0	19	51	0.00605648774285851
04	0	19	95	0.010837798877820045
04	0	19	61	0.010837798877820045
04	0	19	68	0.010837798877820045
04	0	19	3	0.010837798877820045
04	0	19	93	0.010837798877820045
04	0	20	0	0.10491459172463484
04	0	20	2	0.10491459172463484
04	0	20	5	0.10491459172463484
04	0	20	100	0.01799470172012041
04	0	20	34	0.01799470172012041
04	0	20	71	0.01799470172012041
04	0	20	74	0.01799470172012041
04	0	20	37	0.01799470172012041
04	0	20	82	0.01799470172012041
04	0	20	50	0.01799470172012041
04	0	20	73	0.01799470172012041
04	0	20	30	0.01799470172012041
04	0	20	61	0.01799470172012041
04	0	20	14	0.01799470172012041
04	0	20	42	0.01799470172012041
04	0	20	95	0.01799470172012041
04	0	20	3	0.01799470172012041
04	0	20	68	0.01799470172012041
04	0	20	69	0.006017732249154618
04	0	20	51	0.006017732249154618
04	0	21	0	0.1045652126745788
04	0	21	2	0.1045652126745788
04	0	21	5	0.1045652126745788
04	0	21	34	0.017902882414632993
04	0	21	100	0.017902882414632993
04	0	21	71	0.017902882414632993
04	0	21	37	0.017902882414632993
04	0	21	74	0.017902882414632993
04	0	21	30	0.017902882414632993
04	0	21	73	0.017902882414632993
04	0	21	82	0.017902882414632993
04	0	21	14	0.012903582154581369
04	0	21	42	0.017902882414632993
04	0	21	3	0.012903582154581369
04	0	21	50	0.012903582154581369
04	0	21	68	0.012903582154581369
04	0	21	69	0.012903582154581369
04	0	21	95	0.012903582154581369
04	0	21	61	0.012903582154581369
04	0	21	26	0.006349092394180647
04	0	22	0	0.0968600550922389
04	0	22	2	0.0968600550922389
04	0	22	5	0.0968600550922389
04	0	22	100	0.0123174566487999
04	0	22	74	0.0123174566487999
04	0	22	34	0.0123174566487999
04	0	22	71	0.0123174566487999
04	0	22	50	0.0123174566487999
04	0	22	37	0.009652948841842226
04	0	22	73	0.009652948841842226
04	0	22	82	0.009652948841842226
04	0	22	69	0.008950057321212266
04	0	22	42	0.009579586589006473
04	0	22	30	0.009579586589006473
04	0	22	95	0.008950057321212266
04	0	22	14	0.008950057321212266
04	0	22	68	0.008950057321212266
04	0	22	61	0.008950057321212266
04	0	22	3	0.008950057321212266
04	0	22	51	0.0037760364270961614
04	0	23	0	0.10406112394851526
04	0	23	2	0.10406112394851526
04	0	23	5	0.10406112394851526
04	0	23	100	0.015449934084539365
04	0	23	34	0.015449934084539365
04	0	23	74	0.015449934084539365
04	0	23	71	0.015449934084539365
04	0	23	42	0.015449934084539365
04	0	23	37	0.015449934084539365
04	0	23	50	0.015449934084539365
04	0	23	73	0.015449934084539365
04	0	23	30	0.015449934084539365
04	0	23	82	0.015449934084539365
04	0	23	69	0.015449934084539365
04	0	23	14	0.014287718702049713
04	0	23	95	0.005858802650312445
04	0	23	51	0.005147836089725263
04	0	23	3	0.005079818246331499
04	0	23	15	0.0022313223690092338
04	0	23	26	0.0022313223690092338
04	0	24	0	0.09886953596228704
04	0	24	5	0.09886953596228704
04	0	24	2	0.09886953596228704
04	0	24	100	0.013810043646241704
04	0	24	74	0.013810043646241704
04	0	24	34	0.013810043646241704
04	0	24	71	0.013810043646241704
04	0	24	50	0.013810043646241704
04	0	24	82	0.013810043646241704
04	0	24	37	0.013810043646241704
04	0	24	73	0.013810043646241704
04	0	24	69	0.013810043646241704
04	0	24	14	0.008431906234446769
04	0	24	30	0.008431906234446769
04	0	24	51	0.004311878102115617
04	0	24	95	0.008431906234446769
04	0	24	42	0.008431906234446769
04	0	24	3	0.008431906234446769
04	0	24	61	0.008431906234446769
04	0	24	68	0.008431906234446769
04	0	24	26	0.006813907597045223
04	0	25	0	0.09282533385833665
04	0	25	5	0.09282533385833665
04	0	25	2	0.09282533385833665
04	0	25	34	0.013300601210619415
04	0	25	82	0.013300601210619415
04	0	25	73	0.013300601210619415
04	0	25	37	0.013300601210619415
04	0	25	30	0.013300601210619415
04	0	25	100	0.013300601210619415
04	0	25	71	0.013300601210619415
04	0	25	42	0.013300601210619415
04	0	25	74	0.013300601210619415
04	0	25	68	0.013300601210619415
04	0	25	50	0.013300601210619415
04	0	25	95	0.013300601210619415
04	0	25	72	0.005863361611644828
04	0	25	93	0.010025189479721969
04	0	25	3	0.010025189479721969
04	0	25	61	0.013300601210619415
04	0	25	14	0.013300601210619415
04	0	25	69	0.013300601210619415
04	0	26	0	0.0988387457018954
04	0	26	2	0.0988387457018954
04	0	26	5	0.0988387457018954
04	0	26	100	0.013246950124765592
04	0	26	74	0.013246950124765592
04	0	26	34	0.013246950124765592
04	0	26	71	0.013246950124765592
04	0	26	50	0.013246950124765592
04	0	26	37	0.013246950124765592
04	0	26	82	0.013246950124765592
04	0	26	73	0.013246950124765592
04	0	26	30	0.010762034532735361
04	0	26	14	0.008971771435808358
04	0	26	42	0.008971771435808358
04	0	26	69	0.008971771435808358
04	0	26	95	0.008971771435808358
04	0	26	61	0.008971771435808358
04	0	26	3	0.008971771435808358
04	0	26	68	0.008971771435808358
04	0	26	93	0.007874098014109503
04	0	27	0	0.09788524377563962
04	0	27	5	0.09788524377563962
04	0	27	2	0.09788524377563962
04	0	27	100	0.018856441199336608
04	0	27	74	0.018856441199336608
04	0	27	34	0.018856441199336608
04	0	27	50	0.018856441199336608
04	0	27	71	0.018856441199336608
04	0	27	37	0.018856441199336608
04	0	27	42	0.018856441199336608
04	0	27	82	0.018856441199336608
04	0	27	73	0.018856441199336608
04	0	27	30	0.018856441199336608
04	0	27	14	0.018856441199336608
04	0	27	95	0.018856441199336608
04	0	27	69	0.003579340155468926
04	0	27	3	0.018856441199336608
04	0	27	61	0.018856441199336608
04	0	27	68	0.018856441199336608
04	0	27	51	0.0016314777673440486
04	0	28	0	0.08756242869918832
04	0	28	2	0.08756242869918832
04	0	28	5	0.08756242869918832
04	0	28	100	0.014480309161176652
04	0	28	74	0.014480309161176652
04	0	28	34	0.014480309161176652
04	0	28	37	0.014480309161176652
04	0	28	71	0.014480309161176652
04	0	28	50	0.014480309161176652
04	0	28	73	0.01098867899054308
04	0	28	30	0.01098867899054308
04	0	28	82	0.010519603033596555
04	0	28	14	0.008020114809339793
04	0	28	42	0.00688201575681154
04	0	28	69	0.0047485744868642835
04	0	28	3	0.00688201575681154
04	0	28	95	0.00688201575681154
04	0	28	51	0.0047485744868642835
04	0	28	78	0.0026601980735248814
04	0	28	88	0.0026601980735248814
04	0	29	0	0.09896918436204441
04	0	29	2	0.09896918436204441
04	0	29	5	0.09896918436204441
04	0	29	100	0.013844265732906539
04	0	29	74	0.013844265732906539
04	0	29	34	0.013844265732906539
04	0	29	71	0.013844265732906539
04	0	29	37	0.013844265732906539
04	0	29	82	0.012882878294310328
04	0	29	50	0.013844265732906539
04	0	29	73	0.013844265732906539
04	0	29	69	0.012882878294310328
04	0	29	14	0.012882878294310328
04	0	29	42	0.012882878294310328
04	0	29	95	0.012882878294310328
04	0	29	51	0.0023265587791344387
04	0	29	61	0.012882878294310328
04	0	29	30	0.012882878294310328
04	0	29	68	0.012882878294310328
04	0	29	3	0.012882878294310328
04	0	29	15	0.00892566063697022
04	0	30	0	0.09486492873293663
04	0	30	5	0.09486492873293663
04	0	30	2	0.09486492873293663
04	0	30	34	0.014325279235870715
04	0	30	74	0.014325279235870715
04	0	30	100	0.014325279235870715
04	0	30	50	0.014325279235870715
04	0	30	71	0.014325279235870715
04	0	30	37	0.014325279235870715
04	0	30	30	0.014325279235870715
04	0	30	82	0.014325279235870715
04	0	30	73	0.014325279235870715
04	0	30	69	0.008637783326157736
04	0	30	42	0.014325279235870715
04	0	30	14	0.014325279235870715
04	0	30	3	0.014325279235870715
04	0	30	61	0.014325279235870715
04	0	30	15	0.008637783326157736
04	0	30	95	0.005661197301402668
04	0	30	51	0.003963493244197836
04	0	31	0	0.08727819994967528
04	0	31	5	0.08727819994967528
04	0	31	2	0.08258647435414825
04	0	31	34	0.015441736161712755
04	0	31	100	0.015441736161712755
04	0	31	37	0.015441736161712755
04	0	31	73	0.015441736161712755
04	0	31	71	0.015441736161712755
04	0	31	74	0.015441736161712755
04	0	31	50	0.015441736161712755
04	0	31	82	0.012187677156399393
04	0	31	14	0.012187677156399393
04	0	31	30	0.012187677156399393
04	0	31	42	0.012187677156399393
04	0	31	95	0.012187677156399393
04	0	31	3	0.012187677156399393
04	0	31	68	0.012187677156399393
04	0	31	61	0.012187677156399393
04	0	31	93	0.012187677156399393
04	0	31	51	0.004724367717735946
04	0	32	0	0.10053130636694928
04	0	32	5	0.10053130636694928
04	0	32	2	0.10053130636694928
04	0	32	100	0.014103005447713196
04	0	32	74	0.014103005447713196
04	0	32	34	0.009913126431293207
04	0	32	71	0.009913126431293207
04	0	32	73	0.009913126431293207
04	0	32	37	0.009913126431293207
04	0	32	82	0.009913126431293207
04	0	32	50	0.009913126431293207
04	0	32	30	0.009309370931820982
04	0	32	95	0.009309370931820982
04	0	32	14	0.009309370931820982
04	0	32	69	0.009309370931820982
04	0	32	68	0.009309370931820982
04	0	32	42	0.009309370931820982
04	0	32	61	0.009309370931820982
04	0	32	3	0.009309370931820982
04	0	32	51	0.0052270630731652175
04	0	33	0	0.10324113596523744
04	0	33	5	0.10324113596523744
04	0	33	2	0.10324113596523744
04	0	33	100	0.017410888984792573
04	0	33	34	0.017410888984792573
04	0	33	37	0.017410888984792573
04	0	33	71	0.017410888984792573
04	0	33	74	0.017410888984792573
04	0	33	73	0.017410888984792573
04	0	33	82	0.017410888984792573
04	0	33	50	0.017410888984792573
04	0	33	14	0.017410888984792573
04	0	33	30	0.017410888984792573
04	0	33	95	0.009734515822918545
04	0	33	3	0.017410888984792573
04	0	33	42	0.017410888984792573
04	0	33	68	0.009734515822918545
04	0	33	61	0.008484212955187717
04	0	33	93	0.006077026000963973
04	0	33	51	0.0058050864230679115
04	0	34	0	0.09996503148470622
04	0	34	2	0.09996503148470622
04	0	34	5	0.09996503148470622
04	0	34	100	0.021175292958397825
04	0	34	74	0.021175292958397825
04	0	34	34	0.014501794335774164
04	0	34	37	0.014501794335774164
04	0	34	71	0.014501794335774164
04	0	34	73	0.014501794335774164
04	0	34	82	0.014501794335774164
04	0	34	50	0.007506260360267364
04	0	34	69	0.007506260360267364
04	0	34	42	0.014501794335774164
04	0	34	3	0.014501794335774164
04	0	34	61	0.014501794335774164
04	0	34	14	0.014501794335774164
04	0	34	30	0.014501794335774164
04	0	34	93	0.014501794335774164
04	0	34	95	0.007506260360267364
04	0	34	15	0.0039865322203717895
04	0	35	0	0.09915801102271112
04	0	35	5	0.09915801102271112
04	0	35	2	0.09915801102271112
04	0	35	34	0.01785953456878729
04	0	35	100	0.01785953456878729
04	0	35	37	0.01785953456878729
04	0	35	74	0.01785953456878729
04	0	35	71	0.01785953456878729
04	0	35	50	0.01785953456878729
04	0	35	73	0.01785953456878729
04	0	35	82	0.01785953456878729
04	0	35	14	0.01785953456878729
04	0	35	30	0.01785953456878729
04	0	35	42	0.01785953456878729
04	0	35	3	0.01785953456878729
04	0	35	69	0.004702706421319425
04	0	35	68	0.00436723012448512
04	0	35	61	0.0036301694343055676
04	0	35	26	0.0035395669727321193
04	0	35	15	0.0035395669727321193
04	0	35	93	0.0035395669727321193
04	0	36	0	0.09390267615228678
04	0	36	5	0.09390267615228678
04	0	36	2	0.09390267615228678
04	0	36	100	0.01809133888847644
04	0	36	74	0.01809133888847644
04	0	36	34	0.01809133888847644
04	0	36	50	0.01809133888847644
04	0	36	71	0.01809133888847644
04	0	36	37	0.01809133888847644
04	0	36	42	0.01809133888847644
04	0	36	73	0.01809133888847644
04	0	36	95	0.006648474066328564
04	0	36	30	0.01809133888847644
04	0	36	14	0.01809133888847644
04	0	36	82	0.01809133888847644
04	0	36	3	0.01809133888847644
04	0	36	61	0.01809133888847644
04	0	36	69	0.005389702842852833
04	0	36	68	0.005389702842852833
04	0	36	51	0.005389702842852833
04	0	37	0	0.10051445144882652
04	0	37	2	0.10051445144882652
04	0	37	5	0.10051445144882652
04	0	37	100	0.01414086144575177
04	0	37	71	0.012063273935792837
04	0	37	34	0.012063273935792837
04	0	37	37	0.012063273935792837
04	0	37	50	0.012063273935792837
04	0	37	30	0.012063273935792837
04	0	37	73	0.012063273935792837
04	0	37	82	0.012063273935792837
04	0	37	14	0.012063273935792837
04	0	37	42	0.012063273935792837
04	0	37	69	0.012063273935792837
04	0	37	3	0.012063273935792837
04	0	37	95	0.009176114194594529
04	0	37	68	0.008637366554992447
04	0	37	74	0.006558571308806357
04	0	37	51	0.003920051684824283
04	0	37	78	0.003920051684824283
04	0	38	0	0.10435526895198713
04	0	38	2	0.10435526895198713
04	0	38	5	0.10435526895198713
04	0	38	71	0.010903681896162852
04	0	38	34	0.010699511343781682
04	0	38	37	0.010699511343781682
04	0	38	73	0.010699511343781682
04	0	38	74	0.010699511343781682
04	0	38	82	0.010699511343781682
04	0	38	100	0.010125728324412237
04	0	38	14	0.010125728324412237
04	0	38	61	0.010125728324412237
04	0	38	30	0.010125728324412237
04	0	38	42	0.010125728324412237
04	0	38	95	0.009438405415873213
04	0	38	3	0.009438405415873213
04	0	38	68	0.009438405415873213
04	0	38	69	0.009438405415873213
04	0	38	50	0.009438405415873213
04	0	38	15	0.009438405415873213
04	0	39	0	0.0985559934035114
04	0	39	5	0.0985559934035114
04	0	39	2	0.0985559934035114
04	0	39	34	0.01652250888088093
04	0	39	100	0.01404677043177235
04	0	39	74	0.01404677043177235
04	0	39	71	0.01404677043177235
04	0	39	50	0.01404677043177235
04	0	39	37	0.01404677043177235
04	0	39	42	0.01404677043177235
04	0	39	82	0.01404677043177235
04	0	39	73	0.01404677043177235
04	0	39	14	0.01404677043177235
04	0	39	69	0.01404677043177235
04	0	39	30	0.01404677043177235
04	0	39	3	0.01404677043177235
04	0	39	95	0.01404677043177235
04	0	39	68	0.01404677043177235
04	0	39	61	0.01404677043177235
04	0	39	51	0.004173981555671415
04	0	40	0	0.0936166096829901
04	0	40	2	0.0936166096829901
04	0	40	5	0.0936166096829901
04	0	40	100	0.013484648787358248
04	0	40	74	0.013484648787358248
04	0	40	71	0.013484648787358248
04	0	40	34	0.013484648787358248
04	0	40	50	0.013484648787358248
04	0	40	37	0.013484648787358248
04	0	40	42	0.012017971243179246
04	0	40	73	0.013484648787358248
04	0	40	82	0.013484648787358248
04	0	40	69	0.013484648787358248
04	0	40	95	0.008757960816554564
04	0	40	14	0.012017971243179246
04	0	40	30	0.012017971243179246
04	0	40	3	0.012017971243179246
04	0	40	68	0.008172353561568176
04	0	40	61	0.008172353561568176
04	0	40	15	0.0038132213759923075
04	0	41	0	0.09237133542473298
04	0	41	2	0.09237133542473298
04	0	41	5	0.09237133542473298
04	0	41	34	0.01818885638986641
04	0	41	100	0.01818885638986641
04	0	41	74	0.01818885638986641
04	0	41	73	0.01818885638986641
04	0	41	71	0.01818885638986641
04	0	41	37	0.01818885638986641
04	0	41	50	0.01818885638986641
04	0	41	69	0.010215108929463075
04	0	41	82	0.010215108929463075
04	0	41	30	0.010215108929463075
04	0	41	14	0.010215108929463075
04	0	41	42	0.010215108929463075
04	0	41	61	0.010215108929463075
04	0	41	95	0.009465194743532832
04	0	41	3	0.009465194743532832
04	0	41	51	0.004621215029158109
04	0	41	68	0.009465194743532832
04	0	41	93	0.009465194743532832
04	0	42	0	0.1068030383653639
04	0	42	2	0.1068030383653639
04	0	42	5	0.1068030383653639
04	0	42	34	0.01763069303130298
04	0	42	37	0.01763069303130298
04	0	42	71	0.01763069303130298
04	0	42	100	0.01763069303130298
04	0	42	73	0.01763069303130298
04	0	42	42	0.01763069303130298
04	0	42	74	0.01763069303130298
04	0	42	30	0.01763069303130298
04	0	42	82	0.01763069303130298
04	0	42	14	0.01763069303130298
04	0	42	61	0.01763069303130298
04	0	42	50	0.01763069303130298
04	0	42	3	0.01763069303130298
04	0	42	95	0.01763069303130298
04	0	42	68	0.01763069303130298
04	0	42	69	0.01763069303130298
04	0	42	93	0.007936782526709573
04	0	43	0	0.09212570563015719
04	0	43	2	0.09212570563015719
04	0	43	5	0.09212570563015719
04	0	43	34	0.013576155705711754
04	0	43	100	0.012827462999942188
04	0	43	73	0.012827462999942188
04	0	43	37	0.012827462999942188
04	0	43	74	0.012827462999942188
04	0	43	14	0.012827462999942188
04	0	43	30	0.012287293201683695
04	0	43	42	0.011335437963345197
04	0	43	50	0.012827462999942188
04	0	43	82	0.012827462999942188
04	0	43	71	0.012827462999942188
04	0	43	3	0.011335437963345197
04	0	43	61	0.011335437963345197
04	0	43	68	0.012827462999942188
04	0	43	95	0.012827462999942188
04	0	43	69	0.004916522719799381
04	0	43	51	0.004916522719799381
04	0	44	0	0.09746900681607752
04	0	44	5	0.09746900681607752
04	0	44	2	0.09746900681607752
04	0	44	34	0.01793089615403391
04	0	44	100	0.01793089615403391
04	0	44	71	0.01793089615403391
04	0	44	37	0.01793089615403391
04	0	44	42	0.01793089615403391
04	0	44	74	0.01793089615403391
04	0	44	50	0.01793089615403391
04	0	44	73	0.01793089615403391
04	0	44	82	0.01793089615403391
04	0	44	61	0.01793089615403391
04	0	44	95	0.01793089615403391
04	0	44	68	0.01793089615403391
04	0	44	3	0.01793089615403391
04	0	44	30	0.01793089615403391
04	0	44	14	0.01793089615403391
04	0	44	15	0.004923466780982707
04	0	44	69	0.0009166364003584552
04	0	45	0	0.09673005425237141
04	0	45	5	0.09673005425237141
04	0	45	2	0.09363054074058963
04	0	45	100	0.015434758462362102
04	0	45	34	0.015434758462362102
04	0	45	71	0.015434758462362102
04	0	45	37	0.015434758462362102
04	0	45	42	0.015434758462362102
04	0	45	82	0.015434758462362102
04	0	45	95	0.015434758462362102
04	0	45	74	0.015434758462362102
04	0	45	73	0.015434758462362102
04	0	45	68	0.015434758462362102
04	0	45	61	0.015434758462362102
04	0	45	14	0.011706748347054367
04	0	45	30	0.011706748347054367
04	0	45	3	0.011706748347054367
04	0	45	50	0.011706748347054367
04	0	45	93	0.0006652761007653463
04	0	45	26	0.00769225261641425
04	0	45	15	0.00769225261641425
04	0	46	0	0.10992687927044903
04	0	46	2	0.10992687927044903
04	0	46	5	0.10992687927044903
04	0	46	100	0.013602509623475796
04	0	46	74	0.013602509623475796
04	0	46	71	0.013602509623475796
04	0	46	50	0.013602509623475796
04	0	46	37	0.013602509623475796
04	0	46	34	0.013602509623475796
04	0	46	73	0.013602509623475796
04	0	46	82	0.013602509623475796
04	0	46	30	0.013602509623475796
04	0	46	14	0.013602509623475796
04	0	46	42	0.013602509623475796
04	0	46	3	0.013602509623475796
04	0	46	61	0.013602509623475796
04	0	46	93	0.0067265788445477325
04	0	46	95	0.005745715585765285
04	0	46	69	0.005745715585765285
04	0	46	72	0.0067265788445477325
04	0	46	15	0.0067265788445477325
04	0	47	0	0.09442360927271898
04	0	47	5	0.09442360927271898
04	0	47	2	0.09442360927271898
04	0	47	100	0.017673769941455583
04	0	47	74	0.017673769941455583
04	0	47	71	0.017673769941455583
04	0	47	34	0.017673769941455583
04	0	47	50	0.017673769941455583
04	0	47	73	0.017673769941455583
04	0	47	37	0.017673769941455583
04	0	47	82	0.017673769941455583
04	0	47	14	0.00643386968589704
04	0	47	30	0.00643386968589704
04	0	47	42	0.00643386968589704
04	0	47	69	0.00643386968589704
04	0	47	3	0.00643386968589704
04	0	47	95	0.00643386968589704
04	0	47	93	0.00643386968589704
04	0	47	68	0.00643386968589704
04	0	47	51	0.005153441721920298
04	0	48	0	0.09781155508008971
04	0	48	2	0.09781155508008971
04	0	48	5	0.09781155508008971
04	0	48	100	0.019691930557116384
04	0	48	34	0.019691930557116384
04	0	48	74	0.019691930557116384
04	0	48	71	0.019691930557116384
04	0	48	37	0.019691930557116384
04	0	48	50	0.019691930557116384
04	0	48	82	0.019691930557116384
04	0	48	73	0.019691930557116384
04	0	48	14	0.019691930557116384
04	0	48	95	0.019691930557116384
04	0	48	30	0.019691930557116384
04	0	48	42	0.019691930557116384
04	0	48	3	0.019691930557116384
04	0	48	61	0.019691930557116384
04	0	48	68	0.019691930557116384
04	0	48	51	0.0057292628119697655
04	0	48	69	0.0019641337131435723
04	0	49	0	0.08896041388437494
04	0	49	5	0.08896041388437494
04	0	49	2	0.08896041388437494
04	0	49	100	0.015215023873553314
04	0	49	74	0.015215023873553314
04	0	49	34	0.01348262931658764
04	0	49	50	0.01348262931658764
04	0	49	37	0.01348262931658764
04	0	49	71	0.01348262931658764
04	0	49	73	0.01348262931658764
04	0	49	82	0.01348262931658764
04	0	49	30	0.012164026067572902
04	0	49	69	0.00837268593636687
04	0	49	14	0.012164026067572902
04	0	49	95	0.00837268593636687
04	0	49	3	0.012164026067572902
04	0	49	61	0.012164026067572902
04	0	49	42	0.012164026067572902
04	0	49	93	0.012164026067572902
04	0	49	72	0.00837268593636687
04	0	50	0	0.09034703593485204
04	0	50	5	0.09034703593485204
04	0	50	2	0.09034703593485204
04	0	50	100	0.017886141880177855
04	0	50	74	0.017886141880177855
04	0	50	34	0.017886141880177855
04	0	50	71	0.017886141880177855
04	0	50	37	0.017886141880177855
04	0	50	73	0.017886141880177855
04	0	50	50	0.017886141880177855
04	0	50	30	0.015413918325352818
04	0	50	14	0.015413918325352818
04	0	50	82	0.015413918325352818
04	0	50	69	0.008492610042484373
04	0	50	42	0.015413918325352818
04	0	50	95	0.015413918325352818
04	0	50	68	0.015413918325352818
04	0	50	3	0.015413918325352818
04	0	50	51	0.004180169307163896
04	0	50	78	0.002025354857577503
04	0	51	0	0.0865704392928623
04	0	51	5	0.0865704392928623
04	0	51	2	0.0865704392928623
04	0	51	100	0.014427539130537938
04	0	51	74	0.014427539130537938
04	0	51	34	0.012536561052280513
04	0	51	37	0.012536561052280513
04	0	51	71	0.012536561052280513
04	0	51	50	0.012536561052280513
04	0	51	82	0.012536561052280513
04	0	51	73	0.010533237276825678
04	0	51	30	0.010533237276825678
04	0	51	69	0.009801793596572182
04	0	51	42	0.009801793596572182
04	0	51	14	0.009801793596572182
04	0	51	61	0.009801793596572182
04	0	51	95	0.009801793596572182
04	0	51	68	0.009801793596572182
04	0	51	3	0.009801793596572182
04	0	51	51	0.005978546721951632
04	0	52	0	0.09727953417473723
04	0	52	5	0.09727953417473723
04	0	52	2	0.09727953417473723
04	0	52	100	0.013616926216758935
04	0	52	74	0.013616926216758935
04	0	52	34	0.01003532779805565
04	0	52	50	0.01003532779805565
04	0	52	71	0.01003532779805565
04	0	52	37	0.01003532779805565
04	0	52	82	0.01003532779805565
04	0	52	73	0.01003532779805565
04	0	52	69	0.01003532779805565
04	0	52	42	0.01003532779805565
04	0	52	30	0.01003532779805565
04	0	52	14	0.01003532779805565
04	0	52	95	0.009816899092047495
04	0	52	51	0.01003532779805565
04	0	52	3	0.01003532779805565
04	0	52	68	0.006129198739543522
04	0	52	61	0.004441151900280754
04	0	53	0	0.08771937090890339
04	0	53	2	0.08771937090890339
04	0	53	5	0.08771937090890339
04	0	53	100	0.01631738052228504
04	0	53	74	0.01631738052228504
04	0	53	71	0.01631738052228504
04	0	53	50	0.01631738052228504
04	0	53	34	0.01275916867837666
04	0	53	37	0.012455693430140203
04	0	53	82	0.012455693430140203
04	0	53	73	0.012455693430140203
04	0	53	69	0.005102266321274487
04	0	53	14	0.005971384037966388
04	0	53	30	0.005971384037966388
04	0	53	3	0.005971384037966388
04	0	53	42	0.005971384037966388
04	0	53	95	0.005971384037966388
04	0	53	61	0.005971384037966388
04	0	53	15	0.005102266321274487
04	0	53	68	0.005102266321274487
04	0	54	0	0.09570427683843856
04	0	54	2	0.09570427683843856
04	0	54	5	0.09570427683843856
04	0	54	34	0.01584835524076258
04	0	54	100	0.01584835524076258
04	0	54	71	0.01584835524076258
04	0	54	74	0.01584835524076258
04	0	54	37	0.01584835524076258
04	0	54	73	0.01584835524076258
04	0	54	42	0.01584835524076258
04	0	54	50	0.01584835524076258
04	0	54	82	0.01584835524076258
04	0	54	30	0.01584835524076258
04	0	54	14	0.01225098226343878
04	0	54	95	0.009637803771334871
04	0	54	3	0.009637803771334871
04	0	54	93	0.007172120315411145
04	0	54	68	0.009637803771334871
04	0	54	61	0.009637803771334871
04	0	54	26	0.007172120315411145
04	0	55	0	0.11132498131584113
04	0	55	2	0.11132498131584113
04	0	55	5	0.11132498131584113
04	0	55	34	0.013662245075994962
04	0	55	71	0.013662245075994962
04	0	55	37	0.013662245075994962
04	0	55	73	0.013662245075994962
04	0	55	100	0.013662245075994962
04	0	55	82	0.013662245075994962
04	0	55	30	0.013662245075994962
04	0	55	14	0.013662245075994962
04	0	55	74	0.013662245075994962
04	0	55	42	0.013662245075994962
04	0	55	3	0.013662245075994962
04	0	55	95	0.013662245075994962
04	0	55	50	0.013662245075994962
04	0	55	68	0.013662245075994962
04	0	55	69	0.013662245075994962
04	0	55	61	0.013662245075994962
04	0	55	15	0.007035496617799412
04	0	56	0	0.09165930401121301
04	0	56	2	0.09165930401121301
04	0	56	5	0.09165930401121301
04	0	56	100	0.014577241282763765
04	0	56	74	0.014577241282763765
04	0	56	34	0.014577241282763765
04	0	56	71	0.014577241282763765
04	0	56	50	0.014577241282763765
04	0	56	37	0.014577241282763765
04	0	56	82	0.01032004451062349
04	0	56	73	0.01032004451062349
04	0	56	69	0.01032004451062349
04	0	56	14	0.01032004451062349
04	0	56	30	0.01032004451062349
04	0	56	42	0.01032004451062349
04	0	56	51	0.00661188982331322
04	0	56	61	0.01032004451062349
04	0	56	3	0.01032004451062349
04	0	56	95	0.01032004451062349
04	0	56	78	0.000606878436263598
04	0	57	0	0.0944040548358235
04	0	57	2	0.0944040548358235
04	0	57	5	0.0944040548358235
04	0	57	100	0.015028274962887748
04	0	57	74	0.015028274962887748
04	0	57	34	0.01339707267177
04	0	57	50	0.01339707267177
04	0	57	37	0.01339707267177
04	0	57	71	0.01339707267177
04	0	57	82	0.011805371318790675
04	0	57	73	0.011805371318790675
04	0	57	14	0.008109993528730644
04	0	57	30	0.008109993528730644
04	0	57	42	0.008109993528730644
04	0	57	69	0.007349514072195506
04	0	57	95	0.008109993528730644
04	0	57	51	0.004694226665974718
04	0	57	61	0.008109993528730644
04	0	57	68	0.008109993528730644
04	0	57	3	0.008109993528730644
04	0	57	15	0.006755362990300508
04	0	57	93	0.006755362990300508
04	0	58	0	0.10043926067373582
04	0	58	2	0.10043926067373582
04	0	58	5	0.10043926067373582
04	0	58	100	0.014726018381048499
04	0	58	74	0.014726018381048499
04	0	58	34	0.014726018381048499
04	0	58	71	0.014726018381048499
04	0	58	50	0.014726018381048499
04	0	58	82	0.014726018381048499
04	0	58	37	0.014726018381048499
04	0	58	73	0.014726018381048499
04	0	58	30	0.01212863305609271
04	0	58	14	0.01212863305609271
04	0	58	69	0.01212863305609271
04	0	58	95	0.01212863305609271
04	0	58	42	0.01212863305609271
04	0	58	3	0.01212863305609271
04	0	58	68	0.01212863305609271
04	0	58	61	0.011091518367388937
04	0	58	15	0.0036905685592829992
04	0	59	0	0.09907871267639648
04	0	59	5	0.09907871267639648
04	0	59	2	0.09907871267639648
04	0	59	34	0.015703389158392828
04	0	59	37	0.015703389158392828
04	0	59	100	0.015703389158392828
04	0	59	74	0.015703389158392828
04	0	59	71	0.015703389158392828
04	0	59	50	0.015703389158392828
04	0	59	82	0.015703389158392828
04	0	59	73	0.015703389158392828
04	0	59	30	0.015703389158392828
04	0	59	14	0.015703389158392828
04	0	59	42	0.015703389158392828
04	0	59	95	0.015703389158392828
04	0	59	61	0.015703389158392828
04	0	59	3	0.015703389158392828
04	0	59	68	0.015703389158392828
04	0	59	51	0.004054063575456786
04	0	59	26	0.0030394639955844383
04	0	60	0	0.08911054582203665
04	0	60	2	0.08911054582203665
04	0	60	5	0.08911054582203665
04	0	60	100	0.017557103106402745
04	0	60	34	0.017557103106402745
04	0	60	71	0.017557103106402745
04	0	60	74	0.017557103106402745
04	0	60	37	0.017557103106402745
04	0	60	50	0.017557103106402745
04	0	60	82	0.017557103106402745
04	0	60	73	0.017557103106402745
04	0	60	30	0.014716180129690358
04	0	60	14	0.014716180129690358
04	0	60	42	0.014716180129690358
04	0	60	95	0.014716180129690358
04	0	60	61	0.014716180129690358
04	0	60	69	0.014716180129690358
04	0	60	3	0.014716180129690358
04	0	60	68	0.014716180129690358
04	0	60	15	0.004754332883118064
04	0	61	0	0.09482491097743377
04	0	61	2	0.09482491097743377
04	0	61	5	0.09482491097743377
04	0	61	34	0.01698853960948385
04	0	61	100	0.01698853960948385
04	0	61	74	0.01698853960948385
04	0	61	37	0.01698853960948385
04	0	61	71	0.01698853960948385
04	0	61	50	0.01698853960948385
04	0	61	73	0.01698853960948385
04	0	61	82	0.01698853960948385
04	0	61	14	0.01698853960948385
04	0	61	30	0.01698853960948385
04	0	61	42	0.01698853960948385
04	0	61	69	0.01698853960948385
04	0	61	61	0.01698853960948385
04	0	61	3	0.01698853960948385
04	0	61	95	0.010265654263512853
04	0	61	68	0.010265654263512853
04	0	61	93	0.008886305731501492
04	0	62	0	0.09674154547740012
04	0	62	2	0.09674154547740012
04	0	62	5	0.09674154547740012
04	0	62	100	0.012601565903517914
04	0	62	34	0.012601565903517914
04	0	62	74	0.012601565903517914
04	0	62	50	0.012601565903517914
04	0	62	71	0.012601565903517914
04	0	62	37	0.012131042324195563
04	0	62	73	0.012131042324195563
04	0	62	82	0.012131042324195563
04	0	62	42	0.010488476523856882
04	0	62	14	0.010488476523856882
04	0	62	69	0.010488476523856882
04	0	62	30	0.010488476523856882
04	0	62	95	0.010488476523856882
04	0	62	51	0.0056959709109561584
04	0	62	61	0.010488476523856882
04	0	62	68	0.010488476523856882
04	0	62	3	0.010488476523856882
04	0	63	0	0.09591928115685505
04	0	63	2	0.09591928115685505
04	0	63	5	0.09591928115685505
04	0	63	100	0.011664245131703587
04	0	63	34	0.011664245131703587
04	0	63	37	0.011664245131703587
04	0	63	73	0.011664245131703587
04	0	63	74	0.011664245131703587
04	0	63	71	0.011664245131703587
04	0	63	42	0.011664245131703587
04	0	63	30	0.011664245131703587
04	0	63	50	0.011664245131703587
04	0	63	82	0.011664245131703587
04	0	63	95	0.011571694867219814
04	0	63	14	0.011571694867219814
04	0	63	68	0.011571694867219814
04	0	63	61	0.009119029199246802
04	0	63	3	0.008927982584844474
04	0	63	93	0.008927982584844474
04	0	63	51	0.004096886996235002
04	0	64	0	0.09102079736240803
04	0	64	5	0.08764273993149557
04	0	64	2	0.08764273993149557
04	0	64	100	0.014193610767987601
04	0	64	34	0.014193610767987601
04	0	64	74	0.014193610767987601
04	0	64	37	0.014193610767987601
04	0	64	71	0.014193610767987601
04	0	64	50	0.01403947163350785
04	0	64	73	0.01403947163350785
04	0	64	82	0.01403947163350785
04	0	64	69	0.008357113185319842
04	0	64	95	0.010831078859679074
04	0	64	14	0.010831078859679074
04	0	64	42	0.010831078859679074
04	0	64	30	0.010831078859679074
04	0	64	51	0.005204079195917505
04	0	64	61	0.010831078859679074
04	0	64	3	0.010831078859679074
04	0	64	68	0.010831078859679074
04	0	65	0	0.07854829840200771
04	0	65	2	0.07854829840200771
04	0	65	5	0.07854829840200771
04	0	65	34	0.013764200465478538
04	0	65	100	0.012920802737153694
04	0	65	74	0.012920802737153694
04	0	65	71	0.012920802737153694
04	0	65	50	0.012920802737153694
04	0	65	37	0.012920802737153694
04	0	65	82	0.010581662978395941
04	0	65	73	0.010581662978395941
04	0	65	14	0.010581662978395941
04	0	65	30	0.010581662978395941
04	0	65	61	0.010581662978395941
04	0	65	42	0.010581662978395941
04	0	65	69	0.009112373839697244
04	0	65	3	0.010581662978395941
04	0	65	95	0.010581662978395941
04	0	65	68	0.010581662978395941
04	0	65	93	0.006632899607802478
04	0	66	0	0.09373584132425516
04	0	66	2	0.09373584132425516
04	0	66	5	0.09373584132425516
04	0	66	100	0.015762574202026373
04	0	66	74	0.015762574202026373
04	0	66	34	0.015762574202026373
04	0	66	71	0.015762574202026373
04	0	66	50	0.015762574202026373
04	0	66	37	0.015762574202026373
04	0	66	82	0.011700576107620375
04	0	66	30	0.011700576107620375
04	0	66	73	0.011700576107620375
04	0	66	14	0.011700576107620375
04	0	66	42	0.011700576107620375
04	0	66	3	0.009547893879733232
04	0	66	68	0.009547893879733232
04	0	66	61	0.005652417384699625
04	0	66	15	0.005652417384699625
04	0	66	51	0.005652417384699625
04	0	66	69	0.005652417384699625
04	0	67	0	0.09068976177262626
04	0	67	5	0.09068976177262626
04	0	67	2	0.08496503914201511
04	0	67	34	0.013974338569802817
04	0	67	37	0.013974338569802817
04	0	67	100	0.013974338569802817
04	0	67	30	0.013974338569802817
04	0	67	73	0.013974338569802817
04	0	67	42	0.013974338569802817
04	0	67	50	0.013974338569802817
04	0	67	82	0.013974338569802817
04	0	67	74	0.013974338569802817
04	0	67	71	0.013974338569802817
04	0	67	61	0.013974338569802817
04	0	67	14	0.013974338569802817
04	0	67	95	0.008660070101714355
04	0	67	68	0.008660070101714355
04	0	67	3	0.008660070101714355
04	0	67	51	0.008307807277811852
04	0	67	93	0.007510820096369845
04	0	68	0	0.08950044394325732
04	0	68	2	0.08950044394325732
04	0	68	5	0.08950044394325732
04	0	68	100	0.014602276172756983
04	0	68	34	0.014602276172756983
04	0	68	74	0.014602276172756983
04	0	68	71	0.014208609028469531
04	0	68	50	0.014208609028469531
04	0	68	37	0.014208609028469531
04	0	68	42	0.014208609028469531
04	0	68	73	0.010045948348870652
04	0	68	82	0.010045948348870652
04	0	68	14	0.010045948348870652
04	0	68	30	0.010045948348870652
04	0	68	3	0.007306928404294345
04	0	68	69	0.0066345313083831774
04	0	68	51	0.0059983281271190295
04	0	68	61	0.0059983281271190295
04	0	68	95	0.0059983281271190295
04	0	68	68	0.0059983281271190295
04	0	69	0	0.09681016532834585
04	0	69	2	0.09681016532834585
04	0	69	5	0.09681016532834585
04	0	69	100	0.013291793817638477
04	0	69	74	0.01305607263896315
04	0	69	34	0.012036913027073454
04	0	69	71	0.012036913027073454
04	0	69	50	0.012036913027073454
04	0	69	37	0.011912309778062005
04	0	69	82	0.011058116926607308
04	0	69	73	0.011058116926607308
04	0	69	14	0.011058116926607308
04	0	69	42	0.011058116926607308
04	0	69	30	0.011058116926607308
04	0	69	61	0.011058116926607308
04	0	69	95	0.011058116926607308
04	0	69	3	0.011058116926607308
04	0	69	68	0.011058116926607308
04	0	69	15	0.00986357661500533
04	0	69	69	0.003870205099574753
04	0	70	0	0.09978102022779112
04	0	70	5	0.09978102022779112
04	0	70	2	0.09978102022779112
04	0	70	100	0.014295922825368035
04	0	70	34	0.014295922825368035
04	0	70	71	0.014295922825368035
04	0	70	82	0.014295922825368035
04	0	70	30	0.014295922825368035
04	0	70	74	0.012771587822910218
04	0	70	37	0.012771587822910218
04	0	70	50	0.012771587822910218
04	0	70	73	0.012771587822910218
04	0	70	14	0.012771587822910218
04	0	70	68	0.012771587822910218
04	0	70	95	0.012771587822910218
04	0	70	42	0.012771587822910218
04	0	70	3	0.012771587822910218
04	0	70	69	0.012771587822910218
04	0	70	51	0.0035773832501697334
04	0	70	61	0.002512391827666864
04	0	71	0	0.0960225401722961
04	0	71	5	0.0960225401722961
04	0	71	2	0.0960225401722961
04	0	71	34	0.018999511269689653
04	0	71	100	0.018999511269689653
04	0	71	74	0.018999511269689653
04	0	71	71	0.018999511269689653
04	0	71	37	0.018999511269689653
04	0	71	73	0.018999511269689653
04	0	71	50	0.018999511269689653
04	0	71	82	0.018999511269689653
04	0	71	42	0.018999511269689653
04	0	71	30	0.018999511269689653
04	0	71	14	0.012359400884713172
04	0	71	3	0.012359400884713172
04	0	71	68	0.0063747017375417915
04	0	71	61	0.0063747017375417915
04	0	71	95	0.0063747017375417915
04	0	71	93	0.006310203518864533
04	0	71	51	0.0020137632822052397
04	0	72	0	0.09273377058213803
04	0	72	5	0.09273377058213803
04	0	72	2	0.09273377058213803
04	0	72	100	0.014783829054234551
04	0	72	34	0.013497392865870919
04	0	72	37	0.013497392865870919
04	0	72	71	0.013497392865870919
04	0	72	74	0.013497392865870919
04	0	72	50	0.013497392865870919
04	0	72	82	0.013497392865870919
04	0	72	42	0.013497392865870919
04	0	72	30	0.013497392865870919
04	0	72	73	0.013497392865870919
04	0	72	14	0.013497392865870919
04	0	72	69	0.006895756122210187
04	0	72	61	0.013127528594656278
04	0	72	3	0.013127528594656278
04	0	72	15	0.006895756122210187
04	0	72	95	0.006895756122210187
04	0	72	93	0.0016767854832326979
04	0	73	0	0.08905775205974864
04	0	73	2	0.08746952257640522
04	0	73	5	0.08746952257640522
04	0	73	34	0.01643640609615864
04	0	73	100	0.015449793369522045
04	0	73	71	0.015449793369522045
04	0	73	74	0.015449793369522045
04	0	73	42	0.015449793369522045
04	0	73	37	0.015449793369522045
04	0	73	82	0.015449793369522045
04	0	73	73	0.015449793369522045
04	0	73	50	0.015449793369522045
04	0	73	14	0.015449793369522045
04	0	73	30	0.015449793369522045
04	0	73	61	0.015449793369522045
04	0	73	3	0.015449793369522045
04	0	73	68	0.01507811238432521
04	0	73	95	0.01507811238432521
04	0	73	51	0.006534282280117281
04	0	73	93	0.005059306571706633
04	0	74	0	0.10017891302445545
04	0	74	5	0.10017891302445545
04	0	74	2	0.10017891302445545
04	0	74	100	0.020050568555851935
04	0	74	74	0.020050568555851935
04	0	74	71	0.020050568555851935
04	0	74	34	0.020050568555851935
04	0	74	37	0.020050568555851935
04	0	74	50	0.020050568555851935
04	0	74	82	0.020050568555851935
04	0	74	73	0.020050568555851935
04	0	74	42	0.020050568555851935
04	0	74	14	0.020050568555851935
04	0	74	30	0.020050568555851935
04	0	74	95	0.020050568555851935
04	0	74	69	0.00594617038744745
04	0	74	3	0.020050568555851935
04	0	74	61	0.020050568555851935
04	0	74	68	0.020050568555851935
04	0	74	51	0.00594617038744745
04	0	75	0	0.0939793627295608
04	0	75	5	0.09361561771367971
04	0	75	2	0.09361561771367971
04	0	75	100	0.01775711364955275
04	0	75	34	0.01775711364955275
04	0	75	37	0.01775711364955275
04	0	75	73	0.015280702018897247
04	0	75	50	0.01775711364955275
04	0	75	71	0.01775711364955275
04	0	75	74	0.01775711364955275
04	0	75	69	0.009938057801652186
04	0	75	95	0.009938057801652186
04	0	75	14	0.015280702018897247
04	0	75	82	0.015280702018897247
04	0	75	42	0.015280702018897247
04	0	75	30	0.015280702018897247
04	0	75	3	0.015280702018897247
04	0	75	61	0.015280702018897247
04	0	75	93	0.010496396809391451
04	0	75	26	0.0011021941113802808
04	0	76	0	0.09605298469063989
04	0	76	5	0.09605298469063989
04	0	76	2	0.09605298469063989
04	0	76	100	0.01629227429446499
04	0	76	74	0.01629227429446499
04	0	76	34	0.01629227429446499
04	0	76	71	0.01629227429446499
04	0	76	50	0.01629227429446499
04	0	76	37	0.013941970019350327
04	0	76	73	0.013941970019350327
04	0	76	30	0.013941970019350327
04	0	76	42	0.013941970019350327
04	0	76	14	0.013941970019350327
04	0	76	82	0.013941970019350327
04	0	76	69	0.007101306868471341
04	0	76	51	0.007101306868471341
04	0	76	3	0.007101306868471341
04	0	76	95	0.007101306868471341
04	0	76	61	0.007101306868471341
04	0	76	68	0.00687426659517904
04	0	77	0	0.09613983055394441
04	0	77	5	0.09613983055394441
04	0	77	2	0.09613983055394441
04	0	77	34	0.013666558659558327
04	0	77	74	0.014337807526965408
04	0	77	100	0.014337807526965408
04	0	77	50	0.013666558659558327
04	0	77	71	0.011090001616492352
04	0	77	73	0.013666558659558327
04	0	77	37	0.013666558659558327
04	0	77	69	0.011090001616492352
04	0	77	82	0.011090001616492352
04	0	77	14	0.011090001616492352
04	0	77	30	0.011090001616492352
04	0	77	3	0.007952232104455347
04	0	77	51	0.007952232104455347
04	0	77	42	0.007952232104455347
04	0	77	95	0.007952232104455347
04	0	77	68	0.007952232104455347
04	0	77	61	0.007952232104455347
04	0	78	0	0.09614775955052808
04	0	78	5	0.09614775955052808
04	0	78	2	0.08890632545447599
04	0	78	100	0.016375113933395243
04	0	78	34	0.016375113933395243
04	0	78	71	0.016375113933395243
04	0	78	74	0.016375113933395243
04	0	78	37	0.016375113933395243
04	0	78	82	0.016375113933395243
04	0	78	50	0.016375113933395243
04	0	78	73	0.016375113933395243
04	0	78	30	0.016375113933395243
04	0	78	14	0.016375113933395243
04	0	78	61	0.016375113933395243
04	0	78	95	0.016375113933395243
04	0	78	3	0.016375113933395243
04	0	78	42	0.016375113933395243
04	0	78	68	0.016375113933395243
04	0	78	51	0.0048143564416683144
04	0	78	78	0.0019369961436600338
04	0	79	0	0.0959813759843757
04	0	79	5	0.0959813759843757
04	0	79	2	0.0959813759843757
04	0	79	100	0.016036138237421914
04	0	79	37	0.019236394978695833
04	0	79	34	0.019236394978695833
04	0	79	74	0.016036138237421914
04	0	79	71	0.016036138237421914
04	0	79	50	0.016036138237421914
04	0	79	82	0.016036138237421914
04	0	79	73	0.016036138237421914
04	0	79	30	0.016036138237421914
04	0	79	95	0.009022611231648365
04	0	79	69	0.009022611231648365
04	0	79	14	0.016036138237421914
04	0	79	42	0.016036138237421914
04	0	79	3	0.016036138237421914
04	0	79	61	0.016036138237421914
04	0	79	15	0.009022611231648365
04	0	79	26	0.0031464595275970636
04	0	80	0	0.09353640487175185
04	0	80	5	0.09353640487175185
04	0	80	2	0.09155737909467494
04	0	80	34	0.018979201728583382
04	0	80	100	0.018979201728583382
04	0	80	37	0.018979201728583382
04	0	80	74	0.018979201728583382
04	0	80	71	0.018979201728583382
04	0	80	30	0.018979201728583382
04	0	80	73	0.018979201728583382
04	0	80	82	0.018979201728583382
04	0	80	14	0.018979201728583382
04	0	80	42	0.018979201728583382
04	0	80	50	0.018979201728583382
04	0	80	61	0.018979201728583382
04	0	80	3	0.018979201728583382
04	0	80	95	0.010606643117740356
04	0	80	68	0.010606643117740356
04	0	80	15	0.003571471072804967
04	0	80	51	0.003571471072804967
04	0	81	0	0.10117118624800288
04	0	81	2	0.10117118624800288
04	0	81	5	0.10117118624800288
04	0	81	100	0.014838567082235759
04	0	81	34	0.014838567082235759
04	0	81	37	0.014838567082235759
04	0	81	74	0.014838567082235759
04	0	81	71	0.014838567082235759
04	0	81	42	0.014838567082235759
04	0	81	82	0.014838567082235759
04	0	81	73	0.014838567082235759
04	0	81	30	0.014838567082235759
04	0	81	50	0.014838567082235759
04	0	81	14	0.014838567082235759
04	0	81	61	0.014838567082235759
04	0	81	3	0.014838567082235759
04	0	81	95	0.014838567082235759
04	0	81	68	0.014838567082235759
04	0	81	26	0.0036571598263777606
04	0	81	51	0.003151347272407948
04	0	82	0	0.09990390001291083
04	0	82	5	0.09990390001291083
04	0	82	2	0.09990390001291083
04	0	82	100	0.013371009231677949
04	0	82	34	0.013371009231677949
04	0	82	74	0.013371009231677949
04	0	82	71	0.013371009231677949
04	0	82	37	0.013371009231677949
04	0	82	82	0.013371009231677949
04	0	82	50	0.013371009231677949
04	0	82	73	0.013371009231677949
04	0	82	30	0.013371009231677949
04	0	82	14	0.013371009231677949
04	0	82	42	0.013371009231677949
04	0	82	69	0.013371009231677949
04	0	82	3	0.013371009231677949
04	0	82	95	0.013371009231677949
04	0	82	68	0.013371009231677949
04	0	82	51	0.0057257042125185235
04	0	82	61	0.0029143769639835984
04	0	83	0	0.10411632088706532
04	0	83	2	0.10411632088706532
04	0	83	5	0.10411632088706532
04	0	83	100	0.017423708220595087
04	0	83	71	0.014197515781681495
04	0	83	34	0.014197515781681495
04	0	83	74	0.014197515781681495
04	0	83	50	0.014197515781681495
04	0	83	37	0.014197515781681495
04	0	83	73	0.014197515781681495
04	0	83	82	0.014197515781681495
04	0	83	42	0.014197515781681495
04	0	83	69	0.014197515781681495
04	0	83	30	0.014197515781681495
04	0	83	14	0.014197515781681495
04	0	83	95	0.014197515781681495
04	0	83	78	0.005975021472850447
04	0	83	61	0.014197515781681495
04	0	83	68	0.014197515781681495
04	0	83	3	0.014197515781681495
04	0	84	0	0.09253119570970553
04	0	84	5	0.09253119570970553
04	0	84	2	0.09253119570970553
04	0	84	34	0.01977373153794853
04	0	84	71	0.01977373153794853
04	0	84	37	0.01977373153794853
04	0	84	42	0.01977373153794853
04	0	84	74	0.01977373153794853
04	0	84	82	0.01977373153794853
04	0	84	100	0.01977373153794853
04	0	84	95	0.01977373153794853
04	0	84	3	0.01977373153794853
04	0	84	61	0.01977373153794853
04	0	84	14	0.01977373153794853
04	0	84	73	0.01977373153794853
04	0	84	30	0.01977373153794853
04	0	84	69	0.01977373153794853
04	0	84	68	0.01977373153794853
04	0	84	50	0.01977373153794853
04	0	84	51	0.006317827763866443
04	0	85	0	0.10180725572420371
04	0	85	5	0.10180725572420371
04	0	85	2	0.1016964081518058
04	0	85	100	0.014033026709218709
04	0	85	34	0.014033026709218709
04	0	85	74	0.014033026709218709
04	0	85	71	0.014033026709218709
04	0	85	37	0.014033026709218709
04	0	85	73	0.014033026709218709
04	0	85	50	0.014033026709218709
04	0	85	82	0.014033026709218709
04	0	85	14	0.008775813117188705
04	0	85	30	0.014033026709218709
04	0	85	42	0.014033026709218709
04	0	85	61	0.008502058312293819
04	0	85	95	0.008502058312293819
04	0	85	3	0.008465152662601954
04	0	85	68	0.008465152662601954
04	0	85	15	0.005936213750800635
04	0	85	51	0.005086505858148674
04	0	86	0	0.09028757821027236
04	0	86	5	0.09028757821027236
04	0	86	2	0.09028757821027236
04	0	86	100	0.020596409911531013
04	0	86	74	0.020596409911531013
04	0	86	34	0.020596409911531013
04	0	86	71	0.020596409911531013
04	0	86	50	0.020596409911531013
04	0	86	82	0.020596409911531013
04	0	86	37	0.020596409911531013
04	0	86	14	0.020596409911531013
04	0	86	69	0.020596409911531013
04	0	86	73	0.020596409911531013
04	0	86	30	0.020596409911531013
04	0	86	3	0.020596409911531013
04	0	86	42	0.020596409911531013
04	0	86	51	0.0036540720448217773
04	0	86	78	0.0036540720448217773
04	0	86	68	0.020596409911531013
04	0	86	95	0.020596409911531013
04	0	86	61	0.020596409911531013
04	0	86	15	0.0035677206048772116
04	0	87	0	0.09822338729866208
04	0	87	2	0.09822338729866208
04	0	87	5	0.09822338729866208
04	0	87	34	0.0131094142889912
04	0	87	100	0.0131094142889912
04	0	87	71	0.0131094142889912
04	0	87	74	0.0131094142889912
04	0	87	37	0.0131094142889912
04	0	87	73	0.0131094142889912
04	0	87	50	0.0131094142889912
04	0	87	82	0.0131094142889912
04	0	87	30	0.0131094142889912
04	0	87	42	0.0131094142889912
04	0	87	14	0.009644685120407868
04	0	87	95	0.009644685120407868
04	0	87	61	0.009644685120407868
04	0	87	68	0.009644685120407868
04	0	87	3	0.009644685120407868
04	0	87	93	0.005058890130373833
04	0	87	51	0.0031262825952589166
04	0	88	0	0.1070277398759623
04	0	88	2	0.1070277398759623
04	0	88	5	0.1070277398759623
04	0	88	100	0.015566892960362623
04	0	88	34	0.015566892960362623
04	0	88	74	0.015566892960362623
04	0	88	71	0.015566892960362623
04	0	88	82	0.015566892960362623
04	0	88	30	0.015566892960362623
04	0	88	37	0.013776541829020056
04	0	88	50	0.015566892960362623
04	0	88	73	0.015566892960362623
04	0	88	14	0.011640595791994042
04	0	88	3	0.011640595791994042
04	0	88	95	0.011640595791994042
04	0	88	61	0.011640595791994042
04	0	88	68	0.011640595791994042
04	0	88	42	0.007700626165014873
04	0	88	15	0.007700626165014873
04	0	88	51	0.005874056669252216
04	0	89	0	0.09971595754831859
04	0	89	5	0.09971595754831859
04	0	89	2	0.09971595754831859
04	0	89	100	0.011655889958443985
04	0	89	34	0.011655889958443985
04	0	89	37	0.011655889958443985
04	0	89	71	0.011655889958443985
04	0	89	74	0.011655889958443985
04	0	89	30	0.011655889958443985
04	0	89	73	0.011655889958443985
04	0	89	82	0.011655889958443985
04	0	89	50	0.011655889958443985
04	0	89	42	0.011655889958443985
04	0	89	14	0.011655889958443985
04	0	89	3	0.011655889958443985
04	0	89	95	0.010721089852216436
04	0	89	61	0.010011503062369623
04	0	89	68	0.008760523740698288
04	0	89	93	0.00858327167738937
04	0	89	15	0.00858327167738937
04	0	90	0	0.10424872056736753
04	0	90	2	0.10424872056736753
04	0	90	5	0.10424872056736753
04	0	90	71	0.011697039008807494
04	0	90	34	0.011697039008807494
04	0	90	37	0.011697039008807494
04	0	90	100	0.011697039008807494
04	0	90	73	0.011697039008807494
04	0	90	82	0.011697039008807494
04	0	90	30	0.011697039008807494
04	0	90	74	0.011697039008807494
04	0	90	42	0.011697039008807494
04	0	90	14	0.011697039008807494
04	0	90	95	0.011697039008807494
04	0	90	3	0.011697039008807494
04	0	90	50	0.011697039008807494
04	0	90	68	0.011697039008807494
04	0	90	93	0.011697039008807494
04	0	90	61	0.011697039008807494
04	0	90	15	0.01163090837400134
04	0	91	0	0.08871350101763219
04	0	91	2	0.08871350101763219
04	0	91	5	0.08871350101763219
04	0	91	100	0.0175236658859644
04	0	91	37	0.0175236658859644
04	0	91	34	0.0175236658859644
04	0	91	74	0.0175236658859644
04	0	91	71	0.0175236658859644
04	0	91	50	0.0175236658859644
04	0	91	82	0.0175236658859644
04	0	91	69	0.0175236658859644
04	0	91	73	0.0175236658859644
04	0	91	42	0.0175236658859644
04	0	91	30	0.0175236658859644
04	0	91	14	0.0175236658859644
04	0	91	61	0.0175236658859644
04	0	91	3	0.0175236658859644
04	0	91	95	0.0070139247805617
04	0	91	68	0.005203314778806044
04	0	91	93	0.001868715257027111
04	0	92	0	0.09940177514369665
04	0	92	2	0.09940177514369665
04	0	92	5	0.0993661005917264
04	0	92	71	0.011913373018624652
04	0	92	34	0.011913373018624652
04	0	92	100	0.011470525535709984
04	0	92	82	0.011470525535709984
04	0	92	37	0.011470525535709984
04	0	92	30	0.011470525535709984
04	0	92	73	0.011470525535709984
04	0	92	14	0.011470525535709984
04	0	92	42	0.011470525535709984
04	0	92	74	0.011470525535709984
04	0	92	61	0.011470525535709984
04	0	92	95	0.011470525535709984
04	0	92	3	0.011470525535709984
04	0	92	50	0.011470525535709984
04	0	92	68	0.011184702058429813
04	0	92	69	0.006210050877630465
04	0	92	15	0.0017668801122811793
04	0	93	0	0.09781662776002834
04	0	93	5	0.09781662776002834
04	0	93	2	0.09781662776002834
04	0	93	100	0.014374229873384539
04	0	93	74	0.012864704006397066
04	0	93	34	0.012864704006397066
04	0	93	37	0.012864704006397066
04	0	93	42	0.012864704006397066
04	0	93	50	0.012864704006397066
04	0	93	71	0.012864704006397066
04	0	93	82	0.012864704006397066
04	0	93	69	0.012864704006397066
04	0	93	30	0.012864704006397066
04	0	93	73	0.012864704006397066
04	0	93	14	0.012864704006397066
04	0	93	3	0.010712041069954804
04	0	93	61	0.010712041069954804
04	0	93	95	0.010712041069954804
04	0	93	68	0.010712041069954804
04	0	93	51	0.005157355663012481
04	0	94	0	0.10342402836935156
04	0	94	5	0.10342402836935156
04	0	94	2	0.10342402836935156
04	0	94	100	0.01417919951373607
04	0	94	74	0.01417919951373607
04	0	94	34	0.01417919951373607
04	0	94	71	0.013669631372480546
04	0	94	82	0.013669631372480546
04	0	94	50	0.013669631372480546
04	0	94	37	0.013669631372480546
04	0	94	73	0.013669631372480546
04	0	94	42	0.013669631372480546
04	0	94	69	0.013669631372480546
04	0	94	95	0.013669631372480546
04	0	94	30	0.013669631372480546
04	0	94	14	0.013669631372480546
04	0	94	61	0.013669631372480546
04	0	94	68	0.013669631372480546
04	0	94	3	0.013669631372480546
04	0	94	26	0.013669631372480546
04	0	95	0	0.09298527864340181
04	0	95	5	0.09298527864340181
04	0	95	2	0.09298527864340181
04	0	95	100	0.014398725390501911
04	0	95	34	0.014398725390501911
04	0	95	71	0.014398725390501911
04	0	95	74	0.014398725390501911
04	0	95	37	0.014398725390501911
04	0	95	82	0.014398725390501911
04	0	95	73	0.014398725390501911
04	0	95	50	0.013932253069029208
04	0	95	14	0.013932253069029208
04	0	95	30	0.013932253069029208
04	0	95	95	0.013932253069029208
04	0	95	42	0.013932253069029208
04	0	95	3	0.013932253069029208
04	0	95	61	0.013932253069029208
04	0	95	68	0.013932253069029208
04	0	95	93	0.008597410167303504
04	0	95	69	0.0027471307817102594
04	0	96	0	0.10127306284487902
04	0	96	2	0.09393848593027396
04	0	96	5	0.09393848593027396
04	0	96	100	0.013891220805376222
04	0	96	74	0.013891220805376222
04	0	96	34	0.013891220805376222
04	0	96	37	0.013891220805376222
04	0	96	50	0.013891220805376222
04	0	96	71	0.013891220805376222
04	0	96	73	0.009613414428682588
04	0	96	30	0.009613414428682588
04	0	96	42	0.009613414428682588
04	0	96	82	0.009613414428682588
04	0	96	14	0.009613414428682588
04	0	96	69	0.009613414428682588
04	0	96	61	0.009613414428682588
04	0	96	95	0.009613414428682588
04	0	96	51	0.004160566572856337
04	0	96	3	0.009613414428682588
04	0	96	68	0.009613414428682588
04	0	97	0	0.09084738567967802
04	0	97	2	0.09084738567967802
04	0	97	5	0.09084738567967802
04	0	97	100	0.013783151766905921
04	0	97	74	0.013783151766905921
04	0	97	34	0.013783151766905921
04	0	97	50	0.013783151766905921
04	0	97	73	0.013783151766905921
04	0	97	42	0.013783151766905921
04	0	97	37	0.013783151766905921
04	0	97	71	0.013783151766905921
04	0	97	14	0.013783151766905921
04	0	97	30	0.013783151766905921
04	0	97	69	0.009921955989064249
04	0	97	82	0.013783151766905921
04	0	97	61	0.013783151766905921
04	0	97	3	0.013783151766905921
04	0	97	15	0.013783151766905921
04	0	97	26	0.0019265504682536468
04	0	97	51	0.00422779372914034
04	0	97	95	0.00422779372914034
04	0	98	0	0.09528928930019775
04	0	98	5	0.09528928930019775
04	0	98	2	0.09528928930019775
04	0	98	100	0.01646992649804733
04	0	98	74	0.01646992649804733
04	0	98	34	0.01646992649804733
04	0	98	71	0.01646992649804733
04	0	98	50	0.01646992649804733
04	0	98	82	0.01646992649804733
04	0	98	37	0.01646992649804733
04	0	98	73	0.01646992649804733
04	0	98	30	0.01558675194670339
04	0	98	69	0.006148391321720705
04	0	98	95	0.01558675194670339
04	0	98	51	0.006148391321720705
04	0	98	42	0.01558675194670339
04	0	98	61	0.01558675194670339
04	0	98	3	0.01558675194670339
04	0	98	68	0.01558675194670339
04	0	98	14	0.01558675194670339
04	0	99	0	0.09439101162864719
04	0	99	2	0.09439101162864719
04	0	99	5	0.09439101162864719
04	0	99	100	0.013416867475778957
04	0	99	74	0.013416867475778957
04	0	99	34	0.013416867475778957
04	0	99	71	0.013416867475778957
04	0	99	50	0.011566144898525069
04	0	99	37	0.011566144898525069
04	0	99	82	0.011566144898525069
04	0	99	73	0.011566144898525069
04	0	99	30	0.011566144898525069
04	0	99	14	0.010224043787063005
04	0	99	69	0.008263512837231942
04	0	99	61	0.010224043787063005
04	0	99	95	0.010224043787063005
04	0	99	42	0.010224043787063005
04	0	99	68	0.010224043787063005
04	0	99	3	0.010224043787063005
04	0	99	51	0.004753437587318235
04	0	100	0	0.10379124795729533
04	0	100	2	0.10379124795729533
04	0	100	5	0.10379124795729533
04	0	100	34	0.020988858520171728
04	0	100	100	0.020988858520171728
04	0	100	71	0.020988858520171728
04	0	100	37	0.020988858520171728
04	0	100	74	0.020988858520171728
04	0	100	73	0.020988858520171728
04	0	100	82	0.020988858520171728
04	0	100	42	0.020988858520171728
04	0	100	30	0.020988858520171728
04	0	100	14	0.020988858520171728
04	0	100	50	0.020988858520171728
04	0	100	3	0.020988858520171728
04	0	100	61	0.020988858520171728
04	0	100	95	0.020988858520171728
04	0	100	68	0.020988858520171728
04	0	100	93	0.0014934142587985277
04	0	100	51	0.0011960448610137569
04	0	100	15	0.0011960448610137569
04	0.00001	1	0	0.09708003317775221
04	0.00001	1	5	0.09708003317775221
04	0.00001	1	2	0.09708003317775221
04	0.00001	1	100	0.012987707374443968
04	0.00001	1	34	0.010794181599724955
04	0.00001	1	71	0.010794181599724955
04	0.00001	1	74	0.010794181599724955
04	0.00001	1	50	0.010794181599724955
04	0.00001	1	37	0.010794181599724955
04	0.00001	1	73	0.010794181599724955
04	0.00001	1	42	0.010794181599724955
04	0.00001	1	82	0.010794181599724955
04	0.00001	1	14	0.010794181599724955
04	0.00001	1	69	0.010794181599724955
04	0.00001	1	30	0.009613362604242094
04	0.00001	1	95	0.009613362604242094
04	0.00001	1	68	0.009613362604242094
04	0.00001	1	3	0.007968859646025636
04	0.00001	1	61	0.007968859646025636
04	0.00001	1	51	0.007968859646025636
04	0.00001	2	0	0.09292257242867623
04	0.00001	2	5	0.09292257242867623
04	0.00001	2	2	0.09292257242867623
04	0.00001	2	100	0.016697843432489392
04	0.00001	2	34	0.016697843432489392
04	0.00001	2	74	0.016697843432489392
04	0.00001	2	71	0.016697843432489392
04	0.00001	2	50	0.016697843432489392
04	0.00001	2	73	0.016697843432489392
04	0.00001	2	37	0.016697843432489392
04	0.00001	2	42	0.011386586195424627
04	0.00001	2	82	0.011386586195424627
04	0.00001	2	30	0.011386586195424627
04	0.00001	2	69	0.011386586195424627
04	0.00001	2	14	0.011386586195424627
04	0.00001	2	95	0.011386586195424627
04	0.00001	2	68	0.011386586195424627
04	0.00001	2	3	0.011386586195424627
04	0.00001	2	61	0.0039007832451916124
04	0.00001	2	26	0.0037928416990920966
04	0.00001	3	0	0.1004433446702499
04	0.00001	3	5	0.1004433446702499
04	0.00001	3	2	0.1004433446702499
04	0.00001	3	100	0.015597841213085026
04	0.00001	3	74	0.015597841213085026
04	0.00001	3	37	0.015597841213085026
04	0.00001	3	34	0.015597841213085026
04	0.00001	3	42	0.015597841213085026
04	0.00001	3	14	0.015597841213085026
04	0.00001	3	82	0.015597841213085026
04	0.00001	3	50	0.015597841213085026
04	0.00001	3	71	0.015597841213085026
04	0.00001	3	69	0.015597841213085026
04	0.00001	3	73	0.015597841213085026
04	0.00001	3	30	0.015597841213085026
04	0.00001	3	61	0.015597841213085026
04	0.00001	3	3	0.015597841213085026
04	0.00001	3	15	0.005521060900628704
04	0.00001	3	51	0.005392768736919975
04	0.00001	3	95	0.003966373984520763
04	0.00001	4	0	0.10058324070439364
04	0.00001	4	5	0.10058324070439364
04	0.00001	4	2	0.10058324070439364
04	0.00001	4	100	0.015186946942117677
04	0.00001	4	74	0.015186946942117677
04	0.00001	4	34	0.015186946942117677
04	0.00001	4	71	0.015186946942117677
04	0.00001	4	50	0.015186946942117677
04	0.00001	4	37	0.015186946942117677
04	0.00001	4	82	0.015186946942117677
04	0.00001	4	73	0.015186946942117677
04	0.00001	4	42	0.015186946942117677
04	0.00001	4	69	0.013106266367689011
04	0.00001	4	30	0.013106266367689011
04	0.00001	4	14	0.013106266367689011
04	0.00001	4	95	0.009174940985676807
04	0.00001	4	68	0.005779706518963395
04	0.00001	4	51	0.004583768336496692
04	0.00001	4	61	0.005779706518963395
04	0.00001	4	3	0.005779706518963395
04	0.00001	5	0	0.09595446105987142
04	0.00001	5	2	0.09595446105987142
04	0.00001	5	5	0.09595446105987142
04	0.00001	5	34	0.020013941644310054
04	0.00001	5	100	0.013517397072132764
04	0.00001	5	71	0.010580205846931463
04	0.00001	5	42	0.010020076576467233
04	0.00001	5	37	0.010020076576467233
04	0.00001	5	50	0.010020076576467233
04	0.00001	5	74	0.010020076576467233
04	0.00001	5	30	0.010020076576467233
04	0.00001	5	82	0.010020076576467233
04	0.00001	5	73	0.010020076576467233
04	0.00001	5	61	0.010020076576467233
04	0.00001	5	14	0.010020076576467233
04	0.00001	5	69	0.010020076576467233
04	0.00001	5	95	0.007786135532514622
04	0.00001	5	3	0.007512262891129939
04	0.00001	5	51	0.007512262891129939
04	0.00001	5	68	0.0074741742112566165
04	0.00001	6	0	0.0976620904535006
04	0.00001	6	2	0.0976620904535006
04	0.00001	6	5	0.0976620904535006
04	0.00001	6	100	0.016268717035261466
04	0.00001	6	74	0.016268717035261466
04	0.00001	6	34	0.016268717035261466
04	0.00001	6	37	0.016268717035261466
04	0.00001	6	30	0.016268717035261466
04	0.00001	6	50	0.016268717035261466
04	0.00001	6	71	0.016268717035261466
04	0.00001	6	82	0.016268717035261466
04	0.00001	6	14	0.016268717035261466
04	0.00001	6	73	0.016268717035261466
04	0.00001	6	42	0.016268717035261466
04	0.00001	6	3	0.016268717035261466
04	0.00001	6	61	0.007576607431993095
04	0.00001	6	72	0.007576607431993095
04	0.00001	6	95	0.0065035594707429836
04	0.00001	6	15	0.0065035594707429836
04	0.00001	6	68	0.002779455644577426
04	0.00001	7	0	0.08874391696451199
04	0.00001	7	5	0.08874391696451199
04	0.00001	7	2	0.08874391696451199
04	0.00001	7	100	0.015304463104030505
04	0.00001	7	34	0.015304463104030505
04	0.00001	7	37	0.015304463104030505
04	0.00001	7	71	0.015304463104030505
04	0.00001	7	74	0.015304463104030505
04	0.00001	7	50	0.015304463104030505
04	0.00001	7	14	0.015304463104030505
04	0.00001	7	82	0.015304463104030505
04	0.00001	7	73	0.015304463104030505
04	0.00001	7	30	0.015304463104030505
04	0.00001	7	42	0.015304463104030505
04	0.00001	7	3	0.015304463104030505
04	0.00001	7	61	0.015304463104030505
04	0.00001	7	95	0.012602526643054331
04	0.00001	7	68	0.009439097965162237
04	0.00001	7	69	0.006071115592548444
04	0.00001	7	15	0.006071115592548444
04	0.00001	8	0	0.0950425047516519
04	0.00001	8	5	0.0950425047516519
04	0.00001	8	2	0.0950425047516519
04	0.00001	8	34	0.017287506137164187
04	0.00001	8	37	0.017287506137164187
04	0.00001	8	100	0.017287506137164187
04	0.00001	8	71	0.017287506137164187
04	0.00001	8	74	0.017287506137164187
04	0.00001	8	82	0.017287506137164187
04	0.00001	8	50	0.017287506137164187
04	0.00001	8	30	0.017287506137164187
04	0.00001	8	73	0.017287506137164187
04	0.00001	8	42	0.017287506137164187
04	0.00001	8	14	0.017287506137164187
04	0.00001	8	3	0.017287506137164187
04	0.00001	8	61	0.017287506137164187
04	0.00001	8	68	0.017287506137164187
04	0.00001	8	95	0.017287506137164187
04	0.00001	8	51	0.0036736833715578674
04	0.00001	8	15	0.010574788680536693
04	0.00001	8	69	0.010574788680536693
04	0.00001	9	0	0.09323427282163918
04	0.00001	9	2	0.09323427282163918
04	0.00001	9	5	0.09323427282163918
04	0.00001	9	71	0.014652411265344138
04	0.00001	9	34	0.014652411265344138
04	0.00001	9	100	0.014652411265344138
04	0.00001	9	37	0.014652411265344138
04	0.00001	9	42	0.014652411265344138
04	0.00001	9	82	0.014652411265344138
04	0.00001	9	74	0.014652411265344138
04	0.00001	9	73	0.014652411265344138
04	0.00001	9	50	0.014652411265344138
04	0.00001	9	14	0.014652411265344138
04	0.00001	9	30	0.014652411265344138
04	0.00001	9	61	0.014652411265344138
04	0.00001	9	3	0.014652411265344138
04	0.00001	9	95	0.014652411265344138
04	0.00001	9	68	0.014652411265344138
04	0.00001	9	69	0.008545950892985911
04	0.00001	9	26	0.008545950892985911
04	0.00001	10	0	0.09935119598487452
04	0.00001	10	2	0.09935119598487452
04	0.00001	10	5	0.09935119598487452
04	0.00001	10	100	0.012848730198501527
04	0.00001	10	74	0.012848730198501527
04	0.00001	10	34	0.012848730198501527
04	0.00001	10	71	0.012848730198501527
04	0.00001	10	37	0.012848730198501527
04	0.00001	10	42	0.012848730198501527
04	0.00001	10	82	0.012848730198501527
04	0.00001	10	50	0.012848730198501527
04	0.00001	10	73	0.012848730198501527
04	0.00001	10	69	0.012848730198501527
04	0.00001	10	14	0.012848730198501527
04	0.00001	10	30	0.012848730198501527
04	0.00001	10	3	0.012848730198501527
04	0.00001	10	95	0.009740463408075125
04	0.00001	10	68	0.009740463408075125
04	0.00001	10	61	0.009740463408075125
04	0.00001	10	15	0.0037800887464009016
04	0.00001	11	0	0.09829528976143269
04	0.00001	11	5	0.09829528976143269
04	0.00001	11	2	0.09829528976143269
04	0.00001	11	100	0.014529334273273836
04	0.00001	11	74	0.014529334273273836
04	0.00001	11	34	0.014529334273273836
04	0.00001	11	71	0.014529334273273836
04	0.00001	11	50	0.014529334273273836
04	0.00001	11	37	0.014529334273273836
04	0.00001	11	73	0.014529334273273836
04	0.00001	11	82	0.014529334273273836
04	0.00001	11	14	0.008244174395975596
04	0.00001	11	30	0.014142337652773075
04	0.00001	11	42	0.014142337652773075
04	0.00001	11	69	0.008244174395975596
04	0.00001	11	95	0.008244174395975596
04	0.00001	11	3	0.008244174395975596
04	0.00001	11	68	0.008244174395975596
04	0.00001	11	51	0.006371261890189786
04	0.00001	11	26	0.006318450817606484
04	0.00001	11	93	0.006318450817606484
04	0.00001	12	0	0.09245976317422716
04	0.00001	12	2	0.09245976317422716
04	0.00001	12	5	0.09245976317422716
04	0.00001	12	100	0.015216126072308813
04	0.00001	12	34	0.015216126072308813
04	0.00001	12	74	0.015216126072308813
04	0.00001	12	37	0.015216126072308813
04	0.00001	12	71	0.015216126072308813
04	0.00001	12	50	0.015216126072308813
04	0.00001	12	73	0.014806057306525486
04	0.00001	12	61	0.014806057306525486
04	0.00001	12	95	0.014806057306525486
04	0.00001	12	69	0.010194820527289383
04	0.00001	12	82	0.014806057306525486
04	0.00001	12	14	0.014806057306525486
04	0.00001	12	42	0.014806057306525486
04	0.00001	12	30	0.014806057306525486
04	0.00001	12	3	0.014806057306525486
04	0.00001	12	51	0.004201444414819087
04	0.00001	12	68	0.014806057306525486
04	0.00001	13	0	0.09354388743135894
04	0.00001	13	5	0.09354388743135894
04	0.00001	13	2	0.09354388743135894
04	0.00001	13	34	0.01288430503182823
04	0.00001	13	100	0.012696930541576208
04	0.00001	13	74	0.012696930541576208
04	0.00001	13	82	0.012696930541576208
04	0.00001	13	71	0.012696930541576208
04	0.00001	13	37	0.012696930541576208
04	0.00001	13	50	0.012696930541576208
04	0.00001	13	73	0.012696930541576208
04	0.00001	13	95	0.012312447051494379
04	0.00001	13	14	0.012696930541576208
04	0.00001	13	68	0.012312447051494379
04	0.00001	13	30	0.012696930541576208
04	0.00001	13	61	0.012696930541576208
04	0.00001	13	3	0.012696930541576208
04	0.00001	13	42	0.012696930541576208
04	0.00001	13	51	0.004934729514203978
04	0.00001	13	15	0.006410612518914634
04	0.00001	13	93	0.006410612518914634
04	0.00001	14	0	0.09287849048147181
04	0.00001	14	2	0.09287849048147181
04	0.00001	14	5	0.09287849048147181
04	0.00001	14	100	0.014989075781373123
04	0.00001	14	34	0.014989075781373123
04	0.00001	14	74	0.014989075781373123
04	0.00001	14	71	0.012496507351265767
04	0.00001	14	50	0.012496507351265767
04	0.00001	14	73	0.012496507351265767
04	0.00001	14	37	0.012496507351265767
04	0.00001	14	69	0.012465494496782975
04	0.00001	14	82	0.012465494496782975
04	0.00001	14	14	0.012465494496782975
04	0.00001	14	30	0.012465494496782975
04	0.00001	14	42	0.011647096393913125
04	0.00001	14	3	0.008248789886050904
04	0.00001	14	95	0.008248789886050904
04	0.00001	14	61	0.008248789886050904
04	0.00001	14	51	0.0064751550766384775
04	0.00001	14	93	0.00803784042138045
04	0.00001	14	68	0.00803784042138045
04	0.00001	15	0	0.09636855100102586
04	0.00001	15	5	0.09636855100102586
04	0.00001	15	2	0.09636855100102586
04	0.00001	15	100	0.012306030135826547
04	0.00001	15	74	0.010917801377026566
04	0.00001	15	71	0.010705045788680562
04	0.00001	15	50	0.010705045788680562
04	0.00001	15	37	0.010705045788680562
04	0.00001	15	34	0.010705045788680562
04	0.00001	15	73	0.010705045788680562
04	0.00001	15	82	0.010705045788680562
04	0.00001	15	42	0.010416912890608683
04	0.00001	15	30	0.010416912890608683
04	0.00001	15	69	0.010416912890608683
04	0.00001	15	14	0.010416912890608683
04	0.00001	15	61	0.010416912890608683
04	0.00001	15	95	0.010416912890608683
04	0.00001	15	51	0.005031992679109291
04	0.00001	15	68	0.010416912890608683
04	0.00001	15	3	0.010416912890608683
04	0.00001	15	15	0.008742161275370952
04	0.00001	16	0	0.09094930838230879
04	0.00001	16	2	0.09094930838230879
04	0.00001	16	5	0.09094930838230879
04	0.00001	16	34	0.018788808737477777
04	0.00001	16	100	0.018788808737477777
04	0.00001	16	74	0.018788808737477777
04	0.00001	16	71	0.018788808737477777
04	0.00001	16	50	0.018788808737477777
04	0.00001	16	37	0.012230981510542891
04	0.00001	16	82	0.012230981510542891
04	0.00001	16	73	0.012230981510542891
04	0.00001	16	30	0.012230981510542891
04	0.00001	16	14	0.012230981510542891
04	0.00001	16	42	0.012230981510542891
04	0.00001	16	69	0.01066920505325027
04	0.00001	16	61	0.012230981510542891
04	0.00001	16	3	0.012230981510542891
04	0.00001	16	15	0.005941635152593335
04	0.00001	16	95	0.003702128593006754
04	0.00001	16	68	0.005941635152593335
04	0.00001	16	93	0.005941635152593335
04	0.00001	17	0	0.0984490715470668
04	0.00001	17	2	0.0984490715470668
04	0.00001	17	5	0.0984490715470668
04	0.00001	17	100	0.016306379396839047
04	0.00001	17	74	0.016306379396839047
04	0.00001	17	34	0.016306379396839047
04	0.00001	17	50	0.016306379396839047
04	0.00001	17	71	0.016018466203066024
04	0.00001	17	37	0.016306379396839047
04	0.00001	17	82	0.016018466203066024
04	0.00001	17	73	0.016018466203066024
04	0.00001	17	42	0.016018466203066024
04	0.00001	17	95	0.016018466203066024
04	0.00001	17	14	0.016018466203066024
04	0.00001	17	30	0.016018466203066024
04	0.00001	17	3	0.016018466203066024
04	0.00001	17	68	0.016018466203066024
04	0.00001	17	61	0.016018466203066024
04	0.00001	17	93	0.002999262113851368
04	0.00001	17	72	0.0023961496301015558
04	0.00001	18	0	0.1028504440186336
04	0.00001	18	2	0.1028504440186336
04	0.00001	18	5	0.1028504440186336
04	0.00001	18	100	0.012992992167857608
04	0.00001	18	74	0.012992992167857608
04	0.00001	18	34	0.012682322434352179
04	0.00001	18	50	0.012682322434352179
04	0.00001	18	37	0.012682322434352179
04	0.00001	18	71	0.011163516222966541
04	0.00001	18	82	0.008953609442779262
04	0.00001	18	73	0.008953609442779262
04	0.00001	18	30	0.008953609442779262
04	0.00001	18	14	0.008953609442779262
04	0.00001	18	69	0.008953609442779262
04	0.00001	18	95	0.008953609442779262
04	0.00001	18	42	0.008953609442779262
04	0.00001	18	68	0.008953609442779262
04	0.00001	18	3	0.008953609442779262
04	0.00001	18	51	0.00438799381076844
04	0.00001	18	78	0.0024644843847783635
04	0.00001	19	0	0.09693165306500008
04	0.00001	19	5	0.09693165306500008
04	0.00001	19	2	0.09693165306500008
04	0.00001	19	100	0.012729872780665218
04	0.00001	19	34	0.011280392823335797
04	0.00001	19	71	0.012729872780665218
04	0.00001	19	74	0.012729872780665218
04	0.00001	19	37	0.010955746273004998
04	0.00001	19	50	0.010955746273004998
04	0.00001	19	69	0.010955746273004998
04	0.00001	19	82	0.010955746273004998
04	0.00001	19	73	0.010955746273004998
04	0.00001	19	14	0.010955746273004998
04	0.00001	19	42	0.010955746273004998
04	0.00001	19	30	0.010955746273004998
04	0.00001	19	51	0.005955815759599201
04	0.00001	19	95	0.010955746273004998
04	0.00001	19	61	0.010955746273004998
04	0.00001	19	68	0.010955746273004998
04	0.00001	19	3	0.010955746273004998
04	0.00001	19	93	0.010955746273004998
04	0.00001	20	0	0.10468667395448346
04	0.00001	20	2	0.10468667395448346
04	0.00001	20	5	0.10468667395448346
04	0.00001	20	100	0.018961519741003015
04	0.00001	20	34	0.018961519741003015
04	0.00001	20	71	0.018961519741003015
04	0.00001	20	74	0.018961519741003015
04	0.00001	20	50	0.018961519741003015
04	0.00001	20	37	0.018961519741003015
04	0.00001	20	73	0.018961519741003015
04	0.00001	20	82	0.018961519741003015
04	0.00001	20	30	0.018961519741003015
04	0.00001	20	14	0.018961519741003015
04	0.00001	20	95	0.018961519741003015
04	0.00001	20	61	0.018961519741003015
04	0.00001	20	42	0.018961519741003015
04	0.00001	20	68	0.018961519741003015
04	0.00001	20	3	0.018961519741003015
04	0.00001	20	69	0.006258066668432462
04	0.00001	20	51	0.005181993205405539
04	0.00001	21	0	0.1043401470576639
04	0.00001	21	2	0.1043401470576639
04	0.00001	21	5	0.1043401470576639
04	0.00001	21	34	0.016667819945135293
04	0.00001	21	100	0.016667819945135293
04	0.00001	21	71	0.016667819945135293
04	0.00001	21	37	0.016667819945135293
04	0.00001	21	74	0.016667819945135293
04	0.00001	21	30	0.016667819945135293
04	0.00001	21	73	0.016667819945135293
04	0.00001	21	82	0.016667819945135293
04	0.00001	21	14	0.012762472733878344
04	0.00001	21	42	0.016667819945135293
04	0.00001	21	3	0.012762472733878344
04	0.00001	21	50	0.012762472733878344
04	0.00001	21	68	0.012762472733878344
04	0.00001	21	61	0.012762472733878344
04	0.00001	21	95	0.012762472733878344
04	0.00001	21	69	0.012762472733878344
04	0.00001	21	26	0.005400858598532104
04	0.00001	22	0	0.09696590465404072
04	0.00001	22	2	0.09696590465404072
04	0.00001	22	5	0.09696590465404072
04	0.00001	22	100	0.012281942110434034
04	0.00001	22	74	0.012281942110434034
04	0.00001	22	34	0.012281942110434034
04	0.00001	22	71	0.012281942110434034
04	0.00001	22	50	0.012281942110434034
04	0.00001	22	37	0.009615701989604628
04	0.00001	22	73	0.009615701989604628
04	0.00001	22	82	0.009615701989604628
04	0.00001	22	30	0.008969621392055425
04	0.00001	22	42	0.008969621392055425
04	0.00001	22	69	0.008969621392055425
04	0.00001	22	95	0.008969621392055425
04	0.00001	22	14	0.008969621392055425
04	0.00001	22	68	0.008969621392055425
04	0.00001	22	61	0.008969621392055425
04	0.00001	22	3	0.008969621392055425
04	0.00001	22	51	0.0037600734871868413
04	0.00001	23	0	0.10496331732821863
04	0.00001	23	2	0.10496331732821863
04	0.00001	23	5	0.10496331732821863
04	0.00001	23	100	0.016168261940364057
04	0.00001	23	34	0.016168261940364057
04	0.00001	23	74	0.016168261940364057
04	0.00001	23	42	0.016168261940364057
04	0.00001	23	71	0.016168261940364057
04	0.00001	23	37	0.016168261940364057
04	0.00001	23	50	0.016168261940364057
04	0.00001	23	73	0.016168261940364057
04	0.00001	23	30	0.016168261940364057
04	0.00001	23	82	0.016168261940364057
04	0.00001	23	69	0.016168261940364057
04	0.00001	23	14	0.01429476664241646
04	0.00001	23	95	0.005581824635802329
04	0.00001	23	51	0.005581824635802329
04	0.00001	23	3	0.005360809599829154
04	0.00001	23	15	0.003321508364103929
04	0.00001	23	26	0.003321508364103929
04	0.00001	24	0	0.09887839944736744
04	0.00001	24	5	0.09887839944736744
04	0.00001	24	2	0.09887839944736744
04	0.00001	24	100	0.014495358971009176
04	0.00001	24	74	0.014495358971009176
04	0.00001	24	34	0.014495358971009176
04	0.00001	24	71	0.014495358971009176
04	0.00001	24	50	0.014495358971009176
04	0.00001	24	82	0.014495358971009176
04	0.00001	24	37	0.014495358971009176
04	0.00001	24	73	0.014495358971009176
04	0.00001	24	69	0.014495358971009176
04	0.00001	24	14	0.00852679614604014
04	0.00001	24	30	0.00852679614604014
04	0.00001	24	95	0.00852679614604014
04	0.00001	24	51	0.0037772983041392534
04	0.00001	24	78	0.0037772983041392534
04	0.00001	24	3	0.00852679614604014
04	0.00001	24	42	0.00852679614604014
04	0.00001	24	61	0.00852679614604014
04	0.00001	24	68	0.00852679614604014
04	0.00001	24	26	0.00674925897912478
04	0.00001	25	0	0.09279134995313518
04	0.00001	25	5	0.09279134995313518
04	0.00001	25	2	0.09279134995313518
04	0.00001	25	34	0.014823531902843065
04	0.00001	25	82	0.013299069063848335
04	0.00001	25	73	0.014823531902843065
04	0.00001	25	37	0.014823531902843065
04	0.00001	25	30	0.013299069063848335
04	0.00001	25	42	0.013299069063848335
04	0.00001	25	71	0.013299069063848335
04	0.00001	25	100	0.013299069063848335
04	0.00001	25	74	0.013299069063848335
04	0.00001	25	61	0.013299069063848335
04	0.00001	25	14	0.013299069063848335
04	0.00001	25	68	0.013299069063848335
04	0.00001	25	50	0.013299069063848335
04	0.00001	25	95	0.013299069063848335
04	0.00001	25	72	0.007142541824332987
04	0.00001	25	93	0.011208778588955418
04	0.00001	25	3	0.011208778588955418
04	0.00001	25	69	0.013299069063848335
04	0.00001	26	0	0.09907126537892516
04	0.00001	26	2	0.09907126537892516
04	0.00001	26	5	0.09907126537892516
04	0.00001	26	100	0.013008822268786338
04	0.00001	26	74	0.012978899031564501
04	0.00001	26	34	0.012978899031564501
04	0.00001	26	71	0.012978899031564501
04	0.00001	26	50	0.012978899031564501
04	0.00001	26	37	0.012978899031564501
04	0.00001	26	82	0.012978899031564501
04	0.00001	26	73	0.012978899031564501
04	0.00001	26	30	0.00901216426795759
04	0.00001	26	69	0.00901216426795759
04	0.00001	26	14	0.00901216426795759
04	0.00001	26	42	0.00901216426795759
04	0.00001	26	95	0.00901216426795759
04	0.00001	26	61	0.00901216426795759
04	0.00001	26	3	0.00901216426795759
04	0.00001	26	68	0.00901216426795759
04	0.00001	26	93	0.007907311260982685
04	0.00001	27	0	0.09780465318237087
04	0.00001	27	5	0.09780465318237087
04	0.00001	27	2	0.09780465318237087
04	0.00001	27	100	0.019057147684089164
04	0.00001	27	74	0.019057147684089164
04	0.00001	27	34	0.019057147684089164
04	0.00001	27	50	0.019057147684089164
04	0.00001	27	71	0.019057147684089164
04	0.00001	27	37	0.019057147684089164
04	0.00001	27	42	0.019057147684089164
04	0.00001	27	82	0.019057147684089164
04	0.00001	27	73	0.019057147684089164
04	0.00001	27	30	0.019057147684089164
04	0.00001	27	14	0.019057147684089164
04	0.00001	27	95	0.019057147684089164
04	0.00001	27	69	0.004172960974680831
04	0.00001	27	61	0.019057147684089164
04	0.00001	27	68	0.019057147684089164
04	0.00001	27	3	0.019057147684089164
04	0.00001	27	51	0.001820034276472128
04	0.00001	28	0	0.08698706784379974
04	0.00001	28	2	0.08698706784379974
04	0.00001	28	5	0.08698706784379974
04	0.00001	28	100	0.013703571440897747
04	0.00001	28	74	0.013703571440897747
04	0.00001	28	34	0.013463413173587947
04	0.00001	28	37	0.013463413173587947
04	0.00001	28	71	0.013463413173587947
04	0.00001	28	50	0.013463413173587947
04	0.00001	28	73	0.012072253755529247
04	0.00001	28	30	0.012072253755529247
04	0.00001	28	82	0.010711890056458983
04	0.00001	28	14	0.007971018192299218
04	0.00001	28	42	0.006415037245675755
04	0.00001	28	69	0.004294928020258795
04	0.00001	28	3	0.006415037245675755
04	0.00001	28	95	0.006415037245675755
04	0.00001	28	51	0.004294928020258795
04	0.00001	28	78	0.0026570850457628965
04	0.00001	28	88	0.0026570850457628965
04	0.00001	29	0	0.0990277297406986
04	0.00001	29	2	0.0990277297406986
04	0.00001	29	5	0.0990277297406986
04	0.00001	29	100	0.01808302259237519
04	0.00001	29	74	0.01808302259237519
04	0.00001	29	34	0.01808302259237519
04	0.00001	29	71	0.01808302259237519
04	0.00001	29	37	0.01808302259237519
04	0.00001	29	82	0.01587689925493042
04	0.00001	29	50	0.01808302259237519
04	0.00001	29	73	0.01808302259237519
04	0.00001	29	69	0.009324571581787337
04	0.00001	29	14	0.01587689925493042
04	0.00001	29	42	0.01587689925493042
04	0.00001	29	95	0.01587689925493042
04	0.00001	29	30	0.01587689925493042
04	0.00001	29	61	0.01587689925493042
04	0.00001	29	68	0.01587689925493042
04	0.00001	29	3	0.01587689925493042
04	0.00001	29	15	0.008999689518334759
04	0.00001	30	0	0.09523710009530639
04	0.00001	30	5	0.09523710009530639
04	0.00001	30	2	0.09523710009530639
04	0.00001	30	34	0.014103409834470417
04	0.00001	30	74	0.014103409834470417
04	0.00001	30	100	0.014103409834470417
04	0.00001	30	50	0.014103409834470417
04	0.00001	30	71	0.014103409834470417
04	0.00001	30	37	0.014103409834470417
04	0.00001	30	30	0.014103409834470417
04	0.00001	30	82	0.014103409834470417
04	0.00001	30	73	0.014103409834470417
04	0.00001	30	69	0.006398426692055815
04	0.00001	30	42	0.014103409834470417
04	0.00001	30	14	0.014103409834470417
04	0.00001	30	3	0.014103409834470417
04	0.00001	30	61	0.014103409834470417
04	0.00001	30	15	0.008196694915701463
04	0.00001	30	95	0.0062979424970349696
04	0.00001	30	25	0.0062979424970349696
04	0.00001	31	0	0.08741605671190766
04	0.00001	31	5	0.08741605671190766
04	0.00001	31	2	0.08222149074834972
04	0.00001	31	34	0.015426523202719415
04	0.00001	31	100	0.015426523202719415
04	0.00001	31	37	0.015426523202719415
04	0.00001	31	73	0.015426523202719415
04	0.00001	31	71	0.015426523202719415
04	0.00001	31	74	0.015426523202719415
04	0.00001	31	50	0.015426523202719415
04	0.00001	31	82	0.012078740705187954
04	0.00001	31	14	0.012078740705187954
04	0.00001	31	30	0.012078740705187954
04	0.00001	31	42	0.012078740705187954
04	0.00001	31	95	0.012078740705187954
04	0.00001	31	3	0.012078740705187954
04	0.00001	31	68	0.012078740705187954
04	0.00001	31	61	0.012078740705187954
04	0.00001	31	93	0.012078740705187954
04	0.00001	31	51	0.004717241095422516
04	0.00001	32	0	0.10061949703934957
04	0.00001	32	5	0.10061949703934957
04	0.00001	32	2	0.10061949703934957
04	0.00001	32	100	0.014303972005145462
04	0.00001	32	74	0.014303972005145462
04	0.00001	32	34	0.011019736911316143
04	0.00001	32	71	0.011019736911316143
04	0.00001	32	82	0.011019736911316143
04	0.00001	32	37	0.011019736911316143
04	0.00001	32	50	0.011019736911316143
04	0.00001	32	73	0.011019736911316143
04	0.00001	32	95	0.009413365733351598
04	0.00001	32	30	0.009413365733351598
04	0.00001	32	14	0.009413365733351598
04	0.00001	32	69	0.009413365733351598
04	0.00001	32	68	0.009413365733351598
04	0.00001	32	42	0.009413365733351598
04	0.00001	32	3	0.009413365733351598
04	0.00001	32	61	0.009413365733351598
04	0.00001	32	51	0.006052268711154372
04	0.00001	33	0	0.10112605321154075
04	0.00001	33	5	0.10112605321154075
04	0.00001	33	2	0.10112605321154075
04	0.00001	33	100	0.012955049869594188
04	0.00001	33	34	0.012955049869594188
04	0.00001	33	37	0.012955049869594188
04	0.00001	33	71	0.012955049869594188
04	0.00001	33	74	0.012955049869594188
04	0.00001	33	73	0.012955049869594188
04	0.00001	33	82	0.012955049869594188
04	0.00001	33	50	0.012955049869594188
04	0.00001	33	14	0.012955049869594188
04	0.00001	33	30	0.012955049869594188
04	0.00001	33	42	0.012955049869594188
04	0.00001	33	3	0.012955049869594188
04	0.00001	33	95	0.012276641140498798
04	0.00001	33	68	0.012276641140498798
04	0.00001	33	61	0.012276641140498798
04	0.00001	33	93	0.00577010851177518
04	0.00001	33	51	0.00577010851177518
04	0.00001	34	0	0.10042644958058929
04	0.00001	34	2	0.10042644958058929
04	0.00001	34	5	0.10042644958058929
04	0.00001	34	100	0.013161206354887937
04	0.00001	34	34	0.013136443714388919
04	0.00001	34	82	0.013136443714388919
04	0.00001	34	74	0.013136443714388919
04	0.00001	34	37	0.013136443714388919
04	0.00001	34	71	0.013136443714388919
04	0.00001	34	73	0.013136443714388919
04	0.00001	34	95	0.012613393320445766
04	0.00001	34	42	0.013136443714388919
04	0.00001	34	30	0.013136443714388919
04	0.00001	34	61	0.013136443714388919
04	0.00001	34	14	0.013136443714388919
04	0.00001	34	3	0.013136443714388919
04	0.00001	34	93	0.013136443714388919
04	0.00001	34	15	0.004448362166518141
04	0.00001	34	72	0.004117843805791202
04	0.00001	34	69	0.012613393320445766
04	0.00001	34	50	0.012613393320445766
04	0.00001	34	68	0.012613393320445766
04	0.00001	35	0	0.099660704872806
04	0.00001	35	2	0.099660704872806
04	0.00001	35	5	0.099660704872806
04	0.00001	35	34	0.017914322213981464
04	0.00001	35	100	0.017914322213981464
04	0.00001	35	37	0.017914322213981464
04	0.00001	35	74	0.017914322213981464
04	0.00001	35	50	0.017914322213981464
04	0.00001	35	71	0.017914322213981464
04	0.00001	35	73	0.017914322213981464
04	0.00001	35	82	0.017914322213981464
04	0.00001	35	14	0.017914322213981464
04	0.00001	35	30	0.017914322213981464
04	0.00001	35	42	0.017914322213981464
04	0.00001	35	3	0.017914322213981464
04	0.00001	35	68	0.005368232767832624
04	0.00001	35	69	0.004668996904027823
04	0.00001	35	61	0.004357215438590449
04	0.00001	35	26	0.004357215438590449
04	0.00001	35	93	0.002785570866732334
04	0.00001	35	15	0.002785570866732334
04	0.00001	36	0	0.09383324672793096
04	0.00001	36	5	0.09383324672793096
04	0.00001	36	2	0.09383324672793096
04	0.00001	36	100	0.017776924208060225
04	0.00001	36	74	0.017776924208060225
04	0.00001	36	34	0.017776924208060225
04	0.00001	36	50	0.017776924208060225
04	0.00001	36	71	0.017776924208060225
04	0.00001	36	37	0.017776924208060225
04	0.00001	36	42	0.017776924208060225
04	0.00001	36	73	0.017776924208060225
04	0.00001	36	95	0.006382930259151917
04	0.00001	36	30	0.017776924208060225
04	0.00001	36	14	0.017776924208060225
04	0.00001	36	82	0.017776924208060225
04	0.00001	36	3	0.017776924208060225
04	0.00001	36	61	0.017776924208060225
04	0.00001	36	69	0.006382930259151917
04	0.00001	36	68	0.006382930259151917
04	0.00001	36	51	0.006382930259151917
04	0.00001	37	0	0.10021809317164802
04	0.00001	37	2	0.10021809317164802
04	0.00001	37	5	0.10021809317164802
04	0.00001	37	100	0.014572990455143382
04	0.00001	37	71	0.014572990455143382
04	0.00001	37	34	0.014572990455143382
04	0.00001	37	37	0.014572990455143382
04	0.00001	37	50	0.014572990455143382
04	0.00001	37	82	0.014572990455143382
04	0.00001	37	73	0.014572990455143382
04	0.00001	37	14	0.014572990455143382
04	0.00001	37	30	0.014572990455143382
04	0.00001	37	42	0.014572990455143382
04	0.00001	37	69	0.014572990455143382
04	0.00001	37	3	0.014572990455143382
04	0.00001	37	95	0.009723345914083765
04	0.00001	37	68	0.009723345914083765
04	0.00001	37	74	0.0052817642139039315
04	0.00001	37	51	0.005172908722965042
04	0.00001	37	15	0.0020671256304660972
04	0.00001	38	0	0.10436721455809822
04	0.00001	38	2	0.10436721455809822
04	0.00001	38	5	0.10436721455809822
04	0.00001	38	71	0.010980236947675564
04	0.00001	38	34	0.01084329386426088
04	0.00001	38	37	0.01084329386426088
04	0.00001	38	73	0.01084329386426088
04	0.00001	38	74	0.01084329386426088
04	0.00001	38	82	0.01084329386426088
04	0.00001	38	100	0.010243207151012033
04	0.00001	38	14	0.010243207151012033
04	0.00001	38	61	0.010243207151012033
04	0.00001	38	30	0.010243207151012033
04	0.00001	38	42	0.010243207151012033
04	0.00001	38	95	0.00911938846346315
04	0.00001	38	3	0.00911938846346315
04	0.00001	38	68	0.00911938846346315
04	0.00001	38	69	0.00911938846346315
04	0.00001	38	50	0.00911938846346315
04	0.00001	38	15	0.00911938846346315
04	0.00001	39	0	0.10010828461941379
04	0.00001	39	5	0.10010828461941379
04	0.00001	39	2	0.10010828461941379
04	0.00001	39	34	0.01659246345812487
04	0.00001	39	100	0.01378456406410679
04	0.00001	39	74	0.01378456406410679
04	0.00001	39	71	0.01378456406410679
04	0.00001	39	50	0.01378456406410679
04	0.00001	39	37	0.01378456406410679
04	0.00001	39	82	0.01378456406410679
04	0.00001	39	73	0.01378456406410679
04	0.00001	39	42	0.01378456406410679
04	0.00001	39	14	0.01378456406410679
04	0.00001	39	69	0.01378456406410679
04	0.00001	39	30	0.01378456406410679
04	0.00001	39	95	0.01378456406410679
04	0.00001	39	3	0.01378456406410679
04	0.00001	39	68	0.01378456406410679
04	0.00001	39	61	0.01378456406410679
04	0.00001	39	26	0.005994820371956937
04	0.00001	40	0	0.09346008052267543
04	0.00001	40	2	0.09346008052267543
04	0.00001	40	5	0.09346008052267543
04	0.00001	40	100	0.012979682614117296
04	0.00001	40	74	0.012979682614117296
04	0.00001	40	71	0.012979682614117296
04	0.00001	40	34	0.012979682614117296
04	0.00001	40	50	0.012979682614117296
04	0.00001	40	37	0.012979682614117296
04	0.00001	40	42	0.012979682614117296
04	0.00001	40	73	0.012979682614117296
04	0.00001	40	82	0.012979682614117296
04	0.00001	40	69	0.012979682614117296
04	0.00001	40	95	0.008677088158264054
04	0.00001	40	14	0.012979682614117296
04	0.00001	40	30	0.012979682614117296
04	0.00001	40	3	0.012979682614117296
04	0.00001	40	68	0.007018400149564997
04	0.00001	40	61	0.007018400149564997
04	0.00001	40	15	0.004084391893266104
04	0.00001	41	0	0.09265685519102039
04	0.00001	41	2	0.09265685519102039
04	0.00001	41	5	0.09265685519102039
04	0.00001	41	34	0.01832979894952753
04	0.00001	41	100	0.01832979894952753
04	0.00001	41	74	0.01832979894952753
04	0.00001	41	73	0.01832979894952753
04	0.00001	41	71	0.01832979894952753
04	0.00001	41	37	0.01832979894952753
04	0.00001	41	50	0.01832979894952753
04	0.00001	41	69	0.01000923383787247
04	0.00001	41	82	0.01000923383787247
04	0.00001	41	30	0.01000923383787247
04	0.00001	41	14	0.01000923383787247
04	0.00001	41	42	0.01000923383787247
04	0.00001	41	61	0.01000923383787247
04	0.00001	41	95	0.009098070520470035
04	0.00001	41	3	0.009098070520470035
04	0.00001	41	51	0.004264076347664516
04	0.00001	41	68	0.009098070520470035
04	0.00001	41	93	0.009098070520470035
04	0.00001	42	0	0.10681887334823968
04	0.00001	42	2	0.10681887334823968
04	0.00001	42	5	0.10681887334823968
04	0.00001	42	34	0.01746116477487462
04	0.00001	42	37	0.01746116477487462
04	0.00001	42	71	0.01746116477487462
04	0.00001	42	100	0.01746116477487462
04	0.00001	42	73	0.01746116477487462
04	0.00001	42	42	0.01746116477487462
04	0.00001	42	74	0.01746116477487462
04	0.00001	42	30	0.01746116477487462
04	0.00001	42	82	0.01746116477487462
04	0.00001	42	14	0.01746116477487462
04	0.00001	42	61	0.01746116477487462
04	0.00001	42	50	0.01746116477487462
04	0.00001	42	3	0.01746116477487462
04	0.00001	42	95	0.01746116477487462
04	0.00001	42	68	0.01746116477487462
04	0.00001	42	69	0.01746116477487462
04	0.00001	42	93	0.0076919340447032
04	0.00001	43	0	0.09216178304000867
04	0.00001	43	2	0.09216178304000867
04	0.00001	43	5	0.09216178304000867
04	0.00001	43	34	0.013648535216616912
04	0.00001	43	100	0.012221776737266899
04	0.00001	43	73	0.012221776737266899
04	0.00001	43	37	0.012221776737266899
04	0.00001	43	30	0.012221776737266899
04	0.00001	43	50	0.012221776737266899
04	0.00001	43	82	0.012221776737266899
04	0.00001	43	74	0.012221776737266899
04	0.00001	43	71	0.012221776737266899
04	0.00001	43	42	0.01180238579188721
04	0.00001	43	14	0.012221776737266899
04	0.00001	43	95	0.012221776737266899
04	0.00001	43	68	0.012221776737266899
04	0.00001	43	69	0.006075060884058185
04	0.00001	43	3	0.01180238579188721
04	0.00001	43	61	0.01180238579188721
04	0.00001	43	15	0.0030678704734668463
04	0.00001	43	51	0.006075060884058185
04	0.00001	44	0	0.09744844360586546
04	0.00001	44	5	0.09744844360586546
04	0.00001	44	2	0.09744844360586546
04	0.00001	44	34	0.017736749930712493
04	0.00001	44	100	0.017736749930712493
04	0.00001	44	71	0.017736749930712493
04	0.00001	44	42	0.017736749930712493
04	0.00001	44	37	0.017736749930712493
04	0.00001	44	74	0.017736749930712493
04	0.00001	44	50	0.017736749930712493
04	0.00001	44	73	0.017736749930712493
04	0.00001	44	82	0.017736749930712493
04	0.00001	44	61	0.017736749930712493
04	0.00001	44	95	0.01699583289744316
04	0.00001	44	68	0.01699583289744316
04	0.00001	44	3	0.017736749930712493
04	0.00001	44	30	0.017736749930712493
04	0.00001	44	14	0.017736749930712493
04	0.00001	44	15	0.005870695085393729
04	0.00001	44	69	0.0009774375429122551
04	0.00001	45	0	0.09673804304471183
04	0.00001	45	5	0.09673804304471183
04	0.00001	45	2	0.0936965055389898
04	0.00001	45	100	0.015544997738370833
04	0.00001	45	34	0.015544997738370833
04	0.00001	45	71	0.015544997738370833
04	0.00001	45	37	0.015544997738370833
04	0.00001	45	42	0.015544997738370833
04	0.00001	45	82	0.015544997738370833
04	0.00001	45	95	0.015544997738370833
04	0.00001	45	74	0.015544997738370833
04	0.00001	45	73	0.015544997738370833
04	0.00001	45	68	0.015544997738370833
04	0.00001	45	61	0.015544997738370833
04	0.00001	45	14	0.012329110479758933
04	0.00001	45	30	0.012329110479758933
04	0.00001	45	3	0.012329110479758933
04	0.00001	45	50	0.012329110479758933
04	0.00001	45	15	0.007993718408334741
04	0.00001	45	26	0.007993718408334741
04	0.00001	46	0	0.10963289953152001
04	0.00001	46	2	0.10963289953152001
04	0.00001	46	5	0.10963289953152001
04	0.00001	46	100	0.01381220490837039
04	0.00001	46	74	0.01381220490837039
04	0.00001	46	71	0.01381220490837039
04	0.00001	46	50	0.01381220490837039
04	0.00001	46	37	0.01381220490837039
04	0.00001	46	34	0.01381220490837039
04	0.00001	46	73	0.01381220490837039
04	0.00001	46	82	0.009719258069645392
04	0.00001	46	14	0.01381220490837039
04	0.00001	46	30	0.01381220490837039
04	0.00001	46	69	0.009719258069645392
04	0.00001	46	3	0.01381220490837039
04	0.00001	46	61	0.01381220490837039
04	0.00001	46	42	0.01381220490837039
04	0.00001	46	95	0.009719258069645392
04	0.00001	46	51	0.0049445515055249
04	0.00001	46	68	0.0049445515055249
04	0.00001	47	0	0.09443021204505225
04	0.00001	47	5	0.09443021204505225
04	0.00001	47	2	0.09443021204505225
04	0.00001	47	100	0.017667076119329647
04	0.00001	47	74	0.017667076119329647
04	0.00001	47	71	0.017667076119329647
04	0.00001	47	34	0.017667076119329647
04	0.00001	47	50	0.017667076119329647
04	0.00001	47	73	0.017667076119329647
04	0.00001	47	37	0.017667076119329647
04	0.00001	47	82	0.017667076119329647
04	0.00001	47	14	0.006463986527358474
04	0.00001	47	30	0.006463986527358474
04	0.00001	47	42	0.006463986527358474
04	0.00001	47	69	0.006463986527358474
04	0.00001	47	3	0.006463986527358474
04	0.00001	47	95	0.006463986527358474
04	0.00001	47	93	0.006463986527358474
04	0.00001	47	68	0.006463986527358474
04	0.00001	47	51	0.00516756461979565
04	0.00001	48	0	0.09747314901968898
04	0.00001	48	2	0.09747314901968898
04	0.00001	48	5	0.09747314901968898
04	0.00001	48	100	0.01982252785411157
04	0.00001	48	34	0.01982252785411157
04	0.00001	48	74	0.01982252785411157
04	0.00001	48	71	0.01982252785411157
04	0.00001	48	37	0.01982252785411157
04	0.00001	48	82	0.01982252785411157
04	0.00001	48	73	0.01982252785411157
04	0.00001	48	50	0.01982252785411157
04	0.00001	48	14	0.01982252785411157
04	0.00001	48	95	0.01982252785411157
04	0.00001	48	30	0.01982252785411157
04	0.00001	48	42	0.01982252785411157
04	0.00001	48	68	0.01982252785411157
04	0.00001	48	3	0.01982252785411157
04	0.00001	48	61	0.01982252785411157
04	0.00001	48	51	0.005666415548826585
04	0.00001	48	69	0.0018485466028756261
04	0.00001	49	0	0.0887237344368234
04	0.00001	49	5	0.0887237344368234
04	0.00001	49	2	0.0887237344368234
04	0.00001	49	100	0.01528708672544951
04	0.00001	49	74	0.01528708672544951
04	0.00001	49	34	0.01287133869610386
04	0.00001	49	50	0.01287133869610386
04	0.00001	49	37	0.01287133869610386
04	0.00001	49	71	0.01287133869610386
04	0.00001	49	73	0.01287133869610386
04	0.00001	49	82	0.01287133869610386
04	0.00001	49	30	0.010555294520540718
04	0.00001	49	69	0.008416880401152566
04	0.00001	49	14	0.010555294520540718
04	0.00001	49	95	0.008416880401152566
04	0.00001	49	3	0.010555294520540718
04	0.00001	49	61	0.010555294520540718
04	0.00001	49	42	0.010555294520540718
04	0.00001	49	93	0.010555294520540718
04	0.00001	49	72	0.009263238277606941
04	0.00001	50	0	0.09027699784879113
04	0.00001	50	5	0.09027699784879113
04	0.00001	50	2	0.09027699784879113
04	0.00001	50	100	0.01798856358548395
04	0.00001	50	74	0.01798856358548395
04	0.00001	50	34	0.01798856358548395
04	0.00001	50	71	0.01798856358548395
04	0.00001	50	37	0.01798856358548395
04	0.00001	50	73	0.01798856358548395
04	0.00001	50	50	0.01798856358548395
04	0.00001	50	30	0.015508759057035115
04	0.00001	50	82	0.015508759057035115
04	0.00001	50	14	0.015508759057035115
04	0.00001	50	69	0.008472593857490997
04	0.00001	50	42	0.015508759057035115
04	0.00001	50	95	0.015508759057035115
04	0.00001	50	68	0.015508759057035115
04	0.00001	50	3	0.015508759057035115
04	0.00001	50	51	0.004211312296941959
04	0.00001	50	78	0.001993508538098724
04	0.00001	51	0	0.08969526142787215
04	0.00001	51	5	0.08969526142787215
04	0.00001	51	2	0.08969526142787215
04	0.00001	51	100	0.013445772116030031
04	0.00001	51	74	0.013198668609090308
04	0.00001	51	34	0.01296468199645111
04	0.00001	51	50	0.01296468199645111
04	0.00001	51	71	0.01296468199645111
04	0.00001	51	37	0.01296468199645111
04	0.00001	51	82	0.01296468199645111
04	0.00001	51	73	0.009914507063117492
04	0.00001	51	30	0.009914507063117492
04	0.00001	51	69	0.009136173272886827
04	0.00001	51	42	0.009136173272886827
04	0.00001	51	14	0.009136173272886827
04	0.00001	51	61	0.009136173272886827
04	0.00001	51	95	0.009136173272886827
04	0.00001	51	68	0.009136173272886827
04	0.00001	51	3	0.009136173272886827
04	0.00001	51	51	0.006809267862277485
04	0.00001	52	0	0.09683059068862644
04	0.00001	52	5	0.09683059068862644
04	0.00001	52	2	0.09683059068862644
04	0.00001	52	100	0.013552944505583673
04	0.00001	52	74	0.013552944505583673
04	0.00001	52	34	0.010184442999142547
04	0.00001	52	50	0.010184442999142547
04	0.00001	52	71	0.010184442999142547
04	0.00001	52	37	0.010184442999142547
04	0.00001	52	82	0.010184442999142547
04	0.00001	52	73	0.010184442999142547
04	0.00001	52	69	0.010184442999142547
04	0.00001	52	42	0.010184442999142547
04	0.00001	52	30	0.010184442999142547
04	0.00001	52	14	0.010184442999142547
04	0.00001	52	95	0.009806496510617616
04	0.00001	52	51	0.010184442999142547
04	0.00001	52	3	0.010184442999142547
04	0.00001	52	68	0.006204682962811851
04	0.00001	52	61	0.004323181881570063
04	0.00001	53	0	0.08672020401128461
04	0.00001	53	2	0.08672020401128461
04	0.00001	53	5	0.08672020401128461
04	0.00001	53	100	0.014868650508670526
04	0.00001	53	74	0.014868650508670526
04	0.00001	53	34	0.01360014104557256
04	0.00001	53	50	0.014868650508670526
04	0.00001	53	71	0.014868650508670526
04	0.00001	53	37	0.01360014104557256
04	0.00001	53	82	0.011140844171937312
04	0.00001	53	73	0.011140844171937312
04	0.00001	53	69	0.005060764034338516
04	0.00001	53	14	0.006121159219270354
04	0.00001	53	30	0.006121159219270354
04	0.00001	53	3	0.006121159219270354
04	0.00001	53	42	0.006121159219270354
04	0.00001	53	95	0.006121159219270354
04	0.00001	53	61	0.005724269405910966
04	0.00001	53	15	0.005694343510278732
04	0.00001	53	68	0.005694343510278732
04	0.00001	53	26	0.005694343510278732
04	0.00001	54	0	0.09552157730591018
04	0.00001	54	2	0.09552157730591018
04	0.00001	54	5	0.09552157730591018
04	0.00001	54	34	0.015677730406916928
04	0.00001	54	100	0.015677730406916928
04	0.00001	54	71	0.015677730406916928
04	0.00001	54	74	0.015677730406916928
04	0.00001	54	37	0.015677730406916928
04	0.00001	54	73	0.015677730406916928
04	0.00001	54	42	0.015677730406916928
04	0.00001	54	50	0.015677730406916928
04	0.00001	54	82	0.015677730406916928
04	0.00001	54	30	0.015677730406916928
04	0.00001	54	14	0.012235692618335976
04	0.00001	54	95	0.009391794961968153
04	0.00001	54	3	0.009391794961968153
04	0.00001	54	93	0.006974827513154013
04	0.00001	54	68	0.009391794961968153
04	0.00001	54	61	0.009391794961968153
04	0.00001	54	26	0.006974827513154013
04	0.00001	55	0	0.11132999616753018
04	0.00001	55	2	0.11132999616753018
04	0.00001	55	5	0.11132999616753018
04	0.00001	55	34	0.014129619222961786
04	0.00001	55	71	0.014129619222961786
04	0.00001	55	37	0.014129619222961786
04	0.00001	55	73	0.014129619222961786
04	0.00001	55	100	0.014129619222961786
04	0.00001	55	82	0.014129619222961786
04	0.00001	55	30	0.014129619222961786
04	0.00001	55	14	0.014129619222961786
04	0.00001	55	74	0.014129619222961786
04	0.00001	55	42	0.014129619222961786
04	0.00001	55	3	0.014129619222961786
04	0.00001	55	95	0.014129619222961786
04	0.00001	55	50	0.014129619222961786
04	0.00001	55	68	0.014129619222961786
04	0.00001	55	69	0.014129619222961786
04	0.00001	55	61	0.014129619222961786
04	0.00001	55	15	0.006426507219495708
04	0.00001	56	0	0.09182441703583684
04	0.00001	56	2	0.09182441703583684
04	0.00001	56	5	0.09182441703583684
04	0.00001	56	100	0.017644832824104006
04	0.00001	56	74	0.017644832824104006
04	0.00001	56	34	0.01450219118187822
04	0.00001	56	71	0.01450219118187822
04	0.00001	56	50	0.01450219118187822
04	0.00001	56	37	0.01450219118187822
04	0.00001	56	82	0.01090876789978635
04	0.00001	56	73	0.01090876789978635
04	0.00001	56	69	0.01090876789978635
04	0.00001	56	30	0.01090876789978635
04	0.00001	56	14	0.01090876789978635
04	0.00001	56	51	0.01090876789978635
04	0.00001	56	95	0.01090876789978635
04	0.00001	56	42	0.01090876789978635
04	0.00001	56	61	0.01090876789978635
04	0.00001	56	3	0.01090876789978635
04	0.00001	56	78	0.01090876789978635
04	0.00001	57	0	0.09465575990036873
04	0.00001	57	2	0.09465575990036873
04	0.00001	57	5	0.09465575990036873
04	0.00001	57	100	0.016116368411467418
04	0.00001	57	74	0.016116368411467418
04	0.00001	57	34	0.016116368411467418
04	0.00001	57	50	0.016116368411467418
04	0.00001	57	71	0.016116368411467418
04	0.00001	57	37	0.016116368411467418
04	0.00001	57	82	0.012061365204727859
04	0.00001	57	73	0.012061365204727859
04	0.00001	57	14	0.007283111584983167
04	0.00001	57	69	0.007283111584983167
04	0.00001	57	42	0.007283111584983167
04	0.00001	57	30	0.007283111584983167
04	0.00001	57	95	0.007283111584983167
04	0.00001	57	68	0.007283111584983167
04	0.00001	57	3	0.007283111584983167
04	0.00001	57	61	0.0066418475680729335
04	0.00001	57	15	0.0065943916436183555
04	0.00001	57	93	0.0065943916436183555
04	0.00001	58	0	0.09922408708270712
04	0.00001	58	2	0.09922408708270712
04	0.00001	58	5	0.09922408708270712
04	0.00001	58	100	0.016425401065301003
04	0.00001	58	74	0.012598053638798451
04	0.00001	58	34	0.012598053638798451
04	0.00001	58	71	0.012598053638798451
04	0.00001	58	37	0.012598053638798451
04	0.00001	58	82	0.012598053638798451
04	0.00001	58	73	0.012598053638798451
04	0.00001	58	50	0.012598053638798451
04	0.00001	58	30	0.011905241606405492
04	0.00001	58	14	0.011905241606405492
04	0.00001	58	69	0.011905241606405492
04	0.00001	58	42	0.011905241606405492
04	0.00001	58	95	0.011905241606405492
04	0.00001	58	3	0.011905241606405492
04	0.00001	58	68	0.011905241606405492
04	0.00001	58	61	0.011905241606405492
04	0.00001	58	15	0.003737336706028463
04	0.00001	59	0	0.10645230747596277
04	0.00001	59	5	0.10645230747596277
04	0.00001	59	2	0.10645230747596277
04	0.00001	59	100	0.016515897922904976
04	0.00001	59	34	0.013356773739800935
04	0.00001	59	37	0.013356773739800935
04	0.00001	59	74	0.013356773739800935
04	0.00001	59	71	0.013356773739800935
04	0.00001	59	50	0.013356773739800935
04	0.00001	59	82	0.013356773739800935
04	0.00001	59	73	0.013356773739800935
04	0.00001	59	30	0.013356773739800935
04	0.00001	59	14	0.013356773739800935
04	0.00001	59	61	0.013356773739800935
04	0.00001	59	42	0.013356773739800935
04	0.00001	59	68	0.013356773739800935
04	0.00001	59	95	0.013356773739800935
04	0.00001	59	3	0.009361146500493514
04	0.00001	59	26	0.0038929738702422434
04	0.00001	59	78	0.003961808353917111
04	0.00001	59	51	0.003961808353917111
04	0.00001	60	0	0.08920868354163117
04	0.00001	60	2	0.08920868354163117
04	0.00001	60	5	0.08920868354163117
04	0.00001	60	100	0.017719109548001693
04	0.00001	60	34	0.017719109548001693
04	0.00001	60	71	0.017719109548001693
04	0.00001	60	74	0.017719109548001693
04	0.00001	60	37	0.017719109548001693
04	0.00001	60	50	0.017719109548001693
04	0.00001	60	82	0.017719109548001693
04	0.00001	60	73	0.017719109548001693
04	0.00001	60	30	0.015042096911641033
04	0.00001	60	14	0.015042096911641033
04	0.00001	60	42	0.015042096911641033
04	0.00001	60	95	0.015042096911641033
04	0.00001	60	61	0.015042096911641033
04	0.00001	60	69	0.015042096911641033
04	0.00001	60	3	0.015042096911641033
04	0.00001	60	68	0.015042096911641033
04	0.00001	60	15	0.004678888707275423
04	0.00001	61	0	0.0948543860872111
04	0.00001	61	2	0.0948543860872111
04	0.00001	61	5	0.0948543860872111
04	0.00001	61	34	0.01754236749366723
04	0.00001	61	100	0.01754236749366723
04	0.00001	61	74	0.01754236749366723
04	0.00001	61	37	0.01754236749366723
04	0.00001	61	71	0.01754236749366723
04	0.00001	61	50	0.01754236749366723
04	0.00001	61	73	0.01754236749366723
04	0.00001	61	82	0.01754236749366723
04	0.00001	61	14	0.01754236749366723
04	0.00001	61	42	0.01754236749366723
04	0.00001	61	30	0.01754236749366723
04	0.00001	61	69	0.01754236749366723
04	0.00001	61	61	0.01754236749366723
04	0.00001	61	3	0.01754236749366723
04	0.00001	61	95	0.010241864245444517
04	0.00001	61	68	0.010241864245444517
04	0.00001	61	93	0.008892192960160352
04	0.00001	62	0	0.09651857041292809
04	0.00001	62	2	0.09651857041292809
04	0.00001	62	5	0.09651857041292809
04	0.00001	62	100	0.01259557742204987
04	0.00001	62	34	0.01259557742204987
04	0.00001	62	74	0.01259557742204987
04	0.00001	62	50	0.01259557742204987
04	0.00001	62	71	0.01259557742204987
04	0.00001	62	37	0.012192735511009916
04	0.00001	62	73	0.012192735511009916
04	0.00001	62	82	0.012192735511009916
04	0.00001	62	42	0.01068976048820492
04	0.00001	62	14	0.01068976048820492
04	0.00001	62	69	0.01068976048820492
04	0.00001	62	30	0.01068976048820492
04	0.00001	62	95	0.01068976048820492
04	0.00001	62	51	0.005848784097230298
04	0.00001	62	61	0.01068976048820492
04	0.00001	62	68	0.01068976048820492
04	0.00001	62	3	0.01068976048820492
04	0.00001	63	0	0.09590168701172229
04	0.00001	63	2	0.09590168701172229
04	0.00001	63	5	0.09590168701172229
04	0.00001	63	100	0.012477628050475927
04	0.00001	63	34	0.012477628050475927
04	0.00001	63	71	0.012477628050475927
04	0.00001	63	73	0.012477628050475927
04	0.00001	63	74	0.012477628050475927
04	0.00001	63	37	0.012477628050475927
04	0.00001	63	42	0.012477628050475927
04	0.00001	63	30	0.012477628050475927
04	0.00001	63	14	0.012477628050475927
04	0.00001	63	82	0.012477628050475927
04	0.00001	63	50	0.012477628050475927
04	0.00001	63	95	0.012477628050475927
04	0.00001	63	68	0.012477628050475927
04	0.00001	63	61	0.011012109176489402
04	0.00001	63	3	0.011012109176489402
04	0.00001	63	93	0.011012109176489402
04	0.00001	63	51	0.004187217889994893
04	0.00001	64	0	0.09109891169867852
04	0.00001	64	5	0.08849761819859368
04	0.00001	64	2	0.08849761819859368
04	0.00001	64	100	0.014212666469916943
04	0.00001	64	34	0.014212666469916943
04	0.00001	64	74	0.014212666469916943
04	0.00001	64	37	0.014212666469916943
04	0.00001	64	71	0.014212666469916943
04	0.00001	64	50	0.013881546693221697
04	0.00001	64	73	0.013881546693221697
04	0.00001	64	82	0.013881546693221697
04	0.00001	64	69	0.008333757119109697
04	0.00001	64	95	0.01078584111484741
04	0.00001	64	14	0.01078584111484741
04	0.00001	64	42	0.01078584111484741
04	0.00001	64	30	0.01078584111484741
04	0.00001	64	51	0.005239192673397413
04	0.00001	64	61	0.01078584111484741
04	0.00001	64	3	0.01078584111484741
04	0.00001	64	68	0.01078584111484741
04	0.00001	65	0	0.07998385409134154
04	0.00001	65	2	0.07998385409134154
04	0.00001	65	5	0.07998385409134154
04	0.00001	65	34	0.023906393477739613
04	0.00001	65	100	0.023906393477739613
04	0.00001	65	74	0.023906393477739613
04	0.00001	65	71	0.023906393477739613
04	0.00001	65	37	0.023906393477739613
04	0.00001	65	50	0.023906393477739613
04	0.00001	65	73	0.023906393477739613
04	0.00001	65	82	0.023906393477739613
04	0.00001	65	42	0.023906393477739613
04	0.00001	65	14	0.023906393477739613
04	0.00001	65	61	0.023906393477739613
04	0.00001	65	30	0.023906393477739613
04	0.00001	65	3	0.023906393477739613
04	0.00001	65	95	0.023906393477739613
04	0.00001	65	68	0.023906393477739613
04	0.00001	65	93	0.023906393477739613
04	0.00001	65	15	0.004419188221032097
04	0.00001	66	0	0.09371708982805778
04	0.00001	66	2	0.09371708982805778
04	0.00001	66	5	0.09371708982805778
04	0.00001	66	100	0.015384349735068081
04	0.00001	66	74	0.015384349735068081
04	0.00001	66	34	0.015384349735068081
04	0.00001	66	71	0.015384349735068081
04	0.00001	66	50	0.015384349735068081
04	0.00001	66	37	0.015384349735068081
04	0.00001	66	82	0.011474374903731554
04	0.00001	66	73	0.011474374903731554
04	0.00001	66	30	0.011474374903731554
04	0.00001	66	14	0.011474374903731554
04	0.00001	66	42	0.011474374903731554
04	0.00001	66	3	0.00807327015925462
04	0.00001	66	68	0.00807327015925462
04	0.00001	66	61	0.0074144334771827245
04	0.00001	66	69	0.00544032287174462
04	0.00001	66	51	0.00544032287174462
04	0.00001	66	15	0.003642514725480647
04	0.00001	67	0	0.09043391184292074
04	0.00001	67	5	0.09043391184292074
04	0.00001	67	2	0.08573564531934591
04	0.00001	67	34	0.0132912863975866
04	0.00001	67	37	0.0132912863975866
04	0.00001	67	100	0.0132912863975866
04	0.00001	67	73	0.0132912863975866
04	0.00001	67	74	0.0132912863975866
04	0.00001	67	71	0.0132912863975866
04	0.00001	67	30	0.0132912863975866
04	0.00001	67	50	0.0132912863975866
04	0.00001	67	82	0.0132912863975866
04	0.00001	67	42	0.0132912863975866
04	0.00001	67	61	0.0132912863975866
04	0.00001	67	14	0.0132912863975866
04	0.00001	67	95	0.00987033469739852
04	0.00001	67	68	0.00987033469739852
04	0.00001	67	3	0.00987033469739852
04	0.00001	67	51	0.0076556833372223645
04	0.00001	67	93	0.007532857301412236
04	0.00001	68	0	0.08942063831645918
04	0.00001	68	2	0.08942063831645918
04	0.00001	68	5	0.08942063831645918
04	0.00001	68	100	0.014617281770255562
04	0.00001	68	34	0.014617281770255562
04	0.00001	68	74	0.014617281770255562
04	0.00001	68	71	0.014236583192089307
04	0.00001	68	50	0.014236583192089307
04	0.00001	68	37	0.014236583192089307
04	0.00001	68	42	0.014236583192089307
04	0.00001	68	73	0.010944555792746464
04	0.00001	68	82	0.010944555792746464
04	0.00001	68	14	0.010944555792746464
04	0.00001	68	30	0.010944555792746464
04	0.00001	68	69	0.006583836756214865
04	0.00001	68	3	0.006462681536364905
04	0.00001	68	51	0.0057488832461026285
04	0.00001	68	61	0.0057488832461026285
04	0.00001	68	95	0.0057488832461026285
04	0.00001	68	68	0.0057488832461026285
04	0.00001	69	0	0.09688065144634438
04	0.00001	69	2	0.09688065144634438
04	0.00001	69	5	0.09688065144634438
04	0.00001	69	100	0.013292661380984937
04	0.00001	69	74	0.01264478763894491
04	0.00001	69	34	0.012039190524385809
04	0.00001	69	71	0.012039190524385809
04	0.00001	69	50	0.012039190524385809
04	0.00001	69	37	0.011547447258439163
04	0.00001	69	82	0.010950953764711627
04	0.00001	69	73	0.010950953764711627
04	0.00001	69	14	0.010950953764711627
04	0.00001	69	42	0.010950953764711627
04	0.00001	69	30	0.010950953764711627
04	0.00001	69	61	0.010950953764711627
04	0.00001	69	69	0.004259000757859722
04	0.00001	69	95	0.010950953764711627
04	0.00001	69	68	0.010950953764711627
04	0.00001	69	3	0.010950953764711627
04	0.00001	69	15	0.009817549148722923
04	0.00001	70	0	0.09906087709191527
04	0.00001	70	5	0.09906087709191527
04	0.00001	70	2	0.09906087709191527
04	0.00001	70	100	0.014067976567507596
04	0.00001	70	34	0.014067976567507596
04	0.00001	70	71	0.014067976567507596
04	0.00001	70	82	0.014067976567507596
04	0.00001	70	30	0.014067976567507596
04	0.00001	70	74	0.012705448681724832
04	0.00001	70	37	0.012705448681724832
04	0.00001	70	50	0.012705448681724832
04	0.00001	70	73	0.012705448681724832
04	0.00001	70	14	0.012705448681724832
04	0.00001	70	68	0.012705448681724832
04	0.00001	70	95	0.012705448681724832
04	0.00001	70	42	0.012705448681724832
04	0.00001	70	3	0.012705448681724832
04	0.00001	70	69	0.012705448681724832
04	0.00001	70	51	0.0038648332198751617
04	0.00001	70	78	0.0020739827047829575
04	0.00001	71	0	0.0959863815552092
04	0.00001	71	5	0.0959863815552092
04	0.00001	71	2	0.0959863815552092
04	0.00001	71	34	0.018988154694182125
04	0.00001	71	100	0.018988154694182125
04	0.00001	71	74	0.018988154694182125
04	0.00001	71	71	0.018988154694182125
04	0.00001	71	37	0.018988154694182125
04	0.00001	71	73	0.018988154694182125
04	0.00001	71	50	0.018988154694182125
04	0.00001	71	82	0.018988154694182125
04	0.00001	71	42	0.018988154694182125
04	0.00001	71	30	0.018988154694182125
04	0.00001	71	14	0.012038224747804315
04	0.00001	71	3	0.011204000869466924
04	0.00001	71	68	0.006361070770104368
04	0.00001	71	61	0.006361070770104368
04	0.00001	71	95	0.006361070770104368
04	0.00001	71	93	0.006345626719920999
04	0.00001	71	51	0.0020729192284852193
04	0.00001	72	0	0.09274504925665636
04	0.00001	72	5	0.09274504925665636
04	0.00001	72	2	0.09274504925665636
04	0.00001	72	100	0.014751288734412987
04	0.00001	72	34	0.014083346435496453
04	0.00001	72	37	0.013704409870086778
04	0.00001	72	42	0.013704409870086778
04	0.00001	72	71	0.014083346435496453
04	0.00001	72	74	0.014083346435496453
04	0.00001	72	82	0.014083346435496453
04	0.00001	72	50	0.014083346435496453
04	0.00001	72	30	0.013704409870086778
04	0.00001	72	73	0.013704409870086778
04	0.00001	72	14	0.013704409870086778
04	0.00001	72	69	0.006478457593712522
04	0.00001	72	61	0.013704409870086778
04	0.00001	72	3	0.013704409870086778
04	0.00001	72	15	0.006478457593712522
04	0.00001	72	95	0.006478457593712522
04	0.00001	72	93	0.002043034335286544
04	0.00001	73	0	0.08911451852062086
04	0.00001	73	2	0.0868217277368707
04	0.00001	73	5	0.0868217277368707
04	0.00001	73	34	0.01904504258136087
04	0.00001	73	100	0.018098466081656446
04	0.00001	73	71	0.018098466081656446
04	0.00001	73	74	0.018098466081656446
04	0.00001	73	42	0.018098466081656446
04	0.00001	73	37	0.018098466081656446
04	0.00001	73	82	0.018098466081656446
04	0.00001	73	73	0.018098466081656446
04	0.00001	73	50	0.018098466081656446
04	0.00001	73	30	0.018098466081656446
04	0.00001	73	14	0.01648259898163454
04	0.00001	73	3	0.01648259898163454
04	0.00001	73	68	0.01648259898163454
04	0.00001	73	95	0.01648259898163454
04	0.00001	73	61	0.01648259898163454
04	0.00001	73	78	0.004318072130955998
04	0.00001	73	93	0.003218093186284353
04	0.00001	74	0	0.10112967859706967
04	0.00001	74	5	0.10112967859706967
04	0.00001	74	2	0.10112967859706967
04	0.00001	74	100	0.019191928916192515
04	0.00001	74	74	0.019191928916192515
04	0.00001	74	71	0.019191928916192515
04	0.00001	74	34	0.019191928916192515
04	0.00001	74	37	0.019191928916192515
04	0.00001	74	50	0.019191928916192515
04	0.00001	74	82	0.019191928916192515
04	0.00001	74	73	0.019191928916192515
04	0.00001	74	42	0.019191928916192515
04	0.00001	74	14	0.019191928916192515
04	0.00001	74	30	0.019191928916192515
04	0.00001	74	95	0.019191928916192515
04	0.00001	74	69	0.005384561928181765
04	0.00001	74	3	0.019191928916192515
04	0.00001	74	61	0.019191928916192515
04	0.00001	74	68	0.019191928916192515
04	0.00001	74	93	0.0019976034421364994
04	0.00001	74	51	0.005384561928181765
04	0.00001	75	0	0.09671536111366542
04	0.00001	75	5	0.09365342571125926
04	0.00001	75	2	0.09365342571125926
04	0.00001	75	100	0.01833317795546202
04	0.00001	75	34	0.01833317795546202
04	0.00001	75	37	0.01833317795546202
04	0.00001	75	73	0.015350682454261471
04	0.00001	75	50	0.01833317795546202
04	0.00001	75	71	0.01833317795546202
04	0.00001	75	74	0.01833317795546202
04	0.00001	75	69	0.00891762352818739
04	0.00001	75	95	0.00891762352818739
04	0.00001	75	30	0.015350682454261471
04	0.00001	75	42	0.015350682454261471
04	0.00001	75	82	0.015350682454261471
04	0.00001	75	14	0.015350682454261471
04	0.00001	75	61	0.015350682454261471
04	0.00001	75	3	0.015350682454261471
04	0.00001	75	93	0.01033612852167167
04	0.00001	75	26	0.0012566713285558587
04	0.00001	76	0	0.09597784246429729
04	0.00001	76	5	0.09597784246429729
04	0.00001	76	2	0.09597784246429729
04	0.00001	76	100	0.01709579046113852
04	0.00001	76	74	0.01709579046113852
04	0.00001	76	34	0.01709579046113852
04	0.00001	76	71	0.01709579046113852
04	0.00001	76	50	0.01709579046113852
04	0.00001	76	37	0.012650027537037815
04	0.00001	76	73	0.012650027537037815
04	0.00001	76	30	0.012650027537037815
04	0.00001	76	42	0.012650027537037815
04	0.00001	76	14	0.012650027537037815
04	0.00001	76	82	0.012650027537037815
04	0.00001	76	69	0.007296183067199494
04	0.00001	76	51	0.007137841036322725
04	0.00001	76	3	0.007137841036322725
04	0.00001	76	61	0.007137841036322725
04	0.00001	76	95	0.007137841036322725
04	0.00001	76	68	0.005905716755014185
04	0.00001	77	0	0.09635759969030917
04	0.00001	77	5	0.09635759969030917
04	0.00001	77	2	0.09635759969030917
04	0.00001	77	34	0.0135215240364588
04	0.00001	77	74	0.014127439456313562
04	0.00001	77	100	0.014127439456313562
04	0.00001	77	50	0.012711283167955674
04	0.00001	77	37	0.012711283167955674
04	0.00001	77	73	0.012711283167955674
04	0.00001	77	71	0.012283072757074574
04	0.00001	77	69	0.012283072757074574
04	0.00001	77	82	0.012283072757074574
04	0.00001	77	14	0.012283072757074574
04	0.00001	77	30	0.012283072757074574
04	0.00001	77	3	0.007947056359872352
04	0.00001	77	42	0.007947056359872352
04	0.00001	77	51	0.007947056359872352
04	0.00001	77	95	0.007947056359872352
04	0.00001	77	68	0.007947056359872352
04	0.00001	77	61	0.007947056359872352
04	0.00001	78	0	0.09549208084232755
04	0.00001	78	5	0.09549208084232755
04	0.00001	78	2	0.08909484130384993
04	0.00001	78	100	0.016405699317758374
04	0.00001	78	34	0.016405699317758374
04	0.00001	78	71	0.016405699317758374
04	0.00001	78	74	0.016405699317758374
04	0.00001	78	37	0.016405699317758374
04	0.00001	78	82	0.016405699317758374
04	0.00001	78	50	0.016405699317758374
04	0.00001	78	73	0.016405699317758374
04	0.00001	78	30	0.016405699317758374
04	0.00001	78	14	0.016405699317758374
04	0.00001	78	61	0.016405699317758374
04	0.00001	78	95	0.016405699317758374
04	0.00001	78	3	0.016405699317758374
04	0.00001	78	42	0.016405699317758374
04	0.00001	78	68	0.016405699317758374
04	0.00001	78	51	0.004812858049788345
04	0.00001	78	78	0.0019310296226257033
04	0.00001	79	0	0.09598481106408747
04	0.00001	79	5	0.09598481106408747
04	0.00001	79	2	0.09598481106408747
04	0.00001	79	100	0.016034875844522126
04	0.00001	79	37	0.019393412553528867
04	0.00001	79	34	0.019393412553528867
04	0.00001	79	74	0.016034875844522126
04	0.00001	79	71	0.016034875844522126
04	0.00001	79	50	0.016034875844522126
04	0.00001	79	82	0.016034875844522126
04	0.00001	79	73	0.016034875844522126
04	0.00001	79	30	0.016034875844522126
04	0.00001	79	95	0.009055977796380472
04	0.00001	79	69	0.009055977796380472
04	0.00001	79	14	0.016034875844522126
04	0.00001	79	42	0.016034875844522126
04	0.00001	79	3	0.016034875844522126
04	0.00001	79	61	0.016034875844522126
04	0.00001	79	15	0.009055977796380472
04	0.00001	79	26	0.0022289383402205746
04	0.00001	80	0	0.09368395384866246
04	0.00001	80	5	0.09368395384866246
04	0.00001	80	2	0.09163855539530637
04	0.00001	80	34	0.020636615313770864
04	0.00001	80	100	0.020636615313770864
04	0.00001	80	37	0.020636615313770864
04	0.00001	80	74	0.020636615313770864
04	0.00001	80	71	0.020636615313770864
04	0.00001	80	30	0.020636615313770864
04	0.00001	80	73	0.020636615313770864
04	0.00001	80	82	0.020636615313770864
04	0.00001	80	50	0.020636615313770864
04	0.00001	80	42	0.020636615313770864
04	0.00001	80	14	0.020636615313770864
04	0.00001	80	3	0.020636615313770864
04	0.00001	80	61	0.020636615313770864
04	0.00001	80	95	0.010236052951581814
04	0.00001	80	68	0.010236052951581814
04	0.00001	80	15	0.003314696602717253
04	0.00001	80	51	0.003314696602717253
04	0.00001	81	0	0.10187587080384797
04	0.00001	81	2	0.10187587080384797
04	0.00001	81	5	0.10187587080384797
04	0.00001	81	100	0.014941493622193523
04	0.00001	81	34	0.014941493622193523
04	0.00001	81	37	0.014941493622193523
04	0.00001	81	71	0.014941493622193523
04	0.00001	81	74	0.014941493622193523
04	0.00001	81	42	0.014941493622193523
04	0.00001	81	82	0.014941493622193523
04	0.00001	81	30	0.014941493622193523
04	0.00001	81	73	0.014941493622193523
04	0.00001	81	50	0.014941493622193523
04	0.00001	81	14	0.011327447714016637
04	0.00001	81	61	0.011327447714016637
04	0.00001	81	95	0.011327447714016637
04	0.00001	81	3	0.009541195372970705
04	0.00001	81	68	0.008075463245943146
04	0.00001	81	26	0.004948604977017194
04	0.00001	81	51	0.004418605579418652
04	0.00001	82	0	0.0997599509197264
04	0.00001	82	5	0.0997599509197264
04	0.00001	82	2	0.0997599509197264
04	0.00001	82	100	0.013358768653583411
04	0.00001	82	34	0.013358768653583411
04	0.00001	82	74	0.013358768653583411
04	0.00001	82	71	0.013358768653583411
04	0.00001	82	37	0.013358768653583411
04	0.00001	82	82	0.013358768653583411
04	0.00001	82	50	0.013358768653583411
04	0.00001	82	73	0.013358768653583411
04	0.00001	82	30	0.013358768653583411
04	0.00001	82	14	0.013358768653583411
04	0.00001	82	42	0.013358768653583411
04	0.00001	82	69	0.013358768653583411
04	0.00001	82	3	0.013358768653583411
04	0.00001	82	95	0.013358768653583411
04	0.00001	82	68	0.013358768653583411
04	0.00001	82	51	0.0057345123566266394
04	0.00001	82	61	0.0029085905362532484
04	0.00001	83	0	0.10408341597703087
04	0.00001	83	2	0.10408341597703087
04	0.00001	83	5	0.10408341597703087
04	0.00001	83	100	0.017299053790062257
04	0.00001	83	71	0.014430963022918917
04	0.00001	83	34	0.014430963022918917
04	0.00001	83	74	0.014430963022918917
04	0.00001	83	50	0.014430963022918917
04	0.00001	83	37	0.014430963022918917
04	0.00001	83	42	0.014430963022918917
04	0.00001	83	73	0.014430963022918917
04	0.00001	83	82	0.014430963022918917
04	0.00001	83	14	0.014430963022918917
04	0.00001	83	30	0.014430963022918917
04	0.00001	83	69	0.014430963022918917
04	0.00001	83	95	0.014430963022918917
04	0.00001	83	78	0.005370397345596646
04	0.00001	83	3	0.014430963022918917
04	0.00001	83	61	0.014430963022918917
04	0.00001	83	68	0.014430963022918917
04	0.00001	84	0	0.09254527634602286
04	0.00001	84	5	0.09254527634602286
04	0.00001	84	2	0.09254527634602286
04	0.00001	84	34	0.020144221168808728
04	0.00001	84	71	0.020144221168808728
04	0.00001	84	37	0.020144221168808728
04	0.00001	84	42	0.020144221168808728
04	0.00001	84	74	0.020144221168808728
04	0.00001	84	82	0.020144221168808728
04	0.00001	84	100	0.020144221168808728
04	0.00001	84	95	0.020144221168808728
04	0.00001	84	3	0.020144221168808728
04	0.00001	84	61	0.020144221168808728
04	0.00001	84	14	0.020144221168808728
04	0.00001	84	73	0.020144221168808728
04	0.00001	84	30	0.020144221168808728
04	0.00001	84	69	0.020144221168808728
04	0.00001	84	68	0.020144221168808728
04	0.00001	84	50	0.020144221168808728
04	0.00001	84	51	0.006323347439076267
04	0.00001	85	0	0.10157979112252437
04	0.00001	85	5	0.10157979112252437
04	0.00001	85	2	0.10148980567371799
04	0.00001	85	100	0.013999574982307543
04	0.00001	85	34	0.013999574982307543
04	0.00001	85	74	0.013999574982307543
04	0.00001	85	71	0.013999574982307543
04	0.00001	85	37	0.013999574982307543
04	0.00001	85	73	0.013999574982307543
04	0.00001	85	82	0.013999574982307543
04	0.00001	85	50	0.013999574982307543
04	0.00001	85	14	0.008850820817804242
04	0.00001	85	42	0.013999574982307543
04	0.00001	85	30	0.013999574982307543
04	0.00001	85	61	0.008469217732969889
04	0.00001	85	95	0.008469217732969889
04	0.00001	85	3	0.00843251287654117
04	0.00001	85	68	0.00843251287654117
04	0.00001	85	15	0.005998439010758896
04	0.00001	85	93	0.005225617218448067
04	0.00001	86	0	0.09028066862110413
04	0.00001	86	5	0.09028066862110413
04	0.00001	86	2	0.09028066862110413
04	0.00001	86	100	0.020084831785253082
04	0.00001	86	74	0.020084831785253082
04	0.00001	86	34	0.020084831785253082
04	0.00001	86	71	0.020084831785253082
04	0.00001	86	50	0.020084831785253082
04	0.00001	86	82	0.020084831785253082
04	0.00001	86	37	0.020084831785253082
04	0.00001	86	14	0.020084831785253082
04	0.00001	86	69	0.020084831785253082
04	0.00001	86	73	0.020084831785253082
04	0.00001	86	30	0.020084831785253082
04	0.00001	86	61	0.020084831785253082
04	0.00001	86	3	0.020084831785253082
04	0.00001	86	42	0.020084831785253082
04	0.00001	86	51	0.00388986260486315
04	0.00001	86	78	0.0034022008864914724
04	0.00001	86	68	0.020084831785253082
04	0.00001	86	95	0.020084831785253082
04	0.00001	87	0	0.09823399403988785
04	0.00001	87	2	0.09823399403988785
04	0.00001	87	5	0.09823399403988785
04	0.00001	87	34	0.013106851999560664
04	0.00001	87	100	0.013106851999560664
04	0.00001	87	71	0.013106851999560664
04	0.00001	87	74	0.013106851999560664
04	0.00001	87	37	0.013106851999560664
04	0.00001	87	73	0.013106851999560664
04	0.00001	87	50	0.013106851999560664
04	0.00001	87	82	0.013106851999560664
04	0.00001	87	30	0.013106851999560664
04	0.00001	87	42	0.013106851999560664
04	0.00001	87	14	0.009637161598003314
04	0.00001	87	95	0.009637161598003314
04	0.00001	87	61	0.009637161598003314
04	0.00001	87	68	0.009637161598003314
04	0.00001	87	3	0.009637161598003314
04	0.00001	87	51	0.003159838551949749
04	0.00001	87	72	0.0028005192187079025
04	0.00001	87	93	0.0028005192187079025
04	0.00001	88	0	0.10390373561643433
04	0.00001	88	2	0.10390373561643433
04	0.00001	88	5	0.10390373561643433
04	0.00001	88	100	0.01687001076628723
04	0.00001	88	71	0.01687001076628723
04	0.00001	88	34	0.01687001076628723
04	0.00001	88	74	0.01687001076628723
04	0.00001	88	82	0.01687001076628723
04	0.00001	88	30	0.01687001076628723
04	0.00001	88	37	0.01687001076628723
04	0.00001	88	73	0.01687001076628723
04	0.00001	88	50	0.01687001076628723
04	0.00001	88	14	0.013151155953314233
04	0.00001	88	3	0.013151155953314233
04	0.00001	88	95	0.013151155953314233
04	0.00001	88	61	0.013151155953314233
04	0.00001	88	68	0.013151155953314233
04	0.00001	88	42	0.00697134272052077
04	0.00001	88	15	0.00697134272052077
04	0.00001	88	51	0.005924149452465482
04	0.00001	89	0	0.09968716472369944
04	0.00001	89	5	0.09968716472369944
04	0.00001	89	2	0.09968716472369944
04	0.00001	89	100	0.01721753978221444
04	0.00001	89	34	0.01721753978221444
04	0.00001	89	82	0.01721753978221444
04	0.00001	89	71	0.01721753978221444
04	0.00001	89	37	0.01721753978221444
04	0.00001	89	74	0.01721753978221444
04	0.00001	89	30	0.01721753978221444
04	0.00001	89	73	0.01721753978221444
04	0.00001	89	50	0.01721753978221444
04	0.00001	89	95	0.00971277776638702
04	0.00001	89	42	0.01721753978221444
04	0.00001	89	14	0.01721753978221444
04	0.00001	89	3	0.01721753978221444
04	0.00001	89	61	0.00971277776638702
04	0.00001	89	68	0.00971277776638702
04	0.00001	89	93	0.008569857087965127
04	0.00001	89	15	0.008569857087965127
04	0.00001	90	0	0.10410485276204264
04	0.00001	90	2	0.10410485276204264
04	0.00001	90	5	0.10410485276204264
04	0.00001	90	71	0.012677656843653726
04	0.00001	90	34	0.012677656843653726
04	0.00001	90	37	0.012677656843653726
04	0.00001	90	100	0.012677656843653726
04	0.00001	90	73	0.012677656843653726
04	0.00001	90	82	0.012677656843653726
04	0.00001	90	30	0.012677656843653726
04	0.00001	90	74	0.012677656843653726
04	0.00001	90	42	0.012677656843653726
04	0.00001	90	14	0.012677656843653726
04	0.00001	90	95	0.012677656843653726
04	0.00001	90	3	0.012677656843653726
04	0.00001	90	50	0.012677656843653726
04	0.00001	90	68	0.012677656843653726
04	0.00001	90	61	0.012677656843653726
04	0.00001	90	93	0.012677656843653726
04	0.00001	90	15	0.01188080780024545
04	0.00001	91	0	0.09635041535692893
04	0.00001	91	2	0.09635041535692893
04	0.00001	91	5	0.09635041535692893
04	0.00001	91	100	0.015101959314467136
04	0.00001	91	74	0.015101959314467136
04	0.00001	91	37	0.015101959314467136
04	0.00001	91	34	0.015101959314467136
04	0.00001	91	82	0.015101959314467136
04	0.00001	91	50	0.015101959314467136
04	0.00001	91	71	0.015101959314467136
04	0.00001	91	69	0.015101959314467136
04	0.00001	91	42	0.015101959314467136
04	0.00001	91	73	0.015101959314467136
04	0.00001	91	30	0.015101959314467136
04	0.00001	91	14	0.015101959314467136
04	0.00001	91	61	0.015101959314467136
04	0.00001	91	3	0.015101959314467136
04	0.00001	91	95	0.015101959314467136
04	0.00001	91	68	0.015101959314467136
04	0.00001	91	93	0.001846231362645129
04	0.00001	92	0	0.10123484652115163
04	0.00001	92	2	0.10123484652115163
04	0.00001	92	5	0.10123484652115163
04	0.00001	92	34	0.013445829551334429
04	0.00001	92	71	0.013445829551334429
04	0.00001	92	100	0.013445829551334429
04	0.00001	92	82	0.013445829551334429
04	0.00001	92	37	0.013445829551334429
04	0.00001	92	30	0.013445829551334429
04	0.00001	92	73	0.013445829551334429
04	0.00001	92	14	0.013445829551334429
04	0.00001	92	74	0.013445829551334429
04	0.00001	92	42	0.013445829551334429
04	0.00001	92	95	0.013445829551334429
04	0.00001	92	61	0.013445829551334429
04	0.00001	92	3	0.013445829551334429
04	0.00001	92	50	0.013445829551334429
04	0.00001	92	68	0.010569430433559731
04	0.00001	92	69	0.004993856374385782
04	0.00001	92	15	0.0016739128075178608
04	0.00001	93	0	0.0979456523191691
04	0.00001	93	5	0.0979456523191691
04	0.00001	93	2	0.0979456523191691
04	0.00001	93	100	0.014376232016047754
04	0.00001	93	34	0.012869766998381762
04	0.00001	93	37	0.012869766998381762
04	0.00001	93	74	0.012869766998381762
04	0.00001	93	71	0.012869766998381762
04	0.00001	93	50	0.012869766998381762
04	0.00001	93	42	0.012869766998381762
04	0.00001	93	82	0.012869766998381762
04	0.00001	93	69	0.012869766998381762
04	0.00001	93	30	0.012869766998381762
04	0.00001	93	73	0.012869766998381762
04	0.00001	93	14	0.012869766998381762
04	0.00001	93	3	0.011112205706368155
04	0.00001	93	61	0.011112205706368155
04	0.00001	93	95	0.011112205706368155
04	0.00001	93	68	0.011112205706368155
04	0.00001	93	51	0.005184888531220727
04	0.00001	94	0	0.10375980528679336
04	0.00001	94	5	0.10375980528679336
04	0.00001	94	2	0.10375980528679336
04	0.00001	94	100	0.013843848754802178
04	0.00001	94	74	0.013843848754802178
04	0.00001	94	34	0.013843848754802178
04	0.00001	94	71	0.013720032262323342
04	0.00001	94	82	0.013720032262323342
04	0.00001	94	50	0.013720032262323342
04	0.00001	94	37	0.013720032262323342
04	0.00001	94	73	0.013720032262323342
04	0.00001	94	42	0.013720032262323342
04	0.00001	94	69	0.013720032262323342
04	0.00001	94	95	0.013720032262323342
04	0.00001	94	30	0.013720032262323342
04	0.00001	94	14	0.013720032262323342
04	0.00001	94	61	0.013720032262323342
04	0.00001	94	68	0.013720032262323342
04	0.00001	94	3	0.013720032262323342
04	0.00001	94	26	0.013720032262323342
04	0.00001	95	0	0.09303369365724401
04	0.00001	95	5	0.09303369365724401
04	0.00001	95	2	0.09303369365724401
04	0.00001	95	100	0.01441546750175519
04	0.00001	95	34	0.01441546750175519
04	0.00001	95	71	0.01441546750175519
04	0.00001	95	74	0.01441546750175519
04	0.00001	95	37	0.01441546750175519
04	0.00001	95	82	0.01441546750175519
04	0.00001	95	73	0.01441546750175519
04	0.00001	95	50	0.013933274938346639
04	0.00001	95	14	0.013933274938346639
04	0.00001	95	30	0.013933274938346639
04	0.00001	95	42	0.013933274938346639
04	0.00001	95	95	0.013933274938346639
04	0.00001	95	3	0.013933274938346639
04	0.00001	95	61	0.013933274938346639
04	0.00001	95	68	0.013933274938346639
04	0.00001	95	93	0.00883533300112249
04	0.00001	95	69	0.002724921329308092
04	0.00001	96	0	0.10379405353334822
04	0.00001	96	2	0.09416057396525856
04	0.00001	96	5	0.09416057396525856
04	0.00001	96	100	0.014690448674684862
04	0.00001	96	74	0.014690448674684862
04	0.00001	96	34	0.014690448674684862
04	0.00001	96	37	0.014690448674684862
04	0.00001	96	50	0.014690448674684862
04	0.00001	96	71	0.014690448674684862
04	0.00001	96	73	0.009735849583433858
04	0.00001	96	30	0.009735849583433858
04	0.00001	96	42	0.009735849583433858
04	0.00001	96	82	0.009735849583433858
04	0.00001	96	14	0.009735849583433858
04	0.00001	96	69	0.009735849583433858
04	0.00001	96	61	0.009735849583433858
04	0.00001	96	95	0.009735849583433858
04	0.00001	96	51	0.004068256975816336
04	0.00001	96	3	0.009735849583433858
04	0.00001	96	68	0.009735849583433858
04	0.00001	96	93	0.00611299330444816
04	0.00001	97	0	0.09083102446090832
04	0.00001	97	2	0.09083102446090832
04	0.00001	97	5	0.09083102446090832
04	0.00001	97	100	0.013746767166020364
04	0.00001	97	74	0.013746767166020364
04	0.00001	97	34	0.013746767166020364
04	0.00001	97	50	0.013746767166020364
04	0.00001	97	73	0.013746767166020364
04	0.00001	97	42	0.013746767166020364
04	0.00001	97	37	0.013746767166020364
04	0.00001	97	71	0.013746767166020364
04	0.00001	97	14	0.013746767166020364
04	0.00001	97	30	0.013746767166020364
04	0.00001	97	69	0.009362626557896034
04	0.00001	97	82	0.013746767166020364
04	0.00001	97	15	0.013746767166020364
04	0.00001	97	61	0.013746767166020364
04	0.00001	97	3	0.013746767166020364
04	0.00001	97	26	0.0019673009563642803
04	0.00001	97	51	0.0042701896304651946
04	0.00001	97	95	0.0042701896304651946
04	0.00001	98	0	0.09524261598697144
04	0.00001	98	5	0.09524261598697144
04	0.00001	98	2	0.09524261598697144
04	0.00001	98	100	0.01648334245366116
04	0.00001	98	74	0.01648334245366116
04	0.00001	98	34	0.01648334245366116
04	0.00001	98	71	0.01648334245366116
04	0.00001	98	50	0.01648334245366116
04	0.00001	98	82	0.01648334245366116
04	0.00001	98	37	0.01648334245366116
04	0.00001	98	73	0.01648334245366116
04	0.00001	98	30	0.015003082348932453
04	0.00001	98	69	0.006741302666958882
04	0.00001	98	95	0.015003082348932453
04	0.00001	98	51	0.005410742605606878
04	0.00001	98	42	0.015003082348932453
04	0.00001	98	14	0.015003082348932453
04	0.00001	98	61	0.015003082348932453
04	0.00001	98	3	0.015003082348932453
04	0.00001	98	68	0.015003082348932453
04	0.00001	99	0	0.09283137288582957
04	0.00001	99	2	0.09283137288582957
04	0.00001	99	5	0.09283137288582957
04	0.00001	99	100	0.013169051775083934
04	0.00001	99	74	0.013169051775083934
04	0.00001	99	34	0.013169051775083934
04	0.00001	99	71	0.013169051775083934
04	0.00001	99	50	0.011566935193548922
04	0.00001	99	37	0.011566935193548922
04	0.00001	99	82	0.011566935193548922
04	0.00001	99	73	0.011566935193548922
04	0.00001	99	30	0.011566935193548922
04	0.00001	99	14	0.010428297348683837
04	0.00001	99	69	0.008378412343801152
04	0.00001	99	61	0.010428297348683837
04	0.00001	99	95	0.010428297348683837
04	0.00001	99	42	0.010428297348683837
04	0.00001	99	68	0.010428297348683837
04	0.00001	99	3	0.010428297348683837
04	0.00001	99	51	0.004063038397290011
04	0.00001	100	0	0.1033961187467233
04	0.00001	100	2	0.1033961187467233
04	0.00001	100	5	0.1033961187467233
04	0.00001	100	34	0.022706906827241028
04	0.00001	100	100	0.022706906827241028
04	0.00001	100	37	0.022706906827241028
04	0.00001	100	71	0.022706906827241028
04	0.00001	100	74	0.022706906827241028
04	0.00001	100	73	0.022706906827241028
04	0.00001	100	82	0.022706906827241028
04	0.00001	100	42	0.022706906827241028
04	0.00001	100	30	0.022706906827241028
04	0.00001	100	14	0.022706906827241028
04	0.00001	100	50	0.022706906827241028
04	0.00001	100	3	0.022706906827241028
04	0.00001	100	61	0.022706906827241028
04	0.00001	100	95	0.022706906827241028
04	0.00001	100	68	0.022706906827241028
04	0.00001	100	93	0.0010800795235313965
04	0.00001	100	51	0.0015084368769692823
04	0.00001	100	15	0.0015084368769692823
04	0.0001	1	0	0.09651167114861929
04	0.0001	1	5	0.09651167114861929
04	0.0001	1	2	0.09651167114861929
04	0.0001	1	100	0.011709860334195743
04	0.0001	1	34	0.011092632475765998
04	0.0001	1	71	0.011092632475765998
04	0.0001	1	74	0.011092632475765998
04	0.0001	1	50	0.011092632475765998
04	0.0001	1	37	0.011092632475765998
04	0.0001	1	82	0.011092632475765998
04	0.0001	1	73	0.011092632475765998
04	0.0001	1	42	0.011092632475765998
04	0.0001	1	14	0.011092632475765998
04	0.0001	1	69	0.011092632475765998
04	0.0001	1	3	0.008170959415257471
04	0.0001	1	95	0.011092632475765998
04	0.0001	1	30	0.011092632475765998
04	0.0001	1	68	0.011092632475765998
04	0.0001	1	61	0.008170959415257471
04	0.0001	1	93	0.008170959415257471
04	0.0001	2	0	0.09293906163013636
04	0.0001	2	5	0.09293906163013636
04	0.0001	2	2	0.09293906163013636
04	0.0001	2	100	0.019005571661826884
04	0.0001	2	34	0.014763639236144687
04	0.0001	2	74	0.014763639236144687
04	0.0001	2	71	0.014763639236144687
04	0.0001	2	50	0.014763639236144687
04	0.0001	2	42	0.014763639236144687
04	0.0001	2	73	0.014763639236144687
04	0.0001	2	37	0.014763639236144687
04	0.0001	2	82	0.014763639236144687
04	0.0001	2	14	0.014763639236144687
04	0.0001	2	69	0.014763639236144687
04	0.0001	2	30	0.014763639236144687
04	0.0001	2	95	0.014763639236144687
04	0.0001	2	78	0.001749127417743664
04	0.0001	2	68	0.014763639236144687
04	0.0001	2	3	0.014763639236144687
04	0.0001	2	26	0.005543461674792103
04	0.0001	2	61	0.005543461674792103
04	0.0001	3	0	0.09496913593062113
04	0.0001	3	5	0.09496913593062113
04	0.0001	3	2	0.09496913593062113
04	0.0001	3	100	0.014356300511474589
04	0.0001	3	74	0.014009602823142652
04	0.0001	3	34	0.014009602823142652
04	0.0001	3	37	0.014009602823142652
04	0.0001	3	42	0.013647232685767254
04	0.0001	3	14	0.013647232685767254
04	0.0001	3	30	0.013647232685767254
04	0.0001	3	61	0.013647232685767254
04	0.0001	3	50	0.013647232685767254
04	0.0001	3	3	0.013647232685767254
04	0.0001	3	73	0.013647232685767254
04	0.0001	3	69	0.013647232685767254
04	0.0001	3	71	0.013647232685767254
04	0.0001	3	82	0.013647232685767254
04	0.0001	3	15	0.008876869980483282
04	0.0001	3	72	0.008774691871447261
04	0.0001	3	95	0.003692648356232868
04	0.0001	4	0	0.09969901467333789
04	0.0001	4	5	0.09969901467333789
04	0.0001	4	2	0.09969901467333789
04	0.0001	4	100	0.015166142637377084
04	0.0001	4	74	0.015166142637377084
04	0.0001	4	34	0.015166142637377084
04	0.0001	4	71	0.015166142637377084
04	0.0001	4	37	0.015166142637377084
04	0.0001	4	50	0.015166142637377084
04	0.0001	4	82	0.015166142637377084
04	0.0001	4	42	0.015166142637377084
04	0.0001	4	73	0.015166142637377084
04	0.0001	4	69	0.01209631049610847
04	0.0001	4	30	0.01209631049610847
04	0.0001	4	14	0.01209631049610847
04	0.0001	4	95	0.00866849896294832
04	0.0001	4	68	0.00541200135656772
04	0.0001	4	51	0.00541200135656772
04	0.0001	4	61	0.00541200135656772
04	0.0001	4	3	0.00541200135656772
04	0.0001	5	0	0.09669139182475973
04	0.0001	5	2	0.09669139182475973
04	0.0001	5	5	0.09669139182475973
04	0.0001	5	34	0.017250890284317928
04	0.0001	5	100	0.014814573813594996
04	0.0001	5	71	0.010800151681625627
04	0.0001	5	42	0.010800151681625627
04	0.0001	5	37	0.010800151681625627
04	0.0001	5	50	0.010800151681625627
04	0.0001	5	74	0.010800151681625627
04	0.0001	5	30	0.010800151681625627
04	0.0001	5	73	0.010800151681625627
04	0.0001	5	82	0.010800151681625627
04	0.0001	5	61	0.010800151681625627
04	0.0001	5	14	0.010800151681625627
04	0.0001	5	69	0.010800151681625627
04	0.0001	5	95	0.007476402315060188
04	0.0001	5	3	0.007467376001565212
04	0.0001	5	68	0.007467376001565212
04	0.0001	5	51	0.007268396819628998
04	0.0001	6	0	0.09746426726080107
04	0.0001	6	2	0.09746426726080107
04	0.0001	6	5	0.09746426726080107
04	0.0001	6	100	0.015398870199394062
04	0.0001	6	34	0.015398870199394062
04	0.0001	6	37	0.015398870199394062
04	0.0001	6	74	0.015398870199394062
04	0.0001	6	71	0.015398870199394062
04	0.0001	6	50	0.015398870199394062
04	0.0001	6	82	0.015398870199394062
04	0.0001	6	73	0.015398870199394062
04	0.0001	6	14	0.015398870199394062
04	0.0001	6	30	0.015398870199394062
04	0.0001	6	42	0.015398870199394062
04	0.0001	6	3	0.015398870199394062
04	0.0001	6	95	0.008740176551403507
04	0.0001	6	61	0.008740176551403507
04	0.0001	6	72	0.008740176551403507
04	0.0001	6	15	0.008740176551403507
04	0.0001	6	68	0.0014193314566597344
04	0.0001	7	0	0.0889222810401388
04	0.0001	7	5	0.0889222810401388
04	0.0001	7	2	0.0889222810401388
04	0.0001	7	100	0.015167950495473537
04	0.0001	7	34	0.015167950495473537
04	0.0001	7	37	0.015167950495473537
04	0.0001	7	71	0.015167950495473537
04	0.0001	7	74	0.015167950495473537
04	0.0001	7	50	0.015167950495473537
04	0.0001	7	14	0.015167950495473537
04	0.0001	7	82	0.015167950495473537
04	0.0001	7	73	0.015167950495473537
04	0.0001	7	30	0.015167950495473537
04	0.0001	7	42	0.015167950495473537
04	0.0001	7	3	0.015167950495473537
04	0.0001	7	61	0.015167950495473537
04	0.0001	7	95	0.012599701991686406
04	0.0001	7	68	0.009521386361389933
04	0.0001	7	69	0.006230908538190378
04	0.0001	7	15	0.006230908538190378
04	0.0001	8	0	0.09525163764574157
04	0.0001	8	5	0.09525163764574157
04	0.0001	8	2	0.09525163764574157
04	0.0001	8	34	0.015167763296862815
04	0.0001	8	37	0.015167763296862815
04	0.0001	8	100	0.015167763296862815
04	0.0001	8	71	0.015167763296862815
04	0.0001	8	74	0.015167763296862815
04	0.0001	8	50	0.013363252521159389
04	0.0001	8	30	0.013363252521159389
04	0.0001	8	73	0.013363252521159389
04	0.0001	8	42	0.013363252521159389
04	0.0001	8	14	0.013363252521159389
04	0.0001	8	3	0.013363252521159389
04	0.0001	8	61	0.013363252521159389
04	0.0001	8	69	0.01101603426359031
04	0.0001	8	15	0.01101603426359031
04	0.0001	8	82	0.011668279559195055
04	0.0001	8	68	0.011668279559195055
04	0.0001	8	95	0.011668279559195055
04	0.0001	8	51	0.0038369286346568547
04	0.0001	9	0	0.09421029736262765
04	0.0001	9	2	0.09421029736262765
04	0.0001	9	5	0.09421029736262765
04	0.0001	9	71	0.01742328729690469
04	0.0001	9	34	0.01742328729690469
04	0.0001	9	100	0.01742328729690469
04	0.0001	9	37	0.01742328729690469
04	0.0001	9	42	0.01742328729690469
04	0.0001	9	82	0.01742328729690469
04	0.0001	9	73	0.01742328729690469
04	0.0001	9	74	0.01742328729690469
04	0.0001	9	30	0.01742328729690469
04	0.0001	9	14	0.01742328729690469
04	0.0001	9	50	0.01742328729690469
04	0.0001	9	61	0.01742328729690469
04	0.0001	9	3	0.01742328729690469
04	0.0001	9	95	0.012624415645146308
04	0.0001	9	68	0.012624415645146308
04	0.0001	9	26	0.0087518786747357
04	0.0001	9	69	0.0087518786747357
04	0.0001	10	0	0.09844293306743221
04	0.0001	10	2	0.09844293306743221
04	0.0001	10	5	0.09844293306743221
04	0.0001	10	100	0.013171984307838225
04	0.0001	10	74	0.013171984307838225
04	0.0001	10	34	0.012867086389301962
04	0.0001	10	37	0.012867086389301962
04	0.0001	10	71	0.012867086389301962
04	0.0001	10	42	0.012867086389301962
04	0.0001	10	82	0.012867086389301962
04	0.0001	10	50	0.012867086389301962
04	0.0001	10	14	0.012867086389301962
04	0.0001	10	30	0.012867086389301962
04	0.0001	10	69	0.012867086389301962
04	0.0001	10	73	0.012867086389301962
04	0.0001	10	3	0.012867086389301962
04	0.0001	10	95	0.009270041857617838
04	0.0001	10	68	0.009270041857617838
04	0.0001	10	61	0.009270041857617838
04	0.0001	10	15	0.006838730947542379
04	0.0001	11	0	0.09896321164614498
04	0.0001	11	5	0.09896321164614498
04	0.0001	11	2	0.09896321164614498
04	0.0001	11	100	0.015119413888297654
04	0.0001	11	74	0.015119413888297654
04	0.0001	11	71	0.015119413888297654
04	0.0001	11	34	0.015119413888297654
04	0.0001	11	50	0.015119413888297654
04	0.0001	11	37	0.015119413888297654
04	0.0001	11	73	0.015119413888297654
04	0.0001	11	82	0.015119413888297654
04	0.0001	11	42	0.011510690969669689
04	0.0001	11	30	0.011510690969669689
04	0.0001	11	14	0.008973688454477125
04	0.0001	11	69	0.008973688454477125
04	0.0001	11	95	0.008973688454477125
04	0.0001	11	3	0.008973688454477125
04	0.0001	11	68	0.008973688454477125
04	0.0001	11	51	0.006222930529600293
04	0.0001	11	26	0.00639473817137217
04	0.0001	11	93	0.00639473817137217
04	0.0001	12	0	0.0927088119378611
04	0.0001	12	2	0.0927088119378611
04	0.0001	12	5	0.0927088119378611
04	0.0001	12	100	0.014302745829379902
04	0.0001	12	34	0.014302745829379902
04	0.0001	12	71	0.014302745829379902
04	0.0001	12	37	0.014302745829379902
04	0.0001	12	74	0.014302745829379902
04	0.0001	12	50	0.014302745829379902
04	0.0001	12	73	0.013596101624156299
04	0.0001	12	42	0.013596101624156299
04	0.0001	12	61	0.013596101624156299
04	0.0001	12	69	0.010682428335092212
04	0.0001	12	95	0.013596101624156299
04	0.0001	12	82	0.013596101624156299
04	0.0001	12	30	0.013596101624156299
04	0.0001	12	14	0.013596101624156299
04	0.0001	12	3	0.013596101624156299
04	0.0001	12	51	0.005447709889407535
04	0.0001	12	68	0.013596101624156299
04	0.0001	13	0	0.09421532098847174
04	0.0001	13	5	0.09421532098847174
04	0.0001	13	2	0.09421532098847174
04	0.0001	13	34	0.012874979143597046
04	0.0001	13	100	0.012874979143597046
04	0.0001	13	74	0.012330394884333013
04	0.0001	13	82	0.012330394884333013
04	0.0001	13	71	0.012330394884333013
04	0.0001	13	37	0.012330394884333013
04	0.0001	13	50	0.012330394884333013
04	0.0001	13	73	0.012330394884333013
04	0.0001	13	95	0.012330394884333013
04	0.0001	13	14	0.012330394884333013
04	0.0001	13	68	0.012330394884333013
04	0.0001	13	30	0.012330394884333013
04	0.0001	13	61	0.012330394884333013
04	0.0001	13	3	0.012330394884333013
04	0.0001	13	42	0.012330394884333013
04	0.0001	13	51	0.004933490575101106
04	0.0001	13	15	0.0065200213902398265
04	0.0001	13	93	0.0065200213902398265
04	0.0001	14	0	0.09300522837324762
04	0.0001	14	2	0.09300522837324762
04	0.0001	14	5	0.09300522837324762
04	0.0001	14	100	0.014970625157733819
04	0.0001	14	34	0.014970625157733819
04	0.0001	14	74	0.014970625157733819
04	0.0001	14	71	0.012401479060078666
04	0.0001	14	50	0.012401479060078666
04	0.0001	14	73	0.012401479060078666
04	0.0001	14	37	0.012401479060078666
04	0.0001	14	69	0.011560745801296334
04	0.0001	14	82	0.011560745801296334
04	0.0001	14	14	0.011560745801296334
04	0.0001	14	30	0.011560745801296334
04	0.0001	14	42	0.010197383210072287
04	0.0001	14	3	0.008667980433484601
04	0.0001	14	95	0.008667980433484601
04	0.0001	14	61	0.008667980433484601
04	0.0001	14	68	0.008667980433484601
04	0.0001	14	93	0.008667980433484601
04	0.0001	15	0	0.09706476649337495
04	0.0001	15	5	0.09706476649337495
04	0.0001	15	2	0.09706476649337495
04	0.0001	15	100	0.014817125751056528
04	0.0001	15	74	0.014817125751056528
04	0.0001	15	71	0.014817125751056528
04	0.0001	15	34	0.014817125751056528
04	0.0001	15	37	0.014817125751056528
04	0.0001	15	50	0.014817125751056528
04	0.0001	15	73	0.014817125751056528
04	0.0001	15	82	0.014817125751056528
04	0.0001	15	69	0.014817125751056528
04	0.0001	15	14	0.014817125751056528
04	0.0001	15	30	0.014817125751056528
04	0.0001	15	42	0.014817125751056528
04	0.0001	15	61	0.014817125751056528
04	0.0001	15	51	0.004296530223902612
04	0.0001	15	3	0.014817125751056528
04	0.0001	15	95	0.014817125751056528
04	0.0001	15	68	0.014817125751056528
04	0.0001	15	15	0.014817125751056528
04	0.0001	16	0	0.09219288356818979
04	0.0001	16	2	0.09219288356818979
04	0.0001	16	5	0.09219288356818979
04	0.0001	16	34	0.015612147313963315
04	0.0001	16	100	0.015612147313963315
04	0.0001	16	74	0.015612147313963315
04	0.0001	16	37	0.013728126848454477
04	0.0001	16	50	0.015612147313963315
04	0.0001	16	71	0.015612147313963315
04	0.0001	16	82	0.013728126848454477
04	0.0001	16	30	0.013728126848454477
04	0.0001	16	42	0.013728126848454477
04	0.0001	16	73	0.013728126848454477
04	0.0001	16	14	0.013728126848454477
04	0.0001	16	69	0.009676157567436242
04	0.0001	16	61	0.013728126848454477
04	0.0001	16	3	0.013728126848454477
04	0.0001	16	95	0.009676157567436242
04	0.0001	16	15	0.004657205577728351
04	0.0001	16	93	0.004657205577728351
04	0.0001	17	0	0.09815141611937289
04	0.0001	17	5	0.09815141611937289
04	0.0001	17	2	0.09815141611937289
04	0.0001	17	100	0.018192425136363464
04	0.0001	17	74	0.018192425136363464
04	0.0001	17	34	0.018192425136363464
04	0.0001	17	50	0.018192425136363464
04	0.0001	17	71	0.012726461069952236
04	0.0001	17	37	0.018192425136363464
04	0.0001	17	30	0.012726461069952236
04	0.0001	17	73	0.012726461069952236
04	0.0001	17	82	0.012726461069952236
04	0.0001	17	42	0.012726461069952236
04	0.0001	17	95	0.012726461069952236
04	0.0001	17	14	0.012726461069952236
04	0.0001	17	3	0.012726461069952236
04	0.0001	17	68	0.012726461069952236
04	0.0001	17	61	0.005822645219043237
04	0.0001	17	93	0.005567288210831548
04	0.0001	17	51	0.0026780313166777092
04	0.0001	18	0	0.10439729247729096
04	0.0001	18	2	0.10439729247729096
04	0.0001	18	5	0.10439729247729096
04	0.0001	18	100	0.01280074717538031
04	0.0001	18	74	0.01175706983936822
04	0.0001	18	34	0.01175706983936822
04	0.0001	18	50	0.01175706983936822
04	0.0001	18	37	0.01175706983936822
04	0.0001	18	71	0.011391670734467448
04	0.0001	18	73	0.008735442848725343
04	0.0001	18	82	0.008735442848725343
04	0.0001	18	30	0.008735442848725343
04	0.0001	18	14	0.008735442848725343
04	0.0001	18	69	0.008735442848725343
04	0.0001	18	42	0.008735442848725343
04	0.0001	18	95	0.008735442848725343
04	0.0001	18	68	0.008735442848725343
04	0.0001	18	3	0.008735442848725343
04	0.0001	18	51	0.004530532347731714
04	0.0001	18	78	0.004517821982348884
04	0.0001	19	0	0.09702179277967884
04	0.0001	19	5	0.09702179277967884
04	0.0001	19	2	0.09702179277967884
04	0.0001	19	100	0.01230010162392231
04	0.0001	19	34	0.011784305748655417
04	0.0001	19	71	0.011784305748655417
04	0.0001	19	74	0.011784305748655417
04	0.0001	19	37	0.011784305748655417
04	0.0001	19	50	0.011784305748655417
04	0.0001	19	69	0.011784305748655417
04	0.0001	19	82	0.011784305748655417
04	0.0001	19	73	0.011784305748655417
04	0.0001	19	14	0.011784305748655417
04	0.0001	19	42	0.011784305748655417
04	0.0001	19	30	0.011784305748655417
04	0.0001	19	51	0.005497982157720305
04	0.0001	19	95	0.011784305748655417
04	0.0001	19	61	0.011784305748655417
04	0.0001	19	68	0.011784305748655417
04	0.0001	19	3	0.011784305748655417
04	0.0001	19	93	0.011083977575497906
04	0.0001	20	0	0.10297533697360961
04	0.0001	20	2	0.10297533697360961
04	0.0001	20	5	0.10297533697360961
04	0.0001	20	100	0.01821032333250225
04	0.0001	20	34	0.01821032333250225
04	0.0001	20	71	0.01821032333250225
04	0.0001	20	74	0.01821032333250225
04	0.0001	20	73	0.01821032333250225
04	0.0001	20	37	0.01821032333250225
04	0.0001	20	82	0.01821032333250225
04	0.0001	20	50	0.01821032333250225
04	0.0001	20	30	0.01821032333250225
04	0.0001	20	14	0.01821032333250225
04	0.0001	20	95	0.01821032333250225
04	0.0001	20	42	0.01821032333250225
04	0.0001	20	61	0.01821032333250225
04	0.0001	20	68	0.01821032333250225
04	0.0001	20	3	0.01821032333250225
04	0.0001	20	69	0.007885309711739875
04	0.0001	20	51	0.005172316777922615
04	0.0001	21	0	0.1032675364078212
04	0.0001	21	2	0.1032675364078212
04	0.0001	21	5	0.1032675364078212
04	0.0001	21	34	0.014784691571683554
04	0.0001	21	71	0.014784691571683554
04	0.0001	21	100	0.014784691571683554
04	0.0001	21	37	0.014784691571683554
04	0.0001	21	74	0.014784691571683554
04	0.0001	21	73	0.014784691571683554
04	0.0001	21	82	0.014784691571683554
04	0.0001	21	14	0.014784691571683554
04	0.0001	21	42	0.014784691571683554
04	0.0001	21	30	0.014784691571683554
04	0.0001	21	3	0.014784691571683554
04	0.0001	21	50	0.014784691571683554
04	0.0001	21	68	0.014784691571683554
04	0.0001	21	61	0.014784691571683554
04	0.0001	21	95	0.014784691571683554
04	0.0001	21	69	0.014784691571683554
04	0.0001	21	93	0.0027245586959077817
04	0.0001	22	0	0.0969354668953191
04	0.0001	22	2	0.0969354668953191
04	0.0001	22	5	0.0969354668953191
04	0.0001	22	100	0.012517950750440515
04	0.0001	22	74	0.012517950750440515
04	0.0001	22	34	0.012517950750440515
04	0.0001	22	71	0.012517950750440515
04	0.0001	22	50	0.012517950750440515
04	0.0001	22	37	0.009571554615199105
04	0.0001	22	73	0.009571554615199105
04	0.0001	22	82	0.009571554615199105
04	0.0001	22	30	0.009435679239101984
04	0.0001	22	42	0.009001890753850592
04	0.0001	22	69	0.009001890753850592
04	0.0001	22	95	0.009001890753850592
04	0.0001	22	14	0.009001890753850592
04	0.0001	22	68	0.009001890753850592
04	0.0001	22	61	0.009001890753850592
04	0.0001	22	3	0.009001890753850592
04	0.0001	22	51	0.0038206459602799945
04	0.0001	23	0	0.10568543181156446
04	0.0001	23	2	0.10568543181156446
04	0.0001	23	5	0.10568543181156446
04	0.0001	23	100	0.016392154142786528
04	0.0001	23	74	0.016392154142786528
04	0.0001	23	34	0.016392154142786528
04	0.0001	23	42	0.016392154142786528
04	0.0001	23	71	0.016392154142786528
04	0.0001	23	50	0.016392154142786528
04	0.0001	23	37	0.016392154142786528
04	0.0001	23	73	0.016392154142786528
04	0.0001	23	30	0.016392154142786528
04	0.0001	23	82	0.016392154142786528
04	0.0001	23	69	0.016392154142786528
04	0.0001	23	14	0.014268259357217086
04	0.0001	23	95	0.005564111196510701
04	0.0001	23	51	0.005564111196510701
04	0.0001	23	3	0.004653683878915041
04	0.0001	23	15	0.003613000284508446
04	0.0001	23	26	0.003613000284508446
04	0.0001	24	0	0.09968503776719768
04	0.0001	24	5	0.09968503776719768
04	0.0001	24	2	0.09968503776719768
04	0.0001	24	100	0.01412743038903741
04	0.0001	24	74	0.01412743038903741
04	0.0001	24	34	0.01412743038903741
04	0.0001	24	71	0.01412743038903741
04	0.0001	24	50	0.01412743038903741
04	0.0001	24	82	0.01412743038903741
04	0.0001	24	37	0.01412743038903741
04	0.0001	24	73	0.01412743038903741
04	0.0001	24	69	0.01412743038903741
04	0.0001	24	14	0.009080898581371578
04	0.0001	24	30	0.009080898581371578
04	0.0001	24	95	0.009080898581371578
04	0.0001	24	51	0.003965385081273813
04	0.0001	24	78	0.003965385081273813
04	0.0001	24	3	0.009080898581371578
04	0.0001	24	42	0.009080898581371578
04	0.0001	24	61	0.009080898581371578
04	0.0001	24	68	0.009080898581371578
04	0.0001	24	26	0.005903789828968971
04	0.0001	25	0	0.09385336486809137
04	0.0001	25	5	0.09385336486809137
04	0.0001	25	2	0.09385336486809137
04	0.0001	25	34	0.017116294779369434
04	0.0001	25	71	0.013714567167566385
04	0.0001	25	37	0.017116294779369434
04	0.0001	25	73	0.017116294779369434
04	0.0001	25	30	0.013714567167566385
04	0.0001	25	42	0.013714567167566385
04	0.0001	25	82	0.013714567167566385
04	0.0001	25	100	0.013714567167566385
04	0.0001	25	14	0.013714567167566385
04	0.0001	25	61	0.013714567167566385
04	0.0001	25	3	0.013714567167566385
04	0.0001	25	93	0.013714567167566385
04	0.0001	25	72	0.005851864617567206
04	0.0001	25	68	0.013714567167566385
04	0.0001	25	95	0.013714567167566385
04	0.0001	25	50	0.013714567167566385
04	0.0001	25	74	0.013714567167566385
04	0.0001	25	69	0.013714567167566385
04	0.0001	26	0	0.09859194913841608
04	0.0001	26	2	0.09859194913841608
04	0.0001	26	5	0.09859194913841608
04	0.0001	26	100	0.015027485644332332
04	0.0001	26	34	0.011614503948493738
04	0.0001	26	74	0.011614503948493738
04	0.0001	26	71	0.011614503948493738
04	0.0001	26	37	0.011614503948493738
04	0.0001	26	50	0.011614503948493738
04	0.0001	26	73	0.011614503948493738
04	0.0001	26	82	0.011614503948493738
04	0.0001	26	30	0.009293184484570722
04	0.0001	26	69	0.009293184484570722
04	0.0001	26	14	0.009293184484570722
04	0.0001	26	42	0.009293184484570722
04	0.0001	26	95	0.009293184484570722
04	0.0001	26	61	0.008770755079993827
04	0.0001	26	3	0.008770755079993827
04	0.0001	26	68	0.008770755079993827
04	0.0001	26	93	0.008353773877677786
04	0.0001	27	0	0.09769883551106125
04	0.0001	27	5	0.09769883551106125
04	0.0001	27	2	0.09769883551106125
04	0.0001	27	100	0.016702449412095807
04	0.0001	27	74	0.016702449412095807
04	0.0001	27	34	0.016702449412095807
04	0.0001	27	50	0.016702449412095807
04	0.0001	27	71	0.016702449412095807
04	0.0001	27	37	0.016702449412095807
04	0.0001	27	42	0.016702449412095807
04	0.0001	27	82	0.016702449412095807
04	0.0001	27	73	0.016702449412095807
04	0.0001	27	30	0.016702449412095807
04	0.0001	27	14	0.016702449412095807
04	0.0001	27	69	0.006778530930485225
04	0.0001	27	95	0.016702449412095807
04	0.0001	27	61	0.016702449412095807
04	0.0001	27	68	0.016702449412095807
04	0.0001	27	3	0.016702449412095807
04	0.0001	27	51	0.0029122341224030023
04	0.0001	28	0	0.08666939849521363
04	0.0001	28	2	0.08666939849521363
04	0.0001	28	5	0.08666939849521363
04	0.0001	28	100	0.014450725811965227
04	0.0001	28	74	0.013516009462730997
04	0.0001	28	34	0.013516009462730997
04	0.0001	28	37	0.013516009462730997
04	0.0001	28	71	0.013516009462730997
04	0.0001	28	50	0.013516009462730997
04	0.0001	28	73	0.013516009462730997
04	0.0001	28	30	0.013516009462730997
04	0.0001	28	82	0.010510495447975273
04	0.0001	28	14	0.007613379343310726
04	0.0001	28	42	0.005883675217120926
04	0.0001	28	69	0.003809943880008275
04	0.0001	28	3	0.005883675217120926
04	0.0001	28	95	0.005883675217120926
04	0.0001	28	51	0.003809943880008275
04	0.0001	28	78	0.0028374935115932907
04	0.0001	28	88	0.0028374935115932907
04	0.0001	29	0	0.09917328070347305
04	0.0001	29	2	0.09917328070347305
04	0.0001	29	5	0.09917328070347305
04	0.0001	29	100	0.018819448814901163
04	0.0001	29	74	0.018819448814901163
04	0.0001	29	34	0.018819448814901163
04	0.0001	29	71	0.018819448814901163
04	0.0001	29	37	0.018819448814901163
04	0.0001	29	82	0.01744964197833497
04	0.0001	29	50	0.018819448814901163
04	0.0001	29	73	0.018819448814901163
04	0.0001	29	69	0.006223812867535585
04	0.0001	29	14	0.01744964197833497
04	0.0001	29	42	0.01744964197833497
04	0.0001	29	95	0.01744964197833497
04	0.0001	29	72	0.001463992149035382
04	0.0001	29	30	0.01744964197833497
04	0.0001	29	61	0.01744964197833497
04	0.0001	29	68	0.01744964197833497
04	0.0001	29	3	0.01744964197833497
04	0.0001	29	15	0.00920742436858334
04	0.0001	29	26	0.00920742436858334
04	0.0001	30	0	0.09586770117156898
04	0.0001	30	5	0.09586770117156898
04	0.0001	30	2	0.09586770117156898
04	0.0001	30	34	0.013310476616695172
04	0.0001	30	74	0.01399361394473404
04	0.0001	30	100	0.01399361394473404
04	0.0001	30	50	0.013310476616695172
04	0.0001	30	37	0.013310476616695172
04	0.0001	30	71	0.013310476616695172
04	0.0001	30	30	0.013310476616695172
04	0.0001	30	82	0.013310476616695172
04	0.0001	30	73	0.013310476616695172
04	0.0001	30	14	0.013310476616695172
04	0.0001	30	95	0.006385488284746052
04	0.0001	30	69	0.008164515243447235
04	0.0001	30	3	0.013310476616695172
04	0.0001	30	61	0.013310476616695172
04	0.0001	30	42	0.013310476616695172
04	0.0001	30	15	0.008164515243447235
04	0.0001	30	25	0.004487591861687567
04	0.0001	31	0	0.08814515339717333
04	0.0001	31	5	0.08814515339717333
04	0.0001	31	2	0.08075140215877129
04	0.0001	31	100	0.015570094872389091
04	0.0001	31	34	0.015570094872389091
04	0.0001	31	37	0.015570094872389091
04	0.0001	31	71	0.015570094872389091
04	0.0001	31	73	0.015570094872389091
04	0.0001	31	74	0.014805738742685882
04	0.0001	31	50	0.014805738742685882
04	0.0001	31	82	0.012162523743505257
04	0.0001	31	30	0.012162523743505257
04	0.0001	31	14	0.012162523743505257
04	0.0001	31	42	0.012162523743505257
04	0.0001	31	95	0.012162523743505257
04	0.0001	31	3	0.012162523743505257
04	0.0001	31	68	0.012162523743505257
04	0.0001	31	61	0.012162523743505257
04	0.0001	31	93	0.012162523743505257
04	0.0001	31	51	0.004706287271760103
04	0.0001	32	0	0.09993608883774215
04	0.0001	32	5	0.09993608883774215
04	0.0001	32	2	0.09993608883774215
04	0.0001	32	100	0.013582859992489678
04	0.0001	32	74	0.01078474389491833
04	0.0001	32	82	0.01078474389491833
04	0.0001	32	34	0.01078474389491833
04	0.0001	32	71	0.01078474389491833
04	0.0001	32	37	0.01078474389491833
04	0.0001	32	95	0.01078474389491833
04	0.0001	32	50	0.01078474389491833
04	0.0001	32	73	0.01078474389491833
04	0.0001	32	30	0.00832385192761668
04	0.0001	32	14	0.00832385192761668
04	0.0001	32	42	0.00832385192761668
04	0.0001	32	69	0.007756623595914711
04	0.0001	32	51	0.007106418485398131
04	0.0001	32	61	0.007106418485398131
04	0.0001	32	3	0.007106418485398131
04	0.0001	32	68	0.0024187269786193604
04	0.0001	33	0	0.09953143651271104
04	0.0001	33	5	0.09953143651271104
04	0.0001	33	2	0.09953143651271104
04	0.0001	33	100	0.012642717980931866
04	0.0001	33	34	0.012642717980931866
04	0.0001	33	37	0.012642717980931866
04	0.0001	33	71	0.012642717980931866
04	0.0001	33	74	0.012642717980931866
04	0.0001	33	73	0.012642717980931866
04	0.0001	33	82	0.012642717980931866
04	0.0001	33	14	0.012642717980931866
04	0.0001	33	50	0.012642717980931866
04	0.0001	33	30	0.012642717980931866
04	0.0001	33	42	0.012642717980931866
04	0.0001	33	3	0.012642717980931866
04	0.0001	33	95	0.012642717980931866
04	0.0001	33	61	0.012642717980931866
04	0.0001	33	68	0.012642717980931866
04	0.0001	33	93	0.00672025547442956
04	0.0001	33	69	0.00672025547442956
04	0.0001	34	0	0.0998253646937162
04	0.0001	34	2	0.0998253646937162
04	0.0001	34	5	0.0998253646937162
04	0.0001	34	34	0.012793951982201644
04	0.0001	34	100	0.012793951982201644
04	0.0001	34	74	0.012793951982201644
04	0.0001	34	82	0.012793951982201644
04	0.0001	34	37	0.012349991227122065
04	0.0001	34	71	0.012349991227122065
04	0.0001	34	95	0.012349991227122065
04	0.0001	34	42	0.012349991227122065
04	0.0001	34	73	0.012349991227122065
04	0.0001	34	68	0.012349991227122065
04	0.0001	34	50	0.012349991227122065
04	0.0001	34	3	0.012349991227122065
04	0.0001	34	61	0.012349991227122065
04	0.0001	34	14	0.012349991227122065
04	0.0001	34	30	0.012349991227122065
04	0.0001	34	93	0.012349991227122065
04	0.0001	34	69	0.012349991227122065
04	0.0001	35	0	0.09846928144121118
04	0.0001	35	2	0.09846928144121118
04	0.0001	35	5	0.09846928144121118
04	0.0001	35	34	0.018131459760572094
04	0.0001	35	37	0.018131459760572094
04	0.0001	35	100	0.018131459760572094
04	0.0001	35	74	0.018131459760572094
04	0.0001	35	50	0.018131459760572094
04	0.0001	35	71	0.018131459760572094
04	0.0001	35	73	0.018131459760572094
04	0.0001	35	82	0.018131459760572094
04	0.0001	35	14	0.018131459760572094
04	0.0001	35	30	0.018131459760572094
04	0.0001	35	69	0.004553840463510749
04	0.0001	35	3	0.018131459760572094
04	0.0001	35	42	0.018131459760572094
04	0.0001	35	68	0.008428349537104429
04	0.0001	35	95	0.0038425836742316463
04	0.0001	35	51	0.0038425836742316463
04	0.0001	35	78	0.0038425836742316463
04	0.0001	36	0	0.09255735539871857
04	0.0001	36	5	0.09255735539871857
04	0.0001	36	2	0.09255735539871857
04	0.0001	36	100	0.018290821179914592
04	0.0001	36	34	0.018290821179914592
04	0.0001	36	74	0.018290821179914592
04	0.0001	36	71	0.018290821179914592
04	0.0001	36	42	0.018290821179914592
04	0.0001	36	37	0.018290821179914592
04	0.0001	36	50	0.018290821179914592
04	0.0001	36	73	0.018290821179914592
04	0.0001	36	30	0.018290821179914592
04	0.0001	36	14	0.018290821179914592
04	0.0001	36	82	0.018290821179914592
04	0.0001	36	95	0.007728341931823022
04	0.0001	36	3	0.018290821179914592
04	0.0001	36	61	0.018290821179914592
04	0.0001	36	69	0.007728341931823022
04	0.0001	36	15	0.0013328937438212536
04	0.0001	36	26	0.0013328937438212536
04	0.0001	36	93	0.0013328937438212536
04	0.0001	36	68	0.007728341931823022
04	0.0001	36	51	0.007728341931823022
04	0.0001	37	0	0.09550696345374708
04	0.0001	37	2	0.09550696345374708
04	0.0001	37	5	0.09550696345374708
04	0.0001	37	100	0.015497735548262379
04	0.0001	37	34	0.015497735548262379
04	0.0001	37	71	0.015497735548262379
04	0.0001	37	37	0.015497735548262379
04	0.0001	37	50	0.015497735548262379
04	0.0001	37	14	0.015497735548262379
04	0.0001	37	30	0.014321546957116816
04	0.0001	37	73	0.015497735548262379
04	0.0001	37	82	0.015497735548262379
04	0.0001	37	69	0.009342459927367881
04	0.0001	37	3	0.009342459927367881
04	0.0001	37	42	0.009342459927367881
04	0.0001	37	68	0.009342459927367881
04	0.0001	37	95	0.009342459927367881
04	0.0001	37	74	0.00867300617003423
04	0.0001	37	15	0.00867300617003423
04	0.0001	37	93	0.00867300617003423
04	0.0001	38	0	0.10493759232094892
04	0.0001	38	2	0.10493759232094892
04	0.0001	38	5	0.10493759232094892
04	0.0001	38	71	0.011908876397659685
04	0.0001	38	34	0.011908876397659685
04	0.0001	38	37	0.011908876397659685
04	0.0001	38	73	0.011908876397659685
04	0.0001	38	74	0.011908876397659685
04	0.0001	38	82	0.011908876397659685
04	0.0001	38	100	0.011243199581541918
04	0.0001	38	14	0.011243199581541918
04	0.0001	38	61	0.011243199581541918
04	0.0001	38	30	0.011243199581541918
04	0.0001	38	42	0.011243199581541918
04	0.0001	38	95	0.0093802856503608
04	0.0001	38	3	0.0093802856503608
04	0.0001	38	68	0.0093802856503608
04	0.0001	38	50	0.0093802856503608
04	0.0001	38	69	0.0093802856503608
04	0.0001	38	15	0.0093802856503608
04	0.0001	39	0	0.10017901066504177
04	0.0001	39	5	0.10017901066504177
04	0.0001	39	2	0.10017901066504177
04	0.0001	39	34	0.017273236931702577
04	0.0001	39	100	0.014031805081538529
04	0.0001	39	74	0.014031805081538529
04	0.0001	39	71	0.014031805081538529
04	0.0001	39	50	0.014031805081538529
04	0.0001	39	37	0.014031805081538529
04	0.0001	39	73	0.014031805081538529
04	0.0001	39	82	0.014031805081538529
04	0.0001	39	42	0.014031805081538529
04	0.0001	39	14	0.014031805081538529
04	0.0001	39	69	0.014031805081538529
04	0.0001	39	30	0.014031805081538529
04	0.0001	39	95	0.014031805081538529
04	0.0001	39	3	0.014031805081538529
04	0.0001	39	68	0.014031805081538529
04	0.0001	39	61	0.014031805081538529
04	0.0001	39	26	0.008982576403378104
04	0.0001	40	0	0.09227251860373521
04	0.0001	40	2	0.09227251860373521
04	0.0001	40	5	0.09227251860373521
04	0.0001	40	100	0.01325176476397218
04	0.0001	40	74	0.01325176476397218
04	0.0001	40	71	0.01325176476397218
04	0.0001	40	34	0.01325176476397218
04	0.0001	40	50	0.01325176476397218
04	0.0001	40	37	0.01325176476397218
04	0.0001	40	42	0.01325176476397218
04	0.0001	40	73	0.01325176476397218
04	0.0001	40	82	0.01325176476397218
04	0.0001	40	69	0.01325176476397218
04	0.0001	40	14	0.01325176476397218
04	0.0001	40	30	0.01325176476397218
04	0.0001	40	3	0.01325176476397218
04	0.0001	40	95	0.008634109815001942
04	0.0001	40	68	0.00720256776983162
04	0.0001	40	61	0.0068808610759924565
04	0.0001	40	15	0.0036364194517285314
04	0.0001	41	0	0.09392654671007236
04	0.0001	41	2	0.09392654671007236
04	0.0001	41	5	0.09392654671007236
04	0.0001	41	34	0.01879045355069801
04	0.0001	41	100	0.01879045355069801
04	0.0001	41	74	0.01879045355069801
04	0.0001	41	73	0.01879045355069801
04	0.0001	41	71	0.01879045355069801
04	0.0001	41	37	0.01879045355069801
04	0.0001	41	50	0.01879045355069801
04	0.0001	41	69	0.0103501698207711
04	0.0001	41	82	0.0103501698207711
04	0.0001	41	30	0.0103501698207711
04	0.0001	41	14	0.0103501698207711
04	0.0001	41	42	0.0103501698207711
04	0.0001	41	61	0.009627194579191608
04	0.0001	41	95	0.00803524750861413
04	0.0001	41	3	0.00803524750861413
04	0.0001	41	51	0.0034596509408137675
04	0.0001	41	93	0.00803524750861413
04	0.0001	41	68	0.00803524750861413
04	0.0001	42	0	0.10685159510497172
04	0.0001	42	2	0.10685159510497172
04	0.0001	42	5	0.10685159510497172
04	0.0001	42	34	0.017545615706081215
04	0.0001	42	37	0.017545615706081215
04	0.0001	42	100	0.017545615706081215
04	0.0001	42	71	0.017545615706081215
04	0.0001	42	73	0.017545615706081215
04	0.0001	42	74	0.017545615706081215
04	0.0001	42	42	0.017545615706081215
04	0.0001	42	30	0.017545615706081215
04	0.0001	42	82	0.017545615706081215
04	0.0001	42	14	0.017545615706081215
04	0.0001	42	61	0.017545615706081215
04	0.0001	42	50	0.017545615706081215
04	0.0001	42	3	0.017545615706081215
04	0.0001	42	95	0.017545615706081215
04	0.0001	42	68	0.017545615706081215
04	0.0001	42	69	0.017545615706081215
04	0.0001	42	93	0.006939687709101583
04	0.0001	43	0	0.09256042678781143
04	0.0001	43	2	0.09256042678781143
04	0.0001	43	5	0.09256042678781143
04	0.0001	43	34	0.014226376669480898
04	0.0001	43	100	0.010303389304326446
04	0.0001	43	37	0.010303389304326446
04	0.0001	43	73	0.010303389304326446
04	0.0001	43	30	0.010303389304326446
04	0.0001	43	71	0.010303389304326446
04	0.0001	43	50	0.010303389304326446
04	0.0001	43	82	0.010303389304326446
04	0.0001	43	74	0.010303389304326446
04	0.0001	43	95	0.010303389304326446
04	0.0001	43	68	0.010303389304326446
04	0.0001	43	14	0.010303389304326446
04	0.0001	43	42	0.009221596632475184
04	0.0001	43	61	0.009221596632475184
04	0.0001	43	3	0.009221596632475184
04	0.0001	43	15	0.0032033335423090866
04	0.0001	43	51	0.0061626411047391695
04	0.0001	43	69	0.0061626411047391695
04	0.0001	44	0	0.0982756164195968
04	0.0001	44	5	0.09757417897146287
04	0.0001	44	2	0.09757417897146287
04	0.0001	44	34	0.015986247499965637
04	0.0001	44	100	0.015986247499965637
04	0.0001	44	71	0.015986247499965637
04	0.0001	44	42	0.015986247499965637
04	0.0001	44	37	0.015986247499965637
04	0.0001	44	74	0.015986247499965637
04	0.0001	44	50	0.015986247499965637
04	0.0001	44	73	0.015986247499965637
04	0.0001	44	82	0.015986247499965637
04	0.0001	44	61	0.015986247499965637
04	0.0001	44	95	0.013594798699852483
04	0.0001	44	68	0.013594798699852483
04	0.0001	44	3	0.015986247499965637
04	0.0001	44	30	0.015986247499965637
04	0.0001	44	14	0.015986247499965637
04	0.0001	44	15	0.008913392539486954
04	0.0001	44	51	0.0011192255704896505
04	0.0001	45	0	0.09714753853579718
04	0.0001	45	5	0.09714753853579718
04	0.0001	45	2	0.09429632207884343
04	0.0001	45	100	0.015211868028375338
04	0.0001	45	34	0.015211868028375338
04	0.0001	45	71	0.015211868028375338
04	0.0001	45	37	0.015211868028375338
04	0.0001	45	42	0.015211868028375338
04	0.0001	45	82	0.015211868028375338
04	0.0001	45	95	0.015211868028375338
04	0.0001	45	74	0.015211868028375338
04	0.0001	45	73	0.015211868028375338
04	0.0001	45	68	0.015211868028375338
04	0.0001	45	61	0.015211868028375338
04	0.0001	45	14	0.012467935562225307
04	0.0001	45	30	0.012467935562225307
04	0.0001	45	3	0.012467935562225307
04	0.0001	45	50	0.012467935562225307
04	0.0001	45	69	0.0014574170461608465
04	0.0001	45	26	0.006805454749483452
04	0.0001	45	15	0.006805454749483452
04	0.0001	46	0	0.10958521081569653
04	0.0001	46	2	0.10958521081569653
04	0.0001	46	5	0.10958521081569653
04	0.0001	46	100	0.014524252379685479
04	0.0001	46	74	0.014524252379685479
04	0.0001	46	71	0.014524252379685479
04	0.0001	46	50	0.014524252379685479
04	0.0001	46	37	0.014524252379685479
04	0.0001	46	34	0.014524252379685479
04	0.0001	46	73	0.014524252379685479
04	0.0001	46	82	0.01244900094900046
04	0.0001	46	14	0.014524252379685479
04	0.0001	46	30	0.014524252379685479
04	0.0001	46	61	0.014524252379685479
04	0.0001	46	42	0.014524252379685479
04	0.0001	46	3	0.014524252379685479
04	0.0001	46	69	0.01244900094900046
04	0.0001	46	95	0.01244900094900046
04	0.0001	46	51	0.008270856441581214
04	0.0001	46	93	0.0016654298348981811
04	0.0001	47	0	0.09510459670318452
04	0.0001	47	5	0.09510459670318452
04	0.0001	47	2	0.09510459670318452
04	0.0001	47	100	0.017452604004241947
04	0.0001	47	74	0.017452604004241947
04	0.0001	47	71	0.017452604004241947
04	0.0001	47	34	0.017452604004241947
04	0.0001	47	50	0.017452604004241947
04	0.0001	47	73	0.017452604004241947
04	0.0001	47	37	0.017452604004241947
04	0.0001	47	82	0.017452604004241947
04	0.0001	47	14	0.006495109144685755
04	0.0001	47	30	0.006495109144685755
04	0.0001	47	42	0.006495109144685755
04	0.0001	47	69	0.006495109144685755
04	0.0001	47	95	0.006495109144685755
04	0.0001	47	3	0.006495109144685755
04	0.0001	47	93	0.006495109144685755
04	0.0001	47	68	0.006495109144685755
04	0.0001	47	51	0.005266325099680928
04	0.0001	48	0	0.0979238439683361
04	0.0001	48	2	0.0979238439683361
04	0.0001	48	5	0.0979238439683361
04	0.0001	48	100	0.019740973052325646
04	0.0001	48	34	0.019740973052325646
04	0.0001	48	74	0.019740973052325646
04	0.0001	48	71	0.019740973052325646
04	0.0001	48	37	0.019740973052325646
04	0.0001	48	82	0.019740973052325646
04	0.0001	48	73	0.019740973052325646
04	0.0001	48	14	0.019740973052325646
04	0.0001	48	50	0.019740973052325646
04	0.0001	48	95	0.019740973052325646
04	0.0001	48	30	0.019740973052325646
04	0.0001	48	42	0.019740973052325646
04	0.0001	48	61	0.019740973052325646
04	0.0001	48	3	0.019740973052325646
04	0.0001	48	68	0.019740973052325646
04	0.0001	48	51	0.006928723946606895
04	0.0001	48	69	0.0014441242368019597
04	0.0001	49	0	0.08776773794766089
04	0.0001	49	5	0.08776773794766089
04	0.0001	49	2	0.08776773794766089
04	0.0001	49	100	0.015401995604540608
04	0.0001	49	74	0.015401995604540608
04	0.0001	49	34	0.012448913553389554
04	0.0001	49	50	0.012448913553389554
04	0.0001	49	37	0.012448913553389554
04	0.0001	49	71	0.012448913553389554
04	0.0001	49	73	0.012448913553389554
04	0.0001	49	82	0.012448913553389554
04	0.0001	49	30	0.009805325744360584
04	0.0001	49	69	0.008516783290604039
04	0.0001	49	14	0.009805325744360584
04	0.0001	49	61	0.009805325744360584
04	0.0001	49	42	0.009805325744360584
04	0.0001	49	3	0.009805325744360584
04	0.0001	49	93	0.009805325744360584
04	0.0001	49	72	0.008516783290604039
04	0.0001	49	95	0.008516783290604039
04	0.0001	50	0	0.09004549249171986
04	0.0001	50	5	0.09004549249171986
04	0.0001	50	2	0.09004549249171986
04	0.0001	50	100	0.01666358978485119
04	0.0001	50	74	0.01666358978485119
04	0.0001	50	34	0.01666358978485119
04	0.0001	50	71	0.01666358978485119
04	0.0001	50	37	0.01666358978485119
04	0.0001	50	73	0.01666358978485119
04	0.0001	50	50	0.01666358978485119
04	0.0001	50	30	0.015981578709416473
04	0.0001	50	82	0.015981578709416473
04	0.0001	50	14	0.015981578709416473
04	0.0001	50	69	0.008243199448054095
04	0.0001	50	42	0.015981578709416473
04	0.0001	50	95	0.015981578709416473
04	0.0001	50	68	0.015981578709416473
04	0.0001	50	3	0.015981578709416473
04	0.0001	50	51	0.004531287248187089
04	0.0001	50	78	0.0017296123923121955
04	0.0001	51	0	0.0907403886875416
04	0.0001	51	5	0.0907403886875416
04	0.0001	51	2	0.0907403886875416
04	0.0001	51	100	0.024260132904386084
04	0.0001	51	34	0.015397372686705308
04	0.0001	51	74	0.015397372686705308
04	0.0001	51	71	0.015397372686705308
04	0.0001	51	37	0.015397372686705308
04	0.0001	51	50	0.015397372686705308
04	0.0001	51	82	0.015397372686705308
04	0.0001	51	73	0.011150293972573402
04	0.0001	51	30	0.011150293972573402
04	0.0001	51	69	0.009562775116333399
04	0.0001	51	42	0.011150293972573402
04	0.0001	51	14	0.011150293972573402
04	0.0001	51	61	0.011150293972573402
04	0.0001	51	95	0.011150293972573402
04	0.0001	51	51	0.009562775116333399
04	0.0001	51	68	0.011150293972573402
04	0.0001	51	3	0.011150293972573402
04	0.0001	52	0	0.0965356745719851
04	0.0001	52	5	0.0965356745719851
04	0.0001	52	2	0.0965356745719851
04	0.0001	52	100	0.013522485417120618
04	0.0001	52	74	0.013522485417120618
04	0.0001	52	34	0.010589693415962987
04	0.0001	52	50	0.010589693415962987
04	0.0001	52	71	0.010589693415962987
04	0.0001	52	37	0.010589693415962987
04	0.0001	52	82	0.010589693415962987
04	0.0001	52	73	0.010589693415962987
04	0.0001	52	69	0.010589693415962987
04	0.0001	52	42	0.010589693415962987
04	0.0001	52	30	0.010589693415962987
04	0.0001	52	14	0.010589693415962987
04	0.0001	52	3	0.010589693415962987
04	0.0001	52	51	0.010589693415962987
04	0.0001	52	95	0.009705236215451525
04	0.0001	52	68	0.006693896492175898
04	0.0001	52	61	0.0038431844005173514
04	0.0001	53	0	0.08783636511428243
04	0.0001	53	2	0.08783636511428243
04	0.0001	53	5	0.08783636511428243
04	0.0001	53	100	0.013298658183386429
04	0.0001	53	74	0.013298658183386429
04	0.0001	53	34	0.013298658183386429
04	0.0001	53	50	0.013298658183386429
04	0.0001	53	71	0.013298658183386429
04	0.0001	53	37	0.013298658183386429
04	0.0001	53	82	0.010599772169303854
04	0.0001	53	73	0.010599772169303854
04	0.0001	53	69	0.005020683753887822
04	0.0001	53	14	0.007107029893136591
04	0.0001	53	30	0.007107029893136591
04	0.0001	53	42	0.007032635189058154
04	0.0001	53	3	0.007032635189058154
04	0.0001	53	95	0.007032635189058154
04	0.0001	53	61	0.006831476458799685
04	0.0001	53	15	0.006831476458799685
04	0.0001	53	68	0.006831476458799685
04	0.0001	53	26	0.006831476458799685
04	0.0001	54	0	0.0951807795423978
04	0.0001	54	2	0.0951807795423978
04	0.0001	54	5	0.0951807795423978
04	0.0001	54	34	0.015412631815266774
04	0.0001	54	100	0.015412631815266774
04	0.0001	54	71	0.015412631815266774
04	0.0001	54	74	0.015412631815266774
04	0.0001	54	37	0.015412631815266774
04	0.0001	54	73	0.015412631815266774
04	0.0001	54	42	0.015412631815266774
04	0.0001	54	50	0.015412631815266774
04	0.0001	54	82	0.015412631815266774
04	0.0001	54	30	0.015412631815266774
04	0.0001	54	14	0.012145507507239237
04	0.0001	54	95	0.008712273589933683
04	0.0001	54	3	0.008712273589933683
04	0.0001	54	93	0.006674502448150669
04	0.0001	54	68	0.008712273589933683
04	0.0001	54	61	0.008712273589933683
04	0.0001	54	51	0.0021148340631998376
04	0.0001	54	26	0.006674502448150669
04	0.0001	55	0	0.11108280645635542
04	0.0001	55	2	0.11108280645635542
04	0.0001	55	5	0.11108280645635542
04	0.0001	55	34	0.014842731987945886
04	0.0001	55	71	0.014842731987945886
04	0.0001	55	37	0.014842731987945886
04	0.0001	55	73	0.014842731987945886
04	0.0001	55	100	0.014842731987945886
04	0.0001	55	82	0.014842731987945886
04	0.0001	55	30	0.014842731987945886
04	0.0001	55	74	0.014842731987945886
04	0.0001	55	14	0.014842731987945886
04	0.0001	55	42	0.014842731987945886
04	0.0001	55	3	0.014842731987945886
04	0.0001	55	95	0.014842731987945886
04	0.0001	55	50	0.014842731987945886
04	0.0001	55	68	0.014842731987945886
04	0.0001	55	69	0.014842731987945886
04	0.0001	55	61	0.014842731987945886
04	0.0001	55	93	0.005409088876680805
04	0.0001	56	0	0.09314733114962097
04	0.0001	56	2	0.09314733114962097
04	0.0001	56	5	0.09314733114962097
04	0.0001	56	100	0.022018828191462315
04	0.0001	56	74	0.022018828191462315
04	0.0001	56	34	0.013899724519972166
04	0.0001	56	50	0.013899724519972166
04	0.0001	56	71	0.013899724519972166
04	0.0001	56	37	0.013899724519972166
04	0.0001	56	82	0.012890928833273427
04	0.0001	56	73	0.012890928833273427
04	0.0001	56	69	0.010278821039286264
04	0.0001	56	30	0.012890928833273427
04	0.0001	56	14	0.012890928833273427
04	0.0001	56	78	0.010278821039286264
04	0.0001	56	3	0.012890928833273427
04	0.0001	56	95	0.012890928833273427
04	0.0001	56	42	0.012890928833273427
04	0.0001	56	61	0.012890928833273427
04	0.0001	56	51	0.010278821039286264
04	0.0001	57	0	0.09484864208623726
04	0.0001	57	2	0.09484864208623726
04	0.0001	57	5	0.09484864208623726
04	0.0001	57	100	0.020234754508581854
04	0.0001	57	74	0.020234754508581854
04	0.0001	57	34	0.020234754508581854
04	0.0001	57	71	0.020234754508581854
04	0.0001	57	50	0.020234754508581854
04	0.0001	57	37	0.020234754508581854
04	0.0001	57	73	0.012146903950027366
04	0.0001	57	82	0.012146903950027366
04	0.0001	57	14	0.008129808969578246
04	0.0001	57	69	0.007344027064209637
04	0.0001	57	42	0.008129808969578246
04	0.0001	57	30	0.008129808969578246
04	0.0001	57	95	0.008129808969578246
04	0.0001	57	68	0.008129808969578246
04	0.0001	57	3	0.008129808969578246
04	0.0001	57	51	0.005794352206397866
04	0.0001	57	15	0.004450204068140102
04	0.0001	57	93	0.004450204068140102
04	0.0001	57	61	0.004450204068140102
04	0.0001	58	0	0.09859358019948786
04	0.0001	58	2	0.09859358019948786
04	0.0001	58	5	0.09859358019948786
04	0.0001	58	100	0.016881883534155914
04	0.0001	58	74	0.012921043511645764
04	0.0001	58	34	0.012921043511645764
04	0.0001	58	71	0.012921043511645764
04	0.0001	58	37	0.012921043511645764
04	0.0001	58	82	0.012921043511645764
04	0.0001	58	73	0.012921043511645764
04	0.0001	58	50	0.012921043511645764
04	0.0001	58	30	0.012921043511645764
04	0.0001	58	69	0.012921043511645764
04	0.0001	58	14	0.012921043511645764
04	0.0001	58	42	0.012921043511645764
04	0.0001	58	3	0.012921043511645764
04	0.0001	58	95	0.012921043511645764
04	0.0001	58	68	0.012921043511645764
04	0.0001	58	61	0.012921043511645764
04	0.0001	58	15	0.003876149168717492
04	0.0001	59	0	0.10799481879127185
04	0.0001	59	5	0.10799481879127185
04	0.0001	59	2	0.10799481879127185
04	0.0001	59	100	0.018125505982315306
04	0.0001	59	34	0.013771883114366288
04	0.0001	59	37	0.013771883114366288
04	0.0001	59	74	0.013771883114366288
04	0.0001	59	71	0.013771883114366288
04	0.0001	59	50	0.013096570958611487
04	0.0001	59	82	0.013096570958611487
04	0.0001	59	30	0.013096570958611487
04	0.0001	59	73	0.013096570958611487
04	0.0001	59	42	0.013096570958611487
04	0.0001	59	61	0.013096570958611487
04	0.0001	59	14	0.013096570958611487
04	0.0001	59	95	0.013096570958611487
04	0.0001	59	68	0.013096570958611487
04	0.0001	59	3	0.00872050296126867
04	0.0001	59	26	0.0033350518426027488
04	0.0001	59	51	0.00497351677268536
04	0.0001	59	78	0.00497351677268536
04	0.0001	60	0	0.08967690913952278
04	0.0001	60	2	0.08967690913952278
04	0.0001	60	5	0.08967690913952278
04	0.0001	60	100	0.01698263502076449
04	0.0001	60	34	0.01698263502076449
04	0.0001	60	74	0.01698263502076449
04	0.0001	60	71	0.01698263502076449
04	0.0001	60	37	0.01698263502076449
04	0.0001	60	50	0.01698263502076449
04	0.0001	60	73	0.01698263502076449
04	0.0001	60	82	0.01698263502076449
04	0.0001	60	30	0.016682670108029627
04	0.0001	60	14	0.016682670108029627
04	0.0001	60	42	0.016682670108029627
04	0.0001	60	95	0.016682670108029627
04	0.0001	60	61	0.016682670108029627
04	0.0001	60	69	0.016682670108029627
04	0.0001	60	68	0.016682670108029627
04	0.0001	60	3	0.016682670108029627
04	0.0001	60	15	0.0037219897903387313
04	0.0001	61	0	0.09445896264540334
04	0.0001	61	2	0.09445896264540334
04	0.0001	61	5	0.09445896264540334
04	0.0001	61	34	0.018512545099607668
04	0.0001	61	100	0.018512545099607668
04	0.0001	61	74	0.018512545099607668
04	0.0001	61	37	0.018512545099607668
04	0.0001	61	71	0.018512545099607668
04	0.0001	61	50	0.018512545099607668
04	0.0001	61	73	0.018512545099607668
04	0.0001	61	82	0.018512545099607668
04	0.0001	61	14	0.018512545099607668
04	0.0001	61	30	0.018512545099607668
04	0.0001	61	42	0.018512545099607668
04	0.0001	61	69	0.018512545099607668
04	0.0001	61	61	0.018512545099607668
04	0.0001	61	3	0.018512545099607668
04	0.0001	61	95	0.010331382685860854
04	0.0001	61	68	0.010331382685860854
04	0.0001	61	93	0.008386035207519271
04	0.0001	62	0	0.09492176125193724
04	0.0001	62	2	0.09492176125193724
04	0.0001	62	5	0.09492176125193724
04	0.0001	62	100	0.012477139381178
04	0.0001	62	34	0.012477139381178
04	0.0001	62	74	0.012477139381178
04	0.0001	62	37	0.012477139381178
04	0.0001	62	50	0.012477139381178
04	0.0001	62	71	0.012477139381178
04	0.0001	62	73	0.012477139381178
04	0.0001	62	82	0.012477139381178
04	0.0001	62	42	0.01134679829460467
04	0.0001	62	14	0.01134679829460467
04	0.0001	62	69	0.01134679829460467
04	0.0001	62	30	0.01134679829460467
04	0.0001	62	95	0.01134679829460467
04	0.0001	62	51	0.006820930107799138
04	0.0001	62	3	0.01134679829460467
04	0.0001	62	61	0.01134679829460467
04	0.0001	62	68	0.01134679829460467
04	0.0001	63	0	0.09707704969772468
04	0.0001	63	2	0.09707704969772468
04	0.0001	63	5	0.09707704969772468
04	0.0001	63	100	0.012910964462521726
04	0.0001	63	34	0.012910964462521726
04	0.0001	63	71	0.012910964462521726
04	0.0001	63	73	0.012910964462521726
04	0.0001	63	74	0.012910964462521726
04	0.0001	63	37	0.012910964462521726
04	0.0001	63	42	0.012910964462521726
04	0.0001	63	30	0.012910964462521726
04	0.0001	63	14	0.012910964462521726
04	0.0001	63	82	0.012910964462521726
04	0.0001	63	50	0.012910964462521726
04	0.0001	63	95	0.012910964462521726
04	0.0001	63	68	0.012910964462521726
04	0.0001	63	61	0.01210598821277585
04	0.0001	63	3	0.01210598821277585
04	0.0001	63	93	0.01210598821277585
04	0.0001	63	51	0.0047790769748520786
04	0.0001	64	0	0.0956441566508113
04	0.0001	64	5	0.08863545680488455
04	0.0001	64	2	0.08863545680488455
04	0.0001	64	100	0.014349063662545639
04	0.0001	64	34	0.014349063662545639
04	0.0001	64	74	0.014349063662545639
04	0.0001	64	37	0.014349063662545639
04	0.0001	64	71	0.014349063662545639
04	0.0001	64	50	0.013019572802295851
04	0.0001	64	73	0.013019572802295851
04	0.0001	64	82	0.013019572802295851
04	0.0001	64	69	0.008345914890368884
04	0.0001	64	95	0.010487427393303324
04	0.0001	64	14	0.010487427393303324
04	0.0001	64	42	0.010487427393303324
04	0.0001	64	30	0.010487427393303324
04	0.0001	64	51	0.005345873532595881
04	0.0001	64	61	0.010487427393303324
04	0.0001	64	3	0.010487427393303324
04	0.0001	64	68	0.010487427393303324
04	0.0001	65	0	0.08110616502766027
04	0.0001	65	2	0.08110616502766027
04	0.0001	65	5	0.08110616502766027
04	0.0001	65	34	0.018375906119510094
04	0.0001	65	100	0.017432429016321208
04	0.0001	65	74	0.017432429016321208
04	0.0001	65	37	0.017432429016321208
04	0.0001	65	71	0.017432429016321208
04	0.0001	65	73	0.017432429016321208
04	0.0001	65	50	0.017432429016321208
04	0.0001	65	14	0.017432429016321208
04	0.0001	65	42	0.017432429016321208
04	0.0001	65	82	0.017432429016321208
04	0.0001	65	3	0.017432429016321208
04	0.0001	65	30	0.017432429016321208
04	0.0001	65	61	0.017432429016321208
04	0.0001	65	95	0.017432429016321208
04	0.0001	65	68	0.017432429016321208
04	0.0001	65	93	0.017432429016321208
04	0.0001	65	54	0.007025988133574084
04	0.0001	66	0	0.0935980398009424
04	0.0001	66	2	0.0935980398009424
04	0.0001	66	5	0.0935980398009424
04	0.0001	66	100	0.016437732354523647
04	0.0001	66	74	0.016437732354523647
04	0.0001	66	34	0.016437732354523647
04	0.0001	66	71	0.016437732354523647
04	0.0001	66	50	0.016437732354523647
04	0.0001	66	37	0.016437732354523647
04	0.0001	66	73	0.011219447044218836
04	0.0001	66	82	0.011219447044218836
04	0.0001	66	30	0.011219447044218836
04	0.0001	66	14	0.011219447044218836
04	0.0001	66	42	0.011219447044218836
04	0.0001	66	3	0.010689671362564851
04	0.0001	66	68	0.010689671362564851
04	0.0001	66	61	0.010689671362564851
04	0.0001	66	69	0.005255252268363682
04	0.0001	66	95	0.003977039178917084
04	0.0001	66	51	0.003977039178917084
04	0.0001	67	0	0.08875174742046535
04	0.0001	67	5	0.08875174742046535
04	0.0001	67	2	0.0852692572519697
04	0.0001	67	34	0.013082236795363177
04	0.0001	67	37	0.013082236795363177
04	0.0001	67	100	0.013082236795363177
04	0.0001	67	73	0.013082236795363177
04	0.0001	67	74	0.013082236795363177
04	0.0001	67	71	0.013082236795363177
04	0.0001	67	30	0.013082236795363177
04	0.0001	67	82	0.013082236795363177
04	0.0001	67	50	0.013082236795363177
04	0.0001	67	14	0.013082236795363177
04	0.0001	67	95	0.010677719081569517
04	0.0001	67	61	0.013082236795363177
04	0.0001	67	42	0.013082236795363177
04	0.0001	67	68	0.010677719081569517
04	0.0001	67	3	0.010677719081569517
04	0.0001	67	51	0.006930307930264546
04	0.0001	67	93	0.006012971057196709
04	0.0001	68	0	0.08948700569707856
04	0.0001	68	2	0.08948700569707856
04	0.0001	68	5	0.08948700569707856
04	0.0001	68	100	0.014598009194772993
04	0.0001	68	34	0.014598009194772993
04	0.0001	68	74	0.014598009194772993
04	0.0001	68	71	0.014008055371302567
04	0.0001	68	50	0.014008055371302567
04	0.0001	68	37	0.014008055371302567
04	0.0001	68	42	0.014008055371302567
04	0.0001	68	73	0.012104113940811007
04	0.0001	68	82	0.012104113940811007
04	0.0001	68	14	0.012104113940811007
04	0.0001	68	30	0.012104113940811007
04	0.0001	68	69	0.00654371691078482
04	0.0001	68	3	0.006106384540072327
04	0.0001	68	51	0.006106384540072327
04	0.0001	68	61	0.005421499257307691
04	0.0001	68	95	0.005421499257307691
04	0.0001	68	68	0.005421499257307691
04	0.0001	69	0	0.09763849040260365
04	0.0001	69	2	0.09763849040260365
04	0.0001	69	5	0.09763849040260365
04	0.0001	69	100	0.01326145532865257
04	0.0001	69	74	0.012039519987002624
04	0.0001	69	34	0.012039519987002624
04	0.0001	69	71	0.012039519987002624
04	0.0001	69	50	0.012039519987002624
04	0.0001	69	37	0.011045022863788015
04	0.0001	69	30	0.009695850863002392
04	0.0001	69	73	0.009695850863002392
04	0.0001	69	82	0.009695850863002392
04	0.0001	69	14	0.009695850863002392
04	0.0001	69	42	0.009695850863002392
04	0.0001	69	61	0.009695850863002392
04	0.0001	69	69	0.005481971317773813
04	0.0001	69	95	0.009695850863002392
04	0.0001	69	68	0.009695850863002392
04	0.0001	69	3	0.009695850863002392
04	0.0001	69	15	0.009695850863002392
04	0.0001	70	0	0.0982429322874285
04	0.0001	70	5	0.0982429322874285
04	0.0001	70	2	0.0982429322874285
04	0.0001	70	100	0.013206431796524355
04	0.0001	70	34	0.013206431796524355
04	0.0001	70	71	0.013206431796524355
04	0.0001	70	82	0.013206431796524355
04	0.0001	70	30	0.013206431796524355
04	0.0001	70	74	0.012287831315576283
04	0.0001	70	37	0.012287831315576283
04	0.0001	70	50	0.012287831315576283
04	0.0001	70	73	0.012287831315576283
04	0.0001	70	68	0.012287831315576283
04	0.0001	70	95	0.012287831315576283
04	0.0001	70	42	0.012287831315576283
04	0.0001	70	61	0.002221585416501752
04	0.0001	70	3	0.012287831315576283
04	0.0001	70	69	0.012287831315576283
04	0.0001	70	14	0.012287831315576283
04	0.0001	70	51	0.005175156794346935
04	0.0001	71	0	0.09563533143094094
04	0.0001	71	5	0.09563533143094094
04	0.0001	71	2	0.09563533143094094
04	0.0001	71	34	0.018670968136946485
04	0.0001	71	100	0.018670968136946485
04	0.0001	71	74	0.018670968136946485
04	0.0001	71	71	0.018670968136946485
04	0.0001	71	37	0.018670968136946485
04	0.0001	71	73	0.018670968136946485
04	0.0001	71	50	0.018670968136946485
04	0.0001	71	82	0.018670968136946485
04	0.0001	71	42	0.018670968136946485
04	0.0001	71	30	0.018670968136946485
04	0.0001	71	14	0.01204734947128799
04	0.0001	71	3	0.01069027445808813
04	0.0001	71	61	0.006483403585391863
04	0.0001	71	68	0.006483403585391863
04	0.0001	71	95	0.006483403585391863
04	0.0001	71	93	0.006483403585391863
04	0.0001	71	51	0.0024889701400553797
04	0.0001	72	0	0.092851700033606
04	0.0001	72	5	0.092851700033606
04	0.0001	72	2	0.092851700033606
04	0.0001	72	100	0.015439507783443978
04	0.0001	72	34	0.015439507783443978
04	0.0001	72	37	0.015439507783443978
04	0.0001	72	42	0.015439507783443978
04	0.0001	72	71	0.015439507783443978
04	0.0001	72	74	0.015439507783443978
04	0.0001	72	82	0.015439507783443978
04	0.0001	72	50	0.015439507783443978
04	0.0001	72	30	0.015439507783443978
04	0.0001	72	73	0.015439507783443978
04	0.0001	72	14	0.015439507783443978
04	0.0001	72	3	0.015439507783443978
04	0.0001	72	61	0.015439507783443978
04	0.0001	72	15	0.006023862755650315
04	0.0001	72	95	0.006023862755650315
04	0.0001	72	69	0.006023862755650315
04	0.0001	72	93	0.002498621668040655
04	0.0001	73	0	0.08893519747298864
04	0.0001	73	2	0.08657469987609075
04	0.0001	73	5	0.08657469987609075
04	0.0001	73	34	0.019341163632916415
04	0.0001	73	100	0.01712110156346831
04	0.0001	73	71	0.01712110156346831
04	0.0001	73	74	0.01712110156346831
04	0.0001	73	42	0.01712110156346831
04	0.0001	73	37	0.01712110156346831
04	0.0001	73	82	0.01712110156346831
04	0.0001	73	73	0.01712110156346831
04	0.0001	73	30	0.01712110156346831
04	0.0001	73	50	0.01712110156346831
04	0.0001	73	14	0.014071127311933336
04	0.0001	73	3	0.014071127311933336
04	0.0001	73	68	0.014071127311933336
04	0.0001	73	78	0.007058553842812563
04	0.0001	73	61	0.0130004578416334
04	0.0001	73	95	0.0130004578416334
04	0.0001	73	93	0.0030074837357165155
04	0.0001	74	0	0.10176828361460444
04	0.0001	74	5	0.10176828361460444
04	0.0001	74	2	0.10176828361460444
04	0.0001	74	100	0.01884048910328307
04	0.0001	74	74	0.01884048910328307
04	0.0001	74	71	0.01884048910328307
04	0.0001	74	34	0.01884048910328307
04	0.0001	74	37	0.01884048910328307
04	0.0001	74	50	0.01884048910328307
04	0.0001	74	82	0.01884048910328307
04	0.0001	74	73	0.01884048910328307
04	0.0001	74	42	0.01884048910328307
04	0.0001	74	14	0.01884048910328307
04	0.0001	74	30	0.01884048910328307
04	0.0001	74	95	0.01884048910328307
04	0.0001	74	69	0.0039039353298603715
04	0.0001	74	3	0.01884048910328307
04	0.0001	74	61	0.01884048910328307
04	0.0001	74	68	0.01884048910328307
04	0.0001	74	93	0.0038583825772013206
04	0.0001	74	51	0.0039039353298603715
04	0.0001	75	0	0.09944178700318222
04	0.0001	75	5	0.09368233550404241
04	0.0001	75	2	0.09368233550404241
04	0.0001	75	100	0.01876720594811789
04	0.0001	75	34	0.01876720594811789
04	0.0001	75	37	0.01876720594811789
04	0.0001	75	73	0.012651289824216313
04	0.0001	75	50	0.01876720594811789
04	0.0001	75	71	0.01876720594811789
04	0.0001	75	74	0.01876720594811789
04	0.0001	75	69	0.006403412962778125
04	0.0001	75	14	0.012651289824216313
04	0.0001	75	30	0.012651289824216313
04	0.0001	75	42	0.012651289824216313
04	0.0001	75	82	0.012651289824216313
04	0.0001	75	61	0.012651289824216313
04	0.0001	75	3	0.012651289824216313
04	0.0001	75	93	0.009921604813136082
04	0.0001	75	95	0.006403412962778125
04	0.0001	75	26	0.00133616637384765
04	0.0001	76	0	0.09591660389657732
04	0.0001	76	5	0.09591660389657732
04	0.0001	76	2	0.09591660389657732
04	0.0001	76	100	0.018301708282384532
04	0.0001	76	74	0.018301708282384532
04	0.0001	76	34	0.018301708282384532
04	0.0001	76	71	0.018301708282384532
04	0.0001	76	50	0.018301708282384532
04	0.0001	76	37	0.01279664808666434
04	0.0001	76	73	0.011676801734383586
04	0.0001	76	30	0.011676801734383586
04	0.0001	76	42	0.011676801734383586
04	0.0001	76	14	0.011676801734383586
04	0.0001	76	82	0.011676801734383586
04	0.0001	76	69	0.009347171568614143
04	0.0001	76	51	0.007166231380376821
04	0.0001	76	3	0.007166231380376821
04	0.0001	76	61	0.007166231380376821
04	0.0001	76	95	0.007166231380376821
04	0.0001	76	68	0.005110830854274385
04	0.0001	77	0	0.09742773981706222
04	0.0001	77	5	0.09742773981706222
04	0.0001	77	2	0.09742773981706222
04	0.0001	77	100	0.013931784507958683
04	0.0001	77	74	0.013931784507958683
04	0.0001	77	34	0.013931784507958683
04	0.0001	77	50	0.013931784507958683
04	0.0001	77	71	0.013931784507958683
04	0.0001	77	73	0.013931784507958683
04	0.0001	77	37	0.013931784507958683
04	0.0001	77	69	0.013931784507958683
04	0.0001	77	82	0.013931784507958683
04	0.0001	77	14	0.013931784507958683
04	0.0001	77	30	0.013931784507958683
04	0.0001	77	42	0.007739322867627411
04	0.0001	77	51	0.007739322867627411
04	0.0001	77	3	0.007423658443686842
04	0.0001	77	78	0.0024240141092405653
04	0.0001	77	88	0.0024240141092405653
04	0.0001	77	61	0.007423658443686842
04	0.0001	77	68	0.007423658443686842
04	0.0001	77	95	0.007423658443686842
04	0.0001	78	0	0.09412514168929628
04	0.0001	78	5	0.09412514168929628
04	0.0001	78	2	0.089816359899933
04	0.0001	78	100	0.016583825133976167
04	0.0001	78	34	0.016583825133976167
04	0.0001	78	71	0.016583825133976167
04	0.0001	78	74	0.016583825133976167
04	0.0001	78	37	0.016583825133976167
04	0.0001	78	82	0.016583825133976167
04	0.0001	78	50	0.016583825133976167
04	0.0001	78	73	0.016583825133976167
04	0.0001	78	30	0.016583825133976167
04	0.0001	78	14	0.016583825133976167
04	0.0001	78	61	0.016583825133976167
04	0.0001	78	95	0.016583825133976167
04	0.0001	78	3	0.016583825133976167
04	0.0001	78	42	0.016583825133976167
04	0.0001	78	68	0.016583825133976167
04	0.0001	78	51	0.004921703660907975
04	0.0001	78	78	0.0018720445648916974
04	0.0001	79	0	0.09408979550849098
04	0.0001	79	2	0.09408979550849098
04	0.0001	79	5	0.09408979550849098
04	0.0001	79	100	0.01706712795974676
04	0.0001	79	37	0.020209707531263534
04	0.0001	79	34	0.020209707531263534
04	0.0001	79	74	0.01706712795974676
04	0.0001	79	71	0.01706712795974676
04	0.0001	79	50	0.01706712795974676
04	0.0001	79	82	0.01706712795974676
04	0.0001	79	73	0.01706712795974676
04	0.0001	79	30	0.01706712795974676
04	0.0001	79	95	0.00932930771739988
04	0.0001	79	69	0.00932930771739988
04	0.0001	79	14	0.01706712795974676
04	0.0001	79	42	0.01706712795974676
04	0.0001	79	3	0.01706712795974676
04	0.0001	79	61	0.01706712795974676
04	0.0001	79	15	0.00932930771739988
04	0.0001	79	26	0.0019418046594989768
04	0.0001	80	0	0.09378076466826239
04	0.0001	80	5	0.09378076466826239
04	0.0001	80	2	0.09158843480951888
04	0.0001	80	34	0.020909317862828028
04	0.0001	80	100	0.020909317862828028
04	0.0001	80	37	0.020909317862828028
04	0.0001	80	74	0.020909317862828028
04	0.0001	80	71	0.020909317862828028
04	0.0001	80	30	0.020909317862828028
04	0.0001	80	73	0.020909317862828028
04	0.0001	80	82	0.020909317862828028
04	0.0001	80	50	0.020909317862828028
04	0.0001	80	42	0.020909317862828028
04	0.0001	80	14	0.020909317862828028
04	0.0001	80	3	0.020909317862828028
04	0.0001	80	61	0.020909317862828028
04	0.0001	80	95	0.010629766857596576
04	0.0001	80	68	0.010629766857596576
04	0.0001	80	15	0.0030898724848945707
04	0.0001	80	51	0.0030898724848945707
04	0.0001	81	0	0.1016774760469303
04	0.0001	81	5	0.1016774760469303
04	0.0001	81	2	0.1016774760469303
04	0.0001	81	100	0.01359507599911196
04	0.0001	81	71	0.01359507599911196
04	0.0001	81	34	0.01359507599911196
04	0.0001	81	37	0.01359507599911196
04	0.0001	81	42	0.01359507599911196
04	0.0001	81	74	0.01359507599911196
04	0.0001	81	50	0.01359507599911196
04	0.0001	81	82	0.01359507599911196
04	0.0001	81	73	0.01359507599911196
04	0.0001	81	30	0.01359507599911196
04	0.0001	81	14	0.01359507599911196
04	0.0001	81	61	0.01359507599911196
04	0.0001	81	95	0.01359507599911196
04	0.0001	81	3	0.01359507599911196
04	0.0001	81	26	0.007860469141625312
04	0.0001	81	51	0.006146122759894014
04	0.0001	81	15	0.007860469141625312
04	0.0001	81	93	0.007860469141625312
04	0.0001	82	0	0.0988542116132463
04	0.0001	82	5	0.0988542116132463
04	0.0001	82	2	0.0988542116132463
04	0.0001	82	100	0.013594335147221345
04	0.0001	82	34	0.013594335147221345
04	0.0001	82	74	0.013594335147221345
04	0.0001	82	71	0.013594335147221345
04	0.0001	82	37	0.013594335147221345
04	0.0001	82	82	0.012795062692145136
04	0.0001	82	73	0.012795062692145136
04	0.0001	82	30	0.012795062692145136
04	0.0001	82	50	0.012795062692145136
04	0.0001	82	14	0.012795062692145136
04	0.0001	82	42	0.012795062692145136
04	0.0001	82	69	0.012795062692145136
04	0.0001	82	95	0.012795062692145136
04	0.0001	82	3	0.012795062692145136
04	0.0001	82	68	0.012795062692145136
04	0.0001	82	51	0.005800810592258614
04	0.0001	82	61	0.0038701092899794346
04	0.0001	83	0	0.10402888692067724
04	0.0001	83	2	0.10402888692067724
04	0.0001	83	5	0.10402888692067724
04	0.0001	83	100	0.017189574412362567
04	0.0001	83	71	0.017189574412362567
04	0.0001	83	34	0.017189574412362567
04	0.0001	83	74	0.017189574412362567
04	0.0001	83	50	0.017189574412362567
04	0.0001	83	37	0.017189574412362567
04	0.0001	83	42	0.017189574412362567
04	0.0001	83	73	0.017189574412362567
04	0.0001	83	82	0.017189574412362567
04	0.0001	83	14	0.012424818232996866
04	0.0001	83	30	0.017189574412362567
04	0.0001	83	69	0.017189574412362567
04	0.0001	83	95	0.012424818232996866
04	0.0001	83	61	0.012424818232996866
04	0.0001	83	3	0.012424818232996866
04	0.0001	83	68	0.012424818232996866
04	0.0001	83	93	0.0037813584746374434
04	0.0001	84	0	0.09262864278820265
04	0.0001	84	5	0.09262864278820265
04	0.0001	84	2	0.09262864278820265
04	0.0001	84	34	0.02069671580700047
04	0.0001	84	37	0.02069671580700047
04	0.0001	84	71	0.02069671580700047
04	0.0001	84	100	0.02069671580700047
04	0.0001	84	82	0.02069671580700047
04	0.0001	84	74	0.02069671580700047
04	0.0001	84	95	0.02069671580700047
04	0.0001	84	3	0.02069671580700047
04	0.0001	84	61	0.02069671580700047
04	0.0001	84	14	0.02069671580700047
04	0.0001	84	73	0.02069671580700047
04	0.0001	84	30	0.02069671580700047
04	0.0001	84	42	0.02069671580700047
04	0.0001	84	69	0.02069671580700047
04	0.0001	84	68	0.02069671580700047
04	0.0001	84	50	0.02069671580700047
04	0.0001	84	51	0.006167577042044676
04	0.0001	85	0	0.10152787011198258
04	0.0001	85	5	0.10152787011198258
04	0.0001	85	2	0.10152787011198258
04	0.0001	85	100	0.0141271142142872
04	0.0001	85	34	0.014093145901577859
04	0.0001	85	74	0.014093145901577859
04	0.0001	85	71	0.014093145901577859
04	0.0001	85	37	0.014093145901577859
04	0.0001	85	73	0.014093145901577859
04	0.0001	85	82	0.014093145901577859
04	0.0001	85	50	0.014093145901577859
04	0.0001	85	14	0.009357956831434932
04	0.0001	85	42	0.014093145901577859
04	0.0001	85	30	0.014093145901577859
04	0.0001	85	61	0.00853055958594015
04	0.0001	85	95	0.00853055958594015
04	0.0001	85	3	0.00853055958594015
04	0.0001	85	68	0.00853055958594015
04	0.0001	85	15	0.006818544561554563
04	0.0001	85	93	0.006818544561554563
04	0.0001	86	0	0.09049330091665551
04	0.0001	86	5	0.09049330091665551
04	0.0001	86	2	0.09049330091665551
04	0.0001	86	100	0.020075914241554874
04	0.0001	86	74	0.020075914241554874
04	0.0001	86	34	0.020075914241554874
04	0.0001	86	71	0.020075914241554874
04	0.0001	86	82	0.020075914241554874
04	0.0001	86	37	0.020075914241554874
04	0.0001	86	50	0.020075914241554874
04	0.0001	86	14	0.020075914241554874
04	0.0001	86	69	0.020075914241554874
04	0.0001	86	73	0.020075914241554874
04	0.0001	86	30	0.020075914241554874
04	0.0001	86	42	0.020075914241554874
04	0.0001	86	61	0.020075914241554874
04	0.0001	86	51	0.007323885063788023
04	0.0001	86	3	0.020075914241554874
04	0.0001	86	68	0.020075914241554874
04	0.0001	86	95	0.020075914241554874
04	0.0001	87	0	0.098237159904502
04	0.0001	87	2	0.098237159904502
04	0.0001	87	5	0.098237159904502
04	0.0001	87	34	0.013084932219569615
04	0.0001	87	100	0.013084932219569615
04	0.0001	87	71	0.013084932219569615
04	0.0001	87	74	0.013084932219569615
04	0.0001	87	37	0.013084932219569615
04	0.0001	87	73	0.013084932219569615
04	0.0001	87	50	0.013084932219569615
04	0.0001	87	82	0.013084932219569615
04	0.0001	87	30	0.013084932219569615
04	0.0001	87	42	0.013084932219569615
04	0.0001	87	14	0.009603640027013095
04	0.0001	87	95	0.009603640027013095
04	0.0001	87	61	0.009603640027013095
04	0.0001	87	68	0.009603640027013095
04	0.0001	87	3	0.009603640027013095
04	0.0001	87	51	0.0028907073269446304
04	0.0001	87	72	0.00324485011266165
04	0.0001	87	93	0.00324485011266165
04	0.0001	88	0	0.10033835392694399
04	0.0001	88	5	0.10033835392694399
04	0.0001	88	2	0.10033835392694399
04	0.0001	88	100	0.015029492007592259
04	0.0001	88	71	0.015029492007592259
04	0.0001	88	34	0.015029492007592259
04	0.0001	88	74	0.015029492007592259
04	0.0001	88	82	0.015029492007592259
04	0.0001	88	37	0.015029492007592259
04	0.0001	88	73	0.015029492007592259
04	0.0001	88	30	0.015029492007592259
04	0.0001	88	50	0.015029492007592259
04	0.0001	88	14	0.015029492007592259
04	0.0001	88	3	0.015029492007592259
04	0.0001	88	95	0.015029492007592259
04	0.0001	88	42	0.0078075962385206485
04	0.0001	88	68	0.015029492007592259
04	0.0001	88	61	0.015029492007592259
04	0.0001	88	51	0.004502951894905351
04	0.0001	88	93	0.004873903173645123
04	0.0001	88	15	0.004873903173645123
04	0.0001	89	0	0.0998026228907767
04	0.0001	89	5	0.0998026228907767
04	0.0001	89	2	0.0998026228907767
04	0.0001	89	100	0.02047597553407769
04	0.0001	89	34	0.02047597553407769
04	0.0001	89	82	0.02047597553407769
04	0.0001	89	71	0.02047597553407769
04	0.0001	89	37	0.02047597553407769
04	0.0001	89	74	0.02047597553407769
04	0.0001	89	73	0.02047597553407769
04	0.0001	89	50	0.02047597553407769
04	0.0001	89	95	0.012485338180586152
04	0.0001	89	30	0.02047597553407769
04	0.0001	89	14	0.02047597553407769
04	0.0001	89	3	0.02047597553407769
04	0.0001	89	42	0.02047597553407769
04	0.0001	89	68	0.012485338180586152
04	0.0001	89	61	0.012485338180586152
04	0.0001	89	93	0.007549863781911516
04	0.0001	89	15	0.007549863781911516
04	0.0001	90	0	0.10415622368546605
04	0.0001	90	2	0.10415622368546605
04	0.0001	90	5	0.10415622368546605
04	0.0001	90	71	0.013183983424536659
04	0.0001	90	34	0.013183983424536659
04	0.0001	90	37	0.013183983424536659
04	0.0001	90	100	0.013183983424536659
04	0.0001	90	73	0.013183983424536659
04	0.0001	90	82	0.013183983424536659
04	0.0001	90	30	0.013183983424536659
04	0.0001	90	74	0.013183983424536659
04	0.0001	90	42	0.013183983424536659
04	0.0001	90	14	0.013183983424536659
04	0.0001	90	50	0.013183983424536659
04	0.0001	90	95	0.013183983424536659
04	0.0001	90	68	0.013183983424536659
04	0.0001	90	3	0.013183983424536659
04	0.0001	90	61	0.013183983424536659
04	0.0001	90	93	0.013183983424536659
04	0.0001	90	15	0.011588043602947384
04	0.0001	91	0	0.09568424211598311
04	0.0001	91	2	0.09568424211598311
04	0.0001	91	5	0.09568424211598311
04	0.0001	91	100	0.01570808123805548
04	0.0001	91	74	0.01570808123805548
04	0.0001	91	34	0.01570808123805548
04	0.0001	91	37	0.01570808123805548
04	0.0001	91	71	0.01570808123805548
04	0.0001	91	50	0.01570808123805548
04	0.0001	91	82	0.01570808123805548
04	0.0001	91	42	0.01570808123805548
04	0.0001	91	73	0.01570808123805548
04	0.0001	91	69	0.01570808123805548
04	0.0001	91	14	0.01570808123805548
04	0.0001	91	30	0.01570808123805548
04	0.0001	91	61	0.01570808123805548
04	0.0001	91	3	0.01570808123805548
04	0.0001	91	95	0.01570808123805548
04	0.0001	91	68	0.01570808123805548
04	0.0001	91	93	0.002002228569281122
04	0.0001	92	0	0.10107946486772716
04	0.0001	92	2	0.10107946486772716
04	0.0001	92	5	0.10056136416990114
04	0.0001	92	34	0.014929417729039614
04	0.0001	92	71	0.014929417729039614
04	0.0001	92	100	0.014929417729039614
04	0.0001	92	82	0.014929417729039614
04	0.0001	92	37	0.014929417729039614
04	0.0001	92	30	0.014929417729039614
04	0.0001	92	73	0.014929417729039614
04	0.0001	92	74	0.014929417729039614
04	0.0001	92	42	0.014929417729039614
04	0.0001	92	14	0.014929417729039614
04	0.0001	92	95	0.014929417729039614
04	0.0001	92	3	0.014929417729039614
04	0.0001	92	50	0.014929417729039614
04	0.0001	92	68	0.014929417729039614
04	0.0001	92	69	0.014929417729039614
04	0.0001	92	15	0.014929417729039614
04	0.0001	92	93	0.014929417729039614
04	0.0001	93	0	0.09864386981861303
04	0.0001	93	5	0.09864386981861303
04	0.0001	93	2	0.09864386981861303
04	0.0001	93	100	0.014461501130521045
04	0.0001	93	34	0.012929568474940548
04	0.0001	93	37	0.012929568474940548
04	0.0001	93	71	0.012929568474940548
04	0.0001	93	74	0.012929568474940548
04	0.0001	93	50	0.012929568474940548
04	0.0001	93	42	0.012929568474940548
04	0.0001	93	82	0.012929568474940548
04	0.0001	93	69	0.012929568474940548
04	0.0001	93	30	0.012929568474940548
04	0.0001	93	73	0.012929568474940548
04	0.0001	93	14	0.012929568474940548
04	0.0001	93	3	0.012140266675883206
04	0.0001	93	61	0.012140266675883206
04	0.0001	93	95	0.012140266675883206
04	0.0001	93	68	0.012140266675883206
04	0.0001	93	51	0.005220067172218465
04	0.0001	94	0	0.1030017956967119
04	0.0001	94	5	0.1030017956967119
04	0.0001	94	2	0.1030017956967119
04	0.0001	94	100	0.01326084147926637
04	0.0001	94	74	0.01326084147926637
04	0.0001	94	34	0.01326084147926637
04	0.0001	94	71	0.012418935519830688
04	0.0001	94	82	0.012418935519830688
04	0.0001	94	50	0.012418935519830688
04	0.0001	94	37	0.012418935519830688
04	0.0001	94	73	0.012418935519830688
04	0.0001	94	69	0.012418935519830688
04	0.0001	94	42	0.012418935519830688
04	0.0001	94	30	0.012418935519830688
04	0.0001	94	95	0.012418935519830688
04	0.0001	94	14	0.012418935519830688
04	0.0001	94	61	0.012418935519830688
04	0.0001	94	68	0.012418935519830688
04	0.0001	94	3	0.012418935519830688
04	0.0001	94	26	0.012418935519830688
04	0.0001	95	0	0.09309194072826538
04	0.0001	95	5	0.09309194072826538
04	0.0001	95	2	0.09309194072826538
04	0.0001	95	100	0.014439109018381389
04	0.0001	95	34	0.014439109018381389
04	0.0001	95	71	0.014439109018381389
04	0.0001	95	74	0.014439109018381389
04	0.0001	95	37	0.014439109018381389
04	0.0001	95	82	0.014439109018381389
04	0.0001	95	73	0.014439109018381389
04	0.0001	95	50	0.013194821392199407
04	0.0001	95	14	0.013194821392199407
04	0.0001	95	30	0.013194821392199407
04	0.0001	95	42	0.013194821392199407
04	0.0001	95	95	0.013194821392199407
04	0.0001	95	68	0.013194821392199407
04	0.0001	95	3	0.013194821392199407
04	0.0001	95	61	0.013194821392199407
04	0.0001	95	93	0.011561780040384582
04	0.0001	95	69	0.0024216129217450536
04	0.0001	96	0	0.09443222499582185
04	0.0001	96	2	0.09256323137385172
04	0.0001	96	5	0.09256323137385172
04	0.0001	96	100	0.0166200716080169
04	0.0001	96	34	0.0166200716080169
04	0.0001	96	74	0.0166200716080169
04	0.0001	96	37	0.0166200716080169
04	0.0001	96	50	0.0166200716080169
04	0.0001	96	71	0.0166200716080169
04	0.0001	96	73	0.010627421554244308
04	0.0001	96	42	0.010627421554244308
04	0.0001	96	30	0.010627421554244308
04	0.0001	96	82	0.010627421554244308
04	0.0001	96	69	0.010627421554244308
04	0.0001	96	14	0.010627421554244308
04	0.0001	96	61	0.010627421554244308
04	0.0001	96	95	0.010627421554244308
04	0.0001	96	51	0.00347455328674934
04	0.0001	96	3	0.010627421554244308
04	0.0001	96	68	0.010627421554244308
04	0.0001	96	93	0.008794058196470686
04	0.0001	97	0	0.09097308548312251
04	0.0001	97	2	0.09097308548312251
04	0.0001	97	5	0.09097308548312251
04	0.0001	97	100	0.013422703044327515
04	0.0001	97	74	0.013422703044327515
04	0.0001	97	50	0.013422703044327515
04	0.0001	97	34	0.013422703044327515
04	0.0001	97	73	0.013422703044327515
04	0.0001	97	42	0.013422703044327515
04	0.0001	97	37	0.013422703044327515
04	0.0001	97	71	0.013422703044327515
04	0.0001	97	14	0.013422703044327515
04	0.0001	97	30	0.013422703044327515
04	0.0001	97	69	0.009050867890621027
04	0.0001	97	82	0.013422703044327515
04	0.0001	97	15	0.013422703044327515
04	0.0001	97	61	0.013422703044327515
04	0.0001	97	3	0.013422703044327515
04	0.0001	97	26	0.001968976451792553
04	0.0001	97	51	0.004552814058075451
04	0.0001	97	95	0.004552814058075451
04	0.0001	98	0	0.09503771884312158
04	0.0001	98	5	0.09503771884312158
04	0.0001	98	2	0.09503771884312158
04	0.0001	98	100	0.01646634140743684
04	0.0001	98	74	0.01646634140743684
04	0.0001	98	34	0.01646634140743684
04	0.0001	98	71	0.01646634140743684
04	0.0001	98	50	0.01646634140743684
04	0.0001	98	82	0.01646634140743684
04	0.0001	98	37	0.01646634140743684
04	0.0001	98	73	0.01646634140743684
04	0.0001	98	30	0.012621663715875954
04	0.0001	98	69	0.009275801395111123
04	0.0001	98	95	0.012621663715875954
04	0.0001	98	61	0.012621663715875954
04	0.0001	98	51	0.0010741245938780395
04	0.0001	98	14	0.012621663715875954
04	0.0001	98	42	0.012621663715875954
04	0.0001	98	3	0.012621663715875954
04	0.0001	98	68	0.012621663715875954
04	0.0001	98	15	0.00510306990944472
04	0.0001	99	0	0.09067335179956866
04	0.0001	99	2	0.09067335179956866
04	0.0001	99	5	0.09067335179956866
04	0.0001	99	100	0.014668696883725699
04	0.0001	99	74	0.012566931166364648
04	0.0001	99	34	0.012566931166364648
04	0.0001	99	71	0.012566931166364648
04	0.0001	99	50	0.011371017468756895
04	0.0001	99	37	0.011371017468756895
04	0.0001	99	82	0.011371017468756895
04	0.0001	99	73	0.011371017468756895
04	0.0001	99	30	0.011371017468756895
04	0.0001	99	14	0.01030064903202189
04	0.0001	99	69	0.009258711532659183
04	0.0001	99	61	0.01030064903202189
04	0.0001	99	42	0.01030064903202189
04	0.0001	99	95	0.01030064903202189
04	0.0001	99	68	0.01030064903202189
04	0.0001	99	3	0.01030064903202189
04	0.0001	99	51	0.0016888612538085025
04	0.0001	100	0	0.1026169306855746
04	0.0001	100	2	0.1026169306855746
04	0.0001	100	5	0.1026169306855746
04	0.0001	100	34	0.022386201938807252
04	0.0001	100	100	0.022386201938807252
04	0.0001	100	37	0.022386201938807252
04	0.0001	100	71	0.022386201938807252
04	0.0001	100	74	0.022386201938807252
04	0.0001	100	73	0.022386201938807252
04	0.0001	100	82	0.022386201938807252
04	0.0001	100	42	0.022386201938807252
04	0.0001	100	30	0.022386201938807252
04	0.0001	100	14	0.022386201938807252
04	0.0001	100	50	0.022386201938807252
04	0.0001	100	3	0.022386201938807252
04	0.0001	100	61	0.022386201938807252
04	0.0001	100	95	0.022386201938807252
04	0.0001	100	68	0.022386201938807252
04	0.0001	100	93	0.001132669226615004
04	0.0001	100	51	0.0006871156224704906
04	0.0001	100	15	0.0006871156224704906
04	0.001	1	0	0.09814605749299252
04	0.001	1	5	0.09814605749299252
04	0.001	1	2	0.09814605749299252
04	0.001	1	34	0.009992758342638769
04	0.001	1	74	0.013026531923929592
04	0.001	1	100	0.013026531923929592
04	0.001	1	50	0.009992758342638769
04	0.001	1	37	0.009992758342638769
04	0.001	1	82	0.009992758342638769
04	0.001	1	73	0.009992758342638769
04	0.001	1	42	0.009992758342638769
04	0.001	1	30	0.009992758342638769
04	0.001	1	95	0.009992758342638769
04	0.001	1	68	0.008538124366468596
04	0.001	1	71	0.008538124366468596
04	0.001	1	14	0.008538124366468596
04	0.001	1	93	0.008538124366468596
04	0.001	1	69	0.008538124366468596
04	0.001	1	61	0.008538124366468596
04	0.001	1	3	0.008538124366468596
04	0.001	2	0	0.09295663961564517
04	0.001	2	5	0.09295663961564517
04	0.001	2	2	0.09295663961564517
04	0.001	2	100	0.02578159281768619
04	0.001	2	34	0.010076804267326983
04	0.001	2	74	0.009065323334637092
04	0.001	2	71	0.009065323334637092
04	0.001	2	50	0.009065323334637092
04	0.001	2	42	0.008954909233838787
04	0.001	2	37	0.008954909233838787
04	0.001	2	69	0.008954909233838787
04	0.001	2	73	0.008954909233838787
04	0.001	2	14	0.008954909233838787
04	0.001	2	30	0.008954909233838787
04	0.001	2	82	0.008954909233838787
04	0.001	2	95	0.008954909233838787
04	0.001	2	68	0.008954909233838787
04	0.001	2	3	0.008954909233838787
04	0.001	2	26	0.008770360609539006
04	0.001	2	88	0.0028260269234864853
04	0.001	3	0	0.10805833523452259
04	0.001	3	5	0.08979569305111143
04	0.001	3	2	0.033757356331980674
04	0.001	3	100	0.02187724395266313
04	0.001	3	74	0.02187724395266313
04	0.001	3	37	0.014707178556281003
04	0.001	3	34	0.011543055319358796
04	0.001	3	42	0.011543055319358796
04	0.001	3	30	0.011543055319358796
04	0.001	3	14	0.011543055319358796
04	0.001	3	61	0.011543055319358796
04	0.001	3	15	0.011543055319358796
04	0.001	3	3	0.011543055319358796
04	0.001	3	50	0.007561100412310785
04	0.001	3	82	0.007561100412310785
04	0.001	3	71	0.007561100412310785
04	0.001	3	72	0.007561100412310785
04	0.001	3	69	0.007561100412310785
04	0.001	3	25	0.005497725014816516
04	0.001	3	73	0.005497725014816516
04	0.001	4	0	0.1038415964847927
04	0.001	4	5	0.1038415964847927
04	0.001	4	2	0.1038415964847927
04	0.001	4	100	0.013564600027751257
04	0.001	4	74	0.013564600027751257
04	0.001	4	34	0.013564600027751257
04	0.001	4	71	0.013564600027751257
04	0.001	4	37	0.013564600027751257
04	0.001	4	50	0.013564600027751257
04	0.001	4	82	0.013519913837789877
04	0.001	4	73	0.013564600027751257
04	0.001	4	42	0.013564600027751257
04	0.001	4	14	0.011605119935029605
04	0.001	4	69	0.011605119935029605
04	0.001	4	30	0.011605119935029605
04	0.001	4	95	0.006874846610606878
04	0.001	4	68	0.006874846610606878
04	0.001	4	51	0.006874846610606878
04	0.001	4	3	0.0046139045878394675
04	0.001	4	61	0.0046139045878394675
04	0.001	5	0	0.09671477087619698
04	0.001	5	5	0.09671477087619698
04	0.001	5	2	0.09671477087619698
04	0.001	5	100	0.017248243600918554
04	0.001	5	34	0.016483996714013027
04	0.001	5	71	0.01274255980724849
04	0.001	5	42	0.01274255980724849
04	0.001	5	37	0.01274255980724849
04	0.001	5	74	0.01274255980724849
04	0.001	5	50	0.01274255980724849
04	0.001	5	73	0.01274255980724849
04	0.001	5	30	0.01274255980724849
04	0.001	5	14	0.01274255980724849
04	0.001	5	61	0.01274255980724849
04	0.001	5	69	0.01274255980724849
04	0.001	5	82	0.01274255980724849
04	0.001	5	95	0.008449215441362236
04	0.001	5	3	0.008015487717480818
04	0.001	5	68	0.00720017626466092
04	0.001	5	51	0.0015236106943795319
04	0.001	6	0	0.0990925670705873
04	0.001	6	2	0.0990925670705873
04	0.001	6	5	0.08228424505765765
04	0.001	6	100	0.016869754345217015
04	0.001	6	34	0.014356521555424027
04	0.001	6	37	0.014356521555424027
04	0.001	6	71	0.014356521555424027
04	0.001	6	74	0.014356521555424027
04	0.001	6	30	0.014356521555424027
04	0.001	6	3	0.014356521555424027
04	0.001	6	42	0.014356521555424027
04	0.001	6	14	0.014356521555424027
04	0.001	6	61	0.014356521555424027
04	0.001	6	82	0.014356521555424027
04	0.001	6	73	0.014356521555424027
04	0.001	6	50	0.014356521555424027
04	0.001	6	95	0.008317100487515787
04	0.001	6	68	0.00757075633344059
04	0.001	6	15	0.001217853732373847
04	0.001	6	78	0.00757075633344059
04	0.001	6	88	0.00757075633344059
04	0.001	7	0	0.08917222850307811
04	0.001	7	5	0.08917222850307811
04	0.001	7	2	0.08917222850307811
04	0.001	7	100	0.014139116610196263
04	0.001	7	34	0.014139116610196263
04	0.001	7	37	0.014139116610196263
04	0.001	7	71	0.014139116610196263
04	0.001	7	74	0.014139116610196263
04	0.001	7	50	0.014139116610196263
04	0.001	7	14	0.014139116610196263
04	0.001	7	82	0.014139116610196263
04	0.001	7	73	0.014139116610196263
04	0.001	7	30	0.014139116610196263
04	0.001	7	42	0.014139116610196263
04	0.001	7	61	0.014139116610196263
04	0.001	7	3	0.014139116610196263
04	0.001	7	95	0.012378940535671522
04	0.001	7	68	0.009720207388636768
04	0.001	7	69	0.00660973910145633
04	0.001	7	15	0.00660973910145633
04	0.001	8	0	0.09660459561317788
04	0.001	8	5	0.09660459561317788
04	0.001	8	2	0.09660459561317788
04	0.001	8	34	0.01880827449845414
04	0.001	8	37	0.01880827449845414
04	0.001	8	74	0.01880827449845414
04	0.001	8	71	0.01880827449845414
04	0.001	8	100	0.01880827449845414
04	0.001	8	95	0.014535908474356266
04	0.001	8	68	0.014535908474356266
04	0.001	8	30	0.01880827449845414
04	0.001	8	14	0.01880827449845414
04	0.001	8	42	0.01880827449845414
04	0.001	8	73	0.01880827449845414
04	0.001	8	61	0.010411342029993866
04	0.001	8	50	0.014535908474356266
04	0.001	8	51	0.008468177438332513
04	0.001	8	15	0.006768299419698242
04	0.001	8	69	0.006768299419698242
04	0.001	8	3	0.006768299419698242
04	0.001	9	0	0.09898120606410857
04	0.001	9	2	0.09898120606410857
04	0.001	9	5	0.09898120606410857
04	0.001	9	34	0.013034756719840447
04	0.001	9	71	0.013034756719840447
04	0.001	9	100	0.013034756719840447
04	0.001	9	42	0.013034756719840447
04	0.001	9	82	0.013034756719840447
04	0.001	9	37	0.013034756719840447
04	0.001	9	73	0.013034756719840447
04	0.001	9	74	0.013034756719840447
04	0.001	9	30	0.013034756719840447
04	0.001	9	14	0.012802226857717761
04	0.001	9	50	0.012802226857717761
04	0.001	9	95	0.012802226857717761
04	0.001	9	61	0.012802226857717761
04	0.001	9	3	0.012802226857717761
04	0.001	9	26	0.012802226857717761
04	0.001	9	68	0.012802226857717761
04	0.001	9	93	0.0035908884532781424
04	0.001	10	0	0.09682256839850148
04	0.001	10	2	0.09682256839850148
04	0.001	10	5	0.09682256839850148
04	0.001	10	100	0.014140704872548227
04	0.001	10	34	0.01386563715720953
04	0.001	10	37	0.011387779391820016
04	0.001	10	42	0.011387779391820016
04	0.001	10	73	0.011387779391820016
04	0.001	10	74	0.011387779391820016
04	0.001	10	50	0.011387779391820016
04	0.001	10	82	0.011387779391820016
04	0.001	10	69	0.011387779391820016
04	0.001	10	95	0.011387779391820016
04	0.001	10	14	0.011387779391820016
04	0.001	10	71	0.011387779391820016
04	0.001	10	30	0.011387779391820016
04	0.001	10	3	0.011387779391820016
04	0.001	10	68	0.011387779391820016
04	0.001	10	61	0.011387779391820016
04	0.001	10	15	0.011387779391820016
04	0.001	11	0	0.0996367819879004
04	0.001	11	2	0.0996367819879004
04	0.001	11	5	0.0996367819879004
04	0.001	11	100	0.014779484529678788
04	0.001	11	71	0.014779484529678788
04	0.001	11	34	0.014779484529678788
04	0.001	11	74	0.014779484529678788
04	0.001	11	50	0.014779484529678788
04	0.001	11	37	0.014779484529678788
04	0.001	11	42	0.013371800912951277
04	0.001	11	82	0.014779484529678788
04	0.001	11	73	0.014779484529678788
04	0.001	11	30	0.013371800912951277
04	0.001	11	69	0.013371800912951277
04	0.001	11	14	0.013371800912951277
04	0.001	11	95	0.011875987657707315
04	0.001	11	68	0.011875987657707315
04	0.001	11	3	0.011875987657707315
04	0.001	11	93	0.008662136732479377
04	0.001	11	51	0.003800424349762276
04	0.001	12	0	0.09284694629405042
04	0.001	12	5	0.09284694629405042
04	0.001	12	2	0.09284694629405042
04	0.001	12	100	0.013529765073287648
04	0.001	12	34	0.013529765073287648
04	0.001	12	71	0.013529765073287648
04	0.001	12	37	0.013529765073287648
04	0.001	12	73	0.013529765073287648
04	0.001	12	50	0.013529765073287648
04	0.001	12	74	0.013529765073287648
04	0.001	12	42	0.011470358132740057
04	0.001	12	14	0.011470358132740057
04	0.001	12	61	0.011470358132740057
04	0.001	12	95	0.011470358132740057
04	0.001	12	30	0.011470358132740057
04	0.001	12	82	0.011470358132740057
04	0.001	12	69	0.011470358132740057
04	0.001	12	68	0.011470358132740057
04	0.001	12	3	0.011470358132740057
04	0.001	12	51	0.006597995206435564
04	0.001	12	93	0.0068127262731647
04	0.001	13	0	0.09544444507024508
04	0.001	13	2	0.09544444507024508
04	0.001	13	5	0.09544444507024508
04	0.001	13	100	0.013715492260100886
04	0.001	13	34	0.01254936882412613
04	0.001	13	74	0.01254936882412613
04	0.001	13	82	0.01254936882412613
04	0.001	13	71	0.01254936882412613
04	0.001	13	37	0.01254936882412613
04	0.001	13	50	0.01254936882412613
04	0.001	13	73	0.012456158768044092
04	0.001	13	95	0.011901311198461505
04	0.001	13	14	0.012456158768044092
04	0.001	13	68	0.011901311198461505
04	0.001	13	30	0.012456158768044092
04	0.001	13	61	0.012456158768044092
04	0.001	13	3	0.012456158768044092
04	0.001	13	42	0.012456158768044092
04	0.001	13	51	0.004465622498144106
04	0.001	13	15	0.00652752719319084
04	0.001	13	93	0.00652752719319084
04	0.001	14	0	0.09432221126392792
04	0.001	14	2	0.09432221126392792
04	0.001	14	5	0.09432221126392792
04	0.001	14	100	0.014282105331880119
04	0.001	14	71	0.011519253454958639
04	0.001	14	34	0.014282105331880119
04	0.001	14	74	0.014282105331880119
04	0.001	14	50	0.011519253454958639
04	0.001	14	37	0.011519253454958639
04	0.001	14	73	0.011432361203831221
04	0.001	14	69	0.010597294685520191
04	0.001	14	82	0.010597294685520191
04	0.001	14	14	0.010597294685520191
04	0.001	14	30	0.010597294685520191
04	0.001	14	42	0.010597294685520191
04	0.001	14	95	0.010597294685520191
04	0.001	14	3	0.010597294685520191
04	0.001	14	61	0.010597294685520191
04	0.001	14	68	0.010597294685520191
04	0.001	14	51	0.0073953237693024695
04	0.001	15	0	0.09702648253621249
04	0.001	15	5	0.09702648253621249
04	0.001	15	2	0.09702648253621249
04	0.001	15	100	0.01989565812207144
04	0.001	15	74	0.01989565812207144
04	0.001	15	34	0.01989565812207144
04	0.001	15	37	0.01989565812207144
04	0.001	15	71	0.01989565812207144
04	0.001	15	50	0.01989565812207144
04	0.001	15	73	0.01989565812207144
04	0.001	15	42	0.01989565812207144
04	0.001	15	69	0.01989565812207144
04	0.001	15	30	0.01989565812207144
04	0.001	15	61	0.01989565812207144
04	0.001	15	14	0.01989565812207144
04	0.001	15	82	0.01989565812207144
04	0.001	15	3	0.01989565812207144
04	0.001	15	95	0.01989565812207144
04	0.001	15	68	0.01989565812207144
04	0.001	15	15	0.01989565812207144
04	0.001	16	0	0.09402837936259398
04	0.001	16	2	0.09402837936259398
04	0.001	16	5	0.09402837936259398
04	0.001	16	100	0.015856173792133037
04	0.001	16	34	0.015856173792133037
04	0.001	16	37	0.015856173792133037
04	0.001	16	71	0.015856173792133037
04	0.001	16	74	0.015856173792133037
04	0.001	16	50	0.015856173792133037
04	0.001	16	82	0.015856173792133037
04	0.001	16	30	0.015856173792133037
04	0.001	16	14	0.015856173792133037
04	0.001	16	42	0.015856173792133037
04	0.001	16	73	0.015856173792133037
04	0.001	16	3	0.015856173792133037
04	0.001	16	61	0.013293908404887193
04	0.001	16	95	0.013293908404887193
04	0.001	16	69	0.013293908404887193
04	0.001	16	68	0.002401394854175355
04	0.001	16	93	0.01072732863644935
04	0.001	16	15	0.01072732863644935
04	0.001	17	0	0.09672837733266205
04	0.001	17	5	0.09672837733266205
04	0.001	17	2	0.09672837733266205
04	0.001	17	100	0.01966115872703832
04	0.001	17	74	0.01966115872703832
04	0.001	17	34	0.01966115872703832
04	0.001	17	71	0.01966115872703832
04	0.001	17	37	0.01966115872703832
04	0.001	17	50	0.01966115872703832
04	0.001	17	30	0.01966115872703832
04	0.001	17	73	0.01966115872703832
04	0.001	17	82	0.01966115872703832
04	0.001	17	42	0.01966115872703832
04	0.001	17	14	0.01966115872703832
04	0.001	17	95	0.01966115872703832
04	0.001	17	3	0.01966115872703832
04	0.001	17	68	0.01966115872703832
04	0.001	17	61	0.007044470633865155
04	0.001	17	51	0.007044470633865155
04	0.001	17	93	0.001683459804924214
04	0.001	18	0	0.10793244593065182
04	0.001	18	2	0.10793244593065182
04	0.001	18	5	0.10793244593065182
04	0.001	18	100	0.013671906140523188
04	0.001	18	34	0.013671906140523188
04	0.001	18	74	0.013671906140523188
04	0.001	18	50	0.013671906140523188
04	0.001	18	71	0.013671906140523188
04	0.001	18	37	0.013671906140523188
04	0.001	18	73	0.009774266205147628
04	0.001	18	82	0.009707871293175036
04	0.001	18	30	0.009707871293175036
04	0.001	18	14	0.009707871293175036
04	0.001	18	42	0.009707871293175036
04	0.001	18	95	0.009707871293175036
04	0.001	18	69	0.009707871293175036
04	0.001	18	3	0.009707871293175036
04	0.001	18	68	0.009707871293175036
04	0.001	18	93	0.0031223950545565546
04	0.001	18	26	0.0031223950545565546
04	0.001	18	78	0.009707871293175036
04	0.001	18	51	0.009707871293175036
04	0.001	19	0	0.09701466723035232
04	0.001	19	2	0.09701466723035232
04	0.001	19	5	0.09701466723035232
04	0.001	19	100	0.014249343481446276
04	0.001	19	34	0.014249343481446276
04	0.001	19	37	0.014249343481446276
04	0.001	19	71	0.014249343481446276
04	0.001	19	74	0.014249343481446276
04	0.001	19	50	0.014249343481446276
04	0.001	19	69	0.014249343481446276
04	0.001	19	82	0.014249343481446276
04	0.001	19	73	0.014249343481446276
04	0.001	19	42	0.014249343481446276
04	0.001	19	30	0.014249343481446276
04	0.001	19	14	0.014249343481446276
04	0.001	19	95	0.014249343481446276
04	0.001	19	51	0.003321919998930988
04	0.001	19	68	0.014249343481446276
04	0.001	19	61	0.014249343481446276
04	0.001	19	3	0.014249343481446276
04	0.001	19	93	0.010851540390984918
04	0.001	20	0	0.1040015006695108
04	0.001	20	2	0.1040015006695108
04	0.001	20	5	0.1040015006695108
04	0.001	20	100	0.014569149691885223
04	0.001	20	71	0.014569149691885223
04	0.001	20	74	0.014569149691885223
04	0.001	20	34	0.014569149691885223
04	0.001	20	50	0.014569149691885223
04	0.001	20	37	0.014569149691885223
04	0.001	20	73	0.014569149691885223
04	0.001	20	82	0.014569149691885223
04	0.001	20	30	0.014569149691885223
04	0.001	20	42	0.014569149691885223
04	0.001	20	14	0.014569149691885223
04	0.001	20	95	0.014569149691885223
04	0.001	20	68	0.014569149691885223
04	0.001	20	61	0.014569149691885223
04	0.001	20	69	0.014569149691885223
04	0.001	20	3	0.014569149691885223
04	0.001	20	15	0.0028191014753926624
04	0.001	21	0	0.09888071820911495
04	0.001	21	2	0.09848412154971706
04	0.001	21	5	0.09848412154971706
04	0.001	21	71	0.015386635236919561
04	0.001	21	100	0.015386635236919561
04	0.001	21	34	0.015386635236919561
04	0.001	21	37	0.015386635236919561
04	0.001	21	82	0.015386635236919561
04	0.001	21	30	0.015386635236919561
04	0.001	21	14	0.015386635236919561
04	0.001	21	73	0.015386635236919561
04	0.001	21	74	0.015386635236919561
04	0.001	21	42	0.015386635236919561
04	0.001	21	3	0.015386635236919561
04	0.001	21	68	0.015386635236919561
04	0.001	21	50	0.015386635236919561
04	0.001	21	61	0.015386635236919561
04	0.001	21	69	0.008374332802038014
04	0.001	21	95	0.008374332802038014
04	0.001	21	93	0.007994103729963642
04	0.001	22	0	0.09636990627055622
04	0.001	22	2	0.09636990627055622
04	0.001	22	5	0.09636990627055622
04	0.001	22	100	0.01313985219703694
04	0.001	22	74	0.01313985219703694
04	0.001	22	34	0.01313985219703694
04	0.001	22	71	0.01313985219703694
04	0.001	22	50	0.01313985219703694
04	0.001	22	37	0.009551292118312852
04	0.001	22	73	0.009551292118312852
04	0.001	22	82	0.009551292118312852
04	0.001	22	30	0.009551292118312852
04	0.001	22	69	0.009551292118312852
04	0.001	22	42	0.009551292118312852
04	0.001	22	95	0.009551292118312852
04	0.001	22	14	0.009551292118312852
04	0.001	22	68	0.009551292118312852
04	0.001	22	61	0.009551292118312852
04	0.001	22	3	0.009551292118312852
04	0.001	22	51	0.004197656041657193
04	0.001	23	0	0.10766102086237103
04	0.001	23	2	0.10766102086237103
04	0.001	23	5	0.10766102086237103
04	0.001	23	100	0.016048699929239338
04	0.001	23	74	0.016048699929239338
04	0.001	23	34	0.016048699929239338
04	0.001	23	71	0.016048699929239338
04	0.001	23	37	0.016048699929239338
04	0.001	23	50	0.016048699929239338
04	0.001	23	73	0.016048699929239338
04	0.001	23	82	0.016048699929239338
04	0.001	23	42	0.016048699929239338
04	0.001	23	30	0.016048699929239338
04	0.001	23	69	0.016048699929239338
04	0.001	23	14	0.013825143956204971
04	0.001	23	95	0.006031606775019729
04	0.001	23	51	0.006031606775019729
04	0.001	23	3	0.006031606775019729
04	0.001	23	15	0.006031606775019729
04	0.001	23	26	0.006031606775019729
04	0.001	24	0	0.10261177944290176
04	0.001	24	5	0.10261177944290176
04	0.001	24	2	0.10261177944290176
04	0.001	24	100	0.013106358574424227
04	0.001	24	74	0.013106358574424227
04	0.001	24	34	0.013106358574424227
04	0.001	24	71	0.013106358574424227
04	0.001	24	50	0.013106358574424227
04	0.001	24	37	0.013106358574424227
04	0.001	24	82	0.013106358574424227
04	0.001	24	73	0.013106358574424227
04	0.001	24	69	0.011589116001419557
04	0.001	24	14	0.009161728909458478
04	0.001	24	30	0.009161728909458478
04	0.001	24	51	0.004021486476320943
04	0.001	24	95	0.009161728909458478
04	0.001	24	3	0.009161728909458478
04	0.001	24	42	0.009161728909458478
04	0.001	24	68	0.009161728909458478
04	0.001	24	61	0.008597727365576383
04	0.001	25	0	0.0920440467796389
04	0.001	25	2	0.0920440467796389
04	0.001	25	5	0.0920440467796389
04	0.001	25	34	0.017397738180215918
04	0.001	25	71	0.013185329265458645
04	0.001	25	37	0.017397738180215918
04	0.001	25	73	0.017397738180215918
04	0.001	25	30	0.017397738180215918
04	0.001	25	42	0.017397738180215918
04	0.001	25	61	0.017397738180215918
04	0.001	25	14	0.013185329265458645
04	0.001	25	93	0.013185329265458645
04	0.001	25	82	0.013185329265458645
04	0.001	25	100	0.013185329265458645
04	0.001	25	50	0.013185329265458645
04	0.001	25	25	0.007065360914686655
04	0.001	25	15	0.007065360914686655
04	0.001	25	3	0.013185329265458645
04	0.001	25	72	0.007065360914686655
04	0.001	25	68	0.013185329265458645
04	0.001	25	95	0.013185329265458645
04	0.001	25	74	0.013185329265458645
04	0.001	25	69	0.013185329265458645
04	0.001	26	0	0.09771252806318421
04	0.001	26	2	0.09771252806318421
04	0.001	26	5	0.09771252806318421
04	0.001	26	100	0.020354193331223475
04	0.001	26	34	0.011327569619379576
04	0.001	26	71	0.011327569619379576
04	0.001	26	37	0.011327569619379576
04	0.001	26	74	0.011327569619379576
04	0.001	26	82	0.011327569619379576
04	0.001	26	73	0.011327569619379576
04	0.001	26	30	0.011327569619379576
04	0.001	26	50	0.011327569619379576
04	0.001	26	69	0.011327569619379576
04	0.001	26	42	0.011327569619379576
04	0.001	26	14	0.011327569619379576
04	0.001	26	95	0.011327569619379576
04	0.001	26	61	0.009889311131592781
04	0.001	26	3	0.009889311131592781
04	0.001	26	51	0.006288912735380113
04	0.001	26	93	0.009889311131592781
04	0.001	26	68	0.009889311131592781
04	0.001	27	0	0.0958847158130509
04	0.001	27	5	0.0958847158130509
04	0.001	27	2	0.0958847158130509
04	0.001	27	100	0.018114857110631308
04	0.001	27	34	0.013107392798735478
04	0.001	27	71	0.013107392798735478
04	0.001	27	50	0.013107392798735478
04	0.001	27	74	0.013107392798735478
04	0.001	27	37	0.013107392798735478
04	0.001	27	42	0.013107392798735478
04	0.001	27	82	0.013107392798735478
04	0.001	27	73	0.012754488161031158
04	0.001	27	14	0.012754488161031158
04	0.001	27	30	0.012754488161031158
04	0.001	27	69	0.0094033372282562
04	0.001	27	95	0.012754488161031158
04	0.001	27	3	0.012754488161031158
04	0.001	27	68	0.012754488161031158
04	0.001	27	61	0.012754488161031158
04	0.001	27	51	0.004443878782324995
04	0.001	28	0	0.08706527764350704
04	0.001	28	2	0.08706527764350704
04	0.001	28	5	0.08706527764350704
04	0.001	28	100	0.019199077611811523
04	0.001	28	74	0.0172660036855833
04	0.001	28	34	0.0172660036855833
04	0.001	28	37	0.0172660036855833
04	0.001	28	71	0.0172660036855833
04	0.001	28	73	0.0172660036855833
04	0.001	28	50	0.0172660036855833
04	0.001	28	30	0.0172660036855833
04	0.001	28	82	0.010555197947719983
04	0.001	28	14	0.007348444268070822
04	0.001	28	42	0.007348444268070822
04	0.001	28	69	0.005097248317115715
04	0.001	28	95	0.005097248317115715
04	0.001	28	3	0.005097248317115715
04	0.001	28	51	0.005097248317115715
04	0.001	28	78	0.005097248317115715
04	0.001	28	61	0.0004646491661937652
04	0.001	29	0	0.10013601578410775
04	0.001	29	2	0.10013601578410775
04	0.001	29	5	0.10013601578410775
04	0.001	29	100	0.01761872801733842
04	0.001	29	74	0.01761872801733842
04	0.001	29	34	0.01761872801733842
04	0.001	29	71	0.01761872801733842
04	0.001	29	37	0.01761872801733842
04	0.001	29	50	0.01761872801733842
04	0.001	29	73	0.01761872801733842
04	0.001	29	82	0.016668211884187396
04	0.001	29	69	0.009963599193444122
04	0.001	29	42	0.016668211884187396
04	0.001	29	14	0.016668211884187396
04	0.001	29	95	0.016668211884187396
04	0.001	29	61	0.016668211884187396
04	0.001	29	30	0.016668211884187396
04	0.001	29	68	0.016668211884187396
04	0.001	29	3	0.016668211884187396
04	0.001	29	15	0.008986512238723406
04	0.001	30	0	0.09697469895436316
04	0.001	30	5	0.09697469895436316
04	0.001	30	2	0.09697469895436316
04	0.001	30	100	0.013430188636571803
04	0.001	30	74	0.013430188636571803
04	0.001	30	34	0.013430188636571803
04	0.001	30	50	0.013430188636571803
04	0.001	30	37	0.013430188636571803
04	0.001	30	71	0.013430188636571803
04	0.001	30	30	0.013430188636571803
04	0.001	30	82	0.013430188636571803
04	0.001	30	73	0.013430188636571803
04	0.001	30	14	0.013430188636571803
04	0.001	30	42	0.013430188636571803
04	0.001	30	3	0.013430188636571803
04	0.001	30	61	0.013430188636571803
04	0.001	30	15	0.007893775808282388
04	0.001	30	95	0.007893775808282388
04	0.001	30	69	0.00700125290731201
04	0.001	30	51	0.004057479337401316
04	0.001	31	0	0.0854366827957213
04	0.001	31	5	0.0854366827957213
04	0.001	31	2	0.08415347834523115
04	0.001	31	100	0.018929768660436566
04	0.001	31	34	0.018929768660436566
04	0.001	31	71	0.018929768660436566
04	0.001	31	74	0.013359043373819709
04	0.001	31	73	0.018929768660436566
04	0.001	31	37	0.018929768660436566
04	0.001	31	50	0.013359043373819709
04	0.001	31	82	0.012146630925394218
04	0.001	31	30	0.012146630925394218
04	0.001	31	14	0.012146630925394218
04	0.001	31	42	0.012146630925394218
04	0.001	31	95	0.012146630925394218
04	0.001	31	3	0.012146630925394218
04	0.001	31	68	0.012146630925394218
04	0.001	31	93	0.012146630925394218
04	0.001	31	61	0.012146630925394218
04	0.001	31	69	0.005384809735429915
04	0.001	32	0	0.09564868142505988
04	0.001	32	5	0.09564868142505988
04	0.001	32	2	0.09564868142505988
04	0.001	32	100	0.020220490029111655
04	0.001	32	74	0.013529074646894122
04	0.001	32	82	0.013529074646894122
04	0.001	32	34	0.013529074646894122
04	0.001	32	50	0.013529074646894122
04	0.001	32	37	0.013529074646894122
04	0.001	32	73	0.013529074646894122
04	0.001	32	95	0.013529074646894122
04	0.001	32	71	0.013529074646894122
04	0.001	32	30	0.013529074646894122
04	0.001	32	14	0.013529074646894122
04	0.001	32	42	0.013529074646894122
04	0.001	32	51	0.0012965794026253029
04	0.001	32	3	0.013529074646894122
04	0.001	32	61	0.013529074646894122
04	0.001	32	26	0.004202022271738374
04	0.001	32	91	0.004202022271738374
04	0.001	32	72	0.0018859227135900524
04	0.001	33	0	0.10024293572118623
04	0.001	33	5	0.10024293572118623
04	0.001	33	2	0.10024293572118623
04	0.001	33	34	0.013880237418195152
04	0.001	33	100	0.013880237418195152
04	0.001	33	37	0.013880237418195152
04	0.001	33	71	0.013880237418195152
04	0.001	33	74	0.013880237418195152
04	0.001	33	14	0.013880237418195152
04	0.001	33	73	0.013880237418195152
04	0.001	33	82	0.013880237418195152
04	0.001	33	50	0.013880237418195152
04	0.001	33	42	0.013880237418195152
04	0.001	33	30	0.013880237418195152
04	0.001	33	3	0.013880237418195152
04	0.001	33	95	0.013880237418195152
04	0.001	33	61	0.013880237418195152
04	0.001	33	69	0.007589697117870986
04	0.001	33	68	0.007036344473794318
04	0.001	33	93	0.007036344473794318
04	0.001	34	0	0.10067463524083817
04	0.001	34	2	0.10067463524083817
04	0.001	34	5	0.10067463524083817
04	0.001	34	100	0.011053739055842065
04	0.001	34	34	0.011053739055842065
04	0.001	34	74	0.011053739055842065
04	0.001	34	82	0.011053739055842065
04	0.001	34	71	0.011053739055842065
04	0.001	34	37	0.011053739055842065
04	0.001	34	95	0.011053739055842065
04	0.001	34	73	0.011053739055842065
04	0.001	34	42	0.011053739055842065
04	0.001	34	68	0.011053739055842065
04	0.001	34	50	0.011053739055842065
04	0.001	34	3	0.011053739055842065
04	0.001	34	61	0.011053739055842065
04	0.001	34	14	0.011053739055842065
04	0.001	34	30	0.011053739055842065
04	0.001	34	93	0.011053739055842065
04	0.001	34	69	0.010930551015823155
04	0.001	35	0	0.09536847503165534
04	0.001	35	2	0.09536847503165534
04	0.001	35	5	0.09536847503165534
04	0.001	35	34	0.01818408716335624
04	0.001	35	37	0.01818408716335624
04	0.001	35	100	0.01818408716335624
04	0.001	35	74	0.01818408716335624
04	0.001	35	71	0.01818408716335624
04	0.001	35	50	0.01818408716335624
04	0.001	35	73	0.01818408716335624
04	0.001	35	14	0.01818408716335624
04	0.001	35	82	0.01818408716335624
04	0.001	35	30	0.01818408716335624
04	0.001	35	69	0.005244081085226361
04	0.001	35	3	0.01818408716335624
04	0.001	35	42	0.01818408716335624
04	0.001	35	68	0.009261339600399389
04	0.001	35	95	0.005244081085226361
04	0.001	35	51	0.005244081085226361
04	0.001	35	78	0.005244081085226361
04	0.001	36	0	0.09083958791360222
04	0.001	36	5	0.09083958791360222
04	0.001	36	2	0.09014678482951755
04	0.001	36	100	0.02151712888378109
04	0.001	36	34	0.02151712888378109
04	0.001	36	74	0.02151712888378109
04	0.001	36	42	0.02151712888378109
04	0.001	36	71	0.02151712888378109
04	0.001	36	50	0.02151712888378109
04	0.001	36	37	0.02151712888378109
04	0.001	36	73	0.02151712888378109
04	0.001	36	30	0.02151712888378109
04	0.001	36	14	0.02151712888378109
04	0.001	36	82	0.02151712888378109
04	0.001	36	61	0.02151712888378109
04	0.001	36	95	0.005004325635527288
04	0.001	36	15	0.0068380767617395736
04	0.001	36	3	0.0068380767617395736
04	0.001	36	69	0.005004325635527288
04	0.001	36	51	0.005004325635527288
04	0.001	36	68	0.005004325635527288
04	0.001	36	54	0.0068380767617395736
04	0.001	36	93	0.0068380767617395736
04	0.001	36	26	0.0068380767617395736
04	0.001	37	0	0.12332909651626399
04	0.001	37	2	0.09875095601753667
04	0.001	37	5	0.051711092194280564
04	0.001	37	34	0.011121506935282735
04	0.001	37	37	0.011121506935282735
04	0.001	37	50	0.011121506935282735
04	0.001	37	14	0.011121506935282735
04	0.001	37	30	0.011121506935282735
04	0.001	37	73	0.011121506935282735
04	0.001	37	82	0.011121506935282735
04	0.001	37	71	0.011121506935282735
04	0.001	37	100	0.01027378893804359
04	0.001	37	68	0.01027378893804359
04	0.001	37	74	0.01027378893804359
04	0.001	37	3	0.01027378893804359
04	0.001	37	95	0.01027378893804359
04	0.001	37	15	0.00709146090805215
04	0.001	37	72	0.00709146090805215
04	0.001	37	93	0.0053919395872189975
04	0.001	37	25	0.003858334064966036
04	0.001	38	0	0.10879607900170574
04	0.001	38	2	0.10879607900170574
04	0.001	38	5	0.10879607900170574
04	0.001	38	34	0.013835963838152901
04	0.001	38	71	0.013835963838152901
04	0.001	38	37	0.013835963838152901
04	0.001	38	73	0.013835963838152901
04	0.001	38	74	0.013835963838152901
04	0.001	38	82	0.013835963838152901
04	0.001	38	100	0.013835963838152901
04	0.001	38	61	0.013835963838152901
04	0.001	38	30	0.013835963838152901
04	0.001	38	42	0.013835963838152901
04	0.001	38	14	0.013835963838152901
04	0.001	38	95	0.012832814895126143
04	0.001	38	3	0.012832814895126143
04	0.001	38	68	0.012832814895126143
04	0.001	38	50	0.012832814895126143
04	0.001	38	69	0.012832814895126143
04	0.001	38	15	0.012832814895126143
04	0.001	39	0	0.1003042409779976
04	0.001	39	2	0.10020242601583204
04	0.001	39	5	0.10020242601583204
04	0.001	39	34	0.0167525785444839
04	0.001	39	100	0.016033739482425792
04	0.001	39	71	0.016033739482425792
04	0.001	39	74	0.016033739482425792
04	0.001	39	50	0.016033739482425792
04	0.001	39	82	0.016033739482425792
04	0.001	39	37	0.016033739482425792
04	0.001	39	73	0.016033739482425792
04	0.001	39	42	0.016033739482425792
04	0.001	39	69	0.014595783731231986
04	0.001	39	14	0.016033739482425792
04	0.001	39	95	0.016033739482425792
04	0.001	39	30	0.016033739482425792
04	0.001	39	51	0.005633161249221011
04	0.001	39	3	0.016033739482425792
04	0.001	39	61	0.016033739482425792
04	0.001	39	26	0.016033739482425792
04	0.001	39	68	0.016033739482425792
04	0.001	40	0	0.09197841037805018
04	0.001	40	2	0.09197841037805018
04	0.001	40	5	0.09197841037805018
04	0.001	40	100	0.014045531713996643
04	0.001	40	74	0.014045531713996643
04	0.001	40	34	0.014045531713996643
04	0.001	40	71	0.014045531713996643
04	0.001	40	50	0.012733649903395167
04	0.001	40	37	0.012733649903395167
04	0.001	40	42	0.011617192326100067
04	0.001	40	73	0.012733649903395167
04	0.001	40	82	0.012733649903395167
04	0.001	40	95	0.008813337770248054
04	0.001	40	14	0.011617192326100067
04	0.001	40	30	0.011617192326100067
04	0.001	40	3	0.008824978670633248
04	0.001	40	88	0.008813337770248054
04	0.001	40	68	0.006823985551882331
04	0.001	40	61	0.006823985551882331
04	0.001	40	26	0.003257257027816676
04	0.001	41	0	0.09574614638832615
04	0.001	41	2	0.09574614638832615
04	0.001	41	5	0.09574614638832615
04	0.001	41	100	0.017958037211255398
04	0.001	41	74	0.017958037211255398
04	0.001	41	34	0.017958037211255398
04	0.001	41	73	0.017958037211255398
04	0.001	41	71	0.017958037211255398
04	0.001	41	37	0.017958037211255398
04	0.001	41	50	0.016185392950996722
04	0.001	41	69	0.01222252584656863
04	0.001	41	30	0.01222252584656863
04	0.001	41	82	0.01222252584656863
04	0.001	41	14	0.01222252584656863
04	0.001	41	61	0.01222252584656863
04	0.001	41	42	0.01222252584656863
04	0.001	41	95	0.008033966904884206
04	0.001	41	3	0.008033966904884206
04	0.001	41	51	0.0022780198040863557
04	0.001	41	68	0.008033966904884206
04	0.001	41	93	0.008033966904884206
04	0.001	42	0	0.1073579874514451
04	0.001	42	2	0.1073579874514451
04	0.001	42	5	0.1073579874514451
04	0.001	42	34	0.018088357305270024
04	0.001	42	37	0.018088357305270024
04	0.001	42	100	0.018088357305270024
04	0.001	42	71	0.018088357305270024
04	0.001	42	73	0.018088357305270024
04	0.001	42	74	0.018088357305270024
04	0.001	42	30	0.018088357305270024
04	0.001	42	82	0.018088357305270024
04	0.001	42	61	0.018088357305270024
04	0.001	42	14	0.018088357305270024
04	0.001	42	42	0.018088357305270024
04	0.001	42	50	0.018088357305270024
04	0.001	42	3	0.018088357305270024
04	0.001	42	95	0.018088357305270024
04	0.001	42	68	0.018088357305270024
04	0.001	42	69	0.018088357305270024
04	0.001	42	93	0.005291209466969178
04	0.001	43	0	0.09217680752450469
04	0.001	43	2	0.09217680752450469
04	0.001	43	5	0.09217680752450469
04	0.001	43	34	0.014318881827702662
04	0.001	43	100	0.013157934606346509
04	0.001	43	71	0.013157934606346509
04	0.001	43	30	0.009512419646075208
04	0.001	43	37	0.010356847858500776
04	0.001	43	73	0.013157934606346509
04	0.001	43	42	0.008628794064105053
04	0.001	43	95	0.013157934606346509
04	0.001	43	50	0.013157934606346509
04	0.001	43	82	0.013157934606346509
04	0.001	43	74	0.013157934606346509
04	0.001	43	14	0.008628794064105053
04	0.001	43	61	0.008628794064105053
04	0.001	43	68	0.006841344574304347
04	0.001	43	3	0.006204586898054787
04	0.001	43	15	0.006204586898054787
04	0.001	43	26	0.006204586898054787
04	0.001	43	93	0.006204586898054787
04	0.001	44	0	0.1091902127310639
04	0.001	44	5	0.09690224249176033
04	0.001	44	2	0.09690224249176033
04	0.001	44	34	0.012228723050392453
04	0.001	44	71	0.012228723050392453
04	0.001	44	100	0.012228723050392453
04	0.001	44	37	0.012228723050392453
04	0.001	44	42	0.012228723050392453
04	0.001	44	74	0.012228723050392453
04	0.001	44	50	0.012228723050392453
04	0.001	44	73	0.012228723050392453
04	0.001	44	82	0.012228723050392453
04	0.001	44	14	0.012228723050392453
04	0.001	44	30	0.012228723050392453
04	0.001	44	68	0.012228723050392453
04	0.001	44	95	0.012228723050392453
04	0.001	44	61	0.012228723050392453
04	0.001	44	3	0.012228723050392453
04	0.001	44	15	0.011460985718659665
04	0.001	44	51	0.0019635087602265498
04	0.001	45	0	0.09784227087156339
04	0.001	45	5	0.09784227087156339
04	0.001	45	2	0.0957465677967172
04	0.001	45	34	0.020801283176031398
04	0.001	45	100	0.020801283176031398
04	0.001	45	71	0.020801283176031398
04	0.001	45	37	0.020801283176031398
04	0.001	45	82	0.020801283176031398
04	0.001	45	42	0.020801283176031398
04	0.001	45	95	0.020801283176031398
04	0.001	45	74	0.020801283176031398
04	0.001	45	73	0.020801283176031398
04	0.001	45	14	0.013159775579791866
04	0.001	45	30	0.013159775579791866
04	0.001	45	68	0.020801283176031398
04	0.001	45	61	0.020801283176031398
04	0.001	45	3	0.013159775579791866
04	0.001	45	50	0.013159775579791866
04	0.001	45	69	0.002369837434619503
04	0.001	45	26	0.005003853142026013
04	0.001	45	15	0.005003853142026013
04	0.001	46	0	0.10942158569521117
04	0.001	46	2	0.10942158569521117
04	0.001	46	5	0.10942158569521117
04	0.001	46	100	0.014516013821350813
04	0.001	46	71	0.014516013821350813
04	0.001	46	74	0.014516013821350813
04	0.001	46	50	0.011082233064022692
04	0.001	46	34	0.011082233064022692
04	0.001	46	37	0.011082233064022692
04	0.001	46	73	0.011082233064022692
04	0.001	46	82	0.009884526322120222
04	0.001	46	30	0.011082233064022692
04	0.001	46	14	0.011082233064022692
04	0.001	46	42	0.011082233064022692
04	0.001	46	61	0.011082233064022692
04	0.001	46	3	0.011082233064022692
04	0.001	46	95	0.009884526322120222
04	0.001	46	69	0.009884526322120222
04	0.001	46	51	0.009884526322120222
04	0.001	46	72	0.0017957751027219736
04	0.001	47	0	0.09870264377091764
04	0.001	47	5	0.09870264377091764
04	0.001	47	2	0.09870264377091764
04	0.001	47	100	0.016115878016201495
04	0.001	47	74	0.016115878016201495
04	0.001	47	71	0.016115878016201495
04	0.001	47	34	0.016115878016201495
04	0.001	47	50	0.016115878016201495
04	0.001	47	73	0.016115878016201495
04	0.001	47	37	0.016115878016201495
04	0.001	47	82	0.016115878016201495
04	0.001	47	42	0.007552315719660676
04	0.001	47	30	0.007552315719660676
04	0.001	47	14	0.007552315719660676
04	0.001	47	69	0.007552315719660676
04	0.001	47	95	0.007552315719660676
04	0.001	47	3	0.007552315719660676
04	0.001	47	51	0.0037489503506498404
04	0.001	47	93	0.005948224282787493
04	0.001	47	68	0.005948224282787493
04	0.001	47	61	0.005948224282787493
04	0.001	48	0	0.09926743962217385
04	0.001	48	2	0.09926743962217385
04	0.001	48	5	0.09926743962217385
04	0.001	48	100	0.016655414247467016
04	0.001	48	34	0.016655414247467016
04	0.001	48	74	0.016655414247467016
04	0.001	48	71	0.016655414247467016
04	0.001	48	37	0.016655414247467016
04	0.001	48	82	0.016655414247467016
04	0.001	48	73	0.016655414247467016
04	0.001	48	50	0.016655414247467016
04	0.001	48	14	0.016655414247467016
04	0.001	48	30	0.016655414247467016
04	0.001	48	42	0.016655414247467016
04	0.001	48	95	0.016655414247467016
04	0.001	48	61	0.016655414247467016
04	0.001	48	51	0.009800609780584803
04	0.001	48	3	0.016655414247467016
04	0.001	48	68	0.016655414247467016
04	0.001	48	69	0.002721783313634417
04	0.001	49	0	0.08664996286653827
04	0.001	49	5	0.08664996286653827
04	0.001	49	2	0.08664996286653827
04	0.001	49	100	0.014930721895575339
04	0.001	49	74	0.014930721895575339
04	0.001	49	34	0.012861846506227546
04	0.001	49	71	0.012861846506227546
04	0.001	49	37	0.012861846506227546
04	0.001	49	73	0.012861846506227546
04	0.001	49	30	0.0086747663016309
04	0.001	49	82	0.012861846506227546
04	0.001	49	50	0.012861846506227546
04	0.001	49	69	0.008641440222275702
04	0.001	49	14	0.008641440222275702
04	0.001	49	61	0.008641440222275702
04	0.001	49	42	0.008641440222275702
04	0.001	49	3	0.008641440222275702
04	0.001	49	93	0.008641440222275702
04	0.001	49	95	0.008641440222275702
04	0.001	49	51	0.002387480426130777
04	0.001	50	0	0.08985532037422854
04	0.001	50	5	0.08985532037422854
04	0.001	50	2	0.08985532037422854
04	0.001	50	100	0.01791283938020472
04	0.001	50	74	0.01791283938020472
04	0.001	50	34	0.01791283938020472
04	0.001	50	71	0.01791283938020472
04	0.001	50	73	0.01791283938020472
04	0.001	50	50	0.01791283938020472
04	0.001	50	37	0.01791283938020472
04	0.001	50	30	0.011803413799603637
04	0.001	50	14	0.011803413799603637
04	0.001	50	69	0.00729879105239509
04	0.001	50	42	0.011803413799603637
04	0.001	50	82	0.011803413799603637
04	0.001	50	51	0.0057057439389843695
04	0.001	50	68	0.011803413799603637
04	0.001	50	3	0.011803413799603637
04	0.001	50	95	0.011803413799603637
04	0.001	50	61	0.0007267271128249439
04	0.001	51	0	0.08656362611619907
04	0.001	51	5	0.08656362611619907
04	0.001	51	2	0.08656362611619907
04	0.001	51	100	0.027588072506235704
04	0.001	51	50	0.012907977488410327
04	0.001	51	34	0.0126460386534081
04	0.001	51	37	0.0126460386534081
04	0.001	51	71	0.0126460386534081
04	0.001	51	73	0.011668960420540544
04	0.001	51	82	0.010474057547876564
04	0.001	51	30	0.010474057547876564
04	0.001	51	51	0.006396122356733089
04	0.001	51	74	0.006396122356733089
04	0.001	51	61	0.010474057547876564
04	0.001	51	14	0.010474057547876564
04	0.001	51	42	0.010474057547876564
04	0.001	51	95	0.010474057547876564
04	0.001	51	69	0.006396122356733089
04	0.001	51	68	0.010474057547876564
04	0.001	51	3	0.010474057547876564
04	0.001	51	78	0.006396122356733089
04	0.001	52	0	0.09596831606940251
04	0.001	52	5	0.09596831606940251
04	0.001	52	2	0.09596831606940251
04	0.001	52	100	0.012332448569677482
04	0.001	52	74	0.012332448569677482
04	0.001	52	34	0.010538619766595184
04	0.001	52	50	0.010538619766595184
04	0.001	52	71	0.010538619766595184
04	0.001	52	37	0.010538619766595184
04	0.001	52	73	0.010538619766595184
04	0.001	52	82	0.010538619766595184
04	0.001	52	69	0.010538619766595184
04	0.001	52	42	0.010538619766595184
04	0.001	52	30	0.010538619766595184
04	0.001	52	14	0.010538619766595184
04	0.001	52	3	0.010538619766595184
04	0.001	52	51	0.010538619766595184
04	0.001	52	95	0.008886202669176847
04	0.001	52	68	0.007553830064058074
04	0.001	52	93	0.0008672053608899936
04	0.001	53	0	0.09268783065742722
04	0.001	53	2	0.09268783065742722
04	0.001	53	5	0.09268783065742722
04	0.001	53	100	0.016332395906614994
04	0.001	53	74	0.010991524592913098
04	0.001	53	34	0.010991524592913098
04	0.001	53	71	0.010897214327398317
04	0.001	53	50	0.010897214327398317
04	0.001	53	37	0.010897214327398317
04	0.001	53	82	0.010897214327398317
04	0.001	53	73	0.010727783150582927
04	0.001	53	30	0.010727783150582927
04	0.001	53	14	0.010727783150582927
04	0.001	53	42	0.010727783150582927
04	0.001	53	3	0.010727783150582927
04	0.001	53	95	0.010727783150582927
04	0.001	53	69	0.0020041555938044827
04	0.001	53	61	0.006096118143878689
04	0.001	53	68	0.006096118143878689
04	0.001	53	15	0.005641165568588155
04	0.001	53	26	0.005641165568588155
04	0.001	54	0	0.09432328731812954
04	0.001	54	2	0.09432328731812954
04	0.001	54	5	0.09432328731812954
04	0.001	54	34	0.017586306989560634
04	0.001	54	100	0.017586306989560634
04	0.001	54	71	0.017586306989560634
04	0.001	54	74	0.017586306989560634
04	0.001	54	37	0.017586306989560634
04	0.001	54	73	0.017586306989560634
04	0.001	54	42	0.017586306989560634
04	0.001	54	50	0.017586306989560634
04	0.001	54	82	0.017586306989560634
04	0.001	54	30	0.017586306989560634
04	0.001	54	14	0.010290434430714134
04	0.001	54	95	0.00730232515497129
04	0.001	54	3	0.00730232515497129
04	0.001	54	68	0.00730232515497129
04	0.001	54	61	0.00730232515497129
04	0.001	54	51	0.004323256244340032
04	0.001	54	93	0.004195824692587783
04	0.001	55	0	0.11021765094955743
04	0.001	55	2	0.11021765094955743
04	0.001	55	5	0.11021765094955743
04	0.001	55	34	0.01693389819031138
04	0.001	55	71	0.01693389819031138
04	0.001	55	37	0.01693389819031138
04	0.001	55	73	0.01693389819031138
04	0.001	55	100	0.01693389819031138
04	0.001	55	82	0.01693389819031138
04	0.001	55	30	0.01693389819031138
04	0.001	55	14	0.01693389819031138
04	0.001	55	74	0.01693389819031138
04	0.001	55	42	0.01693389819031138
04	0.001	55	3	0.01693389819031138
04	0.001	55	95	0.01693389819031138
04	0.001	55	50	0.01693389819031138
04	0.001	55	68	0.01693389819031138
04	0.001	55	69	0.01693389819031138
04	0.001	55	61	0.01693389819031138
04	0.001	55	93	0.005620771715195336
04	0.001	56	0	0.09777694799687571
04	0.001	56	2	0.09777694799687571
04	0.001	56	5	0.09777694799687571
04	0.001	56	100	0.02179824139942484
04	0.001	56	74	0.02179824139942484
04	0.001	56	34	0.015613782325289139
04	0.001	56	50	0.015613782325289139
04	0.001	56	71	0.015613782325289139
04	0.001	56	82	0.015613782325289139
04	0.001	56	37	0.015613782325289139
04	0.001	56	73	0.015613782325289139
04	0.001	56	30	0.015613782325289139
04	0.001	56	69	0.008383511694679558
04	0.001	56	78	0.008383511694679558
04	0.001	56	42	0.015613782325289139
04	0.001	56	14	0.015613782325289139
04	0.001	56	95	0.015613782325289139
04	0.001	56	3	0.015613782325289139
04	0.001	56	51	0.006638121656287031
04	0.001	56	83	0.005960789703862109
04	0.001	57	0	0.09395114541745131
04	0.001	57	2	0.09395114541745131
04	0.001	57	5	0.09395114541745131
04	0.001	57	100	0.017933895564839403
04	0.001	57	74	0.017933895564839403
04	0.001	57	34	0.017933895564839403
04	0.001	57	71	0.017933895564839403
04	0.001	57	37	0.017933895564839403
04	0.001	57	50	0.017933895564839403
04	0.001	57	73	0.008705062474952629
04	0.001	57	82	0.008705062474952629
04	0.001	57	14	0.008705062474952629
04	0.001	57	69	0.007927779042854037
04	0.001	57	30	0.008705062474952629
04	0.001	57	42	0.008705062474952629
04	0.001	57	3	0.007927779042854037
04	0.001	57	95	0.007927779042854037
04	0.001	57	68	0.006947706137667022
04	0.001	57	51	0.007927779042854037
04	0.001	57	88	0.00190659153932828
04	0.001	58	0	0.09724303098629132
04	0.001	58	5	0.09724303098629132
04	0.001	58	2	0.09724303098629132
04	0.001	58	100	0.014905356086677968
04	0.001	58	74	0.014385903779760218
04	0.001	58	34	0.014385903779760218
04	0.001	58	71	0.014385903779760218
04	0.001	58	37	0.014385903779760218
04	0.001	58	82	0.014385903779760218
04	0.001	58	73	0.014385903779760218
04	0.001	58	50	0.014385903779760218
04	0.001	58	30	0.014385903779760218
04	0.001	58	69	0.014385903779760218
04	0.001	58	14	0.014385903779760218
04	0.001	58	81	0.001312203050545298
04	0.001	58	42	0.010416278200660909
04	0.001	58	3	0.010416278200660909
04	0.001	58	68	0.010416278200660909
04	0.001	58	61	0.010416278200660909
04	0.001	58	95	0.010416278200660909
04	0.001	58	15	0.0036623634771763823
04	0.001	59	0	0.11343885634434905
04	0.001	59	2	0.11343885634434905
04	0.001	59	5	0.11343885634434905
04	0.001	59	100	0.022293306010867632
04	0.001	59	34	0.01479639232880439
04	0.001	59	71	0.01479639232880439
04	0.001	59	37	0.01479639232880439
04	0.001	59	74	0.01479639232880439
04	0.001	59	14	0.007789277795991294
04	0.001	59	30	0.010859562049571031
04	0.001	59	82	0.010859562049571031
04	0.001	59	73	0.010859562049571031
04	0.001	59	42	0.010859562049571031
04	0.001	59	95	0.010859562049571031
04	0.001	59	68	0.0066252426838672015
04	0.001	59	61	0.005992228173287426
04	0.001	59	78	0.005992228173287426
04	0.001	59	3	0.005992228173287426
04	0.001	59	50	0.005992228173287426
04	0.001	59	51	0.005992228173287426
04	0.001	60	0	0.08918549448065362
04	0.001	60	2	0.08918549448065362
04	0.001	60	5	0.08918549448065362
04	0.001	60	100	0.018326932985124327
04	0.001	60	34	0.018326932985124327
04	0.001	60	71	0.018326932985124327
04	0.001	60	37	0.018326932985124327
04	0.001	60	74	0.018326932985124327
04	0.001	60	50	0.018326932985124327
04	0.001	60	73	0.018326932985124327
04	0.001	60	30	0.018326932985124327
04	0.001	60	82	0.018326932985124327
04	0.001	60	42	0.018326932985124327
04	0.001	60	14	0.018326932985124327
04	0.001	60	69	0.018326932985124327
04	0.001	60	68	0.018326932985124327
04	0.001	60	95	0.018326932985124327
04	0.001	60	61	0.018326932985124327
04	0.001	60	3	0.018326932985124327
04	0.001	60	88	0.003683111756650264
04	0.001	61	0	0.09339511220653093
04	0.001	61	2	0.09339511220653093
04	0.001	61	5	0.09339511220653093
04	0.001	61	100	0.01753613903963043
04	0.001	61	34	0.01753613903963043
04	0.001	61	74	0.01753613903963043
04	0.001	61	37	0.01753613903963043
04	0.001	61	71	0.01753613903963043
04	0.001	61	50	0.01753613903963043
04	0.001	61	42	0.01753613903963043
04	0.001	61	73	0.01753613903963043
04	0.001	61	82	0.01753613903963043
04	0.001	61	30	0.01753613903963043
04	0.001	61	14	0.01753613903963043
04	0.001	61	69	0.01753613903963043
04	0.001	61	3	0.01753613903963043
04	0.001	61	61	0.01753613903963043
04	0.001	61	95	0.010712147254483557
04	0.001	61	68	0.010712147254483557
04	0.001	61	93	0.007221178493108249
04	0.001	62	0	0.09333441289542899
04	0.001	62	2	0.09333441289542899
04	0.001	62	5	0.09333441289542899
04	0.001	62	100	0.012487868994746297
04	0.001	62	34	0.012158278601638713
04	0.001	62	37	0.011439947260633751
04	0.001	62	50	0.012158278601638713
04	0.001	62	71	0.012158278601638713
04	0.001	62	74	0.012158278601638713
04	0.001	62	73	0.011439947260633751
04	0.001	62	82	0.011439947260633751
04	0.001	62	69	0.011439947260633751
04	0.001	62	42	0.011439947260633751
04	0.001	62	14	0.011439947260633751
04	0.001	62	30	0.008617896951095987
04	0.001	62	95	0.008617896951095987
04	0.001	62	68	0.008617896951095987
04	0.001	62	3	0.008617896951095987
04	0.001	62	51	0.008617896951095987
04	0.001	62	61	0.008617896951095987
04	0.001	63	0	0.10077082536452892
04	0.001	63	2	0.10077082536452892
04	0.001	63	5	0.10077082536452892
04	0.001	63	34	0.011365319379865887
04	0.001	63	100	0.011365319379865887
04	0.001	63	74	0.011365319379865887
04	0.001	63	71	0.011365319379865887
04	0.001	63	73	0.011365319379865887
04	0.001	63	37	0.011365319379865887
04	0.001	63	42	0.011365319379865887
04	0.001	63	30	0.011365319379865887
04	0.001	63	14	0.011365319379865887
04	0.001	63	82	0.011365319379865887
04	0.001	63	50	0.011365319379865887
04	0.001	63	95	0.011365319379865887
04	0.001	63	68	0.011365319379865887
04	0.001	63	93	0.011365319379865887
04	0.001	63	3	0.011365319379865887
04	0.001	63	61	0.011365319379865887
04	0.001	63	51	0.007325420882679016
04	0.001	64	0	0.09746851899893792
04	0.001	64	5	0.08680139528524478
04	0.001	64	2	0.08680139528524478
04	0.001	64	100	0.01710388193520852
04	0.001	64	34	0.01710388193520852
04	0.001	64	74	0.01710388193520852
04	0.001	64	37	0.01710388193520852
04	0.001	64	71	0.01710388193520852
04	0.001	64	50	0.01710388193520852
04	0.001	64	73	0.01710388193520852
04	0.001	64	82	0.01710388193520852
04	0.001	64	69	0.007566850815466923
04	0.001	64	95	0.01710388193520852
04	0.001	64	14	0.01710388193520852
04	0.001	64	42	0.01710388193520852
04	0.001	64	30	0.01710388193520852
04	0.001	64	51	0.004884854601387504
04	0.001	64	3	0.01710388193520852
04	0.001	64	61	0.01710388193520852
04	0.001	64	68	0.01710388193520852
04	0.001	65	0	0.07906062545592053
04	0.001	65	5	0.07906062545592053
04	0.001	65	2	0.07906062545592053
04	0.001	65	34	0.0182768410514978
04	0.001	65	100	0.01612634854703863
04	0.001	65	74	0.014264212972529887
04	0.001	65	14	0.014264212972529887
04	0.001	65	71	0.014264212972529887
04	0.001	65	37	0.014264212972529887
04	0.001	65	73	0.014264212972529887
04	0.001	65	3	0.014264212972529887
04	0.001	65	42	0.014264212972529887
04	0.001	65	30	0.014264212972529887
04	0.001	65	50	0.014264212972529887
04	0.001	65	68	0.014264212972529887
04	0.001	65	95	0.014264212972529887
04	0.001	65	61	0.014264212972529887
04	0.001	65	82	0.014264212972529887
04	0.001	65	54	0.0066883270128570895
04	0.001	65	78	0.002551360730711873
04	0.001	66	0	0.09226642064576782
04	0.001	66	2	0.09226642064576782
04	0.001	66	5	0.09226642064576782
04	0.001	66	100	0.015556971309648086
04	0.001	66	34	0.015556971309648086
04	0.001	66	74	0.015556971309648086
04	0.001	66	37	0.015556971309648086
04	0.001	66	71	0.015556971309648086
04	0.001	66	50	0.015556971309648086
04	0.001	66	73	0.012506802517797101
04	0.001	66	30	0.012506802517797101
04	0.001	66	82	0.012506802517797101
04	0.001	66	14	0.012506802517797101
04	0.001	66	42	0.012506802517797101
04	0.001	66	3	0.012047705178086253
04	0.001	66	68	0.012047705178086253
04	0.001	66	61	0.012047705178086253
04	0.001	66	95	0.008176902437782596
04	0.001	66	69	0.008176902437782596
04	0.001	66	51	0.0030228779092725164
04	0.001	67	0	0.0851560054210139
04	0.001	67	5	0.0851560054210139
04	0.001	67	2	0.0851560054210139
04	0.001	67	34	0.016649508800261198
04	0.001	67	37	0.011526419888558728
04	0.001	67	73	0.011526419888558728
04	0.001	67	71	0.011526419888558728
04	0.001	67	100	0.011526419888558728
04	0.001	67	30	0.011526419888558728
04	0.001	67	82	0.011526419888558728
04	0.001	67	74	0.011526419888558728
04	0.001	67	50	0.011526419888558728
04	0.001	67	14	0.011526419888558728
04	0.001	67	95	0.011526419888558728
04	0.001	67	61	0.011526419888558728
04	0.001	67	42	0.011526419888558728
04	0.001	67	93	0.004554954142817351
04	0.001	67	68	0.008109962327848864
04	0.001	67	3	0.008109962327848864
04	0.001	67	51	0.008109962327848864
04	0.001	68	0	0.0891917534496943
04	0.001	68	2	0.0891917534496943
04	0.001	68	5	0.0891917534496943
04	0.001	68	100	0.015576298815058745
04	0.001	68	34	0.015576298815058745
04	0.001	68	74	0.015576298815058745
04	0.001	68	71	0.015576298815058745
04	0.001	68	37	0.015576298815058745
04	0.001	68	50	0.015576298815058745
04	0.001	68	42	0.015576298815058745
04	0.001	68	73	0.013189746620018088
04	0.001	68	82	0.013189746620018088
04	0.001	68	30	0.013189746620018088
04	0.001	68	14	0.013189746620018088
04	0.001	68	69	0.006843234949524696
04	0.001	68	3	0.006140588680882808
04	0.001	68	51	0.005906291565572783
04	0.001	68	78	0.0012981949763082032
04	0.001	68	95	0.004745691066323524
04	0.001	68	61	0.004745691066323524
04	0.001	68	68	0.004745691066323524
04	0.001	69	0	0.0999074163857158
04	0.001	69	2	0.0999074163857158
04	0.001	69	5	0.0999074163857158
04	0.001	69	100	0.012706630106842705
04	0.001	69	74	0.012706630106842705
04	0.001	69	34	0.012706630106842705
04	0.001	69	50	0.012706630106842705
04	0.001	69	71	0.012706630106842705
04	0.001	69	37	0.012706630106842705
04	0.001	69	30	0.011015272943152535
04	0.001	69	42	0.011015272943152535
04	0.001	69	14	0.011015272943152535
04	0.001	69	82	0.011015272943152535
04	0.001	69	73	0.011015272943152535
04	0.001	69	61	0.011015272943152535
04	0.001	69	69	0.002213708024351979
04	0.001	69	95	0.00998771864399558
04	0.001	69	3	0.00998771864399558
04	0.001	69	68	0.00998771864399558
04	0.001	69	15	0.00998771864399558
04	0.001	70	0	0.09760114757023358
04	0.001	70	5	0.09760114757023358
04	0.001	70	2	0.09760114757023358
04	0.001	70	100	0.013909422609355494
04	0.001	70	34	0.013909422609355494
04	0.001	70	71	0.013909422609355494
04	0.001	70	82	0.013909422609355494
04	0.001	70	30	0.013909422609355494
04	0.001	70	37	0.013909422609355494
04	0.001	70	74	0.013909422609355494
04	0.001	70	95	0.010991609623215014
04	0.001	70	42	0.010991609623215014
04	0.001	70	68	0.010140391852632494
04	0.001	70	73	0.010140391852632494
04	0.001	70	50	0.010140391852632494
04	0.001	70	61	0.0068952753228902625
04	0.001	70	3	0.010140391852632494
04	0.001	70	69	0.010140391852632494
04	0.001	70	14	0.010140391852632494
04	0.001	70	51	0.00602994745963886
04	0.001	71	0	0.09338296465136492
04	0.001	71	5	0.09338296465136492
04	0.001	71	2	0.09338296465136492
04	0.001	71	34	0.017577920683480887
04	0.001	71	100	0.017577920683480887
04	0.001	71	74	0.017577920683480887
04	0.001	71	71	0.017577920683480887
04	0.001	71	37	0.017577920683480887
04	0.001	71	50	0.017577920683480887
04	0.001	71	73	0.017577920683480887
04	0.001	71	82	0.017577920683480887
04	0.001	71	42	0.017577920683480887
04	0.001	71	30	0.017577920683480887
04	0.001	71	14	0.01224031076648829
04	0.001	71	3	0.008962935598361157
04	0.001	71	61	0.007113587159395132
04	0.001	71	68	0.007113587159395132
04	0.001	71	95	0.007113587159395132
04	0.001	71	93	0.007113587159395132
04	0.001	71	51	0.004989364342297484
04	0.001	72	0	0.09356113255029475
04	0.001	72	5	0.09356113255029475
04	0.001	72	2	0.09356113255029475
04	0.001	72	100	0.014736941519198419
04	0.001	72	34	0.014736941519198419
04	0.001	72	37	0.013350877697163529
04	0.001	72	42	0.013350877697163529
04	0.001	72	71	0.014736941519198419
04	0.001	72	74	0.014736941519198419
04	0.001	72	82	0.014736941519198419
04	0.001	72	50	0.014736941519198419
04	0.001	72	30	0.013350877697163529
04	0.001	72	73	0.013350877697163529
04	0.001	72	14	0.013350877697163529
04	0.001	72	95	0.007381476213534855
04	0.001	72	61	0.013350877697163529
04	0.001	72	3	0.013350877697163529
04	0.001	72	15	0.006801144262019735
04	0.001	72	93	0.006801144262019735
04	0.001	72	26	0.0025097185814588214
04	0.001	73	0	0.08792636335600555
04	0.001	73	2	0.08704758988449154
04	0.001	73	5	0.08704758988449154
04	0.001	73	100	0.01913563296223536
04	0.001	73	71	0.01913563296223536
04	0.001	73	34	0.01913563296223536
04	0.001	73	74	0.01913563296223536
04	0.001	73	42	0.01913563296223536
04	0.001	73	82	0.01913563296223536
04	0.001	73	37	0.01913563296223536
04	0.001	73	50	0.01913563296223536
04	0.001	73	30	0.01913563296223536
04	0.001	73	73	0.01913563296223536
04	0.001	73	95	0.011117774752894216
04	0.001	73	3	0.017026233159597108
04	0.001	73	14	0.017026233159597108
04	0.001	73	78	0.011117774752894216
04	0.001	73	68	0.009670667523618356
04	0.001	73	61	0.009670667523618356
04	0.001	73	83	0.003270928072821536
04	0.001	74	0	0.09993895627650139
04	0.001	74	2	0.09993895627650139
04	0.001	74	5	0.09993895627650139
04	0.001	74	100	0.015349432308539274
04	0.001	74	74	0.015349432308539274
04	0.001	74	34	0.015349432308539274
04	0.001	74	71	0.015349432308539274
04	0.001	74	50	0.014746821474814738
04	0.001	74	37	0.014746821474814738
04	0.001	74	82	0.014746821474814738
04	0.001	74	73	0.014746821474814738
04	0.001	74	42	0.014746821474814738
04	0.001	74	14	0.014746821474814738
04	0.001	74	30	0.014746821474814738
04	0.001	74	95	0.014746821474814738
04	0.001	74	69	0.005767537678740147
04	0.001	74	51	0.005767537678740147
04	0.001	74	61	0.014746821474814738
04	0.001	74	68	0.014746821474814738
04	0.001	74	3	0.014746821474814738
04	0.001	75	0	0.11259379095872182
04	0.001	75	5	0.09383023272626959
04	0.001	75	2	0.09383023272626959
04	0.001	75	34	0.018627460790740024
04	0.001	75	37	0.018627460790740024
04	0.001	75	100	0.018074937942786112
04	0.001	75	74	0.018074937942786112
04	0.001	75	71	0.018074937942786112
04	0.001	75	50	0.018074937942786112
04	0.001	75	14	0.015734461355811965
04	0.001	75	73	0.015734461355811965
04	0.001	75	30	0.015734461355811965
04	0.001	75	69	0.011484992648113574
04	0.001	75	42	0.015734461355811965
04	0.001	75	82	0.015734461355811965
04	0.001	75	61	0.015734461355811965
04	0.001	75	3	0.015734461355811965
04	0.001	75	93	0.009237852857819483
04	0.001	75	68	0.0003513943270674787
04	0.001	75	15	0.009237852857819483
04	0.001	75	26	0.009237852857819483
04	0.001	76	0	0.09647698896087063
04	0.001	76	5	0.09647698896087063
04	0.001	76	2	0.09647698896087063
04	0.001	76	100	0.015555080176322181
04	0.001	76	74	0.015555080176322181
04	0.001	76	34	0.015555080176322181
04	0.001	76	37	0.013394696621687928
04	0.001	76	50	0.015555080176322181
04	0.001	76	71	0.015555080176322181
04	0.001	76	73	0.011413695016629971
04	0.001	76	69	0.011413695016629971
04	0.001	76	42	0.011413695016629971
04	0.001	76	30	0.011413695016629971
04	0.001	76	14	0.011413695016629971
04	0.001	76	82	0.011413695016629971
04	0.001	76	3	0.008430070550543305
04	0.001	76	51	0.005623318570210089
04	0.001	76	61	0.008430070550543305
04	0.001	76	95	0.008430070550543305
04	0.001	76	15	0.004814547792183275
04	0.001	76	68	0.004814547792183275
04	0.001	77	0	0.09995027972106692
04	0.001	77	5	0.09995027972106692
04	0.001	77	2	0.09995027972106692
04	0.001	77	100	0.016396102246113358
04	0.001	77	74	0.016396102246113358
04	0.001	77	34	0.016396102246113358
04	0.001	77	71	0.016396102246113358
04	0.001	77	50	0.016396102246113358
04	0.001	77	37	0.016396102246113358
04	0.001	77	69	0.016396102246113358
04	0.001	77	73	0.016396102246113358
04	0.001	77	82	0.0141878805984798
04	0.001	77	51	0.006856010738275451
04	0.001	77	42	0.006856010738275451
04	0.001	77	14	0.0141878805984798
04	0.001	77	30	0.0141878805984798
04	0.001	77	3	0.006856010738275451
04	0.001	77	88	0.0022968988216474353
04	0.001	77	78	0.0022968988216474353
04	0.001	77	61	0.006856010738275451
04	0.001	77	68	0.006856010738275451
04	0.001	77	95	0.006856010738275451
04	0.001	78	0	0.09138975189370288
04	0.001	78	5	0.09138975189370288
04	0.001	78	2	0.09134121749494617
04	0.001	78	100	0.01701697317535091
04	0.001	78	34	0.015934532053960736
04	0.001	78	71	0.015934532053960736
04	0.001	78	74	0.015934532053960736
04	0.001	78	37	0.015934532053960736
04	0.001	78	82	0.015934532053960736
04	0.001	78	73	0.015934532053960736
04	0.001	78	50	0.015934532053960736
04	0.001	78	30	0.015934532053960736
04	0.001	78	14	0.015934532053960736
04	0.001	78	42	0.015934532053960736
04	0.001	78	95	0.015934532053960736
04	0.001	78	3	0.015934532053960736
04	0.001	78	61	0.015934532053960736
04	0.001	78	68	0.015934532053960736
04	0.001	78	51	0.0056218827488109845
04	0.001	78	93	0.002680446580891937
04	0.001	79	0	0.09135607153459628
04	0.001	79	2	0.09135607153459628
04	0.001	79	5	0.09135607153459628
04	0.001	79	100	0.017294449371843337
04	0.001	79	37	0.01898054240499833
04	0.001	79	34	0.01898054240499833
04	0.001	79	74	0.017294449371843337
04	0.001	79	71	0.017294449371843337
04	0.001	79	50	0.017294449371843337
04	0.001	79	30	0.017294449371843337
04	0.001	79	73	0.017294449371843337
04	0.001	79	82	0.017294449371843337
04	0.001	79	42	0.017294449371843337
04	0.001	79	14	0.017294449371843337
04	0.001	79	61	0.017294449371843337
04	0.001	79	3	0.017294449371843337
04	0.001	79	69	0.009750026977419892
04	0.001	79	95	0.009750026977419892
04	0.001	79	15	0.007745364666309969
04	0.001	79	68	0.0031199787296256297
04	0.001	80	0	0.0937314940870939
04	0.001	80	5	0.0937314940870939
04	0.001	80	2	0.09168517768948573
04	0.001	80	34	0.021655413086298193
04	0.001	80	100	0.021655413086298193
04	0.001	80	37	0.021655413086298193
04	0.001	80	74	0.021655413086298193
04	0.001	80	71	0.021655413086298193
04	0.001	80	82	0.021655413086298193
04	0.001	80	30	0.021655413086298193
04	0.001	80	73	0.021655413086298193
04	0.001	80	50	0.021655413086298193
04	0.001	80	14	0.021655413086298193
04	0.001	80	42	0.021655413086298193
04	0.001	80	3	0.021655413086298193
04	0.001	80	61	0.021655413086298193
04	0.001	80	95	0.013261611676577694
04	0.001	80	68	0.013261611676577694
04	0.001	80	15	0.0035596358250749305
04	0.001	80	51	0.0035596358250749305
04	0.001	81	0	0.09693180455836303
04	0.001	81	5	0.08213438360725259
04	0.001	81	2	0.07870872958180591
04	0.001	81	100	0.023504918337510568
04	0.001	81	71	0.023504918337510568
04	0.001	81	42	0.023504918337510568
04	0.001	81	34	0.023504918337510568
04	0.001	81	37	0.023504918337510568
04	0.001	81	50	0.013036342001033516
04	0.001	81	73	0.023504918337510568
04	0.001	81	30	0.023504918337510568
04	0.001	81	74	0.013036342001033516
04	0.001	81	61	0.012884072668623221
04	0.001	81	14	0.012884072668623221
04	0.001	81	26	0.012884072668623221
04	0.001	81	82	0.00730550128013604
04	0.001	81	93	0.005983679656973425
04	0.001	81	51	0.005983679656973425
04	0.001	81	88	0.005983679656973425
04	0.001	81	3	0.005983679656973425
04	0.001	82	0	0.0972132470992698
04	0.001	82	2	0.0972132470992698
04	0.001	82	5	0.0972132470992698
04	0.001	82	100	0.013008244368431211
04	0.001	82	34	0.013008244368431211
04	0.001	82	74	0.013008244368431211
04	0.001	82	71	0.013008244368431211
04	0.001	82	37	0.013008244368431211
04	0.001	82	82	0.012725240574549346
04	0.001	82	50	0.012725240574549346
04	0.001	82	30	0.012725240574549346
04	0.001	82	73	0.012725240574549346
04	0.001	82	14	0.012725240574549346
04	0.001	82	69	0.012725240574549346
04	0.001	82	42	0.012725240574549346
04	0.001	82	95	0.009343508160757222
04	0.001	82	68	0.009343508160757222
04	0.001	82	3	0.009343508160757222
04	0.001	82	61	0.007029097967400198
04	0.001	82	51	0.006424628331203716
04	0.001	83	0	0.09699223453015104
04	0.001	83	5	0.09699223453015104
04	0.001	83	2	0.09699223453015104
04	0.001	83	100	0.015621115426901474
04	0.001	83	71	0.011212223249083584
04	0.001	83	34	0.011212223249083584
04	0.001	83	74	0.011212223249083584
04	0.001	83	82	0.011212223249083584
04	0.001	83	37	0.011212223249083584
04	0.001	83	50	0.011212223249083584
04	0.001	83	73	0.011212223249083584
04	0.001	83	30	0.011212223249083584
04	0.001	83	69	0.011212223249083584
04	0.001	83	42	0.011212223249083584
04	0.001	83	14	0.011212223249083584
04	0.001	83	61	0.008538394212007359
04	0.001	83	78	0.0029927500240548256
04	0.001	83	95	0.007852064840200628
04	0.001	83	3	0.007852064840200628
04	0.001	83	68	0.007433317984609513
04	0.001	83	93	0.004671098091755453
04	0.001	84	0	0.0933064660170811
04	0.001	84	5	0.0933064660170811
04	0.001	84	2	0.0933064660170811
04	0.001	84	34	0.022022866389376748
04	0.001	84	37	0.022022866389376748
04	0.001	84	71	0.022022866389376748
04	0.001	84	100	0.022022866389376748
04	0.001	84	82	0.022022866389376748
04	0.001	84	74	0.022022866389376748
04	0.001	84	95	0.022022866389376748
04	0.001	84	3	0.022022866389376748
04	0.001	84	61	0.022022866389376748
04	0.001	84	14	0.022022866389376748
04	0.001	84	73	0.022022866389376748
04	0.001	84	30	0.022022866389376748
04	0.001	84	42	0.022022866389376748
04	0.001	84	50	0.022022866389376748
04	0.001	84	69	0.022022866389376748
04	0.001	84	68	0.022022866389376748
04	0.001	84	51	0.0038113987003401337
04	0.001	85	0	0.10055694492623392
04	0.001	85	5	0.10055694492623392
04	0.001	85	2	0.09922378741157946
04	0.001	85	100	0.01622148136464546
04	0.001	85	34	0.013261994545119449
04	0.001	85	74	0.013261994545119449
04	0.001	85	71	0.013261994545119449
04	0.001	85	37	0.013261994545119449
04	0.001	85	73	0.013261994545119449
04	0.001	85	82	0.013261994545119449
04	0.001	85	50	0.013261994545119449
04	0.001	85	14	0.011157394265867416
04	0.001	85	30	0.013261994545119449
04	0.001	85	42	0.013261994545119449
04	0.001	85	61	0.011157394265867416
04	0.001	85	95	0.011157394265867416
04	0.001	85	3	0.011157394265867416
04	0.001	85	68	0.011157394265867416
04	0.001	85	51	0.0034863198752926026
04	0.001	85	93	0.010656212879246375
04	0.001	85	15	0.010656212879246375
04	0.001	86	0	0.09175682735970948
04	0.001	86	5	0.09175682735970948
04	0.001	86	2	0.09175682735970948
04	0.001	86	100	0.01700093721112527
04	0.001	86	74	0.01700093721112527
04	0.001	86	34	0.01700093721112527
04	0.001	86	71	0.01700093721112527
04	0.001	86	82	0.01700093721112527
04	0.001	86	37	0.01700093721112527
04	0.001	86	50	0.01700093721112527
04	0.001	86	14	0.01700093721112527
04	0.001	86	69	0.01700093721112527
04	0.001	86	73	0.01700093721112527
04	0.001	86	30	0.01700093721112527
04	0.001	86	42	0.01700093721112527
04	0.001	86	61	0.01700093721112527
04	0.001	86	3	0.01700093721112527
04	0.001	86	51	0.008877668131212074
04	0.001	86	68	0.01700093721112527
04	0.001	86	95	0.01700093721112527
04	0.001	87	0	0.09836392197630316
04	0.001	87	5	0.09836392197630316
04	0.001	87	2	0.09836392197630316
04	0.001	87	34	0.013509806411659896
04	0.001	87	100	0.013509806411659896
04	0.001	87	37	0.013509806411659896
04	0.001	87	74	0.013509806411659896
04	0.001	87	71	0.013509806411659896
04	0.001	87	73	0.013509806411659896
04	0.001	87	50	0.013509806411659896
04	0.001	87	30	0.013509806411659896
04	0.001	87	42	0.013509806411659896
04	0.001	87	82	0.010406562203023727
04	0.001	87	14	0.010406562203023727
04	0.001	87	61	0.010406562203023727
04	0.001	87	95	0.010406562203023727
04	0.001	87	68	0.010406562203023727
04	0.001	87	3	0.010406562203023727
04	0.001	87	93	0.0037189440306208193
04	0.001	87	72	0.0024439020832417997
04	0.001	88	0	0.09252816509664953
04	0.001	88	5	0.09252816509664953
04	0.001	88	2	0.09252816509664953
04	0.001	88	100	0.021514322004950636
04	0.001	88	71	0.021514322004950636
04	0.001	88	34	0.015507818130178597
04	0.001	88	74	0.015507818130178597
04	0.001	88	82	0.015507818130178597
04	0.001	88	37	0.015507818130178597
04	0.001	88	73	0.015507818130178597
04	0.001	88	30	0.015507818130178597
04	0.001	88	50	0.015507818130178597
04	0.001	88	14	0.015507818130178597
04	0.001	88	3	0.015507818130178597
04	0.001	88	42	0.010934624332694607
04	0.001	88	68	0.015507818130178597
04	0.001	88	61	0.015507818130178597
04	0.001	88	95	0.015507818130178597
04	0.001	88	93	0.010934624332694607
04	0.001	88	15	0.010934624332694607
04	0.001	89	0	0.09689956572781946
04	0.001	89	5	0.09689956572781946
04	0.001	89	2	0.09689956572781946
04	0.001	89	34	0.016725840621748943
04	0.001	89	100	0.016725840621748943
04	0.001	89	82	0.016725840621748943
04	0.001	89	71	0.016725840621748943
04	0.001	89	37	0.016725840621748943
04	0.001	89	74	0.016725840621748943
04	0.001	89	73	0.016725840621748943
04	0.001	89	95	0.013567602925167076
04	0.001	89	50	0.016725840621748943
04	0.001	89	68	0.007949372854333024
04	0.001	89	42	0.016725840621748943
04	0.001	89	3	0.016725840621748943
04	0.001	89	14	0.016725840621748943
04	0.001	89	30	0.016725840621748943
04	0.001	89	61	0.007949372854333024
04	0.001	89	93	0.004748175590185133
04	0.001	89	15	0.004748175590185133
04	0.001	90	0	0.10276419621057974
04	0.001	90	2	0.10276419621057974
04	0.001	90	5	0.10276419621057974
04	0.001	90	71	0.019200265319129137
04	0.001	90	37	0.019200265319129137
04	0.001	90	34	0.019200265319129137
04	0.001	90	82	0.019200265319129137
04	0.001	90	73	0.019200265319129137
04	0.001	90	100	0.019200265319129137
04	0.001	90	42	0.019200265319129137
04	0.001	90	14	0.019200265319129137
04	0.001	90	30	0.019200265319129137
04	0.001	90	50	0.019200265319129137
04	0.001	90	74	0.019200265319129137
04	0.001	90	95	0.011224592977132153
04	0.001	90	68	0.011224592977132153
04	0.001	90	93	0.011224592977132153
04	0.001	90	61	0.011224592977132153
04	0.001	90	3	0.011224592977132153
04	0.001	90	15	0.009266415823019751
04	0.001	91	0	0.09350660713245958
04	0.001	91	2	0.09350660713245958
04	0.001	91	5	0.09350660713245958
04	0.001	91	100	0.015246201579791679
04	0.001	91	74	0.015246201579791679
04	0.001	91	71	0.015246201579791679
04	0.001	91	34	0.01260353497397357
04	0.001	91	37	0.01260353497397357
04	0.001	91	42	0.01260353497397357
04	0.001	91	50	0.01260353497397357
04	0.001	91	82	0.01260353497397357
04	0.001	91	73	0.01260353497397357
04	0.001	91	69	0.01260353497397357
04	0.001	91	14	0.01260353497397357
04	0.001	91	30	0.01260353497397357
04	0.001	91	61	0.01260353497397357
04	0.001	91	95	0.01260353497397357
04	0.001	91	68	0.01260353497397357
04	0.001	91	3	0.01260353497397357
04	0.001	91	93	0.003600656090472407
04	0.001	92	0	0.10537398208292434
04	0.001	92	2	0.10537398208292434
04	0.001	92	5	0.10034839481171647
04	0.001	92	71	0.0152328406059857
04	0.001	92	34	0.0152328406059857
04	0.001	92	100	0.0152328406059857
04	0.001	92	37	0.0152328406059857
04	0.001	92	82	0.0152328406059857
04	0.001	92	73	0.0152328406059857
04	0.001	92	74	0.0152328406059857
04	0.001	92	30	0.0152328406059857
04	0.001	92	14	0.0152328406059857
04	0.001	92	95	0.0152328406059857
04	0.001	92	42	0.0152328406059857
04	0.001	92	50	0.01421455910595165
04	0.001	92	3	0.0152328406059857
04	0.001	92	68	0.0152328406059857
04	0.001	92	69	0.013996845720336567
04	0.001	92	75	0.001065487325504893
04	0.001	92	15	0.013996845720336567
04	0.001	92	93	0.013996845720336567
04	0.001	93	0	0.09878136765831998
04	0.001	93	5	0.09878136765831998
04	0.001	93	2	0.09878136765831998
04	0.001	93	100	0.013126695123368141
04	0.001	93	34	0.013126695123368141
04	0.001	93	74	0.013126695123368141
04	0.001	93	71	0.013126695123368141
04	0.001	93	37	0.013126695123368141
04	0.001	93	50	0.013126695123368141
04	0.001	93	42	0.013126695123368141
04	0.001	93	82	0.013126695123368141
04	0.001	93	14	0.013126695123368141
04	0.001	93	30	0.013126695123368141
04	0.001	93	69	0.013126695123368141
04	0.001	93	73	0.013126695123368141
04	0.001	93	3	0.013126695123368141
04	0.001	93	61	0.013126695123368141
04	0.001	93	95	0.013126695123368141
04	0.001	93	68	0.013126695123368141
04	0.001	93	51	0.005028582380321997
04	0.001	94	0	0.0979449647367761
04	0.001	94	5	0.0979449647367761
04	0.001	94	2	0.0979449647367761
04	0.001	94	100	0.01391553324404772
04	0.001	94	74	0.01391553324404772
04	0.001	94	71	0.01391553324404772
04	0.001	94	34	0.01349674916301043
04	0.001	94	82	0.01349674916301043
04	0.001	94	50	0.01349674916301043
04	0.001	94	37	0.01349674916301043
04	0.001	94	73	0.01349674916301043
04	0.001	94	69	0.01349674916301043
04	0.001	94	30	0.01349674916301043
04	0.001	94	42	0.01349674916301043
04	0.001	94	14	0.01349674916301043
04	0.001	94	95	0.01349674916301043
04	0.001	94	61	0.01349674916301043
04	0.001	94	51	0.0015344866482342092
04	0.001	94	3	0.01349674916301043
04	0.001	94	68	0.01349674916301043
04	0.001	94	26	0.008507260319793677
04	0.001	95	0	0.09474942610498675
04	0.001	95	5	0.09474942610498675
04	0.001	95	2	0.09474942610498675
04	0.001	95	100	0.015650757125050478
04	0.001	95	34	0.015650757125050478
04	0.001	95	71	0.015650757125050478
04	0.001	95	74	0.015650757125050478
04	0.001	95	37	0.015650757125050478
04	0.001	95	73	0.015650757125050478
04	0.001	95	82	0.015650757125050478
04	0.001	95	50	0.015650757125050478
04	0.001	95	14	0.015650757125050478
04	0.001	95	42	0.015650757125050478
04	0.001	95	30	0.015650757125050478
04	0.001	95	95	0.015650757125050478
04	0.001	95	68	0.015650757125050478
04	0.001	95	3	0.015650757125050478
04	0.001	95	61	0.015650757125050478
04	0.001	95	93	0.015650757125050478
04	0.001	95	69	0.006554718594439517
04	0.001	96	0	0.09374551189908485
04	0.001	96	2	0.09374551189908485
04	0.001	96	5	0.09374551189908485
04	0.001	96	100	0.01642967313430443
04	0.001	96	34	0.01642967313430443
04	0.001	96	74	0.01642967313430443
04	0.001	96	71	0.01642967313430443
04	0.001	96	37	0.01642967313430443
04	0.001	96	50	0.01642967313430443
04	0.001	96	73	0.011644321452258395
04	0.001	96	42	0.011644321452258395
04	0.001	96	30	0.011644321452258395
04	0.001	96	14	0.011644321452258395
04	0.001	96	69	0.011644321452258395
04	0.001	96	82	0.011644321452258395
04	0.001	96	61	0.010535549766557222
04	0.001	96	95	0.010535549766557222
04	0.001	96	68	0.010535549766557222
04	0.001	96	3	0.010535549766557222
04	0.001	96	93	0.008630527600283893
04	0.001	97	0	0.09742555299224114
04	0.001	97	2	0.0911233825705088
04	0.001	97	5	0.0911233825705088
04	0.001	97	100	0.012953493367500128
04	0.001	97	74	0.012953493367500128
04	0.001	97	50	0.01164041197743263
04	0.001	97	34	0.01164041197743263
04	0.001	97	73	0.01164041197743263
04	0.001	97	42	0.01164041197743263
04	0.001	97	37	0.01164041197743263
04	0.001	97	71	0.01164041197743263
04	0.001	97	14	0.01164041197743263
04	0.001	97	30	0.01164041197743263
04	0.001	97	3	0.01164041197743263
04	0.001	97	82	0.01164041197743263
04	0.001	97	61	0.01164041197743263
04	0.001	97	15	0.01164041197743263
04	0.001	97	69	0.008799015944923782
04	0.001	97	95	0.001953650373159674
04	0.001	97	25	0.006046107026197104
04	0.001	97	54	0.006046107026197104
04	0.001	97	26	0.006046107026197104
04	0.001	98	0	0.09415511442051457
04	0.001	98	5	0.09415511442051457
04	0.001	98	2	0.09415511442051457
04	0.001	98	100	0.018682435380691975
04	0.001	98	74	0.018682435380691975
04	0.001	98	34	0.018682435380691975
04	0.001	98	71	0.018682435380691975
04	0.001	98	50	0.018682435380691975
04	0.001	98	82	0.018682435380691975
04	0.001	98	37	0.018682435380691975
04	0.001	98	73	0.018682435380691975
04	0.001	98	30	0.012009165276862487
04	0.001	98	69	0.011332399498100285
04	0.001	98	95	0.012009165276862487
04	0.001	98	61	0.012009165276862487
04	0.001	98	42	0.012009165276862487
04	0.001	98	14	0.012009165276862487
04	0.001	98	3	0.012009165276862487
04	0.001	98	68	0.012009165276862487
04	0.001	98	15	0.003467760580712498
04	0.001	99	0	0.09299785154924099
04	0.001	99	2	0.09299785154924099
04	0.001	99	5	0.09299785154924099
04	0.001	99	100	0.019833212450338998
04	0.001	99	74	0.012255415606379088
04	0.001	99	34	0.012255415606379088
04	0.001	99	71	0.012255415606379088
04	0.001	99	37	0.01221114347526692
04	0.001	99	50	0.01221114347526692
04	0.001	99	82	0.01221114347526692
04	0.001	99	73	0.01221114347526692
04	0.001	99	30	0.01221114347526692
04	0.001	99	14	0.01221114347526692
04	0.001	99	69	0.007147245670370059
04	0.001	99	78	0.007147245670370059
04	0.001	99	95	0.01221114347526692
04	0.001	99	61	0.01221114347526692
04	0.001	99	68	0.01221114347526692
04	0.001	99	3	0.01221114347526692
04	0.001	99	42	0.01221114347526692
04	0.001	100	0	0.10094131265442548
04	0.001	100	2	0.10094131265442548
04	0.001	100	5	0.10094131265442548
04	0.001	100	34	0.01963810809400464
04	0.001	100	100	0.01963810809400464
04	0.001	100	37	0.01963810809400464
04	0.001	100	71	0.01963810809400464
04	0.001	100	74	0.01963810809400464
04	0.001	100	42	0.01963810809400464
04	0.001	100	73	0.01963810809400464
04	0.001	100	82	0.01963810809400464
04	0.001	100	30	0.01963810809400464
04	0.001	100	14	0.01963810809400464
04	0.001	100	50	0.01963810809400464
04	0.001	100	3	0.01963810809400464
04	0.001	100	61	0.01963810809400464
04	0.001	100	95	0.01963810809400464
04	0.001	100	68	0.01963810809400464
04	0.001	100	51	0.0019616097426298764
04	0.001	100	93	0.0012657053535525642
04	0.01	1	0	0.11173801110913587
04	0.01	1	5	0.10321046955677719
04	0.01	1	2	0.10321046955677719
04	0.01	1	74	0.027566873473083415
04	0.01	1	82	0.01431616491072445
04	0.01	1	50	0.011493851488786995
04	0.01	1	100	0.011493851488786995
04	0.01	1	14	0.011493851488786995
04	0.01	1	34	0.01431616491072445
04	0.01	1	42	0.01431616491072445
04	0.01	1	95	0.01431616491072445
04	0.01	1	37	0.01431616491072445
04	0.01	1	30	0.00841967140429443
04	0.01	1	93	0.00841967140429443
04	0.01	1	61	0.011493851488786995
04	0.01	1	88	0.003097419070230401
04	0.01	1	25	0.008185479195375081
04	0.01	1	91	0.008185479195375081
04	0.01	1	26	0.00841967140429443
04	0.01	1	73	0.00841967140429443
04	0.01	1	68	0.005292759399616354
04	0.01	1	24	0.005292759399616354
04	0.01	1	15	0.005292759399616354
04	0.01	2	0	0.08937768539782741
04	0.01	2	5	0.08937768539782741
04	0.01	2	2	0.08937768539782741
04	0.01	2	100	0.033157712590067015
04	0.01	2	74	0.015207441429731744
04	0.01	2	42	0.015207441429731744
04	0.01	2	50	0.015207441429731744
04	0.01	2	82	0.015207441429731744
04	0.01	2	34	0.015207441429731744
04	0.01	2	37	0.015207441429731744
04	0.01	2	88	0.015207441429731744
04	0.01	2	69	0.015207441429731744
04	0.01	2	71	0.015207441429731744
04	0.01	2	14	0.015207441429731744
04	0.01	2	26	0.015207441429731744
04	0.01	2	68	0.015207441429731744
04	0.01	2	30	0.015207441429731744
04	0.01	2	95	0.015207441429731744
04	0.01	2	15	0.007879682709145078
04	0.01	2	51	0.0010278403130628436
04	0.01	3	0	0.1109706827484376
04	0.01	3	5	0.04715674002667443
04	0.01	3	37	0.04097170583921544
04	0.01	3	100	0.02030397591123177
04	0.01	3	74	0.02030397591123177
04	0.01	3	71	0.008998837839472302
04	0.01	3	14	0.016344028458291884
04	0.01	3	15	0.016344028458291884
04	0.01	3	30	0.016344028458291884
04	0.01	3	50	0.0048051822836642786
04	0.01	3	42	0.009789682041665783
04	0.01	3	34	0.009789682041665783
04	0.01	3	72	0.009789682041665783
04	0.01	3	61	0.009789682041665783
04	0.01	3	3	0.009789682041665783
04	0.01	3	75	0.009789682041665783
04	0.01	3	70	0.009789682041665783
04	0.01	3	25	0.009789682041665783
04	0.01	3	54	0.0029253938244731565
04	0.01	3	44	0.0029253938244731565
04	0.01	4	0	0.09569733179492136
04	0.01	4	2	0.09569733179492136
04	0.01	4	5	0.09569733179492136
04	0.01	4	100	0.017767295479508474
04	0.01	4	42	0.017767295479508474
04	0.01	4	74	0.017767295479508474
04	0.01	4	50	0.017767295479508474
04	0.01	4	73	0.017767295479508474
04	0.01	4	71	0.00952280935016495
04	0.01	4	37	0.00952280935016495
04	0.01	4	34	0.00952280935016495
04	0.01	4	82	0.00952280935016495
04	0.01	4	30	0.00952280935016495
04	0.01	4	68	0.008964498110244055
04	0.01	4	14	0.008964498110244055
04	0.01	4	95	0.008964498110244055
04	0.01	4	51	0.008964498110244055
04	0.01	4	69	0.008964498110244055
04	0.01	4	78	0.0035242813136169048
04	0.01	4	3	0.007465456534557652
04	0.01	4	26	0.007465456534557652
04	0.01	5	0	0.0904856348261861
04	0.01	5	2	0.0904856348261861
04	0.01	5	5	0.0904856348261861
04	0.01	5	100	0.022934815893648375
04	0.01	5	34	0.018517137976918605
04	0.01	5	42	0.012832940770675311
04	0.01	5	37	0.012832940770675311
04	0.01	5	74	0.012832940770675311
04	0.01	5	50	0.012832940770675311
04	0.01	5	71	0.012832940770675311
04	0.01	5	14	0.012832940770675311
04	0.01	5	73	0.012832940770675311
04	0.01	5	82	0.01014605589208713
04	0.01	5	69	0.01014605589208713
04	0.01	5	61	0.01014605589208713
04	0.01	5	81	0.005926002283820663
04	0.01	5	95	0.008962913367497506
04	0.01	5	3	0.008962913367497506
04	0.01	5	68	0.004461871737573854
04	0.01	5	88	0.004461871737573854
04	0.01	5	26	0.004461871737573854
04	0.01	6	0	0.10615436270286709
04	0.01	6	2	0.10615436270286709
04	0.01	6	5	0.06787265175345036
04	0.01	6	100	0.021723389248412082
04	0.01	6	34	0.020952083240687255
04	0.01	6	74	0.020952083240687255
04	0.01	6	71	0.020952083240687255
04	0.01	6	73	0.010084686784240189
04	0.01	6	37	0.010084686784240189
04	0.01	6	95	0.0035730926814660606
04	0.01	6	30	0.010084686784240189
04	0.01	6	42	0.010084686784240189
04	0.01	6	14	0.010084686784240189
04	0.01	6	61	0.010084686784240189
04	0.01	6	3	0.010084686784240189
04	0.01	6	25	0.010084686784240189
04	0.01	6	15	0.010084686784240189
04	0.01	6	24	0.010084686784240189
04	0.01	6	54	0.010084686784240189
04	0.01	6	26	0.010084686784240189
04	0.01	6	75	0.010084686784240189
04	0.01	7	0	0.08724435883332217
04	0.01	7	5	0.08724435883332217
04	0.01	7	2	0.08724435883332217
04	0.01	7	34	0.018899670055348733
04	0.01	7	100	0.018899670055348733
04	0.01	7	71	0.018899670055348733
04	0.01	7	37	0.018899670055348733
04	0.01	7	74	0.018899670055348733
04	0.01	7	14	0.012493705803127291
04	0.01	7	30	0.011933777794102901
04	0.01	7	82	0.012493705803127291
04	0.01	7	50	0.012493705803127291
04	0.01	7	73	0.012493705803127291
04	0.01	7	3	0.011933777794102901
04	0.01	7	42	0.011933777794102901
04	0.01	7	61	0.011933777794102901
04	0.01	7	68	0.011933777794102901
04	0.01	7	95	0.008317349516838268
04	0.01	7	15	0.006165035139723847
04	0.01	7	69	0.006165035139723847
04	0.01	8	5	0.09166046726978752
04	0.01	8	2	0.09166046726978752
04	0.01	8	100	0.025735671864865972
04	0.01	8	71	0.02419453943306346
04	0.01	8	74	0.02419453943306346
04	0.01	8	0	0.02419453943306346
04	0.01	8	42	0.02419453943306346
04	0.01	8	30	0.02419453943306346
04	0.01	8	51	0.009965248337381554
04	0.01	8	73	0.02419453943306346
04	0.01	8	34	0.02419453943306346
04	0.01	8	37	0.02419453943306346
04	0.01	8	15	0.02419453943306346
04	0.01	8	14	0.02419453943306346
04	0.01	8	95	0.009965248337381554
04	0.01	8	68	0.009965248337381554
04	0.01	8	61	0.009965248337381554
04	0.01	8	88	0.009541523204485342
04	0.01	8	81	0.00421846874570759
04	0.01	8	55	0.006251706013083269
04	0.01	8	69	0.006251706013083269
04	0.01	9	0	0.09127029786373
04	0.01	9	2	0.09127029786373
04	0.01	9	5	0.08699423584857595
04	0.01	9	100	0.020315247776795796
04	0.01	9	34	0.015492361844610825
04	0.01	9	82	0.015492361844610825
04	0.01	9	30	0.015492361844610825
04	0.01	9	42	0.015492361844610825
04	0.01	9	14	0.015492361844610825
04	0.01	9	73	0.015492361844610825
04	0.01	9	71	0.015492361844610825
04	0.01	9	26	0.015492361844610825
04	0.01	9	3	0.015492361844610825
04	0.01	9	95	0.015492361844610825
04	0.01	9	61	0.015492361844610825
04	0.01	9	74	0.015492361844610825
04	0.01	9	78	0.015492361844610825
04	0.01	9	50	0.015492361844610825
04	0.01	9	25	0.007809508620609305
04	0.01	9	15	0.007809508620609305
04	0.01	10	0	0.08809023427222692
04	0.01	10	2	0.08809023427222692
04	0.01	10	5	0.08809023427222692
04	0.01	10	34	0.025519876559714265
04	0.01	10	30	0.014582924089078957
04	0.01	10	42	0.014582924089078957
04	0.01	10	82	0.014582924089078957
04	0.01	10	73	0.014582924089078957
04	0.01	10	100	0.014582924089078957
04	0.01	10	37	0.014582924089078957
04	0.01	10	14	0.014582924089078957
04	0.01	10	15	0.013753162749114122
04	0.01	10	95	0.013753162749114122
04	0.01	10	68	0.013753162749114122
04	0.01	10	3	0.013753162749114122
04	0.01	10	50	0.010005357930739976
04	0.01	10	69	0.010005357930739976
04	0.01	10	74	0.010005357930739976
04	0.01	10	83	0.0010672135086910325
04	0.01	10	51	0.0010672135086910325
04	0.01	10	24	0.013753162749114122
04	0.01	10	55	0.013753162749114122
04	0.01	10	26	0.013753162749114122
04	0.01	10	61	0.013753162749114122
04	0.01	10	25	0.013753162749114122
04	0.01	11	0	0.09757567341788005
04	0.01	11	5	0.09757567341788005
04	0.01	11	2	0.09757567341788005
04	0.01	11	100	0.019239509064513816
04	0.01	11	71	0.017832140691898653
04	0.01	11	34	0.019239509064513816
04	0.01	11	74	0.019239509064513816
04	0.01	11	37	0.019239509064513816
04	0.01	11	50	0.019239509064513816
04	0.01	11	69	0.013080570892111369
04	0.01	11	82	0.017832140691898653
04	0.01	11	73	0.017832140691898653
04	0.01	11	42	0.017832140691898653
04	0.01	11	95	0.013080570892111369
04	0.01	11	14	0.013080570892111369
04	0.01	11	88	0.00249818978987353
04	0.01	11	68	0.013080570892111369
04	0.01	11	30	0.013080570892111369
04	0.01	11	3	0.013080570892111369
04	0.01	11	93	0.006174140359907496
04	0.01	12	0	0.08805955627027223
04	0.01	12	2	0.08805955627027223
04	0.01	12	5	0.08805955627027223
04	0.01	12	34	0.016126447290803685
04	0.01	12	100	0.016126447290803685
04	0.01	12	37	0.016126447290803685
04	0.01	12	50	0.016126447290803685
04	0.01	12	71	0.016126447290803685
04	0.01	12	73	0.016126447290803685
04	0.01	12	74	0.016126447290803685
04	0.01	12	42	0.016126447290803685
04	0.01	12	82	0.016126447290803685
04	0.01	12	95	0.015614291535908832
04	0.01	12	61	0.015614291535908832
04	0.01	12	68	0.015614291535908832
04	0.01	12	3	0.016126447290803685
04	0.01	12	30	0.016126447290803685
04	0.01	12	14	0.016126447290803685
04	0.01	12	15	0.015614291535908832
04	0.01	12	93	0.005048121319242302
04	0.01	13	0	0.10441855501426076
04	0.01	13	5	0.10441855501426076
04	0.01	13	2	0.10441855501426076
04	0.01	13	100	0.018914081778504514
04	0.01	13	34	0.018914081778504514
04	0.01	13	74	0.018914081778504514
04	0.01	13	82	0.018914081778504514
04	0.01	13	71	0.018914081778504514
04	0.01	13	37	0.018914081778504514
04	0.01	13	50	0.018914081778504514
04	0.01	13	73	0.018914081778504514
04	0.01	13	30	0.018914081778504514
04	0.01	13	42	0.018914081778504514
04	0.01	13	14	0.018914081778504514
04	0.01	13	95	0.007841420476439495
04	0.01	13	68	0.007841420476439495
04	0.01	13	51	0.007567951984285951
04	0.01	13	3	0.007567951984285951
04	0.01	13	61	0.007567951984285951
04	0.01	13	93	0.004362138510344972
04	0.01	14	0	0.09500768438522826
04	0.01	14	2	0.09500768438522826
04	0.01	14	5	0.09500768438522826
04	0.01	14	100	0.014141176074981143
04	0.01	14	34	0.012513222295971585
04	0.01	14	71	0.012513222295971585
04	0.01	14	74	0.012513222295971585
04	0.01	14	73	0.012513222295971585
04	0.01	14	37	0.012513222295971585
04	0.01	14	50	0.012513222295971585
04	0.01	14	69	0.009473557908903646
04	0.01	14	82	0.009473557908903646
04	0.01	14	30	0.009473557908903646
04	0.01	14	14	0.009473557908903646
04	0.01	14	42	0.009473557908903646
04	0.01	14	95	0.009473557908903646
04	0.01	14	61	0.009473557908903646
04	0.01	14	3	0.009473557908903646
04	0.01	14	51	0.0077554622030057046
04	0.01	14	68	0.009473557908903646
04	0.01	15	0	0.09381877905657689
04	0.01	15	5	0.09381877905657689
04	0.01	15	2	0.09381877905657689
04	0.01	15	100	0.03177520979164243
04	0.01	15	74	0.01167978178943547
04	0.01	15	34	0.01167978178943547
04	0.01	15	71	0.01167978178943547
04	0.01	15	37	0.01167978178943547
04	0.01	15	42	0.01167978178943547
04	0.01	15	50	0.01167978178943547
04	0.01	15	14	0.01167978178943547
04	0.01	15	82	0.01167978178943547
04	0.01	15	78	0.01167978178943547
04	0.01	15	73	0.01167978178943547
04	0.01	15	69	0.01167978178943547
04	0.01	15	51	0.01167978178943547
04	0.01	15	68	0.006447038774238514
04	0.01	15	15	0.01167978178943547
04	0.01	15	61	0.01167978178943547
04	0.01	15	3	0.01167978178943547
04	0.01	15	30	0.01167978178943547
04	0.01	15	88	0.006001357330499508
04	0.01	16	0	0.10878415015214767
04	0.01	16	2	0.10878415015214767
04	0.01	16	5	0.10878415015214767
04	0.01	16	100	0.017934282461815877
04	0.01	16	37	0.017934282461815877
04	0.01	16	34	0.017934282461815877
04	0.01	16	74	0.017934282461815877
04	0.01	16	71	0.017934282461815877
04	0.01	16	42	0.017934282461815877
04	0.01	16	30	0.017934282461815877
04	0.01	16	82	0.017934282461815877
04	0.01	16	50	0.017934282461815877
04	0.01	16	73	0.017934282461815877
04	0.01	16	3	0.017934282461815877
04	0.01	16	14	0.017934282461815877
04	0.01	16	15	0.004673789506559359
04	0.01	16	61	0.009373470957236887
04	0.01	16	69	0.009373470957236887
04	0.01	16	68	0.009373470957236887
04	0.01	16	95	0.009373470957236887
04	0.01	17	0	0.09460774924458959
04	0.01	17	5	0.09460774924458959
04	0.01	17	2	0.09460774924458959
04	0.01	17	34	0.015046180575723569
04	0.01	17	100	0.01347066356879908
04	0.01	17	74	0.01347066356879908
04	0.01	17	50	0.01347066356879908
04	0.01	17	37	0.01347066356879908
04	0.01	17	71	0.01347066356879908
04	0.01	17	82	0.01347066356879908
04	0.01	17	30	0.01347066356879908
04	0.01	17	42	0.01347066356879908
04	0.01	17	73	0.01347066356879908
04	0.01	17	61	0.01347066356879908
04	0.01	17	14	0.01347066356879908
04	0.01	17	3	0.01347066356879908
04	0.01	17	81	0.004714040669205352
04	0.01	17	95	0.01347066356879908
04	0.01	17	68	0.01347066356879908
04	0.01	17	15	0.002678884642129677
04	0.01	17	93	0.002678884642129677
04	0.01	18	0	0.11691426845650953
04	0.01	18	2	0.11691426845650953
04	0.01	18	5	0.11691426845650953
04	0.01	18	100	0.015267761762335335
04	0.01	18	74	0.015267761762335335
04	0.01	18	73	0.015267761762335335
04	0.01	18	34	0.015267761762335335
04	0.01	18	37	0.015267761762335335
04	0.01	18	71	0.015267761762335335
04	0.01	18	50	0.015267761762335335
04	0.01	18	82	0.010686819479872415
04	0.01	18	30	0.00902254830489416
04	0.01	18	14	0.010686819479872415
04	0.01	18	42	0.010686819479872415
04	0.01	18	3	0.0071554245673658215
04	0.01	18	95	0.0071554245673658215
04	0.01	18	69	0.005076203683570173
04	0.01	18	78	0.005076203683570173
04	0.01	18	51	0.003189297822649931
04	0.01	18	68	0.0071554245673658215
04	0.01	18	93	0.0071554245673658215
04	0.01	18	26	0.0071554245673658215
04	0.01	18	72	0.003841115738148653
04	0.01	19	0	0.09587209346054036
04	0.01	19	2	0.09587209346054036
04	0.01	19	5	0.09587209346054036
04	0.01	19	100	0.01898528514119201
04	0.01	19	74	0.013545259338496849
04	0.01	19	34	0.012320952620090479
04	0.01	19	71	0.012140780072097795
04	0.01	19	50	0.012140780072097795
04	0.01	19	37	0.012140780072097795
04	0.01	19	69	0.012140780072097795
04	0.01	19	82	0.012140780072097795
04	0.01	19	73	0.012140780072097795
04	0.01	19	30	0.012140780072097795
04	0.01	19	42	0.012140780072097795
04	0.01	19	78	0.0030737915541230393
04	0.01	19	14	0.012140780072097795
04	0.01	19	95	0.012140780072097795
04	0.01	19	3	0.012140780072097795
04	0.01	19	68	0.012140780072097795
04	0.01	19	61	0.012140780072097795
04	0.01	19	93	0.012140780072097795
04	0.01	20	0	0.11345756980980891
04	0.01	20	2	0.11345756980980891
04	0.01	20	5	0.11345756980980891
04	0.01	20	100	0.016138187642437237
04	0.01	20	71	0.016138187642437237
04	0.01	20	74	0.016138187642437237
04	0.01	20	50	0.016138187642437237
04	0.01	20	37	0.016138187642437237
04	0.01	20	73	0.016138187642437237
04	0.01	20	82	0.016138187642437237
04	0.01	20	30	0.016138187642437237
04	0.01	20	42	0.016138187642437237
04	0.01	20	14	0.010182505150218648
04	0.01	20	69	0.010182505150218648
04	0.01	20	95	0.010182505150218648
04	0.01	20	68	0.010182505150218648
04	0.01	20	3	0.006669377197456996
04	0.01	20	93	0.0011313200992057358
04	0.01	20	81	0.006669377197456996
04	0.01	20	34	0.006669377197456996
04	0.01	20	88	0.0020929999710847806
04	0.01	21	0	0.0949351190392794
04	0.01	21	2	0.08873914154309355
04	0.01	21	5	0.08873914154309355
04	0.01	21	100	0.0167941438588578
04	0.01	21	71	0.016732900430724795
04	0.01	21	34	0.014572863735368115
04	0.01	21	37	0.014572863735368115
04	0.01	21	74	0.014572863735368115
04	0.01	21	30	0.014572863735368115
04	0.01	21	82	0.014572863735368115
04	0.01	21	73	0.014572863735368115
04	0.01	21	14	0.014572863735368115
04	0.01	21	42	0.014572863735368115
04	0.01	21	50	0.014572863735368115
04	0.01	21	69	0.014572863735368115
04	0.01	21	3	0.014572863735368115
04	0.01	21	61	0.014572863735368115
04	0.01	21	68	0.014572863735368115
04	0.01	21	93	0.008388712736939462
04	0.01	21	81	0.00792780143871417
04	0.01	22	0	0.09419875371685339
04	0.01	22	2	0.09419875371685339
04	0.01	22	5	0.09419875371685339
04	0.01	22	100	0.019999208262282093
04	0.01	22	34	0.011218245926080927
04	0.01	22	50	0.011218245926080927
04	0.01	22	74	0.011218245926080927
04	0.01	22	71	0.011218245926080927
04	0.01	22	37	0.011218245926080927
04	0.01	22	73	0.011218245926080927
04	0.01	22	30	0.011218245926080927
04	0.01	22	82	0.011218245926080927
04	0.01	22	69	0.011218245926080927
04	0.01	22	42	0.011218245926080927
04	0.01	22	51	0.005063258441551733
04	0.01	22	68	0.011218245926080927
04	0.01	22	14	0.011218245926080927
04	0.01	22	95	0.011218245926080927
04	0.01	22	3	0.00742407850527339
04	0.01	22	15	0.0014931916317842031
04	0.01	23	0	0.1083237424842605
04	0.01	23	2	0.1083237424842605
04	0.01	23	5	0.1083237424842605
04	0.01	23	100	0.014782232075815326
04	0.01	23	74	0.014782232075815326
04	0.01	23	34	0.014782232075815326
04	0.01	23	71	0.014782232075815326
04	0.01	23	50	0.014782232075815326
04	0.01	23	42	0.014782232075815326
04	0.01	23	30	0.014782232075815326
04	0.01	23	73	0.014782232075815326
04	0.01	23	69	0.014782232075815326
04	0.01	23	82	0.014782232075815326
04	0.01	23	37	0.014782232075815326
04	0.01	23	14	0.010084936093014423
04	0.01	23	3	0.006054358202116995
04	0.01	23	15	0.006054358202116995
04	0.01	23	26	0.005771749278040115
04	0.01	23	68	0.006054358202116995
04	0.01	23	51	0.006054358202116995
04	0.01	23	95	0.006054358202116995
04	0.01	24	0	0.09588289042577931
04	0.01	24	5	0.09588289042577931
04	0.01	24	2	0.09588289042577931
04	0.01	24	74	0.01828494387399426
04	0.01	24	71	0.01828494387399426
04	0.01	24	82	0.01828494387399426
04	0.01	24	34	0.01828494387399426
04	0.01	24	50	0.01828494387399426
04	0.01	24	100	0.01828494387399426
04	0.01	24	73	0.01828494387399426
04	0.01	24	30	0.017993879019172956
04	0.01	24	37	0.01358820148015221
04	0.01	24	81	0.0005087485460823543
04	0.01	24	42	0.017993879019172956
04	0.01	24	14	0.017993879019172956
04	0.01	24	95	0.017993879019172956
04	0.01	24	3	0.017993879019172956
04	0.01	24	68	0.017993879019172956
04	0.01	24	15	0.01358820148015221
04	0.01	24	26	0.005125322020495491
04	0.01	24	61	0.002441967835799801
04	0.01	25	0	0.08457597848452263
04	0.01	25	2	0.08457597848452263
04	0.01	25	5	0.07608143826459784
04	0.01	25	34	0.03198829364720593
04	0.01	25	37	0.03198829364720593
04	0.01	25	73	0.03198829364720593
04	0.01	25	30	0.03198829364720593
04	0.01	25	42	0.03198829364720593
04	0.01	25	61	0.03198829364720593
04	0.01	25	15	0.008798197887425875
04	0.01	25	93	0.008798197887425875
04	0.01	25	72	0.008798197887425875
04	0.01	25	71	0.014199599051354796
04	0.01	25	50	0.014199599051354796
04	0.01	25	100	0.014199599051354796
04	0.01	25	82	0.014199599051354796
04	0.01	25	95	0.014199599051354796
04	0.01	25	14	0.014199599051354796
04	0.01	25	74	0.014199599051354796
04	0.01	25	94	0.0036827571016790806
04	0.01	25	3	0.014199599051354796
04	0.01	25	68	0.014199599051354796
04	0.01	25	69	0.007854829651159925
04	0.01	25	83	0.002066137396814288
04	0.01	26	0	0.09903205776269917
04	0.01	26	2	0.09903205776269917
04	0.01	26	5	0.09101281169936425
04	0.01	26	100	0.015507970773173141
04	0.01	26	34	0.015507970773173141
04	0.01	26	71	0.015507970773173141
04	0.01	26	73	0.015507970773173141
04	0.01	26	30	0.015507970773173141
04	0.01	26	69	0.015507970773173141
04	0.01	26	37	0.015507970773173141
04	0.01	26	82	0.015507970773173141
04	0.01	26	95	0.008258076566707257
04	0.01	26	14	0.008258076566707257
04	0.01	26	42	0.008258076566707257
04	0.01	26	50	0.008258076566707257
04	0.01	26	51	0.008258076566707257
04	0.01	26	61	0.008258076566707257
04	0.01	26	68	0.008258076566707257
04	0.01	26	93	0.008258076566707257
04	0.01	26	3	0.008258076566707257
04	0.01	27	0	0.08794289481777748
04	0.01	27	5	0.08794289481777748
04	0.01	27	2	0.08794289481777748
04	0.01	27	100	0.015722954530148953
04	0.01	27	50	0.013046942009470522
04	0.01	27	34	0.013046942009470522
04	0.01	27	71	0.013046942009470522
04	0.01	27	74	0.013046942009470522
04	0.01	27	42	0.013046942009470522
04	0.01	27	37	0.013046942009470522
04	0.01	27	82	0.013046942009470522
04	0.01	27	14	0.013046942009470522
04	0.01	27	73	0.013046942009470522
04	0.01	27	3	0.013046942009470522
04	0.01	27	69	0.008744272844640764
04	0.01	27	51	0.006300228189715909
04	0.01	27	78	0.003382258440881412
04	0.01	27	61	0.013046942009470522
04	0.01	27	68	0.013046942009470522
04	0.01	27	30	0.013046942009470522
04	0.01	27	95	0.013046942009470522
04	0.01	27	15	0.007667081686863494
04	0.01	28	0	0.08634593431139802
04	0.01	28	2	0.08634593431139802
04	0.01	28	5	0.06285508616193501
04	0.01	28	100	0.034690045305058155
04	0.01	28	34	0.023445686170219273
04	0.01	28	74	0.023445686170219273
04	0.01	28	30	0.023445686170219273
04	0.01	28	50	0.023445686170219273
04	0.01	28	71	0.023445686170219273
04	0.01	28	73	0.023445686170219273
04	0.01	28	37	0.023445686170219273
04	0.01	28	82	0.007080758811305654
04	0.01	28	42	0.007080758811305654
04	0.01	28	61	0.00553871552991764
04	0.01	28	3	0.007080758811305654
04	0.01	28	78	0.007080758811305654
04	0.01	28	14	0.007080758811305654
04	0.01	28	69	0.007080758811305654
04	0.01	28	25	0.00553871552991764
04	0.01	28	93	0.00553871552991764
04	0.01	28	68	0.007080758811305654
04	0.01	28	51	0.007080758811305654
04	0.01	29	0	0.09645238180855514
04	0.01	29	2	0.09645238180855514
04	0.01	29	5	0.09645238180855514
04	0.01	29	100	0.012989180829436729
04	0.01	29	71	0.012989180829436729
04	0.01	29	34	0.012989180829436729
04	0.01	29	37	0.012989180829436729
04	0.01	29	74	0.012989180829436729
04	0.01	29	73	0.012989180829436729
04	0.01	29	50	0.012989180829436729
04	0.01	29	82	0.012989180829436729
04	0.01	29	14	0.011934691539797267
04	0.01	29	42	0.011934691539797267
04	0.01	29	61	0.011934691539797267
04	0.01	29	68	0.011934691539797267
04	0.01	29	69	0.011934691539797267
04	0.01	29	95	0.011934691539797267
04	0.01	29	3	0.011934691539797267
04	0.01	29	30	0.011934691539797267
04	0.01	29	15	0.00904296162694251
04	0.01	30	0	0.09531704746412005
04	0.01	30	5	0.09531704746412005
04	0.01	30	2	0.09531704746412005
04	0.01	30	100	0.015606150301594984
04	0.01	30	74	0.015606150301594984
04	0.01	30	50	0.015606150301594984
04	0.01	30	71	0.015606150301594984
04	0.01	30	34	0.014598264853495734
04	0.01	30	37	0.014598264853495734
04	0.01	30	73	0.014598264853495734
04	0.01	30	42	0.014598264853495734
04	0.01	30	30	0.014598264853495734
04	0.01	30	82	0.014598264853495734
04	0.01	30	14	0.014598264853495734
04	0.01	30	3	0.014598264853495734
04	0.01	30	61	0.014598264853495734
04	0.01	30	15	0.011001853514397917
04	0.01	30	88	0.0025951508209695875
04	0.01	30	68	0.008652620563127038
04	0.01	30	95	0.008652620563127038
04	0.01	30	70	0.004571953222598881
04	0.01	31	0	0.08996127948604125
04	0.01	31	5	0.08996127948604125
04	0.01	31	2	0.08996127948604125
04	0.01	31	100	0.026098635376617142
04	0.01	31	34	0.018784233903810538
04	0.01	31	71	0.018784233903810538
04	0.01	31	74	0.013943627260349943
04	0.01	31	73	0.018784233903810538
04	0.01	31	37	0.018784233903810538
04	0.01	31	50	0.013943627260349943
04	0.01	31	14	0.009743569899205634
04	0.01	31	30	0.009743569899205634
04	0.01	31	95	0.009743569899205634
04	0.01	31	42	0.009743569899205634
04	0.01	31	3	0.009743569899205634
04	0.01	31	93	0.009743569899205634
04	0.01	31	68	0.009743569899205634
04	0.01	31	82	0.009743569899205634
04	0.01	31	61	0.0030783062436045014
04	0.01	31	72	0.009743569899205634
04	0.01	31	69	0.009743569899205634
04	0.01	32	0	0.09211454789471188
04	0.01	32	5	0.09211454789471188
04	0.01	32	2	0.09211454789471188
04	0.01	32	100	0.04362228261913689
04	0.01	32	82	0.01759182194481046
04	0.01	32	37	0.01741745149936497
04	0.01	32	74	0.01741745149936497
04	0.01	32	50	0.01741745149936497
04	0.01	32	95	0.01741745149936497
04	0.01	32	34	0.01741745149936497
04	0.01	32	3	0.01741745149936497
04	0.01	32	88	0.01741745149936497
04	0.01	32	73	0.01741745149936497
04	0.01	32	14	0.012022392161371112
04	0.01	32	30	0.013745532036604263
04	0.01	32	91	0.013745532036604263
04	0.01	32	61	0.013745532036604263
04	0.01	32	51	0.012022392161371112
04	0.01	32	83	0.012022392161371112
04	0.01	32	72	0.004514808429063648
04	0.01	33	0	0.09254607262252619
04	0.01	33	2	0.09254607262252619
04	0.01	33	5	0.07947042747659436
04	0.01	33	34	0.024087175611936313
04	0.01	33	100	0.017606992539671087
04	0.01	33	74	0.017606992539671087
04	0.01	33	71	0.017606992539671087
04	0.01	33	14	0.017606992539671087
04	0.01	33	73	0.017606992539671087
04	0.01	33	37	0.017606992539671087
04	0.01	33	82	0.017606992539671087
04	0.01	33	50	0.017606992539671087
04	0.01	33	30	0.017606992539671087
04	0.01	33	42	0.017606992539671087
04	0.01	33	3	0.017606992539671087
04	0.01	33	95	0.017606992539671087
04	0.01	33	61	0.017606992539671087
04	0.01	33	26	0.007040263143061533
04	0.01	33	93	0.012962584575400156
04	0.01	33	88	0.012962584575400156
04	0.01	33	78	0.012962584575400156
04	0.01	34	0	0.09916140792902223
04	0.01	34	2	0.09916140792902223
04	0.01	34	5	0.09916140792902223
04	0.01	34	71	0.018499928909505244
04	0.01	34	100	0.018499928909505244
04	0.01	34	74	0.018499928909505244
04	0.01	34	82	0.018499928909505244
04	0.01	34	95	0.018499928909505244
04	0.01	34	42	0.018499928909505244
04	0.01	34	34	0.018499928909505244
04	0.01	34	37	0.018499928909505244
04	0.01	34	61	0.018499928909505244
04	0.01	34	14	0.018499928909505244
04	0.01	34	30	0.018499928909505244
04	0.01	34	73	0.018499928909505244
04	0.01	34	3	0.006245545632718431
04	0.01	34	50	0.018499928909505244
04	0.01	34	68	0.018499928909505244
04	0.01	34	93	0.006245545632718431
04	0.01	34	51	0.0036542182135783662
04	0.01	35	0	0.09413632366670985
04	0.01	35	2	0.09413632366670985
04	0.01	35	5	0.09413632366670985
04	0.01	35	34	0.021144114585871118
04	0.01	35	37	0.021144114585871118
04	0.01	35	74	0.021144114585871118
04	0.01	35	50	0.021144114585871118
04	0.01	35	71	0.021144114585871118
04	0.01	35	73	0.014521110887634497
04	0.01	35	14	0.014521110887634497
04	0.01	35	69	0.0064350406904513475
04	0.01	35	30	0.014521110887634497
04	0.01	35	3	0.014521110887634497
04	0.01	35	42	0.014521110887634497
04	0.01	35	82	0.014521110887634497
04	0.01	35	68	0.010352847002156398
04	0.01	35	95	0.0064350406904513475
04	0.01	35	15	0.0040971580568172185
04	0.01	35	26	0.0040971580568172185
04	0.01	35	100	0.0064350406904513475
04	0.01	35	51	0.0064350406904513475
04	0.01	35	83	0.0064350406904513475
04	0.01	36	0	0.0899965160504499
04	0.01	36	5	0.0882345861028988
04	0.01	36	2	0.08390638548799581
04	0.01	36	100	0.020263932801193846
04	0.01	36	34	0.020263932801193846
04	0.01	36	50	0.020263932801193846
04	0.01	36	73	0.020263932801193846
04	0.01	36	74	0.020263932801193846
04	0.01	36	71	0.014900635724057724
04	0.01	36	42	0.020263932801193846
04	0.01	36	30	0.020263932801193846
04	0.01	36	82	0.014900635724057724
04	0.01	36	14	0.014900635724057724
04	0.01	36	61	0.01103362654084407
04	0.01	36	15	0.01103362654084407
04	0.01	36	26	0.007645467986694876
04	0.01	36	25	0.007645467986694876
04	0.01	36	93	0.007645467986694876
04	0.01	36	95	0.007645467986694876
04	0.01	36	37	0.007645467986694876
04	0.01	37	0	0.1597694386428013
04	0.01	37	2	0.09687896374869805
04	0.01	37	34	0.02081096606387944
04	0.01	37	50	0.02081096606387944
04	0.01	37	14	0.02081096606387944
04	0.01	37	37	0.02081096606387944
04	0.01	37	74	0.020422272591096507
04	0.01	37	51	0.01952529074555683
04	0.01	37	83	0.01952529074555683
04	0.01	37	68	0.02081096606387944
04	0.01	37	30	0.02081096606387944
04	0.01	37	73	0.02081096606387944
04	0.01	37	82	0.02081096606387944
04	0.01	37	95	0.010706520002448901
04	0.01	37	72	0.01952529074555683
04	0.01	37	3	0.01952529074555683
04	0.01	37	88	0.01952529074555683
04	0.01	37	81	0.01952529074555683
04	0.01	37	75	0.01952529074555683
04	0.01	37	26	0.00298927958606354
04	0.01	38	0	0.10633234617285824
04	0.01	38	2	0.10633234617285824
04	0.01	38	5	0.10633234617285824
04	0.01	38	34	0.011686707674262805
04	0.01	38	71	0.011686707674262805
04	0.01	38	74	0.011686707674262805
04	0.01	38	37	0.011686707674262805
04	0.01	38	73	0.011686707674262805
04	0.01	38	82	0.011686707674262805
04	0.01	38	100	0.011686707674262805
04	0.01	38	61	0.011686707674262805
04	0.01	38	30	0.011686707674262805
04	0.01	38	42	0.011686707674262805
04	0.01	38	95	0.011686707674262805
04	0.01	38	68	0.011686707674262805
04	0.01	38	3	0.0017401869780219357
04	0.01	38	14	0.0017401869780219357
04	0.01	38	93	0.011686707674262805
04	0.01	38	50	0.011686707674262805
04	0.01	38	15	0.011686707674262805
04	0.01	38	72	0.011686707674262805
04	0.01	38	25	0.002155400166977335
04	0.01	39	0	0.12258288523130596
04	0.01	39	2	0.08382034030567005
04	0.01	39	5	0.08382034030567005
04	0.01	39	100	0.01858336738820556
04	0.01	39	74	0.01850343326365747
04	0.01	39	34	0.01785507539078097
04	0.01	39	71	0.01785507539078097
04	0.01	39	82	0.01602768710958861
04	0.01	39	95	0.01602768710958861
04	0.01	39	14	0.01602768710958861
04	0.01	39	37	0.01602768710958861
04	0.01	39	50	0.01602768710958861
04	0.01	39	61	0.01602768710958861
04	0.01	39	30	0.01602768710958861
04	0.01	39	69	0.01602768710958861
04	0.01	39	73	0.01602768710958861
04	0.01	39	3	0.00606073543355045
04	0.01	39	78	0.01602768710958861
04	0.01	39	88	0.01602768710958861
04	0.01	39	51	0.01602768710958861
04	0.01	40	0	0.08715562546838808
04	0.01	40	2	0.08715562546838808
04	0.01	40	5	0.08715562546838808
04	0.01	40	34	0.029052482997726857
04	0.01	40	74	0.029052482997726857
04	0.01	40	100	0.029052482997726857
04	0.01	40	71	0.015398809468773058
04	0.01	40	30	0.015398809468773058
04	0.01	40	42	0.015398809468773058
04	0.01	40	14	0.015398809468773058
04	0.01	40	50	0.015398809468773058
04	0.01	40	88	0.015398809468773058
04	0.01	40	3	0.015398809468773058
04	0.01	40	95	0.015398809468773058
04	0.01	40	73	0.015398809468773058
04	0.01	40	51	0.0020417878525402795
04	0.01	40	68	0.015398809468773058
04	0.01	40	37	0.015398809468773058
04	0.01	40	61	0.015398809468773058
04	0.01	40	82	0.015398809468773058
04	0.01	40	26	0.008248117279617662
04	0.01	41	0	0.10009355679152618
04	0.01	41	2	0.10009355679152618
04	0.01	41	5	0.10009355679152618
04	0.01	41	73	0.016970732246314006
04	0.01	41	74	0.016970732246314006
04	0.01	41	100	0.016970732246314006
04	0.01	41	71	0.016970732246314006
04	0.01	41	34	0.016970732246314006
04	0.01	41	37	0.016970732246314006
04	0.01	41	30	0.011451651437435663
04	0.01	41	82	0.011451651437435663
04	0.01	41	50	0.011451651437435663
04	0.01	41	69	0.011451651437435663
04	0.01	41	14	0.011451651437435663
04	0.01	41	61	0.011451651437435663
04	0.01	41	42	0.011451651437435663
04	0.01	41	3	0.011451651437435663
04	0.01	41	95	0.011451651437435663
04	0.01	41	93	0.011451651437435663
04	0.01	41	88	0.004863761534427806
04	0.01	42	0	0.1087447905087138
04	0.01	42	2	0.1087447905087138
04	0.01	42	5	0.1087447905087138
04	0.01	42	34	0.02105367471739298
04	0.01	42	37	0.02105367471739298
04	0.01	42	73	0.02105367471739298
04	0.01	42	71	0.02105367471739298
04	0.01	42	100	0.02105367471739298
04	0.01	42	30	0.02105367471739298
04	0.01	42	74	0.02105367471739298
04	0.01	42	61	0.02105367471739298
04	0.01	42	82	0.02105367471739298
04	0.01	42	95	0.02105367471739298
04	0.01	42	14	0.02105367471739298
04	0.01	42	42	0.02105367471739298
04	0.01	42	3	0.02105367471739298
04	0.01	42	50	0.02105367471739298
04	0.01	42	68	0.02105367471739298
04	0.01	42	69	0.02105367471739298
04	0.01	42	93	0.0038419898960497774
04	0.01	43	0	0.10299454257615268
04	0.01	43	2	0.09059228505331272
04	0.01	43	5	0.09059228505331272
04	0.01	43	34	0.016487619107925677
04	0.01	43	100	0.016314032202225277
04	0.01	43	37	0.016314032202225277
04	0.01	43	73	0.016314032202225277
04	0.01	43	42	0.014713363540721837
04	0.01	43	30	0.014713363540721837
04	0.01	43	61	0.011258486920371633
04	0.01	43	93	0.011258486920371633
04	0.01	43	95	0.016314032202225277
04	0.01	43	50	0.016314032202225277
04	0.01	43	74	0.016314032202225277
04	0.01	43	82	0.016314032202225277
04	0.01	43	71	0.016314032202225277
04	0.01	43	3	0.003553038845426567
04	0.01	43	88	0.0057011870257931765
04	0.01	43	51	0.0057011870257931765
04	0.01	43	25	0.0057011870257931765
04	0.01	43	91	0.0057011870257931765
04	0.01	44	0	0.1262116457445878
04	0.01	44	5	0.0947337782368886
04	0.01	44	2	0.0947337782368886
04	0.01	44	71	0.013291787072975157
04	0.01	44	34	0.013291787072975157
04	0.01	44	100	0.013291787072975157
04	0.01	44	42	0.013291787072975157
04	0.01	44	37	0.013291787072975157
04	0.01	44	74	0.013291787072975157
04	0.01	44	50	0.013291787072975157
04	0.01	44	14	0.013291787072975157
04	0.01	44	30	0.013291787072975157
04	0.01	44	82	0.013291787072975157
04	0.01	44	73	0.013291787072975157
04	0.01	44	95	0.013291787072975157
04	0.01	44	68	0.013291787072975157
04	0.01	44	61	0.012496158350088781
04	0.01	44	3	0.013291787072975157
04	0.01	44	15	0.012496158350088781
04	0.01	44	93	0.004327890566339994
04	0.01	45	0	0.09755204143159714
04	0.01	45	5	0.09755204143159714
04	0.01	45	2	0.09755204143159714
04	0.01	45	71	0.02355215020881066
04	0.01	45	34	0.02355215020881066
04	0.01	45	100	0.02355215020881066
04	0.01	45	37	0.02355215020881066
04	0.01	45	82	0.02355215020881066
04	0.01	45	42	0.02355215020881066
04	0.01	45	95	0.02355215020881066
04	0.01	45	74	0.02355215020881066
04	0.01	45	73	0.02355215020881066
04	0.01	45	30	0.0159762660686927
04	0.01	45	14	0.0159762660686927
04	0.01	45	68	0.02355215020881066
04	0.01	45	61	0.02355215020881066
04	0.01	45	3	0.0159762660686927
04	0.01	45	50	0.0159762660686927
04	0.01	45	69	0.0014240208167560818
04	0.01	45	26	0.006476207728828327
04	0.01	45	15	0.006476207728828327
04	0.01	46	0	0.10356317784677227
04	0.01	46	2	0.10356317784677227
04	0.01	46	5	0.10356317784677227
04	0.01	46	34	0.011280288632211106
04	0.01	46	37	0.011280288632211106
04	0.01	46	100	0.01841873407923429
04	0.01	46	71	0.01841873407923429
04	0.01	46	74	0.01841873407923429
04	0.01	46	50	0.010333159650647046
04	0.01	46	69	0.010333159650647046
04	0.01	46	14	0.011280288632211106
04	0.01	46	42	0.011280288632211106
04	0.01	46	30	0.011280288632211106
04	0.01	46	73	0.011280288632211106
04	0.01	46	15	0.004125452194851264
04	0.01	46	82	0.010333159650647046
04	0.01	46	95	0.010333159650647046
04	0.01	46	51	0.010333159650647046
04	0.01	46	88	0.00633579252731875
04	0.01	46	78	0.00633579252731875
04	0.01	46	3	0.004125452194851264
04	0.01	46	72	0.004125452194851264
04	0.01	47	0	0.10586230547770333
04	0.01	47	5	0.10586230547770333
04	0.01	47	2	0.10586230547770333
04	0.01	47	100	0.0161630534420258
04	0.01	47	74	0.013878901848622486
04	0.01	47	73	0.013878901848622486
04	0.01	47	71	0.010725022909377551
04	0.01	47	50	0.013878901848622486
04	0.01	47	34	0.013878901848622486
04	0.01	47	30	0.009694914547030089
04	0.01	47	82	0.010275880006459764
04	0.01	47	37	0.010275880006459764
04	0.01	47	14	0.007705494233734904
04	0.01	47	42	0.007705494233734904
04	0.01	47	69	0.007705494233734904
04	0.01	47	93	0.007705494233734904
04	0.01	47	95	0.007705494233734904
04	0.01	47	3	0.007705494233734904
04	0.01	47	68	0.0070153074457340635
04	0.01	47	78	0.003928257802103732
04	0.01	48	0	0.09352562286546211
04	0.01	48	5	0.09352562286546211
04	0.01	48	2	0.08422651207372639
04	0.01	48	100	0.01841979556684288
04	0.01	48	74	0.01841979556684288
04	0.01	48	71	0.01841979556684288
04	0.01	48	34	0.017593904693890244
04	0.01	48	37	0.017593904693890244
04	0.01	48	14	0.009342924119747778
04	0.01	48	82	0.009342924119747778
04	0.01	48	73	0.009342924119747778
04	0.01	48	50	0.009342924119747778
04	0.01	48	51	0.009342924119747778
04	0.01	48	42	0.009342924119747778
04	0.01	48	30	0.009342924119747778
04	0.01	48	95	0.009342924119747778
04	0.01	48	78	0.00681554546288137
04	0.01	48	68	0.009342924119747778
04	0.01	48	3	0.009342924119747778
04	0.01	48	61	0.009342924119747778
04	0.01	49	0	0.08347032070060623
04	0.01	49	5	0.08347032070060623
04	0.01	49	2	0.08347032070060623
04	0.01	49	34	0.014944712475153533
04	0.01	49	74	0.014944712475153533
04	0.01	49	100	0.014944712475153533
04	0.01	49	37	0.013131019734293061
04	0.01	49	71	0.013131019734293061
04	0.01	49	82	0.013131019734293061
04	0.01	49	50	0.013131019734293061
04	0.01	49	30	0.013131019734293061
04	0.01	49	73	0.013131019734293061
04	0.01	49	69	0.010665791067737256
04	0.01	49	95	0.010665791067737256
04	0.01	49	42	0.010665791067737256
04	0.01	49	61	0.010665791067737256
04	0.01	49	14	0.010665791067737256
04	0.01	49	3	0.010665791067737256
04	0.01	49	93	0.010665791067737256
04	0.01	49	51	0.004339022852795941
04	0.01	50	0	0.09045420513444728
04	0.01	50	5	0.09045420513444728
04	0.01	50	2	0.09045420513444728
04	0.01	50	100	0.01752384098632285
04	0.01	50	74	0.01752384098632285
04	0.01	50	34	0.01752384098632285
04	0.01	50	71	0.01752384098632285
04	0.01	50	73	0.01752384098632285
04	0.01	50	50	0.01752384098632285
04	0.01	50	37	0.01752384098632285
04	0.01	50	42	0.0090261379406658
04	0.01	50	30	0.0090261379406658
04	0.01	50	14	0.0090261379406658
04	0.01	50	95	0.008636952358222533
04	0.01	50	3	0.00811501394898148
04	0.01	50	69	0.005730851117108301
04	0.01	50	51	0.005730851117108301
04	0.01	50	88	0.005730851117108301
04	0.01	50	93	0.00811501394898148
04	0.01	50	15	0.00811501394898148
04	0.01	50	61	0.00811501394898148
04	0.01	50	82	0.00811501394898148
04	0.01	50	68	0.00811501394898148
04	0.01	51	0	0.08068269390799049
04	0.01	51	5	0.08068269390799049
04	0.01	51	2	0.06138302737556235
04	0.01	51	100	0.02861537762150374
04	0.01	51	50	0.02861537762150374
04	0.01	51	34	0.016707625734965526
04	0.01	51	73	0.016023413988860445
04	0.01	51	37	0.016023413988860445
04	0.01	51	71	0.016023413988860445
04	0.01	51	14	0.016023413988860445
04	0.01	51	51	0.006723492475553938
04	0.01	51	25	0.008008947155457503
04	0.01	51	61	0.008008947155457503
04	0.01	51	42	0.006723492475553938
04	0.01	51	69	0.006723492475553938
04	0.01	51	93	0.008008947155457503
04	0.01	51	30	0.008008947155457503
04	0.01	51	15	0.008008947155457503
04	0.01	51	70	0.0008486403076870411
04	0.01	51	82	0.003369728918398227
04	0.01	51	68	0.003369728918398227
04	0.01	52	0	0.09529628687488004
04	0.01	52	5	0.09529628687488004
04	0.01	52	2	0.09529628687488004
04	0.01	52	100	0.015782688742715306
04	0.01	52	74	0.015782688742715306
04	0.01	52	34	0.015782688742715306
04	0.01	52	50	0.015782688742715306
04	0.01	52	71	0.015782688742715306
04	0.01	52	37	0.015782688742715306
04	0.01	52	82	0.015782688742715306
04	0.01	52	73	0.015782688742715306
04	0.01	52	69	0.015782688742715306
04	0.01	52	14	0.015782688742715306
04	0.01	52	30	0.015782688742715306
04	0.01	52	42	0.015782688742715306
04	0.01	52	3	0.014646728782173667
04	0.01	52	51	0.005890816436606408
04	0.01	52	68	0.005890816436606408
04	0.01	52	95	0.005890816436606408
04	0.01	52	93	0.0009987548076316782
04	0.01	53	0	0.09852801137837557
04	0.01	53	5	0.09852801137837557
04	0.01	53	2	0.09852801137837557
04	0.01	53	100	0.0290455581163054
04	0.01	53	82	0.010341412887739465
04	0.01	53	74	0.010341412887739465
04	0.01	53	14	0.010341412887739465
04	0.01	53	37	0.010341412887739465
04	0.01	53	34	0.010341412887739465
04	0.01	53	30	0.010341412887739465
04	0.01	53	73	0.010341412887739465
04	0.01	53	78	0.010341412887739465
04	0.01	53	50	0.010341412887739465
04	0.01	53	3	0.010341412887739465
04	0.01	53	95	0.010341412887739465
04	0.01	53	71	0.008618955182887838
04	0.01	53	42	0.010341412887739465
04	0.01	53	68	0.010341412887739465
04	0.01	53	61	0.0057050117746047565
04	0.01	53	51	0.003934240619202733
04	0.01	54	0	0.09287885566957907
04	0.01	54	5	0.09287885566957907
04	0.01	54	2	0.09287885566957907
04	0.01	54	34	0.0162576148516328
04	0.01	54	100	0.014371152728649776
04	0.01	54	71	0.014371152728649776
04	0.01	54	74	0.014371152728649776
04	0.01	54	73	0.014371152728649776
04	0.01	54	42	0.014371152728649776
04	0.01	54	82	0.014371152728649776
04	0.01	54	30	0.014371152728649776
04	0.01	54	37	0.014371152728649776
04	0.01	54	50	0.014371152728649776
04	0.01	54	93	0.009764810338811226
04	0.01	54	14	0.009759606131095383
04	0.01	54	95	0.007211674172068774
04	0.01	54	3	0.007211674172068774
04	0.01	54	68	0.007211674172068774
04	0.01	54	51	0.005074609078518995
04	0.01	54	78	0.004022492047878858
04	0.01	55	0	0.1141848546119711
04	0.01	55	2	0.1141848546119711
04	0.01	55	5	0.1141848546119711
04	0.01	55	34	0.01669140549489767
04	0.01	55	71	0.01669140549489767
04	0.01	55	73	0.01669140549489767
04	0.01	55	82	0.01669140549489767
04	0.01	55	100	0.01669140549489767
04	0.01	55	37	0.01669140549489767
04	0.01	55	74	0.01669140549489767
04	0.01	55	14	0.01669140549489767
04	0.01	55	3	0.01669140549489767
04	0.01	55	42	0.01669140549489767
04	0.01	55	30	0.01669140549489767
04	0.01	55	50	0.01669140549489767
04	0.01	55	95	0.01669140549489767
04	0.01	55	68	0.01669140549489767
04	0.01	55	69	0.01669140549489767
04	0.01	55	61	0.01669140549489767
04	0.01	55	93	0.007565403015939953
04	0.01	56	0	0.09438838077286121
04	0.01	56	5	0.09438838077286121
04	0.01	56	2	0.09438838077286121
04	0.01	56	71	0.02120656698087726
04	0.01	56	74	0.02752780288344579
04	0.01	56	100	0.02752780288344579
04	0.01	56	50	0.02120656698087726
04	0.01	56	34	0.013837618472457762
04	0.01	56	37	0.010820226684134359
04	0.01	56	73	0.010820226684134359
04	0.01	56	95	0.010820226684134359
04	0.01	56	82	0.010820226684134359
04	0.01	56	69	0.009127192999091342
04	0.01	56	78	0.009127192999091342
04	0.01	56	30	0.010820226684134359
04	0.01	56	14	0.010820226684134359
04	0.01	56	42	0.010820226684134359
04	0.01	56	3	0.008817587640390106
04	0.01	56	68	0.008817587640390106
04	0.01	56	83	0.009127192999091342
04	0.01	57	0	0.08760316985433678
04	0.01	57	5	0.08760316985433678
04	0.01	57	2	0.07614949955686347
04	0.01	57	100	0.024437962131472014
04	0.01	57	74	0.01781355264840436
04	0.01	57	34	0.016501175892342124
04	0.01	57	37	0.015760019452067488
04	0.01	57	71	0.015760019452067488
04	0.01	57	14	0.015760019452067488
04	0.01	57	73	0.015760019452067488
04	0.01	57	42	0.015760019452067488
04	0.01	57	51	0.012691152203356138
04	0.01	57	30	0.008056536312757061
04	0.01	57	95	0.008056536312757061
04	0.01	57	69	0.012691152203356138
04	0.01	57	50	0.012691152203356138
04	0.01	57	88	0.008931526268569643
04	0.01	57	3	0.008931526268569643
04	0.01	57	82	0.004117903241791039
04	0.01	57	81	0.001836801535208833
04	0.01	58	0	0.08543669465240275
04	0.01	58	5	0.08543669465240275
04	0.01	58	2	0.08543669465240275
04	0.01	58	100	0.019357006605989897
04	0.01	58	74	0.019357006605989897
04	0.01	58	34	0.019357006605989897
04	0.01	58	71	0.019357006605989897
04	0.01	58	50	0.019357006605989897
04	0.01	58	73	0.019357006605989897
04	0.01	58	82	0.019357006605989897
04	0.01	58	37	0.019357006605989897
04	0.01	58	69	0.019357006605989897
04	0.01	58	30	0.013554077465459223
04	0.01	58	14	0.019357006605989897
04	0.01	58	68	0.013554077465459223
04	0.01	58	51	0.006900229253129048
04	0.01	58	61	0.013554077465459223
04	0.01	58	3	0.013554077465459223
04	0.01	58	26	0.011056703983304793
04	0.01	58	15	0.011056703983304793
04	0.01	58	91	0.011056703983304793
04	0.01	59	0	0.13838070870253094
04	0.01	59	2	0.07430828809489462
04	0.01	59	5	0.07430828809489462
04	0.01	59	100	0.014268981263089122
04	0.01	59	34	0.014268981263089122
04	0.01	59	82	0.013033039217666464
04	0.01	59	30	0.013033039217666464
04	0.01	59	37	0.014268981263089122
04	0.01	59	71	0.014268981263089122
04	0.01	59	42	0.012429241069904354
04	0.01	59	93	0.011511027647664134
04	0.01	59	95	0.009959739034472444
04	0.01	59	15	0.009959739034472444
04	0.01	59	14	0.009959739034472444
04	0.01	59	74	0.005354437309612765
04	0.01	59	88	0.005354437309612765
04	0.01	59	51	0.005354437309612765
04	0.01	59	26	0.009959739034472444
04	0.01	59	91	0.009959739034472444
04	0.01	59	3	0.009959739034472444
04	0.01	59	25	0.009959739034472444
04	0.01	59	68	0.009959739034472444
04	0.01	59	72	0.009959739034472444
04	0.01	60	0	0.09138297867972837
04	0.01	60	2	0.09138297867972837
04	0.01	60	5	0.09138297867972837
04	0.01	60	100	0.02657674508490547
04	0.01	60	34	0.02657674508490547
04	0.01	60	71	0.02657674508490547
04	0.01	60	50	0.02657674508490547
04	0.01	60	30	0.01235518344095641
04	0.01	60	61	0.01235518344095641
04	0.01	60	14	0.01235518344095641
04	0.01	60	42	0.01235518344095641
04	0.01	60	69	0.00791689498386281
04	0.01	60	68	0.01235518344095641
04	0.01	60	95	0.01235518344095641
04	0.01	60	3	0.01235518344095641
04	0.01	60	37	0.01235518344095641
04	0.01	60	15	0.01235518344095641
04	0.01	60	88	0.00791689498386281
04	0.01	60	83	0.00791689498386281
04	0.01	60	74	0.00791689498386281
04	0.01	61	0	0.095542826970336
04	0.01	61	2	0.095542826970336
04	0.01	61	5	0.08176845996718686
04	0.01	61	100	0.02102892620960376
04	0.01	61	50	0.017565057979802883
04	0.01	61	74	0.017565057979802883
04	0.01	61	71	0.017565057979802883
04	0.01	61	42	0.017565057979802883
04	0.01	61	37	0.017565057979802883
04	0.01	61	34	0.017565057979802883
04	0.01	61	73	0.017565057979802883
04	0.01	61	82	0.017565057979802883
04	0.01	61	69	0.017565057979802883
04	0.01	61	61	0.016642044591884324
04	0.01	61	95	0.017565057979802883
04	0.01	61	30	0.017565057979802883
04	0.01	61	3	0.017565057979802883
04	0.01	61	14	0.017565057979802883
04	0.01	61	68	0.014772479741251357
04	0.01	61	93	0.001011888990263877
04	0.01	62	0	0.08986673598954714
04	0.01	62	2	0.08986673598954714
04	0.01	62	5	0.08986673598954714
04	0.01	62	100	0.014701214143966709
04	0.01	62	34	0.014701214143966709
04	0.01	62	37	0.014701214143966709
04	0.01	62	74	0.014701214143966709
04	0.01	62	50	0.014701214143966709
04	0.01	62	71	0.014701214143966709
04	0.01	62	82	0.011742216330361639
04	0.01	62	73	0.011742216330361639
04	0.01	62	69	0.011742216330361639
04	0.01	62	30	0.011742216330361639
04	0.01	62	14	0.011742216330361639
04	0.01	62	42	0.011742216330361639
04	0.01	62	3	0.010063705992106558
04	0.01	62	51	0.010063705992106558
04	0.01	62	95	0.010063705992106558
04	0.01	62	68	0.010063705992106558
04	0.01	62	15	0.0072321137064202115
04	0.01	63	0	0.10635242139025375
04	0.01	63	2	0.10635242139025375
04	0.01	63	5	0.10635242139025375
04	0.01	63	74	0.01181350831981478
04	0.01	63	71	0.01181350831981478
04	0.01	63	37	0.01181350831981478
04	0.01	63	73	0.01181350831981478
04	0.01	63	34	0.01181350831981478
04	0.01	63	100	0.01181350831981478
04	0.01	63	50	0.01181350831981478
04	0.01	63	42	0.01181350831981478
04	0.01	63	30	0.01181350831981478
04	0.01	63	14	0.009686273352446928
04	0.01	63	82	0.01181350831981478
04	0.01	63	95	0.0115674332987675
04	0.01	63	51	0.009408416475952861
04	0.01	63	68	0.009408416475952861
04	0.01	63	93	0.009686273352446928
04	0.01	63	61	0.009686273352446928
04	0.01	63	3	0.009686273352446928
04	0.01	64	0	0.10978433991564172
04	0.01	64	2	0.0696620417582983
04	0.01	64	5	0.0696620417582983
04	0.01	64	100	0.02693965060960139
04	0.01	64	74	0.02693965060960139
04	0.01	64	34	0.02693965060960139
04	0.01	64	71	0.02693965060960139
04	0.01	64	37	0.02693965060960139
04	0.01	64	73	0.02693965060960139
04	0.01	64	50	0.02693965060960139
04	0.01	64	82	0.02693965060960139
04	0.01	64	42	0.02693965060960139
04	0.01	64	30	0.02693965060960139
04	0.01	64	14	0.02693965060960139
04	0.01	64	95	0.02693965060960139
04	0.01	64	68	0.02693965060960139
04	0.01	64	78	0.0006555829538912687
04	0.01	64	61	0.02693965060960139
04	0.01	64	3	0.02693965060960139
04	0.01	64	25	0.009730451672313916
04	0.01	64	72	0.0015497133512118349
04	0.01	65	0	0.07442691098272422
04	0.01	65	5	0.07442691098272422
04	0.01	65	2	0.056207717081683616
04	0.01	65	100	0.03306386366689876
04	0.01	65	34	0.015017947046290775
04	0.01	65	14	0.015017947046290775
04	0.01	65	74	0.015017947046290775
04	0.01	65	73	0.015017947046290775
04	0.01	65	71	0.015017947046290775
04	0.01	65	37	0.015017947046290775
04	0.01	65	82	0.015017947046290775
04	0.01	65	30	0.015017947046290775
04	0.01	65	61	0.015017947046290775
04	0.01	65	95	0.0095611042297792
04	0.01	65	42	0.0095611042297792
04	0.01	65	68	0.0095611042297792
04	0.01	65	78	0.015017947046290775
04	0.01	65	51	0.015017947046290775
04	0.01	65	93	0.009265463109484761
04	0.01	65	50	0.00884393205657219
04	0.01	65	83	0.00884393205657219
04	0.01	65	88	0.00884393205657219
04	0.01	66	0	0.08840081273631202
04	0.01	66	2	0.08840081273631202
04	0.01	66	5	0.08840081273631202
04	0.01	66	100	0.015946339542069133
04	0.01	66	34	0.015946339542069133
04	0.01	66	74	0.015946339542069133
04	0.01	66	71	0.015946339542069133
04	0.01	66	37	0.015946339542069133
04	0.01	66	73	0.01528502385410361
04	0.01	66	30	0.01528502385410361
04	0.01	66	42	0.01528502385410361
04	0.01	66	50	0.01528502385410361
04	0.01	66	82	0.01528502385410361
04	0.01	66	14	0.01528502385410361
04	0.01	66	3	0.01528502385410361
04	0.01	66	69	0.013308789255372851
04	0.01	66	95	0.013308789255372851
04	0.01	66	78	0.0014095897008003981
04	0.01	66	61	0.011581203576469294
04	0.01	66	68	0.011581203576469294
04	0.01	66	15	0.001776206490718205
04	0.01	67	0	0.0779670244015998
04	0.01	67	5	0.0779670244015998
04	0.01	67	2	0.07417061364442425
04	0.01	67	34	0.033368866246075546
04	0.01	67	100	0.02127032053744022
04	0.01	67	71	0.02127032053744022
04	0.01	67	73	0.009201005858227692
04	0.01	67	82	0.009201005858227692
04	0.01	67	95	0.009201005858227692
04	0.01	67	74	0.009201005858227692
04	0.01	67	37	0.009201005858227692
04	0.01	67	42	0.009201005858227692
04	0.01	67	72	0.009201005858227692
04	0.01	67	93	0.009201005858227692
04	0.01	67	30	0.009201005858227692
04	0.01	67	61	0.009201005858227692
04	0.01	67	15	0.008406455673463849
04	0.01	67	69	0.002710325068959958
04	0.01	67	50	0.004129188385671045
04	0.01	67	3	0.004129188385671045
04	0.01	67	51	0.004129188385671045
04	0.01	67	14	0.004129188385671045
04	0.01	68	0	0.08827143782183691
04	0.01	68	2	0.08634003076913302
04	0.01	68	5	0.08634003076913302
04	0.01	68	34	0.015292189052773512
04	0.01	68	100	0.013318286021470283
04	0.01	68	74	0.013318286021470283
04	0.01	68	71	0.013318286021470283
04	0.01	68	37	0.013318286021470283
04	0.01	68	50	0.013318286021470283
04	0.01	68	42	0.013318286021470283
04	0.01	68	73	0.013318286021470283
04	0.01	68	82	0.013318286021470283
04	0.01	68	30	0.013318286021470283
04	0.01	68	14	0.013318286021470283
04	0.01	68	69	0.00895134389937738
04	0.01	68	3	0.0040382809393686905
04	0.01	68	51	0.003938907502540226
04	0.01	68	61	0.003938907502540226
04	0.01	68	95	0.003938907502540226
04	0.01	68	68	0.0023920001202441463
04	0.01	69	0	0.10618191851778742
04	0.01	69	2	0.10618191851778742
04	0.01	69	5	0.10618191851778742
04	0.01	69	34	0.014622547089812877
04	0.01	69	100	0.014622547089812877
04	0.01	69	50	0.014622547089812877
04	0.01	69	74	0.014622547089812877
04	0.01	69	30	0.014622547089812877
04	0.01	69	37	0.014622547089812877
04	0.01	69	71	0.014622547089812877
04	0.01	69	42	0.014622547089812877
04	0.01	69	61	0.009142584590408846
04	0.01	69	73	0.014622547089812877
04	0.01	69	14	0.014622547089812877
04	0.01	69	82	0.014622547089812877
04	0.01	69	51	0.005562596011054604
04	0.01	69	95	0.005562596011054604
04	0.01	69	3	0.005562596011054604
04	0.01	69	15	0.005562596011054604
04	0.01	69	68	0.005562596011054604
04	0.01	70	0	0.09878488186546083
04	0.01	70	5	0.09878488186546083
04	0.01	70	2	0.09878488186546083
04	0.01	70	100	0.012790881601205954
04	0.01	70	34	0.016338654110070357
04	0.01	70	37	0.012790881601205954
04	0.01	70	82	0.016338654110070357
04	0.01	70	30	0.016338654110070357
04	0.01	70	71	0.016338654110070357
04	0.01	70	42	0.012790881601205954
04	0.01	70	95	0.012790881601205954
04	0.01	70	74	0.012790881601205954
04	0.01	70	61	0.012790881601205954
04	0.01	70	15	0.012790881601205954
04	0.01	70	68	0.012790881601205954
04	0.01	70	73	0.012790881601205954
04	0.01	70	69	0.012790881601205954
04	0.01	70	3	0.012790881601205954
04	0.01	70	14	0.012790881601205954
04	0.01	70	50	0.012790881601205954
04	0.01	71	0	0.10491056608450133
04	0.01	71	5	0.09735133301677025
04	0.01	71	2	0.06448277893061335
04	0.01	71	34	0.014124162239609465
04	0.01	71	71	0.014124162239609465
04	0.01	71	100	0.014124162239609465
04	0.01	71	50	0.014124162239609465
04	0.01	71	37	0.014124162239609465
04	0.01	71	42	0.014124162239609465
04	0.01	71	74	0.014124162239609465
04	0.01	71	82	0.014124162239609465
04	0.01	71	30	0.014124162239609465
04	0.01	71	73	0.014124162239609465
04	0.01	71	14	0.014124162239609465
04	0.01	71	3	0.00882210194021849
04	0.01	71	61	0.00882210194021849
04	0.01	71	51	0.00882210194021849
04	0.01	71	68	0.00882210194021849
04	0.01	71	95	0.00882210194021849
04	0.01	71	93	0.00882210194021849
04	0.01	72	0	0.08993045352856222
04	0.01	72	2	0.08993045352856222
04	0.01	72	5	0.08993045352856222
04	0.01	72	34	0.018715449749928594
04	0.01	72	74	0.018715449749928594
04	0.01	72	100	0.018715449749928594
04	0.01	72	71	0.018715449749928594
04	0.01	72	50	0.018715449749928594
04	0.01	72	82	0.018715449749928594
04	0.01	72	73	0.018715449749928594
04	0.01	72	30	0.018715449749928594
04	0.01	72	42	0.018715449749928594
04	0.01	72	51	0.0013648489887891713
04	0.01	72	15	0.018715449749928594
04	0.01	72	61	0.018715449749928594
04	0.01	72	37	0.018715449749928594
04	0.01	72	14	0.018715449749928594
04	0.01	72	3	0.018715449749928594
04	0.01	72	93	0.0049580917486670316
04	0.01	72	25	0.0049580917486670316
04	0.01	73	0	0.08266515129797748
04	0.01	73	2	0.08219881874300995
04	0.01	73	5	0.08219881874300995
04	0.01	73	71	0.026267373753052516
04	0.01	73	34	0.026267373753052516
04	0.01	73	100	0.016267506842215566
04	0.01	73	74	0.016267506842215566
04	0.01	73	50	0.016267506842215566
04	0.01	73	73	0.016267506842215566
04	0.01	73	42	0.016267506842215566
04	0.01	73	37	0.016267506842215566
04	0.01	73	3	0.016267506842215566
04	0.01	73	30	0.016267506842215566
04	0.01	73	78	0.016267506842215566
04	0.01	73	95	0.016267506842215566
04	0.01	73	82	0.016267506842215566
04	0.01	73	83	0.0070851229333500155
04	0.01	73	26	0.0070851229333500155
04	0.01	73	69	0.005133236281135114
04	0.01	73	93	0.003880567523733729
04	0.01	73	72	0.003880567523733729
04	0.01	74	0	0.09911321992415034
04	0.01	74	2	0.08910167166457543
04	0.01	74	5	0.08910167166457543
04	0.01	74	74	0.017242442016184547
04	0.01	74	100	0.017242442016184547
04	0.01	74	34	0.017242442016184547
04	0.01	74	71	0.017242442016184547
04	0.01	74	82	0.017242442016184547
04	0.01	74	50	0.017242442016184547
04	0.01	74	73	0.010187591759324316
04	0.01	74	30	0.010187591759324316
04	0.01	74	14	0.010187591759324316
04	0.01	74	69	0.009039363164308327
04	0.01	74	42	0.010187591759324316
04	0.01	74	51	0.0046748070953495134
04	0.01	74	37	0.010187591759324316
04	0.01	74	95	0.010187591759324316
04	0.01	74	68	0.010187591759324316
04	0.01	74	15	0.010187591759324316
04	0.01	74	93	0.005513446331559177
04	0.01	75	0	0.13803971927994055
04	0.01	75	2	0.08963108663611352
04	0.01	75	5	0.08963108663611352
04	0.01	75	34	0.012560732377420235
04	0.01	75	37	0.012560732377420235
04	0.01	75	14	0.012560732377420235
04	0.01	75	30	0.012560732377420235
04	0.01	75	74	0.012560732377420235
04	0.01	75	71	0.012560732377420235
04	0.01	75	100	0.012560732377420235
04	0.01	75	61	0.012560732377420235
04	0.01	75	50	0.012560732377420235
04	0.01	75	69	0.005875433851409849
04	0.01	75	51	0.005875433851409849
04	0.01	75	68	0.005875433851409849
04	0.01	75	3	0.011525273437682455
04	0.01	75	42	0.011525273437682455
04	0.01	75	73	0.011525273437682455
04	0.01	75	82	0.011525273437682455
04	0.01	75	93	0.011525273437682455
04	0.01	75	26	0.011525273437682455
04	0.01	75	15	0.011525273437682455
04	0.01	76	0	0.10228223087800914
04	0.01	76	5	0.10228223087800914
04	0.01	76	2	0.10228223087800914
04	0.01	76	100	0.02357104174705217
04	0.01	76	74	0.012692536113414251
04	0.01	76	71	0.012692536113414251
04	0.01	76	34	0.012692536113414251
04	0.01	76	37	0.012692536113414251
04	0.01	76	50	0.012692536113414251
04	0.01	76	30	0.012692536113414251
04	0.01	76	69	0.012181872407117692
04	0.01	76	73	0.012692536113414251
04	0.01	76	42	0.012692536113414251
04	0.01	76	82	0.012181872407117692
04	0.01	76	3	0.010082928879706726
04	0.01	76	95	0.008795508485258959
04	0.01	76	78	0.0035339479270628756
04	0.01	76	61	0.005336414063090542
04	0.01	76	14	0.005336414063090542
04	0.01	76	15	0.005336414063090542
04	0.01	77	0	0.10279581143249161
04	0.01	77	5	0.10279581143249161
04	0.01	77	2	0.10279581143249161
04	0.01	77	34	0.018851897765489734
04	0.01	77	74	0.018851897765489734
04	0.01	77	100	0.018851897765489734
04	0.01	77	71	0.018851897765489734
04	0.01	77	73	0.018851897765489734
04	0.01	77	37	0.018851897765489734
04	0.01	77	50	0.018851897765489734
04	0.01	77	69	0.018851897765489734
04	0.01	77	42	0.018851897765489734
04	0.01	77	51	0.0064141943415162396
04	0.01	77	30	0.014311970720385916
04	0.01	77	14	0.014311970720385916
04	0.01	77	68	0.007656755634489855
04	0.01	77	3	0.007656755634489855
04	0.01	77	26	0.0064141943415162396
04	0.01	77	95	0.002699755541923678
04	0.01	77	61	0.002179309490711093
04	0.01	77	88	0.0064141943415162396
04	0.01	77	78	0.0064141943415162396
04	0.01	78	0	0.09451610987856031
04	0.01	78	5	0.09451610987856031
04	0.01	78	2	0.09451610987856031
04	0.01	78	100	0.01899642149932052
04	0.01	78	34	0.01860045741954001
04	0.01	78	71	0.01860045741954001
04	0.01	78	74	0.01860045741954001
04	0.01	78	37	0.01860045741954001
04	0.01	78	82	0.01860045741954001
04	0.01	78	73	0.01860045741954001
04	0.01	78	50	0.01860045741954001
04	0.01	78	30	0.016948026887747544
04	0.01	78	95	0.016948026887747544
04	0.01	78	14	0.016948026887747544
04	0.01	78	68	0.016948026887747544
04	0.01	78	61	0.016948026887747544
04	0.01	78	3	0.016948026887747544
04	0.01	78	42	0.016948026887747544
04	0.01	78	51	0.005090248972035576
04	0.01	78	93	0.0034726804218187138
04	0.01	79	0	0.0920369561864628
04	0.01	79	2	0.0920369561864628
04	0.01	79	5	0.0920369561864628
04	0.01	79	100	0.018623198582453142
04	0.01	79	34	0.014999060059882947
04	0.01	79	37	0.014999060059882947
04	0.01	79	74	0.014999060059882947
04	0.01	79	71	0.014999060059882947
04	0.01	79	42	0.014999060059882947
04	0.01	79	30	0.014999060059882947
04	0.01	79	82	0.014999060059882947
04	0.01	79	73	0.014999060059882947
04	0.01	79	50	0.014999060059882947
04	0.01	79	61	0.014999060059882947
04	0.01	79	14	0.014999060059882947
04	0.01	79	3	0.014999060059882947
04	0.01	79	69	0.013071707462052927
04	0.01	79	95	0.013071707462052927
04	0.01	79	15	0.007253410292003367
04	0.01	79	26	0.007253410292003367
04	0.01	80	0	0.09264259420238967
04	0.01	80	5	0.09264259420238967
04	0.01	80	2	0.09035713683602457
04	0.01	80	34	0.018777574068782967
04	0.01	80	37	0.018777574068782967
04	0.01	80	100	0.018777574068782967
04	0.01	80	73	0.018777574068782967
04	0.01	80	71	0.018777574068782967
04	0.01	80	82	0.018777574068782967
04	0.01	80	74	0.018777574068782967
04	0.01	80	14	0.018777574068782967
04	0.01	80	50	0.018777574068782967
04	0.01	80	61	0.018777574068782967
04	0.01	80	30	0.018777574068782967
04	0.01	80	3	0.018777574068782967
04	0.01	80	42	0.018777574068782967
04	0.01	80	95	0.018777574068782967
04	0.01	80	68	0.018777574068782967
04	0.01	80	51	0.007532138256596758
04	0.01	80	15	0.0022480879841344265
04	0.01	81	0	0.14126072486498342
04	0.01	81	5	0.09382026856326472
04	0.01	81	42	0.02492257808835319
04	0.01	81	100	0.018957169018348093
04	0.01	81	50	0.018957169018348093
04	0.01	81	34	0.015009379377522997
04	0.01	81	26	0.018957169018348093
04	0.01	81	61	0.018957169018348093
04	0.01	81	71	0.018957169018348093
04	0.01	81	37	0.015009379377522997
04	0.01	81	30	0.015009379377522997
04	0.01	81	73	0.015009379377522997
04	0.01	81	14	0.012441767652693532
04	0.01	81	93	0.007253948900029624
04	0.01	81	15	0.007253948900029624
04	0.01	81	72	0.007253948900029624
04	0.01	81	55	0.007253948900029624
04	0.01	81	7	0.004321975604573651
04	0.01	81	88	0.007253948900029624
04	0.01	81	51	0.007253948900029624
04	0.01	81	74	0.007253948900029624
04	0.01	82	0	0.08769756726434218
04	0.01	82	2	0.08769756726434218
04	0.01	82	5	0.08769756726434218
04	0.01	82	34	0.0130226989272799
04	0.01	82	100	0.0130226989272799
04	0.01	82	71	0.0130226989272799
04	0.01	82	74	0.0130226989272799
04	0.01	82	30	0.0130226989272799
04	0.01	82	37	0.0130226989272799
04	0.01	82	82	0.0130226989272799
04	0.01	82	42	0.0130226989272799
04	0.01	82	50	0.0130226989272799
04	0.01	82	69	0.0130226989272799
04	0.01	82	61	0.0130226989272799
04	0.01	82	73	0.0130226989272799
04	0.01	82	14	0.0130226989272799
04	0.01	82	95	0.0130226989272799
04	0.01	82	68	0.0130226989272799
04	0.01	82	51	0.008132149011398292
04	0.01	82	3	0.008132149011398292
04	0.01	83	0	0.1521055013352358
04	0.01	83	5	0.10832168030467533
04	0.01	83	100	0.01592120106210751
04	0.01	83	71	0.01592120106210751
04	0.01	83	2	0.01592120106210751
04	0.01	83	74	0.01592120106210751
04	0.01	83	82	0.01592120106210751
04	0.01	83	50	0.01592120106210751
04	0.01	83	34	0.01592120106210751
04	0.01	83	37	0.01592120106210751
04	0.01	83	42	0.01592120106210751
04	0.01	83	30	0.01592120106210751
04	0.01	83	69	0.01592120106210751
04	0.01	83	14	0.01592120106210751
04	0.01	83	61	0.01592120106210751
04	0.01	83	3	0.01592120106210751
04	0.01	83	26	0.006016512324404645
04	0.01	83	95	0.01592120106210751
04	0.01	83	93	0.01592120106210751
04	0.01	83	68	0.01592120106210751
04	0.01	84	0	0.09780153187973459
04	0.01	84	2	0.09780153187973459
04	0.01	84	5	0.09780153187973459
04	0.01	84	71	0.018079321260186375
04	0.01	84	37	0.018079321260186375
04	0.01	84	34	0.018079321260186375
04	0.01	84	100	0.018079321260186375
04	0.01	84	82	0.018079321260186375
04	0.01	84	74	0.018079321260186375
04	0.01	84	95	0.018079321260186375
04	0.01	84	3	0.018079321260186375
04	0.01	84	61	0.018079321260186375
04	0.01	84	14	0.018079321260186375
04	0.01	84	42	0.018079321260186375
04	0.01	84	30	0.018079321260186375
04	0.01	84	73	0.018079321260186375
04	0.01	84	50	0.018079321260186375
04	0.01	84	68	0.018079321260186375
04	0.01	84	69	0.018079321260186375
04	0.01	84	78	0.0032904859767727414
04	0.01	85	0	0.10542644845546692
04	0.01	85	5	0.10542644845546692
04	0.01	85	2	0.09337845515191025
04	0.01	85	100	0.015597095941224185
04	0.01	85	34	0.015597095941224185
04	0.01	85	71	0.015597095941224185
04	0.01	85	42	0.015597095941224185
04	0.01	85	73	0.015597095941224185
04	0.01	85	74	0.015597095941224185
04	0.01	85	82	0.015597095941224185
04	0.01	85	50	0.015597095941224185
04	0.01	85	37	0.015597095941224185
04	0.01	85	30	0.015597095941224185
04	0.01	85	14	0.011378073793878115
04	0.01	85	61	0.011378073793878115
04	0.01	85	93	0.011378073793878115
04	0.01	85	68	0.011378073793878115
04	0.01	85	3	0.011378073793878115
04	0.01	85	95	0.011378073793878115
04	0.01	85	15	0.011378073793878115
04	0.01	85	69	0.008742794401850402
04	0.01	85	78	0.008742794401850402
04	0.01	86	0	0.09420532205554526
04	0.01	86	2	0.09420532205554526
04	0.01	86	5	0.09420532205554526
04	0.01	86	100	0.018940818303183594
04	0.01	86	74	0.018940818303183594
04	0.01	86	50	0.018940818303183594
04	0.01	86	73	0.018940818303183594
04	0.01	86	82	0.018940818303183594
04	0.01	86	37	0.018940818303183594
04	0.01	86	34	0.018940818303183594
04	0.01	86	71	0.018940818303183594
04	0.01	86	69	0.018940818303183594
04	0.01	86	14	0.018940818303183594
04	0.01	86	30	0.018940818303183594
04	0.01	86	61	0.018940818303183594
04	0.01	86	51	0.008476337878871358
04	0.01	86	42	0.018940818303183594
04	0.01	86	68	0.018940818303183594
04	0.01	86	95	0.018940818303183594
04	0.01	86	75	0.0029422416947633124
04	0.01	86	72	0.0029422416947633124
04	0.01	87	0	0.1048760823254288
04	0.01	87	2	0.1048760823254288
04	0.01	87	5	0.1048760823254288
04	0.01	87	100	0.014641197382411167
04	0.01	87	34	0.014641197382411167
04	0.01	87	37	0.014641197382411167
04	0.01	87	74	0.014641197382411167
04	0.01	87	71	0.014641197382411167
04	0.01	87	50	0.009259449746850496
04	0.01	87	30	0.014641197382411167
04	0.01	87	42	0.014641197382411167
04	0.01	87	73	0.014641197382411167
04	0.01	87	61	0.008747808731642798
04	0.01	87	82	0.008414911134141527
04	0.01	87	14	0.008414911134141527
04	0.01	87	93	0.006038639125743978
04	0.01	87	95	0.006038639125743978
04	0.01	87	68	0.006038639125743978
04	0.01	87	3	0.006038639125743978
04	0.01	87	69	0.0004849803401803694
04	0.01	88	0	0.08075939611566761
04	0.01	88	5	0.08075939611566761
04	0.01	88	2	0.08075939611566761
04	0.01	88	100	0.03728883579061486
04	0.01	88	71	0.020908662141780113
04	0.01	88	34	0.015033100688917231
04	0.01	88	73	0.015033100688917231
04	0.01	88	37	0.015033100688917231
04	0.01	88	82	0.013851049533765656
04	0.01	88	50	0.015033100688917231
04	0.01	88	30	0.015033100688917231
04	0.01	88	14	0.015033100688917231
04	0.01	88	74	0.015033100688917231
04	0.01	88	93	0.008919810841942282
04	0.01	88	61	0.013851049533765656
04	0.01	88	95	0.013851049533765656
04	0.01	88	68	0.013851049533765656
04	0.01	88	42	0.013851049533765656
04	0.01	88	3	0.008919810841942282
04	0.01	88	78	0.0017424086465212259
04	0.01	89	0	0.0873052625064639
04	0.01	89	5	0.0873052625064639
04	0.01	89	2	0.0873052625064639
04	0.01	89	100	0.016101993621892966
04	0.01	89	34	0.016101993621892966
04	0.01	89	82	0.016101993621892966
04	0.01	89	71	0.016101993621892966
04	0.01	89	37	0.016101993621892966
04	0.01	89	74	0.016101993621892966
04	0.01	89	95	0.016101993621892966
04	0.01	89	73	0.016101993621892966
04	0.01	89	68	0.012389323524315444
04	0.01	89	50	0.014015719126057301
04	0.01	89	14	0.014015719126057301
04	0.01	89	30	0.014015719126057301
04	0.01	89	42	0.014015719126057301
04	0.01	89	3	0.014015719126057301
04	0.01	89	61	0.012389323524315444
04	0.01	89	78	0.007259047176540036
04	0.01	89	93	0.0010510507518836402
04	0.01	90	0	0.10685458456583002
04	0.01	90	2	0.10685458456583002
04	0.01	90	5	0.10685458456583002
04	0.01	90	34	0.01934008728774388
04	0.01	90	37	0.01934008728774388
04	0.01	90	82	0.01934008728774388
04	0.01	90	71	0.01934008728774388
04	0.01	90	14	0.015575284400813407
04	0.01	90	68	0.01934008728774388
04	0.01	90	100	0.01934008728774388
04	0.01	90	50	0.01934008728774388
04	0.01	90	73	0.01934008728774388
04	0.01	90	74	0.01934008728774388
04	0.01	90	42	0.015575284400813407
04	0.01	90	61	0.012073787047688522
04	0.01	90	93	0.012073787047688522
04	0.01	90	72	0.012073787047688522
04	0.01	90	69	0.004769806575933668
04	0.01	90	54	0.0036893070107679262
04	0.01	90	95	0.0017259389960514147
04	0.01	91	0	0.08164478062515505
04	0.01	91	2	0.08164478062515505
04	0.01	91	5	0.08164478062515505
04	0.01	91	34	0.02214638249640841
04	0.01	91	74	0.02214638249640841
04	0.01	91	100	0.02214638249640841
04	0.01	91	71	0.02214638249640841
04	0.01	91	42	0.012506081929251093
04	0.01	91	73	0.012506081929251093
04	0.01	91	82	0.012506081929251093
04	0.01	91	37	0.012506081929251093
04	0.01	91	69	0.012506081929251093
04	0.01	91	88	0.012506081929251093
04	0.01	91	78	0.012506081929251093
04	0.01	91	61	0.012506081929251093
04	0.01	91	30	0.012506081929251093
04	0.01	91	14	0.012506081929251093
04	0.01	91	3	0.012506081929251093
04	0.01	91	95	0.012506081929251093
04	0.01	91	68	0.00468832765556877
04	0.01	91	83	0.012506081929251093
04	0.01	92	0	0.0933664984926028
04	0.01	92	2	0.0933664984926028
04	0.01	92	5	0.0933664984926028
04	0.01	92	71	0.016302438615940437
04	0.01	92	37	0.016302438615940437
04	0.01	92	100	0.016302438615940437
04	0.01	92	34	0.016302438615940437
04	0.01	92	82	0.016302438615940437
04	0.01	92	74	0.016302438615940437
04	0.01	92	30	0.016302438615940437
04	0.01	92	73	0.016302438615940437
04	0.01	92	95	0.016302438615940437
04	0.01	92	3	0.016302438615940437
04	0.01	92	68	0.016302438615940437
04	0.01	92	14	0.016302438615940437
04	0.01	92	93	0.01482078363702059
04	0.01	92	50	0.01482078363702059
04	0.01	92	54	0.0018129054113803897
04	0.01	92	70	0.01482078363702059
04	0.01	92	75	0.01482078363702059
04	0.01	92	69	0.01482078363702059
04	0.01	93	0	0.0996287562583935
04	0.01	93	5	0.0996287562583935
04	0.01	93	2	0.09241270201000343
04	0.01	93	34	0.012816143388246621
04	0.01	93	100	0.012816143388246621
04	0.01	93	37	0.012816143388246621
04	0.01	93	71	0.012816143388246621
04	0.01	93	74	0.012816143388246621
04	0.01	93	14	0.012816143388246621
04	0.01	93	82	0.012816143388246621
04	0.01	93	50	0.012816143388246621
04	0.01	93	73	0.012816143388246621
04	0.01	93	42	0.012816143388246621
04	0.01	93	30	0.012397669089276508
04	0.01	93	69	0.012816143388246621
04	0.01	93	61	0.012816143388246621
04	0.01	93	3	0.012816143388246621
04	0.01	93	95	0.012397669089276508
04	0.01	93	68	0.009220128989203278
04	0.01	93	26	0.00429863603096639
04	0.01	94	0	0.09660211378296796
04	0.01	94	5	0.09660211378296796
04	0.01	94	2	0.09660211378296796
04	0.01	94	100	0.014530909036896444
04	0.01	94	74	0.014530909036896444
04	0.01	94	71	0.014530909036896444
04	0.01	94	34	0.01383254040485495
04	0.01	94	50	0.010609129244756058
04	0.01	94	73	0.008268384343222123
04	0.01	94	82	0.010609129244756058
04	0.01	94	37	0.010609129244756058
04	0.01	94	69	0.010609129244756058
04	0.01	94	30	0.008268384343222123
04	0.01	94	14	0.007642755554493427
04	0.01	94	95	0.007642755554493427
04	0.01	94	51	0.007642755554493427
04	0.01	94	42	0.007642755554493427
04	0.01	94	61	0.007642755554493427
04	0.01	94	68	0.007642755554493427
04	0.01	94	3	0.007642755554493427
04	0.01	95	0	0.09271650441041539
04	0.01	95	2	0.09271650441041539
04	0.01	95	5	0.08940113018235545
04	0.01	95	34	0.020112210758625546
04	0.01	95	71	0.020112210758625546
04	0.01	95	82	0.020112210758625546
04	0.01	95	100	0.019481685492905805
04	0.01	95	74	0.019481685492905805
04	0.01	95	50	0.019481685492905805
04	0.01	95	14	0.019481685492905805
04	0.01	95	95	0.010386895327720429
04	0.01	95	37	0.010386895327720429
04	0.01	95	3	0.005834397828049545
04	0.01	95	42	0.010386895327720429
04	0.01	95	93	0.010386895327720429
04	0.01	95	68	0.010386895327720429
04	0.01	95	61	0.005834397828049545
04	0.01	95	73	0.010386895327720429
04	0.01	95	30	0.010386895327720429
04	0.01	95	25	0.006299872157028269
04	0.01	95	51	0.005834397828049545
04	0.01	96	0	0.10498300783783109
04	0.01	96	5	0.104181036959748
04	0.01	96	2	0.104181036959748
04	0.01	96	100	0.01702734273028555
04	0.01	96	71	0.01702734273028555
04	0.01	96	34	0.01702734273028555
04	0.01	96	73	0.01702734273028555
04	0.01	96	50	0.01702734273028555
04	0.01	96	74	0.01702734273028555
04	0.01	96	37	0.01702734273028555
04	0.01	96	14	0.01702734273028555
04	0.01	96	42	0.01702734273028555
04	0.01	96	30	0.01702734273028555
04	0.01	96	61	0.01702734273028555
04	0.01	96	68	0.01702734273028555
04	0.01	96	69	0.01702734273028555
04	0.01	96	78	0.01702734273028555
04	0.01	96	51	0.01702734273028555
04	0.01	96	3	0.01702734273028555
04	0.01	96	81	0.01702734273028555
04	0.01	97	0	0.10686280570842963
04	0.01	97	2	0.08932757641608254
04	0.01	97	5	0.08932757641608254
04	0.01	97	100	0.016434559556412136
04	0.01	97	74	0.016434559556412136
04	0.01	97	34	0.016434559556412136
04	0.01	97	50	0.016434559556412136
04	0.01	97	71	0.016434559556412136
04	0.01	97	37	0.016434559556412136
04	0.01	97	42	0.016434559556412136
04	0.01	97	30	0.016434559556412136
04	0.01	97	14	0.016434559556412136
04	0.01	97	3	0.016434559556412136
04	0.01	97	61	0.016434559556412136
04	0.01	97	73	0.016434559556412136
04	0.01	97	82	0.013116395217571825
04	0.01	97	69	0.009189039025417001
04	0.01	97	95	0.005729522603870216
04	0.01	97	51	0.005729522603870216
04	0.01	97	78	0.005729522603870216
04	0.01	98	0	0.08832143447567373
04	0.01	98	2	0.08832143447567373
04	0.01	98	5	0.08832143447567373
04	0.01	98	100	0.02973989428448494
04	0.01	98	74	0.016889469996771822
04	0.01	98	71	0.016889469996771822
04	0.01	98	34	0.016889469996771822
04	0.01	98	82	0.016889469996771822
04	0.01	98	37	0.016889469996771822
04	0.01	98	95	0.01658027287408048
04	0.01	98	73	0.016889469996771822
04	0.01	98	50	0.016889469996771822
04	0.01	98	69	0.00945797187953538
04	0.01	98	30	0.01658027287408048
04	0.01	98	61	0.01658027287408048
04	0.01	98	42	0.01658027287408048
04	0.01	98	3	0.01658027287408048
04	0.01	98	68	0.01658027287408048
04	0.01	98	14	0.01658027287408048
04	0.01	98	72	0.00945797187953538
04	0.01	99	0	0.09349224021803565
04	0.01	99	2	0.09349224021803565
04	0.01	99	5	0.09349224021803565
04	0.01	99	100	0.029091486373600973
04	0.01	99	71	0.014409489224823244
04	0.01	99	82	0.014409489224823244
04	0.01	99	73	0.014409489224823244
04	0.01	99	37	0.014409489224823244
04	0.01	99	74	0.014409489224823244
04	0.01	99	78	0.014409489224823244
04	0.01	99	69	0.014409489224823244
04	0.01	99	50	0.014409489224823244
04	0.01	99	14	0.006074324858176013
04	0.01	99	30	0.014409489224823244
04	0.01	99	51	0.014409489224823244
04	0.01	99	88	0.014409489224823244
04	0.01	99	81	0.014409489224823244
04	0.01	99	95	0.014409489224823244
04	0.01	99	3	0.006074324858176013
04	0.01	99	42	0.006074324858176013
04	0.01	100	0	0.09624025789449066
04	0.01	100	2	0.09624025789449066
04	0.01	100	5	0.09624025789449066
04	0.01	100	34	0.024366647334721218
04	0.01	100	71	0.024366647334721218
04	0.01	100	100	0.024366647334721218
04	0.01	100	37	0.024366647334721218
04	0.01	100	42	0.024366647334721218
04	0.01	100	30	0.024366647334721218
04	0.01	100	73	0.024366647334721218
04	0.01	100	82	0.024366647334721218
04	0.01	100	14	0.024366647334721218
04	0.01	100	95	0.024366647334721218
04	0.01	100	3	0.024366647334721218
04	0.01	100	61	0.024366647334721218
04	0.01	100	50	0.024366647334721218
04	0.01	100	74	0.024366647334721218
04	0.01	100	51	0.0049803127825250705
04	0.01	100	15	0.003716635951052621
04	0.01	100	69	0.003716635951052621
04	0.1	1	0	0.0906746295403443
04	0.1	1	50	0.027144449271987805
04	0.1	1	5	0.07800128150188824
04	0.1	1	2	0.07800128150188824
04	0.1	1	82	0.03166126036290096
04	0.1	1	95	0.03166126036290096
04	0.1	1	42	0.03166126036290096
04	0.1	1	26	0.027144449271987805
04	0.1	1	78	0.027144449271987805
04	0.1	1	61	0.027144449271987805
04	0.1	1	74	0.027144449271987805
04	0.1	1	30	0.027144449271987805
04	0.1	1	54	0.009681909312973845
04	0.1	1	72	0.009681909312973845
04	0.1	1	88	0.009681909312973845
04	0.1	1	37	0.027144449271987805
04	0.1	1	35	0.027144449271987805
04	0.1	1	93	0.027144449271987805
04	0.1	1	25	0.027144449271987805
04	0.1	1	24	0.027144449271987805
04	0.1	1	91	0.027144449271987805
04	0.1	1	96	0.027144449271987805
04	0.1	1	4	0.027144449271987805
04	0.1	2	0	0.09595644790589285
04	0.1	2	5	0.08682524502636813
04	0.1	2	2	0.04558216848681114
04	0.1	2	95	0.018518193618619082
04	0.1	2	37	0.018518193618619082
04	0.1	2	69	0.01687245842832372
04	0.1	2	100	0.01687245842832372
04	0.1	2	68	0.018518193618619082
04	0.1	2	82	0.018518193618619082
04	0.1	2	42	0.018518193618619082
04	0.1	2	30	0.015802761637666304
04	0.1	2	15	0.015802761637666304
04	0.1	2	25	0.015802761637666304
04	0.1	2	26	0.015802761637666304
04	0.1	2	50	0.015802761637666304
04	0.1	2	74	0.015802761637666304
04	0.1	2	51	0.015802761637666304
04	0.1	2	88	0.015802761637666304
04	0.1	2	83	0.015802761637666304
04	0.1	2	61	0.012384364440712703
04	0.1	2	81	0.00609396782910867
04	0.1	3	0	0.1009002488051947
04	0.1	3	14	0.04478583217894774
04	0.1	3	100	0.02278523323934948
04	0.1	3	74	0.02278523323934948
04	0.1	3	71	0.02278523323934948
04	0.1	3	73	0.02278523323934948
04	0.1	3	51	0.02278523323934948
04	0.1	3	15	0.02278523323934948
04	0.1	3	30	0.02278523323934948
04	0.1	3	37	0.02278523323934948
04	0.1	3	75	0.02278523323934948
04	0.1	3	72	0.02278523323934948
04	0.1	3	25	0.009571456633867503
04	0.1	3	54	0.009571456633867503
04	0.1	3	62	0.02278523323934948
04	0.1	3	69	0.02278523323934948
04	0.1	3	88	0.02278523323934948
04	0.1	3	95	0.02278523323934948
04	0.1	3	78	0.02278523323934948
04	0.1	3	50	0.02278523323934948
04	0.1	3	97	0.010229054640502024
04	0.1	3	48	0.009144231173740441
04	0.1	4	0	0.15112918286239416
04	0.1	4	2	0.06389971101302651
04	0.1	4	71	0.007673409313582943
04	0.1	4	5	0.061809853404851664
04	0.1	4	42	0.061809853404851664
04	0.1	4	15	0.008033764324571578
04	0.1	4	73	0.008033764324571578
04	0.1	4	3	0.008033764324571578
04	0.1	4	68	0.007673409313582943
04	0.1	4	30	0.007673409313582943
04	0.1	4	37	0.007673409313582943
04	0.1	4	26	0.006125235177838606
04	0.1	4	50	0.007673409313582943
04	0.1	4	100	0.007673409313582943
04	0.1	4	74	0.007673409313582943
04	0.1	4	82	0.007673409313582943
04	0.1	4	81	0.007673409313582943
04	0.1	4	51	0.007673409313582943
04	0.1	4	78	0.007673409313582943
04	0.1	4	90	0.004014813416395584
04	0.1	5	0	0.0875132166960816
04	0.1	5	2	0.0875132166960816
04	0.1	5	5	0.07185257316449073
04	0.1	5	100	0.0162000458640345
04	0.1	5	50	0.0162000458640345
04	0.1	5	34	0.0162000458640345
04	0.1	5	37	0.0162000458640345
04	0.1	5	42	0.0162000458640345
04	0.1	5	81	0.01179978260544662
04	0.1	5	82	0.0162000458640345
04	0.1	5	71	0.0162000458640345
04	0.1	5	74	0.0162000458640345
04	0.1	5	73	0.0162000458640345
04	0.1	5	14	0.0162000458640345
04	0.1	5	3	0.0162000458640345
04	0.1	5	61	0.01179978260544662
04	0.1	5	15	0.01179978260544662
04	0.1	5	69	0.010002360377800983
04	0.1	5	44	0.01179978260544662
04	0.1	5	95	0.01179978260544662
04	0.1	5	26	0.01179978260544662
04	0.1	6	0	0.11126463726079847
04	0.1	6	2	0.11126463726079847
04	0.1	6	100	0.023432132812504745
04	0.1	6	5	0.023432132812504745
04	0.1	6	25	0.023432132812504745
04	0.1	6	42	0.023432132812504745
04	0.1	6	34	0.023432132812504745
04	0.1	6	74	0.023432132812504745
04	0.1	6	71	0.023432132812504745
04	0.1	6	68	0.012690041598294682
04	0.1	6	88	0.008977994511276196
04	0.1	6	95	0.007824313400392649
04	0.1	6	49	0.007824313400392649
04	0.1	6	61	0.007824313400392649
04	0.1	6	15	0.007824313400392649
04	0.1	6	30	0.007824313400392649
04	0.1	6	24	0.007824313400392649
04	0.1	6	91	0.007300834538121565
04	0.1	6	83	0.007300834538121565
04	0.1	6	14	0.0033160303175362644
04	0.1	7	0	0.09336030039596803
04	0.1	7	5	0.09336030039596803
04	0.1	7	2	0.09336030039596803
04	0.1	7	34	0.017418882758198244
04	0.1	7	71	0.017418882758198244
04	0.1	7	37	0.017418882758198244
04	0.1	7	30	0.014577089711147276
04	0.1	7	74	0.015590935801182003
04	0.1	7	100	0.015590935801182003
04	0.1	7	73	0.015590935801182003
04	0.1	7	82	0.014577089711147276
04	0.1	7	14	0.014577089711147276
04	0.1	7	42	0.014577089711147276
04	0.1	7	50	0.00653469041421444
04	0.1	7	3	0.014577089711147276
04	0.1	7	61	0.014577089711147276
04	0.1	7	68	0.014577089711147276
04	0.1	7	72	0.00653469041421444
04	0.1	7	78	0.00653469041421444
04	0.1	7	51	0.00270256720992754
04	0.1	8	5	0.04263253848792508
04	0.1	8	100	0.03392223154878162
04	0.1	8	2	0.03392223154878162
04	0.1	8	42	0.03392223154878162
04	0.1	8	51	0.01609170005215145
04	0.1	8	74	0.01609170005215145
04	0.1	8	71	0.01609170005215145
04	0.1	8	30	0.011098041260511428
04	0.1	8	15	0.01609170005215145
04	0.1	8	73	0.01609170005215145
04	0.1	8	88	0.01609170005215145
04	0.1	8	61	0.01609170005215145
04	0.1	8	72	0.01609170005215145
04	0.1	8	62	0.006195204195244257
04	0.1	8	90	0.007556801107050497
04	0.1	8	77	0.007556801107050497
04	0.1	8	95	0.007556801107050497
04	0.1	8	48	0.005062046254811818
04	0.1	8	55	0.005062046254811818
04	0.1	8	7	0.005062046254811818
04	0.1	8	78	0.007556801107050497
04	0.1	8	81	0.007556801107050497
04	0.1	8	60	0.007556801107050497
04	0.1	8	50	0.007556801107050497
04	0.1	9	2	0.0521360689754951
04	0.1	9	5	0.035413497043918225
04	0.1	9	30	0.03052967239531385
04	0.1	9	100	0.035413497043918225
04	0.1	9	0	0.035413497043918225
04	0.1	9	78	0.01845071072876914
04	0.1	9	42	0.03052967239531385
04	0.1	9	14	0.03052967239531385
04	0.1	9	26	0.03052967239531385
04	0.1	9	34	0.03052967239531385
04	0.1	9	3	0.03052967239531385
04	0.1	9	82	0.00881182072087615
04	0.1	9	61	0.00881182072087615
04	0.1	9	73	0.00881182072087615
04	0.1	9	15	0.00881182072087615
04	0.1	9	81	0.00881182072087615
04	0.1	9	83	0.00881182072087615
04	0.1	9	84	0.0077916007955046345
04	0.1	9	50	0.0077916007955046345
04	0.1	9	93	0.004029972487851903
04	0.1	10	0	0.10471699104546946
04	0.1	10	2	0.04534065110590228
04	0.1	10	5	0.04461627947962226
04	0.1	10	34	0.025492260354038607
04	0.1	10	30	0.025492260354038607
04	0.1	10	15	0.025492260354038607
04	0.1	10	14	0.01665698316190432
04	0.1	10	82	0.01665698316190432
04	0.1	10	42	0.01665698316190432
04	0.1	10	55	0.01665698316190432
04	0.1	10	25	0.01665698316190432
04	0.1	10	51	0.004706109050161821
04	0.1	10	24	0.01665698316190432
04	0.1	10	95	0.01665698316190432
04	0.1	10	26	0.01665698316190432
04	0.1	10	68	0.01665698316190432
04	0.1	10	37	0.01665698316190432
04	0.1	10	99	0.01665698316190432
04	0.1	10	9	0.01665698316190432
04	0.1	10	100	0.004706109050161821
04	0.1	11	0	0.08013668253374924
04	0.1	11	5	0.08013668253374924
04	0.1	11	2	0.08013668253374924
04	0.1	11	100	0.034262980396258094
04	0.1	11	82	0.01945920389312195
04	0.1	11	42	0.01945920389312195
04	0.1	11	50	0.01945920389312195
04	0.1	11	74	0.01945920389312195
04	0.1	11	95	0.01945920389312195
04	0.1	11	71	0.01945920389312195
04	0.1	11	73	0.01945920389312195
04	0.1	11	34	0.01945920389312195
04	0.1	11	37	0.01945920389312195
04	0.1	11	69	0.015925939269808887
04	0.1	11	88	0.015925939269808887
04	0.1	11	3	0.01945920389312195
04	0.1	11	14	0.005644901235771061
04	0.1	11	61	0.015925939269808887
04	0.1	11	78	0.015925939269808887
04	0.1	11	15	0.015925939269808887
04	0.1	12	0	0.09140962706535632
04	0.1	12	2	0.09140962706535632
04	0.1	12	5	0.08031223604118888
04	0.1	12	34	0.01998602556304638
04	0.1	12	100	0.02073034766425478
04	0.1	12	71	0.02073034766425478
04	0.1	12	50	0.02073034766425478
04	0.1	12	74	0.009355791557989176
04	0.1	12	37	0.01998602556304638
04	0.1	12	42	0.01998602556304638
04	0.1	12	82	0.01998602556304638
04	0.1	12	3	0.01998602556304638
04	0.1	12	94	0.014555775339775916
04	0.1	12	30	0.014555775339775916
04	0.1	12	14	0.014555775339775916
04	0.1	12	15	0.014555775339775916
04	0.1	12	7	0.014555775339775916
04	0.1	12	51	0.009355791557989176
04	0.1	12	73	0.009355791557989176
04	0.1	12	26	0.008052533418690897
04	0.1	13	0	0.09009948733201979
04	0.1	13	5	0.08114786128448226
04	0.1	13	2	0.08114786128448226
04	0.1	13	100	0.015190965493231451
04	0.1	13	30	0.015190965493231451
04	0.1	13	71	0.015190965493231451
04	0.1	13	37	0.015190965493231451
04	0.1	13	82	0.014984980955086618
04	0.1	13	74	0.014984980955086618
04	0.1	13	34	0.015190965493231451
04	0.1	13	73	0.015190965493231451
04	0.1	13	42	0.015190965493231451
04	0.1	13	50	0.014984980955086618
04	0.1	13	51	0.012231070080909548
04	0.1	13	14	0.012231070080909548
04	0.1	13	93	0.005998377757426631
04	0.1	13	88	0.007161476835526638
04	0.1	13	68	0.007161476835526638
04	0.1	13	69	0.007161476835526638
04	0.1	13	54	0.005998377757426631
04	0.1	13	61	0.005998377757426631
04	0.1	13	15	0.005998377757426631
04	0.1	13	26	0.0020436946486150063
04	0.1	14	0	0.11561084756989787
04	0.1	14	2	0.09793579810106169
04	0.1	14	5	0.09793579810106169
04	0.1	14	100	0.018695363213056825
04	0.1	14	50	0.018695363213056825
04	0.1	14	73	0.018695363213056825
04	0.1	14	71	0.018695363213056825
04	0.1	14	37	0.017696077998879893
04	0.1	14	34	0.017696077998879893
04	0.1	14	42	0.017696077998879893
04	0.1	14	82	0.017696077998879893
04	0.1	14	69	0.017696077998879893
04	0.1	14	74	0.017696077998879893
04	0.1	14	3	0.017696077998879893
04	0.1	14	30	0.017696077998879893
04	0.1	14	14	0.017696077998879893
04	0.1	14	61	0.017696077998879893
04	0.1	14	72	0.003795818614758045
04	0.1	14	68	0.0016914405317457809
04	0.1	14	51	0.003795818614758045
04	0.1	14	15	0.003795818614758045
04	0.1	15	0	0.07808420802308705
04	0.1	15	5	0.07808420802308705
04	0.1	15	2	0.07808420802308705
04	0.1	15	100	0.04854758082690501
04	0.1	15	34	0.04364245255566765
04	0.1	15	78	0.022533328410657603
04	0.1	15	74	0.022533328410657603
04	0.1	15	71	0.022533328410657603
04	0.1	15	37	0.022533328410657603
04	0.1	15	15	0.022533328410657603
04	0.1	15	42	0.022533328410657603
04	0.1	15	82	0.010715544572372681
04	0.1	15	50	0.022533328410657603
04	0.1	15	51	0.022533328410657603
04	0.1	15	69	0.022533328410657603
04	0.1	15	14	0.00742715825115692
04	0.1	15	24	0.00742715825115692
04	0.1	15	88	0.00742715825115692
04	0.1	15	3	0.00742715825115692
04	0.1	15	55	0.007063922800622021
04	0.1	15	73	0.007063922800622021
04	0.1	16	0	0.11687973987208064
04	0.1	16	5	0.11687973987208064
04	0.1	16	2	0.11687973987208064
04	0.1	16	34	0.013143854157885547
04	0.1	16	37	0.011632630040906273
04	0.1	16	42	0.011596464888624536
04	0.1	16	3	0.010389734617643743
04	0.1	16	72	0.009036336553302457
04	0.1	16	100	0.009036336553302457
04	0.1	16	14	0.009036336553302457
04	0.1	16	73	0.009036336553302457
04	0.1	16	68	0.009036336553302457
04	0.1	16	24	0.005733664612749036
04	0.1	16	54	0.005733664612749036
04	0.1	16	74	0.009036336553302457
04	0.1	16	82	0.009036336553302457
04	0.1	16	69	0.009036336553302457
04	0.1	16	51	0.0047986148006101985
04	0.1	16	30	0.0033111973389324434
04	0.1	16	25	0.0033111973389324434
04	0.1	17	0	0.09596690477243247
04	0.1	17	5	0.08520003750805924
04	0.1	17	2	0.08520003750805924
04	0.1	17	74	0.01733996381534593
04	0.1	17	34	0.01733996381534593
04	0.1	17	100	0.01733996381534593
04	0.1	17	50	0.01733996381534593
04	0.1	17	42	0.01733996381534593
04	0.1	17	82	0.01733996381534593
04	0.1	17	30	0.01733996381534593
04	0.1	17	71	0.01733996381534593
04	0.1	17	61	0.01733996381534593
04	0.1	17	81	0.01733996381534593
04	0.1	17	55	0.004904292204848287
04	0.1	17	73	0.01046685983727511
04	0.1	17	14	0.01046685983727511
04	0.1	17	3	0.006461757093443876
04	0.1	17	93	0.006461757093443876
04	0.1	17	68	0.00556560026740122
04	0.1	17	70	0.004904292204848287
04	0.1	17	88	0.004904292204848287
04	0.1	18	0	0.11844195856032366
04	0.1	18	2	0.11844195856032366
04	0.1	18	5	0.11844195856032366
04	0.1	18	73	0.017289174709492088
04	0.1	18	42	0.017289174709492088
04	0.1	18	26	0.01132700585326623
04	0.1	18	24	0.01132700585326623
04	0.1	18	34	0.01708070763611487
04	0.1	18	54	0.008154269994656748
04	0.1	18	71	0.01708070763611487
04	0.1	18	74	0.01708070763611487
04	0.1	18	100	0.01708070763611487
04	0.1	18	50	0.01708070763611487
04	0.1	18	37	0.01708070763611487
04	0.1	18	82	0.01708070763611487
04	0.1	18	78	0.01708070763611487
04	0.1	18	51	0.0020494322839844942
04	0.1	18	7	0.008154269994656748
04	0.1	18	14	0.008154269994656748
04	0.1	18	44	0.0017298896199238695
04	0.1	19	0	0.0887515796686401
04	0.1	19	5	0.0887515796686401
04	0.1	19	2	0.0887515796686401
04	0.1	19	100	0.04350199478151372
04	0.1	19	74	0.024036425200462893
04	0.1	19	50	0.024036425200462893
04	0.1	19	34	0.018488792730330727
04	0.1	19	71	0.005883468660778468
04	0.1	19	42	0.003776595691551131
04	0.1	19	30	0.007834377603544395
04	0.1	19	37	0.012607088472301494
04	0.1	19	3	0.012607088472301494
04	0.1	19	82	0.012607088472301494
04	0.1	19	73	0.012607088472301494
04	0.1	19	95	0.012607088472301494
04	0.1	19	61	0.012607088472301494
04	0.1	19	14	0.012607088472301494
04	0.1	19	93	0.012607088472301494
04	0.1	19	72	0.007834377603544395
04	0.1	19	69	0.003776595691551131
04	0.1	20	0	0.10669263321097926
04	0.1	20	2	0.10669263321097926
04	0.1	20	5	0.10669263321097926
04	0.1	20	73	0.015926627275770756
04	0.1	20	30	0.015926627275770756
04	0.1	20	37	0.015926627275770756
04	0.1	20	42	0.015926627275770756
04	0.1	20	15	0.015926627275770756
04	0.1	20	71	0.015926627275770756
04	0.1	20	93	0.013529690846711833
04	0.1	20	100	0.015926627275770756
04	0.1	20	50	0.015926627275770756
04	0.1	20	74	0.015926627275770756
04	0.1	20	25	0.00977928910762817
04	0.1	20	82	0.013529690846711833
04	0.1	20	69	0.013529690846711833
04	0.1	20	68	0.013529690846711833
04	0.1	20	14	0.013529690846711833
04	0.1	20	81	0.013529690846711833
04	0.1	20	26	0.000382016229781864
04	0.1	21	0	0.11888140420768008
04	0.1	21	5	0.06992944666027458
04	0.1	21	2	0.06992944666027458
04	0.1	21	100	0.027600601997584524
04	0.1	21	50	0.027600601997584524
04	0.1	21	14	0.027600601997584524
04	0.1	21	37	0.027600601997584524
04	0.1	21	30	0.027600601997584524
04	0.1	21	71	0.027600601997584524
04	0.1	21	82	0.027600601997584524
04	0.1	21	91	0.027600601997584524
04	0.1	21	34	0.027600601997584524
04	0.1	21	42	0.027600601997584524
04	0.1	21	75	0.010803424848299478
04	0.1	21	69	0.010803424848299478
04	0.1	21	81	0.010803424848299478
04	0.1	21	61	0.0028104598549883704
04	0.1	21	44	0.010803424848299478
04	0.1	21	68	0.010803424848299478
04	0.1	21	70	0.002841990959930662
04	0.1	21	74	0.002841990959930662
04	0.1	22	0	0.0998284176204877
04	0.1	22	5	0.0998284176204877
04	0.1	22	2	0.0998284176204877
04	0.1	22	100	0.021770471497001464
04	0.1	22	50	0.021770471497001464
04	0.1	22	71	0.010494245945727447
04	0.1	22	34	0.010494245945727447
04	0.1	22	69	0.010494245945727447
04	0.1	22	37	0.010494245945727447
04	0.1	22	82	0.010494245945727447
04	0.1	22	42	0.010494245945727447
04	0.1	22	30	0.010494245945727447
04	0.1	22	95	0.008688374308189568
04	0.1	22	51	0.006088536805896465
04	0.1	22	68	0.0073118143137410885
04	0.1	22	14	0.0073118143137410885
04	0.1	22	73	0.0073118143137410885
04	0.1	22	26	0.003849944672635499
04	0.1	22	88	0.005391557640944657
04	0.1	22	78	0.005391557640944657
04	0.1	22	74	0.005391557640944657
04	0.1	23	0	0.09947251620503825
04	0.1	23	2	0.09947251620503825
04	0.1	23	5	0.09947251620503825
04	0.1	23	100	0.0193929575067688
04	0.1	23	74	0.0193929575067688
04	0.1	23	34	0.01662497382295972
04	0.1	23	42	0.008453823666388246
04	0.1	23	69	0.011196527815577204
04	0.1	23	71	0.011196527815577204
04	0.1	23	50	0.011196527815577204
04	0.1	23	82	0.011196527815577204
04	0.1	23	68	0.011196527815577204
04	0.1	23	30	0.008453823666388246
04	0.1	23	93	0.0016264429165431854
04	0.1	23	3	0.008453823666388246
04	0.1	23	15	0.008453823666388246
04	0.1	23	26	0.008453823666388246
04	0.1	23	14	0.008453823666388246
04	0.1	23	25	0.008453823666388246
04	0.1	23	61	0.008132006955641346
04	0.1	24	0	0.10923397659572286
04	0.1	24	5	0.04804418426361697
04	0.1	24	2	0.04804418426361697
04	0.1	24	74	0.022667514521323665
04	0.1	24	50	0.022667514521323665
04	0.1	24	34	0.022667514521323665
04	0.1	24	71	0.016721644803097187
04	0.1	24	81	0.011228710771530676
04	0.1	24	78	0.011228710771530676
04	0.1	24	82	0.016721644803097187
04	0.1	24	95	0.016721644803097187
04	0.1	24	68	0.016721644803097187
04	0.1	24	30	0.016721644803097187
04	0.1	24	42	0.016721644803097187
04	0.1	24	24	0.016107557130075306
04	0.1	24	3	0.016107557130075306
04	0.1	24	14	0.016107557130075306
04	0.1	24	88	0.009441375565869782
04	0.1	24	73	0.009441375565869782
04	0.1	24	100	0.003258771929949132
04	0.1	25	0	0.04222941055009927
04	0.1	25	2	0.04222941055009927
04	0.1	25	5	0.04222941055009927
04	0.1	25	34	0.04222941055009927
04	0.1	25	37	0.023833597445514967
04	0.1	25	82	0.018929510665944605
04	0.1	25	30	0.018929510665944605
04	0.1	25	42	0.018929510665944605
04	0.1	25	100	0.018929510665944605
04	0.1	25	50	0.018929510665944605
04	0.1	25	15	0.014251575893020785
04	0.1	25	73	0.014251575893020785
04	0.1	25	94	0.014251575893020785
04	0.1	25	61	0.014251575893020785
04	0.1	25	44	0.0069736694579669726
04	0.1	25	25	0.004462551599230422
04	0.1	25	3	0.013833730514551956
04	0.1	25	14	0.013833730514551956
04	0.1	25	95	0.013833730514551956
04	0.1	25	68	0.013833730514551956
04	0.1	25	74	0.013833730514551956
04	0.1	25	71	0.013833730514551956
04	0.1	26	0	0.13915994585036506
04	0.1	26	2	0.06398731477240424
04	0.1	26	69	0.04530658522553388
04	0.1	26	5	0.02139742793382325
04	0.1	26	95	0.02139742793382325
04	0.1	26	71	0.02139742793382325
04	0.1	26	82	0.02139742793382325
04	0.1	26	30	0.01093519544609937
04	0.1	26	34	0.01093519544609937
04	0.1	26	3	0.01093519544609937
04	0.1	26	61	0.01093519544609937
04	0.1	26	73	0.01093519544609937
04	0.1	26	51	0.01093519544609937
04	0.1	26	88	0.01093519544609937
04	0.1	26	93	0.01093519544609937
04	0.1	26	37	0.01093519544609937
04	0.1	26	42	0.01093519544609937
04	0.1	26	68	0.01093519544609937
04	0.1	26	14	0.01093519544609937
04	0.1	26	15	0.008907606416391132
04	0.1	26	24	0.005416310036053907
04	0.1	27	0	0.09893376511110585
04	0.1	27	5	0.07719812104314056
04	0.1	27	2	0.06835060634704468
04	0.1	27	3	0.012601552358324037
04	0.1	27	71	0.014846289818420896
04	0.1	27	34	0.014846289818420896
04	0.1	27	37	0.014846289818420896
04	0.1	27	50	0.012601552358324037
04	0.1	27	95	0.012601552358324037
04	0.1	27	100	0.012601552358324037
04	0.1	27	14	0.012601552358324037
04	0.1	27	42	0.012601552358324037
04	0.1	27	69	0.012601552358324037
04	0.1	27	51	0.012601552358324037
04	0.1	27	73	0.012601552358324037
04	0.1	27	68	0.012601552358324037
04	0.1	27	74	0.012601552358324037
04	0.1	27	26	0.012601552358324037
04	0.1	27	78	0.009289035327135603
04	0.1	27	61	0.012601552358324037
04	0.1	27	82	0.012601552358324037
04	0.1	28	0	0.08398312958426049
04	0.1	28	2	0.08398312958426049
04	0.1	28	34	0.027133582795559073
04	0.1	28	100	0.03687421314573961
04	0.1	28	5	0.03687421314573961
04	0.1	28	30	0.01910742591556256
04	0.1	28	73	0.01910742591556256
04	0.1	28	25	0.01910742591556256
04	0.1	28	61	0.01910742591556256
04	0.1	28	74	0.017809696748489923
04	0.1	28	93	0.017809696748489923
04	0.1	28	68	0.017809696748489923
04	0.1	28	78	0.017809696748489923
04	0.1	28	50	0.017809696748489923
04	0.1	28	42	0.017809696748489923
04	0.1	28	3	0.017809696748489923
04	0.1	28	72	0.017809696748489923
04	0.1	28	69	0.006599336079169803
04	0.1	28	37	0.001629461511116627
04	0.1	28	92	0.001629461511116627
04	0.1	29	0	0.09372741508630784
04	0.1	29	2	0.07875404317501439
04	0.1	29	5	0.06976216412782506
04	0.1	29	71	0.022048258235446257
04	0.1	29	34	0.022048258235446257
04	0.1	29	100	0.022048258235446257
04	0.1	29	74	0.022048258235446257
04	0.1	29	3	0.01580314497173756
04	0.1	29	37	0.01580314497173756
04	0.1	29	82	0.01580314497173756
04	0.1	29	50	0.01580314497173756
04	0.1	29	68	0.01580314497173756
04	0.1	29	73	0.01580314497173756
04	0.1	29	61	0.01580314497173756
04	0.1	29	78	0.013390665426266754
04	0.1	29	30	0.01580314497173756
04	0.1	29	14	0.01580314497173756
04	0.1	29	15	0.008937538488301738
04	0.1	29	93	0.008937538488301738
04	0.1	29	51	0.008937538488301738
04	0.1	30	0	0.11952447539991289
04	0.1	30	2	0.05972693368480219
04	0.1	30	5	0.03409189538104069
04	0.1	30	100	0.027601764242298037
04	0.1	30	50	0.016481839446217547
04	0.1	30	42	0.016481839446217547
04	0.1	30	71	0.016481839446217547
04	0.1	30	74	0.016481839446217547
04	0.1	30	30	0.016481839446217547
04	0.1	30	37	0.016481839446217547
04	0.1	30	82	0.012241894180496638
04	0.1	30	68	0.012241894180496638
04	0.1	30	61	0.016481839446217547
04	0.1	30	70	0.016481839446217547
04	0.1	30	14	0.016481839446217547
04	0.1	30	3	0.012241894180496638
04	0.1	30	88	0.007284841467362665
04	0.1	30	83	0.007284841467362665
04	0.1	30	15	0.012241894180496638
04	0.1	30	84	0.012241894180496638
04	0.1	30	34	0.012241894180496638
04	0.1	30	7	0.012241894180496638
04	0.1	31	0	0.07689673364868224
04	0.1	31	2	0.07689673364868224
04	0.1	31	5	0.07689673364868224
04	0.1	31	100	0.03802871646023747
04	0.1	31	34	0.012309220786408387
04	0.1	31	74	0.012309220786408387
04	0.1	31	95	0.012309220786408387
04	0.1	31	37	0.01223658570387195
04	0.1	31	30	0.009998366335119465
04	0.1	31	71	0.009998366335119465
04	0.1	31	73	0.009529126200595373
04	0.1	31	3	0.006436769368849784
04	0.1	31	14	0.006436769368849784
04	0.1	31	72	0.005592525476307148
04	0.1	31	50	0.006436769368849784
04	0.1	31	81	0.006436769368849784
04	0.1	31	61	0.0030879782997979685
04	0.1	31	68	0.005592525476307148
04	0.1	31	93	0.005592525476307148
04	0.1	31	51	0.0030879782997979685
04	0.1	32	0	0.0871524248707433
04	0.1	32	5	0.0871524248707433
04	0.1	32	2	0.04422896870289153
04	0.1	32	100	0.04422896870289153
04	0.1	32	82	0.039959901758448324
04	0.1	32	50	0.027569275571156224
04	0.1	32	61	0.01388466757419004
04	0.1	32	75	0.01388466757419004
04	0.1	32	88	0.027569275571156224
04	0.1	32	84	0.01351533457707748
04	0.1	32	34	0.027569275571156224
04	0.1	32	73	0.027569275571156224
04	0.1	32	3	0.027569275571156224
04	0.1	32	37	0.027569275571156224
04	0.1	32	74	0.01698938051367277
04	0.1	32	44	0.016944477185967182
04	0.1	32	72	0.01351533457707748
04	0.1	32	70	0.008759203692066855
04	0.1	32	15	0.005263841637054374
04	0.1	32	83	0.005263841637054374
04	0.1	32	48	0.005263841637054374
04	0.1	32	51	0.005263841637054374
04	0.1	33	0	0.09238364984068334
04	0.1	33	2	0.0770531216683081
04	0.1	33	34	0.03818538419162139
04	0.1	33	71	0.022396616122501514
04	0.1	33	74	0.022396616122501514
04	0.1	33	50	0.022396616122501514
04	0.1	33	73	0.022396616122501514
04	0.1	33	30	0.022396616122501514
04	0.1	33	14	0.022396616122501514
04	0.1	33	78	0.02221494972976211
04	0.1	33	42	0.02221494972976211
04	0.1	33	61	0.02221494972976211
04	0.1	33	26	0.005617540910593651
04	0.1	33	100	0.02221494972976211
04	0.1	33	95	0.02221494972976211
04	0.1	33	88	0.02221494972976211
04	0.1	33	75	0.012634623313410673
04	0.1	33	70	0.012634623313410673
04	0.1	33	62	0.003917044047121252
04	0.1	33	93	0.003917044047121252
04	0.1	33	83	0.005617540910593651
04	0.1	33	3	0.005617540910593651
04	0.1	34	0	0.09508973900506361
04	0.1	34	5	0.06410942890139681
04	0.1	34	2	0.06410942890139681
04	0.1	34	37	0.015106075190498674
04	0.1	34	30	0.013424059893597799
04	0.1	34	74	0.013424059893597799
04	0.1	34	95	0.013424059893597799
04	0.1	34	71	0.013424059893597799
04	0.1	34	61	0.013424059893597799
04	0.1	34	73	0.013424059893597799
04	0.1	34	68	0.011853489205659111
04	0.1	34	42	0.011853489205659111
04	0.1	34	26	0.011853489205659111
04	0.1	34	34	0.011853489205659111
04	0.1	34	14	0.011853489205659111
04	0.1	34	100	0.0026593553843668096
04	0.1	34	25	0.011853489205659111
04	0.1	34	84	0.011853489205659111
04	0.1	34	93	0.011853489205659111
04	0.1	34	72	0.011853489205659111
04	0.1	34	15	0.007194018287663555
04	0.1	35	0	0.0847258236759712
04	0.1	35	5	0.0847258236759712
04	0.1	35	2	0.06810607945214696
04	0.1	35	34	0.04304182727763393
04	0.1	35	37	0.04304182727763393
04	0.1	35	82	0.014020793997022106
04	0.1	35	71	0.014656640879927879
04	0.1	35	74	0.014656640879927879
04	0.1	35	50	0.012350383372814562
04	0.1	35	73	0.012350383372814562
04	0.1	35	95	0.012350383372814562
04	0.1	35	42	0.012350383372814562
04	0.1	35	3	0.012350383372814562
04	0.1	35	14	0.012350383372814562
04	0.1	35	30	0.012350383372814562
04	0.1	35	83	0.012350383372814562
04	0.1	35	69	0.012350383372814562
04	0.1	35	61	0.012350383372814562
04	0.1	35	81	0.012350383372814562
04	0.1	35	72	0.004298487009692007
04	0.1	36	0	0.12805304205236165
04	0.1	36	5	0.07307053540169407
04	0.1	36	2	0.07307053540169407
04	0.1	36	100	0.027756285434439254
04	0.1	36	50	0.01787999186534204
04	0.1	36	73	0.027651603702799985
04	0.1	36	30	0.027651603702799985
04	0.1	36	25	0.027651603702799985
04	0.1	36	34	0.014706432464022031
04	0.1	36	15	0.014706432464022031
04	0.1	36	9	0.014706432464022031
04	0.1	36	95	0.008525714741672614
04	0.1	36	69	0.008525714741672614
04	0.1	36	88	0.008525714741672614
04	0.1	36	97	0.008525714741672614
04	0.1	36	92	0.008525714741672614
04	0.1	36	14	0.008525714741672614
04	0.1	36	24	0.008525714741672614
04	0.1	36	91	0.008525714741672614
04	0.1	36	68	0.008525714741672614
04	0.1	37	0	0.12988678290854283
04	0.1	37	2	0.043013741221225255
04	0.1	37	82	0.019186608260420245
04	0.1	37	73	0.019186608260420245
04	0.1	37	50	0.019186608260420245
04	0.1	37	34	0.019186608260420245
04	0.1	37	30	0.019186608260420245
04	0.1	37	14	0.019186608260420245
04	0.1	37	68	0.019186608260420245
04	0.1	37	81	0.01874137550430945
04	0.1	37	51	0.01874137550430945
04	0.1	37	74	0.01874137550430945
04	0.1	37	83	0.01874137550430945
04	0.1	37	54	0.013945719360168012
04	0.1	37	93	0.013945719360168012
04	0.1	37	95	0.013945719360168012
04	0.1	37	92	0.009130870961451237
04	0.1	37	75	0.009130870961451237
04	0.1	37	72	0.009130870961451237
04	0.1	37	94	0.004391060266097978
04	0.1	38	0	0.11250709692284942
04	0.1	38	2	0.11250709692284942
04	0.1	38	5	0.04104202639107345
04	0.1	38	34	0.0213029114473891
04	0.1	38	74	0.0213029114473891
04	0.1	38	37	0.0213029114473891
04	0.1	38	93	0.0213029114473891
04	0.1	38	42	0.0213029114473891
04	0.1	38	71	0.0213029114473891
04	0.1	38	73	0.0213029114473891
04	0.1	38	30	0.0213029114473891
04	0.1	38	82	0.0213029114473891
04	0.1	38	95	0.0213029114473891
04	0.1	38	100	0.0213029114473891
04	0.1	38	50	0.0213029114473891
04	0.1	38	68	0.0213029114473891
04	0.1	38	25	0.006866314358452351
04	0.1	38	81	0.0026412985918439526
04	0.1	38	54	0.0025472882219536776
04	0.1	38	61	0.0013267845232727315
04	0.1	39	0	0.10331752842598925
04	0.1	39	2	0.08890358099943048
04	0.1	39	100	0.028615797434427617
04	0.1	39	74	0.015047413279432466
04	0.1	39	34	0.015047413279432466
04	0.1	39	71	0.015047413279432466
04	0.1	39	5	0.015047413279432466
04	0.1	39	95	0.015047413279432466
04	0.1	39	61	0.015047413279432466
04	0.1	39	14	0.015047413279432466
04	0.1	39	75	0.015047413279432466
04	0.1	39	82	0.015047413279432466
04	0.1	39	69	0.015047413279432466
04	0.1	39	91	0.015047413279432466
04	0.1	39	70	0.015047413279432466
04	0.1	39	44	0.015047413279432466
04	0.1	39	30	0.015047413279432466
04	0.1	39	87	0.0026522798875683175
04	0.1	39	37	0.015047413279432466
04	0.1	39	88	0.015047413279432466
04	0.1	39	73	0.004929344296774056
04	0.1	40	0	0.1028069430319969
04	0.1	40	2	0.1028069430319969
04	0.1	40	5	0.1028069430319969
04	0.1	40	30	0.013542415692454209
04	0.1	40	95	0.013542415692454209
04	0.1	40	100	0.013542415692454209
04	0.1	40	14	0.013542415692454209
04	0.1	40	42	0.013542415692454209
04	0.1	40	3	0.013542415692454209
04	0.1	40	68	0.013542415692454209
04	0.1	40	61	0.013542415692454209
04	0.1	40	34	0.013542415692454209
04	0.1	40	88	0.013542415692454209
04	0.1	40	83	0.013542415692454209
04	0.1	40	74	0.013542415692454209
04	0.1	40	81	0.005797373158102638
04	0.1	40	91	0.010775337688497448
04	0.1	40	44	0.010775337688497448
04	0.1	40	54	0.0016389710253420678
04	0.1	40	51	0.002976743145897273
04	0.1	40	55	0.002976743145897273
04	0.1	41	0	0.079092954019493
04	0.1	41	5	0.0688886469435193
04	0.1	41	2	0.06278864937674129
04	0.1	41	73	0.024384594197286585
04	0.1	41	37	0.023656708050354178
04	0.1	41	74	0.023656708050354178
04	0.1	41	71	0.023656708050354178
04	0.1	41	30	0.023656708050354178
04	0.1	41	72	0.00760023007265103
04	0.1	41	93	0.00760023007265103
04	0.1	41	42	0.00760023007265103
04	0.1	41	54	0.00760023007265103
04	0.1	41	100	0.011281447896642422
04	0.1	41	82	0.011281447896642422
04	0.1	41	14	0.011281447896642422
04	0.1	41	95	0.011281447896642422
04	0.1	41	3	0.011281447896642422
04	0.1	41	88	0.011281447896642422
04	0.1	41	26	0.008874273840331955
04	0.1	41	15	0.008874273840331955
04	0.1	41	69	0.007502101637260007
04	0.1	41	84	0.00760023007265103
04	0.1	41	61	0.00760023007265103
04	0.1	42	0	0.10954088399647047
04	0.1	42	2	0.10954088399647047
04	0.1	42	5	0.10954088399647047
04	0.1	42	14	0.010937002044473123
04	0.1	42	37	0.026453593687087367
04	0.1	42	73	0.026453593687087367
04	0.1	42	34	0.026453593687087367
04	0.1	42	100	0.010937002044473123
04	0.1	42	61	0.010790825435985401
04	0.1	42	68	0.010790825435985401
04	0.1	42	30	0.010790825435985401
04	0.1	42	3	0.010937002044473123
04	0.1	42	42	0.010937002044473123
04	0.1	42	82	0.010937002044473123
04	0.1	42	50	0.010790825435985401
04	0.1	42	72	0.004743499425780267
04	0.1	42	25	0.004743499425780267
04	0.1	42	93	0.004743499425780267
04	0.1	42	69	0.010790825435985401
04	0.1	42	95	0.010790825435985401
04	0.1	42	74	0.010790825435985401
04	0.1	42	71	0.010790825435985401
04	0.1	43	0	0.11825455644699572
04	0.1	43	2	0.0850459307570808
04	0.1	43	5	0.0850459307570808
04	0.1	43	34	0.020536102369704896
04	0.1	43	37	0.020536102369704896
04	0.1	43	42	0.020536102369704896
04	0.1	43	93	0.015743094809315846
04	0.1	43	25	0.015743094809315846
04	0.1	43	61	0.015743094809315846
04	0.1	43	71	0.015743094809315846
04	0.1	43	100	0.015743094809315846
04	0.1	43	50	0.015743094809315846
04	0.1	43	82	0.015743094809315846
04	0.1	43	74	0.015743094809315846
04	0.1	43	95	0.015743094809315846
04	0.1	43	88	0.015743094809315846
04	0.1	43	3	0.015743094809315846
04	0.1	43	91	0.015743094809315846
04	0.1	43	78	0.006699209997229366
04	0.1	43	60	0.015743094809315846
04	0.1	43	73	0.015743094809315846
04	0.1	44	0	0.0974186632226121
04	0.1	44	2	0.08551890837066832
04	0.1	44	5	0.08551890837066832
04	0.1	44	34	0.030030087308682257
04	0.1	44	100	0.030030087308682257
04	0.1	44	42	0.030030087308682257
04	0.1	44	95	0.030030087308682257
04	0.1	44	50	0.030030087308682257
04	0.1	44	71	0.030030087308682257
04	0.1	44	14	0.030030087308682257
04	0.1	44	37	0.030030087308682257
04	0.1	44	74	0.030030087308682257
04	0.1	44	68	0.010083104364077495
04	0.1	44	15	0.010083104364077495
04	0.1	44	73	0.010083104364077495
04	0.1	44	93	0.010083104364077495
04	0.1	44	82	0.007559646907310493
04	0.1	44	81	0.007559646907310493
04	0.1	44	51	0.007559646907310493
04	0.1	44	3	0.004228865079115548
04	0.1	45	0	0.10515274980415133
04	0.1	45	2	0.10515274980415133
04	0.1	45	5	0.10515274980415133
04	0.1	45	71	0.025806764198539122
04	0.1	45	100	0.025806764198539122
04	0.1	45	34	0.025806764198539122
04	0.1	45	37	0.025806764198539122
04	0.1	45	42	0.025806764198539122
04	0.1	45	82	0.025806764198539122
04	0.1	45	95	0.025806764198539122
04	0.1	45	61	0.025806764198539122
04	0.1	45	68	0.025806764198539122
04	0.1	45	73	0.025806764198539122
04	0.1	45	74	0.025806764198539122
04	0.1	45	50	0.025806764198539122
04	0.1	45	30	0.025806764198539122
04	0.1	45	3	0.025806764198539122
04	0.1	45	14	0.025806764198539122
04	0.1	45	69	0.0043086602082935055
04	0.1	45	93	0.0014064098014271499
04	0.1	46	0	0.07873329386898786
04	0.1	46	2	0.07138755235634434
04	0.1	46	5	0.07138755235634434
04	0.1	46	34	0.03437923133223184
04	0.1	46	15	0.01855210554316043
04	0.1	46	74	0.01855210554316043
04	0.1	46	100	0.01855210554316043
04	0.1	46	71	0.01855210554316043
04	0.1	46	14	0.01855210554316043
04	0.1	46	69	0.01855210554316043
04	0.1	46	51	0.011708644861987883
04	0.1	46	37	0.012563026414488539
04	0.1	46	30	0.012563026414488539
04	0.1	46	72	0.008129457315741584
04	0.1	46	78	0.011708644861987883
04	0.1	46	75	0.008129457315741584
04	0.1	46	42	0.011708644861987883
04	0.1	46	50	0.011708644861987883
04	0.1	46	88	0.011708644861987883
04	0.1	46	82	0.011708644861987883
04	0.1	47	0	0.12020373719316602
04	0.1	47	2	0.11491648223593423
04	0.1	47	5	0.11491648223593423
04	0.1	47	100	0.02801943654355942
04	0.1	47	73	0.01620400934020853
04	0.1	47	34	0.01620400934020853
04	0.1	47	71	0.01620400934020853
04	0.1	47	30	0.01620400934020853
04	0.1	47	3	0.01620400934020853
04	0.1	47	37	0.01620400934020853
04	0.1	47	50	0.01620400934020853
04	0.1	47	74	0.01620400934020853
04	0.1	47	93	0.01620400934020853
04	0.1	47	82	0.01620400934020853
04	0.1	47	15	0.013248518045097956
04	0.1	47	95	0.013248518045097956
04	0.1	47	25	0.013248518045097956
04	0.1	47	54	0.0018949949562763121
04	0.1	47	81	0.007132518739023301
04	0.1	47	78	0.007132518739023301
04	0.1	47	69	0.007132518739023301
04	0.1	47	42	0.007132518739023301
04	0.1	47	83	0.007132518739023301
04	0.1	48	2	0.05758474248819363
04	0.1	48	5	0.07646847375275519
04	0.1	48	0	0.07646847375275519
04	0.1	48	37	0.02051475195220285
04	0.1	48	100	0.019373837964990835
04	0.1	48	74	0.019143807725874935
04	0.1	48	71	0.014481493234103911
04	0.1	48	78	0.014481493234103911
04	0.1	48	51	0.014481493234103911
04	0.1	48	30	0.014481493234103911
04	0.1	48	34	0.014481493234103911
04	0.1	48	14	0.014481493234103911
04	0.1	48	82	0.014047465951246807
04	0.1	48	42	0.014481493234103911
04	0.1	48	61	0.014481493234103911
04	0.1	48	24	0.014047465951246807
04	0.1	48	3	0.011605505380562885
04	0.1	48	95	0.014047465951246807
04	0.1	48	50	0.011753100106586645
04	0.1	48	88	0.011753100106586645
04	0.1	49	0	0.08334781312725872
04	0.1	49	5	0.08334781312725872
04	0.1	49	2	0.08256754032481306
04	0.1	49	34	0.014772305002933597
04	0.1	49	30	0.014772305002933597
04	0.1	49	100	0.014489187421999086
04	0.1	49	69	0.011010268782617535
04	0.1	49	74	0.014489187421999086
04	0.1	49	82	0.014489187421999086
04	0.1	49	95	0.011010268782617535
04	0.1	49	61	0.011010268782617535
04	0.1	49	14	0.011010268782617535
04	0.1	49	73	0.011010268782617535
04	0.1	49	37	0.011010268782617535
04	0.1	49	50	0.011010268782617535
04	0.1	49	81	0.007233647164290093
04	0.1	49	25	0.011010268782617535
04	0.1	49	15	0.011010268782617535
04	0.1	49	42	0.011010268782617535
04	0.1	49	71	0.011010268782617535
04	0.1	49	3	0.011010268782617535
04	0.1	50	0	0.08512795752579473
04	0.1	50	5	0.08512795752579473
04	0.1	50	2	0.08512795752579473
04	0.1	50	71	0.033732763570709104
04	0.1	50	100	0.015380223778882648
04	0.1	50	95	0.015380223778882648
04	0.1	50	42	0.015380223778882648
04	0.1	50	34	0.015380223778882648
04	0.1	50	50	0.015380223778882648
04	0.1	50	30	0.015380223778882648
04	0.1	50	37	0.015380223778882648
04	0.1	50	74	0.015380223778882648
04	0.1	50	14	0.009676844733956217
04	0.1	50	26	0.0091385915013245
04	0.1	50	25	0.0091385915013245
04	0.1	50	15	0.005835288333006492
04	0.1	50	81	0.004384709290350371
04	0.1	50	69	0.004384709290350371
04	0.1	50	73	0.005835288333006492
04	0.1	50	93	0.005835288333006492
04	0.1	50	91	0.0029722455122829757
04	0.1	50	88	0.004384709290350371
04	0.1	50	51	0.004384709290350371
04	0.1	51	0	0.09276526009814504
04	0.1	51	5	0.05889380391737105
04	0.1	51	2	0.03721464965092381
04	0.1	51	100	0.031761506692607515
04	0.1	51	50	0.031761506692607515
04	0.1	51	34	0.031761506692607515
04	0.1	51	73	0.031761506692607515
04	0.1	51	14	0.031761506692607515
04	0.1	51	93	0.031761506692607515
04	0.1	51	88	0.009966345648119048
04	0.1	51	69	0.009966345648119048
04	0.1	51	84	0.009966345648119048
04	0.1	51	70	0.009966345648119048
04	0.1	51	25	0.009966345648119048
04	0.1	51	71	0.009966345648119048
04	0.1	51	75	0.009966345648119048
04	0.1	51	15	0.009966345648119048
04	0.1	51	44	0.00446124095608
04	0.1	51	87	0.00446124095608
04	0.1	51	68	0.009966345648119048
04	0.1	51	42	0.009966345648119048
04	0.1	52	0	0.09225372614482516
04	0.1	52	2	0.09225372614482516
04	0.1	52	5	0.09225372614482516
04	0.1	52	100	0.028197213129251993
04	0.1	52	34	0.019325809156840366
04	0.1	52	50	0.019325809156840366
04	0.1	52	74	0.019325809156840366
04	0.1	52	71	0.01584730357268487
04	0.1	52	82	0.012477128213610536
04	0.1	52	73	0.01584730357268487
04	0.1	52	42	0.01584730357268487
04	0.1	52	30	0.01584730357268487
04	0.1	52	37	0.01584730357268487
04	0.1	52	14	0.01584730357268487
04	0.1	52	3	0.012477128213610536
04	0.1	52	69	0.003653955778509509
04	0.1	52	93	0.012477128213610536
04	0.1	52	15	0.012477128213610536
04	0.1	52	72	0.012477128213610536
04	0.1	52	81	0.003653955778509509
04	0.1	52	68	0.012477128213610536
04	0.1	52	88	0.003653955778509509
04	0.1	52	26	0.012477128213610536
04	0.1	53	0	0.09880515577757333
04	0.1	53	5	0.09880515577757333
04	0.1	53	2	0.09029900162983175
04	0.1	53	100	0.012378543315505143
04	0.1	53	82	0.016367928172873625
04	0.1	53	14	0.016367928172873625
04	0.1	53	95	0.016367928172873625
04	0.1	53	68	0.016367928172873625
04	0.1	53	73	0.016367928172873625
04	0.1	53	78	0.012378543315505143
04	0.1	53	37	0.011879340309578417
04	0.1	53	30	0.005221300719573378
04	0.1	53	50	0.011879340309578417
04	0.1	53	51	0.011879340309578417
04	0.1	53	88	0.011879340309578417
04	0.1	53	61	0.011879340309578417
04	0.1	53	74	0.005221300719573378
04	0.1	53	81	0.004221885399391327
04	0.1	53	3	0.005221300719573378
04	0.1	53	25	0.005221300719573378
04	0.1	53	7	0.005221300719573378
04	0.1	54	0	0.09108558692649228
04	0.1	54	5	0.09108558692649228
04	0.1	54	2	0.09108558692649228
04	0.1	54	34	0.016691027400929336
04	0.1	54	73	0.016691027400929336
04	0.1	54	42	0.016691027400929336
04	0.1	54	82	0.016691027400929336
04	0.1	54	30	0.016691027400929336
04	0.1	54	93	0.016691027400929336
04	0.1	54	72	0.011781731184651778
04	0.1	54	15	0.011781731184651778
04	0.1	54	74	0.016691027400929336
04	0.1	54	100	0.016691027400929336
04	0.1	54	71	0.016691027400929336
04	0.1	54	50	0.016691027400929336
04	0.1	54	26	0.007795329391034091
04	0.1	54	37	0.007795329391034091
04	0.1	54	25	0.007795329391034091
04	0.1	54	84	0.006060079835316442
04	0.1	54	44	0.002024325658941532
04	0.1	55	0	0.09725939934264947
04	0.1	55	2	0.09725939934264947
04	0.1	55	5	0.07970574689395693
04	0.1	55	34	0.01714425652832074
04	0.1	55	82	0.01714425652832074
04	0.1	55	73	0.01714425652832074
04	0.1	55	71	0.01714425652832074
04	0.1	55	37	0.01714425652832074
04	0.1	55	100	0.01710290679534741
04	0.1	55	74	0.01714425652832074
04	0.1	55	50	0.01714425652832074
04	0.1	55	14	0.01710290679534741
04	0.1	55	68	0.009965930660995066
04	0.1	55	42	0.015387769219732639
04	0.1	55	30	0.015387769219732639
04	0.1	55	69	0.009965930660995066
04	0.1	55	95	0.009965930660995066
04	0.1	55	88	0.00326809527238789
04	0.1	55	15	0.007754494717328741
04	0.1	55	51	0.007754494717328741
04	0.1	55	93	0.007754494717328741
04	0.1	55	61	0.007754494717328741
04	0.1	55	3	0.007754494717328741
04	0.1	56	5	0.06318452258563897
04	0.1	56	2	0.06318452258563897
04	0.1	56	0	0.03294119322597736
04	0.1	56	74	0.03294119322597736
04	0.1	56	100	0.03294119322597736
04	0.1	56	50	0.028553012580949475
04	0.1	56	34	0.028553012580949475
04	0.1	56	71	0.028553012580949475
04	0.1	56	95	0.028553012580949475
04	0.1	56	42	0.02002760638145024
04	0.1	56	30	0.008077328514946755
04	0.1	56	73	0.008077328514946755
04	0.1	56	68	0.00759513781065594
04	0.1	56	81	0.02002760638145024
04	0.1	56	78	0.02002760638145024
04	0.1	56	69	0.02002760638145024
04	0.1	56	83	0.02002760638145024
04	0.1	56	72	0.02002760638145024
04	0.1	56	87	0.00759513781065594
04	0.1	56	94	0.00759513781065594
04	0.1	57	0	0.0781404518071229
04	0.1	57	2	0.0781404518071229
04	0.1	57	5	0.0781404518071229
04	0.1	57	34	0.01931570426259438
04	0.1	57	51	0.01931570426259438
04	0.1	57	100	0.01931570426259438
04	0.1	57	69	0.01931570426259438
04	0.1	57	93	0.013508622345285154
04	0.1	57	74	0.01931570426259438
04	0.1	57	14	0.01931570426259438
04	0.1	57	37	0.013508622345285154
04	0.1	57	49	0.013508622345285154
04	0.1	57	88	0.013508622345285154
04	0.1	57	42	0.013508622345285154
04	0.1	57	71	0.013508622345285154
04	0.1	57	26	0.006144215223613734
04	0.1	57	73	0.013508622345285154
04	0.1	57	95	0.013508622345285154
04	0.1	57	3	0.006144215223613734
04	0.1	57	72	0.006144215223613734
04	0.1	58	0	0.09025082837756006
04	0.1	58	5	0.09025082837756006
04	0.1	58	2	0.0514624304392045
04	0.1	58	34	0.019989096497688357
04	0.1	58	50	0.01647626866666603
04	0.1	58	71	0.01647626866666603
04	0.1	58	68	0.01647626866666603
04	0.1	58	100	0.01647626866666603
04	0.1	58	73	0.01647626866666603
04	0.1	58	14	0.01647626866666603
04	0.1	58	82	0.01647626866666603
04	0.1	58	37	0.01647626866666603
04	0.1	58	55	0.01647626866666603
04	0.1	58	90	0.01647626866666603
04	0.1	58	61	0.01647626866666603
04	0.1	58	15	0.00908552831196626
04	0.1	58	30	0.00908552831196626
04	0.1	58	62	0.01647626866666603
04	0.1	58	93	0.01647626866666603
04	0.1	58	51	0.01647626866666603
04	0.1	58	74	0.01647626866666603
04	0.1	58	69	0.01647626866666603
04	0.1	59	0	0.1272303196265325
04	0.1	59	2	0.09392992820786401
04	0.1	59	30	0.04064638983452142
04	0.1	59	71	0.012733678513140436
04	0.1	59	82	0.030769551399688035
04	0.1	59	93	0.030769551399688035
04	0.1	59	42	0.030769551399688035
04	0.1	59	81	0.012733678513140436
04	0.1	59	25	0.012733678513140436
04	0.1	59	37	0.012733678513140436
04	0.1	59	15	0.012733678513140436
04	0.1	59	69	0.012733678513140436
04	0.1	59	88	0.012733678513140436
04	0.1	59	83	0.012733678513140436
04	0.1	59	34	0.012733678513140436
04	0.1	59	54	0.012733678513140436
04	0.1	59	14	0.012733678513140436
04	0.1	59	72	0.012733678513140436
04	0.1	59	60	0.012733678513140436
04	0.1	59	91	0.012733678513140436
04	0.1	60	5	0.056781665780207505
04	0.1	60	0	0.038096883506773226
04	0.1	60	2	0.038096883506773226
04	0.1	60	50	0.036189596228552334
04	0.1	60	71	0.03516163139295119
04	0.1	60	61	0.03516163139295119
04	0.1	60	14	0.019176115538519157
04	0.1	60	15	0.019176115538519157
04	0.1	60	83	0.019176115538519157
04	0.1	60	88	0.019176115538519157
04	0.1	60	69	0.019176115538519157
04	0.1	60	62	0.017920510656158014
04	0.1	60	100	0.017920510656158014
04	0.1	60	84	0.009180293946378842
04	0.1	60	34	0.004039668892607731
04	0.1	60	42	0.017920510656158014
04	0.1	60	93	0.017920510656158014
04	0.1	60	30	0.017920510656158014
04	0.1	60	81	0.017920510656158014
04	0.1	60	72	0.017920510656158014
04	0.1	60	3	0.017920510656158014
04	0.1	60	25	0.017920510656158014
04	0.1	61	2	0.0737884269617893
04	0.1	61	0	0.0737884269617893
04	0.1	61	5	0.050599359118582245
04	0.1	61	100	0.0392033583366342
04	0.1	61	50	0.019156607342381032
04	0.1	61	73	0.019156607342381032
04	0.1	61	69	0.019156607342381032
04	0.1	61	71	0.019156607342381032
04	0.1	61	37	0.019156607342381032
04	0.1	61	42	0.019156607342381032
04	0.1	61	95	0.019156607342381032
04	0.1	61	3	0.019156607342381032
04	0.1	61	74	0.019156607342381032
04	0.1	61	82	0.019156607342381032
04	0.1	61	34	0.009041441234472253
04	0.1	61	15	0.006602243423613081
04	0.1	61	61	0.009041441234472253
04	0.1	61	30	0.009041441234472253
04	0.1	61	14	0.009041441234472253
04	0.1	61	68	0.0084395849402825
04	0.1	62	0	0.09551649650281027
04	0.1	62	5	0.09551649650281027
04	0.1	62	2	0.09551649650281027
04	0.1	62	100	0.012876249151824962
04	0.1	62	50	0.012876249151824962
04	0.1	62	71	0.012876249151824962
04	0.1	62	42	0.012876249151824962
04	0.1	62	34	0.012876249151824962
04	0.1	62	37	0.012876249151824962
04	0.1	62	82	0.012876249151824962
04	0.1	62	30	0.012876249151824962
04	0.1	62	3	0.012876249151824962
04	0.1	62	14	0.012876249151824962
04	0.1	62	68	0.01232683521727357
04	0.1	62	69	0.012876249151824962
04	0.1	62	74	0.012876249151824962
04	0.1	62	88	0.012876249151824962
04	0.1	62	51	0.012876249151824962
04	0.1	62	73	0.009127469010395703
04	0.1	62	78	0.007875208068174691
04	0.1	63	0	0.10321309220035343
04	0.1	63	2	0.10321309220035343
04	0.1	63	5	0.10321309220035343
04	0.1	63	71	0.012545948908293938
04	0.1	63	34	0.012545948908293938
04	0.1	63	74	0.009497211211288334
04	0.1	63	73	0.012545948908293938
04	0.1	63	82	0.009497211211288334
04	0.1	63	30	0.012545948908293938
04	0.1	63	3	0.012545948908293938
04	0.1	63	37	0.012545948908293938
04	0.1	63	100	0.009497211211288334
04	0.1	63	50	0.009497211211288334
04	0.1	63	14	0.008069011134483963
04	0.1	63	42	0.008069011134483963
04	0.1	63	61	0.008069011134483963
04	0.1	63	51	0.007245840046410437
04	0.1	63	95	0.007245840046410437
04	0.1	63	26	0.004454091534288111
04	0.1	63	93	0.004454091534288111
04	0.1	63	69	0.004454091534288111
04	0.1	63	15	0.004454091534288111
04	0.1	63	72	0.004454091534288111
04	0.1	64	0	0.1364547639860018
04	0.1	64	2	0.07730290872832281
04	0.1	64	100	0.03955885338298934
04	0.1	64	37	0.026859778289437596
04	0.1	64	34	0.026859778289437596
04	0.1	64	74	0.015831861164919178
04	0.1	64	73	0.015831861164919178
04	0.1	64	88	0.015831861164919178
04	0.1	64	78	0.015831861164919178
04	0.1	64	50	0.015831861164919178
04	0.1	64	5	0.015831861164919178
04	0.1	64	51	0.010270802590283006
04	0.1	64	30	0.010270802590283006
04	0.1	64	82	0.008269022996724542
04	0.1	64	93	0.010270802590283006
04	0.1	64	42	0.010270802590283006
04	0.1	64	14	0.010270802590283006
04	0.1	64	3	0.010270802590283006
04	0.1	64	81	0.010270802590283006
04	0.1	64	71	0.008269022996724542
04	0.1	64	68	0.008269022996724542
04	0.1	64	95	0.008269022996724542
04	0.1	65	0	0.0699013631396842
04	0.1	65	5	0.0699013631396842
04	0.1	65	2	0.052406388868710505
04	0.1	65	100	0.036613436914949546
04	0.1	65	78	0.03574913865366206
04	0.1	65	30	0.03574913865366206
04	0.1	65	61	0.03574913865366206
04	0.1	65	37	0.03574913865366206
04	0.1	65	73	0.03574913865366206
04	0.1	65	51	0.03574913865366206
04	0.1	65	83	0.03574913865366206
04	0.1	65	14	0.03574913865366206
04	0.1	65	74	0.03574913865366206
04	0.1	65	62	0.03574913865366206
04	0.1	65	93	0.03574913865366206
04	0.1	65	49	0.03574913865366206
04	0.1	65	86	0.002098973174328388
04	0.1	65	25	0.005893001272193238
04	0.1	65	71	0.005893001272193238
04	0.1	65	34	0.005893001272193238
04	0.1	65	68	0.003944520021473871
04	0.1	66	0	0.08745720019150904
04	0.1	66	2	0.07573811820135262
04	0.1	66	5	0.07161508555392912
04	0.1	66	100	0.02749989345913091
04	0.1	66	34	0.02749989345913091
04	0.1	66	71	0.02749989345913091
04	0.1	66	37	0.01645901871042514
04	0.1	66	74	0.02749989345913091
04	0.1	66	42	0.02749989345913091
04	0.1	66	30	0.02749989345913091
04	0.1	66	3	0.01645901871042514
04	0.1	66	82	0.02749989345913091
04	0.1	66	69	0.02749989345913091
04	0.1	66	14	0.01645901871042514
04	0.1	66	78	0.00032843024502970556
04	0.1	66	73	0.01493766480909423
04	0.1	66	61	0.01493766480909423
04	0.1	66	68	0.01493766480909423
04	0.1	66	72	0.01493766480909423
04	0.1	66	15	0.01493766480909423
04	0.1	66	93	0.001040433148486432
04	0.1	67	0	0.08867183453710638
04	0.1	67	5	0.08867183453710638
04	0.1	67	2	0.0722261727512271
04	0.1	67	95	0.018074253409034118
04	0.1	67	42	0.018074253409034118
04	0.1	67	34	0.018074253409034118
04	0.1	67	100	0.014570636622215588
04	0.1	67	3	0.014570636622215588
04	0.1	67	61	0.010339136497401672
04	0.1	67	78	0.013138233149559442
04	0.1	67	24	0.010339136497401672
04	0.1	67	69	0.013138233149559442
04	0.1	67	71	0.013138233149559442
04	0.1	67	51	0.013138233149559442
04	0.1	67	91	0.013138233149559442
04	0.1	67	54	0.013138233149559442
04	0.1	67	73	0.010339136497401672
04	0.1	67	72	0.010339136497401672
04	0.1	67	93	0.00869576322263999
04	0.1	67	75	0.0052987829320847325
04	0.1	68	0	0.14048661830353704
04	0.1	68	2	0.08214190072509471
04	0.1	68	5	0.08214190072509471
04	0.1	68	34	0.023947517458028148
04	0.1	68	71	0.014531890142771522
04	0.1	68	74	0.01632609850902505
04	0.1	68	100	0.01632609850902505
04	0.1	68	82	0.014531890142771522
04	0.1	68	37	0.014531890142771522
04	0.1	68	50	0.014531890142771522
04	0.1	68	42	0.014531890142771522
04	0.1	68	95	0.008966482401977035
04	0.1	68	14	0.011725495101147178
04	0.1	68	30	0.011725495101147178
04	0.1	68	3	0.008966482401977035
04	0.1	68	68	0.008966482401977035
04	0.1	68	26	0.008966482401977035
04	0.1	68	73	0.008966482401977035
04	0.1	68	69	0.005357579265015343
04	0.1	68	88	0.005357579265015343
04	0.1	68	15	0.008966482401977035
04	0.1	68	61	0.008966482401977035
04	0.1	69	0	0.1121592806365943
04	0.1	69	2	0.1121592806365943
04	0.1	69	5	0.1121592806365943
04	0.1	69	74	0.014346028129446572
04	0.1	69	30	0.012727290543855612
04	0.1	69	34	0.011768891163434277
04	0.1	69	42	0.012727290543855612
04	0.1	69	50	0.012727290543855612
04	0.1	69	100	0.012727290543855612
04	0.1	69	37	0.009232239891582002
04	0.1	69	82	0.008908713216241204
04	0.1	69	73	0.008908713216241204
04	0.1	69	14	0.008908713216241204
04	0.1	69	71	0.00806230530905034
04	0.1	69	15	0.00806230530905034
04	0.1	69	25	0.00806230530905034
04	0.1	69	81	0.005310146094092351
04	0.1	69	88	0.005310146094092351
04	0.1	69	61	0.00806230530905034
04	0.1	69	26	0.00806230530905034
04	0.1	69	3	0.00806230530905034
04	0.1	70	0	0.06797382923458677
04	0.1	70	2	0.06797382923458677
04	0.1	70	5	0.06797382923458677
04	0.1	70	82	0.04111043419340101
04	0.1	70	34	0.04111043419340101
04	0.1	70	30	0.04111043419340101
04	0.1	70	100	0.013486882666393411
04	0.1	70	73	0.01084302422224407
04	0.1	70	61	0.013486882666393411
04	0.1	70	95	0.013486882666393411
04	0.1	70	15	0.013486882666393411
04	0.1	70	71	0.013486882666393411
04	0.1	70	44	0.009069762319594622
04	0.1	70	97	0.009069762319594622
04	0.1	70	84	0.009069762319594622
04	0.1	70	91	0.002206953862885517
04	0.1	70	3	0.01084302422224407
04	0.1	70	50	0.01084302422224407
04	0.1	70	74	0.01084302422224407
04	0.1	70	14	0.01084302422224407
04	0.1	70	37	0.01084302422224407
04	0.1	70	83	0.009595101833564074
04	0.1	70	78	0.009595101833564074
04	0.1	71	0	0.13838543319099966
04	0.1	71	5	0.09481656940434077
04	0.1	71	34	0.024006220155962096
04	0.1	71	71	0.024006220155962096
04	0.1	71	100	0.018589771080749648
04	0.1	71	50	0.01798666866343738
04	0.1	71	14	0.01798666866343738
04	0.1	71	42	0.016497385700176476
04	0.1	71	51	0.01798666866343738
04	0.1	71	30	0.01798666866343738
04	0.1	71	68	0.016497385700176476
04	0.1	71	83	0.016497385700176476
04	0.1	71	3	0.016497385700176476
04	0.1	71	82	0.016497385700176476
04	0.1	71	93	0.016497385700176476
04	0.1	71	25	0.0031473484137772485
04	0.1	71	37	0.0031473484137772485
04	0.1	71	70	0.016497385700176476
04	0.1	71	15	0.016497385700176476
04	0.1	71	61	0.016497385700176476
04	0.1	71	95	0.016497385700176476
04	0.1	71	72	0.0017227118276400813
04	0.1	72	0	0.08484220816630601
04	0.1	72	2	0.06835781443679295
04	0.1	72	5	0.06835781443679295
04	0.1	72	74	0.03565583184663371
04	0.1	72	30	0.021470680842063664
04	0.1	72	78	0.01973873601770702
04	0.1	72	71	0.01973873601770702
04	0.1	72	73	0.021470680842063664
04	0.1	72	34	0.021470680842063664
04	0.1	72	3	0.01973873601770702
04	0.1	72	15	0.011522235402586019
04	0.1	72	61	0.011522235402586019
04	0.1	72	42	0.011522235402586019
04	0.1	72	24	0.011522235402586019
04	0.1	72	14	0.011522235402586019
04	0.1	72	55	0.011522235402586019
04	0.1	72	95	0.01973873601770702
04	0.1	72	81	0.01973873601770702
04	0.1	72	100	0.01973873601770702
04	0.1	72	50	0.01973873601770702
04	0.1	72	51	0.01973873601770702
04	0.1	72	88	0.01973873601770702
04	0.1	72	82	0.01973873601770702
04	0.1	72	68	0.01973873601770702
04	0.1	73	0	0.08423002544808397
04	0.1	73	5	0.08423002544808397
04	0.1	73	2	0.08423002544808397
04	0.1	73	71	0.03436053233762263
04	0.1	73	34	0.03436053233762263
04	0.1	73	37	0.017104919349397577
04	0.1	73	73	0.017104919349397577
04	0.1	73	3	0.017104919349397577
04	0.1	73	30	0.017104919349397577
04	0.1	73	44	0.012441559157946706
04	0.1	73	50	0.017104919349397577
04	0.1	73	100	0.017104919349397577
04	0.1	73	78	0.017104919349397577
04	0.1	73	69	0.017104919349397577
04	0.1	73	74	0.017104919349397577
04	0.1	73	93	0.017104919349397577
04	0.1	73	83	0.017104919349397577
04	0.1	73	95	0.017104919349397577
04	0.1	73	72	0.017104919349397577
04	0.1	73	91	0.017104919349397577
04	0.1	73	24	0.012441559157946706
04	0.1	73	42	0.012441559157946706
04	0.1	73	26	0.012441559157946706
04	0.1	73	7	0.012441559157946706
04	0.1	74	0	0.09304512197067542
04	0.1	74	2	0.04924217833107521
04	0.1	74	5	0.04924217833107521
04	0.1	74	74	0.02517393231973179
04	0.1	74	34	0.025036916618000542
04	0.1	74	82	0.025036916618000542
04	0.1	74	100	0.012124305989495491
04	0.1	74	50	0.012124305989495491
04	0.1	74	30	0.012124305989495491
04	0.1	74	69	0.011842665298949524
04	0.1	74	68	0.012124305989495491
04	0.1	74	15	0.012124305989495491
04	0.1	74	71	0.012124305989495491
04	0.1	74	73	0.012124305989495491
04	0.1	74	81	0.011685817225620565
04	0.1	74	95	0.004240187507504756
04	0.1	74	51	0.011258272940045864
04	0.1	74	78	0.011258272940045864
04	0.1	74	93	0.008548664324232378
04	0.1	74	83	0.008548664324232378
04	0.1	74	90	0.004400162590992371
04	0.1	75	0	0.103306143452405
04	0.1	75	2	0.0694313575373317
04	0.1	75	5	0.023139760830004873
04	0.1	75	74	0.01698687032823877
04	0.1	75	71	0.01698687032823877
04	0.1	75	37	0.023139760830004873
04	0.1	75	34	0.023139760830004873
04	0.1	75	14	0.023139760830004873
04	0.1	75	30	0.023139760830004873
04	0.1	75	51	0.01698687032823877
04	0.1	75	61	0.01698687032823877
04	0.1	75	93	0.01165671686622413
04	0.1	75	88	0.01108465460915512
04	0.1	75	15	0.01165671686622413
04	0.1	75	82	0.01165671686622413
04	0.1	75	26	0.01165671686622413
04	0.1	75	3	0.01165671686622413
04	0.1	75	54	0.01165671686622413
04	0.1	75	44	0.01165671686622413
04	0.1	75	100	0.01108465460915512
04	0.1	75	69	0.01108465460915512
04	0.1	75	50	0.01108465460915512
04	0.1	75	78	0.01108465460915512
04	0.1	75	42	0.00506172689201885
04	0.1	76	0	0.07759487183889813
04	0.1	76	5	0.07759487183889813
04	0.1	76	2	0.07759487183889813
04	0.1	76	100	0.04133330370088342
04	0.1	76	37	0.02552628947986895
04	0.1	76	50	0.013715292718168995
04	0.1	76	30	0.02552628947986895
04	0.1	76	3	0.02552628947986895
04	0.1	76	73	0.02552628947986895
04	0.1	76	42	0.02552628947986895
04	0.1	76	74	0.013715292718168995
04	0.1	76	95	0.013715292718168995
04	0.1	76	69	0.013715292718168995
04	0.1	76	24	0.013715292718168995
04	0.1	76	72	0.013715292718168995
04	0.1	76	15	0.013715292718168995
04	0.1	76	71	0.013715292718168995
04	0.1	76	82	0.013715292718168995
04	0.1	76	88	0.013715292718168995
04	0.1	76	78	0.013715292718168995
04	0.1	76	61	0.006932638548246064
04	0.1	76	81	0.006932638548246064
04	0.1	77	0	0.11218483669378664
04	0.1	77	5	0.09956905596227318
04	0.1	77	2	0.09956905596227318
04	0.1	77	73	0.015561690465948906
04	0.1	77	71	0.015561690465948906
04	0.1	77	74	0.015561690465948906
04	0.1	77	42	0.015561690465948906
04	0.1	77	34	0.015561690465948906
04	0.1	77	37	0.015561690465948906
04	0.1	77	14	0.015561690465948906
04	0.1	77	78	0.009096022519192988
04	0.1	77	68	0.015561690465948906
04	0.1	77	3	0.015561690465948906
04	0.1	77	26	0.015561690465948906
04	0.1	77	72	0.015561690465948906
04	0.1	77	15	0.015561690465948906
04	0.1	77	30	0.015561690465948906
04	0.1	77	75	0.009618852422736924
04	0.1	77	44	0.009618852422736924
04	0.1	77	88	0.009096022519192988
04	0.1	77	83	0.009096022519192988
04	0.1	77	69	0.009096022519192988
04	0.1	77	100	0.009096022519192988
04	0.1	77	51	0.004241903825784894
04	0.1	78	0	0.09166198561481113
04	0.1	78	2	0.09166198561481113
04	0.1	78	5	0.08585660661059324
04	0.1	78	100	0.016811541650092972
04	0.1	78	82	0.016811541650092972
04	0.1	78	71	0.016811541650092972
04	0.1	78	73	0.016811541650092972
04	0.1	78	50	0.016811541650092972
04	0.1	78	74	0.016811541650092972
04	0.1	78	37	0.016811541650092972
04	0.1	78	34	0.016811541650092972
04	0.1	78	68	0.013930113473151833
04	0.1	78	95	0.013930113473151833
04	0.1	78	61	0.009468952375902602
04	0.1	78	42	0.013930113473151833
04	0.1	78	3	0.013930113473151833
04	0.1	78	30	0.013930113473151833
04	0.1	78	14	0.013930113473151833
04	0.1	78	93	0.002650617489748826
04	0.1	78	69	0.002650617489748826
04	0.1	79	0	0.10845332905987108
04	0.1	79	2	0.10845332905987108
04	0.1	79	5	0.053977070879471144
04	0.1	79	100	0.01652150010137121
04	0.1	79	73	0.013844123193238246
04	0.1	79	42	0.013844123193238246
04	0.1	79	30	0.013844123193238246
04	0.1	79	82	0.013844123193238246
04	0.1	79	50	0.013844123193238246
04	0.1	79	34	0.013844123193238246
04	0.1	79	61	0.013844123193238246
04	0.1	79	26	0.013844123193238246
04	0.1	79	74	0.013844123193238246
04	0.1	79	3	0.013844123193238246
04	0.1	79	81	0.013844123193238246
04	0.1	79	95	0.013844123193238246
04	0.1	79	69	0.013844123193238246
04	0.1	79	14	0.013844123193238246
04	0.1	79	71	0.013844123193238246
04	0.1	79	15	0.003354070982770854
04	0.1	79	37	0.003354070982770854
04	0.1	79	55	0.003354070982770854
04	0.1	80	0	0.09552374697580002
04	0.1	80	2	0.09222077473715627
04	0.1	80	5	0.07254693129623173
04	0.1	80	73	0.01941120528017525
04	0.1	80	37	0.01941120528017525
04	0.1	80	34	0.01941120528017525
04	0.1	80	14	0.01941120528017525
04	0.1	80	61	0.01941120528017525
04	0.1	80	69	0.009111019666457205
04	0.1	80	74	0.014366001633674307
04	0.1	80	100	0.014366001633674307
04	0.1	80	82	0.014366001633674307
04	0.1	80	71	0.014366001633674307
04	0.1	80	95	0.014366001633674307
04	0.1	80	68	0.014366001633674307
04	0.1	80	50	0.014366001633674307
04	0.1	80	26	0.009111019666457205
04	0.1	80	81	0.003681215825563508
04	0.1	80	88	0.003681215825563508
04	0.1	80	3	0.009111019666457205
04	0.1	80	25	0.009111019666457205
04	0.1	80	93	0.009111019666457205
04	0.1	81	0	0.06622494758243781
04	0.1	81	5	0.06622494758243781
04	0.1	81	42	0.05825431684781241
04	0.1	81	61	0.030778052385712597
04	0.1	81	50	0.030778052385712597
04	0.1	81	34	0.030778052385712597
04	0.1	81	73	0.030778052385712597
04	0.1	81	55	0.02184693743928341
04	0.1	81	88	0.02184693743928341
04	0.1	81	94	0.02184693743928341
04	0.1	81	60	0.02184693743928341
04	0.1	81	15	0.02184693743928341
04	0.1	81	24	0.02184693743928341
04	0.1	81	30	0.02184693743928341
04	0.1	81	100	0.02184693743928341
04	0.1	81	93	0.02184693743928341
04	0.1	81	51	0.02184693743928341
04	0.1	81	97	0.006524886036357431
04	0.1	81	72	0.006524886036357431
04	0.1	81	96	0.006524886036357431
04	0.1	82	0	0.1268165940343943
04	0.1	82	2	0.07817571209408952
04	0.1	82	5	0.03673888328542353
04	0.1	82	30	0.02398110104170152
04	0.1	82	34	0.018516791352004687
04	0.1	82	42	0.018516791352004687
04	0.1	82	100	0.018516791352004687
04	0.1	82	69	0.018516791352004687
04	0.1	82	71	0.018516791352004687
04	0.1	82	82	0.018516791352004687
04	0.1	82	74	0.018516791352004687
04	0.1	82	24	0.018516791352004687
04	0.1	82	37	0.018516791352004687
04	0.1	82	50	0.018516791352004687
04	0.1	82	68	0.018516791352004687
04	0.1	82	61	0.011353103566360524
04	0.1	82	72	0.004283057788946831
04	0.1	82	15	0.002670430542776365
04	0.1	82	83	0.0037990177075871863
04	0.1	82	73	0.0037990177075871863
04	0.1	83	0	0.12689097789503723
04	0.1	83	5	0.10023641960937249
04	0.1	83	37	0.02159020465269818
04	0.1	83	71	0.02159020465269818
04	0.1	83	82	0.02159020465269818
04	0.1	83	61	0.02159020465269818
04	0.1	83	68	0.02159020465269818
04	0.1	83	42	0.02159020465269818
04	0.1	83	74	0.02159020465269818
04	0.1	83	93	0.02159020465269818
04	0.1	83	14	0.02159020465269818
04	0.1	83	3	0.02159020465269818
04	0.1	83	69	0.02159020465269818
04	0.1	83	100	0.02159020465269818
04	0.1	83	50	0.02159020465269818
04	0.1	83	34	0.02159020465269818
04	0.1	83	75	0.007577348176929868
04	0.1	83	88	0.007577348176929868
04	0.1	83	30	0.007577348176929868
04	0.1	83	44	0.007577348176929868
04	0.1	84	0	0.10908437356484323
04	0.1	84	2	0.0804807377017265
04	0.1	84	5	0.0804807377017265
04	0.1	84	37	0.03162199549601251
04	0.1	84	73	0.03162199549601251
04	0.1	84	30	0.03162199549601251
04	0.1	84	82	0.03162199549601251
04	0.1	84	100	0.03162199549601251
04	0.1	84	71	0.03162199549601251
04	0.1	84	34	0.03162199549601251
04	0.1	84	61	0.03162199549601251
04	0.1	84	14	0.03162199549601251
04	0.1	84	42	0.03162199549601251
04	0.1	84	95	0.03162199549601251
04	0.1	84	93	0.002651912320067063
04	0.1	84	74	0.03162199549601251
04	0.1	84	68	0.03162199549601251
04	0.1	84	69	0.03162199549601251
04	0.1	84	78	0.03162199549601251
04	0.1	84	72	0.002651912320067063
04	0.1	85	0	0.08193723526577212
04	0.1	85	2	0.07298878165523122
04	0.1	85	5	0.07037160149334763
04	0.1	85	71	0.02099060101940258
04	0.1	85	34	0.0169134977722138
04	0.1	85	100	0.0169134977722138
04	0.1	85	42	0.0169134977722138
04	0.1	85	37	0.0169134977722138
04	0.1	85	93	0.0169134977722138
04	0.1	85	30	0.0169134977722138
04	0.1	85	82	0.0169134977722138
04	0.1	85	50	0.0169134977722138
04	0.1	85	24	0.0169134977722138
04	0.1	85	73	0.0169134977722138
04	0.1	85	74	0.012004583407371143
04	0.1	85	3	0.012004583407371143
04	0.1	85	69	0.0012364161629441666
04	0.1	85	14	0.012004583407371143
04	0.1	85	68	0.012004583407371143
04	0.1	85	95	0.012004583407371143
04	0.1	86	0	0.1160886229727686
04	0.1	86	2	0.1160886229727686
04	0.1	86	100	0.01593012545616815
04	0.1	86	50	0.01593012545616815
04	0.1	86	5	0.014887017210618117
04	0.1	86	82	0.013669249546050255
04	0.1	86	69	0.014887017210618117
04	0.1	86	73	0.014887017210618117
04	0.1	86	74	0.014887017210618117
04	0.1	86	68	0.013669249546050255
04	0.1	86	71	0.013669249546050255
04	0.1	86	37	0.014887017210618117
04	0.1	86	95	0.013669249546050255
04	0.1	86	61	0.006516974532143693
04	0.1	86	81	0.014887017210618117
04	0.1	86	30	0.014887017210618117
04	0.1	86	75	0.006516974532143693
04	0.1	86	26	0.014887017210618117
04	0.1	86	42	0.014887017210618117
04	0.1	86	51	0.014887017210618117
04	0.1	86	14	0.014887017210618117
04	0.1	86	88	0.014887017210618117
04	0.1	86	83	0.014887017210618117
04	0.1	86	62	0.014887017210618117
04	0.1	86	86	0.006963861559096934
04	0.1	87	0	0.09758389529143144
04	0.1	87	2	0.09758389529143144
04	0.1	87	5	0.09758389529143144
04	0.1	87	73	0.014733290693308167
04	0.1	87	100	0.014733290693308167
04	0.1	87	30	0.014733290693308167
04	0.1	87	42	0.014733290693308167
04	0.1	87	74	0.014733290693308167
04	0.1	87	93	0.011006527376499644
04	0.1	87	34	0.014733290693308167
04	0.1	87	37	0.014733290693308167
04	0.1	87	71	0.014733290693308167
04	0.1	87	69	0.011006527376499644
04	0.1	87	61	0.011006527376499644
04	0.1	87	14	0.014733290693308167
04	0.1	87	50	0.014733290693308167
04	0.1	87	82	0.014733290693308167
04	0.1	87	15	0.011006527376499644
04	0.1	87	72	0.011006527376499644
04	0.1	87	26	0.011006527376499644
04	0.1	88	2	0.06665205493606359
04	0.1	88	5	0.04241345523608193
04	0.1	88	0	0.038726542879140104
04	0.1	88	71	0.021298059426565225
04	0.1	88	37	0.015111304396490914
04	0.1	88	100	0.01074060357708776
04	0.1	88	73	0.009037305149138567
04	0.1	88	95	0.01074060357708776
04	0.1	88	50	0.01074060357708776
04	0.1	88	61	0.01074060357708776
04	0.1	88	68	0.009037305149138567
04	0.1	88	78	0.009037305149138567
04	0.1	88	42	0.009037305149138567
04	0.1	88	14	0.009037305149138567
04	0.1	88	30	0.009037305149138567
04	0.1	88	93	0.009037305149138567
04	0.1	88	69	0.007854663188903151
04	0.1	88	84	0.007854663188903151
04	0.1	88	56	0.0039060335351539075
04	0.1	88	15	0.002726432080485084
04	0.1	89	0	0.09034818507043234
04	0.1	89	5	0.07524287213547246
04	0.1	89	2	0.0639278648464359
04	0.1	89	34	0.018826097974978855
04	0.1	89	100	0.018826097974978855
04	0.1	89	95	0.018826097974978855
04	0.1	89	71	0.018826097974978855
04	0.1	89	14	0.018826097974978855
04	0.1	89	82	0.018826097974978855
04	0.1	89	68	0.018826097974978855
04	0.1	89	73	0.018826097974978855
04	0.1	89	30	0.018826097974978855
04	0.1	89	37	0.016181789823002914
04	0.1	89	42	0.016181789823002914
04	0.1	89	3	0.010183370517037773
04	0.1	89	15	0.010183370517037773
04	0.1	89	61	0.010183370517037773
04	0.1	89	50	0.007637384123911249
04	0.1	89	69	0.007637384123911249
04	0.1	89	78	0.004050896653522391
04	0.1	90	0	0.0893021626804268
04	0.1	90	2	0.0893021626804268
04	0.1	90	5	0.06265544802988153
04	0.1	90	37	0.03254536848213313
04	0.1	90	82	0.024516373015962246
04	0.1	90	86	0.01759254245811777
04	0.1	90	49	0.01759254245811777
04	0.1	90	73	0.01759254245811777
04	0.1	90	34	0.01759254245811777
04	0.1	90	50	0.01759254245811777
04	0.1	90	100	0.01759254245811777
04	0.1	90	71	0.01759254245811777
04	0.1	90	14	0.01759254245811777
04	0.1	90	68	0.01759254245811777
04	0.1	90	24	0.01759254245811777
04	0.1	90	74	0.01759254245811777
04	0.1	90	83	0.00698160249986529
04	0.1	90	55	0.01759254245811777
04	0.1	90	72	0.01759254245811777
04	0.1	90	61	0.01759254245811777
04	0.1	91	0	0.09728724822481467
04	0.1	91	2	0.09728724822481467
04	0.1	91	5	0.042011876110509674
04	0.1	91	100	0.042011876110509674
04	0.1	91	74	0.042011876110509674
04	0.1	91	71	0.02035599971494743
04	0.1	91	73	0.02035599971494743
04	0.1	91	34	0.02035599971494743
04	0.1	91	88	0.014467602364667861
04	0.1	91	69	0.014467602364667861
04	0.1	91	83	0.014467602364667861
04	0.1	91	78	0.014467602364667861
04	0.1	91	14	0.014467602364667861
04	0.1	91	61	0.014467602364667861
04	0.1	91	30	0.014467602364667861
04	0.1	91	82	0.014467602364667861
04	0.1	91	95	0.014467602364667861
04	0.1	91	42	0.014467602364667861
04	0.1	91	3	0.00406114069815392
04	0.1	91	25	0.014467602364667861
04	0.1	91	93	0.014467602364667861
04	0.1	92	0	0.1252761982004844
04	0.1	92	5	0.060202514963843726
04	0.1	92	37	0.022601867818151555
04	0.1	92	2	0.016731479081794225
04	0.1	92	71	0.015488252091517742
04	0.1	92	73	0.015488252091517742
04	0.1	92	70	0.015488252091517742
04	0.1	92	100	0.015488252091517742
04	0.1	92	34	0.015488252091517742
04	0.1	92	74	0.015488252091517742
04	0.1	92	68	0.015488252091517742
04	0.1	92	50	0.015488252091517742
04	0.1	92	95	0.015488252091517742
04	0.1	92	3	0.015488252091517742
04	0.1	92	78	0.011587267393605171
04	0.1	92	69	0.011587267393605171
04	0.1	92	51	0.011587267393605171
04	0.1	92	30	0.005349980523239805
04	0.1	92	55	0.005349980523239805
04	0.1	92	24	0.005327737181721183
04	0.1	93	5	0.07785502143513294
04	0.1	93	0	0.07785502143513294
04	0.1	93	2	0.033816727561941824
04	0.1	93	34	0.01572710436176367
04	0.1	93	14	0.01572710436176367
04	0.1	93	71	0.01572710436176367
04	0.1	93	74	0.01572710436176367
04	0.1	93	73	0.01572710436176367
04	0.1	93	61	0.01572710436176367
04	0.1	93	82	0.01572710436176367
04	0.1	93	37	0.01572710436176367
04	0.1	93	3	0.01572710436176367
04	0.1	93	50	0.01572710436176367
04	0.1	93	30	0.01572710436176367
04	0.1	93	95	0.01572710436176367
04	0.1	93	72	0.01572710436176367
04	0.1	93	100	0.006870095461502871
04	0.1	93	78	0.006870095461502871
04	0.1	93	68	0.010221389483394142
04	0.1	93	44	0.010221389483394142
04	0.1	93	26	0.010221389483394142
04	0.1	94	0	0.09807865665248268
04	0.1	94	2	0.09357143376455351
04	0.1	94	5	0.09357143376455351
04	0.1	94	71	0.021086673919225144
04	0.1	94	34	0.016524715427746594
04	0.1	94	74	0.021086673919225144
04	0.1	94	100	0.021086673919225144
04	0.1	94	30	0.012894365861556938
04	0.1	94	37	0.012894365861556938
04	0.1	94	69	0.012894365861556938
04	0.1	94	14	0.010078716182951737
04	0.1	94	82	0.012894365861556938
04	0.1	94	51	0.012894365861556938
04	0.1	94	50	0.012894365861556938
04	0.1	94	93	0.009644398282164932
04	0.1	94	61	0.009644398282164932
04	0.1	94	95	0.012894365861556938
04	0.1	94	73	0.009644398282164932
04	0.1	94	81	0.012894365861556938
04	0.1	94	88	0.012894365861556938
04	0.1	94	83	0.012894365861556938
04	0.1	95	0	0.08604628733291067
04	0.1	95	5	0.06496905604338066
04	0.1	95	2	0.06188883831322392
04	0.1	95	14	0.017665306862693846
04	0.1	95	34	0.04043016980949066
04	0.1	95	51	0.017665306862693846
04	0.1	95	50	0.017665306862693846
04	0.1	95	95	0.04043016980949066
04	0.1	95	82	0.04043016980949066
04	0.1	95	71	0.04043016980949066
04	0.1	95	93	0.017665306862693846
04	0.1	95	72	0.017665306862693846
04	0.1	95	68	0.017665306862693846
04	0.1	95	26	0.012911207051695881
04	0.1	95	54	0.009196203505151648
04	0.1	95	25	0.012911207051695881
04	0.1	95	7	0.012911207051695881
04	0.1	95	61	0.009299553419434555
04	0.1	95	100	0.009299553419434555
04	0.1	95	3	0.009299553419434555
04	0.1	95	74	0.009299553419434555
04	0.1	95	88	0.009299553419434555
04	0.1	95	83	0.008259744764327412
04	0.1	95	87	0.008259744764327412
04	0.1	96	0	0.11207270051133794
04	0.1	96	5	0.09382100563930641
04	0.1	96	2	0.09382100563930641
04	0.1	96	71	0.027736067169952958
04	0.1	96	74	0.027736067169952958
04	0.1	96	50	0.027736067169952958
04	0.1	96	34	0.027736067169952958
04	0.1	96	100	0.027736067169952958
04	0.1	96	61	0.02100832901314728
04	0.1	96	73	0.02100832901314728
04	0.1	96	30	0.017868162696049492
04	0.1	96	69	0.02100832901314728
04	0.1	96	54	0.008649276401599782
04	0.1	96	14	0.02100832901314728
04	0.1	96	3	0.02100832901314728
04	0.1	96	81	0.02100832901314728
04	0.1	96	78	0.02100832901314728
04	0.1	96	51	0.02100832901314728
04	0.1	96	37	0.002504776908007686
04	0.1	96	15	0.006861893279608875
04	0.1	96	55	0.006861893279608875
04	0.1	97	0	0.1414141580569229
04	0.1	97	100	0.019987227400974656
04	0.1	97	5	0.08688553156597488
04	0.1	97	2	0.08688553156597488
04	0.1	97	34	0.019987227400974656
04	0.1	97	74	0.019987227400974656
04	0.1	97	50	0.012561954772405631
04	0.1	97	71	0.012561954772405631
04	0.1	97	82	0.012561954772405631
04	0.1	97	42	0.012561954772405631
04	0.1	97	69	0.009105061028812212
04	0.1	97	73	0.009105061028812212
04	0.1	97	30	0.012561954772405631
04	0.1	97	37	0.012561954772405631
04	0.1	97	61	0.012561954772405631
04	0.1	97	14	0.012561954772405631
04	0.1	97	3	0.012561954772405631
04	0.1	97	25	0.009105061028812212
04	0.1	97	26	0.009105061028812212
04	0.1	97	54	0.009105061028812212
04	0.1	98	0	0.08827701638552826
04	0.1	98	2	0.08455761529121192
04	0.1	98	5	0.048664803224977814
04	0.1	98	100	0.048664803224977814
04	0.1	98	34	0.011939647714721007
04	0.1	98	71	0.011939647714721007
04	0.1	98	82	0.011747034818608932
04	0.1	98	50	0.009857339204463631
04	0.1	98	73	0.009857339204463631
04	0.1	98	95	0.011747034818608932
04	0.1	98	68	0.011747034818608932
04	0.1	98	61	0.011747034818608932
04	0.1	98	3	0.011747034818608932
04	0.1	98	42	0.011747034818608932
04	0.1	98	37	0.011747034818608932
04	0.1	98	72	0.011747034818608932
04	0.1	98	14	0.011747034818608932
04	0.1	98	26	0.011747034818608932
04	0.1	98	24	0.011747034818608932
04	0.1	98	54	0.0045626294351611705
04	0.1	99	0	0.10617397653508265
04	0.1	99	5	0.10617397653508265
04	0.1	99	2	0.07752693251590442
04	0.1	99	69	0.011661130884076835
04	0.1	99	78	0.011661130884076835
04	0.1	99	37	0.011661130884076835
04	0.1	99	82	0.017305520197445454
04	0.1	99	3	0.017305520197445454
04	0.1	99	71	0.017305520197445454
04	0.1	99	95	0.017305520197445454
04	0.1	99	73	0.017305520197445454
04	0.1	99	84	0.008388665376220437
04	0.1	99	42	0.006835503969323388
04	0.1	99	25	0.009188409509902918
04	0.1	99	14	0.0042414266270358394
04	0.1	99	51	0.011661130884076835
04	0.1	99	81	0.011661130884076835
04	0.1	99	50	0.011661130884076835
04	0.1	99	100	0.011661130884076835
04	0.1	99	88	0.011661130884076835
04	0.1	100	0	0.08796579769666317
04	0.1	100	5	0.08796579769666317
04	0.1	100	2	0.07694386252967161
04	0.1	100	100	0.02058993947222721
04	0.1	100	71	0.02058993947222721
04	0.1	100	3	0.012541389870485115
04	0.1	100	37	0.012541389870485115
04	0.1	100	34	0.012541389870485115
04	0.1	100	82	0.012541389870485115
04	0.1	100	14	0.010541508989066204
04	0.1	100	42	0.012541389870485115
04	0.1	100	95	0.012541389870485115
04	0.1	100	30	0.010184941607473153
04	0.1	100	93	0.010184941607473153
04	0.1	100	73	0.010184941607473153
04	0.1	100	50	0.010165025508263174
04	0.1	100	72	0.010184941607473153
04	0.1	100	69	0.010184941607473153
04	0.1	100	25	0.010184941607473153
04	0.1	100	51	0.010165025508263174
04	0.1	100	91	0.010184941607473153
04	0.1	100	15	0.010184941607473153
04	1	1	61	0.03645266928042444
04	1	1	24	0.038812704495785236
04	1	1	2	0.038812704495785236
04	1	1	5	0.03645266928042444
04	1	1	82	0.03645266928042444
04	1	1	0	0.03645266928042444
04	1	1	95	0.03645266928042444
04	1	1	42	0.03645266928042444
04	1	1	54	0.03645266928042444
04	1	1	30	0.03645266928042444
04	1	1	72	0.03645266928042444
04	1	1	78	0.03645266928042444
04	1	1	50	0.03645266928042444
04	1	1	94	0.03645266928042444
04	1	1	74	0.03645266928042444
04	1	1	88	0.017213093610240263
04	1	1	26	0.03645266928042444
04	1	1	25	0.03645266928042444
04	1	1	35	0.03645266928042444
04	1	1	15	0.015997739404068925
04	1	2	0	0.09261815326830881
04	1	2	5	0.04988643378920694
04	1	2	95	0.04988643378920694
04	1	2	82	0.04988643378920694
04	1	2	68	0.04988643378920694
04	1	2	37	0.04988643378920694
04	1	2	69	0.04988643378920694
04	1	2	51	0.04988643378920694
04	1	2	42	0.033639433787863264
04	1	2	25	0.033639433787863264
04	1	2	9	0.030917022772747424
04	1	2	45	0.030917022772747424
04	1	2	97	0.030917022772747424
04	1	2	92	0.030917022772747424
04	1	2	83	0.030917022772747424
04	1	2	2	0.030917022772747424
04	1	2	43	0.01738281303241992
04	1	2	91	0.016728102380486116
04	1	2	64	0.016728102380486116
04	1	2	26	0.016728102380486116
04	1	3	0	0.11281714698035158
04	1	3	74	0.03794033056494898
04	1	3	71	0.03794033056494898
04	1	3	73	0.03794033056494898
04	1	3	30	0.01578087855484847
04	1	3	95	0.03794033056494898
04	1	3	100	0.03794033056494898
04	1	3	75	0.01578087855484847
04	1	3	51	0.030549901084062303
04	1	3	78	0.030549901084062303
04	1	3	50	0.030549901084062303
04	1	3	97	0.030549901084062303
04	1	3	25	0.007588985529429327
04	1	3	54	0.01578087855484847
04	1	3	14	0.01578087855484847
04	1	3	64	0.030549901084062303
04	1	3	60	0.030549901084062303
04	1	3	88	0.030549901084062303
04	1	3	48	0.030549901084062303
04	1	3	62	0.030549901084062303
04	1	3	92	0.030549901084062303
04	1	4	0	0.11592109825367365
04	1	4	42	0.06249206651054411
04	1	4	72	0.02864355594043312
04	1	4	2	0.02864355594043312
04	1	4	90	0.02864355594043312
04	1	4	3	0.02864355594043312
04	1	4	71	0.010737777613445304
04	1	4	55	0.02864355594043312
04	1	4	15	0.02864355594043312
04	1	4	68	0.010737777613445304
04	1	4	24	0.02864355594043312
04	1	4	77	0.02864355594043312
04	1	4	35	0.02864355594043312
04	1	4	92	0.008552373764437982
04	1	4	26	0.008552373764437982
04	1	4	100	0.0050884758021400266
04	1	4	50	0.006553431431886733
04	1	4	30	0.006553431431886733
04	1	4	81	0.004145838544576755
04	1	4	74	0.0025791479713125186
04	1	5	0	0.0784351286933951
04	1	5	2	0.0784351286933951
04	1	5	5	0.05881629149791188
04	1	5	37	0.04418093620615169
04	1	5	42	0.04418093620615169
04	1	5	3	0.022593706841508847
04	1	5	15	0.022593706841508847
04	1	5	44	0.01268900227028546
04	1	5	74	0.022593706841508847
04	1	5	82	0.022593706841508847
04	1	5	100	0.022593706841508847
04	1	5	50	0.022593706841508847
04	1	5	75	0.022593706841508847
04	1	5	71	0.022593706841508847
04	1	5	61	0.022593706841508847
04	1	5	94	0.013653881561365747
04	1	5	81	0.013653881561365747
04	1	5	27	0.01268900227028546
04	1	5	14	0.007356547174743985
04	1	5	45	0.007356547174743985
04	1	5	91	0.007356547174743985
04	1	5	72	0.004280191125503772
04	1	6	0	0.09096471124354717
04	1	6	2	0.03268499436856193
04	1	6	42	0.03268499436856193
04	1	6	25	0.029816402389100615
04	1	6	98	0.029816402389100615
04	1	6	34	0.027511668371914204
04	1	6	100	0.029816402389100615
04	1	6	71	0.029816402389100615
04	1	6	55	0.029816402389100615
04	1	6	74	0.029816402389100615
04	1	6	68	0.013415272193222779
04	1	6	60	0.012358479783809436
04	1	6	7	0.013395595416597381
04	1	6	6	0.013395595416597381
04	1	6	15	0.010012125133439137
04	1	6	43	0.010012125133439137
04	1	6	44	0.007619538554529044
04	1	6	80	0.012358479783809436
04	1	6	61	0.012358479783809436
04	1	6	17	0.012358479783809436
04	1	7	0	0.08795890666338378
04	1	7	2	0.08795890666338378
04	1	7	5	0.07407103480441427
04	1	7	73	0.0222342524784236
04	1	7	30	0.0222342524784236
04	1	7	71	0.0222342524784236
04	1	7	68	0.0222342524784236
04	1	7	34	0.0222342524784236
04	1	7	100	0.0222342524784236
04	1	7	74	0.0222342524784236
04	1	7	78	0.02178832987407556
04	1	7	51	0.016957913533348464
04	1	7	37	0.016957913533348464
04	1	7	25	0.016957913533348464
04	1	7	42	0.016957913533348464
04	1	7	83	0.009718200519963017
04	1	7	54	0.016957913533348464
04	1	7	72	0.016957913533348464
04	1	7	14	0.016957913533348464
04	1	7	61	0.016957913533348464
04	1	8	42	0.1303920530946499
04	1	8	90	0.07901366163479193
04	1	8	100	0.019940960817511594
04	1	8	77	0.019940960817511594
04	1	8	51	0.019940960817511594
04	1	8	97	0.019940960817511594
04	1	8	15	0.019940960817511594
04	1	8	35	0.010071580306032828
04	1	8	62	0.010071580306032828
04	1	8	48	0.010071580306032828
04	1	8	20	0.010071580306032828
04	1	8	10	0.010071580306032828
04	1	8	49	0.010071580306032828
04	1	8	88	0.019940960817511594
04	1	8	60	0.019940960817511594
04	1	8	45	0.019940960817511594
04	1	8	74	0.019940960817511594
04	1	8	72	0.019940960817511594
04	1	8	61	0.019940960817511594
04	1	8	71	0.015297668054683704
04	1	8	52	0.015297668054683704
04	1	8	89	0.010654612828847916
04	1	8	50	0.010654612828847916
04	1	8	73	0.010654612828847916
04	1	8	78	0.010654612828847916
04	1	8	81	0.010654612828847916
04	1	9	100	0.047262014925073356
04	1	9	5	0.021715616510488287
04	1	9	14	0.04067667433913446
04	1	9	30	0.04067667433913446
04	1	9	42	0.03579240797942923
04	1	9	3	0.03579240797942923
04	1	9	62	0.03579240797942923
04	1	9	26	0.03579240797942923
04	1	9	57	0.021715616510488287
04	1	9	25	0.021715616510488287
04	1	9	22	0.021715616510488287
04	1	9	35	0.007570907498311079
04	1	9	39	0.007570907498311079
04	1	9	2	0.007570907498311079
04	1	9	70	0.007570907498311079
04	1	9	10	0.007570907498311079
04	1	9	78	0.007487032794691235
04	1	9	21	0.007487032794691235
04	1	9	91	0.0072807027329276994
04	1	9	72	0.003143352616186202
04	1	10	0	0.11793151232130457
04	1	10	51	0.02353519416643555
04	1	10	15	0.02353519416643555
04	1	10	100	0.02353519416643555
04	1	10	23	0.02353519416643555
04	1	10	30	0.02353519416643555
04	1	10	95	0.02353519416643555
04	1	10	74	0.02353519416643555
04	1	10	55	0.02353519416643555
04	1	10	83	0.02353519416643555
04	1	10	69	0.02353519416643555
04	1	10	82	0.02353519416643555
04	1	10	34	0.02353519416643555
04	1	10	24	0.02353519416643555
04	1	10	5	0.02353519416643555
04	1	10	99	0.02353519416643555
04	1	10	25	0.02353519416643555
04	1	10	14	0.01877651419112613
04	1	10	2	0.01877651419112613
04	1	10	59	0.0006965013176105606
04	1	11	0	0.06889535675644799
04	1	11	2	0.06086971766827822
04	1	11	5	0.06086971766827822
04	1	11	15	0.06086971766827822
04	1	11	100	0.038218882430823754
04	1	11	82	0.021743419541405292
04	1	11	37	0.021743419541405292
04	1	11	42	0.021743419541405292
04	1	11	3	0.021743419541405292
04	1	11	50	0.017809469077039067
04	1	11	43	0.021743419541405292
04	1	11	95	0.021743419541405292
04	1	11	54	0.021743419541405292
04	1	11	34	0.017489162914997518
04	1	11	69	0.017718299659664646
04	1	11	74	0.017718299659664646
04	1	11	44	0.017489162914997518
04	1	11	94	0.017489162914997518
04	1	11	88	0.010837840248167118
04	1	11	61	0.0077782022961513176
04	1	12	0	0.10574477643925012
04	1	12	2	0.10124558011296718
04	1	12	5	0.07116707879232347
04	1	12	94	0.034335552041756624
04	1	12	100	0.034335552041756624
04	1	12	50	0.034335552041756624
04	1	12	82	0.02630832009284454
04	1	12	34	0.02630832009284454
04	1	12	42	0.02630832009284454
04	1	12	37	0.02630832009284454
04	1	12	3	0.02630832009284454
04	1	12	7	0.02630832009284454
04	1	12	71	0.014733888803743525
04	1	12	30	0.02630832009284454
04	1	12	14	0.02630832009284454
04	1	12	15	0.02630832009284454
04	1	12	26	0.010513722389846143
04	1	12	74	0.014733888803743525
04	1	12	51	0.014733888803743525
04	1	12	78	0.0046543442342396775
04	1	12	97	0.010513722389846143
04	1	12	92	0.010513722389846143
04	1	12	44	0.010513722389846143
04	1	13	5	0.08514818870688691
04	1	13	0	0.024109728136650098
04	1	13	71	0.024109728136650098
04	1	13	37	0.024109728136650098
04	1	13	82	0.024109728136650098
04	1	13	100	0.024109728136650098
04	1	13	30	0.024109728136650098
04	1	13	42	0.015892420501642492
04	1	13	74	0.015892420501642492
04	1	13	51	0.015892420501642492
04	1	13	50	0.015892420501642492
04	1	13	34	0.015892420501642492
04	1	13	88	0.015892420501642492
04	1	13	69	0.008707666210133703
04	1	13	94	0.013986435733787536
04	1	13	93	0.013986435733787536
04	1	13	15	0.013986435733787536
04	1	13	54	0.013986435733787536
04	1	13	2	0.013986435733787536
04	1	13	75	0.003633277213116591
04	1	14	0	0.09412119656848571
04	1	14	5	0.05569947207843637
04	1	14	50	0.05569947207843637
04	1	14	100	0.05569947207843637
04	1	14	2	0.05569947207843637
04	1	14	37	0.05569947207843637
04	1	14	15	0.015424077656595842
04	1	14	71	0.01088678606157331
04	1	14	61	0.01088678606157331
04	1	14	42	0.01088678606157331
04	1	14	72	0.01088678606157331
04	1	14	73	0.01088678606157331
04	1	14	69	0.007626791618040697
04	1	14	90	0.007626791618040697
04	1	14	82	0.01088678606157331
04	1	14	30	0.01088678606157331
04	1	14	3	0.01088678606157331
04	1	14	91	0.01088678606157331
04	1	14	70	0.004218114646325135
04	1	14	68	0.0014075128822435702
04	1	15	5	0.06826861214392026
04	1	15	0	0.054007684223753426
04	1	15	100	0.054007684223753426
04	1	15	34	0.054007684223753426
04	1	15	2	0.054007684223753426
04	1	15	43	0.02298599486791523
04	1	15	15	0.02298599486791523
04	1	15	21	0.02298599486791523
04	1	15	71	0.02298599486791523
04	1	15	64	0.02298599486791523
04	1	15	78	0.02298599486791523
04	1	15	74	0.02298599486791523
04	1	15	32	0.005464653153113528
04	1	15	69	0.02298599486791523
04	1	15	51	0.02298599486791523
04	1	15	50	0.02298599486791523
04	1	15	55	0.011066086745724955
04	1	15	88	0.004677930253018123
04	1	15	60	0.004584919747115451
04	1	15	44	0.003932673319055384
04	1	15	23	0.003932673319055384
04	1	15	7	0.003932673319055384
04	1	15	42	0.003932673319055384
04	1	16	0	0.12161986093655565
04	1	16	5	0.07013904963102703
04	1	16	72	0.0361258619315733
04	1	16	2	0.0361258619315733
04	1	16	68	0.0361258619315733
04	1	16	3	0.0361258619315733
04	1	16	34	0.020876122423433518
04	1	16	37	0.020876122423433518
04	1	16	42	0.020876122423433518
04	1	16	14	0.020876122423433518
04	1	16	24	0.020876122423433518
04	1	16	59	0.020876122423433518
04	1	16	80	0.020876122423433518
04	1	16	73	0.020876122423433518
04	1	16	93	0.01093107039769622
04	1	16	54	0.01093107039769622
04	1	16	62	0.00956192511022645
04	1	16	91	0.009371095830038758
04	1	16	69	0.00956192511022645
04	1	16	51	0.00956192511022645
04	1	16	55	0.009371095830038758
04	1	17	0	0.06729021022826528
04	1	17	74	0.05011496624048961
04	1	17	2	0.05651863191053935
04	1	17	5	0.05651863191053935
04	1	17	34	0.05651863191053935
04	1	17	61	0.021126538269646455
04	1	17	81	0.021126538269646455
04	1	17	50	0.018197486945809555
04	1	17	93	0.014011975805567442
04	1	17	70	0.018197486945809555
04	1	17	84	0.018197486945809555
04	1	17	82	0.010139748320169832
04	1	17	14	0.011735360524261124
04	1	17	55	0.018197486945809555
04	1	17	100	0.018197486945809555
04	1	17	42	0.018197486945809555
04	1	17	75	0.018197486945809555
04	1	17	88	0.011735360524261124
04	1	17	26	0.010139748320169832
04	1	17	56	0.011735360524261124
04	1	17	30	0.011735360524261124
04	1	17	3	0.011735360524261124
04	1	17	15	0.011735360524261124
04	1	18	0	0.03150046515079627
04	1	18	2	0.031315498469408815
04	1	18	5	0.027824451638717374
04	1	18	7	0.027824451638717374
04	1	18	73	0.023030085904854544
04	1	18	71	0.019079658887135673
04	1	18	34	0.019079658887135673
04	1	18	24	0.023030085904854544
04	1	18	54	0.023030085904854544
04	1	18	42	0.023030085904854544
04	1	18	82	0.019079658887135673
04	1	18	50	0.019079658887135673
04	1	18	94	0.019079658887135673
04	1	18	26	0.019079658887135673
04	1	18	15	0.019079658887135673
04	1	18	45	0.019079658887135673
04	1	18	100	0.019079658887135673
04	1	18	74	0.019079658887135673
04	1	18	44	0.019079658887135673
04	1	18	37	0.010536190350699547
04	1	19	0	0.05102053224319269
04	1	19	5	0.05102053224319269
04	1	19	100	0.04759502648858673
04	1	19	2	0.02616643566144984
04	1	19	15	0.02616643566144984
04	1	19	74	0.02616643566144984
04	1	19	34	0.02616643566144984
04	1	19	3	0.02616643566144984
04	1	19	61	0.02616643566144984
04	1	19	50	0.02616643566144984
04	1	19	73	0.012153004247894839
04	1	19	42	0.015582756101953775
04	1	19	55	0.015582756101953775
04	1	19	78	0.015582756101953775
04	1	19	88	0.0009344519466829328
04	1	19	82	0.012153004247894839
04	1	19	93	0.010725554234990794
04	1	19	14	0.010725554234990794
04	1	19	72	0.010725554234990794
04	1	19	24	0.010725554234990794
04	1	19	37	0.010725554234990794
04	1	20	0	0.0640851589700265
04	1	20	5	0.05196700137168249
04	1	20	2	0.05196700137168249
04	1	20	37	0.03406790847640087
04	1	20	15	0.03406790847640087
04	1	20	69	0.036781518259423746
04	1	20	50	0.036781518259423746
04	1	20	74	0.036781518259423746
04	1	20	42	0.03406790847640087
04	1	20	26	0.03406790847640087
04	1	20	90	0.03406790847640087
04	1	20	30	0.03406790847640087
04	1	20	93	0.03406790847640087
04	1	20	73	0.03406790847640087
04	1	20	44	0.010191821386469306
04	1	20	7	0.010191821386469306
04	1	20	55	0.007507480357932056
04	1	20	78	0.008862512477941469
04	1	20	100	0.008862512477941469
04	1	20	81	0.008862512477941469
04	1	20	54	0.008862512477941469
04	1	20	56	0.007507480357932056
04	1	20	87	0.007507480357932056
04	1	20	83	0.008862512477941469
04	1	20	94	0.008862512477941469
04	1	21	5	0.05948364315380036
04	1	21	30	0.031063902073109072
04	1	21	0	0.03459055297870606
04	1	21	2	0.03459055297870606
04	1	21	50	0.03459055297870606
04	1	21	71	0.02984258043181661
04	1	21	42	0.02984258043181661
04	1	21	14	0.011022437553982444
04	1	21	24	0.00720003269178517
04	1	21	91	0.01549055903654533
04	1	21	37	0.01549055903654533
04	1	21	44	0.01549055903654533
04	1	21	75	0.01549055903654533
04	1	21	94	0.01549055903654533
04	1	21	82	0.01549055903654533
04	1	21	70	0.01549055903654533
04	1	21	64	0.01549055903654533
04	1	21	68	0.013966736922188812
04	1	21	25	0.013966736922188812
04	1	21	89	0.013966736922188812
04	1	21	34	0.013966736922188812
04	1	21	84	0.013966736922188812
04	1	22	0	0.08981598318075096
04	1	22	5	0.08981598318075096
04	1	22	2	0.08981598318075096
04	1	22	50	0.02090655928048765
04	1	22	82	0.02090655928048765
04	1	22	71	0.02090655928048765
04	1	22	37	0.02090655928048765
04	1	22	100	0.02090655928048765
04	1	22	69	0.017828706761103482
04	1	22	42	0.02090655928048765
04	1	22	51	0.017828706761103482
04	1	22	78	0.017828706761103482
04	1	22	34	0.017828706761103482
04	1	22	26	0.00904472106307925
04	1	22	72	0.00904472106307925
04	1	22	30	0.00904472106307925
04	1	22	95	0.00904472106307925
04	1	22	68	0.00904472106307925
04	1	22	14	0.017828706761103482
04	1	22	88	0.017828706761103482
04	1	22	61	0.017828706761103482
04	1	23	0	0.14503362676065404
04	1	23	2	0.14503362676065404
04	1	23	100	0.02088623238778693
04	1	23	25	0.02088623238778693
04	1	23	68	0.02088623238778693
04	1	23	5	0.02088623238778693
04	1	23	74	0.02088623238778693
04	1	23	9	0.017386568607066978
04	1	23	69	0.01708085391923127
04	1	23	91	0.01708085391923127
04	1	23	45	0.01708085391923127
04	1	23	24	0.01708085391923127
04	1	23	61	0.01708085391923127
04	1	23	34	0.015158837084871134
04	1	23	93	0.015158837084871134
04	1	23	71	0.015158837084871134
04	1	23	3	0.01708085391923127
04	1	23	26	0.01708085391923127
04	1	23	15	0.01708085391923127
04	1	23	97	0.01708085391923127
04	1	23	43	0.01708085391923127
04	1	23	35	0.008354533940102925
04	1	24	0	0.0747321621871861
04	1	24	95	0.0376642536971758
04	1	24	68	0.0376642536971758
04	1	24	24	0.0376642536971758
04	1	24	74	0.027897270690145356
04	1	24	87	0.017193905617821564
04	1	24	82	0.017193905617821564
04	1	24	5	0.017193905617821564
04	1	24	88	0.027897270690145356
04	1	24	50	0.027897270690145356
04	1	24	90	0.027897270690145356
04	1	24	72	0.027897270690145356
04	1	24	34	0.01087647240069418
04	1	24	78	0.01087647240069418
04	1	24	30	0.017193905617821564
04	1	24	97	0.017193905617821564
04	1	24	71	0.017193905617821564
04	1	24	2	0.01087647240069418
04	1	24	81	0.01087647240069418
04	1	24	76	0.017193905617821564
04	1	24	6	0.0050652800481795586
04	1	24	64	0.017193905617821564
04	1	24	17	0.017193905617821564
04	1	24	42	0.017193905617821564
04	1	24	23	0.017193905617821564
04	1	25	2	0.03706569891493955
04	1	25	82	0.015645569722154865
04	1	25	34	0.03706569891493955
04	1	25	5	0.03706569891493955
04	1	25	37	0.026348366404236184
04	1	25	42	0.015645569722154865
04	1	25	94	0.015645569722154865
04	1	25	30	0.015645569722154865
04	1	25	50	0.015645569722154865
04	1	25	100	0.015645569722154865
04	1	25	95	0.015645569722154865
04	1	25	61	0.015645569722154865
04	1	25	0	0.015645569722154865
04	1	25	3	0.015645569722154865
04	1	25	14	0.015645569722154865
04	1	25	44	0.015645569722154865
04	1	25	15	0.015645569722154865
04	1	25	73	0.015645569722154865
04	1	25	68	0.015645569722154865
04	1	25	74	0.015645569722154865
04	1	25	77	0.003985102334409363
04	1	26	0	0.07588058710574576
04	1	26	69	0.03645510236124652
04	1	26	61	0.026629136092325274
04	1	26	56	0.026629136092325274
04	1	26	2	0.012589402261041124
04	1	26	95	0.026629136092325274
04	1	26	88	0.01111351191868456
04	1	26	82	0.026629136092325274
04	1	26	68	0.026629136092325274
04	1	26	71	0.026629136092325274
04	1	26	24	0.026629136092325274
04	1	26	3	0.026629136092325274
04	1	26	90	0.012589402261041124
04	1	26	89	0.012589402261041124
04	1	26	14	0.012589402261041124
04	1	26	15	0.012589402261041124
04	1	26	42	0.012589402261041124
04	1	26	9	0.007738301872514889
04	1	26	85	0.007738301872514889
04	1	26	87	0.004609323231847269
04	1	26	51	0.004609323231847269
04	1	26	98	0.004609323231847269
04	1	26	45	0.004609323231847269
04	1	27	0	0.09705759538529375
04	1	27	5	0.032468921327966915
04	1	27	3	0.02602555921855378
04	1	27	14	0.02602555921855378
04	1	27	2	0.02602555921855378
04	1	27	71	0.02602555921855378
04	1	27	34	0.02602555921855378
04	1	27	37	0.02602555921855378
04	1	27	51	0.02602555921855378
04	1	27	26	0.02602555921855378
04	1	27	35	0.02602555921855378
04	1	27	61	0.025020600017255253
04	1	27	95	0.025020600017255253
04	1	27	73	0.025020600017255253
04	1	27	69	0.025020600017255253
04	1	27	27	0.013089121211848813
04	1	27	42	0.013089121211848813
04	1	27	68	0.025020600017255253
04	1	27	54	0.025020600017255253
04	1	27	50	0.01680061679341435
04	1	27	15	0.01680061679341435
04	1	27	44	0.013089121211848813
04	1	28	0	0.07731296032017673
04	1	28	2	0.07731296032017673
04	1	28	34	0.07731296032017673
04	1	28	30	0.06919190260320596
04	1	28	61	0.06919190260320596
04	1	28	73	0.06919190260320596
04	1	28	25	0.06919190260320596
04	1	28	100	0.015478227003901206
04	1	28	93	0.021776113369089065
04	1	28	85	0.021776113369089065
04	1	28	42	0.015478227003901206
04	1	28	32	0.006557603461089758
04	1	28	68	0.015478227003901206
04	1	28	72	0.015478227003901206
04	1	28	50	0.015478227003901206
04	1	28	78	0.015478227003901206
04	1	28	74	0.015478227003901206
04	1	28	62	0.015478227003901206
04	1	28	5	0.015478227003901206
04	1	28	49	0.0056146755345555955
04	1	28	97	0.006557603461089758
04	1	28	4	0.006557603461089758
04	1	28	92	0.006557603461089758
04	1	29	0	0.10188355040528568
04	1	29	100	0.01844422676599931
04	1	29	71	0.01844422676599931
04	1	29	2	0.01844422676599931
04	1	29	82	0.01844422676599931
04	1	29	74	0.01844422676599931
04	1	29	34	0.01844422676599931
04	1	29	3	0.01844422676599931
04	1	29	5	0.013606357078947284
04	1	29	68	0.013606357078947284
04	1	29	44	0.013606357078947284
04	1	29	78	0.01844422676599931
04	1	29	50	0.01844422676599931
04	1	29	14	0.01844422676599931
04	1	29	30	0.01844422676599931
04	1	29	75	0.013606357078947284
04	1	29	84	0.013606357078947284
04	1	29	15	0.01844422676599931
04	1	29	54	0.01844422676599931
04	1	29	51	0.01844422676599931
04	1	29	93	0.01844422676599931
04	1	29	88	0.01844422676599931
04	1	29	60	0.004657562306858779
04	1	30	2	0.06636834622769204
04	1	30	0	0.06636834622769204
04	1	30	42	0.03178891224259385
04	1	30	14	0.03178891224259385
04	1	30	71	0.03178891224259385
04	1	30	100	0.03178891224259385
04	1	30	82	0.03178891224259385
04	1	30	70	0.03178891224259385
04	1	30	30	0.03178891224259385
04	1	30	88	0.03178891224259385
04	1	30	83	0.03178891224259385
04	1	30	68	0.03178891224259385
04	1	30	64	0.03178891224259385
04	1	30	84	0.03178891224259385
04	1	30	15	0.03178891224259385
04	1	30	37	0.01036968115666423
04	1	30	61	0.01036968115666423
04	1	30	7	0.01036968115666423
04	1	30	78	0.03178891224259385
04	1	30	81	0.03178891224259385
04	1	30	50	0.03178891224259385
04	1	30	95	0.014443325659288011
04	1	30	74	0.014443325659288011
04	1	31	0	0.13552181965103807
04	1	31	2	0.13552181965103807
04	1	31	100	0.03324529230038724
04	1	31	74	0.019026614255358166
04	1	31	30	0.019026614255358166
04	1	31	37	0.019026614255358166
04	1	31	34	0.015886689910982757
04	1	31	3	0.01371671874424152
04	1	31	15	0.009940841687116127
04	1	31	94	0.015886689910982757
04	1	31	95	0.015886689910982757
04	1	31	97	0.015886689910982757
04	1	31	72	0.015886689910982757
04	1	31	45	0.00965633679399615
04	1	31	5	0.009940841687116127
04	1	31	81	0.009940841687116127
04	1	31	14	0.006106286589834764
04	1	31	68	0.00965633679399615
04	1	31	57	0.00965633679399615
04	1	31	91	0.00965633679399615
04	1	31	75	0.00965633679399615
04	1	31	92	0.007574678171083862
04	1	31	70	0.007574678171083862
04	1	32	50	0.05043946116007199
04	1	32	5	0.05043946116007199
04	1	32	61	0.043657740979148936
04	1	32	2	0.05043946116007199
04	1	32	3	0.05043946116007199
04	1	32	37	0.05043946116007199
04	1	32	34	0.05043946116007199
04	1	32	0	0.05043946116007199
04	1	32	75	0.04026848769267141
04	1	32	100	0.05043946116007199
04	1	32	17	0.05043946116007199
04	1	32	88	0.05043946116007199
04	1	32	73	0.05043946116007199
04	1	32	84	0.04026848769267141
04	1	32	60	0.04026848769267141
04	1	32	44	0.001848401478979793
04	1	32	70	0.04026848769267141
04	1	32	82	0.04026848769267141
04	1	32	98	0.04026848769267141
04	1	32	72	0.026501959779863256
04	1	32	96	0.026501959779863256
04	1	33	74	0.037656821959000074
04	1	33	34	0.028639817293396545
04	1	33	71	0.028639817293396545
04	1	33	73	0.025770288317299928
04	1	33	0	0.025770288317299928
04	1	33	30	0.025770288317299928
04	1	33	75	0.025770288317299928
04	1	33	78	0.025770288317299928
04	1	33	50	0.025770288317299928
04	1	33	2	0.025770288317299928
04	1	33	90	0.020555729535283125
04	1	33	42	0.020555729535283125
04	1	33	61	0.020555729535283125
04	1	33	88	0.015044247793376993
04	1	33	96	0.015044247793376993
04	1	33	81	0.015044247793376993
04	1	33	6	0.015044247793376993
04	1	33	83	0.015044247793376993
04	1	33	91	0.004820080406461224
04	1	33	62	0.004820080406461224
04	1	33	100	0.004820080406461224
04	1	33	70	0.004820080406461224
04	1	33	7	0.01004993125675912
04	1	33	14	0.01004993125675912
04	1	34	0	0.03405472026407769
04	1	34	95	0.03405472026407769
04	1	34	30	0.02237421663591707
04	1	34	14	0.01742541721164579
04	1	34	15	0.01742541721164579
04	1	34	26	0.02237421663591707
04	1	34	61	0.02237421663591707
04	1	34	73	0.02237421663591707
04	1	34	35	0.016922493214645253
04	1	34	37	0.016922493214645253
04	1	34	72	0.016922493214645253
04	1	34	5	0.016922493214645253
04	1	34	84	0.016922493214645253
04	1	34	25	0.004275875803107692
04	1	34	98	0.0012447732966861006
04	1	34	43	0.015665643650078283
04	1	34	71	0.015665643650078283
04	1	34	68	0.015665643650078283
04	1	34	81	0.015665643650078283
04	1	34	64	0.015665643650078283
04	1	34	91	0.015665643650078283
04	1	34	3	0.015665643650078283
04	1	35	0	0.12014862620161966
04	1	35	5	0.12014862620161966
04	1	35	37	0.04516535128574957
04	1	35	34	0.04516535128574957
04	1	35	2	0.03332439931111524
04	1	35	15	0.03332439931111524
04	1	35	82	0.017718599498807688
04	1	35	95	0.017718599498807688
04	1	35	54	0.017718599498807688
04	1	35	71	0.017718599498807688
04	1	35	73	0.017718599498807688
04	1	35	61	0.017718599498807688
04	1	35	68	0.017718599498807688
04	1	35	70	0.017718599498807688
04	1	35	56	0.017718599498807688
04	1	35	98	0.006088882465541488
04	1	35	91	0.0072044159103366754
04	1	35	74	0.0072044159103366754
04	1	35	69	0.0072044159103366754
04	1	35	55	0.0072044159103366754
04	1	35	45	0.006088882465541488
04	1	35	84	0.006088882465541488
04	1	35	29	0.006088882465541488
04	1	35	44	0.006088882465541488
04	1	36	0	0.16450519216283954
04	1	36	2	0.039936148037805715
04	1	36	25	0.039936148037805715
04	1	36	30	0.039936148037805715
04	1	36	5	0.02914407852721228
04	1	36	73	0.02914407852721228
04	1	36	86	0.02914407852721228
04	1	36	24	0.02914407852721228
04	1	36	9	0.02914407852721228
04	1	36	95	0.02914407852721228
04	1	36	91	0.02914407852721228
04	1	36	100	0.02914407852721228
04	1	36	68	0.02914407852721228
04	1	36	56	0.02914407852721228
04	1	36	11	0.013359185853239627
04	1	36	90	0.012333211930291493
04	1	36	15	0.02914407852721228
04	1	36	58	0.02914407852721228
04	1	36	19	0.02914407852721228
04	1	36	92	0.02914407852721228
04	1	36	97	0.02914407852721228
04	1	36	50	0.009788357514847317
04	1	36	85	0.009788357514847317
04	1	37	0	0.10806968503037938
04	1	37	81	0.036654145485031236
04	1	37	34	0.036654145485031236
04	1	37	74	0.036654145485031236
04	1	37	73	0.028933695257973326
04	1	37	35	0.036654145485031236
04	1	37	51	0.036654145485031236
04	1	37	82	0.01821902262599023
04	1	37	50	0.01821902262599023
04	1	37	62	0.01821902262599023
04	1	37	94	0.01821902262599023
04	1	37	56	0.01821902262599023
04	1	37	14	0.01821902262599023
04	1	37	75	0.01821902262599023
04	1	37	11	0.01821902262599023
04	1	37	53	0.009599001617130924
04	1	37	84	0.009599001617130924
04	1	37	83	0.009599001617130924
04	1	37	93	0.01821902262599023
04	1	37	54	0.01821902262599023
04	1	37	6	0.009546406379305405
04	1	37	70	0.009546406379305405
04	1	37	30	0.01821902262599023
04	1	37	80	0.01821902262599023
04	1	38	0	0.12815805897905133
04	1	38	2	0.06435973274718569
04	1	38	42	0.03407243514323631
04	1	38	34	0.03178425769045387
04	1	38	93	0.0162514926157708
04	1	38	50	0.01374484691675987
04	1	38	74	0.0162514926157708
04	1	38	37	0.0162514926157708
04	1	38	73	0.0162514926157708
04	1	38	30	0.0162514926157708
04	1	38	94	0.0162514926157708
04	1	38	25	0.0162514926157708
04	1	38	95	0.003943332749281244
04	1	38	83	0.012278473984622684
04	1	38	81	0.012278473984622684
04	1	38	45	0.012278473984622684
04	1	38	78	0.007038000936530127
04	1	38	55	0.003943332749281244
04	1	38	5	0.0030524815624210604
04	1	38	13	0.0019512648494422885
04	1	39	0	0.09816029798325435
04	1	39	2	0.07228807772881644
04	1	39	71	0.06951193943893448
04	1	39	61	0.06951193943893448
04	1	39	34	0.06951193943893448
04	1	39	14	0.01123845362597931
04	1	39	100	0.03770597874308426
04	1	39	69	0.03770597874308426
04	1	39	15	0.03770597874308426
04	1	39	74	0.03770597874308426
04	1	39	88	0.03770597874308426
04	1	39	75	0.005174704282476515
04	1	39	44	0.005174704282476515
04	1	39	37	0.018297537236835616
04	1	39	94	0.018297537236835616
04	1	39	81	0.018297537236835616
04	1	39	51	0.018297537236835616
04	1	39	78	0.018297537236835616
04	1	39	50	0.018297537236835616
04	1	39	73	0.018297537236835616
04	1	39	55	0.018297537236835616
04	1	40	5	0.09827855220915507
04	1	40	0	0.0930711964182746
04	1	40	2	0.0930711964182746
04	1	40	14	0.04418131299945611
04	1	40	3	0.04418131299945611
04	1	40	42	0.04418131299945611
04	1	40	30	0.04418131299945611
04	1	40	44	0.04418131299945611
04	1	40	83	0.04418131299945611
04	1	40	68	0.04418131299945611
04	1	40	62	0.04418131299945611
04	1	40	61	0.04418131299945611
04	1	40	95	0.04418131299945611
04	1	40	90	0.0038462168491710702
04	1	40	43	0.021072263880476262
04	1	40	87	0.021072263880476262
04	1	40	27	0.021072263880476262
04	1	40	25	0.021072263880476262
04	1	40	89	0.007111970466934083
04	1	40	76	0.005022887618626326
04	1	41	0	0.10914440876158431
04	1	41	5	0.043887368797970956
04	1	41	73	0.03257385948230009
04	1	41	37	0.03257385948230009
04	1	41	71	0.025764190098838364
04	1	41	30	0.025764190098838364
04	1	41	3	0.025764190098838364
04	1	41	14	0.025764190098838364
04	1	41	88	0.025764190098838364
04	1	41	95	0.01207938341328263
04	1	41	94	0.025764190098838364
04	1	41	56	0.025764190098838364
04	1	41	87	0.025764190098838364
04	1	41	72	0.025764190098838364
04	1	41	84	0.025764190098838364
04	1	41	54	0.025764190098838364
04	1	41	97	0.013835617257718919
04	1	41	93	0.013835617257718919
04	1	41	75	0.013835617257718919
04	1	41	27	0.009026194720840833
04	1	42	0	0.11067554565358573
04	1	42	5	0.0427967509711479
04	1	42	2	0.041027320968598666
04	1	42	73	0.01536089815446554
04	1	42	91	0.01536089815446554
04	1	42	14	0.01536089815446554
04	1	42	3	0.01536089815446554
04	1	42	42	0.01536089815446554
04	1	42	37	0.01536089815446554
04	1	42	68	0.01536089815446554
04	1	42	61	0.008880803765077881
04	1	42	81	0.01536089815446554
04	1	42	54	0.01536089815446554
04	1	42	83	0.011805034049954888
04	1	42	82	0.009908049796998414
04	1	42	95	0.009908049796998414
04	1	42	69	0.009908049796998414
04	1	42	97	0.003904933642675065
04	1	42	90	0.003904933642675065
04	1	42	25	0.008880803765077881
04	1	42	72	0.008880803765077881
04	1	42	100	0.003904933642675065
04	1	43	0	0.06961920008833272
04	1	43	5	0.052514178713583326
04	1	43	2	0.040513712551688334
04	1	43	82	0.040513712551688334
04	1	43	37	0.040513712551688334
04	1	43	34	0.040513712551688334
04	1	43	42	0.040513712551688334
04	1	43	60	0.040513712551688334
04	1	43	93	0.040513712551688334
04	1	43	3	0.024201293877290666
04	1	43	9	0.040513712551688334
04	1	43	25	0.040513712551688334
04	1	43	50	0.023849662487182715
04	1	43	71	0.021231307368012747
04	1	43	45	0.021231307368012747
04	1	43	100	0.017148650230250216
04	1	43	77	0.021231307368012747
04	1	43	96	0.021231307368012747
04	1	43	87	0.014275517889475894
04	1	43	49	0.006128235929125697
04	1	43	88	0.006128235929125697
04	1	44	2	0.07190926883172975
04	1	44	95	0.06308968527133645
04	1	44	94	0.018208769394614945
04	1	44	34	0.019287335900414662
04	1	44	5	0.019287335900414662
04	1	44	51	0.018208769394614945
04	1	44	93	0.018208769394614945
04	1	44	42	0.018208769394614945
04	1	44	14	0.018208769394614945
04	1	44	49	0.018208769394614945
04	1	44	90	0.018208769394614945
04	1	44	62	0.018208769394614945
04	1	44	97	0.018208769394614945
04	1	44	37	0.018208769394614945
04	1	44	72	0.018208769394614945
04	1	44	68	0.011554096519125692
04	1	44	9	0.00894958470023162
04	1	44	74	0.018208769394614945
04	1	44	100	0.018208769394614945
04	1	44	50	0.018208769394614945
04	1	45	0	0.10464847374218121
04	1	45	2	0.10464847374218121
04	1	45	5	0.10464847374218121
04	1	45	42	0.02868516093492671
04	1	45	82	0.02868516093492671
04	1	45	50	0.023506719166782902
04	1	45	100	0.023506719166782902
04	1	45	71	0.023506719166782902
04	1	45	95	0.023506719166782902
04	1	45	61	0.023506719166782902
04	1	45	74	0.023506719166782902
04	1	45	34	0.023506719166782902
04	1	45	3	0.023506719166782902
04	1	45	68	0.023506719166782902
04	1	45	91	0.011736997692297413
04	1	45	37	0.011736997692297413
04	1	45	73	0.0042087932812729
04	1	45	26	0.011736997692297413
04	1	45	15	0.011736997692297413
04	1	45	69	0.0042087932812729
04	1	46	0	0.07379399477695837
04	1	46	74	0.017245218430831284
04	1	46	2	0.036680162069454535
04	1	46	34	0.036680162069454535
04	1	46	5	0.036680162069454535
04	1	46	15	0.026617840188011943
04	1	46	7	0.026617840188011943
04	1	46	45	0.017245218430831284
04	1	46	71	0.017245218430831284
04	1	46	100	0.017245218430831284
04	1	46	69	0.016761320016296967
04	1	46	13	0.017245218430831284
04	1	46	4	0.017245218430831284
04	1	46	24	0.017245218430831284
04	1	46	90	0.007373930198758462
04	1	46	14	0.016761320016296967
04	1	46	42	0.016761320016296967
04	1	46	51	0.016761320016296967
04	1	46	78	0.014769558976414195
04	1	46	82	0.014769558976414195
04	1	46	91	0.014769558976414195
04	1	47	0	0.07042428019829515
04	1	47	2	0.0656444085567441
04	1	47	5	0.0656444085567441
04	1	47	3	0.030478412672939728
04	1	47	100	0.027217630189327637
04	1	47	37	0.013991551019174818
04	1	47	71	0.013991551019174818
04	1	47	30	0.013991551019174818
04	1	47	50	0.012433846518928447
04	1	47	34	0.012433846518928447
04	1	47	94	0.013991551019174818
04	1	47	54	0.013991551019174818
04	1	47	25	0.013991551019174818
04	1	47	24	0.013991551019174818
04	1	47	93	0.013991551019174818
04	1	47	73	0.013991551019174818
04	1	47	15	0.013991551019174818
04	1	47	87	0.012760103145168959
04	1	47	43	0.012760103145168959
04	1	47	26	0.008084673072305685
04	1	48	5	0.11011518996597139
04	1	48	37	0.0353374247410636
04	1	48	30	0.0353374247410636
04	1	48	71	0.03517505760497721
04	1	48	2	0.03517505760497721
04	1	48	100	0.03517505760497721
04	1	48	74	0.023130356264486875
04	1	48	24	0.029276673067319424
04	1	48	61	0.029276673067319424
04	1	48	0	0.029276673067319424
04	1	48	78	0.018873466630636864
04	1	48	42	0.023130356264486875
04	1	48	34	0.023130356264486875
04	1	48	13	0.023130356264486875
04	1	48	14	0.023130356264486875
04	1	48	75	0.013369376131803721
04	1	48	11	0.013369376131803721
04	1	48	51	0.018873466630636864
04	1	48	60	0.018873466630636864
04	1	48	88	0.006604691744941332
04	1	49	0	0.0986252601127101
04	1	49	5	0.0986252601127101
04	1	49	82	0.0453277551552254
04	1	49	30	0.045170728479842666
04	1	49	61	0.021615773984970693
04	1	49	25	0.010172904353574218
04	1	49	2	0.010172904353574218
04	1	49	69	0.010172904353574218
04	1	49	95	0.010172904353574218
04	1	49	24	0.010172904353574218
04	1	49	74	0.010172904353574218
04	1	49	100	0.010172904353574218
04	1	49	14	0.010172904353574218
04	1	49	34	0.010172904353574218
04	1	49	75	0.008511523022924664
04	1	49	9	0.008511523022924664
04	1	49	73	0.008511523022924664
04	1	49	81	0.008365559199121355
04	1	49	15	0.0068174477789813325
04	1	49	83	0.003580603113833453
04	1	50	0	0.07658182290822695
04	1	50	37	0.027451921293078673
04	1	50	2	0.07181007894506793
04	1	50	5	0.07181007894506793
04	1	50	71	0.07181007894506793
04	1	50	81	0.018255399208962516
04	1	50	95	0.018255399208962516
04	1	50	26	0.018255399208962516
04	1	50	50	0.018255399208962516
04	1	50	34	0.018255399208962516
04	1	50	7	0.018255399208962516
04	1	50	42	0.018255399208962516
04	1	50	55	0.018255399208962516
04	1	50	35	0.010033005940637116
04	1	50	69	0.008704552221822632
04	1	50	14	0.008704552221822632
04	1	50	6	0.010033005940637116
04	1	50	4	0.010033005940637116
04	1	50	10	0.010033005940637116
04	1	50	31	0.010033005940637116
04	1	50	9	0.010033005940637116
04	1	50	99	0.010033005940637116
04	1	51	0	0.042074070438004735
04	1	51	15	0.018575104667906985
04	1	51	73	0.042074070438004735
04	1	51	14	0.042074070438004735
04	1	51	93	0.023728385161455857
04	1	51	57	0.023728385161455857
04	1	51	5	0.023728385161455857
04	1	51	84	0.016189498824159283
04	1	51	2	0.016349980365762733
04	1	51	34	0.016349980365762733
04	1	51	75	0.016189498824159283
04	1	51	70	0.016189498824159283
04	1	51	87	0.016189498824159283
04	1	51	56	0.015293240050786144
04	1	51	100	0.015293240050786144
04	1	51	35	0.015293240050786144
04	1	51	50	0.015293240050786144
04	1	51	7	0.0060942032685962245
04	1	51	85	0.013753080557286216
04	1	51	99	0.013753080557286216
04	1	51	90	0.013753080557286216
04	1	52	2	0.054884621762336536
04	1	52	5	0.054884621762336536
04	1	52	100	0.054884621762336536
04	1	52	0	0.054884621762336536
04	1	52	14	0.026121801722470386
04	1	52	50	0.016895078822448364
04	1	52	30	0.016895078822448364
04	1	52	71	0.016895078822448364
04	1	52	88	0.016895078822448364
04	1	52	34	0.016895078822448364
04	1	52	73	0.016895078822448364
04	1	52	82	0.016895078822448364
04	1	52	74	0.016895078822448364
04	1	52	37	0.016895078822448364
04	1	52	3	0.016895078822448364
04	1	52	48	0.0041559905809542465
04	1	52	93	0.016895078822448364
04	1	52	69	0.0041559905809542465
04	1	52	25	0.016895078822448364
04	1	52	24	0.016895078822448364
04	1	52	15	0.016895078822448364
04	1	52	87	0.005138502028733769
04	1	53	0	0.1309670225963826
04	1	53	5	0.12027918118224154
04	1	53	25	0.022325326053226548
04	1	53	7	0.022325326053226548
04	1	53	44	0.022325326053226548
04	1	53	68	0.022325326053226548
04	1	53	82	0.022325326053226548
04	1	53	95	0.022325326053226548
04	1	53	14	0.022325326053226548
04	1	53	45	0.022325326053226548
04	1	53	2	0.011651641415566297
04	1	53	84	0.011651641415566297
04	1	53	43	0.022325326053226548
04	1	53	21	0.022325326053226548
04	1	53	9	0.022325326053226548
04	1	53	6	0.022325326053226548
04	1	53	73	0.022325326053226548
04	1	53	87	0.011651641415566297
04	1	53	54	0.011651641415566297
04	1	53	70	0.011651641415566297
04	1	54	0	0.09935044670537997
04	1	54	2	0.05338749457368902
04	1	54	5	0.04478175503079224
04	1	54	50	0.04478175503079224
04	1	54	82	0.01407844892723286
04	1	54	42	0.01407844892723286
04	1	54	71	0.013784529235081078
04	1	54	68	0.013784529235081078
04	1	54	69	0.013784529235081078
04	1	54	78	0.008845196510987585
04	1	54	93	0.01407844892723286
04	1	54	34	0.01407844892723286
04	1	54	73	0.01407844892723286
04	1	54	72	0.009699419022638725
04	1	54	30	0.009699419022638725
04	1	54	15	0.009699419022638725
04	1	54	94	0.009699419022638725
04	1	54	74	0.008086260057317708
04	1	54	26	0.007943316203065003
04	1	54	84	0.007943316203065003
04	1	54	25	0.002922204346136106
04	1	54	24	0.002922204346136106
04	1	54	44	0.002922204346136106
04	1	54	70	0.002922204346136106
04	1	55	0	0.12121918780692453
04	1	55	2	0.12121918780692453
04	1	55	73	0.020464644209793655
04	1	55	82	0.020464644209793655
04	1	55	50	0.020464644209793655
04	1	55	34	0.020464644209793655
04	1	55	37	0.020464644209793655
04	1	55	74	0.020464644209793655
04	1	55	51	0.020464644209793655
04	1	55	100	0.020464644209793655
04	1	55	14	0.020464644209793655
04	1	55	5	0.019760300966567487
04	1	55	71	0.019760300966567487
04	1	55	24	0.019760300966567487
04	1	55	88	0.019760300966567487
04	1	55	55	0.011300534603870835
04	1	55	78	0.011300534603870835
04	1	55	68	0.011300534603870835
04	1	55	61	0.00783923851804211
04	1	55	93	0.00783923851804211
04	1	56	5	0.07515157156318727
04	1	56	34	0.0379908590201768
04	1	56	2	0.0379908590201768
04	1	56	71	0.0379908590201768
04	1	56	26	0.023254493570529545
04	1	56	27	0.023254493570529545
04	1	56	74	0.023254493570529545
04	1	56	100	0.023254493570529545
04	1	56	24	0.023254493570529545
04	1	56	68	0.023254493570529545
04	1	56	42	0.023254493570529545
04	1	56	95	0.023254493570529545
04	1	56	85	0.023254493570529545
04	1	56	30	0.023254493570529545
04	1	56	6	0.023254493570529545
04	1	56	45	0.023254493570529545
04	1	56	87	0.023254493570529545
04	1	56	98	0.023254493570529545
04	1	56	72	0.023254493570529545
04	1	56	50	0.006127160734991484
04	1	57	0	0.05506207239499382
04	1	57	2	0.05506207239499382
04	1	57	93	0.0353000024856202
04	1	57	69	0.05506207239499382
04	1	57	51	0.05506207239499382
04	1	57	5	0.0353000024856202
04	1	57	100	0.019762257535817413
04	1	57	49	0.01680113919058813
04	1	57	74	0.01680113919058813
04	1	57	14	0.020467107914726636
04	1	57	72	0.020467107914726636
04	1	57	34	0.020467107914726636
04	1	57	77	0.020467107914726636
04	1	57	90	0.01680113919058813
04	1	57	88	0.01680113919058813
04	1	57	55	0.01680113919058813
04	1	57	73	0.010507513617480247
04	1	57	81	0.0071228572414262425
04	1	57	83	0.0071228572414262425
04	1	57	26	0.010507513617480247
04	1	57	42	0.010507513617480247
04	1	57	61	0.002471516689649227
04	1	58	0	0.13604039969129655
04	1	58	86	0.0183840533806294
04	1	58	90	0.0183840533806294
04	1	58	5	0.0183840533806294
04	1	58	15	0.0183840533806294
04	1	58	73	0.0183840533806294
04	1	58	93	0.0183840533806294
04	1	58	62	0.0183840533806294
04	1	58	51	0.0183840533806294
04	1	58	77	0.0183840533806294
04	1	58	56	0.0183840533806294
04	1	58	87	0.0183840533806294
04	1	58	34	0.0183840533806294
04	1	58	55	0.0183840533806294
04	1	58	49	0.0183840533806294
04	1	58	50	0.0183840533806294
04	1	58	68	0.006660618330918336
04	1	58	98	0.006660618330918336
04	1	58	26	0.014602089036522025
04	1	58	69	0.014602089036522025
04	1	58	2	0.014602089036522025
04	1	59	0	0.11219649283305348
04	1	59	54	0.09043306132789895
04	1	59	30	0.09043306132789895
04	1	59	2	0.07876033178971421
04	1	59	42	0.07876033178971421
04	1	59	82	0.03445709436020051
04	1	59	25	0.03445709436020051
04	1	59	83	0.03445709436020051
04	1	59	71	0.03445709436020051
04	1	59	81	0.03445709436020051
04	1	59	60	0.03445709436020051
04	1	59	69	0.03445709436020051
04	1	59	93	0.03445709436020051
04	1	59	15	0.03445709436020051
04	1	59	37	0.023530964786204728
04	1	59	88	0.023530964786204728
04	1	59	14	0.014804615462546005
04	1	59	9	0.014804615462546005
04	1	59	27	0.005791604574332659
04	1	59	45	0.005669885392320058
04	1	59	72	0.005669885392320058
04	1	60	5	0.06962636166034764
04	1	60	61	0.051835433238729405
04	1	60	71	0.04264927221288861
04	1	60	50	0.04264927221288861
04	1	60	93	0.04264927221288861
04	1	60	98	0.04264927221288861
04	1	60	62	0.04264927221288861
04	1	60	48	0.04264927221288861
04	1	60	14	0.04264927221288861
04	1	60	69	0.04264927221288861
04	1	60	88	0.04264927221288861
04	1	60	15	0.04264927221288861
04	1	60	83	0.04264927221288861
04	1	60	81	0.02014801201726084
04	1	60	2	0.006969616023308985
04	1	60	76	0.006969616023308985
04	1	60	72	0.02014801201726084
04	1	60	17	0.02014801201726084
04	1	60	100	0.02014801201726084
04	1	60	25	0.011301864368342667
04	1	60	35	0.008857685346794182
04	1	60	29	0.00363760272332211
04	1	61	5	0.06043259054410369
04	1	61	100	0.06043259054410369
04	1	61	2	0.030971694689618905
04	1	61	95	0.030971694689618905
04	1	61	15	0.030971694689618905
04	1	61	73	0.030971694689618905
04	1	61	69	0.030971694689618905
04	1	61	55	0.030971694689618905
04	1	61	50	0.030971694689618905
04	1	61	59	0.013027639372645904
04	1	61	61	0.030971694689618905
04	1	61	42	0.030971694689618905
04	1	61	71	0.030971694689618905
04	1	61	82	0.030971694689618905
04	1	61	37	0.030971694689618905
04	1	61	54	0.030971694689618905
04	1	61	3	0.030971694689618905
04	1	61	68	0.030971694689618905
04	1	61	49	0.013027639372645904
04	1	61	74	0.013027639372645904
04	1	62	0	0.09259610784601566
04	1	62	5	0.05619959930562664
04	1	62	2	0.04514045952578333
04	1	62	50	0.03064545282472561
04	1	62	37	0.03064545282472561
04	1	62	42	0.03064545282472561
04	1	62	82	0.03064545282472561
04	1	62	34	0.03064545282472561
04	1	62	14	0.03064545282472561
04	1	62	69	0.03064545282472561
04	1	62	30	0.03064545282472561
04	1	62	3	0.03064545282472561
04	1	62	24	0.017443328594639724
04	1	62	72	0.03064545282472561
04	1	62	100	0.03064545282472561
04	1	62	88	0.03064545282472561
04	1	62	71	0.03064545282472561
04	1	62	35	0.017443328594639724
04	1	62	25	0.017443328594639724
04	1	62	54	0.017443328594639724
04	1	62	7	0.00980655804206322
04	1	62	60	0.00980655804206322
04	1	62	74	0.03064545282472561
04	1	62	78	0.03064545282472561
04	1	62	51	0.03064545282472561
04	1	62	49	0.03064545282472561
04	1	63	0	0.07656388897654623
04	1	63	5	0.07656388897654623
04	1	63	2	0.06213127318985792
04	1	63	34	0.027559952246086195
04	1	63	30	0.027559952246086195
04	1	63	3	0.01948408753733274
04	1	63	82	0.027559952246086195
04	1	63	71	0.027559952246086195
04	1	63	15	0.012957917323761718
04	1	63	72	0.012957917323761718
04	1	63	51	0.0063420028211095296
04	1	63	81	0.0063420028211095296
04	1	63	14	0.012957917323761718
04	1	63	73	0.012957917323761718
04	1	63	37	0.012070331555057873
04	1	63	69	0.008553995163780612
04	1	63	88	0.0063420028211095296
04	1	63	74	0.0061624066513884905
04	1	63	25	0.008553995163780612
04	1	63	61	0.008553995163780612
04	1	63	44	0.008553995163780612
04	1	63	94	0.008553995163780612
04	1	63	50	0.0026071220755464683
04	1	63	83	0.0026071220755464683
04	1	63	55	0.00669279118149063
04	1	63	35	0.00669279118149063
04	1	64	0	0.11559530100516775
04	1	64	2	0.09925896270795209
04	1	64	100	0.014609243820695507
04	1	64	3	0.022744925000648997
04	1	64	37	0.022744925000648997
04	1	64	90	0.01834985609136357
04	1	64	7	0.01834985609136357
04	1	64	73	0.014609243820695507
04	1	64	88	0.014609243820695507
04	1	64	78	0.014609243820695507
04	1	64	93	0.012450789425251524
04	1	64	50	0.012450789425251524
04	1	64	74	0.012450789425251524
04	1	64	72	0.011381430554380331
04	1	64	60	0.01102394746582057
04	1	64	96	0.010759698728283498
04	1	64	92	0.005168993519932322
04	1	64	4	0.0017232529246836575
04	1	64	95	0.010759698728283498
04	1	64	68	0.010759698728283498
04	1	64	51	0.010759698728283498
04	1	65	0	0.05824072739424903
04	1	65	2	0.03693604154236503
04	1	65	5	0.03311892127275799
04	1	65	30	0.03311892127275799
04	1	65	83	0.03132922972104612
04	1	65	25	0.03311892127275799
04	1	65	37	0.03311892127275799
04	1	65	75	0.017995313142057823
04	1	65	49	0.03132922972104612
04	1	65	73	0.03132922972104612
04	1	65	62	0.03132922972104612
04	1	65	100	0.03132922972104612
04	1	65	78	0.03132922972104612
04	1	65	51	0.03132922972104612
04	1	65	86	0.03132922972104612
04	1	65	74	0.031088708064828312
04	1	65	93	0.031088708064828312
04	1	65	81	0.010654418026208989
04	1	65	70	0.017995313142057823
04	1	65	61	0.017995313142057823
04	1	65	84	0.017995313142057823
04	1	66	0	0.15373917023937994
04	1	66	82	0.02313558537634993
04	1	66	2	0.02313558537634993
04	1	66	69	0.02313558537634993
04	1	66	5	0.02313558537634993
04	1	66	3	0.02313558537634993
04	1	66	42	0.02313558537634993
04	1	66	100	0.02313558537634993
04	1	66	71	0.02313558537634993
04	1	66	34	0.02313558537634993
04	1	66	30	0.020674388431823194
04	1	66	14	0.020674388431823194
04	1	66	61	0.020674388431823194
04	1	66	26	0.012111200242713555
04	1	66	72	0.02007649100215429
04	1	66	37	0.02007649100215429
04	1	66	15	0.012111200242713555
04	1	66	54	0.012111200242713555
04	1	66	93	0.012111200242713555
04	1	66	91	0.004307324174478091
04	1	67	2	0.054452943500235954
04	1	67	5	0.042572271750151124
04	1	67	94	0.03894100654579299
04	1	67	0	0.03894100654579299
04	1	67	95	0.02535864440694649
04	1	67	24	0.03894100654579299
04	1	67	42	0.03894100654579299
04	1	67	69	0.02535864440694649
04	1	67	78	0.022584475280798662
04	1	67	70	0.01930352588861542
04	1	67	75	0.01930352588861542
04	1	67	3	0.022584475280798662
04	1	67	54	0.022584475280798662
04	1	67	91	0.022584475280798662
04	1	67	92	0.02186852864731554
04	1	67	43	0.01930352588861542
04	1	67	61	0.01930352588861542
04	1	67	84	0.01930352588861542
04	1	67	34	0.0071416763027072954
04	1	67	100	0.02186852864731554
04	1	67	51	0.02186852864731554
04	1	67	97	0.02186852864731554
04	1	67	68	0.02186852864731554
04	1	67	71	0.02186852864731554
04	1	67	49	0.02186852864731554
04	1	67	14	0.02186852864731554
04	1	68	0	0.12384336010723684
04	1	68	100	0.04394909796776604
04	1	68	2	0.05348255745781299
04	1	68	5	0.05348255745781299
04	1	68	74	0.04394909796776604
04	1	68	50	0.023260270702335984
04	1	68	34	0.028839813492187324
04	1	68	82	0.028839813492187324
04	1	68	95	0.023260270702335984
04	1	68	30	0.010557001804056628
04	1	68	14	0.010226923145277074
04	1	68	91	0.010226923145277074
04	1	68	37	0.010226923145277074
04	1	68	26	0.010226923145277074
04	1	68	88	0.010226923145277074
04	1	68	3	0.010226923145277074
04	1	68	71	0.010226923145277074
04	1	68	68	0.006027265709502788
04	1	68	55	0.006027265709502788
04	1	68	43	0.006027265709502788
04	1	69	0	0.11369357440185442
04	1	69	5	0.08323175203499548
04	1	69	2	0.07863650517665738
04	1	69	82	0.03134244245620826
04	1	69	30	0.019207656096948845
04	1	69	75	0.016773123107955264
04	1	69	25	0.016773123107955264
04	1	69	73	0.009695011768125539
04	1	69	93	0.009695011768125539
04	1	69	74	0.009695011768125539
04	1	69	55	0.009695011768125539
04	1	69	26	0.005304100892419762
04	1	69	45	0.005304100892419762
04	1	69	54	0.006280586463762253
04	1	69	34	0.006280586463762253
04	1	69	94	0.006280586463762253
04	1	69	42	0.005304100892419762
04	1	69	15	0.005304100892419762
04	1	69	84	0.002581377369683841
04	1	69	88	0.006280586463762253
04	1	69	37	0.006280586463762253
04	1	69	14	0.006280586463762253
04	1	69	81	0.002740371776248892
04	1	70	2	0.05141731179345677
04	1	70	82	0.05141731179345677
04	1	70	14	0.04547720114964792
04	1	70	73	0.04547720114964792
04	1	70	5	0.04547720114964792
04	1	70	61	0.04547720114964792
04	1	70	34	0.04547720114964792
04	1	70	0	0.04547720114964792
04	1	70	44	0.04547720114964792
04	1	70	30	0.04547720114964792
04	1	70	15	0.04547720114964792
04	1	70	97	0.04547720114964792
04	1	70	92	0.011445141378068065
04	1	70	60	0.00720039959340075
04	1	70	95	0.00720039959340075
04	1	70	9	0.003496759605299143
04	1	70	83	0.0071551064533980115
04	1	70	3	0.0071551064533980115
04	1	70	84	0.0025835575728353484
04	1	70	78	0.0071551064533980115
04	1	70	74	0.0071551064533980115
04	1	70	81	0.0071551064533980115
04	1	70	100	0.0071551064533980115
04	1	70	50	0.0071551064533980115
04	1	70	85	0.0071551064533980115
04	1	71	0	0.051609129705813786
04	1	71	100	0.027965594979755433
04	1	71	34	0.027965594979755433
04	1	71	51	0.027965594979755433
04	1	71	14	0.014065955512430853
04	1	71	94	0.014065955512430853
04	1	71	5	0.014065955512430853
04	1	71	25	0.007246869745518494
04	1	71	95	0.014065955512430853
04	1	71	61	0.014065955512430853
04	1	71	68	0.014065955512430853
04	1	71	15	0.014065955512430853
04	1	71	71	0.014065955512430853
04	1	71	93	0.014065955512430853
04	1	71	70	0.008982733407210184
04	1	71	56	0.008982733407210184
04	1	71	48	0.007899970934722998
04	1	71	35	0.007899970934722998
04	1	71	92	0.006626968512306837
04	1	71	49	0.006626968512306837
04	1	71	50	0.006626968512306837
04	1	71	30	0.006626968512306837
04	1	72	0	0.10186675228460597
04	1	72	2	0.09753481034592507
04	1	72	74	0.05160534451621694
04	1	72	73	0.02237747530362906
04	1	72	81	0.02237747530362906
04	1	72	30	0.02237747530362906
04	1	72	5	0.02237747530362906
04	1	72	55	0.02237747530362906
04	1	72	78	0.014382487436225704
04	1	72	71	0.014382487436225704
04	1	72	15	0.014382487436225704
04	1	72	34	0.014382487436225704
04	1	72	90	0.014382487436225704
04	1	72	7	0.012025872613545015
04	1	72	88	0.012025872613545015
04	1	72	64	0.012025872613545015
04	1	72	82	0.005193820840681431
04	1	72	77	0.012025872613545015
04	1	72	65	0.012025872613545015
04	1	72	76	0.012025872613545015
04	1	73	5	0.0999667985260465
04	1	73	0	0.026517318716921808
04	1	73	37	0.026517318716921808
04	1	73	93	0.026517318716921808
04	1	73	71	0.026517318716921808
04	1	73	69	0.026517318716921808
04	1	73	72	0.026517318716921808
04	1	73	44	0.026517318716921808
04	1	73	24	0.026517318716921808
04	1	73	26	0.026517318716921808
04	1	73	73	0.025136459053689095
04	1	73	60	0.025136459053689095
04	1	73	2	0.025136459053689095
04	1	73	7	0.025136459053689095
04	1	73	8	0.013529412186428016
04	1	73	91	0.012143892947480518
04	1	73	64	0.012143892947480518
04	1	73	13	0.012143892947480518
04	1	73	34	0.012143892947480518
04	1	73	23	0.00620468410262757
04	1	74	2	0.036095946588397786
04	1	74	30	0.03375973309986756
04	1	74	34	0.03375973309986756
04	1	74	82	0.03375973309986756
04	1	74	74	0.016420955960757436
04	1	74	93	0.03375973309986756
04	1	74	73	0.03375973309986756
04	1	74	15	0.016420955960757436
04	1	74	68	0.016420955960757436
04	1	74	90	0.016420955960757436
04	1	74	50	0.016420955960757436
04	1	74	100	0.016420955960757436
04	1	74	70	0.00795379310898838
04	1	74	21	0.00825366078935504
04	1	74	94	0.008589199472511603
04	1	74	0	0.00825366078935504
04	1	74	35	0.016420955960757436
04	1	74	69	0.016420955960757436
04	1	74	11	0.016420955960757436
04	1	74	5	0.016420955960757436
04	1	74	81	0.016420955960757436
04	1	75	0	0.04615961381488436
04	1	75	2	0.03438474424477139
04	1	75	51	0.03438474424477139
04	1	75	82	0.03438474424477139
04	1	75	74	0.03438474424477139
04	1	75	71	0.017921321994325314
04	1	75	44	0.03438474424477139
04	1	75	14	0.03438474424477139
04	1	75	88	0.017921321994325314
04	1	75	34	0.017921321994325314
04	1	75	99	0.017921321994325314
04	1	75	37	0.017921321994325314
04	1	75	93	0.017921321994325314
04	1	75	78	0.017921321994325314
04	1	75	61	0.017921321994325314
04	1	75	55	0.017921321994325314
04	1	75	50	0.017921321994325314
04	1	75	100	0.017921321994325314
04	1	75	3	0.017921321994325314
04	1	75	15	0.017921321994325314
04	1	76	82	0.02455888761298741
04	1	76	5	0.03501368720539227
04	1	76	0	0.03501368720539227
04	1	76	3	0.03501368720539227
04	1	76	2	0.02455888761298741
04	1	76	100	0.017989333587425525
04	1	76	50	0.017989333587425525
04	1	76	88	0.017989333587425525
04	1	76	24	0.017989333587425525
04	1	76	73	0.017989333587425525
04	1	76	78	0.017989333587425525
04	1	76	69	0.017989333587425525
04	1	76	61	0.017989333587425525
04	1	76	71	0.017989333587425525
04	1	76	74	0.017989333587425525
04	1	76	37	0.011301123765135977
04	1	76	64	0.011301123765135977
04	1	76	92	0.011301123765135977
04	1	76	72	0.011301123765135977
04	1	76	30	0.011301123765135977
04	1	77	0	0.14146060145153924
04	1	77	2	0.03444144578274244
04	1	77	5	0.03444144578274244
04	1	77	42	0.03444144578274244
04	1	77	3	0.03444144578274244
04	1	77	71	0.03444144578274244
04	1	77	37	0.03444144578274244
04	1	77	78	0.03444144578274244
04	1	77	83	0.03444144578274244
04	1	77	72	0.02438432898151964
04	1	77	14	0.02438432898151964
04	1	77	75	0.02438432898151964
04	1	77	94	0.02438432898151964
04	1	77	73	0.02438432898151964
04	1	77	62	0.012450817885541103
04	1	77	34	0.012450817885541103
04	1	77	68	0.008894886999336705
04	1	77	88	0.008226047134630826
04	1	77	89	0.008226047134630826
04	1	77	9	0.008226047134630826
04	1	78	0	0.08431060242685465
04	1	78	2	0.06106561350624907
04	1	78	5	0.06106561350624907
04	1	78	82	0.023838725562843825
04	1	78	37	0.022760206224606016
04	1	78	71	0.022760206224606016
04	1	78	68	0.016294643183928308
04	1	78	100	0.016294643183928308
04	1	78	50	0.016294643183928308
04	1	78	34	0.016294643183928308
04	1	78	74	0.016294643183928308
04	1	78	3	0.016294643183928308
04	1	78	30	0.016294643183928308
04	1	78	42	0.016294643183928308
04	1	78	69	0.006085476765581768
04	1	78	95	0.016294643183928308
04	1	78	72	0.016294643183928308
04	1	78	73	0.016294643183928308
04	1	78	94	0.016294643183928308
04	1	78	81	0.0015709959384987448
04	1	79	0	0.11011664221556867
04	1	79	2	0.10964808430058531
04	1	79	73	0.01816050813703301
04	1	79	26	0.01816050813703301
04	1	79	42	0.01816050813703301
04	1	79	30	0.01816050813703301
04	1	79	55	0.01816050813703301
04	1	79	45	0.01816050813703301
04	1	79	100	0.011754340303477372
04	1	79	61	0.01816050813703301
04	1	79	77	0.01816050813703301
04	1	79	87	0.01816050813703301
04	1	79	94	0.01068529638525444
04	1	79	15	0.01068529638525444
04	1	79	7	0.01068529638525444
04	1	79	84	0.01068529638525444
04	1	79	56	0.01068529638525444
04	1	79	81	0.011754340303477372
04	1	79	14	0.011754340303477372
04	1	79	82	0.011754340303477372
04	1	79	5	0.011754340303477372
04	1	79	3	0.011754340303477372
04	1	79	54	0.011754340303477372
04	1	79	50	0.007446269243527865
04	1	79	69	0.007446269243527865
04	1	80	0	0.12681971021579289
04	1	80	2	0.06535883153346367
04	1	80	73	0.043839265804452396
04	1	80	14	0.043839265804452396
04	1	80	37	0.036963911211440596
04	1	80	95	0.011981043911826039
04	1	80	5	0.025049310393685853
04	1	80	26	0.025049310393685853
04	1	80	44	0.025049310393685853
04	1	80	34	0.025049310393685853
04	1	80	93	0.025049310393685853
04	1	80	69	0.025049310393685853
04	1	80	61	0.025049310393685853
04	1	80	77	0.011981043911826039
04	1	80	90	0.011981043911826039
04	1	80	3	0.011981043911826039
04	1	80	55	0.011981043911826039
04	1	80	68	0.007364911693801604
04	1	80	99	0.006981671551597017
04	1	80	11	0.006981671551597017
04	1	81	73	0.0718542160532575
04	1	81	5	0.0718542160532575
04	1	81	34	0.0718542160532575
04	1	81	55	0.04725030854505779
04	1	81	42	0.04725030854505779
04	1	81	93	0.04725030854505779
04	1	81	60	0.04725030854505779
04	1	81	0	0.04310768888891965
04	1	81	61	0.04310768888891965
04	1	81	24	0.04310768888891965
04	1	81	87	0.04310768888891965
04	1	81	56	0.04310768888891965
04	1	81	97	0.04310768888891965
04	1	81	40	0.04310768888891965
04	1	81	88	0.04310768888891965
04	1	81	15	0.04310768888891965
04	1	81	50	0.04310768888891965
04	1	81	94	0.022489326390297357
04	1	81	51	0.022489326390297357
04	1	81	13	0.022489326390297357
04	1	82	0	0.13601173879706252
04	1	82	2	0.12568531132851962
04	1	82	24	0.036765826044889455
04	1	82	42	0.030413388150794973
04	1	82	30	0.030413388150794973
04	1	82	82	0.036765826044889455
04	1	82	34	0.036765826044889455
04	1	82	69	0.036765826044889455
04	1	82	90	0.02034885452178687
04	1	82	55	0.02034885452178687
04	1	82	100	0.018850730463263854
04	1	82	35	0.018850730463263854
04	1	82	5	0.018850730463263854
04	1	82	71	0.018850730463263854
04	1	82	72	0.018850730463263854
04	1	82	99	0.018850730463263854
04	1	82	61	0.008255234649968994
04	1	82	26	0.004603834791655579
04	1	82	94	0.00314834100622725
04	1	82	74	0.00314834100622725
04	1	83	0	0.05969249525964452
04	1	83	5	0.05969249525964452
04	1	83	68	0.03002841898148927
04	1	83	71	0.03002841898148927
04	1	83	74	0.03002841898148927
04	1	83	37	0.03002841898148927
04	1	83	42	0.03002841898148927
04	1	83	82	0.009488583577571092
04	1	83	44	0.027223976684133632
04	1	83	34	0.027223976684133632
04	1	83	88	0.027223976684133632
04	1	83	51	0.027223976684133632
04	1	83	69	0.027223976684133632
04	1	83	7	0.027223976684133632
04	1	83	9	0.027223976684133632
04	1	83	45	0.027223976684133632
04	1	83	50	0.027223976684133632
04	1	83	83	0.027223976684133632
04	1	83	81	0.027223976684133632
04	1	83	27	0.0035340261597771342
04	1	83	97	0.0035340261597771342
04	1	84	0	0.09618389715769045
04	1	84	2	0.05382754858895812
04	1	84	73	0.038554740646025785
04	1	84	30	0.038554740646025785
04	1	84	5	0.020146791304066852
04	1	84	37	0.019638209834172943
04	1	84	71	0.016221468903846733
04	1	84	68	0.016221468903846733
04	1	84	61	0.016221468903846733
04	1	84	82	0.016221468903846733
04	1	84	78	0.016221468903846733
04	1	84	100	0.015530670897950056
04	1	84	24	0.015548159199457375
04	1	84	95	0.013642069990207801
04	1	84	88	0.012794812367409885
04	1	84	94	0.015548159199457375
04	1	84	25	0.015548159199457375
04	1	84	93	0.015548159199457375
04	1	84	54	0.015548159199457375
04	1	84	14	0.015548159199457375
04	1	84	42	0.015548159199457375
04	1	84	72	0.011092663624796467
04	1	85	0	0.10600795369301749
04	1	85	34	0.05830434224496379
04	1	85	71	0.05830434224496379
04	1	85	2	0.05830434224496379
04	1	85	37	0.05830434224496379
04	1	85	82	0.030188683652868115
04	1	85	3	0.030188683652868115
04	1	85	94	0.030188683652868115
04	1	85	90	0.030188683652868115
04	1	85	24	0.030188683652868115
04	1	85	69	0.030188683652868115
04	1	85	42	0.030188683652868115
04	1	85	30	0.030188683652868115
04	1	85	50	0.010640297344961082
04	1	85	54	0.030188683652868115
04	1	85	93	0.030188683652868115
04	1	85	5	0.030188683652868115
04	1	85	73	0.009617498024948995
04	1	85	68	0.010640297344961082
04	1	85	95	0.010640297344961082
04	1	85	100	0.010640297344961082
04	1	86	0	0.07195272051501787
04	1	86	2	0.07195272051501787
04	1	86	95	0.07195272051501787
04	1	86	73	0.038684181972299614
04	1	86	100	0.01797234297130891
04	1	86	94	0.0067466583024929725
04	1	86	98	0.0067466583024929725
04	1	86	26	0.01797234297130891
04	1	86	50	0.01797234297130891
04	1	86	69	0.01797234297130891
04	1	86	42	0.015317976649701451
04	1	86	30	0.015317976649701451
04	1	86	81	0.015317976649701451
04	1	86	88	0.015317976649701451
04	1	86	74	0.015317976649701451
04	1	86	51	0.011970927455113155
04	1	86	4	0.011970927455113155
04	1	86	92	0.011970927455113155
04	1	86	86	0.011970927455113155
04	1	86	46	0.011970927455113155
04	1	86	75	0.0067466583024929725
04	1	86	89	0.004395346522085467
04	1	87	0	0.09635122413164361
04	1	87	2	0.09106075321572726
04	1	87	73	0.0285818126449381
04	1	87	5	0.0285818126449381
04	1	87	42	0.0285818126449381
04	1	87	93	0.0285818126449381
04	1	87	69	0.0285818126449381
04	1	87	30	0.0285818126449381
04	1	87	84	0.005586131659606304
04	1	87	37	0.022868503279493923
04	1	87	82	0.022868503279493923
04	1	87	74	0.022868503279493923
04	1	87	100	0.022868503279493923
04	1	87	51	0.009487592186899358
04	1	87	9	0.0031552912048176405
04	1	87	50	0.009487592186899358
04	1	87	78	0.009487592186899358
04	1	87	34	0.009487592186899358
04	1	87	91	0.006121869382382204
04	1	87	26	0.006121869382382204
04	1	87	14	0.006121869382382204
04	1	88	2	0.08620067169273281
04	1	88	37	0.030890037687279433
04	1	88	84	0.016558906841574864
04	1	88	15	0.030890037687279433
04	1	88	26	0.030890037687279433
04	1	88	54	0.013870783741246976
04	1	88	14	0.00990287866916754
04	1	88	95	0.016558906841574864
04	1	88	42	0.016558906841574864
04	1	88	69	0.016558906841574864
04	1	88	71	0.016558906841574864
04	1	88	72	0.016558906841574864
04	1	88	61	0.016558906841574864
04	1	88	50	0.016558906841574864
04	1	88	78	0.012970781118269438
04	1	88	93	0.006669615123311341
04	1	88	96	0.006669615123311341
04	1	88	56	0.012970781118269438
04	1	88	55	0.012970781118269438
04	1	88	99	0.012970781118269438
04	1	88	60	0.009478443769150406
04	1	88	21	0.009478443769150406
04	1	89	0	0.10067268528290949
04	1	89	5	0.04065783790679248
04	1	89	34	0.04065783790679248
04	1	89	73	0.04065783790679248
04	1	89	2	0.04065783790679248
04	1	89	68	0.04065783790679248
04	1	89	14	0.04065783790679248
04	1	89	71	0.04065783790679248
04	1	89	15	0.04065783790679248
04	1	89	90	0.04065783790679248
04	1	89	42	0.04065783790679248
04	1	89	30	0.04065783790679248
04	1	89	55	0.04065783790679248
04	1	89	95	0.04065783790679248
04	1	89	3	0.04065783790679248
04	1	89	69	0.04065783790679248
04	1	89	100	0.04065783790679248
04	1	89	9	0.04065783790679248
04	1	89	72	0.012723857153661464
04	1	89	82	0.012723857153661464
04	1	90	0	0.07073864566022836
04	1	90	2	0.07073864566022836
04	1	90	37	0.054206238925557294
04	1	90	5	0.04288880279623466
04	1	90	86	0.04288880279623466
04	1	90	50	0.04288880279623466
04	1	90	34	0.04288880279623466
04	1	90	100	0.013911871807768017
04	1	90	82	0.04288880279623466
04	1	90	49	0.04288880279623466
04	1	90	73	0.009325126064255677
04	1	90	83	0.008728864669739857
04	1	90	48	0.008728864669739857
04	1	90	62	0.008728864669739857
04	1	90	81	0.006394881587630257
04	1	90	72	0.009325126064255677
04	1	90	24	0.009325126064255677
04	1	90	55	0.009325126064255677
04	1	90	74	0.009325126064255677
04	1	90	80	0.009325126064255677
04	1	90	78	0.009325126064255677
04	1	90	88	0.009325126064255677
04	1	90	14	0.009325126064255677
04	1	91	0	0.0855119823883269
04	1	91	2	0.07238161982409752
04	1	91	73	0.07238161982409752
04	1	91	25	0.01575703092042993
04	1	91	61	0.01575703092042993
04	1	91	5	0.04748320476406302
04	1	91	100	0.04748320476406302
04	1	91	74	0.04748320476406302
04	1	91	14	0.01575703092042993
04	1	91	93	0.01575703092042993
04	1	91	15	0.01575703092042993
04	1	91	75	0.01575703092042993
04	1	91	71	0.006114614844006069
04	1	91	30	0.01575703092042993
04	1	91	54	0.01575703092042993
04	1	91	34	0.01575703092042993
04	1	91	44	0.01575703092042993
04	1	91	92	0.01575703092042993
04	1	91	11	0.003446895408382777
04	1	91	88	0.006114614844006069
04	1	91	55	0.006114614844006069
04	1	92	0	0.05913105635234347
04	1	92	37	0.02075031251613402
04	1	92	78	0.02075031251613402
04	1	92	68	0.026114790862942862
04	1	92	5	0.026114790862942862
04	1	92	100	0.026114790862942862
04	1	92	74	0.026114790862942862
04	1	92	73	0.026114790862942862
04	1	92	34	0.026114790862942862
04	1	92	71	0.026114790862942862
04	1	92	81	0.02075031251613402
04	1	92	54	0.02075031251613402
04	1	92	50	0.02075031251613402
04	1	92	83	0.010707690909311297
04	1	92	25	0.010707690909311297
04	1	92	70	0.02075031251613402
04	1	92	80	0.02075031251613402
04	1	92	26	0.02075031251613402
04	1	92	51	0.02075031251613402
04	1	92	65	0.02075031251613402
04	1	92	24	0.015586286901487606
04	1	92	69	0.015586286901487606
04	1	93	71	0.01743503212680531
04	1	93	5	0.017213081609475753
04	1	93	72	0.017213081609475753
04	1	93	44	0.017213081609475753
04	1	93	61	0.017213081609475753
04	1	93	82	0.017213081609475753
04	1	93	35	0.01622877757533633
04	1	93	34	0.017213081609475753
04	1	93	37	0.017213081609475753
04	1	93	54	0.017213081609475753
04	1	93	30	0.017213081609475753
04	1	93	74	0.017213081609475753
04	1	93	73	0.017213081609475753
04	1	93	14	0.01622877757533633
04	1	93	50	0.017213081609475753
04	1	93	25	0.017213081609475753
04	1	93	78	0.017213081609475753
04	1	93	27	0.003047486335459903
04	1	93	88	0.017213081609475753
04	1	93	95	0.017213081609475753
04	1	93	9	0.017213081609475753
04	1	93	68	0.017213081609475753
04	1	94	0	0.09922228167686985
04	1	94	2	0.0844483713508801
04	1	94	5	0.0844483713508801
04	1	94	71	0.03375339056859513
04	1	94	100	0.026600491917691572
04	1	94	93	0.026600491917691572
04	1	94	44	0.026600491917691572
04	1	94	74	0.026600491917691572
04	1	94	37	0.026600491917691572
04	1	94	34	0.026600491917691572
04	1	94	14	0.026600491917691572
04	1	94	24	0.015240088741113756
04	1	94	30	0.015240088741113756
04	1	94	69	0.026600491917691572
04	1	94	81	0.026600491917691572
04	1	94	51	0.026600491917691572
04	1	94	88	0.026600491917691572
04	1	94	83	0.011737378985369029
04	1	94	61	0.0020188882971813784
04	1	94	54	0.007417730397017056
04	1	94	11	0.007417730397017056
04	1	95	0	0.04622568733218854
04	1	95	82	0.030485751309980026
04	1	95	95	0.030485751309980026
04	1	95	3	0.02477223182939898
04	1	95	51	0.02477223182939898
04	1	95	14	0.02477223182939898
04	1	95	88	0.011927564880821468
04	1	95	71	0.02477223182939898
04	1	95	72	0.02477223182939898
04	1	95	5	0.02477223182939898
04	1	95	34	0.019344929641703437
04	1	95	64	0.019344929641703437
04	1	95	7	0.019344929641703437
04	1	95	10	0.019344929641703437
04	1	95	26	0.019344929641703437
04	1	95	50	0.010188373785481137
04	1	95	2	0.003050602281468087
04	1	95	93	0.01048413169636427
04	1	95	92	0.01048413169636427
04	1	95	97	0.01048413169636427
04	1	95	68	0.01048413169636427
04	1	96	5	0.0656236706275464
04	1	96	0	0.05332580152872068
04	1	96	74	0.05332580152872068
04	1	96	2	0.05168792322367323
04	1	96	50	0.02429682704227264
04	1	96	3	0.02429682704227264
04	1	96	71	0.02429682704227264
04	1	96	100	0.02429682704227264
04	1	96	51	0.02429682704227264
04	1	96	61	0.02429682704227264
04	1	96	55	0.02429682704227264
04	1	96	9	0.02429682704227264
04	1	96	54	0.02429682704227264
04	1	96	75	0.02429682704227264
04	1	96	44	0.02429682704227264
04	1	96	34	0.009674079870525652
04	1	96	69	0.02429682704227264
04	1	96	78	0.02429682704227264
04	1	96	81	0.02429682704227264
04	1	96	49	0.016807366020788368
04	1	96	62	0.016807366020788368
04	1	97	0	0.11729989795253104
04	1	97	2	0.10549857300678656
04	1	97	5	0.10549857300678656
04	1	97	34	0.015693581047704522
04	1	97	100	0.029558982613342732
04	1	97	74	0.029558982613342732
04	1	97	3	0.015693581047704522
04	1	97	82	0.015693581047704522
04	1	97	50	0.015693581047704522
04	1	97	81	0.012988783913546974
04	1	97	25	0.012988783913546974
04	1	97	42	0.012988783913546974
04	1	97	61	0.012988783913546974
04	1	97	30	0.012988783913546974
04	1	97	71	0.005957691734657683
04	1	97	26	0.005957691734657683
04	1	97	9	0.0011791813105575112
04	1	97	69	0.012988783913546974
04	1	97	68	0.012988783913546974
04	1	97	83	0.012988783913546974
04	1	97	72	0.012988783913546974
04	1	97	78	0.012988783913546974
04	1	97	49	0.005461586829790188
04	1	98	0	0.10677694828300816
04	1	98	2	0.05447013419451216
04	1	98	68	0.03889314204302324
04	1	98	93	0.02596422884108774
04	1	98	72	0.02596422884108774
04	1	98	42	0.02596422884108774
04	1	98	82	0.02596422884108774
04	1	98	34	0.02596422884108774
04	1	98	71	0.02596422884108774
04	1	98	95	0.02596422884108774
04	1	98	61	0.02596422884108774
04	1	98	3	0.02596422884108774
04	1	98	11	0.02596422884108774
04	1	98	24	0.02596422884108774
04	1	98	85	0.02596422884108774
04	1	98	73	0.02596422884108774
04	1	98	100	0.02596422884108774
04	1	98	14	0.02596422884108774
04	1	98	88	0.02596422884108774
04	1	98	69	0.02596422884108774
04	1	99	5	0.1077517519575293
04	1	99	84	0.026174448907710982
04	1	99	0	0.026174448907710982
04	1	99	7	0.026174448907710982
04	1	99	82	0.01739428999546476
04	1	99	71	0.014255652129960822
04	1	99	69	0.013995919569057939
04	1	99	78	0.013995919569057939
04	1	99	50	0.01384603539599901
04	1	99	95	0.014255652129960822
04	1	99	43	0.01384603539599901
04	1	99	56	0.014255652129960822
04	1	99	3	0.014255652129960822
04	1	99	75	0.014255652129960822
04	1	99	70	0.014255652129960822
04	1	99	90	0.014255652129960822
04	1	99	81	0.01384603539599901
04	1	99	4	0.013389561128913307
04	1	99	77	0.013389561128913307
04	1	99	24	0.013389561128913307
04	1	100	0	0.11277985140774202
04	1	100	5	0.06576408849696881
04	1	100	100	0.040462498981889666
04	1	100	71	0.040462498981889666
04	1	100	37	0.025054991482102953
04	1	100	82	0.025054991482102953
04	1	100	25	0.040462498981889666
04	1	100	2	0.040462498981889666
04	1	100	93	0.025054991482102953
04	1	100	34	0.025054991482102953
04	1	100	15	0.02148489614230094
04	1	100	84	0.02148489614230094
04	1	100	3	0.025054991482102953
04	1	100	95	0.025054991482102953
04	1	100	6	0.01783644880602179
04	1	100	72	0.01783644880602179
04	1	100	69	0.01783644880602179
04	1	100	42	0.01783644880602179
04	1	100	9	0.005737553434158266
04	1	100	54	0.005737553434158266
04	1	100	14	0.01783644880602179
04	1	100	97	0.01783644880602179
04	10	1	24	0.1622209670548193
04	10	1	2	0.0552275722757333
04	10	1	82	0.05343515687526645
04	10	1	5	0.0347537448404215
04	10	1	72	0.05343515687526645
04	10	1	61	0.05343515687526645
04	10	1	78	0.05343515687526645
04	10	1	54	0.05343515687526645
04	10	1	30	0.05343515687526645
04	10	1	94	0.038195217853824966
04	10	1	50	0.038195217853824966
04	10	1	74	0.0347537448404215
04	10	1	95	0.0347537448404215
04	10	1	42	0.0347537448404215
04	10	1	0	0.0347537448404215
04	10	1	88	0.010459918475739115
04	10	1	26	0.0347537448404215
04	10	1	25	0.0347537448404215
04	10	1	35	0.0347537448404215
04	10	1	11	0.027891149127615204
04	10	2	0	0.10187055880337222
04	10	2	51	0.10187055880337222
04	10	2	95	0.10187055880337222
04	10	2	68	0.10187055880337222
04	10	2	82	0.10187055880337222
04	10	2	5	0.10187055880337222
04	10	2	97	0.10187055880337222
04	10	2	92	0.10187055880337222
04	10	2	25	0.10187055880337222
04	10	2	37	0.10187055880337222
04	10	2	45	0.10187055880337222
04	10	2	69	0.10187055880337222
04	10	2	64	0.10187055880337222
04	10	2	91	0.10187055880337222
04	10	2	9	0.10187055880337222
04	10	2	42	0.10187055880337222
04	10	2	43	0.10187055880337222
04	10	2	83	0.03808166137442084
04	10	2	26	0.006217366451732405
04	10	2	2	0.006217366451732405
04	10	3	0	0.10922834747631127
04	10	3	54	0.10922834747631127
04	10	3	30	0.10922834747631127
04	10	3	25	0.10922834747631127
04	10	3	89	0.10922834747631127
04	10	3	60	0.10922834747631127
04	10	3	75	0.014866672914693239
04	10	3	53	0.014866672914693239
04	10	3	74	0.06762261947651137
04	10	3	64	0.06762261947651137
04	10	3	73	0.10922834747631127
04	10	3	95	0.10922834747631127
04	10	3	71	0.10922834747631127
04	10	3	100	0.02765305177756608
04	10	3	17	0.014866672914693239
04	10	3	51	0.02764264818497664
04	10	3	78	0.02764264818497664
04	10	3	97	0.02764264818497664
04	10	3	50	0.02764264818497664
04	10	3	48	0.02697739177877445
04	10	3	62	0.02697739177877445
04	10	3	88	0.02697739177877445
04	10	3	92	0.02697739177877445
04	10	4	0	0.09023407178871483
04	10	4	42	0.09023407178871483
04	10	4	72	0.09023407178871483
04	10	4	3	0.03169350902167014
04	10	4	90	0.03169350902167014
04	10	4	2	0.021955991536400123
04	10	4	71	0.011210687750231358
04	10	4	55	0.021955991536400123
04	10	4	15	0.021955991536400123
04	10	4	77	0.021955991536400123
04	10	4	35	0.021955991536400123
04	10	4	24	0.021955991536400123
04	10	4	8	0.010492332202557225
04	10	4	92	0.010492332202557225
04	10	4	26	0.004736134244937747
04	10	4	96	0.004613869264419663
04	10	4	68	0.004613869264419663
04	10	4	50	0.004613869264419663
04	10	4	81	0.004613869264419663
04	10	4	100	0.004613869264419663
04	10	5	37	0.10628655663108164
04	10	5	2	0.10628655663108164
04	10	5	0	0.10628655663108164
04	10	5	42	0.046006883750233145
04	10	5	15	0.046006883750233145
04	10	5	5	0.046006883750233145
04	10	5	82	0.046006883750233145
04	10	5	75	0.04080658096527282
04	10	5	74	0.04080658096527282
04	10	5	3	0.036261849185052576
04	10	5	27	0.036261849185052576
04	10	5	91	0.036261849185052576
04	10	5	45	0.036261849185052576
04	10	5	44	0.036261849185052576
04	10	5	94	0.021297337745179418
04	10	5	61	0.021297337745179418
04	10	5	35	0.006845204361526591
04	10	5	50	0.021297337745179418
04	10	5	100	0.021297337745179418
04	10	5	71	0.013884905998372282
04	10	5	70	0.008412514359371254
04	10	6	42	0.14903049458730835
04	10	6	55	0.0387164523974148
04	10	6	2	0.01943847783280268
04	10	6	17	0.047086425540909436
04	10	6	0	0.047086425540909436
04	10	6	98	0.047086425540909436
04	10	6	60	0.01943847783280268
04	10	6	80	0.01943847783280268
04	10	6	100	0.01943847783280268
04	10	6	25	0.01943847783280268
04	10	6	71	0.01943847783280268
04	10	6	74	0.01943847783280268
04	10	6	61	0.013848923104513324
04	10	6	7	0.01459993681341344
04	10	6	34	0.01459993681341344
04	10	6	89	0.01024622388584402
04	10	6	56	0.012821388534732319
04	10	6	59	0.012821388534732319
04	10	6	57	0.01459993681341344
04	10	6	43	0.01459993681341344
04	10	6	6	0.01459993681341344
04	10	7	0	0.11130055583192609
04	10	7	2	0.11130055583192609
04	10	7	5	0.06022829271140179
04	10	7	73	0.06022829271140179
04	10	7	30	0.03963260648250182
04	10	7	71	0.03963260648250182
04	10	7	68	0.03963260648250182
04	10	7	25	0.020957961621639733
04	10	7	43	0.020957961621639733
04	10	7	54	0.020957961621639733
04	10	7	72	0.020957961621639733
04	10	7	74	0.016247993187132426
04	10	7	100	0.016247993187132426
04	10	7	78	0.016247993187132426
04	10	7	51	0.014317867653960264
04	10	7	83	0.014317867653960264
04	10	7	91	0.013676184669943373
04	10	7	81	0.014317867653960264
04	10	7	93	0.014317867653960264
04	10	7	7	0.013676184669943373
04	10	7	48	0.013676184669943373
04	10	7	42	0.013676184669943373
04	10	8	42	0.16672779394481696
04	10	8	90	0.11878697673941915
04	10	8	97	0.05651036767418983
04	10	8	20	0.047007142950806644
04	10	8	45	0.021358883387877364
04	10	8	77	0.021358883387877364
04	10	8	62	0.021358883387877364
04	10	8	100	0.012717347043869584
04	10	8	15	0.012717347043869584
04	10	8	51	0.012717347043869584
04	10	8	48	0.021358883387877364
04	10	8	72	0.003429389723301393
04	10	8	69	0.021358883387877364
04	10	8	55	0.021358883387877364
04	10	8	10	0.021358883387877364
04	10	8	49	0.021358883387877364
04	10	8	35	0.021358883387877364
04	10	8	99	0.021358883387877364
04	10	8	7	0.021358883387877364
04	10	8	4	0.021358883387877364
04	10	8	44	0.021358883387877364
04	10	8	1	0.021358883387877364
04	10	8	5	0.021358883387877364
04	10	8	22	0.021358883387877364
04	10	9	30	0.06758568522243766
04	10	9	14	0.039737483090087
04	10	9	32	0.039737483090087
04	10	9	9	0.039737483090087
04	10	9	21	0.03860755255199582
04	10	9	25	0.037092125238621515
04	10	9	100	0.037092125238621515
04	10	9	57	0.037092125238621515
04	10	9	62	0.037092125238621515
04	10	9	3	0.037092125238621515
04	10	9	42	0.037092125238621515
04	10	9	26	0.037092125238621515
04	10	9	39	0.01620017391403847
04	10	9	22	0.011779726574307878
04	10	9	40	0.011779726574307878
04	10	9	95	0.037092125238621515
04	10	9	55	0.037092125238621515
04	10	9	70	0.037092125238621515
04	10	9	91	0.037092125238621515
04	10	9	72	0.037092125238621515
04	10	9	78	0.008956137126826871
04	10	10	0	0.0698856771295629
04	10	10	23	0.0698856771295629
04	10	10	15	0.03580899020077748
04	10	10	74	0.05735694847481801
04	10	10	100	0.05735694847481801
04	10	10	51	0.03580899020077748
04	10	10	95	0.03580899020077748
04	10	10	82	0.018214315399955196
04	10	10	30	0.03580899020077748
04	10	10	55	0.03580899020077748
04	10	10	34	0.03580899020077748
04	10	10	99	0.03580899020077748
04	10	10	25	0.03580899020077748
04	10	10	24	0.017873394720195994
04	10	10	14	0.015886583082457956
04	10	10	83	0.015886583082457956
04	10	10	69	0.015886583082457956
04	10	10	56	0.015886583082457956
04	10	10	68	0.0040480459823136585
04	10	10	9	0.009014425655105239
04	10	10	5	0.009014425655105239
04	10	11	2	0.08743027505239719
04	10	11	5	0.03601566019897918
04	10	11	0	0.08743027505239719
04	10	11	15	0.08743027505239719
04	10	11	43	0.058117845023862184
04	10	11	66	0.03601566019897918
04	10	11	100	0.03601566019897918
04	10	11	54	0.03601566019897918
04	10	11	3	0.03601566019897918
04	10	11	9	0.03601566019897918
04	10	11	37	0.03601566019897918
04	10	11	82	0.03601566019897918
04	10	11	42	0.03601566019897918
04	10	11	95	0.03601566019897918
04	10	11	94	0.03601566019897918
04	10	11	50	0.025686608707114093
04	10	11	69	0.025686608707114093
04	10	11	74	0.025686608707114093
04	10	11	34	0.014413917688049033
04	10	11	88	0.014413917688049033
04	10	12	0	0.14749975084745048
04	10	12	2	0.10124126414701222
04	10	12	5	0.06777384070151211
04	10	12	94	0.04709957080460952
04	10	12	82	0.03333225961394282
04	10	12	50	0.03333225961394282
04	10	12	100	0.03333225961394282
04	10	12	7	0.03333225961394282
04	10	12	42	0.03333225961394282
04	10	12	34	0.03333225961394282
04	10	12	37	0.03333225961394282
04	10	12	3	0.03333225961394282
04	10	12	14	0.022271079207630343
04	10	12	30	0.022271079207630343
04	10	12	15	0.022271079207630343
04	10	12	26	0.012153459880047008
04	10	12	51	0.01474052050178899
04	10	12	71	0.01474052050178899
04	10	12	74	0.01474052050178899
04	10	12	78	0.004790618980885258
04	10	12	97	0.012153459880047008
04	10	12	92	0.012153459880047008
04	10	12	44	0.012153459880047008
04	10	13	5	0.07523520941138209
04	10	13	71	0.031953766760708414
04	10	13	82	0.028368871940829998
04	10	13	37	0.028368871940829998
04	10	13	100	0.0242069525441125
04	10	13	94	0.0242069525441125
04	10	13	74	0.0242069525441125
04	10	13	51	0.0242069525441125
04	10	13	88	0.0242069525441125
04	10	13	50	0.0242069525441125
04	10	13	30	0.0242069525441125
04	10	13	93	0.0242069525441125
04	10	13	42	0.0242069525441125
04	10	13	15	0.018726067107555384
04	10	13	54	0.018726067107555384
04	10	13	4	0.01295175417130427
04	10	13	75	0.01295175417130427
04	10	13	84	0.006526350407361517
04	10	13	34	0.00956087548008959
04	10	13	62	0.00956087548008959
04	10	13	78	0.00956087548008959
04	10	14	37	0.1490313324119695
04	10	14	100	0.059548348606966596
04	10	14	72	0.030658136693092166
04	10	14	0	0.059548348606966596
04	10	14	50	0.059548348606966596
04	10	14	15	0.023186394732169935
04	10	14	5	0.030658136693092166
04	10	14	61	0.008486927535076736
04	10	14	90	0.023186394732169935
04	10	14	2	0.0069448622857131645
04	10	14	91	0.0069448622857131645
04	10	14	55	0.006378790842150137
04	10	14	94	0.006378790842150137
04	10	14	71	0.0069448622857131645
04	10	14	42	0.0069448622857131645
04	10	14	73	0.0069448622857131645
04	10	14	68	0.0069448622857131645
04	10	14	95	0.005042841612657606
04	10	14	3	0.005042841612657606
04	10	14	70	0.004613853334946154
04	10	14	93	0.004613853334946154
04	10	14	82	0.004613853334946154
04	10	14	30	0.004613853334946154
04	10	15	5	0.20839628160468232
04	10	15	34	0.09956504943716485
04	10	15	43	0.0406130968039642
04	10	15	2	0.02942613917183763
04	10	15	71	0.03587389928250288
04	10	15	100	0.03587389928250288
04	10	15	78	0.024572529815560924
04	10	15	74	0.024572529815560924
04	10	15	50	0.024572529815560924
04	10	15	15	0.02942613917183763
04	10	15	64	0.02942613917183763
04	10	15	21	0.02942613917183763
04	10	15	0	0.02942613917183763
04	10	15	32	0.02942613917183763
04	10	15	23	0.015438478991559196
04	10	15	7	0.015438478991559196
04	10	15	69	0.024572529815560924
04	10	15	51	0.024572529815560924
04	10	15	4	0.015438478991559196
04	10	15	9	0.015438478991559196
04	10	15	24	0.015438478991559196
04	10	15	42	0.015438478991559196
04	10	15	44	0.015438478991559196
04	10	15	60	0.011021333298588702
04	10	16	5	0.11957287808131382
04	10	16	0	0.11957287808131382
04	10	16	72	0.11957287808131382
04	10	16	3	0.0516253989007368
04	10	16	59	0.04760325541543088
04	10	16	14	0.0516253989007368
04	10	16	68	0.0516253989007368
04	10	16	80	0.04760325541543088
04	10	16	53	0.018972064424764512
04	10	16	34	0.018089284302742443
04	10	16	37	0.018089284302742443
04	10	16	96	0.018972064424764512
04	10	16	60	0.018972064424764512
04	10	16	67	0.018972064424764512
04	10	16	2	0.018972064424764512
04	10	16	58	0.016243076234823947
04	10	16	24	0.016243076234823947
04	10	16	42	0.013818502285993657
04	10	16	73	0.013818502285993657
04	10	16	62	0.006971499794212239
04	10	17	61	0.10418830397861424
04	10	17	0	0.10093690622407292
04	10	17	2	0.10093690622407292
04	10	17	5	0.10093690622407292
04	10	17	34	0.10093690622407292
04	10	17	74	0.08487617981981985
04	10	17	81	0.021732217437967407
04	10	17	93	0.023023621810982393
04	10	17	84	0.021732217437967407
04	10	17	70	0.021732217437967407
04	10	17	15	0.023023621810982393
04	10	17	50	0.021732217437967407
04	10	17	75	0.021732217437967407
04	10	17	14	0.023023621810982393
04	10	17	82	0.023023621810982393
04	10	17	44	0.023023621810982393
04	10	17	72	0.023023621810982393
04	10	17	3	0.023023621810982393
04	10	17	21	0.023023621810982393
04	10	17	26	0.023023621810982393
04	10	17	42	0.0214327624576781
04	10	17	100	0.021732217437967407
04	10	17	55	0.021732217437967407
04	10	18	73	0.0532656580960421
04	10	18	71	0.0532656580960421
04	10	18	7	0.04083513138168727
04	10	18	0	0.04083513138168727
04	10	18	34	0.04083513138168727
04	10	18	15	0.04083513138168727
04	10	18	82	0.04083513138168727
04	10	18	50	0.014269295509912698
04	10	18	54	0.04083513138168727
04	10	18	2	0.04083513138168727
04	10	18	5	0.04083513138168727
04	10	18	42	0.04083513138168727
04	10	18	24	0.04083513138168727
04	10	18	45	0.04083513138168727
04	10	18	94	0.04083513138168727
04	10	18	26	0.04083513138168727
04	10	18	44	0.012755178443813261
04	10	18	100	0.014269295509912698
04	10	18	74	0.014269295509912698
04	10	18	4	0.002058101441813356
04	10	19	0	0.04307008832099806
04	10	19	15	0.04307008832099806
04	10	19	100	0.04307008832099806
04	10	19	5	0.04307008832099806
04	10	19	61	0.041781252200900204
04	10	19	3	0.03515165730028966
04	10	19	74	0.021224761690329382
04	10	19	50	0.018262992727430608
04	10	19	34	0.018262992727430608
04	10	19	2	0.018262992727430608
04	10	19	55	0.018262992727430608
04	10	19	42	0.018262992727430608
04	10	19	78	0.011414151302151202
04	10	19	14	0.010777111718977559
04	10	19	49	0.006245449594160388
04	10	19	88	0.006245449594160388
04	10	19	69	0.004317142485458214
04	10	19	72	0.010777111718977559
04	10	19	81	0.0017116794312595188
04	10	19	51	0.0017116794312595188
04	10	19	60	0.010777111718977559
04	10	19	82	0.010777111718977559
04	10	19	24	0.010777111718977559
04	10	19	73	0.010777111718977559
04	10	19	93	0.010777111718977559
04	10	20	69	0.02615002313964263
04	10	20	90	0.03727113846792122
04	10	20	26	0.03727113846792122
04	10	20	5	0.03727113846792122
04	10	20	37	0.03727113846792122
04	10	20	93	0.02615002313964263
04	10	20	15	0.02615002313964263
04	10	20	42	0.02615002313964263
04	10	20	54	0.02615002313964263
04	10	20	50	0.02615002313964263
04	10	20	74	0.02615002313964263
04	10	20	2	0.010349005697925575
04	10	20	78	0.02615002313964263
04	10	20	94	0.02615002313964263
04	10	20	55	0.010349005697925575
04	10	20	48	0.02615002313964263
04	10	20	88	0.02615002313964263
04	10	20	100	0.02615002313964263
04	10	20	83	0.02615002313964263
04	10	20	81	0.02615002313964263
04	10	20	86	0.02615002313964263
04	10	20	51	0.013041020217945619
04	10	21	5	0.0859752947100798
04	10	21	30	0.054615953771124624
04	10	21	42	0.03587277364075341
04	10	21	50	0.03587277364075341
04	10	21	71	0.03587277364075341
04	10	21	64	0.03587277364075341
04	10	21	94	0.03587277364075341
04	10	21	99	0.03587277364075341
04	10	21	11	0.03587277364075341
04	10	21	77	0.03587277364075341
04	10	21	44	0.02600856654313563
04	10	21	24	0.008885168253924271
04	10	21	2	0.008885168253924271
04	10	21	88	0.008885168253924271
04	10	21	59	0.008885168253924271
04	10	21	0	0.0034862087728725183
04	10	21	78	0.0034862087728725183
04	10	21	82	0.02600856654313563
04	10	21	70	0.02600856654313563
04	10	21	25	0.02600856654313563
04	10	21	75	0.02600856654313563
04	10	21	91	0.02600856654313563
04	10	21	37	0.02600856654313563
04	10	21	84	0.006311522046094068
04	10	21	39	0.004130259919652976
04	10	22	5	0.08279506888797275
04	10	22	2	0.054457800023537166
04	10	22	61	0.049745937662476154
04	10	22	72	0.049745937662476154
04	10	22	82	0.049745937662476154
04	10	22	71	0.049745937662476154
04	10	22	37	0.01945676848511883
04	10	22	14	0.01945676848511883
04	10	22	50	0.01945676848511883
04	10	22	68	0.013290827924591414
04	10	22	100	0.01945676848511883
04	10	22	42	0.01945676848511883
04	10	22	34	0.01945676848511883
04	10	22	95	0.013290827924591414
04	10	22	24	0.010066717947003603
04	10	22	9	0.010066717947003603
04	10	22	13	0.010066717947003603
04	10	22	26	0.01945676848511883
04	10	22	88	0.01945676848511883
04	10	22	51	0.01945676848511883
04	10	22	69	0.01945676848511883
04	10	22	78	0.01945676848511883
04	10	22	48	0.0052813296436649846
04	10	23	2	0.13122409105613714
04	10	23	0	0.06549115553399878
04	10	23	45	0.06095097051934339
04	10	23	68	0.05495827203429065
04	10	23	43	0.05495827203429065
04	10	23	9	0.05495827203429065
04	10	23	91	0.05495827203429065
04	10	23	100	0.05495827203429065
04	10	23	61	0.05495827203429065
04	10	23	24	0.044873250019726925
04	10	23	25	0.05495827203429065
04	10	23	97	0.044873250019726925
04	10	23	3	0.044873250019726925
04	10	23	69	0.039826591066562576
04	10	23	74	0.039826591066562576
04	10	23	89	0.029818041744300472
04	10	23	95	0.029818041744300472
04	10	23	71	0.0017092546768328184
04	10	23	17	0.007761366023368217
04	10	23	15	0.007761366023368217
04	10	23	26	0.007761366023368217
04	10	24	24	0.049102761302415636
04	10	24	68	0.049102761302415636
04	10	24	95	0.049102761302415636
04	10	24	87	0.03240810336059351
04	10	24	76	0.03240810336059351
04	10	24	0	0.03240810336059351
04	10	24	82	0.03240810336059351
04	10	24	72	0.03240810336059351
04	10	24	71	0.03240810336059351
04	10	24	97	0.021529953799466837
04	10	24	90	0.014340562453841351
04	10	24	91	0.014340562453841351
04	10	24	17	0.021529953799466837
04	10	24	23	0.021529953799466837
04	10	24	64	0.021529953799466837
04	10	24	30	0.012933026335675857
04	10	24	13	0.012933026335675857
04	10	24	70	0.014340562453841351
04	10	24	75	0.014340562453841351
04	10	24	92	0.0076556964582678065
04	10	25	2	0.03834662979151958
04	10	25	82	0.014297764288721954
04	10	25	34	0.03158798350509861
04	10	25	5	0.03158798350509861
04	10	25	37	0.02640517270224556
04	10	25	42	0.014297764288721954
04	10	25	30	0.014297764288721954
04	10	25	94	0.014297764288721954
04	10	25	61	0.013361290806986349
04	10	25	100	0.014297764288721954
04	10	25	50	0.014297764288721954
04	10	25	95	0.014297764288721954
04	10	25	3	0.014297764288721954
04	10	25	14	0.014297764288721954
04	10	25	74	0.013361290806986349
04	10	25	68	0.013361290806986349
04	10	25	15	0.013361290806986349
04	10	25	0	0.013361290806986349
04	10	25	44	0.013361290806986349
04	10	25	73	0.013361290806986349
04	10	25	77	0.005179941597723849
04	10	26	90	0.062399917696402185
04	10	26	61	0.062399917696402185
04	10	26	0	0.062399917696402185
04	10	26	68	0.062399917696402185
04	10	26	56	0.062399917696402185
04	10	26	45	0.062399917696402185
04	10	26	69	0.062399917696402185
04	10	26	87	0.062399917696402185
04	10	26	98	0.062399917696402185
04	10	26	15	0.04019829417921415
04	10	26	71	0.062399917696402185
04	10	26	95	0.062399917696402185
04	10	26	3	0.062399917696402185
04	10	26	82	0.062399917696402185
04	10	26	24	0.062399917696402185
04	10	26	89	0.062399917696402185
04	10	26	91	0.008437667115108561
04	10	26	14	0.006077351644634721
04	10	26	85	0.006077351644634721
04	10	26	9	0.006077351644634721
04	10	27	0	0.054150679319734364
04	10	27	3	0.042302127039947346
04	10	27	14	0.042302127039947346
04	10	27	35	0.042302127039947346
04	10	27	71	0.042302127039947346
04	10	27	34	0.042302127039947346
04	10	27	5	0.042302127039947346
04	10	27	51	0.042302127039947346
04	10	27	61	0.042302127039947346
04	10	27	37	0.042302127039947346
04	10	27	2	0.042302127039947346
04	10	27	54	0.042302127039947346
04	10	27	26	0.038324691262381756
04	10	27	27	0.038324691262381756
04	10	27	44	0.024526497725821085
04	10	27	69	0.024526497725821085
04	10	27	42	0.024526497725821085
04	10	27	95	0.024526497725821085
04	10	27	73	0.024526497725821085
04	10	27	68	0.024440691484676844
04	10	28	0	0.09480859731397343
04	10	28	61	0.08350286029301655
04	10	28	34	0.09480859731397343
04	10	28	2	0.09480859731397343
04	10	28	30	0.06355504336357476
04	10	28	73	0.06355504336357476
04	10	28	25	0.06355504336357476
04	10	28	85	0.06355504336357476
04	10	28	93	0.023215366458154814
04	10	28	42	0.023226829846024397
04	10	28	72	0.023226829846024397
04	10	28	32	0.023215366458154814
04	10	28	68	0.02092451767817687
04	10	28	100	0.02092451767817687
04	10	28	78	0.016188879946523738
04	10	28	50	0.016188879946523738
04	10	28	62	0.016188879946523738
04	10	28	60	0.015398354422827153
04	10	28	74	0.015398354422827153
04	10	28	49	0.015398354422827153
04	10	29	71	0.01843631383895233
04	10	29	34	0.01843631383895233
04	10	29	100	0.01843631383895233
04	10	29	74	0.016490911346639915
04	10	29	82	0.016490911346639915
04	10	29	44	0.016490911346639915
04	10	29	75	0.011121728241415893
04	10	29	84	0.011121728241415893
04	10	29	14	0.016490911346639915
04	10	29	3	0.016490911346639915
04	10	29	30	0.016490911346639915
04	10	29	54	0.016490911346639915
04	10	29	50	0.016490911346639915
04	10	29	15	0.016490911346639915
04	10	29	78	0.016490911346639915
04	10	29	88	0.016490911346639915
04	10	29	96	0.016490911346639915
04	10	29	80	0.016490911346639915
04	10	29	51	0.016490911346639915
04	10	29	60	0.016490911346639915
04	10	29	70	0.00693176528820053
04	10	29	0	0.00693176528820053
04	10	29	68	0.00693176528820053
04	10	30	14	0.10302033011372468
04	10	30	42	0.10302033011372468
04	10	30	82	0.10302033011372468
04	10	30	2	0.10302033011372468
04	10	30	64	0.03297137973856126
04	10	30	0	0.03297137973856126
04	10	30	71	0.03297137973856126
04	10	30	88	0.03297137973856126
04	10	30	70	0.03297137973856126
04	10	30	97	0.03297137973856126
04	10	30	83	0.03297137973856126
04	10	30	68	0.03297137973856126
04	10	30	15	0.03297137973856126
04	10	30	92	0.03297137973856126
04	10	30	84	0.03297137973856126
04	10	30	30	0.03297137973856126
04	10	30	76	0.00821424338381357
04	10	30	56	0.0026704029294055917
04	10	30	100	0.03297137973856126
04	10	30	78	0.03297137973856126
04	10	30	81	0.03297137973856126
04	10	30	95	0.018923468378310555
04	10	30	50	0.018923468378310555
04	10	31	2	0.14095492961683728
04	10	31	0	0.14095492961683728
04	10	31	15	0.05438023711876646
04	10	31	57	0.03788916194742833
04	10	31	100	0.03788916194742833
04	10	31	74	0.03788916194742833
04	10	31	37	0.03788916194742833
04	10	31	13	0.03788916194742833
04	10	31	30	0.03788916194742833
04	10	31	94	0.022647627074766717
04	10	31	3	0.022647627074766717
04	10	31	34	0.022647627074766717
04	10	31	81	0.022647627074766717
04	10	31	95	0.022647627074766717
04	10	31	45	0.022647627074766717
04	10	31	72	0.022647627074766717
04	10	31	97	0.022647627074766717
04	10	31	92	0.016260427483215507
04	10	31	91	0.016260427483215507
04	10	31	75	0.016260427483215507
04	10	32	61	0.13154508181442684
04	10	32	50	0.13154508181442684
04	10	32	37	0.08184169089755709
04	10	32	34	0.08184169089755709
04	10	32	17	0.08184169089755709
04	10	32	3	0.08184169089755709
04	10	32	98	0.0513421238679369
04	10	32	2	0.06669821838637614
04	10	32	5	0.06669821838637614
04	10	32	60	0.0513421238679369
04	10	32	75	0.0513421238679369
04	10	32	84	0.0513421238679369
04	10	32	70	0.0513421238679369
04	10	32	82	0.02506176713795273
04	10	32	1	0.03966154907301126
04	10	32	100	0.03966154907301126
04	10	32	73	0.03966154907301126
04	10	32	0	0.03966154907301126
04	10	32	88	0.026378503961317322
04	10	32	47	0.021594265394619918
04	10	33	75	0.06991357644505954
04	10	33	71	0.0603268737360762
04	10	33	74	0.06991357644505954
04	10	33	90	0.06991357644505954
04	10	33	6	0.044722722576749405
04	10	33	34	0.044722722576749405
04	10	33	50	0.0603268737360762
04	10	33	78	0.0603268737360762
04	10	33	73	0.0603268737360762
04	10	33	88	0.015869772094763788
04	10	33	42	0.015869772094763788
04	10	33	81	0.032165559751004554
04	10	33	83	0.032165559751004554
04	10	33	30	0.032165559751004554
04	10	33	21	0.02339485132122213
04	10	33	7	0.015869772094763788
04	10	33	99	0.015869772094763788
04	10	33	55	0.015869772094763788
04	10	33	100	0.007129712903251741
04	10	33	62	0.007129712903251741
04	10	34	43	0.03198500440145294
04	10	34	61	0.03230996108481272
04	10	34	73	0.03230996108481272
04	10	34	15	0.03198500440145294
04	10	34	14	0.03198500440145294
04	10	34	95	0.03198500440145294
04	10	34	30	0.03198500440145294
04	10	34	72	0.03198500440145294
04	10	34	35	0.03198500440145294
04	10	34	26	0.03198500440145294
04	10	34	23	0.022102534239808957
04	10	34	3	0.022102534239808957
04	10	34	64	0.022102534239808957
04	10	34	91	0.022102534239808957
04	10	34	68	0.022102534239808957
04	10	34	84	0.022102534239808957
04	10	34	0	0.00824238944987225
04	10	34	37	0.022102534239808957
04	10	34	25	0.022102534239808957
04	10	34	98	0.022102534239808957
04	10	34	24	0.022102534239808957
04	10	35	37	0.14732290425821384
04	10	35	5	0.14732290425821384
04	10	35	0	0.14732290425821384
04	10	35	34	0.058338561642803786
04	10	35	15	0.058338561642803786
04	10	35	56	0.026599436480919794
04	10	35	61	0.026599436480919794
04	10	35	95	0.026599436480919794
04	10	35	54	0.007834503476146351
04	10	35	73	0.013500063397686604
04	10	35	91	0.013500063397686604
04	10	35	55	0.011692870683759337
04	10	35	57	0.011692870683759337
04	10	35	85	0.011692870683759337
04	10	35	71	0.011692870683759337
04	10	35	72	0.011692870683759337
04	10	35	69	0.008988659307323522
04	10	35	74	0.008988659307323522
04	10	35	76	0.008988659307323522
04	10	35	83	0.008988659307323522
04	10	35	24	0.008988659307323522
04	10	36	11	0.23234500834564445
04	10	36	0	0.2067631087186813
04	10	36	30	0.04842630472004426
04	10	36	25	0.04842630472004426
04	10	36	58	0.04842630472004426
04	10	36	86	0.04842630472004426
04	10	36	24	0.04842630472004426
04	10	36	56	0.04842630472004426
04	10	36	2	0.04842630472004426
04	10	36	9	0.041737415895985744
04	10	36	95	0.04842630472004426
04	10	36	68	0.04842630472004426
04	10	36	91	0.04842630472004426
04	10	36	5	0.04842630472004426
04	10	36	85	0.01846906048694421
04	10	36	90	0.01766676166604524
04	10	36	100	0.01766676166604524
04	10	36	97	0.041737415895985744
04	10	36	15	0.041737415895985744
04	10	36	73	0.041737415895985744
04	10	36	19	0.041737415895985744
04	10	36	92	0.041737415895985744
04	10	37	94	0.10167986217198063
04	10	37	74	0.10167986217198063
04	10	37	35	0.10167986217198063
04	10	37	0	0.048213553519592986
04	10	37	56	0.03043703750394907
04	10	37	81	0.03043703750394907
04	10	37	11	0.03043703750394907
04	10	37	73	0.03043703750394907
04	10	37	53	0.027507592510741405
04	10	37	34	0.03043703750394907
04	10	37	93	0.020301612165222915
04	10	37	51	0.01799019588137183
04	10	37	4	0.015726437153943947
04	10	37	36	0.01799019588137183
04	10	37	75	0.01799019588137183
04	10	37	29	0.01799019588137183
04	10	37	26	0.015726437153943947
04	10	37	22	0.01119945025386675
04	10	37	62	0.01119945025386675
04	10	37	84	0.01119945025386675
04	10	38	0	0.12051780973024476
04	10	38	42	0.06006493419286903
04	10	38	34	0.06006493419286903
04	10	38	2	0.06006493419286903
04	10	38	93	0.037662875334383124
04	10	38	50	0.006617245856136696
04	10	38	73	0.032519792108714536
04	10	38	30	0.032519792108714536
04	10	38	37	0.032519792108714536
04	10	38	7	0.005778332187966961
04	10	38	54	0.005778332187966961
04	10	38	94	0.032519792108714536
04	10	38	25	0.032519792108714536
04	10	38	74	0.032519792108714536
04	10	38	45	0.032519792108714536
04	10	38	13	0.016105019058069228
04	10	38	81	0.016105019058069228
04	10	38	83	0.016105019058069228
04	10	38	78	0.013310671760016617
04	10	38	84	0.0038561970393786765
04	10	38	75	0.0038561970393786765
04	10	38	69	0.0038561970393786765
04	10	39	0	0.09179697540482364
04	10	39	15	0.09179697540482364
04	10	39	2	0.08126081812742793
04	10	39	61	0.08126081812742793
04	10	39	71	0.08126081812742793
04	10	39	34	0.056209580621166544
04	10	39	77	0.023627132113364757
04	10	39	100	0.056209580621166544
04	10	39	69	0.056209580621166544
04	10	39	74	0.056209580621166544
04	10	39	88	0.056209580621166544
04	10	39	4	0.023627132113364757
04	10	39	44	0.01357098362146478
04	10	39	51	0.056209580621166544
04	10	39	81	0.056209580621166544
04	10	39	78	0.056209580621166544
04	10	39	50	0.056209580621166544
04	10	39	83	0.056209580621166544
04	10	39	94	0.056209580621166544
04	10	39	14	0.01357098362146478
04	10	40	5	0.06786445661700953
04	10	40	61	0.0462441918746277
04	10	40	2	0.04455870684570067
04	10	40	90	0.03652503634234192
04	10	40	3	0.04059458000897307
04	10	40	14	0.04059458000897307
04	10	40	43	0.030103516645482865
04	10	40	62	0.030103516645482865
04	10	40	44	0.026920557365824656
04	10	40	0	0.026920557365824656
04	10	40	42	0.026920557365824656
04	10	40	30	0.026273510492633666
04	10	40	68	0.030103516645482865
04	10	40	83	0.030103516645482865
04	10	40	95	0.030103516645482865
04	10	40	91	0.030103516645482865
04	10	40	48	0.002875756470119882
04	10	40	87	0.026273510492633666
04	10	40	27	0.026273510492633666
04	10	40	19	0.026273510492633666
04	10	40	20	0.006835009705572943
04	10	41	94	0.10881373447314041
04	10	41	0	0.07713573552460332
04	10	41	37	0.05458736835618143
04	10	41	5	0.05458736835618143
04	10	41	27	0.05458736835618143
04	10	41	54	0.05043271562447176
04	10	41	14	0.05458736835618143
04	10	41	3	0.05458736835618143
04	10	41	71	0.02501869197080162
04	10	41	30	0.02501869197080162
04	10	41	87	0.05043271562447176
04	10	41	56	0.05043271562447176
04	10	41	72	0.05043271562447176
04	10	41	84	0.05043271562447176
04	10	41	73	0.05043271562447176
04	10	41	97	0.02033871570517807
04	10	41	75	0.02033871570517807
04	10	41	93	0.02033871570517807
04	10	41	92	0.02033871570517807
04	10	41	88	0.02033871570517807
04	10	42	0	0.05508050812577782
04	10	42	91	0.028355327595116383
04	10	42	14	0.03845137550360426
04	10	42	3	0.03845137550360426
04	10	42	90	0.03845137550360426
04	10	42	73	0.03845137550360426
04	10	42	54	0.028355327595116383
04	10	42	81	0.022354876708350395
04	10	42	83	0.022354876708350395
04	10	42	68	0.022354876708350395
04	10	42	5	0.022354876708350395
04	10	42	97	0.022354876708350395
04	10	42	95	0.022354876708350395
04	10	42	92	0.022354876708350395
04	10	42	69	0.022354876708350395
04	10	42	43	0.009358865747789274
04	10	42	42	0.009358865747789274
04	10	42	72	0.022354876708350395
04	10	42	93	0.022354876708350395
04	10	42	94	0.022354876708350395
04	10	43	5	0.1311086551967792
04	10	43	37	0.1311086551967792
04	10	43	93	0.1311086551967792
04	10	43	45	0.11653617906670383
04	10	43	34	0.09906089211664135
04	10	43	25	0.09906089211664135
04	10	43	60	0.09906089211664135
04	10	43	9	0.09906089211664135
04	10	43	0	0.09906089211664135
04	10	43	3	0.09906089211664135
04	10	43	82	0.09906089211664135
04	10	43	42	0.09906089211664135
04	10	43	2	0.09906089211664135
04	10	43	96	0.04427749698660939
04	10	43	50	0.016294579882931468
04	10	43	48	0.016294579882931468
04	10	43	71	0.014671737297242922
04	10	43	87	0.014671737297242922
04	10	43	77	0.014671737297242922
04	10	43	22	0.014671737297242922
04	10	44	2	0.06386237321888157
04	10	44	94	0.05598956204884856
04	10	44	95	0.05598956204884856
04	10	44	49	0.05598956204884856
04	10	44	90	0.024641987454894883
04	10	44	72	0.031799738660334434
04	10	44	51	0.031799738660334434
04	10	44	34	0.031799738660334434
04	10	44	9	0.019956657396390264
04	10	44	42	0.019956657396390264
04	10	44	93	0.024641987454894883
04	10	44	62	0.024641987454894883
04	10	44	97	0.020452968592293723
04	10	44	85	0.020452968592293723
04	10	44	80	0.01104517127978747
04	10	44	37	0.007873066444479845
04	10	44	55	0.0070813408873320926
04	10	44	68	0.006382052876562338
04	10	44	92	0.004301955196134964
04	10	44	5	0.004614925731723378
04	10	44	21	0.004614925731723378
04	10	44	14	0.004614925731723378
04	10	45	0	0.1677013915213303
04	10	45	2	0.1677013915213303
04	10	45	5	0.05546733497247518
04	10	45	50	0.05546733497247518
04	10	45	42	0.03849631379893879
04	10	45	82	0.03582503009749388
04	10	45	69	0.021731064482246182
04	10	45	61	0.021731064482246182
04	10	45	34	0.021731064482246182
04	10	45	95	0.021731064482246182
04	10	45	3	0.021731064482246182
04	10	45	100	0.021731064482246182
04	10	45	81	0.021731064482246182
04	10	45	48	0.021731064482246182
04	10	45	83	0.021731064482246182
04	10	45	37	0.021731064482246182
04	10	45	74	0.021731064482246182
04	10	45	17	0.021731064482246182
04	10	45	88	0.007234471058144263
04	10	45	68	0.007229906089254189
04	10	46	34	0.11578329082817582
04	10	46	13	0.05506657857207536
04	10	46	0	0.045843075953500526
04	10	46	74	0.045843075953500526
04	10	46	100	0.045843075953500526
04	10	46	42	0.045843075953500526
04	10	46	71	0.02869821632958455
04	10	46	7	0.045843075953500526
04	10	46	45	0.045843075953500526
04	10	46	5	0.045843075953500526
04	10	46	24	0.045843075953500526
04	10	46	4	0.045843075953500526
04	10	46	15	0.045843075953500526
04	10	46	2	0.045843075953500526
04	10	46	46	0.027853338515747703
04	10	46	69	0.012262865205316933
04	10	46	29	0.027853338515747703
04	10	46	90	0.027853338515747703
04	10	46	44	0.010903409281707422
04	10	46	82	0.012262865205316933
04	10	46	91	0.012262865205316933
04	10	47	2	0.08561710056727537
04	10	47	0	0.056314218235014764
04	10	47	37	0.029487468363213597
04	10	47	100	0.029487468363213597
04	10	47	5	0.036500737330525376
04	10	47	3	0.036500737330525376
04	10	47	94	0.036500737330525376
04	10	47	54	0.036500737330525376
04	10	47	30	0.029487468363213597
04	10	47	26	0.012173310619263024
04	10	47	71	0.012173310619263024
04	10	47	24	0.029487468363213597
04	10	47	25	0.029487468363213597
04	10	47	87	0.029487468363213597
04	10	47	15	0.029487468363213597
04	10	47	43	0.029487468363213597
04	10	47	17	0.010580496323869133
04	10	47	56	0.008069983461808794
04	10	47	93	0.008069983461808794
04	10	47	44	0.004284846860623038
04	10	48	5	0.15494044097201395
04	10	48	71	0.11276851491827755
04	10	48	37	0.11276851491827755
04	10	48	30	0.08225482169857437
04	10	48	61	0.04508425692760115
04	10	48	24	0.04508425692760115
04	10	48	100	0.022547485856539585
04	10	48	34	0.02321626337703459
04	10	48	13	0.02321626337703459
04	10	48	42	0.02321626337703459
04	10	48	14	0.020832215226838136
04	10	48	11	0.016345521217268653
04	10	48	74	0.020832215226838136
04	10	48	60	0.020832215226838136
04	10	48	2	0.020832215226838136
04	10	48	78	0.020832215226838136
04	10	48	51	0.016345521217268653
04	10	48	0	0.016345521217268653
04	10	48	75	0.016345521217268653
04	10	48	72	0.0049115274248693235
04	10	49	5	0.10851457227484139
04	10	49	82	0.045967171576037975
04	10	49	30	0.03267489709576618
04	10	49	0	0.02629173848648289
04	10	49	95	0.020958596830984798
04	10	49	69	0.020958596830984798
04	10	49	100	0.002338559552729571
04	10	49	61	0.019510966696641978
04	10	49	25	0.019510966696641978
04	10	49	24	0.01863191837252927
04	10	49	9	0.010535722740323676
04	10	49	43	0.010535722740323676
04	10	49	34	0.007410793962287142
04	10	49	75	0.007410793962287142
04	10	49	73	0.007410793962287142
04	10	49	11	0.007410793962287142
04	10	49	84	0.007410793962287142
04	10	49	60	0.0034545097311116484
04	10	49	70	0.0034545097311116484
04	10	49	83	0.002338559552729571
04	10	49	81	0.002338559552729571
04	10	49	14	0.002338559552729571
04	10	49	74	0.002338559552729571
04	10	49	68	0.002338559552729571
04	10	50	0	0.09361038947852374
04	10	50	37	0.027530245635784042
04	10	50	5	0.09361038947852374
04	10	50	2	0.09361038947852374
04	10	50	71	0.09361038947852374
04	10	50	26	0.025448020468389378
04	10	50	64	0.025448020468389378
04	10	50	94	0.025448020468389378
04	10	50	7	0.025448020468389378
04	10	50	55	0.025448020468389378
04	10	50	81	0.019105604859505205
04	10	50	35	0.025448020468389378
04	10	50	4	0.025448020468389378
04	10	50	34	0.019105604859505205
04	10	50	54	0.019105604859505205
04	10	50	50	0.019105604859505205
04	10	50	86	0.019105604859505205
04	10	50	93	0.019105604859505205
04	10	50	14	0.019105604859505205
04	10	50	69	0.019105604859505205
04	10	50	22	0.025448020468389378
04	10	50	9	0.025448020468389378
04	10	50	42	0.025448020468389378
04	10	50	31	0.025448020468389378
04	10	50	6	0.025448020468389378
04	10	50	10	0.025448020468389378
04	10	50	95	0.025448020468389378
04	10	50	99	0.025448020468389378
04	10	51	14	0.059652686737581194
04	10	51	15	0.059652686737581194
04	10	51	73	0.059652686737581194
04	10	51	57	0.059652686737581194
04	10	51	0	0.059652686737581194
04	10	51	93	0.059652686737581194
04	10	51	35	0.034718470674382704
04	10	51	34	0.034718470674382704
04	10	51	7	0.008955463213696458
04	10	51	70	0.020538996196530334
04	10	51	84	0.020538996196530334
04	10	51	75	0.020538996196530334
04	10	51	87	0.020538996196530334
04	10	51	56	0.020538996196530334
04	10	51	44	0.007279323431236783
04	10	51	5	0.020538996196530334
04	10	51	85	0.020538996196530334
04	10	51	99	0.020538996196530334
04	10	51	66	0.020538996196530334
04	10	51	90	0.020538996196530334
04	10	52	2	0.14642610439788395
04	10	52	100	0.06701513532855313
04	10	52	14	0.042699227230242505
04	10	52	5	0.042699227230242505
04	10	52	30	0.022651233058390324
04	10	52	3	0.022651233058390324
04	10	52	71	0.022651233058390324
04	10	52	45	0.022651233058390324
04	10	52	37	0.022651233058390324
04	10	52	88	0.010306799576053141
04	10	52	73	0.010306799576053141
04	10	52	50	0.010306799576053141
04	10	52	82	0.00691315487703176
04	10	52	11	0.022651233058390324
04	10	52	89	0.022651233058390324
04	10	52	87	0.022651233058390324
04	10	52	25	0.022651233058390324
04	10	52	24	0.022651233058390324
04	10	52	94	0.013308638642357366
04	10	52	54	0.013308638642357366
04	10	52	0	0.013308638642357366
04	10	52	41	0.013308638642357366
04	10	53	5	0.13064790782876456
04	10	53	54	0.11559261796289239
04	10	53	0	0.11559261796289239
04	10	53	25	0.11559261796289239
04	10	53	44	0.03672965560902285
04	10	53	11	0.03672965560902285
04	10	53	45	0.03672965560902285
04	10	53	7	0.03672965560902285
04	10	53	21	0.03672965560902285
04	10	53	68	0.03672965560902285
04	10	53	43	0.03672965560902285
04	10	53	9	0.03672965560902285
04	10	53	82	0.03672965560902285
04	10	53	84	0.03672965560902285
04	10	53	87	0.03672965560902285
04	10	53	76	0.03672965560902285
04	10	53	95	0.03672965560902285
04	10	53	14	0.03672965560902285
04	10	53	6	0.03672965560902285
04	10	53	70	0.004324317919044039
04	10	54	0	0.18617212620916018
04	10	54	94	0.02817648811413305
04	10	54	82	0.02805144867103976
04	10	54	5	0.02817648811413305
04	10	54	50	0.02817648811413305
04	10	54	69	0.02817648811413305
04	10	54	68	0.02817648811413305
04	10	54	42	0.02805144867103976
04	10	54	2	0.02805144867103976
04	10	54	91	0.02145226248330785
04	10	54	93	0.016621070194513494
04	10	54	73	0.016621070194513494
04	10	54	78	0.02145226248330785
04	10	54	71	0.02145226248330785
04	10	54	34	0.016621070194513494
04	10	54	72	0.016621070194513494
04	10	54	15	0.010107253073089422
04	10	54	57	0.008843364765616589
04	10	54	54	0.0035034205779022626
04	10	54	74	0.0035034205779022626
04	10	54	84	0.008843364765616589
04	10	54	30	0.008843364765616589
04	10	55	2	0.15897455870829214
04	10	55	34	0.025593533149426143
04	10	55	100	0.03031848577673309
04	10	55	51	0.03031848577673309
04	10	55	0	0.03031848577673309
04	10	55	50	0.025593533149426143
04	10	55	37	0.025593533149426143
04	10	55	49	0.022840335010594612
04	10	55	83	0.022840335010594612
04	10	55	73	0.022840335010594612
04	10	55	81	0.022840335010594612
04	10	55	82	0.025593533149426143
04	10	55	24	0.025593533149426143
04	10	55	71	0.025593533149426143
04	10	55	74	0.025593533149426143
04	10	55	88	0.022840335010594612
04	10	55	55	0.0033808828707352673
04	10	55	85	0.002679034062872733
04	10	55	14	0.01357922450120962
04	10	55	62	0.01357922450120962
04	10	55	93	0.008938845757213475
04	10	55	61	0.005320670163338758
04	10	56	5	0.12749699505478074
04	10	56	34	0.12092139661137621
04	10	56	27	0.08572462211155853
04	10	56	71	0.0367640650109643
04	10	56	26	0.0367640650109643
04	10	56	87	0.0367640650109643
04	10	56	45	0.0367640650109643
04	10	56	6	0.0367640650109643
04	10	56	56	0.0367640650109643
04	10	56	72	0.0367640650109643
04	10	56	74	0.0367640650109643
04	10	56	100	0.0367640650109643
04	10	56	98	0.0367640650109643
04	10	56	68	0.0367640650109643
04	10	56	95	0.0367640650109643
04	10	56	24	0.0367640650109643
04	10	56	42	0.0367640650109643
04	10	56	85	0.0367640650109643
04	10	56	2	0.0367640650109643
04	10	56	17	0.005330671494677017
04	10	56	11	0.005330671494677017
04	10	56	94	0.0007153298839108568
04	10	57	2	0.03697449672108626
04	10	57	51	0.053793459158888085
04	10	57	69	0.053793459158888085
04	10	57	100	0.019998257736305803
04	10	57	77	0.03697449672108626
04	10	57	72	0.03697449672108626
04	10	57	93	0.03697449672108626
04	10	57	5	0.025564826690447857
04	10	57	34	0.025564826690447857
04	10	57	14	0.025564826690447857
04	10	57	73	0.016610477059420432
04	10	57	26	0.008169865198714685
04	10	57	42	0.008169865198714685
04	10	57	0	0.019998257736305803
04	10	57	74	0.019998257736305803
04	10	57	90	0.019998257736305803
04	10	57	49	0.019998257736305803
04	10	57	88	0.019998257736305803
04	10	57	55	0.007876893726557723
04	10	57	81	0.0015847232425956058
04	10	57	83	0.0015847232425956058
04	10	58	0	0.12415241751496668
04	10	58	15	0.02748643951779172
04	10	58	56	0.05965970231959725
04	10	58	87	0.05965970231959725
04	10	58	90	0.028462719586969738
04	10	58	55	0.022297015662071377
04	10	58	86	0.02165230134753411
04	10	58	34	0.020254061703899325
04	10	58	77	0.020254061703899325
04	10	58	93	0.02165230134753411
04	10	58	62	0.02165230134753411
04	10	58	73	0.020254061703899325
04	10	58	49	0.020254061703899325
04	10	58	51	0.020254061703899325
04	10	58	98	0.006504835618706333
04	10	58	66	0.006504835618706333
04	10	58	76	0.006504835618706333
04	10	58	21	0.0034880282531654337
04	10	58	69	0.015191599011219942
04	10	58	9	0.015191599011219942
04	10	58	26	0.015191599011219942
04	10	58	11	0.015191599011219942
04	10	58	50	0.015191599011219942
04	10	58	72	0.004065259435369276
04	10	59	54	0.17315650109707992
04	10	59	0	0.17315650109707992
04	10	59	30	0.11277869617073039
04	10	59	42	0.11277869617073039
04	10	59	2	0.11277869617073039
04	10	59	71	0.03819562502138926
04	10	59	81	0.03819562502138926
04	10	59	83	0.03819562502138926
04	10	59	60	0.03819562502138926
04	10	59	25	0.03819562502138926
04	10	59	69	0.03819562502138926
04	10	59	82	0.03381322802640652
04	10	59	93	0.03381322802640652
04	10	59	15	0.03381322802640652
04	10	59	37	0.020229019330360844
04	10	59	88	0.019695077886555994
04	10	59	9	0.019695077886555994
04	10	59	14	0.01099707283121604
04	10	59	27	0.009309059026306996
04	10	59	70	0.004509268278250528
04	10	60	5	0.10068076610127805
04	10	60	48	0.10068076610127805
04	10	60	93	0.10068076610127805
04	10	60	61	0.10068076610127805
04	10	60	50	0.03033088649130389
04	10	60	62	0.03033088649130389
04	10	60	14	0.03033088649130389
04	10	60	69	0.03033088649130389
04	10	60	98	0.03033088649130389
04	10	60	71	0.03033088649130389
04	10	60	76	0.028569422216027054
04	10	60	88	0.028569422216027054
04	10	60	94	0.008752162981313063
04	10	60	65	0.008752162981313063
04	10	60	17	0.028569422216027054
04	10	60	15	0.028569422216027054
04	10	60	83	0.028569422216027054
04	10	60	81	0.027316677293036086
04	10	60	100	0.027316677293036086
04	10	60	72	0.027316677293036086
04	10	60	29	0.0028393555346472366
04	10	61	15	0.053019647991488485
04	10	61	5	0.04619285206636397
04	10	61	100	0.04619285206636397
04	10	61	61	0.04619285206636397
04	10	61	95	0.04619285206636397
04	10	61	73	0.04619285206636397
04	10	61	69	0.04619285206636397
04	10	61	1	0.028699555326911316
04	10	61	55	0.028699555326911316
04	10	61	42	0.038299668906120965
04	10	61	68	0.038299668906120965
04	10	61	82	0.038299668906120965
04	10	61	91	0.015539865928240925
04	10	61	50	0.028699555326911316
04	10	61	59	0.028699555326911316
04	10	61	74	0.015539865928240925
04	10	61	49	0.015539865928240925
04	10	61	71	0.015539865928240925
04	10	61	2	0.015539865928240925
04	10	61	54	0.015539865928240925
04	10	61	17	0.012307522193742183
04	10	62	0	0.10331699858729462
04	10	62	37	0.02375571639520373
04	10	62	42	0.02279025325608814
04	10	62	5	0.02279025325608814
04	10	62	50	0.01761269843432454
04	10	62	30	0.021398332490552497
04	10	62	34	0.021398332490552497
04	10	62	24	0.021398332490552497
04	10	62	2	0.01761269843432454
04	10	62	88	0.008748330933659006
04	10	62	54	0.01761269843432454
04	10	62	25	0.01761269843432454
04	10	62	35	0.01761269843432454
04	10	62	60	0.01761269843432454
04	10	62	7	0.01761269843432454
04	10	62	14	0.008748330933659006
04	10	62	69	0.008748330933659006
04	10	62	82	0.008748330933659006
04	10	62	72	0.008748330933659006
04	10	62	51	0.008748330933659006
04	10	62	100	0.008748330933659006
04	10	62	71	0.008748330933659006
04	10	62	78	0.008748330933659006
04	10	62	49	0.008748330933659006
04	10	62	3	0.008748330933659006
04	10	63	0	0.06057989260988453
04	10	63	34	0.06057989260988453
04	10	63	5	0.06057989260988453
04	10	63	82	0.06057989260988453
04	10	63	71	0.029831612431073195
04	10	63	2	0.03132613584281111
04	10	63	30	0.03132613584281111
04	10	63	3	0.021734325598352
04	10	63	94	0.021734325598352
04	10	63	15	0.021734325598352
04	10	63	72	0.021734325598352
04	10	63	14	0.021734325598352
04	10	63	25	0.021734325598352
04	10	63	81	0.01572607600776475
04	10	63	11	0.014705635568429763
04	10	63	44	0.014705635568429763
04	10	63	35	0.012616318237723908
04	10	63	73	0.012616318237723908
04	10	63	69	0.012616318237723908
04	10	63	83	0.000673596805874225
04	10	63	88	0.000673596805874225
04	10	63	51	0.000673596805874225
04	10	64	2	0.124585545855957
04	10	64	3	0.124585545855957
04	10	64	0	0.08852398109508197
04	10	64	73	0.019458668228578647
04	10	64	7	0.019458668228578647
04	10	64	37	0.019458668228578647
04	10	64	72	0.019458668228578647
04	10	64	93	0.019458668228578647
04	10	64	90	0.019458668228578647
04	10	64	97	0.019458668228578647
04	10	64	4	0.019458668228578647
04	10	64	92	0.019458668228578647
04	10	64	60	0.019458668228578647
04	10	64	42	0.019458668228578647
04	10	64	64	0.019458668228578647
04	10	64	35	0.019458668228578647
04	10	64	100	0.019458668228578647
04	10	64	87	0.009110391530026544
04	10	64	76	0.009110391530026544
04	10	64	74	0.009110391530026544
04	10	64	50	0.009110391530026544
04	10	64	78	0.019458668228578647
04	10	64	96	0.019458668228578647
04	10	64	88	0.019458668228578647
04	10	65	0	0.11673319024401443
04	10	65	5	0.11673319024401443
04	10	65	62	0.08554774976214051
04	10	65	73	0.08554774976214051
04	10	65	37	0.05800314491827835
04	10	65	30	0.05800314491827835
04	10	65	83	0.05800314491827835
04	10	65	49	0.05800314491827835
04	10	65	2	0.05800314491827835
04	10	65	86	0.05800314491827835
04	10	65	25	0.05800314491827835
04	10	65	100	0.014659554294823084
04	10	65	75	0.05800314491827835
04	10	65	84	0.05800314491827835
04	10	65	70	0.05800314491827835
04	10	65	43	0.05800314491827835
04	10	65	61	0.05800314491827835
04	10	65	65	0.05800314491827835
04	10	65	68	0.05800314491827835
04	10	65	52	0.05800314491827835
04	10	65	74	0.014659554294823084
04	10	65	78	0.014659554294823084
04	10	65	51	0.014659554294823084
04	10	66	0	0.20422145966182603
04	10	66	82	0.07130615387957512
04	10	66	3	0.056267141746192996
04	10	66	69	0.056267141746192996
04	10	66	42	0.056267141746192996
04	10	66	14	0.031210772852120906
04	10	66	54	0.031210772852120906
04	10	66	61	0.031210772852120906
04	10	66	71	0.031210772852120906
04	10	66	90	0.031210772852120906
04	10	66	30	0.031210772852120906
04	10	66	34	0.031210772852120906
04	10	66	100	0.031210772852120906
04	10	66	26	0.031210772852120906
04	10	66	72	0.031210772852120906
04	10	66	93	0.031210772852120906
04	10	66	2	0.031210772852120906
04	10	66	91	0.005322720105938862
04	10	66	5	0.005322720105938862
04	10	66	37	0.005322720105938862
04	10	67	94	0.16965030965594508
04	10	67	2	0.16965030965594508
04	10	67	5	0.04063771378757783
04	10	67	42	0.039366173137356686
04	10	67	24	0.039366173137356686
04	10	67	0	0.039366173137356686
04	10	67	69	0.039366173137356686
04	10	67	95	0.039366173137356686
04	10	67	54	0.039366173137356686
04	10	67	78	0.039366173137356686
04	10	67	70	0.039366173137356686
04	10	67	75	0.039366173137356686
04	10	67	84	0.039366173137356686
04	10	67	43	0.039366173137356686
04	10	67	61	0.025833742704844224
04	10	67	57	0.00853745529470861
04	10	67	92	0.039366173137356686
04	10	67	14	0.011113105635967895
04	10	67	100	0.011113105635967895
04	10	67	51	0.011113105635967895
04	10	67	68	0.039366173137356686
04	10	67	91	0.039366173137356686
04	10	67	97	0.039366173137356686
04	10	67	3	0.039366173137356686
04	10	68	0	0.06246151892482081
04	10	68	82	0.06246151892482081
04	10	68	5	0.06246151892482081
04	10	68	2	0.06246151892482081
04	10	68	95	0.012364827657093859
04	10	68	74	0.06246151892482081
04	10	68	100	0.06246151892482081
04	10	68	43	0.012364827657093859
04	10	68	50	0.012364827657093859
04	10	68	30	0.012364827657093859
04	10	68	91	0.012364827657093859
04	10	68	88	0.012364827657093859
04	10	68	34	0.012364827657093859
04	10	68	55	0.012364827657093859
04	10	68	98	0.012364827657093859
04	10	68	26	0.012364827657093859
04	10	68	14	0.009705350923447802
04	10	68	84	0.004999379059489523
04	10	68	3	0.004999379059489523
04	10	68	25	0.004999379059489523
04	10	69	0	0.07822646750491859
04	10	69	75	0.02732061870404373
04	10	69	5	0.04557712624292047
04	10	69	94	0.04557712624292047
04	10	69	82	0.040665406068389934
04	10	69	21	0.007887770870864043
04	10	69	55	0.040665406068389934
04	10	69	93	0.040665406068389934
04	10	69	73	0.040665406068389934
04	10	69	54	0.040665406068389934
04	10	69	45	0.006812394209688506
04	10	69	2	0.006812394209688506
04	10	69	87	0.007887770870864043
04	10	69	30	0.0066981758629126465
04	10	69	74	0.0066981758629126465
04	10	69	14	0.002100301137286605
04	10	69	76	0.007887770870864043
04	10	69	6	0.007887770870864043
04	10	69	56	0.007887770870864043
04	10	69	70	0.007887770870864043
04	10	69	84	0.007887770870864043
04	10	69	29	0.007120872932028972
04	10	69	36	0.007120872932028972
04	10	69	65	0.007120872932028972
04	10	69	98	0.007120872932028972
04	10	70	14	0.13049917928596808
04	10	70	73	0.0745722823096654
04	10	70	2	0.06557267064139913
04	10	70	82	0.06557267064139913
04	10	70	61	0.05631889572042995
04	10	70	85	0.049244497967450854
04	10	70	44	0.049244497967450854
04	10	70	5	0.04665479180492637
04	10	70	34	0.04665479180492637
04	10	70	30	0.04665479180492637
04	10	70	15	0.04665479180492637
04	10	70	97	0.04665479180492637
04	10	70	92	0.020790112065142217
04	10	70	60	0.020790112065142217
04	10	70	96	0.0034154736302815614
04	10	70	83	0.01538281564612124
04	10	70	3	0.01538281564612124
04	10	70	81	0.01538281564612124
04	10	70	50	0.01538281564612124
04	10	70	100	0.0038874106772612852
04	10	71	61	0.07176436976847063
04	10	71	100	0.04719124790926808
04	10	71	95	0.04719124790926808
04	10	71	92	0.04719124790926808
04	10	71	97	0.028344571651062682
04	10	71	56	0.028344571651062682
04	10	71	51	0.028344571651062682
04	10	71	20	0.017174615457492576
04	10	71	15	0.026207190182080804
04	10	71	93	0.026207190182080804
04	10	71	8	0.017174615457492576
04	10	71	16	0.017174615457492576
04	10	71	94	0.017174615457492576
04	10	71	21	0.015776721515916598
04	10	71	25	0.015776721515916598
04	10	71	27	0.017174615457492576
04	10	71	34	0.017174615457492576
04	10	71	19	0.017174615457492576
04	10	71	48	0.001961656863966747
04	10	71	71	0.015651051196829083
04	10	71	35	0.006694095320718736
04	10	72	0	0.22665281199374196
04	10	72	2	0.19333859450622332
04	10	72	64	0.031144381532180417
04	10	72	74	0.031144381532180417
04	10	72	73	0.031144381532180417
04	10	72	76	0.031144381532180417
04	10	72	81	0.031144381532180417
04	10	72	55	0.02947110937949643
04	10	72	96	0.026817446654627354
04	10	72	97	0.026817446654627354
04	10	72	30	0.02947110937949643
04	10	72	90	0.02947110937949643
04	10	72	15	0.026817446654627354
04	10	72	7	0.022108467466988344
04	10	72	65	0.022108467466988344
04	10	72	41	0.022108467466988344
04	10	72	77	0.004008480291700647
04	10	72	78	0.018362124550438993
04	10	72	80	0.018362124550438993
04	10	72	71	0.018362124550438993
04	10	72	92	0.018362124550438993
04	10	73	26	0.11414622077348222
04	10	73	5	0.10211914849647252
04	10	73	37	0.10211914849647252
04	10	73	16	0.04473892490338496
04	10	73	72	0.10211914849647252
04	10	73	93	0.10211914849647252
04	10	73	71	0.04473892490338496
04	10	73	69	0.04473892490338496
04	10	73	19	0.04473892490338496
04	10	73	20	0.04473892490338496
04	10	73	24	0.04473892490338496
04	10	73	47	0.04473892490338496
04	10	73	91	0.04473892490338496
04	10	73	64	0.04473892490338496
04	10	73	73	0.04473892490338496
04	10	73	60	0.04473892490338496
04	10	73	44	0.040088197351330714
04	10	73	23	0.040088197351330714
04	10	73	0	0.040088197351330714
04	10	73	13	0.040088197351330714
04	10	73	8	0.040088197351330714
04	10	74	11	0.0636124159171274
04	10	74	30	0.0636124159171274
04	10	74	93	0.0636124159171274
04	10	74	34	0.0636124159171274
04	10	74	82	0.0636124159171274
04	10	74	73	0.0636124159171274
04	10	74	21	0.02836079776418923
04	10	74	2	0.0636124159171274
04	10	74	90	0.0636124159171274
04	10	74	32	0.02836079776418923
04	10	74	94	0.020972802591218347
04	10	74	74	0.01488139098360622
04	10	74	50	0.01488139098360622
04	10	74	35	0.01488139098360622
04	10	74	100	0.010748547636706516
04	10	74	25	0.020972802591218347
04	10	74	70	0.020972802591218347
04	10	74	15	0.020972802591218347
04	10	74	68	0.020972802591218347
04	10	74	96	0.020972802591218347
04	10	74	56	0.013743717519971969
04	10	74	91	0.013743717519971969
04	10	74	81	0.010748547636706516
04	10	74	69	0.010748547636706516
04	10	75	44	0.07182394653015366
04	10	75	82	0.06939979983197388
04	10	75	14	0.05132091676668886
04	10	75	51	0.05132091676668886
04	10	75	74	0.05132091676668886
04	10	75	0	0.05132091676668886
04	10	75	99	0.05132091676668886
04	10	75	55	0.05132091676668886
04	10	75	90	0.05132091676668886
04	10	75	3	0.05132091676668886
04	10	75	2	0.05132091676668886
04	10	75	37	0.020230588151404463
04	10	75	88	0.018534394057543348
04	10	75	15	0.020230588151404463
04	10	75	34	0.020230588151404463
04	10	75	78	0.018534394057543348
04	10	75	54	0.006551177220861315
04	10	75	93	0.018534394057543348
04	10	75	61	0.018534394057543348
04	10	75	50	0.018534394057543348
04	10	75	100	0.018534394057543348
04	10	75	71	0.018534394057543348
04	10	76	82	0.12325601335791224
04	10	76	3	0.020267048657084126
04	10	76	64	0.011841480702448707
04	10	76	92	0.011841480702448707
04	10	76	24	0.011841480702448707
04	10	76	5	0.008816160669444545
04	10	76	100	0.013174753872721838
04	10	76	50	0.013174753872721838
04	10	76	2	0.013174753872721838
04	10	76	61	0.013174753872721838
04	10	76	78	0.013174753872721838
04	10	76	69	0.013174753872721838
04	10	76	88	0.013174753872721838
04	10	76	74	0.011628289367425004
04	10	76	71	0.007192997537473248
04	10	76	54	0.0034795696272058034
04	10	76	32	0.008816160669444545
04	10	76	97	0.008816160669444545
04	10	76	73	0.008816160669444545
04	10	76	27	0.008816160669444545
04	10	76	72	0.006013876988153529
04	10	76	21	0.006013876988153529
04	10	76	53	0.006013876988153529
04	10	77	0	0.12023565655220161
04	10	77	3	0.04593664004591266
04	10	77	71	0.04593664004591266
04	10	77	42	0.044359608075555335
04	10	77	75	0.044359608075555335
04	10	77	37	0.044359608075555335
04	10	77	94	0.034343795832050564
04	10	77	78	0.034343795832050564
04	10	77	83	0.034343795832050564
04	10	77	2	0.034343795832050564
04	10	77	72	0.034343795832050564
04	10	77	14	0.034343795832050564
04	10	77	89	0.034343795832050564
04	10	77	27	0.028111748341884124
04	10	77	5	0.028111748341884124
04	10	77	77	0.019062484534663124
04	10	77	62	0.028111748341884124
04	10	77	73	0.028111748341884124
04	10	77	9	0.01699886336000111
04	10	77	70	0.01699886336000111
04	10	78	0	0.12270771709528623
04	10	78	2	0.052470294150721616
04	10	78	5	0.042199745321129196
04	10	78	37	0.042199745321129196
04	10	78	34	0.010475957828103722
04	10	78	82	0.033159663274347106
04	10	78	94	0.033159663274347106
04	10	78	71	0.016285057964395482
04	10	78	68	0.012551424898853416
04	10	78	72	0.012551424898853416
04	10	78	73	0.010046033273166801
04	10	78	50	0.010475957828103722
04	10	78	100	0.010475957828103722
04	10	78	3	0.010475957828103722
04	10	78	42	0.010046033273166801
04	10	78	95	0.010046033273166801
04	10	78	54	0.010046033273166801
04	10	78	7	0.010046033273166801
04	10	78	74	0.004323296500755241
04	10	78	69	0.004323296500755241
04	10	78	30	0.004323296500755241
04	10	79	0	0.09636682627842348
04	10	79	2	0.09425470812205326
04	10	79	54	0.018043924409395288
04	10	79	73	0.018043924409395288
04	10	79	26	0.018043924409395288
04	10	79	3	0.018043924409395288
04	10	79	14	0.018043924409395288
04	10	79	82	0.018043924409395288
04	10	79	100	0.018043924409395288
04	10	79	81	0.011503649871023579
04	10	79	5	0.009770236195720606
04	10	79	61	0.018043924409395288
04	10	79	87	0.018043924409395288
04	10	79	77	0.018043924409395288
04	10	79	55	0.018043924409395288
04	10	79	30	0.018043924409395288
04	10	79	45	0.018043924409395288
04	10	79	42	0.018043924409395288
04	10	79	7	0.006573678492066865
04	10	79	94	0.006573678492066865
04	10	80	2	0.10339738445430367
04	10	80	0	0.047715054692889405
04	10	80	73	0.047715054692889405
04	10	80	37	0.047715054692889405
04	10	80	14	0.045632296761008335
04	10	80	34	0.045632296761008335
04	10	80	88	0.019891543987123887
04	10	80	49	0.019891543987123887
04	10	80	44	0.045632296761008335
04	10	80	93	0.045632296761008335
04	10	80	26	0.033024711033942625
04	10	80	69	0.019891543987123887
04	10	80	61	0.019891543987123887
04	10	80	77	0.019891543987123887
04	10	80	68	0.019891543987123887
04	10	80	95	0.019891543987123887
04	10	80	81	0.019891543987123887
04	10	80	83	0.019891543987123887
04	10	80	100	0.015392379319044712
04	10	80	27	0.015392379319044712
04	10	80	74	0.015392379319044712
04	10	80	82	0.015392379319044712
04	10	81	73	0.10849907104332933
04	10	81	55	0.08272596593277352
04	10	81	34	0.08272596593277352
04	10	81	5	0.08272596593277352
04	10	81	93	0.08272596593277352
04	10	81	60	0.08272596593277352
04	10	81	42	0.027844191398545003
04	10	81	97	0.08272596593277352
04	10	81	40	0.08272596593277352
04	10	81	92	0.08272596593277352
04	10	81	86	0.08272596593277352
04	10	81	64	0.08272596593277352
04	10	81	99	0.08272596593277352
04	10	81	48	0.08272596593277352
04	10	81	71	0.08272596593277352
04	10	81	90	0.08272596593277352
04	10	81	62	0.08272596593277352
04	10	81	69	0.08272596593277352
04	10	81	24	0.012681883101264722
04	10	81	56	0.008435625734150631
04	10	81	87	0.008435625734150631
04	10	82	0	0.15918487092567318
04	10	82	2	0.15918487092567318
04	10	82	24	0.03990010674603142
04	10	82	42	0.03990010674603142
04	10	82	69	0.029058037662269602
04	10	82	34	0.029058037662269602
04	10	82	82	0.029058037662269602
04	10	82	72	0.028356008019703942
04	10	82	30	0.028356008019703942
04	10	82	55	0.028356008019703942
04	10	82	90	0.028356008019703942
04	10	82	35	0.018234887714091985
04	10	82	99	0.018234887714091985
04	10	82	53	0.017841482655843132
04	10	82	86	0.00646221920365536
04	10	82	5	0.00646221920365536
04	10	82	48	0.00646221920365536
04	10	82	94	0.0172586905434968
04	10	82	61	0.0172586905434968
04	10	82	100	0.0172586905434968
04	10	82	71	0.0172586905434968
04	10	82	6	0.0172586905434968
04	10	82	54	0.0172586905434968
04	10	83	42	0.05938977784522617
04	10	83	45	0.05938977784522617
04	10	83	74	0.05938977784522617
04	10	83	27	0.0424881974871896
04	10	83	68	0.050704500617899224
04	10	83	87	0.050704500617899224
04	10	83	56	0.050704500617899224
04	10	83	97	0.050704500617899224
04	10	83	5	0.050704500617899224
04	10	83	51	0.0424881974871896
04	10	83	37	0.0424881974871896
04	10	83	71	0.025406074233584285
04	10	83	0	0.025406074233584285
04	10	83	92	0.025406074233584285
04	10	83	89	0.020092027707615735
04	10	83	9	0.025406074233584285
04	10	83	88	0.025406074233584285
04	10	83	34	0.025406074233584285
04	10	83	44	0.025406074233584285
04	10	83	7	0.025406074233584285
04	10	83	69	0.025406074233584285
04	10	84	0	0.09521770803637933
04	10	84	73	0.04992370673251145
04	10	84	2	0.03966745302411199
04	10	84	30	0.038286881545275486
04	10	84	68	0.038286881545275486
04	10	84	61	0.038286881545275486
04	10	84	71	0.038286881545275486
04	10	84	37	0.038286881545275486
04	10	84	93	0.038286881545275486
04	10	84	54	0.038286881545275486
04	10	84	8	0.038286881545275486
04	10	84	25	0.038286881545275486
04	10	84	42	0.038286881545275486
04	10	84	78	0.024323548865327296
04	10	84	94	0.038286881545275486
04	10	84	24	0.038286881545275486
04	10	84	5	0.038286881545275486
04	10	84	14	0.038286881545275486
04	10	84	9	0.009858099521985979
04	10	84	82	0.024323548865327296
04	10	84	96	0.024323548865327296
04	10	85	0	0.11367198384900602
04	10	85	71	0.056579021848039514
04	10	85	2	0.056579021848039514
04	10	85	34	0.04753017229488207
04	10	85	37	0.04753017229488207
04	10	85	94	0.04753017229488207
04	10	85	90	0.03384536861673523
04	10	85	82	0.03384536861673523
04	10	85	3	0.03384536861673523
04	10	85	69	0.03384536861673523
04	10	85	54	0.03384536861673523
04	10	85	68	0.01824210494888949
04	10	85	24	0.03384536861673523
04	10	85	42	0.03384536861673523
04	10	85	30	0.03384536861673523
04	10	85	93	0.03384536861673523
04	10	85	86	0.005603929843642551
04	10	85	50	0.015092322442100148
04	10	85	95	0.015092322442100148
04	10	85	91	0.005070458805917465
04	10	86	95	0.0587145076438042
04	10	86	0	0.0587145076438042
04	10	86	73	0.0587145076438042
04	10	86	89	0.0587145076438042
04	10	86	2	0.0587145076438042
04	10	86	26	0.0587145076438042
04	10	86	42	0.04763721934804286
04	10	86	69	0.019572644845717906
04	10	86	98	0.04763721934804286
04	10	86	94	0.04763721934804286
04	10	86	100	0.011092232328226365
04	10	86	77	0.04763721934804286
04	10	86	75	0.04763721934804286
04	10	86	57	0.04763721934804286
04	10	86	84	0.04763721934804286
04	10	86	76	0.04763721934804286
04	10	86	70	0.04763721934804286
04	10	86	1	0.013016866117673947
04	10	86	65	0.013016866117673947
04	10	86	50	0.007456303306290289
04	10	87	2	0.08723180293399624
04	10	87	82	0.04699866483137916
04	10	87	0	0.04699866483137916
04	10	87	73	0.0449144566036477
04	10	87	42	0.0449144566036477
04	10	87	37	0.013796192904552406
04	10	87	93	0.0449144566036477
04	10	87	69	0.0449144566036477
04	10	87	9	0.01922233117813543
04	10	87	100	0.01183083418182233
04	10	87	84	0.012573378596057123
04	10	87	30	0.012573378596057123
04	10	87	51	0.01183083418182233
04	10	87	74	0.01183083418182233
04	10	87	78	0.01183083418182233
04	10	87	60	0.012573378596057123
04	10	87	6	0.012573378596057123
04	10	87	70	0.012573378596057123
04	10	87	50	0.01183083418182233
04	10	87	26	0.01183083418182233
04	10	87	5	0.007058982362541781
04	10	88	26	0.10254954346189303
04	10	88	2	0.10254954346189303
04	10	88	72	0.10254954346189303
04	10	88	69	0.10254954346189303
04	10	88	42	0.10254954346189303
04	10	88	37	0.10254954346189303
04	10	88	15	0.10254954346189303
04	10	88	84	0.03710804850216315
04	10	88	21	0.03710804850216315
04	10	88	54	0.03710804850216315
04	10	88	96	0.03710804850216315
04	10	88	27	0.03710804850216315
04	10	88	14	0.001316013801977151
04	10	88	71	0.012204424035425035
04	10	88	60	0.025625727015223775
04	10	88	61	0.025625727015223775
04	10	88	1	0.025625727015223775
04	10	88	95	0.025625727015223775
04	10	88	85	0.008292203898814758
04	10	88	99	0.005017167395290801
04	10	88	55	0.002532692944201021
04	10	89	73	0.09524767968029013
04	10	89	0	0.09524767968029013
04	10	89	34	0.09524767968029013
04	10	89	5	0.03341006877035804
04	10	89	71	0.03341006877035804
04	10	89	9	0.03341006877035804
04	10	89	14	0.03341006877035804
04	10	89	3	0.03341006877035804
04	10	89	15	0.03341006877035804
04	10	89	27	0.030155173327357683
04	10	89	42	0.030155173327357683
04	10	89	68	0.030155173327357683
04	10	89	90	0.030155173327357683
04	10	89	55	0.030155173327357683
04	10	89	13	0.030155173327357683
04	10	89	2	0.030155173327357683
04	10	89	30	0.030155173327357683
04	10	89	69	0.030155173327357683
04	10	89	77	0.030155173327357683
04	10	89	95	0.030155173327357683
04	10	90	0	0.0650264564015506
04	10	90	2	0.0650264564015506
04	10	90	37	0.06295608337285598
04	10	90	5	0.03277684938845655
04	10	90	86	0.03277684938845655
04	10	90	50	0.03277684938845655
04	10	90	34	0.03277684938845655
04	10	90	49	0.029640297467051883
04	10	90	82	0.029640297467051883
04	10	90	100	0.013264227586099353
04	10	90	80	0.013264227586099353
04	10	90	74	0.007903340372551824
04	10	90	83	0.009620527270767091
04	10	90	48	0.009620527270767091
04	10	90	62	0.009620527270767091
04	10	90	81	0.009362980759539438
04	10	90	51	0.006068544088645153
04	10	90	45	0.006068544088645153
04	10	90	14	0.007029772034446478
04	10	90	78	0.007029772034446478
04	10	90	88	0.007029772034446478
04	10	90	72	0.007903340372551824
04	10	90	24	0.007903340372551824
04	10	90	55	0.007903340372551824
04	10	90	73	0.007903340372551824
04	10	91	0	0.10117871774519749
04	10	91	2	0.10117871774519749
04	10	91	73	0.10117871774519749
04	10	91	75	0.050176444635150766
04	10	91	25	0.014208951718595564
04	10	91	30	0.014208951718595564
04	10	91	14	0.014208951718595564
04	10	91	92	0.014208951718595564
04	10	91	61	0.014208951718595564
04	10	91	15	0.014208951718595564
04	10	91	100	0.014208951718595564
04	10	91	74	0.014208951718595564
04	10	91	26	0.013159974004728531
04	10	91	5	0.013159974004728531
04	10	91	72	0.013159974004728531
04	10	91	11	0.01392141668838981
04	10	91	54	0.01392141668838981
04	10	91	44	0.01392141668838981
04	10	91	93	0.01392141668838981
04	10	91	97	0.013159974004728531
04	10	92	68	0.06396577014118106
04	10	92	73	0.06396577014118106
04	10	92	74	0.06396577014118106
04	10	92	5	0.046655892724822845
04	10	92	100	0.046655892724822845
04	10	92	37	0.046655892724822845
04	10	92	26	0.046655892724822845
04	10	92	54	0.023503134537109487
04	10	92	65	0.046655892724822845
04	10	92	80	0.046655892724822845
04	10	92	78	0.046655892724822845
04	10	92	0	0.046655892724822845
04	10	92	51	0.046655892724822845
04	10	92	50	0.046655892724822845
04	10	92	70	0.039734021183322574
04	10	92	24	0.02692890804737425
04	10	92	96	0.009616093731341216
04	10	92	34	0.023503134537109487
04	10	92	71	0.023503134537109487
04	10	92	39	0.010148696574932546
04	10	93	54	0.06262138546950569
04	10	93	72	0.06262138546950569
04	10	93	9	0.06262138546950569
04	10	93	44	0.025904438789170803
04	10	93	71	0.025904438789170803
04	10	93	25	0.025904438789170803
04	10	93	35	0.025904438789170803
04	10	93	27	0.025904438789170803
04	10	93	61	0.025904438789170803
04	10	93	82	0.025904438789170803
04	10	93	30	0.025904438789170803
04	10	93	4	0.008554597164687084
04	10	93	37	0.025904438789170803
04	10	93	34	0.025904438789170803
04	10	93	5	0.00647150310299786
04	10	93	73	0.021952059916098113
04	10	93	31	0.0021576927919214773
04	10	93	50	0.021952059916098113
04	10	93	95	0.021952059916098113
04	10	93	74	0.021952059916098113
04	10	93	17	0.021952059916098113
04	10	93	88	0.021952059916098113
04	10	93	78	0.021952059916098113
04	10	94	2	0.052707416747815615
04	10	94	37	0.052707416747815615
04	10	94	0	0.029975312991705257
04	10	94	93	0.029975312991705257
04	10	94	44	0.052707416747815615
04	10	94	5	0.052707416747815615
04	10	94	71	0.02387973675424865
04	10	94	17	0.029975312991705257
04	10	94	45	0.029975312991705257
04	10	94	14	0.029975312991705257
04	10	94	34	0.027373686526354492
04	10	94	15	0.018163557586279865
04	10	94	100	0.02387973675424865
04	10	94	74	0.02387973675424865
04	10	94	69	0.02387973675424865
04	10	94	88	0.02387973675424865
04	10	94	51	0.02387973675424865
04	10	94	11	0.02387973675424865
04	10	94	81	0.02387973675424865
04	10	94	83	0.004283271803979468
04	10	95	14	0.05277366249853306
04	10	95	82	0.06020026381380556
04	10	95	95	0.06020026381380556
04	10	95	72	0.06020026381380556
04	10	95	0	0.05277366249853306
04	10	95	51	0.05277366249853306
04	10	95	3	0.05277366249853306
04	10	95	71	0.031782058965740545
04	10	95	64	0.031782058965740545
04	10	95	5	0.031782058965740545
04	10	95	7	0.031782058965740545
04	10	95	10	0.031782058965740545
04	10	95	34	0.031782058965740545
04	10	95	70	0.007386527938342195
04	10	95	26	0.031782058965740545
04	10	95	92	0.031782058965740545
04	10	95	97	0.031782058965740545
04	10	95	22	0.024878693157027624
04	10	95	75	0.0034582808475457105
04	10	95	68	0.007255627737150305
04	10	95	93	0.007255627737150305
04	10	96	3	0.15248849741409734
04	10	96	5	0.15248849741409734
04	10	96	74	0.07338823171026006
04	10	96	9	0.03402579721479767
04	10	96	50	0.026675293033869153
04	10	96	0	0.026675293033869153
04	10	96	2	0.026675293033869153
04	10	96	71	0.026675293033869153
04	10	96	44	0.026675293033869153
04	10	96	55	0.026675293033869153
04	10	96	61	0.025593865771438025
04	10	96	11	0.025593865771438025
04	10	96	54	0.025593865771438025
04	10	96	75	0.025593865771438025
04	10	96	76	0.01197637263937568
04	10	96	51	0.018408070802577326
04	10	96	62	0.018408070802577326
04	10	96	49	0.018408070802577326
04	10	96	69	0.018408070802577326
04	10	96	78	0.018408070802577326
04	10	96	81	0.018408070802577326
04	10	96	100	0.018408070802577326
04	10	96	88	0.012653955413276007
04	10	96	83	0.012653955413276007
04	10	97	0	0.06880123290343222
04	10	97	5	0.06880123290343222
04	10	97	2	0.06880123290343222
04	10	97	45	0.03625800924116904
04	10	97	3	0.03625800924116904
04	10	97	72	0.034367543732232886
04	10	97	74	0.034367543732232886
04	10	97	100	0.034367543732232886
04	10	97	50	0.011706019385558214
04	10	97	82	0.007859765009807193
04	10	97	81	0.007859765009807193
04	10	97	30	0.021335036463621213
04	10	97	34	0.021335036463621213
04	10	97	25	0.021335036463621213
04	10	97	61	0.021335036463621213
04	10	97	75	0.021335036463621213
04	10	97	84	0.021335036463621213
04	10	97	70	0.021335036463621213
04	10	97	9	0.021335036463621213
04	10	97	42	0.008570160704543965
04	10	97	92	0.008570160704543965
04	10	98	0	0.08065286703873603
04	10	98	2	0.07403067781641787
04	10	98	68	0.07403067781641787
04	10	98	72	0.07403067781641787
04	10	98	11	0.07403067781641787
04	10	98	14	0.05692412617189898
04	10	98	93	0.05692412617189898
04	10	98	42	0.05692412617189898
04	10	98	7	0.027113635601662855
04	10	98	69	0.027113635601662855
04	10	98	88	0.027113635601662855
04	10	98	44	0.027113635601662855
04	10	98	26	0.027113635601662855
04	10	98	73	0.027113635601662855
04	10	98	34	0.027113635601662855
04	10	98	71	0.011195805696428921
04	10	98	85	0.011195805696428921
04	10	98	95	0.021200296981551403
04	10	98	82	0.021200296981551403
04	10	98	100	0.027113635601662855
04	10	98	55	0.027113635601662855
04	10	98	4	0.027113635601662855
04	10	98	10	0.00415808296379763
04	10	99	5	0.22151131167989016
04	10	99	7	0.07490555704281124
04	10	99	84	0.07490555704281124
04	10	99	82	0.06331434998865694
04	10	99	71	0.06331434998865694
04	10	99	43	0.06331434998865694
04	10	99	45	0.025662377250180533
04	10	99	70	0.03370303042625214
04	10	99	90	0.03370303042625214
04	10	99	75	0.03370303042625214
04	10	99	77	0.027357098138893837
04	10	99	4	0.027357098138893837
04	10	99	56	0.027357098138893837
04	10	99	3	0.027357098138893837
04	10	99	95	0.025662377250180533
04	10	99	69	0.025662377250180533
04	10	99	78	0.025662377250180533
04	10	99	50	0.025662377250180533
04	10	99	81	0.013358000904050725
04	10	99	11	0.006812873193432646
04	10	100	0	0.09522661582546012
04	10	100	71	0.04719081944154665
04	10	100	82	0.04682728968502405
04	10	100	5	0.026059437137505363
04	10	100	25	0.026059437137505363
04	10	100	100	0.026059437137505363
04	10	100	9	0.026059437137505363
04	10	100	84	0.02556485961386035
04	10	100	34	0.017437533548000084
04	10	100	95	0.017437533548000084
04	10	100	37	0.026059437137505363
04	10	100	93	0.026059437137505363
04	10	100	6	0.026059437137505363
04	10	100	32	0.007951501808778152
04	10	100	72	0.007951501808778152
04	10	100	15	0.015695700723819993
04	10	100	45	0.015695700723819993
04	10	100	54	0.015695700723819993
04	10	100	70	0.011894002050975053
04	10	100	44	0.010241881316705795
04	100	1	24	0.2005997936280323
04	100	1	2	0.05942970561559644
04	100	1	82	0.05942970561559644
04	100	1	5	0.03460526113700467
04	100	1	72	0.05942970561559644
04	100	1	61	0.05942970561559644
04	100	1	78	0.05942970561559644
04	100	1	54	0.05942970561559644
04	100	1	30	0.05942970561559644
04	100	1	94	0.0422688783357498
04	100	1	50	0.0422688783357498
04	100	1	74	0.03460526113700467
04	100	1	42	0.03460526113700467
04	100	1	95	0.03460526113700467
04	100	1	35	0.03460526113700467
04	100	1	25	0.03460526113700467
04	100	1	26	0.03460526113700467
04	100	1	0	0.03460526113700467
04	100	1	11	0.02994869385531328
04	100	1	96	0.010394429849864701
04	100	2	0	0.13178638445069557
04	100	2	51	0.13178638445069557
04	100	2	95	0.13178638445069557
04	100	2	68	0.13178638445069557
04	100	2	82	0.13178638445069557
04	100	2	25	0.13178638445069557
04	100	2	97	0.13178638445069557
04	100	2	92	0.13178638445069557
04	100	2	91	0.13178638445069557
04	100	2	64	0.13178638445069557
04	100	2	5	0.13178638445069557
04	100	2	45	0.13178638445069557
04	100	2	69	0.13178638445069557
04	100	2	37	0.13178638445069557
04	100	2	9	0.13178638445069557
04	100	2	42	0.11191874725497494
04	100	2	43	0.11191874725497494
04	100	2	83	0.034398538424170726
04	100	2	26	0.007037792830574581
04	100	2	15	0.002930874759772575
04	100	3	0	0.1626282219813512
04	100	3	60	0.1626282219813512
04	100	3	30	0.1626282219813512
04	100	3	71	0.1626282219813512
04	100	3	95	0.1626282219813512
04	100	3	54	0.1626282219813512
04	100	3	25	0.1626282219813512
04	100	3	89	0.1626282219813512
04	100	3	73	0.1626282219813512
04	100	3	64	0.07230475529905399
04	100	3	74	0.07230475529905399
04	100	3	100	0.03380845082670978
04	100	3	53	0.03380845082670978
04	100	3	17	0.03380845082670978
04	100	3	29	0.03380845082670978
04	100	3	75	0.03380845082670978
04	100	3	65	0.018150405700600183
04	100	3	97	0.03380845082670978
04	100	3	14	0.00645677772960025
04	100	3	72	0.00645677772960025
04	100	3	51	0.03380845082670978
04	100	3	78	0.03380845082670978
04	100	3	50	0.03380845082670978
04	100	4	0	0.09574907583143895
04	100	4	72	0.09574907583143895
04	100	4	42	0.09574907583143895
04	100	4	3	0.04062538584732431
04	100	4	90	0.04062538584732431
04	100	4	2	0.02200354909658775
04	100	4	71	0.009690178884432094
04	100	4	55	0.02200354909658775
04	100	4	15	0.02200354909658775
04	100	4	77	0.02200354909658775
04	100	4	35	0.02200354909658775
04	100	4	24	0.018624023460400256
04	100	4	8	0.011185764229972164
04	100	4	92	0.011185764229972164
04	100	4	26	0.004793391299137488
04	100	4	96	0.004793391299137488
04	100	4	68	0.004793391299137488
04	100	4	50	0.004793391299137488
04	100	4	81	0.004793391299137488
04	100	4	100	0.004793391299137488
04	100	5	37	0.14208240718381154
04	100	5	2	0.10359098092592933
04	100	5	0	0.10359098092592933
04	100	5	15	0.048034619261426735
04	100	5	82	0.048034619261426735
04	100	5	42	0.048034619261426735
04	100	5	5	0.043034893352185966
04	100	5	75	0.04064563265189464
04	100	5	74	0.03490714277349109
04	100	5	91	0.03490714277349109
04	100	5	94	0.029878896692995965
04	100	5	27	0.03490714277349109
04	100	5	3	0.03490714277349109
04	100	5	44	0.03490714277349109
04	100	5	45	0.03490714277349109
04	100	5	61	0.012780284203434317
04	100	5	35	0.01170766960207189
04	100	5	50	0.012102489305807844
04	100	5	100	0.012102489305807844
04	100	5	14	0.008802039479821784
04	100	6	42	0.22734595635278118
04	100	6	55	0.05897801037088742
04	100	6	98	0.05519131902603209
04	100	6	17	0.05519131902603209
04	100	6	0	0.05519131902603209
04	100	6	60	0.02557693905721089
04	100	6	80	0.02557693905721089
04	100	6	71	0.02115675660723216
04	100	6	100	0.01866648593248437
04	100	6	25	0.02115675660723216
04	100	6	2	0.02115675660723216
04	100	6	74	0.017255359611996875
04	100	6	7	0.017255359611996875
04	100	6	56	0.012812355818188343
04	100	6	59	0.012812355818188343
04	100	6	61	0.012812355818188343
04	100	6	89	0.012812355818188343
04	100	6	34	0.010989017021182032
04	100	6	57	0.010989017021182032
04	100	6	6	0.010989017021182032
04	100	6	43	0.010989017021182032
04	100	7	0	0.17013346475327487
04	100	7	2	0.17013346475327487
04	100	7	30	0.04255235106368587
04	100	7	73	0.04255235106368587
04	100	7	5	0.04255235106368587
04	100	7	54	0.022543966062433193
04	100	7	68	0.03988413263693601
04	100	7	71	0.03988413263693601
04	100	7	25	0.03988413263693601
04	100	7	43	0.03988413263693601
04	100	7	72	0.016544287178917146
04	100	7	91	0.015748757077978265
04	100	7	42	0.013993573560303568
04	100	7	48	0.013204173447640322
04	100	7	74	0.013204173447640322
04	100	7	78	0.013204173447640322
04	100	7	100	0.013204173447640322
04	100	7	51	0.012253593979366598
04	100	7	83	0.009295059418235739
04	100	7	93	0.009295059418235739
04	100	8	42	0.18357434548089716
04	100	8	90	0.1232026011149386
04	100	8	97	0.06515972963139297
04	100	8	20	0.05382539868174406
04	100	8	45	0.0251966176678127
04	100	8	77	0.014303076126415112
04	100	8	15	0.013546511534046688
04	100	8	100	0.01187489534668719
04	100	8	51	0.01187489534668719
04	100	8	62	0.021055238096436217
04	100	8	48	0.021055238096436217
04	100	8	10	0.021055238096436217
04	100	8	69	0.021055238096436217
04	100	8	55	0.021055238096436217
04	100	8	35	0.021055238096436217
04	100	8	49	0.021055238096436217
04	100	8	99	0.021055238096436217
04	100	8	7	0.021055238096436217
04	100	8	4	0.021055238096436217
04	100	8	1	0.021055238096436217
04	100	8	44	0.021055238096436217
04	100	8	5	0.009926393396880574
04	100	8	22	0.009926393396880574
04	100	9	30	0.0845686840813555
04	100	9	25	0.07685466903753266
04	100	9	32	0.07808788187293791
04	100	9	9	0.07808788187293791
04	100	9	21	0.05860860031354342
04	100	9	14	0.055154331687097796
04	100	9	57	0.055154331687097796
04	100	9	3	0.055154331687097796
04	100	9	62	0.055154331687097796
04	100	9	42	0.032377445272230056
04	100	9	26	0.028835586744329303
04	100	9	91	0.04128210513068849
04	100	9	72	0.04128210513068849
04	100	9	55	0.04128210513068849
04	100	9	70	0.04128210513068849
04	100	9	100	0.04128210513068849
04	100	9	95	0.04128210513068849
04	100	9	45	0.0039697075591387495
04	100	9	40	0.028835586744329303
04	100	9	39	0.028835586744329303
04	100	10	0	0.08846689718404911
04	100	10	23	0.08846689718404911
04	100	10	100	0.08846689718404911
04	100	10	74	0.08846689718404911
04	100	10	51	0.03770686133099196
04	100	10	95	0.03677809673743222
04	100	10	82	0.021215474260261057
04	100	10	30	0.03770686133099196
04	100	10	15	0.03770686133099196
04	100	10	55	0.03770686133099196
04	100	10	34	0.03770686133099196
04	100	10	99	0.03770686133099196
04	100	10	25	0.03770686133099196
04	100	10	69	0.01575427940737428
04	100	10	14	0.01575427940737428
04	100	10	24	0.01575427940737428
04	100	10	56	0.01575427940737428
04	100	10	83	0.01575427940737428
04	100	10	9	0.011362365774279822
04	100	10	59	0.011362365774279822
04	100	10	5	0.011362365774279822
04	100	10	90	0.011362365774279822
04	100	11	2	0.09452680670853814
04	100	11	5	0.03781746252288515
04	100	11	0	0.09452680670853814
04	100	11	15	0.09452680670853814
04	100	11	43	0.05748352581257896
04	100	11	66	0.03781746252288515
04	100	11	9	0.02289290379782031
04	100	11	54	0.02289290379782031
04	100	11	100	0.02289290379782031
04	100	11	37	0.02289290379782031
04	100	11	3	0.02289290379782031
04	100	11	42	0.02289290379782031
04	100	11	82	0.02289290379782031
04	100	11	95	0.02289290379782031
04	100	11	94	0.02289290379782031
04	100	11	33	0.02289290379782031
04	100	11	50	0.021434648648830122
04	100	11	34	0.013599834575062655
04	100	11	44	0.013599834575062655
04	100	11	74	0.021434648648830122
04	100	11	69	0.021434648648830122
04	100	12	0	0.15426882451117002
04	100	12	2	0.10184840139700675
04	100	12	5	0.06737315979020879
04	100	12	94	0.04923616442219344
04	100	12	82	0.03350477424112132
04	100	12	50	0.03350477424112132
04	100	12	100	0.03350477424112132
04	100	12	7	0.03350477424112132
04	100	12	34	0.03350477424112132
04	100	12	37	0.03350477424112132
04	100	12	42	0.03350477424112132
04	100	12	3	0.03350477424112132
04	100	12	14	0.021795760907708354
04	100	12	30	0.021795760907708354
04	100	12	15	0.021795760907708354
04	100	12	26	0.012296373187409792
04	100	12	51	0.014594460029840056
04	100	12	71	0.014594460029840056
04	100	12	74	0.014594460029840056
04	100	12	78	0.004804353792233724
04	100	12	97	0.012296373187409792
04	100	12	92	0.012296373187409792
04	100	12	44	0.012296373187409792
04	100	13	5	0.07154759075590095
04	100	13	71	0.045768505737612215
04	100	13	82	0.02812353298791397
04	100	13	37	0.02812353298791397
04	100	13	94	0.02812353298791397
04	100	13	100	0.02812353298791397
04	100	13	51	0.02812353298791397
04	100	13	74	0.02812353298791397
04	100	13	88	0.02812353298791397
04	100	13	50	0.02812353298791397
04	100	13	30	0.02374584369451322
04	100	13	93	0.02374584369451322
04	100	13	42	0.02374584369451322
04	100	13	15	0.02374584369451322
04	100	13	54	0.02374584369451322
04	100	13	4	0.02374584369451322
04	100	13	75	0.02374584369451322
04	100	13	62	0.010208617810572845
04	100	13	78	0.010208617810572845
04	100	13	34	0.02374584369451322
04	100	13	70	0.02374584369451322
04	100	13	84	0.02374584369451322
04	100	14	37	0.21272421829671428
04	100	14	72	0.03849230593399237
04	100	14	50	0.03849230593399237
04	100	14	100	0.03849230593399237
04	100	14	0	0.022543877008790708
04	100	14	5	0.01424614035192791
04	100	14	90	0.016528509062886495
04	100	14	15	0.016528509062886495
04	100	14	61	0.013894509681916247
04	100	14	91	0.013894509681916247
04	100	14	73	0.007149312883720267
04	100	14	94	0.007904916601144877
04	100	14	55	0.007904916601144877
04	100	14	83	0.007904916601144877
04	100	14	81	0.007904916601144877
04	100	14	95	0.007149312883720267
04	100	14	71	0.007149312883720267
04	100	14	2	0.007149312883720267
04	100	14	42	0.007149312883720267
04	100	14	68	0.007149312883720267
04	100	14	51	0.007904916601144877
04	100	14	88	0.007904916601144877
04	100	14	69	0.007904916601144877
04	100	14	78	0.004021508149066973
04	100	14	74	0.004021508149066973
04	100	15	5	0.2623933464556237
04	100	15	34	0.1282713864981825
04	100	15	43	0.06555914429282385
04	100	15	100	0.04797200098010446
04	100	15	71	0.04797200098010446
04	100	15	78	0.019425034357419203
04	100	15	74	0.019425034357419203
04	100	15	21	0.032209558188340856
04	100	15	15	0.032209558188340856
04	100	15	64	0.032209558188340856
04	100	15	2	0.032209558188340856
04	100	15	0	0.032209558188340856
04	100	15	32	0.032209558188340856
04	100	15	23	0.01775794150636924
04	100	15	7	0.01775794150636924
04	100	15	69	0.019425034357419203
04	100	15	51	0.019425034357419203
04	100	15	50	0.019425034357419203
04	100	15	4	0.01775794150636924
04	100	15	9	0.01775794150636924
04	100	15	24	0.01775794150636924
04	100	15	42	0.01775794150636924
04	100	15	44	0.01775794150636924
04	100	15	60	0.00849522381291287
04	100	16	5	0.12497702292801273
04	100	16	0	0.12497702292801273
04	100	16	72	0.12497702292801273
04	100	16	3	0.050641033261147286
04	100	16	80	0.04972006995747073
04	100	16	59	0.04972006995747073
04	100	16	68	0.050641033261147286
04	100	16	14	0.050641033261147286
04	100	16	53	0.03533936881229122
04	100	16	34	0.0156222779434228
04	100	16	37	0.0156222779434228
04	100	16	96	0.03533936881229122
04	100	16	60	0.03533936881229122
04	100	16	67	0.03533936881229122
04	100	16	58	0.0326686246555923
04	100	16	2	0.0156222779434228
04	100	16	89	0.015526285344327383
04	100	16	62	0.007801585636163436
04	100	16	63	0.014400889824895692
04	100	16	24	0.014400889824895692
04	100	17	61	0.27707662813685546
04	100	17	0	0.1175516075618167
04	100	17	2	0.1175516075618167
04	100	17	5	0.1175516075618167
04	100	17	34	0.1175516075618167
04	100	17	74	0.08782635980715607
04	100	17	81	0.03612093647219248
04	100	17	93	0.03612093647219248
04	100	17	84	0.03612093647219248
04	100	17	70	0.03612093647219248
04	100	17	75	0.03612093647219248
04	100	17	3	0.03612093647219248
04	100	17	26	0.03612093647219248
04	100	17	21	0.03612093647219248
04	100	17	14	0.03612093647219248
04	100	17	15	0.03612093647219248
04	100	17	44	0.020362670215901577
04	100	17	72	0.020362670215901577
04	100	17	82	0.01133391060901322
04	100	17	100	0.03612093647219248
04	100	17	55	0.03612093647219248
04	100	17	50	0.03612093647219248
04	100	17	42	0.018804760293747187
04	100	18	73	0.06565157189597304
04	100	18	71	0.06565157189597304
04	100	18	7	0.040947472687848055
04	100	18	54	0.040947472687848055
04	100	18	34	0.040947472687848055
04	100	18	15	0.040947472687848055
04	100	18	82	0.040947472687848055
04	100	18	50	0.011960290734730886
04	100	18	2	0.040947472687848055
04	100	18	0	0.040947472687848055
04	100	18	42	0.040947472687848055
04	100	18	5	0.040947472687848055
04	100	18	45	0.040947472687848055
04	100	18	24	0.040947472687848055
04	100	18	94	0.040947472687848055
04	100	18	26	0.040947472687848055
04	100	18	44	0.011960290734730886
04	100	18	100	0.011960290734730886
04	100	18	74	0.011960290734730886
04	100	18	61	0.0038532067995102758
04	100	19	15	0.051081982945073684
04	100	19	0	0.051081982945073684
04	100	19	100	0.051081982945073684
04	100	19	61	0.051081982945073684
04	100	19	5	0.03965821570509779
04	100	19	3	0.03965821570509779
04	100	19	74	0.021553943181714767
04	100	19	34	0.015027713273744308
04	100	19	50	0.015027713273744308
04	100	19	55	0.015027713273744308
04	100	19	42	0.015027713273744308
04	100	19	2	0.015027713273744308
04	100	19	78	0.010801294070422317
04	100	19	14	0.008284328568107284
04	100	19	72	0.008284328568107284
04	100	19	88	0.006301944022515518
04	100	19	49	0.006301944022515518
04	100	19	69	0.0036283127136735103
04	100	19	93	0.008284328568107284
04	100	19	60	0.008284328568107284
04	100	19	82	0.008284328568107284
04	100	19	73	0.008284328568107284
04	100	19	24	0.008284328568107284
04	100	20	69	0.03168812061416912
04	100	20	26	0.03168812061416912
04	100	20	90	0.03168812061416912
04	100	20	37	0.03168812061416912
04	100	20	5	0.03168812061416912
04	100	20	93	0.014568438235750797
04	100	20	50	0.03168812061416912
04	100	20	74	0.03168812061416912
04	100	20	54	0.03168812061416912
04	100	20	78	0.03168812061416912
04	100	20	15	0.014568438235750797
04	100	20	42	0.014568438235750797
04	100	20	55	0.00994768847873253
04	100	20	8	0.00994768847873253
04	100	20	86	0.03168812061416912
04	100	20	48	0.03168812061416912
04	100	20	88	0.03168812061416912
04	100	20	100	0.03168812061416912
04	100	20	83	0.03168812061416912
04	100	20	81	0.03168812061416912
04	100	20	94	0.03168812061416912
04	100	20	51	0.03168812061416912
04	100	20	62	0.03168812061416912
04	100	20	17	0.009984639631281312
04	100	21	5	0.09201463608866627
04	100	21	30	0.05574100422356612
04	100	21	42	0.04530425596620568
04	100	21	71	0.04530425596620568
04	100	21	94	0.04530425596620568
04	100	21	64	0.04530425596620568
04	100	21	99	0.04530425596620568
04	100	21	11	0.04530425596620568
04	100	21	50	0.04530425596620568
04	100	21	77	0.04530425596620568
04	100	21	24	0.015433393961550534
04	100	21	88	0.015433393961550534
04	100	21	44	0.01092876473565744
04	100	21	25	0.01092876473565744
04	100	21	78	0.015433393961550534
04	100	21	59	0.015433393961550534
04	100	21	2	0.015433393961550534
04	100	21	14	0.008148538732584242
04	100	21	82	0.01092876473565744
04	100	21	70	0.01092876473565744
04	100	21	91	0.01092876473565744
04	100	21	37	0.01092876473565744
04	100	21	75	0.01092876473565744
04	100	21	84	0.009026242105500962
04	100	21	39	0.009026242105500962
04	100	22	5	0.13837885545142128
04	100	22	61	0.0923007554892935
04	100	22	72	0.0923007554892935
04	100	22	2	0.037548934579654726
04	100	22	14	0.030669447085222356
04	100	22	82	0.037548934579654726
04	100	22	71	0.037548934579654726
04	100	22	37	0.02965861159931429
04	100	22	42	0.02022256413260657
04	100	22	50	0.02022256413260657
04	100	22	34	0.01638682972719498
04	100	22	100	0.01638682972719498
04	100	22	68	0.02022256413260657
04	100	22	78	0.002135512362154992
04	100	22	13	0.02022256413260657
04	100	22	24	0.02022256413260657
04	100	22	9	0.02022256413260657
04	100	22	95	0.02022256413260657
04	100	22	89	0.012893132356066879
04	100	22	91	0.002206536909342706
04	100	23	2	0.1947968782530355
04	100	23	45	0.10925843708209061
04	100	23	0	0.10925843708209061
04	100	23	43	0.055611296077234064
04	100	23	68	0.055611296077234064
04	100	23	9	0.055611296077234064
04	100	23	91	0.055611296077234064
04	100	23	61	0.055611296077234064
04	100	23	25	0.055611296077234064
04	100	23	100	0.055611296077234064
04	100	23	24	0.048607144100179175
04	100	23	97	0.038559888118572465
04	100	23	3	0.038559888118572465
04	100	23	69	0.038017976963750255
04	100	23	74	0.038017976963750255
04	100	23	17	0.009266677916699445
04	100	23	89	0.038017976963750255
04	100	23	95	0.038017976963750255
04	100	23	15	0.006174263998852305
04	100	23	26	0.0047628126619868
04	100	24	24	0.04617706740658374
04	100	24	68	0.04617706740658374
04	100	24	95	0.04617706740658374
04	100	24	87	0.04467277063782336
04	100	24	76	0.04467277063782336
04	100	24	82	0.02841835436086503
04	100	24	71	0.023542307771169287
04	100	24	91	0.013400817764590307
04	100	24	75	0.013400817764590307
04	100	24	70	0.013400817764590307
04	100	24	56	0.012171076542655673
04	100	24	64	0.01271283725663253
04	100	24	72	0.01271283725663253
04	100	24	23	0.01271283725663253
04	100	24	97	0.01271283725663253
04	100	24	17	0.01271283725663253
04	100	24	13	0.012477451109742854
04	100	24	0	0.012171076542655673
04	100	24	98	0.012171076542655673
04	100	24	84	0.012171076542655673
04	100	24	65	0.012171076542655673
04	100	24	77	0.012171076542655673
04	100	24	5	0.010618718733399096
04	100	24	90	0.010618718733399096
04	100	24	42	0.010618718733399096
04	100	24	92	0.010618718733399096
04	100	24	30	0.010618718733399096
04	100	24	53	0.012171076542655673
04	100	24	66	0.012171076542655673
04	100	24	89	0.012171076542655673
04	100	25	2	0.03818477435657499
04	100	25	82	0.014421766025005542
04	100	25	5	0.03154131670540747
04	100	25	34	0.03154131670540747
04	100	25	37	0.026401918876204477
04	100	25	42	0.014421766025005542
04	100	25	30	0.014421766025005542
04	100	25	94	0.014421766025005542
04	100	25	61	0.013286495739540551
04	100	25	100	0.014421766025005542
04	100	25	50	0.014421766025005542
04	100	25	95	0.014329925661787103
04	100	25	3	0.014329925661787103
04	100	25	14	0.014329925661787103
04	100	25	74	0.013286495739540551
04	100	25	68	0.013286495739540551
04	100	25	15	0.013286495739540551
04	100	25	0	0.013286495739540551
04	100	25	44	0.013286495739540551
04	100	25	73	0.013286495739540551
04	100	25	77	0.005213338069521048
04	100	26	90	0.11040397811241587
04	100	26	61	0.0559360592928689
04	100	26	45	0.0559360592928689
04	100	26	68	0.0559360592928689
04	100	26	56	0.0559360592928689
04	100	26	0	0.0559360592928689
04	100	26	71	0.0559360592928689
04	100	26	98	0.0559360592928689
04	100	26	87	0.0559360592928689
04	100	26	69	0.0559360592928689
04	100	26	15	0.038985414166343046
04	100	26	82	0.0559360592928689
04	100	26	24	0.0559360592928689
04	100	26	95	0.0559360592928689
04	100	26	89	0.0559360592928689
04	100	26	3	0.0559360592928689
04	100	26	91	0.01995405473105244
04	100	26	85	0.01995405473105244
04	100	26	43	0.006808768857752506
04	100	26	9	0.006808768857752506
04	100	26	65	0.01995405473105244
04	100	26	14	0.01995405473105244
04	100	27	0	0.04682614856521094
04	100	27	3	0.04466523780580636
04	100	27	14	0.04466523780580636
04	100	27	35	0.04466523780580636
04	100	27	34	0.04466523780580636
04	100	27	71	0.04466523780580636
04	100	27	5	0.04466523780580636
04	100	27	51	0.04466523780580636
04	100	27	61	0.04466523780580636
04	100	27	37	0.04466523780580636
04	100	27	26	0.04278118066382982
04	100	27	54	0.04466523780580636
04	100	27	2	0.04466523780580636
04	100	27	27	0.04278118066382982
04	100	27	44	0.02620245041981486
04	100	27	69	0.02217609530397987
04	100	27	42	0.02037480225855408
04	100	27	95	0.02217609530397987
04	100	27	73	0.02217609530397987
04	100	27	68	0.02217609530397987
04	100	28	0	0.11082120968834766
04	100	28	61	0.09513083575604098
04	100	28	34	0.11082120968834766
04	100	28	2	0.11082120968834766
04	100	28	30	0.07191383060675884
04	100	28	73	0.07191383060675884
04	100	28	25	0.07191383060675884
04	100	28	85	0.07191383060675884
04	100	28	93	0.0274794878202569
04	100	28	42	0.03093541627225984
04	100	28	72	0.03093541627225984
04	100	28	32	0.0274794878202569
04	100	28	68	0.019497919765845438
04	100	28	100	0.019497919765845438
04	100	28	78	0.015675417949426403
04	100	28	50	0.015675417949426403
04	100	28	62	0.015675417949426403
04	100	28	60	0.015675417949426403
04	100	28	74	0.015675417949426403
04	100	28	49	0.015675417949426403
04	100	29	34	0.027648381134921688
04	100	29	100	0.027648381134921688
04	100	29	54	0.018019986486987986
04	100	29	44	0.016554274502316033
04	100	29	71	0.016554274502316033
04	100	29	82	0.016554274502316033
04	100	29	14	0.018019986486987986
04	100	29	3	0.018019986486987986
04	100	29	30	0.018019986486987986
04	100	29	74	0.018019986486987986
04	100	29	78	0.016554274502316033
04	100	29	15	0.016554274502316033
04	100	29	50	0.016554274502316033
04	100	29	68	0.016057362756488065
04	100	29	70	0.016554274502316033
04	100	29	75	0.016554274502316033
04	100	29	84	0.016554274502316033
04	100	29	88	0.007529962544296236
04	100	29	60	0.007529962544296236
04	100	29	80	0.004349460362339885
04	100	30	14	0.10496731941458583
04	100	30	42	0.10496731941458583
04	100	30	82	0.10496731941458583
04	100	30	2	0.10496731941458583
04	100	30	64	0.06137041811815938
04	100	30	0	0.028140212748614845
04	100	30	71	0.028140212748614845
04	100	30	97	0.028140212748614845
04	100	30	88	0.028140212748614845
04	100	30	70	0.028140212748614845
04	100	30	92	0.028140212748614845
04	100	30	15	0.028140212748614845
04	100	30	83	0.028140212748614845
04	100	30	84	0.028140212748614845
04	100	30	68	0.028140212748614845
04	100	30	30	0.028140212748614845
04	100	30	76	0.009398627035560308
04	100	30	100	0.028140212748614845
04	100	30	78	0.028140212748614845
04	100	30	81	0.028140212748614845
04	100	30	95	0.016888376881140327
04	100	30	50	0.016888376881140327
04	100	31	2	0.18711407400476832
04	100	31	15	0.18711407400476832
04	100	31	0	0.14720880683151794
04	100	31	57	0.06166953037095885
04	100	31	37	0.06166953037095885
04	100	31	100	0.06166953037095885
04	100	31	74	0.06166953037095885
04	100	31	13	0.06166953037095885
04	100	31	30	0.06166953037095885
04	100	31	94	0.02059224341667777
04	100	31	97	0.02059224341667777
04	100	31	81	0.017028831941251807
04	100	31	3	0.017028831941251807
04	100	31	34	0.017028831941251807
04	100	31	45	0.02059224341667777
04	100	31	72	0.02059224341667777
04	100	31	95	0.02059224341667777
04	100	31	92	0.02059224341667777
04	100	31	75	0.01609693144233461
04	100	31	91	0.01609693144233461
04	100	31	83	0.0018423056814027385
04	100	32	61	0.16013906873988365
04	100	32	50	0.16013906873988365
04	100	32	37	0.09619632028013991
04	100	32	34	0.09619632028013991
04	100	32	17	0.09619632028013991
04	100	32	3	0.09619632028013991
04	100	32	98	0.05768953198733553
04	100	32	2	0.058178979159996015
04	100	32	5	0.058178979159996015
04	100	32	60	0.05768953198733553
04	100	32	75	0.05768953198733553
04	100	32	84	0.05768953198733553
04	100	32	70	0.05768953198733553
04	100	32	73	0.03907816529865078
04	100	32	82	0.018744187792622057
04	100	32	1	0.03907816529865078
04	100	32	100	0.03907816529865078
04	100	32	0	0.03907816529865078
04	100	32	47	0.025082182575353745
04	100	32	88	0.025082182575353745
04	100	32	44	0.0231243137932957
04	100	33	90	0.10501766059462259
04	100	33	75	0.10501766059462259
04	100	33	74	0.10501766059462259
04	100	33	71	0.06240155269780753
04	100	33	6	0.06240155269780753
04	100	33	78	0.06240155269780753
04	100	33	34	0.04086200238360267
04	100	33	73	0.06240155269780753
04	100	33	50	0.06240155269780753
04	100	33	88	0.024949986144144422
04	100	33	100	0.023339560272764386
04	100	33	81	0.02806876647877217
04	100	33	30	0.02806876647877217
04	100	33	83	0.02806876647877217
04	100	33	21	0.02806876647877217
04	100	33	62	0.023339560272764386
04	100	33	42	0.023339560272764386
04	100	33	55	0.02114035496725572
04	100	33	51	0.003559158383366333
04	100	33	49	0.003559158383366333
04	100	33	99	0.02114035496725572
04	100	33	7	0.02114035496725572
04	100	34	43	0.04297263688905976
04	100	34	61	0.04297263688905976
04	100	34	73	0.04297263688905976
04	100	34	15	0.04297263688905976
04	100	34	14	0.04297263688905976
04	100	34	72	0.04297263688905976
04	100	34	30	0.04297263688905976
04	100	34	26	0.04297263688905976
04	100	34	35	0.04297263688905976
04	100	34	95	0.040038466032921924
04	100	34	23	0.0300435849935264
04	100	34	64	0.040038466032921924
04	100	34	3	0.040038466032921924
04	100	34	91	0.02613379408857692
04	100	34	68	0.02613379408857692
04	100	34	21	0.003756175185696466
04	100	34	24	0.02613379408857692
04	100	34	84	0.02613379408857692
04	100	34	37	0.02613379408857692
04	100	34	25	0.02613379408857692
04	100	34	98	0.02613379408857692
04	100	35	37	0.17255188153570467
04	100	35	0	0.17255188153570467
04	100	35	5	0.17255188153570467
04	100	35	34	0.06080835331223737
04	100	35	15	0.06080835331223737
04	100	35	56	0.03214761634469937
04	100	35	95	0.03214761634469937
04	100	35	61	0.03214761634469937
04	100	35	91	0.015492809597405129
04	100	35	73	0.015492809597405129
04	100	35	57	0.015492809597405129
04	100	35	55	0.015492809597405129
04	100	35	85	0.015492809597405129
04	100	35	71	0.015492809597405129
04	100	35	72	0.015492809597405129
04	100	35	69	0.007161772123650747
04	100	35	76	0.007161772123650747
04	100	35	24	0.007161772123650747
04	100	35	74	0.007161772123650747
04	100	35	83	0.007161772123650747
04	100	36	11	0.4884474183912529
04	100	36	0	0.22281604181893094
04	100	36	30	0.04143444414641275
04	100	36	25	0.04143444414641275
04	100	36	58	0.04143444414641275
04	100	36	86	0.04143444414641275
04	100	36	56	0.04143444414641275
04	100	36	24	0.04143444414641275
04	100	36	2	0.03975228711364789
04	100	36	9	0.03975228711364789
04	100	36	95	0.03975228711364789
04	100	36	68	0.03975228711364789
04	100	36	91	0.03975228711364789
04	100	36	5	0.03975228711364789
04	100	36	85	0.02887604959596983
04	100	36	90	0.013853669820081555
04	100	36	100	0.013853669820081555
04	100	36	97	0.03975228711364789
04	100	36	15	0.03975228711364789
04	100	36	73	0.03975228711364789
04	100	36	19	0.03975228711364789
04	100	36	92	0.03975228711364789
04	100	37	94	0.28204414013703644
04	100	37	74	0.16961847277890207
04	100	37	35	0.16961847277890207
04	100	37	4	0.031576621709435176
04	100	37	26	0.031576621709435176
04	100	37	11	0.031576621709435176
04	100	37	56	0.031576621709435176
04	100	37	0	0.031576621709435176
04	100	37	73	0.031576621709435176
04	100	37	22	0.031576621709435176
04	100	37	7	0.031576621709435176
04	100	37	44	0.031576621709435176
04	100	37	10	0.031576621709435176
04	100	37	81	0.031576621709435176
04	100	37	34	0.031576621709435176
04	100	37	93	0.031576621709435176
04	100	37	53	0.031576621709435176
04	100	37	75	0.02560345421701466
04	100	37	29	0.031576621709435176
04	100	37	36	0.031576621709435176
04	100	38	0	0.12509474810897622
04	100	38	42	0.06336667074394405
04	100	38	34	0.06336667074394405
04	100	38	2	0.06336667074394405
04	100	38	93	0.03886272812269908
04	100	38	50	0.006811599900867546
04	100	38	73	0.03450108008308042
04	100	38	30	0.03450108008308042
04	100	38	37	0.03450108008308042
04	100	38	55	0.006811599900867546
04	100	38	49	0.006811599900867546
04	100	38	7	0.006811599900867546
04	100	38	54	0.006811599900867546
04	100	38	95	0.006811599900867546
04	100	38	45	0.03450108008308042
04	100	38	94	0.03450108008308042
04	100	38	74	0.03450108008308042
04	100	38	25	0.03450108008308042
04	100	38	13	0.021770945536884554
04	100	38	81	0.019527136676361058
04	100	38	83	0.019527136676361058
04	100	38	78	0.011708732281610698
04	100	38	84	0.004471666213046145
04	100	38	69	0.004471666213046145
04	100	38	75	0.004471666213046145
04	100	39	0	0.11154585457593198
04	100	39	15	0.11154585457593198
04	100	39	2	0.08620618178040909
04	100	39	61	0.08620618178040909
04	100	39	71	0.08620618178040909
04	100	39	34	0.047702572924448135
04	100	39	77	0.028074244719421933
04	100	39	100	0.047702572924448135
04	100	39	69	0.047702572924448135
04	100	39	74	0.047702572924448135
04	100	39	88	0.047702572924448135
04	100	39	4	0.028074244719421933
04	100	39	44	0.013911583934940205
04	100	39	51	0.047702572924448135
04	100	39	81	0.047702572924448135
04	100	39	94	0.047702572924448135
04	100	39	83	0.047702572924448135
04	100	39	78	0.047702572924448135
04	100	39	50	0.047702572924448135
04	100	39	14	0.013911583934940205
04	100	40	5	0.05907550920219847
04	100	40	61	0.044880251766504536
04	100	40	90	0.044880251766504536
04	100	40	2	0.044880251766504536
04	100	40	3	0.044880251766504536
04	100	40	14	0.044880251766504536
04	100	40	43	0.03226847058491654
04	100	40	62	0.03226847058491654
04	100	40	44	0.03109620828736423
04	100	40	42	0.03109620828736423
04	100	40	68	0.03226847058491654
04	100	40	83	0.03226847058491654
04	100	40	95	0.03226847058491654
04	100	40	91	0.03226847058491654
04	100	40	48	0.003539280291467871
04	100	40	30	0.018847983995156498
04	100	40	27	0.018847983995156498
04	100	40	55	0.003539280291467871
04	100	40	19	0.018847983995156498
04	100	40	87	0.018847983995156498
04	100	40	0	0.006370178415633942
04	100	40	20	0.006370178415633942
04	100	41	94	0.18774805908154707
04	100	41	0	0.06641098139645017
04	100	41	37	0.06641098139645017
04	100	41	27	0.06641098139645017
04	100	41	3	0.06641098139645017
04	100	41	14	0.06641098139645017
04	100	41	5	0.06641098139645017
04	100	41	54	0.0588615969355127
04	100	41	71	0.020054360334442713
04	100	41	30	0.020054360334442713
04	100	41	56	0.0588615969355127
04	100	41	87	0.0588615969355127
04	100	41	72	0.0588615969355127
04	100	41	84	0.0588615969355127
04	100	41	73	0.0588615969355127
04	100	41	97	0.015950071424656497
04	100	41	75	0.015950071424656497
04	100	41	7	0.019690696523377516
04	100	41	88	0.019690696523377516
04	100	41	1	0.019690696523377516
04	100	41	26	0.019690696523377516
04	100	41	95	0.019690696523377516
04	100	42	0	0.05696580218911777
04	100	42	14	0.05696580218911777
04	100	42	3	0.05696580218911777
04	100	42	91	0.039231559391464804
04	100	42	73	0.05696580218911777
04	100	42	90	0.05696580218911777
04	100	42	54	0.039231559391464804
04	100	42	81	0.025235815504635082
04	100	42	83	0.025235815504635082
04	100	42	68	0.025235815504635082
04	100	42	97	0.02467631465111041
04	100	42	5	0.02467631465111041
04	100	42	94	0.02467631465111041
04	100	42	72	0.02467631465111041
04	100	42	93	0.02467631465111041
04	100	42	43	0.02467631465111041
04	100	42	42	0.02467631465111041
04	100	42	61	0.00501706105326066
04	100	42	69	0.02467631465111041
04	100	42	92	0.02467631465111041
04	100	42	95	0.02467631465111041
04	100	43	37	0.21637265303942907
04	100	43	5	0.21637265303942907
04	100	43	45	0.21637265303942907
04	100	43	93	0.21637265303942907
04	100	43	34	0.09436785776382575
04	100	43	25	0.09436785776382575
04	100	43	60	0.09436785776382575
04	100	43	9	0.09436785776382575
04	100	43	3	0.09436785776382575
04	100	43	0	0.09436785776382575
04	100	43	82	0.09436785776382575
04	100	43	2	0.09436785776382575
04	100	43	42	0.09436785776382575
04	100	43	96	0.05063117796868202
04	100	43	48	0.019048793118096683
04	100	43	50	0.019048793118096683
04	100	43	22	0.01660021001595337
04	100	43	87	0.01660021001595337
04	100	43	77	0.01660021001595337
04	100	43	71	0.01660021001595337
04	100	44	2	0.07268432761302934
04	100	44	94	0.07268432761302934
04	100	44	72	0.029409906628681624
04	100	44	95	0.05066676448157942
04	100	44	49	0.05066676448157942
04	100	44	51	0.029409906628681624
04	100	44	34	0.022500180264740405
04	100	44	9	0.022500180264740405
04	100	44	42	0.02092036341392654
04	100	44	93	0.022500180264740405
04	100	44	62	0.022500180264740405
04	100	44	90	0.022500180264740405
04	100	44	97	0.02092036341392654
04	100	44	85	0.02092036341392654
04	100	44	80	0.012435504497893704
04	100	44	55	0.01229387428200576
04	100	44	37	0.01236295626148454
04	100	44	14	0.01236295626148454
04	100	44	21	0.01236295626148454
04	100	44	68	0.00044789702979759164
04	100	45	0	0.22261892074846912
04	100	45	2	0.22261892074846912
04	100	45	5	0.05664043038945484
04	100	45	50	0.05664043038945484
04	100	45	42	0.04815236896788344
04	100	45	82	0.025744234712305258
04	100	45	34	0.025744234712305258
04	100	45	69	0.025744234712305258
04	100	45	17	0.025744234712305258
04	100	45	81	0.025744234712305258
04	100	45	48	0.025744234712305258
04	100	45	83	0.025744234712305258
04	100	45	3	0.025744234712305258
04	100	45	61	0.025744234712305258
04	100	45	37	0.025744234712305258
04	100	45	95	0.025744234712305258
04	100	45	74	0.025744234712305258
04	100	45	100	0.025744234712305258
04	100	45	88	0.0023911353597209886
04	100	45	15	0.011244329617102058
04	100	45	68	0.011244329617102058
04	100	46	34	0.4110325176582603
04	100	46	13	0.09943157355965138
04	100	46	74	0.04129585711861309
04	100	46	0	0.04129585711861309
04	100	46	45	0.04129585711861309
04	100	46	42	0.04129585711861309
04	100	46	100	0.04129585711861309
04	100	46	24	0.04129585711861309
04	100	46	7	0.04129585711861309
04	100	46	5	0.04129585711861309
04	100	46	71	0.02337062888799995
04	100	46	15	0.04129585711861309
04	100	46	4	0.04129585711861309
04	100	46	2	0.04129585711861309
04	100	46	46	0.033595586487296
04	100	46	82	0.011781791521952382
04	100	46	44	0.02337062888799995
04	100	46	29	0.02337062888799995
04	100	46	90	0.02337062888799995
04	100	46	11	0.005953958399107992
04	100	47	2	0.09336182118711132
04	100	47	0	0.047934020740525794
04	100	47	94	0.047934020740525794
04	100	47	3	0.047934020740525794
04	100	47	37	0.023578395637930277
04	100	47	5	0.03323597318431631
04	100	47	54	0.03323597318431631
04	100	47	100	0.023578395637930277
04	100	47	30	0.023578395637930277
04	100	47	71	0.009229519734179313
04	100	47	26	0.009229519734179313
04	100	47	24	0.023578395637930277
04	100	47	25	0.023578395637930277
04	100	47	87	0.023578395637930277
04	100	47	15	0.023578395637930277
04	100	47	43	0.023578395637930277
04	100	47	17	0.015176127323683113
04	100	47	56	0.00951027627181317
04	100	47	85	0.007813603779188626
04	100	47	93	0.005968049628019022
04	100	48	5	0.17275386330484058
04	100	48	71	0.11576074937258615
04	100	48	37	0.11576074937258615
04	100	48	30	0.09287846737206745
04	100	48	34	0.03540868716108591
04	100	48	24	0.04522703817329793
04	100	48	61	0.04522703817329793
04	100	48	100	0.023398491092531094
04	100	48	13	0.03540868716108591
04	100	48	42	0.03540868716108591
04	100	48	14	0.023398491092531094
04	100	48	75	0.023398491092531094
04	100	48	11	0.023398491092531094
04	100	48	74	0.02196603359703963
04	100	48	2	0.02196603359703963
04	100	48	60	0.02196603359703963
04	100	48	78	0.02196603359703963
04	100	48	51	0.012929253379713387
04	100	48	72	0.006904179238024203
04	100	48	0	0.0026745151434904167
04	100	49	5	0.10757390394413509
04	100	49	30	0.05242806085769173
04	100	49	82	0.04694689597042219
04	100	49	95	0.019974522894733508
04	100	49	69	0.01667102009379379
04	100	49	61	0.01669228660911171
04	100	49	25	0.01669228660911171
04	100	49	24	0.01669228660911171
04	100	49	9	0.01667102009379379
04	100	49	0	0.01667102009379379
04	100	49	43	0.01667102009379379
04	100	49	68	0.003708324517806826
04	100	49	100	0.003565011726288628
04	100	49	75	0.005949590256207012
04	100	49	34	0.005949590256207012
04	100	49	11	0.005949590256207012
04	100	49	73	0.005949590256207012
04	100	49	84	0.005914953374124545
04	100	49	70	0.0026566293721952583
04	100	49	60	0.0026566293721952583
04	100	49	81	0.003565011726288628
04	100	49	74	0.003565011726288628
04	100	49	14	0.003565011726288628
04	100	50	2	0.06269222540860492
04	100	50	5	0.06269222540860492
04	100	50	71	0.06269222540860492
04	100	50	0	0.02689549218231126
04	100	50	26	0.022009058212484646
04	100	50	64	0.024534171798254917
04	100	50	37	0.024534171798254917
04	100	50	94	0.024534171798254917
04	100	50	54	0.01935575075975037
04	100	50	7	0.022009058212484646
04	100	50	55	0.022009058212484646
04	100	50	81	0.01935575075975037
04	100	50	34	0.01935575075975037
04	100	50	4	0.016931622962097773
04	100	50	86	0.017239918741646123
04	100	50	50	0.017239918741646123
04	100	50	93	0.017239918741646123
04	100	50	14	0.017239918741646123
04	100	50	69	0.017239918741646123
04	100	50	6	0.016931622962097773
04	100	50	31	0.016931622962097773
04	100	50	95	0.016931622962097773
04	100	50	10	0.016931622962097773
04	100	50	99	0.016931622962097773
04	100	50	35	0.016931622962097773
04	100	50	100	0.004452463904276517
04	100	50	9	0.016931622962097773
04	100	50	22	0.016931622962097773
04	100	50	42	0.016931622962097773
04	100	51	14	0.06021901002771386
04	100	51	15	0.056927505197469495
04	100	51	35	0.0327593602834387
04	100	51	73	0.04714710191141258
04	100	51	57	0.04714710191141258
04	100	51	93	0.04714710191141258
04	100	51	0	0.04714710191141258
04	100	51	34	0.0327593602834387
04	100	51	7	0.009222913416538634
04	100	51	70	0.015638590390760074
04	100	51	84	0.015638590390760074
04	100	51	75	0.015638590390760074
04	100	51	87	0.015638590390760074
04	100	51	56	0.015638590390760074
04	100	51	85	0.015638590390760074
04	100	51	99	0.015638590390760074
04	100	51	90	0.013049441817914368
04	100	51	66	0.013049441817914368
04	100	51	5	0.013049441817914368
04	100	51	77	0.0035087801527817963
04	100	52	2	0.18158947667537345
04	100	52	100	0.06134773457971096
04	100	52	14	0.02928323994005123
04	100	52	5	0.02928323994005123
04	100	52	30	0.02488409788071406
04	100	52	3	0.02488409788071406
04	100	52	73	0.011670577520838308
04	100	52	45	0.02488409788071406
04	100	52	71	0.02488409788071406
04	100	52	37	0.02488409788071406
04	100	52	88	0.011670577520838308
04	100	52	50	0.011670577520838308
04	100	52	93	0.0029984634405215036
04	100	52	82	0.0029984634405215036
04	100	52	89	0.02488409788071406
04	100	52	87	0.02488409788071406
04	100	52	11	0.02488409788071406
04	100	52	25	0.02488409788071406
04	100	52	24	0.02488409788071406
04	100	52	94	0.02406134343822745
04	100	52	54	0.02406134343822745
04	100	52	41	0.02406134343822745
04	100	52	23	0.00454310461368042
04	100	53	5	0.25538609893685893
04	100	53	54	0.18934731398053664
04	100	53	25	0.12326393785736396
04	100	53	0	0.11217568814222546
04	100	53	11	0.03387137558576868
04	100	53	44	0.03387137558576868
04	100	53	76	0.03387137558576868
04	100	53	45	0.03387137558576868
04	100	53	68	0.03387137558576868
04	100	53	84	0.03387137558576868
04	100	53	87	0.03387137558576868
04	100	53	43	0.03387137558576868
04	100	53	21	0.03387137558576868
04	100	53	7	0.03387137558576868
04	100	53	9	0.03387137558576868
04	100	53	82	0.03387137558576868
04	100	53	95	0.03387137558576868
04	100	53	56	0.005385782989127389
04	100	53	6	0.03387137558576868
04	100	53	14	0.03387137558576868
04	100	54	0	0.2293479026980024
04	100	54	94	0.04688899731395112
04	100	54	82	0.028363604048737674
04	100	54	69	0.028363604048737674
04	100	54	50	0.028363604048737674
04	100	54	68	0.028363604048737674
04	100	54	5	0.028363604048737674
04	100	54	42	0.024365130333807043
04	100	54	2	0.017893108573925193
04	100	54	91	0.017893108573925193
04	100	54	73	0.017893108573925193
04	100	54	78	0.017893108573925193
04	100	54	71	0.017893108573925193
04	100	54	54	0.006653666689356206
04	100	54	34	0.017893108573925193
04	100	54	72	0.017893108573925193
04	100	54	93	0.017893108573925193
04	100	54	15	0.008746298289227947
04	100	54	57	0.008746298289227947
04	100	54	84	0.003908914361501094
04	100	55	2	0.17561752674333825
04	100	55	34	0.021027000700406712
04	100	55	100	0.03817521978515753
04	100	55	51	0.03817521978515753
04	100	55	37	0.021027000700406712
04	100	55	49	0.019853623136712437
04	100	55	83	0.019853623136712437
04	100	55	81	0.019853623136712437
04	100	55	24	0.021027000700406712
04	100	55	50	0.021027000700406712
04	100	55	82	0.021027000700406712
04	100	55	71	0.021027000700406712
04	100	55	74	0.021027000700406712
04	100	55	88	0.012733801468420692
04	100	55	73	0.019853623136712437
04	100	55	62	0.019853623136712437
04	100	55	0	0.015313106096765425
04	100	55	14	0.012733801468420692
04	100	55	85	0.012733801468420692
04	100	55	93	0.007170488784733671
04	100	56	5	0.21848540679198242
04	100	56	34	0.14848823125906604
04	100	56	27	0.09002007748176158
04	100	56	71	0.02559712736455127
04	100	56	26	0.02559712736455127
04	100	56	87	0.03701573020023092
04	100	56	6	0.03701573020023092
04	100	56	45	0.03701573020023092
04	100	56	56	0.03701573020023092
04	100	56	85	0.02559712736455127
04	100	56	68	0.02559712736455127
04	100	56	74	0.014250830639906667
04	100	56	98	0.014250830639906667
04	100	56	72	0.014250830639906667
04	100	56	100	0.014250830639906667
04	100	56	95	0.02559712736455127
04	100	56	24	0.02559712736455127
04	100	56	2	0.02559712736455127
04	100	56	42	0.02559712736455127
04	100	56	11	0.012968199698997242
04	100	56	17	0.012968199698997242
04	100	56	31	0.003433404422961153
04	100	57	2	0.04396724415360178
04	100	57	51	0.0599648633503494
04	100	57	69	0.0599648633503494
04	100	57	77	0.04396724415360178
04	100	57	100	0.019845376705883207
04	100	57	72	0.04396724415360178
04	100	57	93	0.04396724415360178
04	100	57	5	0.0238674461891947
04	100	57	34	0.0238674461891947
04	100	57	14	0.0238674461891947
04	100	57	73	0.017758573203082634
04	100	57	26	0.011717105159440265
04	100	57	74	0.019845376705883207
04	100	57	90	0.019845376705883207
04	100	57	49	0.019845376705883207
04	100	57	88	0.019845376705883207
04	100	57	42	0.011717105159440265
04	100	57	0	0.003731417888491332
04	100	57	55	0.003731417888491332
04	100	57	3	0.011717105159440265
04	100	57	61	0.011717105159440265
04	100	57	24	0.011717105159440265
04	100	58	0	0.1238158184156606
04	100	58	15	0.032535984145639546
04	100	58	56	0.09322167559510652
04	100	58	87	0.09322167559510652
04	100	58	90	0.029865441265310728
04	100	58	55	0.021637030199143377
04	100	58	86	0.01980841778578311
04	100	58	77	0.01301552822933512
04	100	58	93	0.019701839097233945
04	100	58	62	0.019701839097233945
04	100	58	34	0.01301552822933512
04	100	58	73	0.01301552822933512
04	100	58	51	0.01301552822933512
04	100	58	49	0.01301552822933512
04	100	58	66	0.011545898639160827
04	100	58	98	0.011545898639160827
04	100	58	76	0.011545898639160827
04	100	58	11	0.005434781965971365
04	100	58	36	0.011545898639160827
04	100	58	21	0.011545898639160827
04	100	59	54	0.18634891189267486
04	100	59	0	0.18634891189267486
04	100	59	30	0.11203824644376628
04	100	59	42	0.11203824644376628
04	100	59	2	0.11203824644376628
04	100	59	71	0.03919271784726354
04	100	59	81	0.03919271784726354
04	100	59	83	0.03919271784726354
04	100	59	60	0.03919271784726354
04	100	59	25	0.03919271784726354
04	100	59	69	0.03919271784726354
04	100	59	82	0.03374804841840826
04	100	59	93	0.03374804841840826
04	100	59	15	0.03374804841840826
04	100	59	37	0.021108455518670938
04	100	59	9	0.019693865788652284
04	100	59	88	0.019693865788652284
04	100	59	14	0.01019810667576129
04	100	59	27	0.0066583347840634905
04	100	59	70	0.004519480323190802
04	100	60	5	0.12264796002040175
04	100	60	48	0.12264796002040175
04	100	60	93	0.12264796002040175
04	100	60	61	0.10448515728586387
04	100	60	50	0.03157137843007054
04	100	60	71	0.03157137843007054
04	100	60	98	0.03157137843007054
04	100	60	14	0.03157137843007054
04	100	60	62	0.03157137843007054
04	100	60	69	0.03157137843007054
04	100	60	76	0.028406702345898014
04	100	60	88	0.028406702345898014
04	100	60	94	0.010894262601252641
04	100	60	65	0.010894262601252641
04	100	60	17	0.028406702345898014
04	100	60	15	0.028406702345898014
04	100	60	83	0.028406702345898014
04	100	60	81	0.024654685321459577
04	100	60	100	0.024654685321459577
04	100	60	72	0.024654685321459577
04	100	61	15	0.09752710087293263
04	100	61	5	0.039074633539975055
04	100	61	100	0.039074633539975055
04	100	61	95	0.039074633539975055
04	100	61	61	0.039074633539975055
04	100	61	73	0.03284767819364084
04	100	61	69	0.03284767819364084
04	100	61	68	0.039074633539975055
04	100	61	82	0.039074633539975055
04	100	61	1	0.02671019431112268
04	100	61	91	0.039074633539975055
04	100	61	42	0.039074633539975055
04	100	61	54	0.020822314796931925
04	100	61	55	0.02448394461579566
04	100	61	50	0.02448394461579566
04	100	61	59	0.02448394461579566
04	100	61	74	0.020822314796931925
04	100	61	49	0.020822314796931925
04	100	61	17	0.010587669018404768
04	100	61	71	0.010587669018404768
04	100	61	2	0.010587669018404768
04	100	62	42	0.04651698579059605
04	100	62	0	0.02360456560374477
04	100	62	37	0.02360456560374477
04	100	62	50	0.02360456560374477
04	100	62	5	0.02360456560374477
04	100	62	34	0.02360456560374477
04	100	62	30	0.02360456560374477
04	100	62	24	0.02360456560374477
04	100	62	35	0.02360456560374477
04	100	62	25	0.02360456560374477
04	100	62	54	0.02360456560374477
04	100	62	7	0.018850400786536454
04	100	62	60	0.018850400786536454
04	100	62	2	0.0034917527130703782
04	100	62	88	0.0034917527130703782
04	100	62	14	0.0015368944669753078
04	100	62	16	0.017631670323184023
04	100	62	22	0.017631670323184023
04	100	62	94	0.017631670323184023
04	100	62	26	0.017631670323184023
04	100	62	69	0.0015368944669753078
04	100	62	72	0.0015368944669753078
04	100	62	44	0.017631670323184023
04	100	62	98	0.017631670323184023
04	100	62	80	0.017631670323184023
04	100	63	34	0.10252567988814873
04	100	63	0	0.06950530697517088
04	100	63	82	0.06950530697517088
04	100	63	5	0.06950530697517088
04	100	63	30	0.034566920353562895
04	100	63	2	0.034566920353562895
04	100	63	71	0.028142348095817234
04	100	63	94	0.028142348095817234
04	100	63	3	0.028142348095817234
04	100	63	25	0.028142348095817234
04	100	63	15	0.028142348095817234
04	100	63	72	0.028142348095817234
04	100	63	14	0.028142348095817234
04	100	63	81	0.017722159276774948
04	100	63	11	0.014901143313867602
04	100	63	44	0.014412919084848933
04	100	63	35	0.014412919084848933
04	100	63	73	0.004236159461772273
04	100	63	51	0.014412919084848933
04	100	63	88	0.014412919084848933
04	100	63	83	0.014412919084848933
04	100	64	2	0.18778900044426644
04	100	64	3	0.18778900044426644
04	100	64	0	0.06693505114049578
04	100	64	7	0.021298345947168444
04	100	64	72	0.021298345947168444
04	100	64	73	0.021298345947168444
04	100	64	93	0.021298345947168444
04	100	64	37	0.021298345947168444
04	100	64	60	0.021298345947168444
04	100	64	96	0.021298345947168444
04	100	64	90	0.021298345947168444
04	100	64	97	0.021298345947168444
04	100	64	4	0.021298345947168444
04	100	64	92	0.021298345947168444
04	100	64	35	0.021298345947168444
04	100	64	42	0.021298345947168444
04	100	64	64	0.021298345947168444
04	100	64	100	0.021298345947168444
04	100	64	78	0.021298345947168444
04	100	64	88	0.021298345947168444
04	100	65	0	0.27776221292870834
04	100	65	5	0.27776221292870834
04	100	65	62	0.15526803898339295
04	100	65	73	0.15526803898339295
04	100	65	37	0.07773011010170286
04	100	65	83	0.07773011010170286
04	100	65	2	0.07773011010170286
04	100	65	75	0.07773011010170286
04	100	65	30	0.07773011010170286
04	100	65	84	0.07773011010170286
04	100	65	70	0.07773011010170286
04	100	65	25	0.07773011010170286
04	100	65	86	0.07773011010170286
04	100	65	49	0.07773011010170286
04	100	65	61	0.07773011010170286
04	100	65	43	0.07773011010170286
04	100	65	65	0.07773011010170286
04	100	65	52	0.07773011010170286
04	100	65	100	0.012895906677297155
04	100	65	51	0.01063615900736557
04	100	66	0	0.2639465320951702
04	100	66	82	0.0939203828724676
04	100	66	3	0.05743235831792386
04	100	66	69	0.05743235831792386
04	100	66	42	0.05743235831792386
04	100	66	14	0.03354471714804045
04	100	66	54	0.0257375082574464
04	100	66	61	0.0257375082574464
04	100	66	71	0.0257375082574464
04	100	66	90	0.020369755663980017
04	100	66	26	0.020369755663980017
04	100	66	100	0.020369755663980017
04	100	66	93	0.020369755663980017
04	100	66	72	0.020369755663980017
04	100	66	30	0.020369755663980017
04	100	66	34	0.020369755663980017
04	100	66	2	0.01587970405663046
04	100	66	91	0.01587970405663046
04	100	66	76	0.010094319223687634
04	100	66	55	0.010094319223687634
04	100	67	94	0.18888477338611365
04	100	67	2	0.18888477338611365
04	100	67	5	0.045506348200984974
04	100	67	42	0.045506348200984974
04	100	67	24	0.045506348200984974
04	100	67	75	0.045506348200984974
04	100	67	95	0.045506348200984974
04	100	67	69	0.045506348200984974
04	100	67	54	0.045506348200984974
04	100	67	70	0.045506348200984974
04	100	67	0	0.045506348200984974
04	100	67	84	0.045506348200984974
04	100	67	43	0.045506348200984974
04	100	67	61	0.023875462391014467
04	100	67	78	0.045506348200984974
04	100	67	51	0.011318821756939336
04	100	67	68	0.045506348200984974
04	100	67	91	0.045506348200984974
04	100	67	3	0.045506348200984974
04	100	67	97	0.045506348200984974
04	100	67	92	0.045506348200984974
04	100	68	100	0.04907387028027707
04	100	68	82	0.04907387028027707
04	100	68	0	0.04907387028027707
04	100	68	5	0.04907387028027707
04	100	68	74	0.04907387028027707
04	100	68	2	0.04907387028027707
04	100	68	95	0.018837051568278074
04	100	68	43	0.018837051568278074
04	100	68	91	0.01698732943783188
04	100	68	30	0.01698732943783188
04	100	68	50	0.01698732943783188
04	100	68	88	0.01151673990645153
04	100	68	14	0.006135261805425547
04	100	68	34	0.012816134110574634
04	100	68	55	0.012816134110574634
04	100	68	98	0.012816134110574634
04	100	68	26	0.006404714115387134
04	100	68	84	0.005169026695969463
04	100	68	25	0.006135261805425547
04	100	68	3	0.001740276989247102
04	100	69	94	0.0653871144287785
04	100	69	5	0.03818474936536229
04	100	69	75	0.021552813952681715
04	100	69	21	0.009435743984316588
04	100	69	82	0.03293584961603584
04	100	69	54	0.03293584961603584
04	100	69	55	0.03293584961603584
04	100	69	93	0.03293584961603584
04	100	69	73	0.03293584961603584
04	100	69	45	0.022672645515470123
04	100	69	30	0.0027684463959082345
04	100	69	0	0.009435743984316588
04	100	69	84	0.009435743984316588
04	100	69	87	0.009435743984316588
04	100	69	70	0.009435743984316588
04	100	69	56	0.009435743984316588
04	100	69	6	0.009435743984316588
04	100	69	76	0.009435743984316588
04	100	69	29	0.008902374513376912
04	100	69	60	0.0005905419866157555
04	100	70	14	0.17571120238395194
04	100	70	73	0.07969600938561895
04	100	70	2	0.06304513541373441
04	100	70	82	0.06304513541373441
04	100	70	61	0.059639497005601304
04	100	70	85	0.059639497005601304
04	100	70	44	0.059639497005601304
04	100	70	5	0.045961844764049305
04	100	70	34	0.045961844764049305
04	100	70	30	0.045961844764049305
04	100	70	3	0.016729611655573257
04	100	70	15	0.045961844764049305
04	100	70	97	0.045961844764049305
04	100	70	92	0.020789209026517246
04	100	70	60	0.020789209026517246
04	100	70	96	0.003273024564981295
04	100	70	83	0.016729611655573257
04	100	70	81	0.016729611655573257
04	100	70	50	0.016729611655573257
04	100	70	100	0.002916178730377854
04	100	70	27	0.003273024564981295
04	100	71	61	0.14347758105329916
04	100	71	92	0.07908928716382026
04	100	71	97	0.07908928716382026
04	100	71	64	0.05292655727070479
04	100	71	100	0.05255092993752297
04	100	71	95	0.05255092993752297
04	100	71	56	0.028011894270020703
04	100	71	51	0.028011894270020703
04	100	71	15	0.023367992674105886
04	100	71	16	0.028011894270020703
04	100	71	20	0.028011894270020703
04	100	71	19	0.028011894270020703
04	100	71	27	0.028011894270020703
04	100	71	8	0.023367992674105886
04	100	71	93	0.023367992674105886
04	100	71	36	0.028011894270020703
04	100	71	11	0.028011894270020703
04	100	71	45	0.028011894270020703
04	100	71	29	0.028011894270020703
04	100	71	47	0.028011894270020703
04	100	71	94	0.012586351650634504
04	100	71	12	0.005029531540647007
04	100	72	0	0.32351004905588965
04	100	72	2	0.23502391209536905
04	100	72	64	0.03769062502919972
04	100	72	76	0.031795657850589035
04	100	72	73	0.031795657850589035
04	100	72	74	0.031795657850589035
04	100	72	55	0.031795657850589035
04	100	72	30	0.031795657850589035
04	100	72	90	0.031795657850589035
04	100	72	81	0.02684970978731705
04	100	72	15	0.02684970978731705
04	100	72	96	0.02684970978731705
04	100	72	97	0.02684970978731705
04	100	72	80	0.019760875810583552
04	100	72	92	0.019760875810583552
04	100	72	41	0.021517534979813017
04	100	72	65	0.021517534979813017
04	100	72	7	0.021517534979813017
04	100	72	78	0.019760875810583552
04	100	72	71	0.019760875810583552
04	100	73	26	0.3045426543160604
04	100	73	5	0.3045426543160604
04	100	73	37	0.13744490615263577
04	100	73	93	0.13744490615263577
04	100	73	72	0.13744490615263577
04	100	73	16	0.3045426543160604
04	100	73	71	0.039420020140413355
04	100	73	69	0.039420020140413355
04	100	73	19	0.3045426543160604
04	100	73	20	0.3045426543160604
04	100	73	23	0.3045426543160604
04	100	73	13	0.3045426543160604
04	100	73	24	0.3045426543160604
04	100	73	47	0.3045426543160604
04	100	73	0	0.05007393594670389
04	100	73	44	0.039420020140413355
04	100	73	8	0.039420020140413355
04	100	73	60	0.039420020140413355
04	100	73	91	0.02834994445851422
04	100	73	64	0.039420020140413355
04	100	73	73	0.039420020140413355
04	100	74	11	0.06668019346960245
04	100	74	93	0.06668019346960245
04	100	74	30	0.06668019346960245
04	100	74	34	0.06668019346960245
04	100	74	90	0.06668019346960245
04	100	74	73	0.06668019346960245
04	100	74	82	0.06668019346960245
04	100	74	2	0.06668019346960245
04	100	74	21	0.04033025539915923
04	100	74	32	0.04033025539915923
04	100	74	94	0.031316795529540864
04	100	74	96	0.031316795529540864
04	100	74	68	0.031316795529540864
04	100	74	15	0.031316795529540864
04	100	74	50	0.018288576110400717
04	100	74	74	0.018288576110400717
04	100	74	35	0.018288576110400717
04	100	74	70	0.031316795529540864
04	100	74	25	0.031316795529540864
04	100	74	56	0.008097330578056328
04	100	74	91	0.006113846413866203
04	100	74	81	0.018288576110400717
04	100	74	69	0.018288576110400717
04	100	74	100	0.018288576110400717
04	100	75	44	0.0920182650559739
04	100	75	82	0.0920182650559739
04	100	75	14	0.047580038530019644
04	100	75	51	0.047580038530019644
04	100	75	74	0.047580038530019644
04	100	75	3	0.047580038530019644
04	100	75	99	0.047580038530019644
04	100	75	0	0.047580038530019644
04	100	75	2	0.047580038530019644
04	100	75	90	0.047580038530019644
04	100	75	55	0.047580038530019644
04	100	75	37	0.019616446252582565
04	100	75	88	0.019404336748671897
04	100	75	15	0.019616446252582565
04	100	75	34	0.019616446252582565
04	100	75	78	0.019404336748671897
04	100	75	100	0.019404336748671897
04	100	75	61	0.019404336748671897
04	100	75	93	0.019404336748671897
04	100	75	50	0.019404336748671897
04	100	75	71	0.019404336748671897
04	100	76	82	0.1408334656385529
04	100	76	3	0.01582203450445156
04	100	76	64	0.01582203450445156
04	100	76	92	0.01582203450445156
04	100	76	24	0.01582203450445156
04	100	76	32	0.01582203450445156
04	100	76	97	0.01582203450445156
04	100	76	27	0.01582203450445156
04	100	76	61	0.01582203450445156
04	100	76	78	0.01582203450445156
04	100	76	69	0.01582203450445156
04	100	76	2	0.01582203450445156
04	100	76	88	0.01582203450445156
04	100	76	100	0.01582203450445156
04	100	76	50	0.01582203450445156
04	100	76	74	0.012923176919072596
04	100	76	5	0.01582203450445156
04	100	76	71	0.0040454393614859745
04	100	76	90	0.002839879158005538
04	100	76	54	0.002839879158005538
04	100	76	72	0.01582203450445156
04	100	76	21	0.01582203450445156
04	100	76	73	0.01582203450445156
04	100	76	53	0.01582203450445156
04	100	77	0	0.11086412854435249
04	100	77	3	0.05455019647195872
04	100	77	71	0.05455019647195872
04	100	77	42	0.043079099680607455
04	100	77	75	0.043079099680607455
04	100	77	37	0.043079099680607455
04	100	77	94	0.03997817374115532
04	100	77	89	0.03997817374115532
04	100	77	78	0.03997817374115532
04	100	77	83	0.03997817374115532
04	100	77	14	0.03997817374115532
04	100	77	72	0.03997817374115532
04	100	77	2	0.03451519750147264
04	100	77	27	0.03451519750147264
04	100	77	77	0.02797296000154816
04	100	77	5	0.02797296000154816
04	100	77	62	0.02797296000154816
04	100	77	73	0.02797296000154816
04	100	77	26	0.0036311460657709824
04	100	77	70	0.027193860714473293
04	100	77	9	0.027193860714473293
04	100	78	0	0.11631330468400684
04	100	78	2	0.06481227873057553
04	100	78	5	0.044427609447191437
04	100	78	37	0.044427609447191437
04	100	78	94	0.04061852590885287
04	100	78	82	0.04061852590885287
04	100	78	71	0.01702793278212251
04	100	78	68	0.01702793278212251
04	100	78	72	0.01702793278212251
04	100	78	34	0.011928994296344085
04	100	78	73	0.011928994296344085
04	100	78	50	0.011928994296344085
04	100	78	100	0.011928994296344085
04	100	78	3	0.011928994296344085
04	100	78	42	0.011928994296344085
04	100	78	95	0.011928994296344085
04	100	78	54	0.011928994296344085
04	100	78	7	0.011928994296344085
04	100	78	90	0.0034832896577633838
04	100	78	93	0.001148250769655359
04	100	79	0	0.0924466875207863
04	100	79	2	0.09118162907313515
04	100	79	54	0.022940503538534832
04	100	79	73	0.016896823084090972
04	100	79	26	0.016896823084090972
04	100	79	3	0.016896823084090972
04	100	79	14	0.016896823084090972
04	100	79	82	0.016896823084090972
04	100	79	100	0.016896823084090972
04	100	79	81	0.015914634862879747
04	100	79	5	0.004400291464242819
04	100	79	61	0.016896823084090972
04	100	79	87	0.016896823084090972
04	100	79	77	0.016896823084090972
04	100	79	55	0.016896823084090972
04	100	79	30	0.016896823084090972
04	100	79	42	0.016896823084090972
04	100	79	45	0.016896823084090972
04	100	79	94	0.004436900036756389
04	100	79	7	0.004436900036756389
04	100	80	2	0.19559118743848028
04	100	80	37	0.050582984096658436
04	100	80	73	0.050582984096658436
04	100	80	34	0.045031555041542264
04	100	80	14	0.045031555041542264
04	100	80	93	0.045031555041542264
04	100	80	44	0.045031555041542264
04	100	80	49	0.018568961538898743
04	100	80	0	0.02354757792154204
04	100	80	26	0.02354757792154204
04	100	80	69	0.014304646261816618
04	100	80	88	0.018568961538898743
04	100	80	81	0.015255355506383876
04	100	80	83	0.015255355506383876
04	100	80	68	0.015255355506383876
04	100	80	95	0.015255355506383876
04	100	80	74	0.006782966263469531
04	100	80	77	0.014304646261816618
04	100	80	61	0.014304646261816618
04	100	80	100	0.006782966263469531
04	100	80	27	0.006782966263469531
04	100	80	82	0.006782966263469531
04	100	81	73	0.12727904852793948
04	100	81	55	0.12727904852793948
04	100	81	40	0.12727904852793948
04	100	81	5	0.12727904852793948
04	100	81	34	0.12727904852793948
04	100	81	93	0.12727904852793948
04	100	81	60	0.08564782213068822
04	100	81	42	0.024111929155497622
04	100	81	97	0.12727904852793948
04	100	81	92	0.12727904852793948
04	100	81	86	0.12727904852793948
04	100	81	64	0.12727904852793948
04	100	81	99	0.12727904852793948
04	100	81	48	0.12727904852793948
04	100	81	71	0.12727904852793948
04	100	81	62	0.12727904852793948
04	100	81	69	0.12727904852793948
04	100	81	90	0.12727904852793948
04	100	81	24	0.014046150447460649
04	100	81	0	0.01347060235145447
04	100	81	15	0.01347060235145447
04	100	82	0	0.1734142536701476
04	100	82	2	0.1734142536701476
04	100	82	24	0.04038951130189435
04	100	82	42	0.04038951130189435
04	100	82	69	0.028636490608984613
04	100	82	34	0.028636490608984613
04	100	82	82	0.028636490608984613
04	100	82	72	0.028636490608984613
04	100	82	30	0.028636490608984613
04	100	82	55	0.028636490608984613
04	100	82	90	0.028636490608984613
04	100	82	35	0.021135277533760433
04	100	82	99	0.021135277533760433
04	100	82	53	0.021135277533760433
04	100	82	86	0.005020254801016151
04	100	82	48	0.004436948773887069
04	100	82	5	0.004159618902227095
04	100	82	26	0.00258816981029433
04	100	82	94	0.01828801796866024
04	100	82	6	0.01828801796866024
04	100	82	54	0.01828801796866024
04	100	82	100	0.01828801796866024
04	100	82	61	0.01828801796866024
04	100	82	71	0.01828801796866024
04	100	83	87	0.06063902412388629
04	100	83	42	0.08496860042796131
04	100	83	45	0.08496860042796131
04	100	83	56	0.06063902412388629
04	100	83	97	0.06063902412388629
04	100	83	68	0.06063902412388629
04	100	83	27	0.06063902412388629
04	100	83	74	0.06063902412388629
04	100	83	92	0.06063902412388629
04	100	83	51	0.042597852913281296
04	100	83	37	0.042597852913281296
04	100	83	5	0.04131039875826267
04	100	83	71	0.024579587946799496
04	100	83	89	0.02326561076364215
04	100	83	0	0.02386037591705952
04	100	83	75	0.006041240690491907
04	100	83	44	0.02386037591705952
04	100	83	34	0.02386037591705952
04	100	83	88	0.02386037591705952
04	100	83	9	0.02386037591705952
04	100	83	69	0.02386037591705952
04	100	83	7	0.02386037591705952
04	100	84	0	0.11456145912521146
04	100	84	73	0.06118517012691301
04	100	84	2	0.043347525117668526
04	100	84	68	0.043347525117668526
04	100	84	61	0.043347525117668526
04	100	84	71	0.04047582358244593
04	100	84	37	0.04047582358244593
04	100	84	93	0.043347525117668526
04	100	84	54	0.043347525117668526
04	100	84	8	0.043347525117668526
04	100	84	30	0.043347525117668526
04	100	84	25	0.04047582358244593
04	100	84	78	0.03344001416231617
04	100	84	94	0.04047582358244593
04	100	84	42	0.04047582358244593
04	100	84	5	0.04047582358244593
04	100	84	14	0.04047582358244593
04	100	84	24	0.04047582358244593
04	100	84	9	0.008709927864695786
04	100	84	82	0.03344001416231617
04	100	84	96	0.03344001416231617
04	100	85	0	0.12791019388702968
04	100	85	71	0.05494281184133258
04	100	85	2	0.05494281184133258
04	100	85	34	0.05494281184133258
04	100	85	37	0.05494281184133258
04	100	85	94	0.05494281184133258
04	100	85	90	0.0280552805227335
04	100	85	82	0.0280552805227335
04	100	85	3	0.0280552805227335
04	100	85	24	0.0280552805227335
04	100	85	54	0.0280552805227335
04	100	85	69	0.0280552805227335
04	100	85	68	0.018260532367795193
04	100	85	42	0.0280552805227335
04	100	85	30	0.0280552805227335
04	100	85	93	0.0280552805227335
04	100	85	86	0.009598414485912267
04	100	85	50	0.01097879426563018
04	100	85	95	0.01097879426563018
04	100	85	91	0.005974127674314682
04	100	86	73	0.06987886292707982
04	100	86	0	0.06467660863302609
04	100	86	89	0.06987886292707982
04	100	86	95	0.06987886292707982
04	100	86	2	0.06467660863302609
04	100	86	26	0.06467660863302609
04	100	86	42	0.04507237753172095
04	100	86	98	0.04507237753172095
04	100	86	94	0.04507237753172095
04	100	86	69	0.02411562701126532
04	100	86	57	0.03920029745583545
04	100	86	77	0.03920029745583545
04	100	86	76	0.03920029745583545
04	100	86	75	0.03920029745583545
04	100	86	84	0.03920029745583545
04	100	86	70	0.03920029745583545
04	100	86	65	0.03920029745583545
04	100	86	1	0.03318449015013187
04	100	86	54	0.0015044126518509527
04	100	86	100	0.00953942729030578
04	100	86	4	0.00953942729030578
04	100	87	2	0.09725579555540657
04	100	87	82	0.08320583195878269
04	100	87	73	0.050004688237420714
04	100	87	42	0.050004688237420714
04	100	87	0	0.050004688237420714
04	100	87	37	0.018791095607514265
04	100	87	93	0.050004688237420714
04	100	87	69	0.050004688237420714
04	100	87	9	0.02439461313199897
04	100	87	30	0.013703761934842518
04	100	87	84	0.013703761934842518
04	100	87	74	0.018791095607514265
04	100	87	51	0.018791095607514265
04	100	87	100	0.018791095607514265
04	100	87	60	0.013703761934842518
04	100	87	6	0.013703761934842518
04	100	87	70	0.013703761934842518
04	100	87	50	0.018791095607514265
04	100	87	26	0.018791095607514265
04	100	87	78	0.018791095607514265
04	100	88	26	0.16828330565387561
04	100	88	42	0.16828330565387561
04	100	88	69	0.16828330565387561
04	100	88	72	0.16828330565387561
04	100	88	21	0.03706271065831942
04	100	88	37	0.11570286073119791
04	100	88	2	0.11570286073119791
04	100	88	15	0.11570286073119791
04	100	88	84	0.03706271065831942
04	100	88	1	0.03706271065831942
04	100	88	54	0.03706271065831942
04	100	88	96	0.03706271065831942
04	100	88	27	0.03706271065831942
04	100	88	44	0.004724126748768197
04	100	88	71	0.01907982069629342
04	100	88	85	0.01907982069629342
04	100	88	60	0.03706271065831942
04	100	88	95	0.03706271065831942
04	100	88	61	0.03706271065831942
04	100	88	62	0.0019248533204556998
04	100	89	73	0.07320476789735259
04	100	89	34	0.07320476789735259
04	100	89	0	0.07320476789735259
04	100	89	71	0.049553682363937104
04	100	89	9	0.049553682363937104
04	100	89	14	0.049553682363937104
04	100	89	5	0.03875742157103223
04	100	89	15	0.03875742157103223
04	100	89	3	0.03875742157103223
04	100	89	27	0.03875742157103223
04	100	89	42	0.030174396625353716
04	100	89	90	0.030174396625353716
04	100	89	68	0.030174396625353716
04	100	89	30	0.02643399240899172
04	100	89	69	0.030174396625353716
04	100	89	77	0.030174396625353716
04	100	89	55	0.030174396625353716
04	100	89	13	0.02643399240899172
04	100	89	2	0.02643399240899172
04	100	89	95	0.02643399240899172
04	100	90	0	0.0643326675244741
04	100	90	2	0.0643326675244741
04	100	90	37	0.06428713664590958
04	100	90	86	0.03295541575201842
04	100	90	5	0.03295541575201842
04	100	90	49	0.027926871663954342
04	100	90	50	0.03295541575201842
04	100	90	34	0.03295541575201842
04	100	90	82	0.027926871663954342
04	100	90	100	0.014550300506109733
04	100	90	80	0.014550300506109733
04	100	90	74	0.007502559444154134
04	100	90	83	0.009707859535176683
04	100	90	48	0.009707859535176683
04	100	90	62	0.009707859535176683
04	100	90	81	0.009356692635874434
04	100	90	45	0.007502559444154134
04	100	90	51	0.007502559444154134
04	100	90	71	0.005036094473142448
04	100	90	68	0.005036094473142448
04	100	90	43	0.005036094473142448
04	100	90	24	0.005036094473142448
04	100	90	55	0.007502559444154134
04	100	90	73	0.007502559444154134
04	100	91	0	0.10279223343208578
04	100	91	2	0.10279223343208578
04	100	91	73	0.10279223343208578
04	100	91	75	0.06913346089834012
04	100	91	25	0.019116598521389444
04	100	91	30	0.019116598521389444
04	100	91	92	0.019116598521389444
04	100	91	61	0.019116598521389444
04	100	91	15	0.019116598521389444
04	100	91	14	0.019116598521389444
04	100	91	26	0.015900532922956154
04	100	91	100	0.019116598521389444
04	100	91	74	0.019116598521389444
04	100	91	72	0.015900404621568737
04	100	91	56	0.007495722841180957
04	100	91	87	0.007495722841180957
04	100	91	97	0.015900532922956154
04	100	91	54	0.015900532922956154
04	100	91	11	0.015900532922956154
04	100	91	93	0.015900532922956154
04	100	91	44	0.015900532922956154
04	100	92	26	0.060695901204164494
04	100	92	73	0.07325229876486594
04	100	92	68	0.07325229876486594
04	100	92	74	0.07325229876486594
04	100	92	37	0.060695901204164494
04	100	92	80	0.060695901204164494
04	100	92	65	0.060695901204164494
04	100	92	78	0.060695901204164494
04	100	92	100	0.038198912307166204
04	100	92	5	0.038198912307166204
04	100	92	51	0.060695901204164494
04	100	92	50	0.060695901204164494
04	100	92	0	0.038198912307166204
04	100	92	70	0.038198912307166204
04	100	92	54	0.031111809593406405
04	100	92	71	0.010385792768613013
04	100	92	96	0.016928978565112777
04	100	92	24	0.016928978565112777
04	100	92	59	0.014852618267163418
04	100	92	39	0.010385792768613013
04	100	92	34	0.010385792768613013
04	100	93	54	0.09228318352598948
04	100	93	9	0.09228318352598948
04	100	93	72	0.08478324673433733
04	100	93	44	0.02714155773904526
04	100	93	25	0.02714155773904526
04	100	93	71	0.02714155773904526
04	100	93	35	0.026339596355324683
04	100	93	27	0.026339596355324683
04	100	93	61	0.026339596355324683
04	100	93	30	0.02407405850749559
04	100	93	82	0.02407405850749559
04	100	93	4	0.011601165394116061
04	100	93	37	0.02407405850749559
04	100	93	34	0.02407405850749559
04	100	93	95	0.0026760957305709096
04	100	93	8	0.006928918984044864
04	100	93	31	0.006928918984044864
04	100	93	6	0.006928918984044864
04	100	93	73	0.002947179151298721
04	100	93	5	0.0026639076973515776
04	100	94	93	0.035528977693578524
04	100	94	17	0.035528977693578524
04	100	94	44	0.05695811940328585
04	100	94	2	0.05695811940328585
04	100	94	37	0.05695811940328585
04	100	94	5	0.05695811940328585
04	100	94	45	0.035528977693578524
04	100	94	71	0.02015854629217649
04	100	94	0	0.035528977693578524
04	100	94	14	0.035528977693578524
04	100	94	34	0.02015854629217649
04	100	94	15	0.02015854629217649
04	100	94	100	0.02015854629217649
04	100	94	74	0.02015854629217649
04	100	94	69	0.02015854629217649
04	100	94	88	0.02015854629217649
04	100	94	51	0.02015854629217649
04	100	94	11	0.02015854629217649
04	100	94	81	0.02015854629217649
04	100	94	83	0.0029279170155958384
04	100	95	14	0.046481400914041536
04	100	95	51	0.046481400914041536
04	100	95	95	0.08302074454909399
04	100	95	72	0.08302074454909399
04	100	95	82	0.08302074454909399
04	100	95	0	0.046481400914041536
04	100	95	3	0.046481400914041536
04	100	95	70	0.012871474832120417
04	100	95	64	0.032882120002880405
04	100	95	71	0.032882120002880405
04	100	95	5	0.032882120002880405
04	100	95	7	0.032882120002880405
04	100	95	10	0.032882120002880405
04	100	95	34	0.032882120002880405
04	100	95	26	0.032882120002880405
04	100	95	92	0.032882120002880405
04	100	95	97	0.032882120002880405
04	100	95	22	0.031207099156730155
04	100	95	75	0.012871474832120417
04	100	95	84	0.012871474832120417
04	100	96	3	0.17065665548432693
04	100	96	5	0.17065665548432693
04	100	96	74	0.07484538572889958
04	100	96	9	0.06127998476669046
04	100	96	50	0.024780922501293913
04	100	96	51	0.018756043269576424
04	100	96	100	0.018756043269576424
04	100	96	81	0.018756043269576424
04	100	96	78	0.018756043269576424
04	100	96	55	0.024780922501293913
04	100	96	71	0.024780922501293913
04	100	96	44	0.024780922501293913
04	100	96	0	0.024780922501293913
04	100	96	2	0.024780922501293913
04	100	96	61	0.024291134491931012
04	100	96	11	0.024291134491931012
04	100	96	54	0.024291134491931012
04	100	96	75	0.024291134491931012
04	100	96	76	0.007176797297982325
04	100	96	8	0.0054735984786416095
04	100	96	62	0.018756043269576424
04	100	96	49	0.018756043269576424
04	100	96	69	0.018756043269576424
04	100	97	2	0.05211908880836331
04	100	97	5	0.05211908880836331
04	100	97	72	0.04615886060478068
04	100	97	0	0.04615886060478068
04	100	97	45	0.04615886060478068
04	100	97	3	0.041987476258774054
04	100	97	74	0.03406859571117351
04	100	97	100	0.03406859571117351
04	100	97	50	0.013263822037691208
04	100	97	82	0.00656635789828569
04	100	97	81	0.00656635789828569
04	100	97	9	0.02067609965182063
04	100	97	34	0.02067609965182063
04	100	97	25	0.02067609965182063
04	100	97	75	0.02067609965182063
04	100	97	84	0.02067609965182063
04	100	97	30	0.02067609965182063
04	100	97	70	0.02067609965182063
04	100	97	61	0.02067609965182063
04	100	97	92	0.01700265007792099
04	100	97	32	0.005670381587745345
04	100	98	0	0.06966348097681886
04	100	98	2	0.061613378787549015
04	100	98	14	0.05691315260973823
04	100	98	93	0.05691315260973823
04	100	98	42	0.05691315260973823
04	100	98	72	0.061613378787549015
04	100	98	11	0.061613378787549015
04	100	98	68	0.061613378787549015
04	100	98	7	0.02677997197276848
04	100	98	69	0.02677997197276848
04	100	98	44	0.02677997197276848
04	100	98	88	0.02677997197276848
04	100	98	26	0.02677997197276848
04	100	98	73	0.02677997197276848
04	100	98	55	0.02677997197276848
04	100	98	34	0.02677997197276848
04	100	98	100	0.02677997197276848
04	100	98	4	0.02677997197276848
04	100	98	10	0.02307198938638286
04	100	98	50	0.006933186982134299
04	100	99	5	0.3557276350722754
04	100	99	7	0.08896273126077796
04	100	99	84	0.0757920149245974
04	100	99	82	0.07219872485277784
04	100	99	71	0.07219872485277784
04	100	99	43	0.07219872485277784
04	100	99	45	0.028480637951654505
04	100	99	95	0.02613095548062495
04	100	99	90	0.028480637951654505
04	100	99	75	0.028480637951654505
04	100	99	70	0.028480637951654505
04	100	99	77	0.028480637951654505
04	100	99	3	0.028480637951654505
04	100	99	4	0.028480637951654505
04	100	99	56	0.028480637951654505
04	100	99	69	0.02613095548062495
04	100	99	78	0.02613095548062495
04	100	99	50	0.02613095548062495
04	100	99	81	0.009012578622165679
04	100	99	11	0.009012578622165679
04	100	100	0	0.09411373387912061
04	100	100	71	0.06751908728826318
04	100	100	82	0.06656700408945422
04	100	100	6	0.02752081989116941
04	100	100	93	0.02752081989116941
04	100	100	100	0.025186164134897437
04	100	100	9	0.025186164134897437
04	100	100	25	0.025186164134897437
04	100	100	37	0.02752081989116941
04	100	100	5	0.02752081989116941
04	100	100	84	0.025186164134897437
04	100	100	95	0.013407551750371489
04	100	100	32	0.013407551750371489
04	100	100	34	0.010731468349474417
04	100	100	70	0.020971160508028157
04	100	100	15	0.020971160508028157
04	100	100	45	0.020971160508028157
04	100	100	54	0.020971160508028157
04	100	100	39	0.010731468349474417
04	100	100	72	0.010731468349474417
04	true	1	24	0.2054663150352913
04	true	1	2	0.0601243471277296
04	true	1	82	0.0601243471277296
04	true	1	5	0.03458965168028644
04	true	1	72	0.0601243471277296
04	true	1	61	0.0601243471277296
04	true	1	78	0.0601243471277296
04	true	1	54	0.0601243471277296
04	true	1	30	0.0601243471277296
04	true	1	94	0.04273968636444618
04	true	1	50	0.04273968636444618
04	true	1	74	0.03458965168028644
04	true	1	42	0.03458965168028644
04	true	1	95	0.03458965168028644
04	true	1	35	0.03458965168028644
04	true	1	25	0.03458965168028644
04	true	1	0	0.03458965168028644
04	true	1	26	0.03458965168028644
04	true	1	11	0.03018139240066205
04	true	1	96	0.010395798154194938
04	true	2	0	0.13320708248558585
04	true	2	51	0.13320708248558585
04	true	2	95	0.13320708248558585
04	true	2	68	0.13320708248558585
04	true	2	82	0.13320708248558585
04	true	2	25	0.13320708248558585
04	true	2	97	0.13320708248558585
04	true	2	92	0.13320708248558585
04	true	2	91	0.13320708248558585
04	true	2	64	0.13320708248558585
04	true	2	5	0.13320708248558585
04	true	2	45	0.13320708248558585
04	true	2	69	0.13320708248558585
04	true	2	37	0.13320708248558585
04	true	2	9	0.13320708248558585
04	true	2	42	0.11306461568108274
04	true	2	43	0.11306461568108274
04	true	2	83	0.03396283123245249
04	true	2	26	0.006860510191430485
04	true	2	15	0.002892459744311893
04	true	3	30	0.181359858166362
04	true	3	60	0.181359858166362
04	true	3	0	0.181359858166362
04	true	3	25	0.181359858166362
04	true	3	54	0.181359858166362
04	true	3	89	0.1705974729289458
04	true	3	95	0.1705974729289458
04	true	3	73	0.1705974729289458
04	true	3	71	0.1705974729289458
04	true	3	64	0.07334282843110987
04	true	3	74	0.07334282843110987
04	true	3	100	0.035004983046594676
04	true	3	53	0.035004983046594676
04	true	3	17	0.035004983046594676
04	true	3	29	0.035004983046594676
04	true	3	75	0.035004983046594676
04	true	3	65	0.01781866623134623
04	true	3	97	0.035004983046594676
04	true	3	72	0.005165379744651839
04	true	3	51	0.035004983046594676
04	true	3	78	0.035004983046594676
04	true	3	50	0.035004983046594676
04	true	4	0	0.09597243559171749
04	true	4	72	0.09597243559171749
04	true	4	42	0.09597243559171749
04	true	4	3	0.04166958056159332
04	true	4	90	0.04166958056159332
04	true	4	2	0.022078458890365398
04	true	4	71	0.009482907787908277
04	true	4	55	0.022078458890365398
04	true	4	15	0.022078458890365398
04	true	4	77	0.022078458890365398
04	true	4	35	0.022078458890365398
04	true	4	24	0.018244222294868957
04	true	4	8	0.011287093302252572
04	true	4	92	0.011276837668074642
04	true	4	26	0.0048155714403321425
04	true	4	68	0.0048155714403321425
04	true	4	50	0.0048155714403321425
04	true	4	81	0.0048155714403321425
04	true	4	100	0.0048155714403321425
04	true	4	96	0.0048155714403321425
04	true	5	37	0.16061125815096622
04	true	5	2	0.10323423845030764
04	true	5	0	0.10323423845030764
04	true	5	15	0.04737494376377575
04	true	5	82	0.04737494376377575
04	true	5	42	0.04737494376377575
04	true	5	5	0.042677068238053915
04	true	5	75	0.042677068238053915
04	true	5	74	0.03461419554068956
04	true	5	91	0.03461419554068956
04	true	5	94	0.0321379384494995
04	true	5	27	0.03461419554068956
04	true	5	3	0.03461419554068956
04	true	5	44	0.03461419554068956
04	true	5	45	0.03461419554068956
04	true	5	61	0.012820657863921843
04	true	5	35	0.012249194938216247
04	true	5	50	0.012249194938216247
04	true	5	100	0.012249194938216247
04	true	5	14	0.00920168339993672
04	true	6	42	0.24084317644582565
04	true	6	55	0.061102645777810424
04	true	6	98	0.05062590822715763
04	true	6	17	0.05062590822715763
04	true	6	0	0.05062590822715763
04	true	6	60	0.026287942144490872
04	true	6	80	0.026287942144490872
04	true	6	71	0.021991975762699893
04	true	6	100	0.01847755959317895
04	true	6	25	0.021991975762699893
04	true	6	2	0.021991975762699893
04	true	6	61	0.012812635068789725
04	true	6	7	0.017430905848200347
04	true	6	74	0.017430905848200347
04	true	6	56	0.012812635068789725
04	true	6	59	0.012812635068789725
04	true	6	89	0.012812635068789725
04	true	6	87	0.0012657035574904745
04	true	6	57	0.01070188226879994
04	true	6	6	0.01070188226879994
04	true	6	43	0.01070188226879994
04	true	6	34	0.01070188226879994
04	true	7	0	0.1847086534971973
04	true	7	2	0.1847086534971973
04	true	7	30	0.04420586064192677
04	true	7	73	0.04420586064192677
04	true	7	5	0.04420586064192677
04	true	7	54	0.02379723937360502
04	true	7	68	0.04399154826510871
04	true	7	71	0.04399154826510871
04	true	7	25	0.04399154826510871
04	true	7	43	0.04399154826510871
04	true	7	72	0.01748596089773809
04	true	7	91	0.017415131853563085
04	true	7	42	0.015075236681643296
04	true	7	48	0.012707102469081397
04	true	7	74	0.012707102469081397
04	true	7	78	0.012707102469081397
04	true	7	100	0.012707102469081397
04	true	7	51	0.012129403757520297
04	true	7	83	0.010846325309899749
04	true	7	93	0.010846325309899749
04	true	8	42	0.18594172573158388
04	true	8	90	0.12379328120103106
04	true	8	97	0.06621824800423008
04	true	8	20	0.0546072969965678
04	true	8	45	0.026219600953931006
04	true	8	77	0.01426135850006019
04	true	8	15	0.01426135850006019
04	true	8	100	0.01179260245302881
04	true	8	51	0.01179260245302881
04	true	8	62	0.02127673171157882
04	true	8	48	0.02127673171157882
04	true	8	10	0.02127673171157882
04	true	8	69	0.02127673171157882
04	true	8	55	0.02127673171157882
04	true	8	35	0.02127673171157882
04	true	8	49	0.02127673171157882
04	true	8	99	0.02127673171157882
04	true	8	7	0.02127673171157882
04	true	8	4	0.02127673171157882
04	true	8	1	0.02127673171157882
04	true	8	44	0.02127673171157882
04	true	8	5	0.009445447351876666
04	true	8	22	0.009445447351876666
04	true	9	30	0.1068820945780086
04	true	9	25	0.1068820945780086
04	true	9	32	0.1068820945780086
04	true	9	9	0.1068820945780086
04	true	9	21	0.061321628474264665
04	true	9	14	0.057280521129441396
04	true	9	57	0.057280521129441396
04	true	9	3	0.057280521129441396
04	true	9	62	0.057280521129441396
04	true	9	42	0.032119338393560716
04	true	9	26	0.028426218871751535
04	true	9	91	0.04734392479060513
04	true	9	72	0.04734392479060513
04	true	9	55	0.04734392479060513
04	true	9	70	0.04734392479060513
04	true	9	100	0.04734392479060513
04	true	9	95	0.04734392479060513
04	true	9	45	0.004851943418356611
04	true	9	39	0.028426218871751535
04	true	9	40	0.028426218871751535
04	true	10	0	0.0927553542273262
04	true	10	23	0.0927553542273262
04	true	10	100	0.0927553542273262
04	true	10	74	0.0927553542273262
04	true	10	51	0.03878630233105547
04	true	10	95	0.036883819660412445
04	true	10	82	0.021630965577803703
04	true	10	30	0.03878630233105547
04	true	10	15	0.03878630233105547
04	true	10	55	0.03878630233105547
04	true	10	34	0.03878630233105547
04	true	10	99	0.03878630233105547
04	true	10	25	0.03878630233105547
04	true	10	69	0.01574932604823563
04	true	10	14	0.015543630350197629
04	true	10	24	0.015543630350197629
04	true	10	56	0.01574932604823563
04	true	10	83	0.01574932604823563
04	true	10	9	0.012962173188489755
04	true	10	59	0.012962173188489755
04	true	10	5	0.012962173188489755
04	true	10	90	0.012962173188489755
04	true	11	2	0.09425377331442394
04	true	11	15	0.09425377331442394
04	true	11	0	0.09425377331442394
04	true	11	43	0.05734426144953014
04	true	11	5	0.03846412713743467
04	true	11	66	0.03846412713743467
04	true	11	9	0.026012352915241083
04	true	11	54	0.026012352915241083
04	true	11	100	0.026012352915241083
04	true	11	37	0.026012352915241083
04	true	11	3	0.026012352915241083
04	true	11	42	0.026012352915241083
04	true	11	82	0.026012352915241083
04	true	11	95	0.026012352915241083
04	true	11	94	0.026012352915241083
04	true	11	33	0.026012352915241083
04	true	11	50	0.021542318384869013
04	true	11	34	0.013676592939831814
04	true	11	44	0.013676592939831814
04	true	11	74	0.021542318384869013
04	true	11	69	0.021542318384869013
04	true	12	0	0.15506864202651913
04	true	12	2	0.10192683017583293
04	true	12	5	0.06732779397434481
04	true	12	94	0.0494781889221021
04	true	12	82	0.03352404255079209
04	true	12	50	0.03352404255079209
04	true	12	100	0.03352404255079209
04	true	12	7	0.03352404255079209
04	true	12	34	0.03352404255079209
04	true	12	37	0.03352404255079209
04	true	12	42	0.03352404255079209
04	true	12	3	0.03352404255079209
04	true	12	14	0.0217420615817967
04	true	12	30	0.0217420615817967
04	true	12	15	0.0217420615817967
04	true	12	26	0.012311872519185358
04	true	12	51	0.014578129435607995
04	true	12	71	0.014578129435607995
04	true	12	74	0.014578129435607995
04	true	12	78	0.004805884329004368
04	true	12	97	0.012311872519185358
04	true	12	92	0.012311872519185358
04	true	12	44	0.012311872519185358
04	true	13	5	0.0711604657406498
04	true	13	71	0.04772644896521708
04	true	13	82	0.028908713536642504
04	true	13	37	0.028908713536642504
04	true	13	94	0.028908713536642504
04	true	13	100	0.028908713536642504
04	true	13	51	0.028908713536642504
04	true	13	74	0.028908713536642504
04	true	13	88	0.028908713536642504
04	true	13	50	0.028908713536642504
04	true	13	30	0.023042885055540713
04	true	13	93	0.023042885055540713
04	true	13	42	0.023042885055540713
04	true	13	15	0.022966664404373612
04	true	13	54	0.022966664404373612
04	true	13	4	0.022966664404373612
04	true	13	75	0.022966664404373612
04	true	13	34	0.022966664404373612
04	true	13	78	0.010364098442860185
04	true	13	62	0.010364098442860185
04	true	13	70	0.022966664404373612
04	true	13	84	0.022966664404373612
04	true	14	37	0.2243274675622118
04	true	14	72	0.04335795713743797
04	true	14	50	0.04335795713743797
04	true	14	100	0.04335795713743797
04	true	14	0	0.019270789815353552
04	true	14	5	0.01509912215979359
04	true	14	90	0.019270789815353552
04	true	14	15	0.019270789815353552
04	true	14	61	0.01509912215979359
04	true	14	91	0.01509912215979359
04	true	14	73	0.007344408698407029
04	true	14	94	0.007917575315774396
04	true	14	83	0.007917575315774396
04	true	14	55	0.007917575315774396
04	true	14	68	0.007344408698407029
04	true	14	95	0.007344408698407029
04	true	14	2	0.007344408698407029
04	true	14	71	0.007344408698407029
04	true	14	42	0.007344408698407029
04	true	14	51	0.007917575315774396
04	true	14	88	0.007917575315774396
04	true	14	69	0.007917575315774396
04	true	14	81	0.007917575315774396
04	true	14	78	0.0022837025160913627
04	true	14	3	0.003885497251700742
04	true	15	5	0.2705779093601841
04	true	15	34	0.13330115219974586
04	true	15	43	0.0666671386806214
04	true	15	100	0.049391036108936255
04	true	15	71	0.049391036108936255
04	true	15	78	0.01882653268000776
04	true	15	74	0.01882653268000776
04	true	15	21	0.03253304803715323
04	true	15	15	0.03253304803715323
04	true	15	2	0.03253304803715323
04	true	15	64	0.03253304803715323
04	true	15	0	0.03253304803715323
04	true	15	32	0.03253304803715323
04	true	15	23	0.017955110818622333
04	true	15	7	0.017955110818622333
04	true	15	69	0.01882653268000776
04	true	15	51	0.01882653268000776
04	true	15	50	0.01882653268000776
04	true	15	4	0.017955110818622333
04	true	15	9	0.017955110818622333
04	true	15	24	0.017955110818622333
04	true	15	42	0.017955110818622333
04	true	15	44	0.017955110818622333
04	true	16	5	0.1269558413078961
04	true	16	0	0.1269558413078961
04	true	16	72	0.1269558413078961
04	true	16	3	0.052667548878023274
04	true	16	80	0.04998061631794095
04	true	16	59	0.04998061631794095
04	true	16	68	0.052667548878023274
04	true	16	14	0.052667548878023274
04	true	16	53	0.04079649689182079
04	true	16	34	0.019667581438050516
04	true	16	37	0.019667581438050516
04	true	16	96	0.04079649689182079
04	true	16	60	0.04079649689182079
04	true	16	67	0.04079649689182079
04	true	16	58	0.04079649689182079
04	true	16	89	0.019667581438050516
04	true	16	2	0.019667581438050516
04	true	16	62	0.007932982548267341
04	true	16	24	0.019667581438050516
04	true	16	63	0.019667581438050516
04	true	17	61	0.31171517857295694
04	true	17	0	0.11976334646148404
04	true	17	2	0.11976334646148404
04	true	17	5	0.11976334646148404
04	true	17	34	0.11976334646148404
04	true	17	74	0.08816237874307149
04	true	17	81	0.039223650796545065
04	true	17	93	0.039223650796545065
04	true	17	84	0.039223650796545065
04	true	17	70	0.039223650796545065
04	true	17	75	0.039223650796545065
04	true	17	3	0.039223650796545065
04	true	17	26	0.039223650796545065
04	true	17	21	0.039223650796545065
04	true	17	14	0.039223650796545065
04	true	17	15	0.039223650796545065
04	true	17	44	0.022336655893787773
04	true	17	72	0.022336655893787773
04	true	17	82	0.008904143001706432
04	true	17	100	0.039223650796545065
04	true	17	55	0.039223650796545065
04	true	17	50	0.039223650796545065
04	true	17	42	0.018438721262368025
04	true	18	73	0.0674032049054854
04	true	18	71	0.0674032049054854
04	true	18	7	0.04095940507894129
04	true	18	54	0.04095940507894129
04	true	18	34	0.04095940507894129
04	true	18	15	0.04095940507894129
04	true	18	82	0.04095940507894129
04	true	18	50	0.011869886529859553
04	true	18	2	0.04095940507894129
04	true	18	0	0.04095940507894129
04	true	18	42	0.04095940507894129
04	true	18	5	0.04095940507894129
04	true	18	45	0.04095940507894129
04	true	18	24	0.04095940507894129
04	true	18	94	0.04095940507894129
04	true	18	26	0.04095940507894129
04	true	18	44	0.011869886529859553
04	true	18	100	0.011869886529859553
04	true	18	74	0.011869886529859553
04	true	18	61	0.0043376135721412915
04	true	19	15	0.052467594905533745
04	true	19	0	0.052467594905533745
04	true	19	100	0.052467594905533745
04	true	19	61	0.052467594905533745
04	true	19	5	0.040207038480580055
04	true	19	3	0.040207038480580055
04	true	19	74	0.02159331642807672
04	true	19	34	0.014489544816174661
04	true	19	50	0.014489544816174661
04	true	19	55	0.014489544816174661
04	true	19	42	0.014489544816174661
04	true	19	2	0.014489544816174661
04	true	19	78	0.010732257030330958
04	true	19	14	0.00806762442575118
04	true	19	72	0.00806762442575118
04	true	19	88	0.006194139609367312
04	true	19	49	0.006194139609367312
04	true	19	69	0.0035515010933846883
04	true	19	51	0.0013335775052304493
04	true	19	60	0.00806762442575118
04	true	19	82	0.00806762442575118
04	true	19	73	0.00806762442575118
04	true	19	24	0.00806762442575118
04	true	19	93	0.00806762442575118
04	true	20	69	0.03765907950369155
04	true	20	26	0.03765907950369155
04	true	20	90	0.03765907950369155
04	true	20	37	0.03765907950369155
04	true	20	5	0.03765907950369155
04	true	20	93	0.01776565820017329
04	true	20	50	0.03765907950369155
04	true	20	74	0.03765907950369155
04	true	20	54	0.03765907950369155
04	true	20	78	0.03765907950369155
04	true	20	15	0.01776565820017329
04	true	20	42	0.01776565820017329
04	true	20	8	0.012698618006823556
04	true	20	55	0.012698618006823556
04	true	20	86	0.03765907950369155
04	true	20	62	0.03765907950369155
04	true	20	51	0.03765907950369155
04	true	20	48	0.03765907950369155
04	true	20	88	0.03765907950369155
04	true	20	100	0.03765907950369155
04	true	20	94	0.03765907950369155
04	true	20	83	0.03765907950369155
04	true	20	81	0.03765907950369155
04	true	20	17	0.0019505946039898264
04	true	21	5	0.09093539172087871
04	true	21	30	0.055807194962086935
04	true	21	42	0.04447719007776668
04	true	21	77	0.04447719007776668
04	true	21	94	0.04447719007776668
04	true	21	71	0.04447719007776668
04	true	21	64	0.04447719007776668
04	true	21	99	0.04447719007776668
04	true	21	11	0.04447719007776668
04	true	21	50	0.04447719007776668
04	true	21	24	0.013780970538687244
04	true	21	25	0.012060397997931328
04	true	21	44	0.012060397997931328
04	true	21	88	0.013780970538687244
04	true	21	78	0.013780970538687244
04	true	21	2	0.013780970538687244
04	true	21	59	0.013780970538687244
04	true	21	82	0.012060397997931328
04	true	21	70	0.012060397997931328
04	true	21	91	0.012060397997931328
04	true	21	37	0.012060397997931328
04	true	21	75	0.012060397997931328
04	true	21	84	0.009019684754666161
04	true	21	39	0.009019684754666161
04	true	22	5	0.14029144386059741
04	true	22	72	0.10695197756964175
04	true	22	61	0.10695197756964175
04	true	22	14	0.037735401335392604
04	true	22	2	0.037735401335392604
04	true	22	82	0.037735401335392604
04	true	22	71	0.037735401335392604
04	true	22	37	0.02779863895638198
04	true	22	42	0.017016288028659093
04	true	22	50	0.017016288028659093
04	true	22	34	0.01590382048588732
04	true	22	100	0.01590382048588732
04	true	22	68	0.016753013520880978
04	true	22	78	0.013382924167386678
04	true	22	13	0.016753013520880978
04	true	22	24	0.016753013520880978
04	true	22	9	0.016753013520880978
04	true	22	95	0.016753013520880978
04	true	22	89	0.014130507177476145
04	true	22	88	0.013382924167386678
04	true	22	51	0.013382924167386678
04	true	22	69	0.013382924167386678
04	true	22	26	0.013382924167386678
04	true	22	91	0.0015031814198743893
04	true	23	2	0.21905184689624393
04	true	23	45	0.1074221606588084
04	true	23	0	0.1074221606588084
04	true	23	43	0.0552900067316855
04	true	23	68	0.0552900067316855
04	true	23	9	0.0552900067316855
04	true	23	91	0.0552900067316855
04	true	23	61	0.0552900067316855
04	true	23	25	0.0552900067316855
04	true	23	100	0.0552900067316855
04	true	23	24	0.05062140908666861
04	true	23	97	0.03773184669945165
04	true	23	3	0.03773184669945165
04	true	23	69	0.03773184669945165
04	true	23	74	0.03773184669945165
04	true	23	17	0.010219591076489797
04	true	23	89	0.03773184669945165
04	true	23	95	0.03773184669945165
04	true	23	15	0.006078759227280857
04	true	23	23	0.004371295482125115
04	true	24	24	0.045017247243671114
04	true	24	68	0.04581155401747551
04	true	24	95	0.04581155401747551
04	true	24	87	0.045017247243671114
04	true	24	76	0.045017247243671114
04	true	24	82	0.030856858478952136
04	true	24	71	0.030856858478952136
04	true	24	91	0.030856858478952136
04	true	24	75	0.030856858478952136
04	true	24	70	0.030856858478952136
04	true	24	17	0.013410653412394134
04	true	24	64	0.012832598322733368
04	true	24	72	0.030856858478952136
04	true	24	23	0.013410653412394134
04	true	24	97	0.013410653412394134
04	true	24	13	0.012832598322733368
04	true	24	98	0.030856858478952136
04	true	24	84	0.030856858478952136
04	true	24	65	0.030856858478952136
04	true	24	77	0.030856858478952136
04	true	24	56	0.030856858478952136
04	true	24	53	0.030856858478952136
04	true	24	89	0.030856858478952136
04	true	24	66	0.030856858478952136
04	true	24	0	0.030856858478952136
04	true	25	2	0.038165185110781014
04	true	25	82	0.01443978022089824
04	true	25	5	0.03153709450899735
04	true	25	34	0.03153709450899735
04	true	25	37	0.02640143637331907
04	true	25	42	0.01443978022089824
04	true	25	30	0.01443978022089824
04	true	25	94	0.01443978022089824
04	true	25	61	0.013278278805449415
04	true	25	100	0.01443978022089824
04	true	25	50	0.01443978022089824
04	true	25	95	0.014333347436393244
04	true	25	3	0.014333347436393244
04	true	25	14	0.014333347436393244
04	true	25	74	0.013278278805449415
04	true	25	68	0.013278278805449415
04	true	25	15	0.013278278805449415
04	true	25	0	0.013278278805449415
04	true	25	44	0.013278278805449415
04	true	25	73	0.013278278805449415
04	true	25	77	0.005216939707483471
04	true	26	90	0.11871178825169978
04	true	26	61	0.055084067353688225
04	true	26	45	0.055084067353688225
04	true	26	68	0.055084067353688225
04	true	26	56	0.055084067353688225
04	true	26	0	0.055084067353688225
04	true	26	71	0.055084067353688225
04	true	26	98	0.055084067353688225
04	true	26	87	0.055084067353688225
04	true	26	69	0.055084067353688225
04	true	26	15	0.03853756256467701
04	true	26	82	0.055084067353688225
04	true	26	24	0.055084067353688225
04	true	26	95	0.055084067353688225
04	true	26	89	0.055084067353688225
04	true	26	3	0.055084067353688225
04	true	26	91	0.0207109856028831
04	true	26	85	0.0207109856028831
04	true	26	43	0.00934871147568313
04	true	26	9	0.00934871147568313
04	true	26	65	0.0207109856028831
04	true	26	14	0.0207109856028831
04	true	27	0	0.04597871247726076
04	true	27	3	0.04447909763599075
04	true	27	14	0.04447909763599075
04	true	27	35	0.04447909763599075
04	true	27	34	0.04447909763599075
04	true	27	71	0.04447909763599075
04	true	27	5	0.04447909763599075
04	true	27	51	0.04447909763599075
04	true	27	61	0.04447909763599075
04	true	27	37	0.04447909763599075
04	true	27	26	0.04330399089767117
04	true	27	54	0.04447909763599075
04	true	27	2	0.04447909763599075
04	true	27	27	0.04330399089767117
04	true	27	44	0.02677521823334269
04	true	27	69	0.02164792302118859
04	true	27	42	0.01980887898362898
04	true	27	95	0.02164792302118859
04	true	27	73	0.02164792302118859
04	true	27	68	0.02164792302118859
04	true	28	0	0.11290512581574147
04	true	28	61	0.09653233897037396
04	true	28	34	0.11290512581574147
04	true	28	2	0.11290512581574147
04	true	28	30	0.07288662023848641
04	true	28	73	0.07288662023848641
04	true	28	25	0.07288662023848641
04	true	28	85	0.07288662023848641
04	true	28	93	0.02796507839886638
04	true	28	42	0.03184837915115206
04	true	28	72	0.03184837915115206
04	true	28	32	0.02796507839886638
04	true	28	68	0.01933761412455577
04	true	28	100	0.01933761412455577
04	true	28	78	0.01570316659683266
04	true	28	50	0.01570316659683266
04	true	28	62	0.01570316659683266
04	true	28	60	0.01570316659683266
04	true	28	74	0.01570316659683266
04	true	28	49	0.01570316659683266
04	true	29	34	0.02535466660900817
04	true	29	100	0.02535466660900817
04	true	29	54	0.018935448736257302
04	true	29	71	0.01747792455134777
04	true	29	44	0.01747792455134777
04	true	29	82	0.01747792455134777
04	true	29	14	0.018935448736257302
04	true	29	3	0.018935448736257302
04	true	29	30	0.018935448736257302
04	true	29	74	0.018935448736257302
04	true	29	78	0.01747792455134777
04	true	29	15	0.01747792455134777
04	true	29	50	0.01747792455134777
04	true	29	70	0.01747792455134777
04	true	29	75	0.01747792455134777
04	true	29	84	0.01747792455134777
04	true	29	68	0.015068453290841487
04	true	29	88	0.007255353774994153
04	true	29	60	0.007255353774994153
04	true	29	80	0.00526414714138209
04	true	30	14	0.10522267676271034
04	true	30	82	0.10522267676271034
04	true	30	42	0.10522267676271034
04	true	30	2	0.10522267676271034
04	true	30	64	0.06710913030640984
04	true	30	71	0.027457286125745693
04	true	30	88	0.027457286125745693
04	true	30	97	0.027457286125745693
04	true	30	0	0.027457286125745693
04	true	30	92	0.027457286125745693
04	true	30	70	0.027457286125745693
04	true	30	15	0.027457286125745693
04	true	30	83	0.027457286125745693
04	true	30	84	0.027457286125745693
04	true	30	68	0.027457286125745693
04	true	30	30	0.027457286125745693
04	true	30	76	0.009549167600014176
04	true	30	100	0.027457286125745693
04	true	30	78	0.027457286125745693
04	true	30	81	0.027457286125745693
04	true	30	95	0.016685978079429373
04	true	30	50	0.016685978079429373
04	true	31	2	0.21688591952831918
04	true	31	15	0.21688591952831918
04	true	31	0	0.14701686733679936
04	true	31	57	0.06483785600503196
04	true	31	37	0.06483785600503196
04	true	31	100	0.06483785600503196
04	true	31	74	0.06483785600503196
04	true	31	30	0.06483785600503196
04	true	31	13	0.06483785600503196
04	true	31	94	0.022006680354489095
04	true	31	97	0.022006680354489095
04	true	31	81	0.016189432295628078
04	true	31	3	0.016189432295628078
04	true	31	34	0.016189432295628078
04	true	31	45	0.022006680354489095
04	true	31	72	0.022006680354489095
04	true	31	95	0.022006680354489095
04	true	31	92	0.022006680354489095
04	true	31	91	0.016189432295628078
04	true	31	75	0.016189432295628078
04	true	31	83	0.00189053898250448
04	true	32	61	0.16377340067115595
04	true	32	50	0.16377340067115595
04	true	32	37	0.09800123927653848
04	true	32	34	0.09800123927653848
04	true	32	17	0.09800123927653848
04	true	32	3	0.09800123927653848
04	true	32	98	0.05744104830696296
04	true	32	2	0.05744104830696296
04	true	32	5	0.05744104830696296
04	true	32	60	0.05744104830696296
04	true	32	75	0.05744104830696296
04	true	32	84	0.05744104830696296
04	true	32	70	0.05744104830696296
04	true	32	73	0.03777711977576812
04	true	32	82	0.018039835521071412
04	true	32	1	0.03777711977576812
04	true	32	100	0.03777711977576812
04	true	32	0	0.03777711977576812
04	true	32	47	0.025341687033932393
04	true	32	88	0.025341687033932393
04	true	32	44	0.02356259719207996
04	true	33	90	0.10591853218098007
04	true	33	75	0.10591853218098007
04	true	33	74	0.10591853218098007
04	true	33	71	0.06355104064058177
04	true	33	6	0.06355104064058177
04	true	33	78	0.06355104064058177
04	true	33	34	0.03967981878439572
04	true	33	73	0.06355104064058177
04	true	33	50	0.06355104064058177
04	true	33	88	0.024897267935084323
04	true	33	100	0.019163808948341857
04	true	33	81	0.027835094836522183
04	true	33	30	0.027835094836522183
04	true	33	83	0.027835094836522183
04	true	33	21	0.027835094836522183
04	true	33	62	0.019163808948341857
04	true	33	42	0.019163808948341857
04	true	33	55	0.017209623757737044
04	true	33	51	0.006647255648368005
04	true	33	49	0.006647255648368005
04	true	33	7	0.017209623757737044
04	true	33	99	0.017209623757737044
04	true	34	43	0.042828296861795366
04	true	34	61	0.042828296861795366
04	true	34	73	0.042828296861795366
04	true	34	15	0.042828296861795366
04	true	34	14	0.042828296861795366
04	true	34	72	0.042828296861795366
04	true	34	30	0.042828296861795366
04	true	34	26	0.042828296861795366
04	true	34	35	0.042828296861795366
04	true	34	64	0.04165390160610297
04	true	34	3	0.04165390160610297
04	true	34	95	0.04165390160610297
04	true	34	23	0.031011661968038045
04	true	34	91	0.023861485809716233
04	true	34	68	0.023861485809716233
04	true	34	21	0.005137010375660124
04	true	34	24	0.024824065739749882
04	true	34	84	0.024824065739749882
04	true	34	37	0.024824065739749882
04	true	34	25	0.024824065739749882
04	true	34	98	0.024824065739749882
04	true	35	37	0.1743479452792207
04	true	35	0	0.1743479452792207
04	true	35	5	0.1743479452792207
04	true	35	34	0.0611234516063774
04	true	35	15	0.0611234516063774
04	true	35	56	0.028721325946553584
04	true	35	95	0.028721325946553584
04	true	35	61	0.028721325946553584
04	true	35	91	0.01586828312177016
04	true	35	73	0.01586828312177016
04	true	35	57	0.01586828312177016
04	true	35	55	0.01586828312177016
04	true	35	85	0.01586828312177016
04	true	35	71	0.01586828312177016
04	true	35	72	0.01586828312177016
04	true	35	16	0.00444338177188496
04	true	35	76	0.004561497856741664
04	true	35	69	0.004561497856741664
04	true	35	54	0.002866700979444749
04	true	35	83	0.004561497856741664
04	true	35	74	0.004561497856741664
04	true	35	24	0.004561497856741664
04	true	36	11	0.5408479841313028
04	true	36	0	0.22471512523718157
04	true	36	30	0.04229487030249992
04	true	36	25	0.04229487030249992
04	true	36	58	0.04229487030249992
04	true	36	86	0.04229487030249992
04	true	36	56	0.04229487030249992
04	true	36	24	0.04229487030249992
04	true	36	2	0.03916857694637771
04	true	36	9	0.03916857694637771
04	true	36	95	0.03916857694637771
04	true	36	68	0.03916857694637771
04	true	36	91	0.03916857694637771
04	true	36	5	0.03916857694637771
04	true	36	85	0.030142274165518484
04	true	36	90	0.013831590777774263
04	true	36	100	0.013831590777774263
04	true	36	19	0.03916857694637771
04	true	36	92	0.03916857694637771
04	true	36	97	0.03916857694637771
04	true	36	15	0.03916857694637771
04	true	36	73	0.03916857694637771
04	true	37	94	0.3308707047123281
04	true	37	74	0.17369209895713303
04	true	37	35	0.16786950845939955
04	true	37	4	0.03553713723867736
04	true	37	26	0.03553713723867736
04	true	37	22	0.03553713723867736
04	true	37	73	0.03553713723867736
04	true	37	0	0.03553713723867736
04	true	37	11	0.03553713723867736
04	true	37	56	0.03553713723867736
04	true	37	44	0.03553713723867736
04	true	37	10	0.03553713723867736
04	true	37	7	0.03553713723867736
04	true	37	81	0.03553713723867736
04	true	37	34	0.03553713723867736
04	true	37	93	0.03553713723867736
04	true	37	53	0.03553713723867736
04	true	37	75	0.025701440792717894
04	true	37	29	0.03553713723867736
04	true	37	36	0.03553713723867736
04	true	38	0	0.1258493726456681
04	true	38	42	0.06265515003116141
04	true	38	34	0.06265515003116141
04	true	38	2	0.06265515003116141
04	true	38	93	0.03900549365374726
04	true	38	50	0.006783265029815802
04	true	38	73	0.03413440647207813
04	true	38	30	0.03413440647207813
04	true	38	37	0.03413440647207813
04	true	38	55	0.006783265029815802
04	true	38	49	0.006783265029815802
04	true	38	7	0.006783265029815802
04	true	38	54	0.006783265029815802
04	true	38	95	0.006783265029815802
04	true	38	45	0.03413440647207813
04	true	38	94	0.03413440647207813
04	true	38	74	0.03413440647207813
04	true	38	25	0.03413440647207813
04	true	38	13	0.02270980831939717
04	true	38	81	0.019943840508550175
04	true	38	83	0.019943840508550175
04	true	38	78	0.011491156636652506
04	true	38	84	0.004846497943419006
04	true	38	69	0.004846497943419006
04	true	38	75	0.004846497943419006
04	true	39	0	0.11397006744456645
04	true	39	15	0.11397006744456645
04	true	39	2	0.08673807597475747
04	true	39	61	0.08673807597475747
04	true	39	71	0.08673807597475747
04	true	39	34	0.046362462602634706
04	true	39	77	0.02847202305652882
04	true	39	100	0.046362462602634706
04	true	39	69	0.046362462602634706
04	true	39	74	0.046362462602634706
04	true	39	88	0.046362462602634706
04	true	39	4	0.02847202305652882
04	true	39	44	0.013892424875941502
04	true	39	51	0.046362462602634706
04	true	39	81	0.046362462602634706
04	true	39	94	0.046362462602634706
04	true	39	83	0.046362462602634706
04	true	39	78	0.046362462602634706
04	true	39	50	0.046362462602634706
04	true	39	14	0.013892424875941502
04	true	40	5	0.057860572690416265
04	true	40	61	0.04622474572435178
04	true	40	90	0.04622474572435178
04	true	40	43	0.03224727514648343
04	true	40	3	0.04622474572435178
04	true	40	14	0.04622474572435178
04	true	40	2	0.04622474572435178
04	true	40	62	0.03224727514648343
04	true	40	44	0.03118428156784695
04	true	40	42	0.03118428156784695
04	true	40	68	0.03224727514648343
04	true	40	83	0.03224727514648343
04	true	40	95	0.03224727514648343
04	true	40	91	0.03224727514648343
04	true	40	48	0.003602904772346478
04	true	40	30	0.021077285512442416
04	true	40	27	0.021077285512442416
04	true	40	87	0.021077285512442416
04	true	40	19	0.021077285512442416
04	true	40	20	0.006306695420509571
04	true	41	94	0.20053222381034722
04	true	41	0	0.06656428865069165
04	true	41	37	0.06656428865069165
04	true	41	27	0.06656428865069165
04	true	41	3	0.06656428865069165
04	true	41	14	0.06656428865069165
04	true	41	5	0.06656428865069165
04	true	41	54	0.05997704543958077
04	true	41	71	0.019618846027091578
04	true	41	30	0.019618846027091578
04	true	41	56	0.05997704543958077
04	true	41	87	0.05997704543958077
04	true	41	72	0.05997704543958077
04	true	41	73	0.05997704543958077
04	true	41	84	0.05997704543958077
04	true	41	97	0.01650216187096976
04	true	41	75	0.01650216187096976
04	true	41	7	0.019618846027091578
04	true	41	88	0.019618846027091578
04	true	41	1	0.019618846027091578
04	true	41	26	0.019618846027091578
04	true	41	95	0.019618846027091578
04	true	42	0	0.05783714470676865
04	true	42	14	0.05783714470676865
04	true	42	3	0.05783714470676865
04	true	42	90	0.05783714470676865
04	true	42	73	0.05783714470676865
04	true	42	91	0.0407752539951462
04	true	42	54	0.0407752539951462
04	true	42	81	0.02490409752314496
04	true	42	83	0.02490409752314496
04	true	42	68	0.02490409752314496
04	true	42	97	0.024585812702214146
04	true	42	5	0.024585812702214146
04	true	42	94	0.024585812702214146
04	true	42	72	0.024585812702214146
04	true	42	93	0.024585812702214146
04	true	42	43	0.024585812702214146
04	true	42	42	0.024585812702214146
04	true	42	61	0.004329193030895781
04	true	42	69	0.024585812702214146
04	true	42	92	0.024585812702214146
04	true	42	95	0.024585812702214146
04	true	43	37	0.2349075863182336
04	true	43	5	0.2349075863182336
04	true	43	45	0.2349075863182336
04	true	43	93	0.22719447294223397
04	true	43	34	0.09266174182581863
04	true	43	25	0.09266174182581863
04	true	43	60	0.09266174182581863
04	true	43	9	0.09266174182581863
04	true	43	3	0.09266174182581863
04	true	43	0	0.09266174182581863
04	true	43	82	0.09266174182581863
04	true	43	2	0.09266174182581863
04	true	43	42	0.09266174182581863
04	true	43	96	0.052225043241101075
04	true	43	48	0.017175759863927803
04	true	43	50	0.017175759863927803
04	true	43	22	0.01660407611651192
04	true	43	87	0.01660407611651192
04	true	43	77	0.01660407611651192
04	true	43	71	0.01660407611651192
04	true	44	94	0.07575177569982067
04	true	44	2	0.07575177569982067
04	true	44	72	0.030069979541790033
04	true	44	95	0.04938822832937475
04	true	44	49	0.04938822832937475
04	true	44	51	0.030069979541790033
04	true	44	34	0.023957561055838617
04	true	44	9	0.023957561055838617
04	true	44	42	0.020870613174761847
04	true	44	93	0.023957561055838617
04	true	44	62	0.023957561055838617
04	true	44	90	0.023957561055838617
04	true	44	97	0.020870613174761847
04	true	44	85	0.020870613174761847
04	true	44	80	0.012869624744703573
04	true	44	55	0.011647487116618135
04	true	44	21	0.012869624744703573
04	true	44	37	0.012869624744703573
04	true	44	14	0.012869624744703573
04	true	44	67	0.0012566804186191956
04	true	45	0	0.23187727531324306
04	true	45	2	0.23187727531324306
04	true	45	5	0.05679734329681154
04	true	45	50	0.05679734329681154
04	true	45	42	0.04940594031538892
04	true	45	82	0.025496535604690816
04	true	45	34	0.025496535604690816
04	true	45	17	0.025496535604690816
04	true	45	69	0.025496535604690816
04	true	45	81	0.025496535604690816
04	true	45	48	0.025496535604690816
04	true	45	83	0.025496535604690816
04	true	45	37	0.025496535604690816
04	true	45	61	0.025496535604690816
04	true	45	95	0.025496535604690816
04	true	45	74	0.025496535604690816
04	true	45	100	0.025496535604690816
04	true	45	3	0.025496535604690816
04	true	45	88	0.0016658154419352846
04	true	45	68	0.013155362343490818
04	true	45	15	0.013155362343490818
04	true	46	34	0.49918690219991935
04	true	46	13	0.10548376796458094
04	true	46	74	0.04027768063150603
04	true	46	0	0.04027768063150603
04	true	46	45	0.04027768063150603
04	true	46	42	0.04027768063150603
04	true	46	100	0.04027768063150603
04	true	46	5	0.04027768063150603
04	true	46	7	0.04027768063150603
04	true	46	24	0.04027768063150603
04	true	46	71	0.02205249112495767
04	true	46	15	0.03963148492867858
04	true	46	4	0.03963148492867858
04	true	46	2	0.03963148492867858
04	true	46	46	0.034375529939112894
04	true	46	82	0.013764499162467792
04	true	46	44	0.02205249112495767
04	true	46	29	0.02205249112495767
04	true	46	90	0.02205249112495767
04	true	46	11	0.006277185916626687
04	true	47	2	0.09272222521751086
04	true	47	0	0.048290566659034743
04	true	47	94	0.048290566659034743
04	true	47	3	0.048290566659034743
04	true	47	37	0.022299948777469526
04	true	47	5	0.03385582658118229
04	true	47	54	0.03385582658118229
04	true	47	100	0.022299948777469526
04	true	47	30	0.022299948777469526
04	true	47	25	0.022299948777469526
04	true	47	24	0.022299948777469526
04	true	47	87	0.022299948777469526
04	true	47	15	0.022299948777469526
04	true	47	43	0.022299948777469526
04	true	47	17	0.01575530902124399
04	true	47	56	0.00980401775066453
04	true	47	26	0.00976612335805445
04	true	47	71	0.00976612335805445
04	true	47	85	0.00976612335805445
04	true	47	93	0.005852959388108509
04	true	48	5	0.17527878517831805
04	true	48	71	0.11609671873784075
04	true	48	37	0.11609671873784075
04	true	48	30	0.0942142864168267
04	true	48	34	0.036926459415833675
04	true	48	24	0.045138615707646816
04	true	48	61	0.045138615707646816
04	true	48	42	0.036926459415833675
04	true	48	13	0.036926459415833675
04	true	48	100	0.022727219012816997
04	true	48	14	0.022727219012816997
04	true	48	75	0.022727219012816997
04	true	48	11	0.022727219012816997
04	true	48	60	0.02206199814792748
04	true	48	78	0.02206199814792748
04	true	48	74	0.02206199814792748
04	true	48	2	0.02206199814792748
04	true	48	51	0.012548348078787313
04	true	48	72	0.00661734689707586
04	true	48	9	0.0012766211774625454
04	true	49	5	0.10714966167726797
04	true	49	30	0.05196039669831501
04	true	49	82	0.046572841369648385
04	true	49	95	0.020197723229481428
04	true	49	69	0.014753967412011274
04	true	49	61	0.016473638214608403
04	true	49	25	0.016473638214608403
04	true	49	24	0.016473638214608403
04	true	49	9	0.013487150870073808
04	true	49	43	0.013487150870073808
04	true	49	0	0.006345421603237246
04	true	49	68	0.004285047136903944
04	true	49	100	0.003611842525376108
04	true	49	34	0.005709162238404701
04	true	49	75	0.005709162238404701
04	true	49	11	0.005709162238404701
04	true	49	73	0.005709162238404701
04	true	49	84	0.005709162238404701
04	true	49	70	0.0028086098145152483
04	true	49	60	0.0028086098145152483
04	true	49	81	0.003611842525376108
04	true	49	74	0.003611842525376108
04	true	49	14	0.003611842525376108
04	true	50	2	0.08682442691002037
04	true	50	5	0.08682442691002037
04	true	50	71	0.08682442691002037
04	true	50	37	0.024149407288278777
04	true	50	64	0.024149407288278777
04	true	50	94	0.02227989572804105
04	true	50	0	0.02227989572804105
04	true	50	26	0.02060283035497519
04	true	50	54	0.018672853465807986
04	true	50	7	0.02060283035497519
04	true	50	55	0.02060283035497519
04	true	50	4	0.014981137997405561
04	true	50	34	0.018672853465807986
04	true	50	81	0.018672853465807986
04	true	50	86	0.014404067066392464
04	true	50	50	0.014404067066392464
04	true	50	93	0.014404067066392464
04	true	50	14	0.014404067066392464
04	true	50	69	0.014404067066392464
04	true	50	6	0.014981137997405561
04	true	50	31	0.014981137997405561
04	true	50	95	0.014981137997405561
04	true	50	10	0.014981137997405561
04	true	50	99	0.014981137997405561
04	true	50	35	0.014981137997405561
04	true	50	22	0.014981137997405561
04	true	50	42	0.014981137997405561
04	true	50	9	0.014981137997405561
04	true	51	14	0.059631219643156846
04	true	51	15	0.05735453347733197
04	true	51	35	0.0325039388345657
04	true	51	73	0.046973301490106076
04	true	51	57	0.046973301490106076
04	true	51	93	0.04421086527937044
04	true	51	0	0.04421086527937044
04	true	51	34	0.0325039388345657
04	true	51	7	0.008651862523003767
04	true	51	70	0.01620471477959316
04	true	51	84	0.01620471477959316
04	true	51	75	0.01620471477959316
04	true	51	87	0.01620471477959316
04	true	51	56	0.01620471477959316
04	true	51	85	0.01620471477959316
04	true	51	99	0.01620471477959316
04	true	51	90	0.01287982524342028
04	true	51	5	0.01287982524342028
04	true	51	66	0.01287982524342028
04	true	51	77	0.0037106532313039725
04	true	52	2	0.18777989664918515
04	true	52	100	0.06038409348164528
04	true	52	14	0.02746381869950439
04	true	52	5	0.02746381869950439
04	true	52	30	0.025186976412190865
04	true	52	3	0.025186976412190865
04	true	52	73	0.011044513721931732
04	true	52	45	0.025186976412190865
04	true	52	71	0.025186976412190865
04	true	52	37	0.025186976412190865
04	true	52	88	0.011044513721931732
04	true	52	50	0.011044513721931732
04	true	52	93	0.0024168614868308727
04	true	52	82	0.0024168614868308727
04	true	52	89	0.025186976412190865
04	true	52	87	0.025186976412190865
04	true	52	11	0.025186976412190865
04	true	52	25	0.025186976412190865
04	true	52	24	0.025186976412190865
04	true	52	94	0.0242111949537515
04	true	52	54	0.0242111949537515
04	true	52	41	0.0242111949537515
04	true	52	23	0.004847126901535709
04	true	53	5	0.2904351758476233
04	true	53	54	0.22043916377567818
04	true	53	25	0.12664891571911635
04	true	53	0	0.11075691490284383
04	true	53	11	0.032329000685306176
04	true	53	76	0.032329000685306176
04	true	53	45	0.032329000685306176
04	true	53	44	0.032329000685306176
04	true	53	87	0.032329000685306176
04	true	53	68	0.032329000685306176
04	true	53	84	0.032329000685306176
04	true	53	43	0.032329000685306176
04	true	53	21	0.032329000685306176
04	true	53	7	0.032329000685306176
04	true	53	9	0.032329000685306176
04	true	53	82	0.032329000685306176
04	true	53	56	0.006370322429686588
04	true	53	95	0.032329000685306176
04	true	53	6	0.032329000685306176
04	true	53	14	0.032329000685306176
04	true	54	0	0.24088219323946441
04	true	54	94	0.050473909224177854
04	true	54	69	0.027218879846580404
04	true	54	82	0.027218879846580404
04	true	54	50	0.027218879846580404
04	true	54	42	0.026728819985268125
04	true	54	68	0.027218879846580404
04	true	54	5	0.027218879846580404
04	true	54	2	0.015638464334972547
04	true	54	91	0.015638464334972547
04	true	54	71	0.015638464334972547
04	true	54	78	0.015638464334972547
04	true	54	54	0.00761664477390086
04	true	54	34	0.015638464334972547
04	true	54	72	0.015638464334972547
04	true	54	93	0.015638464334972547
04	true	54	73	0.015638464334972547
04	true	54	15	0.009205444643841623
04	true	54	57	0.009205444643841623
04	true	54	84	0.004658190380382789
04	true	55	2	0.17864215405286257
04	true	55	34	0.022550756924967125
04	true	55	100	0.037596832404030264
04	true	55	51	0.037596832404030264
04	true	55	37	0.022550756924967125
04	true	55	49	0.022550756924967125
04	true	55	83	0.022550756924967125
04	true	55	81	0.022550756924967125
04	true	55	50	0.022550756924967125
04	true	55	24	0.022550756924967125
04	true	55	62	0.022550756924967125
04	true	55	73	0.022550756924967125
04	true	55	74	0.02212820686661352
04	true	55	71	0.02212820686661352
04	true	55	82	0.02212820686661352
04	true	55	88	0.012498958799512164
04	true	55	85	0.012498958799512164
04	true	55	0	0.012498958799512164
04	true	55	14	0.012498958799512164
04	true	55	93	0.006064785402967149
04	true	56	5	0.23936162086014243
04	true	56	34	0.1514142529409562
04	true	56	27	0.08957575496527415
04	true	56	71	0.023680243140889554
04	true	56	26	0.023680243140889554
04	true	56	87	0.037618257154357806
04	true	56	6	0.037618257154357806
04	true	56	45	0.037618257154357806
04	true	56	56	0.037618257154357806
04	true	56	85	0.023680243140889554
04	true	56	68	0.023680243140889554
04	true	56	74	0.012134138463179366
04	true	56	98	0.012134138463179366
04	true	56	72	0.012134138463179366
04	true	56	100	0.012134138463179366
04	true	56	95	0.023680243140889554
04	true	56	24	0.023680243140889554
04	true	56	2	0.023680243140889554
04	true	56	42	0.023680243140889554
04	true	56	11	0.014376292427669536
04	true	56	17	0.014376292427669536
04	true	57	2	0.044766203598966735
04	true	57	51	0.06065320103888717
04	true	57	69	0.06065320103888717
04	true	57	77	0.044766203598966735
04	true	57	100	0.023683654515570966
04	true	57	72	0.044766203598966735
04	true	57	93	0.044766203598966735
04	true	57	5	0.023683654515570966
04	true	57	34	0.023683654515570966
04	true	57	14	0.023683654515570966
04	true	57	73	0.01793487813775641
04	true	57	26	0.014983354370381015
04	true	57	74	0.023683654515570966
04	true	57	90	0.023683654515570966
04	true	57	49	0.023683654515570966
04	true	57	88	0.023683654515570966
04	true	57	42	0.014983354370381015
04	true	57	55	0.0012815440631851497
04	true	57	61	0.014983354370381015
04	true	57	24	0.014983354370381015
04	true	57	3	0.014983354370381015
04	true	58	0	0.12381984526938007
04	true	58	15	0.03321487956816206
04	true	58	56	0.09809153178514171
04	true	58	87	0.09809153178514171
04	true	58	90	0.029912199447083225
04	true	58	55	0.02154443532753658
04	true	58	86	0.01994472181385016
04	true	58	77	0.013028492071448771
04	true	58	93	0.019119953937023263
04	true	58	62	0.019119953937023263
04	true	58	34	0.011572502685555161
04	true	58	73	0.013028492071448771
04	true	58	51	0.013028492071448771
04	true	58	49	0.013028492071448771
04	true	58	66	0.011007105857131697
04	true	58	98	0.011007105857131697
04	true	58	76	0.011007105857131697
04	true	58	11	0.0059032894321514
04	true	58	36	0.011007105857131697
04	true	58	21	0.011007105857131697
04	true	59	54	0.18799084977564168
04	true	59	0	0.18799084977564168
04	true	59	30	0.11195092445640743
04	true	59	42	0.11195092445640743
04	true	59	2	0.11195092445640743
04	true	59	71	0.0393045257455664
04	true	59	81	0.0393045257455664
04	true	59	83	0.0393045257455664
04	true	59	60	0.0393045257455664
04	true	59	25	0.0393045257455664
04	true	59	69	0.0393045257455664
04	true	59	82	0.03374076051831974
04	true	59	93	0.03374076051831974
04	true	59	15	0.03374076051831974
04	true	59	37	0.02121369344341492
04	true	59	9	0.019620482218683295
04	true	59	88	0.019620482218683295
04	true	59	14	0.01010334520197413
04	true	59	27	0.006356185526054004
04	true	59	70	0.004521044844908049
04	true	60	5	0.1264531744123324
04	true	60	48	0.1264531744123324
04	true	60	93	0.1264531744123324
04	true	60	61	0.10491228184002697
04	true	60	50	0.031707499307593916
04	true	60	71	0.031707499307593916
04	true	60	98	0.031707499307593916
04	true	60	14	0.031707499307593916
04	true	60	62	0.031707499307593916
04	true	60	69	0.031707499307593916
04	true	60	76	0.02839095821476263
04	true	60	65	0.010855685818192325
04	true	60	94	0.010855685818192325
04	true	60	17	0.02839095821476263
04	true	60	15	0.02839095821476263
04	true	60	83	0.02839095821476263
04	true	60	88	0.02839095821476263
04	true	60	81	0.024350156179933805
04	true	60	100	0.024350156179933805
04	true	60	72	0.024350156179933805
04	true	61	15	0.1036780397607941
04	true	61	5	0.0386475698529785
04	true	61	100	0.0386475698529785
04	true	61	95	0.0386475698529785
04	true	61	61	0.0386475698529785
04	true	61	68	0.0386475698529785
04	true	61	82	0.0386475698529785
04	true	61	91	0.0386475698529785
04	true	61	42	0.0386475698529785
04	true	61	54	0.02335316862960252
04	true	61	73	0.02908671165642205
04	true	61	69	0.02908671165642205
04	true	61	1	0.02908671165642205
04	true	61	55	0.02335316862960252
04	true	61	50	0.02335316862960252
04	true	61	59	0.02335316862960252
04	true	61	74	0.02335316862960252
04	true	61	49	0.02335316862960252
04	true	61	17	0.007785294767353918
04	true	61	71	0.007785294767353918
04	true	61	2	0.007785294767353918
04	true	62	42	0.049879548398350376
04	true	62	37	0.022089448382045438
04	true	62	50	0.022089448382045438
04	true	62	5	0.022089448382045438
04	true	62	0	0.022089448382045438
04	true	62	34	0.022089448382045438
04	true	62	30	0.022089448382045438
04	true	62	24	0.022089448382045438
04	true	62	35	0.022089448382045438
04	true	62	25	0.022089448382045438
04	true	62	54	0.022089448382045438
04	true	62	7	0.01784639586578988
04	true	62	60	0.01784639586578988
04	true	62	26	0.016559040482721034
04	true	62	94	0.016559040482721034
04	true	62	22	0.016559040482721034
04	true	62	16	0.016559040482721034
04	true	62	69	0.00017144244418502676
04	true	62	72	0.00017144244418502676
04	true	62	14	0.00017144244418502676
04	true	62	88	0.00017144244418502676
04	true	62	2	0.00017144244418502676
04	true	62	44	0.016559040482721034
04	true	62	98	0.016559040482721034
04	true	62	80	0.016559040482721034
04	true	63	34	0.11444218057841918
04	true	63	0	0.06946335164717285
04	true	63	82	0.06946335164717285
04	true	63	5	0.06946335164717285
04	true	63	30	0.03274715663204804
04	true	63	2	0.03064101842481169
04	true	63	71	0.027576215733502465
04	true	63	94	0.027576215733502465
04	true	63	3	0.027576215733502465
04	true	63	25	0.027576215733502465
04	true	63	15	0.027576215733502465
04	true	63	81	0.017702485253597418
04	true	63	14	0.027576215733502465
04	true	63	72	0.027576215733502465
04	true	63	11	0.016467682682465252
04	true	63	44	0.015662124490961903
04	true	63	35	0.015662124490961903
04	true	63	73	0.0020672492868893354
04	true	63	51	0.015662124490961903
04	true	63	88	0.015662124490961903
04	true	63	83	0.015662124490961903
04	true	64	2	0.19746087854292926
04	true	64	3	0.19746087854292926
04	true	64	0	0.06402661501099273
04	true	64	7	0.021568382605465772
04	true	64	72	0.021568382605465772
04	true	64	73	0.021568382605465772
04	true	64	93	0.021568382605465772
04	true	64	37	0.021568382605465772
04	true	64	60	0.021568382605465772
04	true	64	96	0.021568382605465772
04	true	64	90	0.021568382605465772
04	true	64	97	0.021568382605465772
04	true	64	4	0.021568382605465772
04	true	64	92	0.021568382605465772
04	true	64	35	0.021568382605465772
04	true	64	42	0.021568382605465772
04	true	64	64	0.021568382605465772
04	true	64	100	0.021568382605465772
04	true	64	78	0.021568382605465772
04	true	64	88	0.021568382605465772
04	true	65	0	0.32952962263402946
04	true	65	5	0.32952962263402946
04	true	65	62	0.16757593220054523
04	true	65	73	0.16757593220054523
04	true	65	37	0.08503413640865165
04	true	65	30	0.08503413640865165
04	true	65	25	0.08503413640865165
04	true	65	43	0.08503413640865165
04	true	65	83	0.08503413640865165
04	true	65	2	0.08503413640865165
04	true	65	86	0.08503413640865165
04	true	65	49	0.08503413640865165
04	true	65	100	0.055861404433852346
04	true	65	51	0.055861404433852346
04	true	65	84	0.08503413640865165
04	true	65	70	0.08503413640865165
04	true	65	75	0.08503413640865165
04	true	65	68	0.08503413640865165
04	true	65	78	0.055861404433852346
04	true	65	74	0.055861404433852346
04	true	66	0	0.2764564336023353
04	true	66	82	0.09711389101513672
04	true	66	3	0.05756515922753366
04	true	66	69	0.05756515922753366
04	true	66	42	0.05756515922753366
04	true	66	14	0.03541430398670025
04	true	66	54	0.025916016655871777
04	true	66	90	0.02280544076907494
04	true	66	61	0.025916016655871777
04	true	66	71	0.025916016655871777
04	true	66	26	0.02280544076907494
04	true	66	100	0.02280544076907494
04	true	66	93	0.02280544076907494
04	true	66	72	0.02280544076907494
04	true	66	30	0.02280544076907494
04	true	66	34	0.02280544076907494
04	true	66	76	0.010288031300058625
04	true	66	91	0.015334703669391502
04	true	66	2	0.015334703669391502
04	true	66	55	0.010288031300058625
04	true	67	94	0.1913390990281517
04	true	67	2	0.1913390990281517
04	true	67	5	0.04608162171192902
04	true	67	42	0.04608162171192902
04	true	67	24	0.04608162171192902
04	true	67	75	0.04608162171192902
04	true	67	54	0.04608162171192902
04	true	67	95	0.04608162171192902
04	true	67	69	0.04608162171192902
04	true	67	70	0.04608162171192902
04	true	67	0	0.04608162171192902
04	true	67	84	0.04608162171192902
04	true	67	43	0.04608162171192902
04	true	67	61	0.023649620250675258
04	true	67	78	0.04608162171192902
04	true	67	51	0.012255276288543233
04	true	67	68	0.04608162171192902
04	true	67	91	0.04608162171192902
04	true	67	3	0.04608162171192902
04	true	67	97	0.04608162171192902
04	true	67	92	0.04608162171192902
04	true	68	100	0.0471985239335569
04	true	68	0	0.0471985239335569
04	true	68	82	0.0471985239335569
04	true	68	5	0.0471985239335569
04	true	68	74	0.0471985239335569
04	true	68	2	0.0471985239335569
04	true	68	95	0.01975280860486918
04	true	68	43	0.01975280860486918
04	true	68	91	0.01688133204693029
04	true	68	30	0.01688133204693029
04	true	68	50	0.01688133204693029
04	true	68	88	0.011764454840906453
04	true	68	14	0.006096349517206296
04	true	68	34	0.014155171925581604
04	true	68	55	0.014155171925581604
04	true	68	98	0.014155171925581604
04	true	68	26	0.006096349517206296
04	true	68	84	0.005192123809979082
04	true	68	25	0.006096349517206296
04	true	68	3	0.001255890397555327
04	true	69	94	0.07358458020958622
04	true	69	5	0.03524772708448873
04	true	69	75	0.02079254961511194
04	true	69	21	0.009892790409760646
04	true	69	82	0.03127459442002444
04	true	69	54	0.03127459442002444
04	true	69	55	0.03127459442002444
04	true	69	93	0.03127459442002444
04	true	69	73	0.03127459442002444
04	true	69	45	0.023746813392260785
04	true	69	30	0.001993038581945974
04	true	69	84	0.008601416906034418
04	true	69	87	0.008601416906034418
04	true	69	70	0.008601416906034418
04	true	69	56	0.008601416906034418
04	true	69	6	0.008601416906034418
04	true	69	76	0.008601416906034418
04	true	69	0	0.008601416906034418
04	true	69	29	0.008601416906034418
04	true	69	60	0.001993038581945974
04	true	70	14	0.18225180545744082
04	true	70	73	0.08040140249566494
04	true	70	2	0.06272783060121244
04	true	70	82	0.06272783060121244
04	true	70	61	0.06088242590890453
04	true	70	85	0.06088242590890453
04	true	70	44	0.06088242590890453
04	true	70	5	0.045876286656063574
04	true	70	34	0.045876286656063574
04	true	70	30	0.045876286656063574
04	true	70	3	0.016869945836816665
04	true	70	15	0.045876286656063574
04	true	70	97	0.045876286656063574
04	true	70	92	0.020789426880071245
04	true	70	60	0.020789426880071245
04	true	70	96	0.0036682966348003504
04	true	70	83	0.016869945836816665
04	true	70	81	0.016869945836816665
04	true	70	50	0.016869945836816665
04	true	70	100	0.0028072373899678156
04	true	70	27	0.0036682966348003504
04	true	71	61	0.15515782230113562
04	true	71	92	0.09213297768556167
04	true	71	97	0.09213297768556167
04	true	71	64	0.09213297768556167
04	true	71	100	0.0524909842895941
04	true	71	95	0.0524909842895941
04	true	71	56	0.027070269143850245
04	true	71	51	0.027070269143850245
04	true	71	15	0.024454162151469335
04	true	71	16	0.027070269143850245
04	true	71	20	0.027070269143850245
04	true	71	19	0.027070269143850245
04	true	71	27	0.027070269143850245
04	true	71	8	0.024454162151469335
04	true	71	93	0.024454162151469335
04	true	71	36	0.027070269143850245
04	true	71	11	0.027070269143850245
04	true	71	45	0.027070269143850245
04	true	71	29	0.027070269143850245
04	true	71	47	0.027070269143850245
04	true	71	12	0.009517002176346413
04	true	71	2	0.009517002176346413
04	true	72	0	0.3459675497712023
04	true	72	2	0.24033200804414606
04	true	72	64	0.0400050108531693
04	true	72	76	0.030992191182097346
04	true	72	73	0.030992191182097346
04	true	72	74	0.030992191182097346
04	true	72	55	0.030992191182097346
04	true	72	30	0.030992191182097346
04	true	72	90	0.030992191182097346
04	true	72	81	0.026863501697888925
04	true	72	15	0.026863501697888925
04	true	72	96	0.026863501697888925
04	true	72	97	0.026863501697888925
04	true	72	80	0.017773483271970092
04	true	72	92	0.017773483271970092
04	true	72	41	0.019736540999284603
04	true	72	65	0.019736540999284603
04	true	72	7	0.019736540999284603
04	true	72	78	0.017773483271970092
04	true	72	71	0.017773483271970092
04	true	73	26	0.5404026702424793
04	true	73	5	0.5404026702424793
04	true	73	37	0.13682523251108725
04	true	73	93	0.13682523251108725
04	true	73	72	0.13682523251108725
04	true	73	16	0.5404026702424793
04	true	73	71	0.03899302020380266
04	true	73	69	0.03899302020380266
04	true	73	23	0.5404026702424793
04	true	73	13	0.5404026702424793
04	true	73	24	0.5404026702424793
04	true	73	47	0.5404026702424793
04	true	73	19	0.5404026702424793
04	true	73	20	0.5404026702424793
04	true	73	0	0.06489662867422155
04	true	73	44	0.03899302020380266
04	true	73	8	0.03899302020380266
04	true	73	60	0.03899302020380266
04	true	73	91	0.029951851163878062
04	true	73	64	0.03899302020380266
04	true	73	73	0.03899302020380266
04	true	74	11	0.06681521896429746
04	true	74	93	0.06681521896429746
04	true	74	30	0.06681521896429746
04	true	74	34	0.06681521896429746
04	true	74	90	0.06681521896429746
04	true	74	73	0.06681521896429746
04	true	74	82	0.06681521896429746
04	true	74	2	0.06681521896429746
04	true	74	21	0.04182922842052671
04	true	74	32	0.04182922842052671
04	true	74	94	0.030561627828439793
04	true	74	96	0.030561627828439793
04	true	74	68	0.030561627828439793
04	true	74	50	0.021167361666111148
04	true	74	74	0.021167361666111148
04	true	74	35	0.021167361666111148
04	true	74	70	0.030561627828439793
04	true	74	25	0.030561627828439793
04	true	74	15	0.030561627828439793
04	true	74	56	0.008020503813126972
04	true	74	91	0.004026334347494802
04	true	74	81	0.021167361666111148
04	true	74	69	0.021167361666111148
04	true	74	100	0.021167361666111148
04	true	75	44	0.09348075526283842
04	true	75	82	0.09348075526283842
04	true	75	14	0.047091705501212444
04	true	75	51	0.047091705501212444
04	true	75	74	0.047091705501212444
04	true	75	3	0.047091705501212444
04	true	75	99	0.047091705501212444
04	true	75	0	0.047091705501212444
04	true	75	2	0.047091705501212444
04	true	75	90	0.047091705501212444
04	true	75	55	0.047091705501212444
04	true	75	37	0.01956128558809276
04	true	75	88	0.018730331647694064
04	true	75	15	0.01956128558809276
04	true	75	34	0.01956128558809276
04	true	75	78	0.018730331647694064
04	true	75	100	0.018730331647694064
04	true	75	61	0.018730331647694064
04	true	75	93	0.018730331647694064
04	true	75	50	0.018730331647694064
04	true	75	71	0.018730331647694064
04	true	76	82	0.14306733181314085
04	true	76	3	0.013854668477370154
04	true	76	64	0.013854668477370154
04	true	76	92	0.013854668477370154
04	true	76	24	0.013854668477370154
04	true	76	100	0.013854668477370154
04	true	76	50	0.013854668477370154
04	true	76	97	0.013854668477370154
04	true	76	32	0.013854668477370154
04	true	76	27	0.013854668477370154
04	true	76	61	0.013854668477370154
04	true	76	78	0.013854668477370154
04	true	76	69	0.013854668477370154
04	true	76	2	0.013854668477370154
04	true	76	88	0.013854668477370154
04	true	76	74	0.013077747619120934
04	true	76	71	0.0044974924421228605
04	true	76	54	0.0044974924421228605
04	true	76	90	0.0044974924421228605
04	true	76	72	0.013854668477370154
04	true	76	21	0.013854668477370154
04	true	76	73	0.013854668477370154
04	true	76	53	0.013854668477370154
04	true	76	5	0.013854668477370154
04	true	77	0	0.10983717894777731
04	true	77	3	0.05586275978174822
04	true	77	71	0.05586275978174822
04	true	77	42	0.04206716393776122
04	true	77	75	0.04206716393776122
04	true	77	37	0.04206716393776122
04	true	77	94	0.03937122310501525
04	true	77	89	0.03937122310501525
04	true	77	78	0.03937122310501525
04	true	77	83	0.03937122310501525
04	true	77	14	0.03937122310501525
04	true	77	72	0.03937122310501525
04	true	77	2	0.037264299441980564
04	true	77	27	0.037264299441980564
04	true	77	77	0.028326617378544333
04	true	77	5	0.028326617378544333
04	true	77	62	0.028326617378544333
04	true	77	73	0.028326617378544333
04	true	77	26	0.003963110264869543
04	true	77	9	0.028326617378544333
04	true	77	70	0.028326617378544333
04	true	78	0	0.11578370251479518
04	true	78	2	0.06645769390237051
04	true	78	94	0.04089707822416323
04	true	78	37	0.04236471140272241
04	true	78	5	0.04236471140272241
04	true	78	82	0.04089707822416323
04	true	78	71	0.017565405473854923
04	true	78	68	0.017565405473854923
04	true	78	72	0.017565405473854923
04	true	78	34	0.011796662008943212
04	true	78	73	0.011597792795639989
04	true	78	50	0.011796662008943212
04	true	78	100	0.011796662008943212
04	true	78	3	0.011796662008943212
04	true	78	42	0.011796662008943212
04	true	78	95	0.011597792795639989
04	true	78	74	0.009152305242320616
04	true	78	69	0.009152305242320616
04	true	78	30	0.009152305242320616
04	true	78	54	0.011597792795639989
04	true	78	7	0.011597792795639989
04	true	78	90	0.003965541147239861
04	true	78	93	0.001674509137845579
04	true	79	0	0.09201715750854166
04	true	79	2	0.09081249425036915
04	true	79	54	0.02367339989965406
04	true	79	73	0.016765601614782844
04	true	79	26	0.016765601614782844
04	true	79	3	0.016765601614782844
04	true	79	14	0.016765601614782844
04	true	79	82	0.016765601614782844
04	true	79	100	0.016765601614782844
04	true	79	81	0.016423574931163462
04	true	79	5	0.0037315357268050413
04	true	79	61	0.016765601614782844
04	true	79	87	0.016765601614782844
04	true	79	77	0.016765601614782844
04	true	79	55	0.016765601614782844
04	true	79	30	0.016765601614782844
04	true	79	42	0.016765601614782844
04	true	79	45	0.016765601614782844
04	true	79	94	0.00519574973211046
04	true	79	7	0.00519574973211046
04	true	80	2	0.15585932980996822
04	true	80	37	0.03303272521498094
04	true	80	73	0.03303272521498094
04	true	80	34	0.030176867085764343
04	true	80	14	0.030176867085764343
04	true	80	93	0.030176867085764343
04	true	80	44	0.030176867085764343
04	true	80	26	0.013481068138299985
04	true	80	0	0.007277597390924166
04	true	80	88	0.013470878682684604
04	true	80	49	0.013470878682684604
04	true	80	81	0.012384117228277522
04	true	80	83	0.012384117228277522
04	true	80	68	0.008945962957597432
04	true	80	95	0.008945962957597432
04	true	80	74	0.0051355550002334955
04	true	80	69	0.007277597390924166
04	true	80	77	0.007277597390924166
04	true	80	61	0.007277597390924166
04	true	80	100	0.004135845078663231
04	true	80	82	0.004135845078663231
04	true	80	27	0.004135845078663231
04	true	81	73	0.14310539717780463
04	true	81	55	0.14310539717780463
04	true	81	93	0.14310539717780463
04	true	81	5	0.12716520520930868
04	true	81	34	0.14310539717780463
04	true	81	60	0.08573744224723712
04	true	81	42	0.02383333785132727
04	true	81	97	0.14310539717780463
04	true	81	40	0.14310539717780463
04	true	81	92	0.14310539717780463
04	true	81	86	0.14310539717780463
04	true	81	64	0.14310539717780463
04	true	81	99	0.14310539717780463
04	true	81	62	0.14310539717780463
04	true	81	69	0.14310539717780463
04	true	81	90	0.14310539717780463
04	true	81	48	0.14310539717780463
04	true	81	71	0.14310539717780463
04	true	81	24	0.014970999118354486
04	true	81	0	0.014970999118354486
04	true	81	15	0.014970999118354486
04	true	82	0	0.1752526519684101
04	true	82	2	0.1752526519684101
04	true	82	24	0.040458324462200386
04	true	82	42	0.040458324462200386
04	true	82	69	0.028561118131853417
04	true	82	34	0.028561118131853417
04	true	82	82	0.028561118131853417
04	true	82	72	0.028561118131853417
04	true	82	30	0.028561118131853417
04	true	82	55	0.028561118131853417
04	true	82	90	0.028561118131853417
04	true	82	35	0.0215113300872098
04	true	82	99	0.0215113300872098
04	true	82	53	0.0215113300872098
04	true	82	86	0.005123826012263799
04	true	82	48	0.005123826012263799
04	true	82	5	0.003742071105048245
04	true	82	94	0.017965429078884206
04	true	82	6	0.017965429078884206
04	true	82	54	0.017965429078884206
04	true	82	100	0.017965429078884206
04	true	82	61	0.017965429078884206
04	true	82	71	0.017965429078884206
04	true	83	45	0.08545207865228717
04	true	83	42	0.08545207865228717
04	true	83	87	0.08334834872829468
04	true	83	56	0.08334834872829468
04	true	83	97	0.08334834872829468
04	true	83	68	0.08334834872829468
04	true	83	74	0.08334834872829468
04	true	83	27	0.08334834872829468
04	true	83	92	0.08334834872829468
04	true	83	51	0.043272626008713046
04	true	83	37	0.04139472806893592
04	true	83	5	0.039124599826885646
04	true	83	71	0.024182617745018276
04	true	83	89	0.02360033671398616
04	true	83	0	0.023645639543318907
04	true	83	75	0.006040153160587025
04	true	83	44	0.023645639543318907
04	true	83	34	0.023645639543318907
04	true	83	88	0.023645639543318907
04	true	83	9	0.023645639543318907
04	true	83	69	0.023645639543318907
04	true	83	7	0.023645639543318907
04	true	84	0	0.11852390961420961
04	true	84	73	0.06179896634124249
04	true	84	2	0.04404222442217872
04	true	84	68	0.04404222442217872
04	true	84	61	0.04404222442217872
04	true	84	71	0.04075614323634111
04	true	84	37	0.04075614323634111
04	true	84	93	0.04404222442217872
04	true	84	54	0.04404222442217872
04	true	84	30	0.04404222442217872
04	true	84	8	0.04404222442217872
04	true	84	25	0.04075614323634111
04	true	84	78	0.03400196960029752
04	true	84	42	0.04075614323634111
04	true	84	94	0.04075614323634111
04	true	84	5	0.04075614323634111
04	true	84	14	0.04075614323634111
04	true	84	24	0.04075614323634111
04	true	84	9	0.008089645434135175
04	true	84	96	0.03400196960029752
04	true	84	82	0.03400196960029752
04	true	85	0	0.1299434300648111
04	true	85	71	0.055842244697840215
04	true	85	2	0.055842244697840215
04	true	85	34	0.055842244697840215
04	true	85	37	0.055842244697840215
04	true	85	94	0.055842244697840215
04	true	85	90	0.02737309104383641
04	true	85	82	0.02737309104383641
04	true	85	3	0.02737309104383641
04	true	85	24	0.02737309104383641
04	true	85	54	0.02737309104383641
04	true	85	69	0.02737309104383641
04	true	85	68	0.018262445521497698
04	true	85	42	0.02737309104383641
04	true	85	30	0.02737309104383641
04	true	85	93	0.02737309104383641
04	true	85	86	0.009658301500725991
04	true	85	50	0.010897008772721149
04	true	85	95	0.010897008772721149
04	true	85	91	0.006054692152826489
04	true	86	73	0.07218681596648988
04	true	86	0	0.06533310436603611
04	true	86	89	0.07218681596648988
04	true	86	95	0.07218681596648988
04	true	86	2	0.06533310436603611
04	true	86	26	0.06533310436603611
04	true	86	42	0.04660230829076477
04	true	86	98	0.04660230829076477
04	true	86	94	0.04660230829076477
04	true	86	69	0.022288436704159663
04	true	86	57	0.04463984495462694
04	true	86	77	0.04463984495462694
04	true	86	76	0.04463984495462694
04	true	86	75	0.04463984495462694
04	true	86	84	0.04463984495462694
04	true	86	70	0.04463984495462694
04	true	86	65	0.04463984495462694
04	true	86	1	0.03455748583139383
04	true	86	4	0.009945419780541339
04	true	86	100	0.009945419780541339
04	true	87	2	0.09738149848225607
04	true	87	82	0.09356418069463718
04	true	87	73	0.049666504133978905
04	true	87	42	0.049666504133978905
04	true	87	69	0.049666504133978905
04	true	87	93	0.049666504133978905
04	true	87	0	0.049666504133978905
04	true	87	9	0.02469313172355208
04	true	87	37	0.01851137502156069
04	true	87	30	0.013396855402091512
04	true	87	84	0.013396855402091512
04	true	87	74	0.01851137502156069
04	true	87	51	0.01851137502156069
04	true	87	100	0.01851137502156069
04	true	87	60	0.013396855402091512
04	true	87	6	0.013396855402091512
04	true	87	70	0.013396855402091512
04	true	87	50	0.01851137502156069
04	true	87	26	0.01851137502156069
04	true	87	78	0.01851137502156069
04	true	87	81	0.003553422633182629
04	true	88	42	0.1747283257008593
04	true	88	26	0.1747283257008593
04	true	88	69	0.1747283257008593
04	true	88	72	0.1747283257008593
04	true	88	21	0.03790693788964307
04	true	88	37	0.11740286988623833
04	true	88	2	0.11740286988623833
04	true	88	15	0.11740286988623833
04	true	88	84	0.03790693788964307
04	true	88	1	0.03790693788964307
04	true	88	54	0.03790693788964307
04	true	88	96	0.03790693788964307
04	true	88	27	0.03790693788964307
04	true	88	44	0.005328918381043709
04	true	88	71	0.019056446983236983
04	true	88	85	0.019056446983236983
04	true	88	60	0.03533453127646184
04	true	88	95	0.03533453127646184
04	true	88	61	0.03533453127646184
04	true	88	62	0.0011159832369893904
04	true	89	73	0.06772426211333801
04	true	89	34	0.06772426211333801
04	true	89	0	0.06772426211333801
04	true	89	71	0.04956008441255807
04	true	89	9	0.04956008441255807
04	true	89	14	0.04956008441255807
04	true	89	3	0.039739177823502614
04	true	89	15	0.039739177823502614
04	true	89	27	0.039739177823502614
04	true	89	5	0.039739177823502614
04	true	89	42	0.03252483397734293
04	true	89	90	0.03252483397734293
04	true	89	68	0.03252483397734293
04	true	89	30	0.025588871536512955
04	true	89	69	0.03252483397734293
04	true	89	77	0.03252483397734293
04	true	89	55	0.03252483397734293
04	true	89	13	0.025588871536512955
04	true	89	2	0.025588871536512955
04	true	89	95	0.025588871536512955
04	true	90	0	0.0644421213611427
04	true	90	2	0.0644421213611427
04	true	90	37	0.0644421213611427
04	true	90	86	0.032850196429837844
04	true	90	5	0.032850196429837844
04	true	90	49	0.027733097627586394
04	true	90	50	0.032850196429837844
04	true	90	34	0.032850196429837844
04	true	90	82	0.027733097627586394
04	true	90	100	0.014694696334520039
04	true	90	80	0.014694696334520039
04	true	90	74	0.00745724022442732
04	true	90	83	0.009717602595685552
04	true	90	48	0.009717602595685552
04	true	90	62	0.009717602595685552
04	true	90	81	0.009355933909499466
04	true	90	45	0.00745724022442732
04	true	90	51	0.00745724022442732
04	true	90	71	0.0048797519494565575
04	true	90	68	0.0048797519494565575
04	true	90	43	0.0048797519494565575
04	true	90	24	0.0048797519494565575
04	true	90	55	0.00745724022442732
04	true	90	73	0.00745724022442732
04	true	91	0	0.10286774005094071
04	true	91	2	0.10286774005094071
04	true	91	73	0.10286774005094071
04	true	91	75	0.07094900003888037
04	true	91	25	0.020601898645071576
04	true	91	30	0.020601898645071576
04	true	91	92	0.020601898645071576
04	true	91	61	0.020601898645071576
04	true	91	15	0.020601898645071576
04	true	91	14	0.020601898645071576
04	true	91	26	0.018570506054274016
04	true	91	100	0.020601898645071576
04	true	91	74	0.020601898645071576
04	true	91	72	0.018570506054274016
04	true	91	56	0.010016319136407511
04	true	91	87	0.010016319136407511
04	true	91	97	0.018570506054274016
04	true	91	54	0.018570506054274016
04	true	91	11	0.018570506054274016
04	true	91	93	0.018570506054274016
04	true	91	44	0.018570506054274016
04	true	92	26	0.07103221436913036
04	true	92	73	0.07103221436913036
04	true	92	68	0.07103221436913036
04	true	92	74	0.07103221436913036
04	true	92	37	0.07103221436913036
04	true	92	80	0.07103221436913036
04	true	92	65	0.07103221436913036
04	true	92	78	0.07103221436913036
04	true	92	100	0.03474458000926475
04	true	92	5	0.03474458000926475
04	true	92	51	0.07103221436913036
04	true	92	50	0.07103221436913036
04	true	92	0	0.03474458000926475
04	true	92	70	0.03474458000926475
04	true	92	54	0.03290840096970817
04	true	92	71	0.004808822032884429
04	true	92	24	0.018516218756810938
04	true	92	96	0.018516218756810938
04	true	92	59	0.018516218756810938
04	true	92	39	0.002675295285162322
04	true	92	34	0.002675295285162322
04	true	93	54	0.09612318039364297
04	true	93	9	0.09612318039364297
04	true	93	72	0.08771692283242948
04	true	93	44	0.02734362007956843
04	true	93	71	0.02734362007956843
04	true	93	25	0.02734362007956843
04	true	93	35	0.02695562417510145
04	true	93	27	0.02695562417510145
04	true	93	61	0.02695562417510145
04	true	93	30	0.024638479644740068
04	true	93	82	0.024638479644740068
04	true	93	4	0.011124845084347688
04	true	93	37	0.024638479644740068
04	true	93	34	0.024638479644740068
04	true	93	95	0.0015718884802172189
04	true	93	8	0.00818706608243608
04	true	93	31	0.00818706608243608
04	true	93	6	0.00818706608243608
04	true	93	73	0.004008955356289139
04	true	93	50	0.0021820538630331924
04	true	93	5	0.0021820538630331924
04	true	94	93	0.030196881416876042
04	true	94	17	0.030196881416876042
04	true	94	44	0.05313445170356555
04	true	94	2	0.05313445170356555
04	true	94	37	0.05313445170356555
04	true	94	5	0.05313445170356555
04	true	94	45	0.02728927510850587
04	true	94	14	0.02728927510850587
04	true	94	0	0.02728927510850587
04	true	94	34	0.020213866178950896
04	true	94	15	0.020213866178950896
04	true	94	71	0.020213866178950896
04	true	94	100	0.020213866178950896
04	true	94	74	0.020213866178950896
04	true	94	69	0.020213866178950896
04	true	94	88	0.020213866178950896
04	true	94	51	0.020213866178950896
04	true	94	11	0.020213866178950896
04	true	94	81	0.020213866178950896
04	true	94	83	0.0014909281513200993
04	true	95	14	0.04459975017054741
04	true	95	51	0.04459975017054741
04	true	95	95	0.08544693270915231
04	true	95	72	0.08544693270915231
04	true	95	82	0.08544693270915231
04	true	95	0	0.04459975017054741
04	true	95	3	0.04459975017054741
04	true	95	70	0.013849829463741293
04	true	95	64	0.03301470699124218
04	true	95	71	0.03301470699124218
04	true	95	5	0.03301470699124218
04	true	95	7	0.03301470699124218
04	true	95	10	0.03301470699124218
04	true	95	34	0.03301470699124218
04	true	95	26	0.03301470699124218
04	true	95	92	0.03301470699124218
04	true	95	97	0.03301470699124218
04	true	95	22	0.03172001122622376
04	true	95	75	0.013849829463741293
04	true	95	84	0.013849829463741293
04	true	96	3	0.17346740542220088
04	true	96	5	0.17346740542220088
04	true	96	74	0.0750024399680845
04	true	96	9	0.06421745823316423
04	true	96	50	0.024129429959901645
04	true	96	51	0.019166522856466885
04	true	96	100	0.019166522856466885
04	true	96	81	0.019166522856466885
04	true	96	78	0.019166522856466885
04	true	96	71	0.024129429959901645
04	true	96	55	0.024129429959901645
04	true	96	0	0.024129429959901645
04	true	96	44	0.024129429959901645
04	true	96	2	0.024129429959901645
04	true	96	61	0.024129429959901645
04	true	96	11	0.024129429959901645
04	true	96	54	0.024129429959901645
04	true	96	75	0.024129429959901645
04	true	96	76	0.006617813049129058
04	true	96	62	0.019166522856466885
04	true	96	49	0.019166522856466885
04	true	96	69	0.019166522856466885
04	true	97	2	0.05165367536024311
04	true	97	5	0.05165367536024311
04	true	97	72	0.05165367536024311
04	true	97	0	0.05165367536024311
04	true	97	45	0.05165367536024311
04	true	97	3	0.04127241509145943
04	true	97	74	0.0339803184867224
04	true	97	100	0.0339803184867224
04	true	97	50	0.013349107315111118
04	true	97	82	0.0032154505915707233
04	true	97	84	0.02202041378244691
04	true	97	75	0.02202041378244691
04	true	97	30	0.02202041378244691
04	true	97	34	0.02202041378244691
04	true	97	25	0.02202041378244691
04	true	97	9	0.02202041378244691
04	true	97	61	0.02202041378244691
04	true	97	70	0.02202041378244691
04	true	97	92	0.01590488454830729
04	true	97	32	0.006707808442242377
04	true	97	37	0.005148437332286156
04	true	98	0	0.06840986620481589
04	true	98	2	0.059282887700533235
04	true	98	14	0.05599814798212934
04	true	98	93	0.05599814798212934
04	true	98	42	0.05599814798212934
04	true	98	72	0.059282887700533235
04	true	98	68	0.059282887700533235
04	true	98	11	0.059282887700533235
04	true	98	7	0.02616576548364271
04	true	98	69	0.02616576548364271
04	true	98	44	0.02616576548364271
04	true	98	88	0.02616576548364271
04	true	98	26	0.02616576548364271
04	true	98	73	0.02616576548364271
04	true	98	55	0.02616576548364271
04	true	98	34	0.02616576548364271
04	true	98	82	0.003063557159758873
04	true	98	95	0.003063557159758873
04	true	98	4	0.02616576548364271
04	true	98	100	0.02616576548364271
04	true	98	10	0.02542417036585629
04	true	98	50	0.006694396327515685
04	true	99	5	0.3842560026855076
04	true	99	7	0.09165171248806325
04	true	99	84	0.07591475597630394
04	true	99	82	0.07330603165298356
04	true	99	71	0.07330603165298356
04	true	99	43	0.07330603165298356
04	true	99	45	0.028652138572455858
04	true	99	95	0.026126174692552125
04	true	99	90	0.028787453310495707
04	true	99	75	0.028787453310495707
04	true	99	70	0.028787453310495707
04	true	99	77	0.028787453310495707
04	true	99	3	0.028652138572455858
04	true	99	4	0.028652138572455858
04	true	99	56	0.028652138572455858
04	true	99	69	0.026126174692552125
04	true	99	78	0.026126174692552125
04	true	99	50	0.026126174692552125
04	true	99	81	0.0042474835989657405
04	true	99	98	0.010026309001327593
04	true	99	24	0.010026309001327593
04	true	99	27	0.010026309001327593
04	true	100	0	0.09686908537846942
04	true	100	71	0.07061048468883656
04	true	100	82	0.06843385606767421
04	true	100	6	0.03128369286116232
04	true	100	93	0.03128369286116232
04	true	100	100	0.025103475238062514
04	true	100	9	0.025103475238062514
04	true	100	25	0.025103475238062514
04	true	100	37	0.03128369286116232
04	true	100	5	0.03128369286116232
04	true	100	84	0.025103475238062514
04	true	100	95	0.016673872326377185
04	true	100	32	0.016673872326377185
04	true	100	15	0.02301840149183591
04	true	100	45	0.02301840149183591
04	true	100	54	0.02301840149183591
04	true	100	70	0.02301840149183591
04	true	100	44	0.005954072658868593
04	true	100	34	0.011131129545850793
04	true	100	39	0.011131129545850793
04	true	100	72	0.010321527179803345
