40	0	1	0	0.45898865116545395
40	0	1	66	0.0977317985657204
40	0	1	29	0.11896901830758567
40	0	1	23	0.11896901830758567
40	0	1	74	0.11896901830758567
40	0	1	11	0.023871776768176436
40	0	1	94	0.03649353551492075
40	0	1	20	0.03649353551492075
40	0	1	4	0.023871776768176436
40	0	1	5	0.022658315099962134
40	0	1	98	0.022658315099962134
40	0	1	44	0.022658315099962134
40	0	1	9	0.021696551546287305
40	0	1	3	0.021696551546287305
40	0	1	10	0.021696551546287305
40	0	1	90	0.013033251437684235
40	0	1	18	0.013033251437684235
40	0	1	69	0.013033251437684235
40	0	1	60	0.002550907303210579
40	0	1	38	0.003571868569683105
40	0	1	7	0.003571868569683105
40	0	2	0	0.4760139340525774
40	0	2	66	0.12681418326612184
40	0	2	29	0.12681418326612184
40	0	2	23	0.12681418326612184
40	0	2	74	0.12681418326612184
40	0	2	11	0.03147051101881016
40	0	2	4	0.03147051101881016
40	0	2	94	0.03147051101881016
40	0	2	20	0.03147051101881016
40	0	2	44	0.03147051101881016
40	0	2	5	0.03147051101881016
40	0	2	9	0.03147051101881016
40	0	2	98	0.03147051101881016
40	0	2	3	0.03147051101881016
40	0	2	10	0.03147051101881016
40	0	2	90	0.01570286587062723
40	0	2	18	0.01570286587062723
40	0	2	69	0.01570286587062723
40	0	2	60	0.006035005509374679
40	0	2	62	0.001977712598319429
40	0	3	0	0.4499504024470655
40	0	3	66	0.10859050255161604
40	0	3	29	0.12927877107645055
40	0	3	23	0.12927877107645055
40	0	3	74	0.12927877107645055
40	0	3	11	0.02155118561373561
40	0	3	4	0.02155118561373561
40	0	3	44	0.02155118561373561
40	0	3	94	0.02155118561373561
40	0	3	20	0.02155118561373561
40	0	3	5	0.02155118561373561
40	0	3	9	0.02155118561373561
40	0	3	10	0.02155118561373561
40	0	3	98	0.02155118561373561
40	0	3	3	0.02155118561373561
40	0	3	90	0.02072080474900955
40	0	3	18	0.02072080474900955
40	0	3	69	0.02072080474900955
40	0	3	38	0.003109409828211045
40	0	3	60	0.007403731133128669
40	0	3	61	0.007403731133128669
40	0	4	0	0.4549336482775195
40	0	4	66	0.10609526008056626
40	0	4	29	0.11669855535472758
40	0	4	23	0.11669855535472758
40	0	4	74	0.11669855535472758
40	0	4	20	0.028529353970208584
40	0	4	94	0.028529353970208584
40	0	4	4	0.028529353970208584
40	0	4	11	0.028529353970208584
40	0	4	44	0.028529353970208584
40	0	4	98	0.028529353970208584
40	0	4	5	0.028529353970208584
40	0	4	90	0.011402858733787219
40	0	4	3	0.028529353970208584
40	0	4	9	0.028529353970208584
40	0	4	10	0.028529353970208584
40	0	4	18	0.011402858733787219
40	0	4	69	0.011402858733787219
40	0	4	7	0.004286662707860998
40	0	4	60	0.011402858733787219
40	0	4	61	0.011402858733787219
40	0	5	0	0.4517446042454119
40	0	5	66	0.11605359272491288
40	0	5	29	0.11605359272491288
40	0	5	23	0.11605359272491288
40	0	5	74	0.11605359272491288
40	0	5	11	0.037172419056239074
40	0	5	94	0.037172419056239074
40	0	5	20	0.037172419056239074
40	0	5	4	0.037172419056239074
40	0	5	5	0.037172419056239074
40	0	5	44	0.037172419056239074
40	0	5	9	0.037172419056239074
40	0	5	98	0.037172419056239074
40	0	5	3	0.023713876812257877
40	0	5	10	0.023713876812257877
40	0	5	69	0.022419952589195876
40	0	5	18	0.022419952589195876
40	0	5	90	0.022419952589195876
40	0	5	60	0.004132435516557699
40	0	5	61	0.004132435516557699
40	0	6	0	0.45583920241271836
40	0	6	66	0.11093740041972487
40	0	6	29	0.12822967648087868
40	0	6	23	0.12822967648087868
40	0	6	74	0.12822967648087868
40	0	6	11	0.025478971984500203
40	0	6	4	0.025478971984500203
40	0	6	20	0.025478971984500203
40	0	6	5	0.025478971984500203
40	0	6	94	0.025478971984500203
40	0	6	44	0.025478971984500203
40	0	6	98	0.025478971984500203
40	0	6	10	0.021007459851999005
40	0	6	3	0.025478971984500203
40	0	6	9	0.025478971984500203
40	0	6	90	0.021007459851999005
40	0	6	69	0.021007459851999005
40	0	6	18	0.021007459851999005
40	0	6	62	0.00546859065339169
40	0	6	38	0.00546859065339169
40	0	7	0	0.45234116531926116
40	0	7	66	0.12226949840332396
40	0	7	29	0.12226949840332396
40	0	7	23	0.12226949840332396
40	0	7	74	0.12226949840332396
40	0	7	11	0.02368058209926791
40	0	7	4	0.02368058209926791
40	0	7	94	0.02368058209926791
40	0	7	5	0.02368058209926791
40	0	7	20	0.02368058209926791
40	0	7	44	0.02368058209926791
40	0	7	98	0.02368058209926791
40	0	7	10	0.02368058209926791
40	0	7	3	0.02368058209926791
40	0	7	9	0.02368058209926791
40	0	7	90	0.021014397959747966
40	0	7	69	0.021014397959747966
40	0	7	18	0.021014397959747966
40	0	7	61	0.006950481978602947
40	0	7	60	0.006950481978602947
40	0	8	0	0.37174746873308734
40	0	8	29	0.11169948763577049
40	0	8	66	0.10890991686826838
40	0	8	23	0.11169948763577049
40	0	8	74	0.11169948763577049
40	0	8	11	0.02319055633986703
40	0	8	94	0.02319055633986703
40	0	8	20	0.02319055633986703
40	0	8	4	0.02319055633986703
40	0	8	5	0.022841389125976688
40	0	8	98	0.02319055633986703
40	0	8	44	0.02319055633986703
40	0	8	10	0.022841389125976688
40	0	8	3	0.022841389125976688
40	0	8	9	0.022841389125976688
40	0	8	61	0.006363338478925487
40	0	8	60	0.005643712859727083
40	0	8	18	0.014480010963082384
40	0	8	69	0.014480010963082384
40	0	8	90	0.014480010963082384
40	0	9	0	0.45483001814184876
40	0	9	66	0.11286336105713965
40	0	9	29	0.11391540162999302
40	0	9	23	0.11391540162999302
40	0	9	74	0.11391540162999302
40	0	9	11	0.02477891406748735
40	0	9	4	0.02477891406748735
40	0	9	20	0.02477891406748735
40	0	9	94	0.02477891406748735
40	0	9	5	0.02477891406748735
40	0	9	44	0.02477891406748735
40	0	9	98	0.02477891406748735
40	0	9	3	0.02477891406748735
40	0	9	9	0.02477891406748735
40	0	9	10	0.02477891406748735
40	0	9	83	0.0023863409235808644
40	0	9	69	0.016405658062438065
40	0	9	90	0.016405658062438065
40	0	9	18	0.016405658062438065
40	0	9	7	0.004372777701468679
40	0	9	38	0.004372777701468679
40	0	10	0	0.45517220218218685
40	0	10	66	0.12302723583795498
40	0	10	29	0.12302723583795498
40	0	10	23	0.12302723583795498
40	0	10	74	0.12302723583795498
40	0	10	11	0.02752110568905159
40	0	10	4	0.02752110568905159
40	0	10	94	0.02752110568905159
40	0	10	5	0.02752110568905159
40	0	10	44	0.02752110568905159
40	0	10	20	0.02752110568905159
40	0	10	9	0.02752110568905159
40	0	10	98	0.02752110568905159
40	0	10	3	0.02752110568905159
40	0	10	10	0.02752110568905159
40	0	10	69	0.017022444924929596
40	0	10	90	0.017022444924929596
40	0	10	18	0.017022444924929596
40	0	10	7	0.0034528425547627147
40	0	10	60	0.003303358257038494
40	0	10	61	0.003303358257038494
40	0	11	0	0.44178192679484585
40	0	11	66	0.10976470119962124
40	0	11	29	0.13428313416652196
40	0	11	23	0.13428313416652196
40	0	11	74	0.13428313416652196
40	0	11	11	0.02747510224187606
40	0	11	4	0.02747510224187606
40	0	11	94	0.02747510224187606
40	0	11	5	0.02747510224187606
40	0	11	20	0.02747510224187606
40	0	11	44	0.02747510224187606
40	0	11	9	0.02747510224187606
40	0	11	3	0.02747510224187606
40	0	11	98	0.02747510224187606
40	0	11	10	0.02747510224187606
40	0	11	90	0.020539810118629428
40	0	11	69	0.020539810118629428
40	0	11	18	0.020539810118629428
40	0	11	62	0.0036084016075423105
40	0	11	42	0.0008522257997093965
40	0	11	61	0.0008522257997093965
40	0	12	0	0.4597136854699235
40	0	12	66	0.10877252645045332
40	0	12	29	0.115154275127263
40	0	12	23	0.115154275127263
40	0	12	74	0.115154275127263
40	0	12	20	0.03392553556382549
40	0	12	11	0.03392553556382549
40	0	12	4	0.03392553556382549
40	0	12	98	0.03392553556382549
40	0	12	94	0.03392553556382549
40	0	12	44	0.03392553556382549
40	0	12	5	0.025537393404561216
40	0	12	9	0.025537393404561216
40	0	12	3	0.025537393404561216
40	0	12	10	0.025537393404561216
40	0	12	61	0.004877622710331692
40	0	12	90	0.01893632089015973
40	0	12	18	0.01893632089015973
40	0	12	69	0.01893632089015973
40	0	12	42	0.0019871026231253705
40	0	13	0	0.42618058488857874
40	0	13	66	0.10663089537851031
40	0	13	29	0.11718521737984663
40	0	13	23	0.11718521737984663
40	0	13	74	0.11718521737984663
40	0	13	11	0.025534907966089808
40	0	13	94	0.025534907966089808
40	0	13	20	0.025534907966089808
40	0	13	4	0.025534907966089808
40	0	13	5	0.025534907966089808
40	0	13	98	0.025534907966089808
40	0	13	44	0.025534907966089808
40	0	13	9	0.025534907966089808
40	0	13	3	0.019619876784099866
40	0	13	10	0.019619876784099866
40	0	13	61	0.0022605900176951377
40	0	13	69	0.010906793909248787
40	0	13	18	0.010906793909248787
40	0	13	90	0.010906793909248787
40	0	13	62	0.0032476510038295155
40	0	13	60	0.0022605900176951377
40	0	14	0	0.371671174378811
40	0	14	29	0.12992584232072601
40	0	14	66	0.12992584232072601
40	0	14	23	0.12992584232072601
40	0	14	74	0.12992584232072601
40	0	14	11	0.026411307304866613
40	0	14	4	0.026411307304866613
40	0	14	20	0.026411307304866613
40	0	14	5	0.026411307304866613
40	0	14	44	0.026411307304866613
40	0	14	94	0.026411307304866613
40	0	14	10	0.026411307304866613
40	0	14	98	0.026411307304866613
40	0	14	3	0.026411307304866613
40	0	14	9	0.026411307304866613
40	0	14	90	0.015304537012339586
40	0	14	69	0.015304537012339586
40	0	14	18	0.015304537012339586
40	0	14	87	0.0013111915619802017
40	0	14	60	0.005690343091885523
40	0	14	61	0.005690343091885523
40	0	15	0	0.44867558491342846
40	0	15	66	0.12329926038911301
40	0	15	29	0.12329926038911301
40	0	15	23	0.12329926038911301
40	0	15	74	0.12329926038911301
40	0	15	11	0.03182749860559765
40	0	15	4	0.03182749860559765
40	0	15	20	0.03182749860559765
40	0	15	94	0.03182749860559765
40	0	15	5	0.03182749860559765
40	0	15	44	0.03182749860559765
40	0	15	9	0.03182749860559765
40	0	15	98	0.03182749860559765
40	0	15	3	0.03182749860559765
40	0	15	10	0.022125962473264604
40	0	15	90	0.016230523192319123
40	0	15	60	0.010340784616542602
40	0	15	18	0.016230523192319123
40	0	15	69	0.016230523192319123
40	0	15	83	0.002354474379491497
40	0	16	0	0.4621722941097581
40	0	16	66	0.11596030856951862
40	0	16	29	0.11596030856951862
40	0	16	23	0.11596030856951862
40	0	16	74	0.11596030856951862
40	0	16	11	0.036414800321283164
40	0	16	4	0.036414800321283164
40	0	16	5	0.036414800321283164
40	0	16	20	0.036414800321283164
40	0	16	94	0.036414800321283164
40	0	16	44	0.036414800321283164
40	0	16	98	0.036414800321283164
40	0	16	9	0.036414800321283164
40	0	16	3	0.022181396831568674
40	0	16	10	0.022181396831568674
40	0	16	61	0.0058821608579954915
40	0	16	90	0.015426935469801945
40	0	16	18	0.015426935469801945
40	0	16	69	0.015426935469801945
40	0	16	60	0.005596156019826933
40	0	17	0	0.4563931606248477
40	0	17	66	0.11251117139354112
40	0	17	29	0.11251117139354112
40	0	17	23	0.11251117139354112
40	0	17	74	0.11251117139354112
40	0	17	20	0.033708511582176914
40	0	17	11	0.022080669072608215
40	0	17	4	0.022080669072608215
40	0	17	94	0.022080669072608215
40	0	17	5	0.021627778866400875
40	0	17	98	0.022080669072608215
40	0	17	44	0.022080669072608215
40	0	17	9	0.017253341379976517
40	0	17	3	0.017253341379976517
40	0	17	10	0.017253341379976517
40	0	17	69	0.012847613908708826
40	0	17	18	0.012847613908708826
40	0	17	61	0.004640919691346686
40	0	17	38	0.005975034084133895
40	0	17	90	0.005975034084133895
40	0	18	0	0.4525486415995605
40	0	18	66	0.10840868753549109
40	0	18	29	0.11507545284288134
40	0	18	23	0.11507545284288134
40	0	18	74	0.11507545284288134
40	0	18	20	0.02279613358394383
40	0	18	11	0.02279613358394383
40	0	18	4	0.02279613358394383
40	0	18	94	0.02192699703165962
40	0	18	5	0.02192699703165962
40	0	18	98	0.02192699703165962
40	0	18	44	0.02192699703165962
40	0	18	9	0.02192699703165962
40	0	18	3	0.02192699703165962
40	0	18	10	0.020152253998580297
40	0	18	60	0.0037809387613744055
40	0	18	69	0.018836408429309077
40	0	18	18	0.018836408429309077
40	0	18	90	0.018836408429309077
40	0	18	61	0.001844950981163235
40	0	19	0	0.46225097953490063
40	0	19	66	0.10322270883331451
40	0	19	29	0.1156807254915827
40	0	19	23	0.1156807254915827
40	0	19	74	0.1156807254915827
40	0	19	11	0.026299127942326327
40	0	19	4	0.026299127942326327
40	0	19	20	0.026299127942326327
40	0	19	5	0.026299127942326327
40	0	19	94	0.026299127942326327
40	0	19	44	0.026299127942326327
40	0	19	10	0.026299127942326327
40	0	19	98	0.026299127942326327
40	0	19	3	0.026299127942326327
40	0	19	9	0.026299127942326327
40	0	19	90	0.011254888836276114
40	0	19	60	0.011254888836276114
40	0	19	18	0.011254888836276114
40	0	19	69	0.011254888836276114
40	0	19	7	0.0014950830963623542
40	0	20	0	0.45304025522704916
40	0	20	66	0.12430045447845307
40	0	20	29	0.12430045447845307
40	0	20	23	0.12430045447845307
40	0	20	74	0.12430045447845307
40	0	20	11	0.02551703903133018
40	0	20	4	0.02551703903133018
40	0	20	20	0.02551703903133018
40	0	20	94	0.02551703903133018
40	0	20	5	0.02551703903133018
40	0	20	44	0.02551703903133018
40	0	20	98	0.02551703903133018
40	0	20	3	0.02551703903133018
40	0	20	9	0.02551703903133018
40	0	20	10	0.017877002241638282
40	0	20	90	0.017877002241638282
40	0	20	61	0.0077360736234047935
40	0	20	18	0.017877002241638282
40	0	20	69	0.017877002241638282
40	0	20	60	0.001964811605766661
40	0	21	0	0.47642987570658696
40	0	21	66	0.09508941159549844
40	0	21	29	0.1383506347249904
40	0	21	23	0.1383506347249904
40	0	21	74	0.1383506347249904
40	0	21	94	0.030040253443079944
40	0	21	4	0.030040253443079944
40	0	21	11	0.030040253443079944
40	0	21	5	0.030040253443079944
40	0	21	44	0.030040253443079944
40	0	21	20	0.030040253443079944
40	0	21	98	0.030040253443079944
40	0	21	90	0.02272254658964628
40	0	21	10	0.030040253443079944
40	0	21	3	0.030040253443079944
40	0	21	9	0.030040253443079944
40	0	21	7	0.008828531672743091
40	0	21	18	0.012148780095313835
40	0	21	69	0.012148780095313835
40	0	21	38	0.0006534038176104223
40	0	22	0	0.4501659624214528
40	0	22	66	0.1318696533731651
40	0	22	29	0.1318696533731651
40	0	22	23	0.1318696533731651
40	0	22	74	0.1318696533731651
40	0	22	11	0.027477009222396646
40	0	22	4	0.027477009222396646
40	0	22	94	0.027477009222396646
40	0	22	5	0.027477009222396646
40	0	22	20	0.027477009222396646
40	0	22	44	0.027477009222396646
40	0	22	9	0.027477009222396646
40	0	22	98	0.027477009222396646
40	0	22	3	0.027477009222396646
40	0	22	10	0.027477009222396646
40	0	22	90	0.02619752759300638
40	0	22	69	0.015940967232960294
40	0	22	18	0.015940967232960294
40	0	22	7	0.0045667478684979865
40	0	22	42	0.0045667478684979865
40	0	23	0	0.45269970878526117
40	0	23	66	0.1238460126645411
40	0	23	29	0.1238460126645411
40	0	23	23	0.1238460126645411
40	0	23	74	0.1238460126645411
40	0	23	11	0.02732849991587628
40	0	23	4	0.02732849991587628
40	0	23	44	0.02732849991587628
40	0	23	20	0.02732849991587628
40	0	23	94	0.02732849991587628
40	0	23	5	0.02732849991587628
40	0	23	9	0.02732849991587628
40	0	23	10	0.02732849991587628
40	0	23	98	0.02732849991587628
40	0	23	3	0.02732849991587628
40	0	23	90	0.018027342570662297
40	0	23	61	0.006584983226295613
40	0	23	18	0.018027342570662297
40	0	23	69	0.018027342570662297
40	0	23	60	0.0041176380913134246
40	0	24	0	0.45331525618286567
40	0	24	66	0.11559447794421704
40	0	24	29	0.11708967819448605
40	0	24	23	0.11708967819448605
40	0	24	74	0.11708967819448605
40	0	24	94	0.025195924929919258
40	0	24	20	0.025195924929919258
40	0	24	4	0.025195924929919258
40	0	24	11	0.025195924929919258
40	0	24	5	0.025195924929919258
40	0	24	44	0.025195924929919258
40	0	24	98	0.025195924929919258
40	0	24	10	0.025195924929919258
40	0	24	3	0.025195924929919258
40	0	24	9	0.025195924929919258
40	0	24	90	0.018748957119641536
40	0	24	69	0.017672709587391203
40	0	24	18	0.017672709587391203
40	0	24	7	0.0027128520872577834
40	0	24	42	0.0020393364381358055
40	0	25	0	0.4570780919841071
40	0	25	66	0.12159760214034945
40	0	25	29	0.12159760214034945
40	0	25	23	0.12159760214034945
40	0	25	74	0.12159760214034945
40	0	25	11	0.03553825686927928
40	0	25	4	0.03553825686927928
40	0	25	94	0.03553825686927928
40	0	25	98	0.03553825686927928
40	0	25	44	0.03553825686927928
40	0	25	20	0.03553825686927928
40	0	25	5	0.03553825686927928
40	0	25	9	0.03553825686927928
40	0	25	3	0.03553825686927928
40	0	25	10	0.03553825686927928
40	0	25	90	0.017234117646257846
40	0	25	7	0.0074873224153764704
40	0	25	18	0.01240146302448483
40	0	25	69	0.01240146302448483
40	0	25	42	0.0023493343250970073
40	0	26	0	0.460485069625482
40	0	26	66	0.13309417971759027
40	0	26	29	0.13309417971759027
40	0	26	23	0.13309417971759027
40	0	26	74	0.13309417971759027
40	0	26	11	0.02562137993212651
40	0	26	4	0.02562137993212651
40	0	26	94	0.02562137993212651
40	0	26	5	0.02562137993212651
40	0	26	44	0.02562137993212651
40	0	26	20	0.02562137993212651
40	0	26	98	0.02382985729253498
40	0	26	3	0.02382985729253498
40	0	26	9	0.02382985729253498
40	0	26	10	0.022039540928535415
40	0	26	90	0.014410248013115613
40	0	26	69	0.013429808327696106
40	0	26	18	0.013429808327696106
40	0	26	38	0.006849955862572939
40	0	26	62	0.006849955862572939
40	0	27	0	0.4551392284357358
40	0	27	66	0.11786352808243425
40	0	27	29	0.11786352808243425
40	0	27	23	0.11786352808243425
40	0	27	74	0.11786352808243425
40	0	27	20	0.027422851797116714
40	0	27	11	0.027422851797116714
40	0	27	94	0.027422851797116714
40	0	27	4	0.027422851797116714
40	0	27	98	0.027422851797116714
40	0	27	44	0.027422851797116714
40	0	27	5	0.02278158106578088
40	0	27	10	0.020650924747902633
40	0	27	61	0.01441447376750708
40	0	27	3	0.020650924747902633
40	0	27	9	0.020650924747902633
40	0	27	69	0.010895668621639498
40	0	27	18	0.010895668621639498
40	0	27	90	0.008675787684425397
40	0	27	83	0.002596085414636002
40	0	28	0	0.45065535039258053
40	0	28	66	0.12358000529316165
40	0	28	29	0.12358000529316165
40	0	28	23	0.12358000529316165
40	0	28	74	0.12358000529316165
40	0	28	11	0.0253496447911732
40	0	28	4	0.0253496447911732
40	0	28	20	0.0253496447911732
40	0	28	94	0.0253496447911732
40	0	28	5	0.0253496447911732
40	0	28	44	0.0253496447911732
40	0	28	9	0.0253496447911732
40	0	28	98	0.0253496447911732
40	0	28	10	0.0253496447911732
40	0	28	3	0.0253496447911732
40	0	28	90	0.01993939020810064
40	0	28	69	0.01993939020810064
40	0	28	18	0.01993939020810064
40	0	28	7	0.0034445533559772923
40	0	28	83	0.0013954444342913165
40	0	29	0	0.4774675354364996
40	0	29	66	0.11405974443203332
40	0	29	29	0.1147366683452603
40	0	29	23	0.1147366683452603
40	0	29	74	0.1147366683452603
40	0	29	20	0.028588775345440173
40	0	29	11	0.028588775345440173
40	0	29	4	0.028588775345440173
40	0	29	94	0.028588775345440173
40	0	29	5	0.028588775345440173
40	0	29	98	0.028588775345440173
40	0	29	44	0.028588775345440173
40	0	29	9	0.028588775345440173
40	0	29	3	0.028588775345440173
40	0	29	10	0.022919363765009
40	0	29	61	0.007106138414562898
40	0	29	60	0.007106138414562898
40	0	29	18	0.013339710860351846
40	0	29	90	0.013339710860351846
40	0	29	69	0.013339710860351846
40	0	30	0	0.4517732158141922
40	0	30	66	0.11679512990927876
40	0	30	29	0.11679512990927876
40	0	30	23	0.11679512990927876
40	0	30	74	0.11679512990927876
40	0	30	11	0.02687914575450976
40	0	30	4	0.02687914575450976
40	0	30	5	0.02687914575450976
40	0	30	20	0.02687914575450976
40	0	30	94	0.02687914575450976
40	0	30	44	0.02687914575450976
40	0	30	9	0.02687914575450976
40	0	30	98	0.02687914575450976
40	0	30	10	0.02687914575450976
40	0	30	3	0.02687914575450976
40	0	30	90	0.01926502052818481
40	0	30	7	0.00525489877795248
40	0	30	18	0.01926502052818481
40	0	30	69	0.01926502052818481
40	0	30	38	0.00525489877795248
40	0	31	0	0.4491735000199205
40	0	31	66	0.11939779035923094
40	0	31	29	0.11939779035923094
40	0	31	23	0.11939779035923094
40	0	31	74	0.11939779035923094
40	0	31	20	0.028258184234383647
40	0	31	11	0.028258184234383647
40	0	31	4	0.028258184234383647
40	0	31	94	0.028258184234383647
40	0	31	5	0.028258184234383647
40	0	31	44	0.028258184234383647
40	0	31	98	0.028258184234383647
40	0	31	3	0.028258184234383647
40	0	31	9	0.028258184234383647
40	0	31	10	0.028258184234383647
40	0	31	61	0.007366987768928448
40	0	31	90	0.0087347158944449
40	0	31	18	0.0087347158944449
40	0	31	69	0.0087347158944449
40	0	31	7	0.004089833036178611
40	0	32	0	0.36623818589232165
40	0	32	29	0.12524234852197322
40	0	32	66	0.12524234852197322
40	0	32	23	0.12524234852197322
40	0	32	74	0.12524234852197322
40	0	32	11	0.03407284606818877
40	0	32	4	0.03407284606818877
40	0	32	94	0.03407284606818877
40	0	32	98	0.03407284606818877
40	0	32	44	0.03407284606818877
40	0	32	20	0.03407284606818877
40	0	32	5	0.03407284606818877
40	0	32	90	0.022379415020224294
40	0	32	3	0.03407284606818877
40	0	32	9	0.03407284606818877
40	0	32	10	0.03407284606818877
40	0	32	69	0.010533637735702142
40	0	32	18	0.010533637735702142
40	0	32	7	0.004041171813033728
40	0	32	83	0.0019139043103411919
40	0	33	0	0.45371225674119564
40	0	33	66	0.10347297828916824
40	0	33	29	0.11759476460382506
40	0	33	23	0.11759476460382506
40	0	33	74	0.11759476460382506
40	0	33	20	0.02551681312136262
40	0	33	11	0.025256853297007772
40	0	33	4	0.025256853297007772
40	0	33	94	0.025256853297007772
40	0	33	44	0.025256853297007772
40	0	33	98	0.025256853297007772
40	0	33	5	0.02173613356247363
40	0	33	10	0.021628105450049454
40	0	33	3	0.021628105450049454
40	0	33	9	0.021628105450049454
40	0	33	61	0.01137924384028643
40	0	33	60	0.01137924384028643
40	0	33	18	0.01137924384028643
40	0	33	90	0.01137924384028643
40	0	33	69	0.01137924384028643
40	0	34	0	0.44533224491326134
40	0	34	66	0.12748011622217578
40	0	34	29	0.12748011622217578
40	0	34	23	0.12748011622217578
40	0	34	74	0.12748011622217578
40	0	34	11	0.029395319949937146
40	0	34	4	0.029395319949937146
40	0	34	94	0.029395319949937146
40	0	34	5	0.029395319949937146
40	0	34	20	0.029395319949937146
40	0	34	9	0.029395319949937146
40	0	34	44	0.029395319949937146
40	0	34	3	0.029395319949937146
40	0	34	98	0.029395319949937146
40	0	34	10	0.024249810309825877
40	0	34	90	0.017626499020348664
40	0	34	69	0.017626499020348664
40	0	34	18	0.017626499020348664
40	0	34	61	0.004084427653172159
40	0	34	60	0.004084427653172159
40	0	35	0	0.4587600775017081
40	0	35	66	0.13152768219228758
40	0	35	29	0.13152768219228758
40	0	35	23	0.13152768219228758
40	0	35	74	0.13152768219228758
40	0	35	11	0.029929815906606778
40	0	35	4	0.029929815906606778
40	0	35	94	0.029929815906606778
40	0	35	20	0.029929815906606778
40	0	35	5	0.029929815906606778
40	0	35	44	0.029929815906606778
40	0	35	9	0.029929815906606778
40	0	35	98	0.029929815906606778
40	0	35	90	0.01900397053812157
40	0	35	10	0.01900397053812157
40	0	35	3	0.01900397053812157
40	0	35	18	0.01900397053812157
40	0	35	69	0.01900397053812157
40	0	35	60	0.0041773243353136055
40	0	35	7	0.0034679767340993445
40	0	36	0	0.4533408235401463
40	0	36	66	0.10627919648693539
40	0	36	29	0.11007449624831082
40	0	36	23	0.11007449624831082
40	0	36	74	0.11007449624831082
40	0	36	20	0.02588613786469521
40	0	36	94	0.02206694861288913
40	0	36	4	0.02588613786469521
40	0	36	11	0.02588613786469521
40	0	36	98	0.02206694861288913
40	0	36	5	0.02206694861288913
40	0	36	44	0.02206694861288913
40	0	36	3	0.02206694861288913
40	0	36	9	0.02206694861288913
40	0	36	10	0.02206694861288913
40	0	36	61	0.007376482876926609
40	0	36	60	0.007123952139519398
40	0	36	90	0.008107175853078994
40	0	36	18	0.008107175853078994
40	0	36	69	0.008107175853078994
40	0	37	0	0.45295211920729606
40	0	37	66	0.10951785350942556
40	0	37	29	0.11432357536903713
40	0	37	23	0.11432357536903713
40	0	37	74	0.11432357536903713
40	0	37	20	0.03447736441280166
40	0	37	94	0.03447736441280166
40	0	37	4	0.03447736441280166
40	0	37	11	0.03447736441280166
40	0	37	5	0.029913372228653427
40	0	37	44	0.03447736441280166
40	0	37	98	0.03447736441280166
40	0	37	9	0.029913372228653427
40	0	37	3	0.029913372228653427
40	0	37	10	0.029913372228653427
40	0	37	61	0.0069153649224044005
40	0	37	60	0.0069153649224044005
40	0	37	18	0.008156503743599752
40	0	37	90	0.008156503743599752
40	0	37	69	0.008156503743599752
40	0	37	7	0.005086881781873872
40	0	38	0	0.47208809783714456
40	0	38	66	0.12460636552086843
40	0	38	29	0.12460636552086843
40	0	38	23	0.12460636552086843
40	0	38	74	0.12460636552086843
40	0	38	11	0.029839426587858327
40	0	38	4	0.029839426587858327
40	0	38	44	0.029839426587858327
40	0	38	20	0.029839426587858327
40	0	38	94	0.029839426587858327
40	0	38	5	0.023698778477791164
40	0	38	3	0.023698778477791164
40	0	38	98	0.023698778477791164
40	0	38	9	0.023698778477791164
40	0	38	10	0.02320612986851029
40	0	38	90	0.015647909231854832
40	0	38	61	0.0055431271815766904
40	0	38	18	0.015647909231854832
40	0	38	69	0.015647909231854832
40	0	38	62	0.002842837949605809
40	0	39	0	0.47570894832577865
40	0	39	66	0.12184243416404356
40	0	39	29	0.12184243416404356
40	0	39	23	0.12184243416404356
40	0	39	74	0.12184243416404356
40	0	39	11	0.0238985118173133
40	0	39	4	0.0238985118173133
40	0	39	44	0.0238985118173133
40	0	39	20	0.0238985118173133
40	0	39	94	0.0238985118173133
40	0	39	98	0.0238985118173133
40	0	39	90	0.0238985118173133
40	0	39	5	0.0238985118173133
40	0	39	9	0.0238985118173133
40	0	39	3	0.0238985118173133
40	0	39	10	0.0238985118173133
40	0	39	18	0.0238985118173133
40	0	39	69	0.0238985118173133
40	0	39	42	0.004490789102465906
40	0	39	38	0.003765359821178957
40	0	39	61	0.003765359821178957
40	0	40	0	0.4553497496212427
40	0	40	66	0.10306987263160626
40	0	40	29	0.12216152272126099
40	0	40	23	0.12216152272126099
40	0	40	74	0.12216152272126099
40	0	40	20	0.02777512923117404
40	0	40	94	0.02777512923117404
40	0	40	4	0.02777512923117404
40	0	40	11	0.02777512923117404
40	0	40	44	0.02777512923117404
40	0	40	98	0.02777512923117404
40	0	40	5	0.02777512923117404
40	0	40	9	0.02777512923117404
40	0	40	60	0.014616454905160442
40	0	40	61	0.014616454905160442
40	0	40	10	0.02777512923117404
40	0	40	3	0.02777512923117404
40	0	40	69	0.01316307725812261
40	0	40	76	0.002686252436058793
40	0	40	90	0.01316307725812261
40	0	40	18	0.01316307725812261
40	0	41	0	0.4598039812340687
40	0	41	66	0.10506635223975633
40	0	41	29	0.11036655113780132
40	0	41	23	0.11036655113780132
40	0	41	74	0.11036655113780132
40	0	41	11	0.041822360046084556
40	0	41	94	0.041822360046084556
40	0	41	20	0.041822360046084556
40	0	41	5	0.041822360046084556
40	0	41	4	0.041822360046084556
40	0	41	98	0.041822360046084556
40	0	41	44	0.041822360046084556
40	0	41	69	0.009761014222510866
40	0	41	3	0.041822360046084556
40	0	41	9	0.041822360046084556
40	0	41	10	0.041822360046084556
40	0	41	61	0.0021343707215527178
40	0	41	18	0.009761014222510866
40	0	41	90	0.009761014222510866
40	0	41	7	0.009761014222510866
40	0	41	38	0.009761014222510866
40	0	42	0	0.45862731355518566
40	0	42	66	0.1092093240437624
40	0	42	29	0.11432329648491524
40	0	42	23	0.11432329648491524
40	0	42	74	0.11432329648491524
40	0	42	11	0.02209864191874912
40	0	42	4	0.02209864191874912
40	0	42	5	0.021754998731822156
40	0	42	98	0.021754998731822156
40	0	42	44	0.021754998731822156
40	0	42	20	0.021754998731822156
40	0	42	94	0.021754998731822156
40	0	42	90	0.01631040429429703
40	0	42	9	0.01631040429429703
40	0	42	10	0.01631040429429703
40	0	42	3	0.01631040429429703
40	0	42	61	0.008246019583410874
40	0	42	18	0.015851535998364422
40	0	42	69	0.015851535998364422
40	0	42	38	0.007737628198419844
40	0	42	7	0.007737628198419844
40	0	43	0	0.4518667749528309
40	0	43	66	0.12938215235844103
40	0	43	29	0.12938215235844103
40	0	43	23	0.12938215235844103
40	0	43	74	0.12938215235844103
40	0	43	11	0.022263969132359344
40	0	43	4	0.022263969132359344
40	0	43	44	0.022263969132359344
40	0	43	20	0.022263969132359344
40	0	43	94	0.022263969132359344
40	0	43	5	0.022263969132359344
40	0	43	9	0.022157448718374044
40	0	43	98	0.022157448718374044
40	0	43	10	0.022157448718374044
40	0	43	3	0.022157448718374044
40	0	43	90	0.01973031427762325
40	0	43	69	0.01939107611855097
40	0	43	18	0.01939107611855097
40	0	43	61	0.003977456019165121
40	0	43	60	0.003977456019165121
40	0	44	0	0.4700997122801715
40	0	44	66	0.09950203357448378
40	0	44	29	0.11758979202241339
40	0	44	23	0.11758979202241339
40	0	44	74	0.11758979202241339
40	0	44	11	0.02824562298393096
40	0	44	4	0.02824562298393096
40	0	44	20	0.02654312522637114
40	0	44	94	0.02654312522637114
40	0	44	98	0.02654312522637114
40	0	44	5	0.025892112236612832
40	0	44	44	0.025892112236612832
40	0	44	3	0.025892112236612832
40	0	44	9	0.025892112236612832
40	0	44	10	0.025892112236612832
40	0	44	69	0.01307319836607988
40	0	44	60	0.009622476636398685
40	0	44	61	0.009622476636398685
40	0	44	90	0.01307319836607988
40	0	44	18	0.01307319836607988
40	0	45	0	0.44505684694862396
40	0	45	66	0.1323127784399959
40	0	45	29	0.1323127784399959
40	0	45	23	0.1323127784399959
40	0	45	74	0.1323127784399959
40	0	45	11	0.027924758683882528
40	0	45	4	0.027924758683882528
40	0	45	94	0.027924758683882528
40	0	45	20	0.027924758683882528
40	0	45	5	0.027924758683882528
40	0	45	44	0.027924758683882528
40	0	45	9	0.027924758683882528
40	0	45	98	0.027924758683882528
40	0	45	10	0.027924758683882528
40	0	45	3	0.027924758683882528
40	0	45	90	0.008351582718646305
40	0	45	69	0.008351582718646305
40	0	45	18	0.008351582718646305
40	0	45	76	0.0063671997227790905
40	0	45	83	0.0063671997227790905
40	0	46	0	0.4507601175923241
40	0	46	66	0.1302101869501846
40	0	46	29	0.1302101869501846
40	0	46	23	0.1302101869501846
40	0	46	74	0.1302101869501846
40	0	46	11	0.0244089528114096
40	0	46	4	0.0244089528114096
40	0	46	44	0.0244089528114096
40	0	46	20	0.0244089528114096
40	0	46	94	0.0244089528114096
40	0	46	5	0.0244089528114096
40	0	46	9	0.0244089528114096
40	0	46	98	0.021506352029671494
40	0	46	10	0.021506352029671494
40	0	46	3	0.017592087690505905
40	0	46	90	0.017592087690505905
40	0	46	61	0.007592273499338771
40	0	46	18	0.014384581090280298
40	0	46	69	0.014384581090280298
40	0	46	7	0.0003882939220710801
40	0	47	0	0.4532234747997972
40	0	47	66	0.11150127224812668
40	0	47	29	0.12061995686611988
40	0	47	23	0.12061995686611988
40	0	47	74	0.12061995686611988
40	0	47	20	0.027184932621540904
40	0	47	94	0.027184932621540904
40	0	47	4	0.027184932621540904
40	0	47	11	0.027184932621540904
40	0	47	5	0.027184932621540904
40	0	47	98	0.027184932621540904
40	0	47	44	0.027184932621540904
40	0	47	10	0.02042486876411545
40	0	47	3	0.027184932621540904
40	0	47	9	0.027184932621540904
40	0	47	61	0.004644594646556215
40	0	47	60	0.004538607616613507
40	0	47	18	0.013899317064397666
40	0	47	69	0.013899317064397666
40	0	47	90	0.013899317064397666
40	0	48	0	0.468083506294518
40	0	48	66	0.11403822685206406
40	0	48	29	0.11403822685206406
40	0	48	23	0.11403822685206406
40	0	48	74	0.11403822685206406
40	0	48	11	0.0357607981962246
40	0	48	4	0.0357607981962246
40	0	48	44	0.0357607981962246
40	0	48	20	0.0357607981962246
40	0	48	94	0.0357607981962246
40	0	48	5	0.0357607981962246
40	0	48	9	0.0357607981962246
40	0	48	98	0.015499645349411105
40	0	48	3	0.017095897344489595
40	0	48	10	0.017095897344489595
40	0	48	90	0.013744659915471191
40	0	48	18	0.013744659915471191
40	0	48	69	0.013744659915471191
40	0	48	61	0.004843105100605511
40	0	48	99	0.004843105100605511
40	0	49	0	0.4336437860379011
40	0	49	66	0.12385273269840343
40	0	49	29	0.12385273269840343
40	0	49	23	0.12385273269840343
40	0	49	74	0.12385273269840343
40	0	49	11	0.032848063642668575
40	0	49	4	0.032848063642668575
40	0	49	94	0.032848063642668575
40	0	49	20	0.032848063642668575
40	0	49	5	0.032848063642668575
40	0	49	44	0.032848063642668575
40	0	49	9	0.032848063642668575
40	0	49	98	0.032848063642668575
40	0	49	90	0.015615329049050518
40	0	49	10	0.03262774214155746
40	0	49	3	0.03262774214155746
40	0	49	69	0.010889640127963337
40	0	49	18	0.010889640127963337
40	0	49	61	0.006486364771173681
40	0	49	42	0.006486364771173681
40	0	50	0	0.45336465819400434
40	0	50	66	0.11650750904398752
40	0	50	29	0.11650750904398752
40	0	50	23	0.11650750904398752
40	0	50	74	0.11650750904398752
40	0	50	11	0.04169864114646835
40	0	50	4	0.04169864114646835
40	0	50	20	0.04169864114646835
40	0	50	98	0.04169864114646835
40	0	50	44	0.04169864114646835
40	0	50	94	0.04169864114646835
40	0	50	5	0.04169864114646835
40	0	50	69	0.01637522658575056
40	0	50	10	0.04169864114646835
40	0	50	3	0.04169864114646835
40	0	50	9	0.04169864114646835
40	0	50	18	0.01637522658575056
40	0	50	90	0.01637522658575056
40	0	50	7	0.01637522658575056
40	0	50	61	0.002753268260841709
40	0	51	0	0.4461398705825907
40	0	51	66	0.11265194976872725
40	0	51	29	0.11265194976872725
40	0	51	23	0.11265194976872725
40	0	51	74	0.11265194976872725
40	0	51	11	0.02557850056511492
40	0	51	4	0.02557850056511492
40	0	51	20	0.02557850056511492
40	0	51	94	0.02557850056511492
40	0	51	98	0.023337317192800286
40	0	51	5	0.023337317192800286
40	0	51	44	0.023337317192800286
40	0	51	9	0.023337317192800286
40	0	51	3	0.023337317192800286
40	0	51	10	0.023337317192800286
40	0	51	60	0.005579461357956949
40	0	51	61	0.005579461357956949
40	0	51	18	0.013515207325769957
40	0	51	90	0.013515207325769957
40	0	51	69	0.013515207325769957
40	0	51	7	0.004928113117321685
40	0	52	0	0.44980445125982943
40	0	52	66	0.10375231774760317
40	0	52	29	0.13099861495369286
40	0	52	23	0.13099861495369286
40	0	52	74	0.13099861495369286
40	0	52	11	0.025325366745022677
40	0	52	94	0.025325366745022677
40	0	52	20	0.025325366745022677
40	0	52	4	0.025325366745022677
40	0	52	5	0.022190443940627944
40	0	52	98	0.022190443940627944
40	0	52	44	0.022190443940627944
40	0	52	10	0.020875676510828906
40	0	52	3	0.020875676510828906
40	0	52	9	0.020875676510828906
40	0	52	90	0.018403329613594387
40	0	52	69	0.018403329613594387
40	0	52	18	0.018403329613594387
40	0	52	38	0.003211967343665526
40	0	52	60	0.004219646694879841
40	0	52	61	0.004219646694879841
40	0	53	0	0.4391307848380738
40	0	53	66	0.1068628034499398
40	0	53	29	0.12200995082374605
40	0	53	23	0.12200995082374605
40	0	53	74	0.12200995082374605
40	0	53	20	0.026127237090377644
40	0	53	94	0.021793122725647446
40	0	53	4	0.021793122725647446
40	0	53	11	0.021793122725647446
40	0	53	5	0.021793122725647446
40	0	53	98	0.021793122725647446
40	0	53	44	0.021793122725647446
40	0	53	9	0.015441643361814
40	0	53	10	0.015441643361814
40	0	53	3	0.015441643361814
40	0	53	60	0.011544796676350751
40	0	53	69	0.011544796676350751
40	0	53	18	0.011544796676350751
40	0	53	90	0.011544796676350751
40	0	53	76	0.0030993018349038523
40	0	54	0	0.3981026477112073
40	0	54	23	0.12597215500367365
40	0	54	66	0.12597215500367365
40	0	54	74	0.12597215500367365
40	0	54	29	0.12597215500367365
40	0	54	11	0.023107263472887263
40	0	54	4	0.023107263472887263
40	0	54	20	0.023107263472887263
40	0	54	94	0.023107263472887263
40	0	54	44	0.023107263472887263
40	0	54	5	0.021939516598872746
40	0	54	9	0.021939516598872746
40	0	54	3	0.021939516598872746
40	0	54	10	0.021939516598872746
40	0	54	98	0.021939516598872746
40	0	54	69	0.021016561850673496
40	0	54	18	0.021016561850673496
40	0	54	90	0.021016561850673496
40	0	54	76	0.0029130686117480736
40	0	54	60	0.0029130686117480736
40	0	55	0	0.45097344352274715
40	0	55	66	0.11141416038279121
40	0	55	29	0.11141416038279121
40	0	55	23	0.11141416038279121
40	0	55	74	0.11141416038279121
40	0	55	20	0.023912951889508597
40	0	55	94	0.023912951889508597
40	0	55	4	0.023912951889508597
40	0	55	11	0.023912951889508597
40	0	55	5	0.023912951889508597
40	0	55	44	0.023912951889508597
40	0	55	98	0.023912951889508597
40	0	55	9	0.023912951889508597
40	0	55	3	0.023912951889508597
40	0	55	10	0.021801378070036664
40	0	55	61	0.010989933222860276
40	0	55	60	0.010989933222860276
40	0	55	90	0.010989933222860276
40	0	55	18	0.010989933222860276
40	0	55	69	0.010989933222860276
40	0	56	0	0.45329155652339315
40	0	56	66	0.13508489009523197
40	0	56	29	0.13508489009523197
40	0	56	23	0.13508489009523197
40	0	56	74	0.13508489009523197
40	0	56	11	0.041292008999225104
40	0	56	4	0.041292008999225104
40	0	56	94	0.041292008999225104
40	0	56	5	0.041292008999225104
40	0	56	20	0.041292008999225104
40	0	56	44	0.041292008999225104
40	0	56	9	0.041292008999225104
40	0	56	3	0.041292008999225104
40	0	56	98	0.041292008999225104
40	0	56	10	0.041292008999225104
40	0	56	90	0.021083544755668714
40	0	56	60	0.002966038301748444
40	0	56	76	0.002966038301748444
40	0	56	38	0.002966038301748444
40	0	56	69	0.002966038301748444
40	0	57	0	0.45301631848804186
40	0	57	66	0.11695238981665086
40	0	57	29	0.1172252207940396
40	0	57	23	0.1172252207940396
40	0	57	74	0.1172252207940396
40	0	57	11	0.02685150844044658
40	0	57	94	0.02685150844044658
40	0	57	20	0.02685150844044658
40	0	57	4	0.02685150844044658
40	0	57	5	0.02685150844044658
40	0	57	44	0.02685150844044658
40	0	57	10	0.02685150844044658
40	0	57	98	0.02685150844044658
40	0	57	3	0.02685150844044658
40	0	57	9	0.02685150844044658
40	0	57	69	0.012297874820825139
40	0	57	60	0.012297874820825139
40	0	57	90	0.012297874820825139
40	0	57	18	0.012297874820825139
40	0	57	7	0.004628841166563548
40	0	58	0	0.47628447130320894
40	0	58	66	0.13170833082359695
40	0	58	29	0.13170833082359695
40	0	58	23	0.13170833082359695
40	0	58	74	0.13170833082359695
40	0	58	11	0.021763359303312396
40	0	58	4	0.021763359303312396
40	0	58	94	0.021763359303312396
40	0	58	20	0.021763359303312396
40	0	58	44	0.021763359303312396
40	0	58	98	0.021763359303312396
40	0	58	5	0.021763359303312396
40	0	58	90	0.01085003977755778
40	0	58	3	0.018188489017988387
40	0	58	9	0.018188489017988387
40	0	58	10	0.018188489017988387
40	0	58	18	0.01328141635296496
40	0	58	69	0.01328141635296496
40	0	58	83	0.0017912641541746662
40	0	58	7	0.002550837019234281
40	0	58	38	0.002550837019234281
40	0	59	0	0.47740081681678365
40	0	59	66	0.11873939675577065
40	0	59	29	0.11873939675577065
40	0	59	23	0.11873939675577065
40	0	59	74	0.11873939675577065
40	0	59	94	0.03664045831438838
40	0	59	4	0.03664045831438838
40	0	59	11	0.03664045831438838
40	0	59	20	0.03664045831438838
40	0	59	5	0.03664045831438838
40	0	59	44	0.03664045831438838
40	0	59	9	0.03664045831438838
40	0	59	3	0.03664045831438838
40	0	59	98	0.03664045831438838
40	0	59	10	0.020225459900595356
40	0	59	90	0.012248568473018452
40	0	59	61	0.010729131069095775
40	0	59	69	0.012248568473018452
40	0	59	18	0.012248568473018452
40	0	59	76	0.001600701303810126
40	0	60	0	0.4547049632301813
40	0	60	66	0.10509038460244607
40	0	60	29	0.11578820533750801
40	0	60	23	0.11578820533750801
40	0	60	74	0.11578820533750801
40	0	60	11	0.0418624390533015
40	0	60	4	0.0418624390533015
40	0	60	5	0.033897328954364564
40	0	60	94	0.0418624390533015
40	0	60	20	0.0418624390533015
40	0	60	9	0.033897328954364564
40	0	60	44	0.033897328954364564
40	0	60	3	0.016626000670818205
40	0	60	98	0.016626000670818205
40	0	60	10	0.016626000670818205
40	0	60	60	0.007948719437092303
40	0	60	18	0.012003327098505627
40	0	60	69	0.012003327098505627
40	0	60	90	0.012003327098505627
40	0	60	83	0.002228209669558524
40	0	61	0	0.4513916105209431
40	0	61	66	0.11613343376999953
40	0	61	29	0.11613343376999953
40	0	61	23	0.11613343376999953
40	0	61	74	0.11613343376999953
40	0	61	20	0.02644774125830753
40	0	61	94	0.02644774125830753
40	0	61	11	0.02644774125830753
40	0	61	4	0.02644774125830753
40	0	61	5	0.02644774125830753
40	0	61	44	0.02644774125830753
40	0	61	98	0.02644774125830753
40	0	61	9	0.02535526056445391
40	0	61	3	0.02535526056445391
40	0	61	10	0.019364367975757805
40	0	61	60	0.00464394021987676
40	0	61	69	0.017606454037009747
40	0	61	18	0.017606454037009747
40	0	61	90	0.017606454037009747
40	0	61	61	0.00464394021987676
40	0	62	0	0.45037265447572106
40	0	62	66	0.1115005971769449
40	0	62	29	0.1115005971769449
40	0	62	23	0.1115005971769449
40	0	62	74	0.1115005971769449
40	0	62	20	0.029743032718832395
40	0	62	11	0.029743032718832395
40	0	62	4	0.029743032718832395
40	0	62	98	0.029743032718832395
40	0	62	44	0.029743032718832395
40	0	62	94	0.029743032718832395
40	0	62	5	0.029743032718832395
40	0	62	9	0.029743032718832395
40	0	62	3	0.029743032718832395
40	0	62	10	0.029743032718832395
40	0	62	69	0.01114884616080043
40	0	62	60	0.008819489278280909
40	0	62	61	0.008819489278280909
40	0	62	90	0.01114884616080043
40	0	62	7	0.01114884616080043
40	0	62	18	0.01114884616080043
40	0	63	0	0.4399166432566687
40	0	63	66	0.12241846054834923
40	0	63	29	0.12241846054834923
40	0	63	23	0.12241846054834923
40	0	63	74	0.12241846054834923
40	0	63	11	0.026558233353660084
40	0	63	4	0.026558233353660084
40	0	63	20	0.026558233353660084
40	0	63	5	0.02356640003539373
40	0	63	98	0.026558233353660084
40	0	63	44	0.026558233353660084
40	0	63	94	0.026558233353660084
40	0	63	90	0.01973457983451204
40	0	63	60	0.0020573735741332287
40	0	63	10	0.01973457983451204
40	0	63	3	0.01973457983451204
40	0	63	9	0.01973457983451204
40	0	63	18	0.01973457983451204
40	0	63	69	0.01973457983451204
40	0	63	7	0.005979208428656683
40	0	64	0	0.4527622063215943
40	0	64	66	0.13013196419491876
40	0	64	29	0.13013196419491876
40	0	64	23	0.13013196419491876
40	0	64	74	0.13013196419491876
40	0	64	11	0.02993629658860722
40	0	64	4	0.02993629658860722
40	0	64	94	0.02993629658860722
40	0	64	20	0.02993629658860722
40	0	64	5	0.02993629658860722
40	0	64	44	0.02993629658860722
40	0	64	9	0.02993629658860722
40	0	64	98	0.02993629658860722
40	0	64	3	0.02993629658860722
40	0	64	10	0.021357300708565393
40	0	64	90	0.017994424192623402
40	0	64	69	0.01130654578437884
40	0	64	18	0.01130654578437884
40	0	64	61	0.0036234217241806065
40	0	64	60	0.0036234217241806065
40	0	65	0	0.4579692636634299
40	0	65	66	0.12267433631679484
40	0	65	29	0.12267433631679484
40	0	65	23	0.12267433631679484
40	0	65	74	0.12267433631679484
40	0	65	11	0.024012761382524745
40	0	65	4	0.024012761382524745
40	0	65	20	0.024012761382524745
40	0	65	94	0.024012761382524745
40	0	65	5	0.024012761382524745
40	0	65	44	0.024012761382524745
40	0	65	9	0.024012761382524745
40	0	65	3	0.024012761382524745
40	0	65	98	0.024012761382524745
40	0	65	10	0.024012761382524745
40	0	65	90	0.024012761382524745
40	0	65	69	0.011234188847481199
40	0	65	18	0.011234188847481199
40	0	65	7	0.011234188847481199
40	0	65	38	0.00555037548750225
40	0	66	0	0.4539454025822766
40	0	66	66	0.10667108647087253
40	0	66	29	0.12989719418827492
40	0	66	23	0.12989719418827492
40	0	66	74	0.12989719418827492
40	0	66	11	0.03690909110431291
40	0	66	4	0.03690909110431291
40	0	66	44	0.03690909110431291
40	0	66	94	0.03690909110431291
40	0	66	20	0.03690909110431291
40	0	66	98	0.03690909110431291
40	0	66	5	0.03690909110431291
40	0	66	9	0.03690909110431291
40	0	66	10	0.03690909110431291
40	0	66	3	0.03690909110431291
40	0	66	69	0.010052962756495922
40	0	66	18	0.010052962756495922
40	0	66	90	0.010052962756495922
40	0	66	7	0.0031037093585630144
40	0	66	61	0.0031037093585630144
40	0	67	0	0.45162356696635675
40	0	67	66	0.10844768417825174
40	0	67	29	0.1155236514850339
40	0	67	23	0.1155236514850339
40	0	67	74	0.1155236514850339
40	0	67	20	0.026054443508439596
40	0	67	11	0.02209720639829803
40	0	67	4	0.02209720639829803
40	0	67	94	0.020547651755244492
40	0	67	5	0.020547651755244492
40	0	67	98	0.020547651755244492
40	0	67	44	0.020547651755244492
40	0	67	9	0.020547651755244492
40	0	67	3	0.020547651755244492
40	0	67	10	0.020547651755244492
40	0	67	61	0.014172328506160745
40	0	67	60	0.014172328506160745
40	0	67	18	0.014172328506160745
40	0	67	69	0.014172328506160745
40	0	67	90	0.014172328506160745
40	0	68	0	0.4612512045934355
40	0	68	66	0.11056135841838935
40	0	68	29	0.12669977766142718
40	0	68	23	0.12669977766142718
40	0	68	74	0.12669977766142718
40	0	68	20	0.02528056406239345
40	0	68	11	0.02528056406239345
40	0	68	4	0.02528056406239345
40	0	68	94	0.02528056406239345
40	0	68	98	0.02528056406239345
40	0	68	5	0.02528056406239345
40	0	68	44	0.02528056406239345
40	0	68	9	0.02528056406239345
40	0	68	10	0.02528056406239345
40	0	68	3	0.02528056406239345
40	0	68	69	0.012838945261459409
40	0	68	18	0.012838945261459409
40	0	68	90	0.0071254233266095915
40	0	68	7	0.0071254233266095915
40	0	68	61	0.006017343873995784
40	0	68	60	0.006017343873995784
40	0	69	0	0.45136275568230394
40	0	69	66	0.10807939863822191
40	0	69	29	0.11308163226831461
40	0	69	23	0.11308163226831461
40	0	69	74	0.11308163226831461
40	0	69	20	0.03416525641984183
40	0	69	11	0.03416525641984183
40	0	69	4	0.03416525641984183
40	0	69	44	0.03416525641984183
40	0	69	98	0.03416525641984183
40	0	69	94	0.03416525641984183
40	0	69	5	0.03416525641984183
40	0	69	10	0.02045812207970115
40	0	69	3	0.03416525641984183
40	0	69	9	0.03416525641984183
40	0	69	69	0.02045812207970115
40	0	69	18	0.02045812207970115
40	0	69	90	0.02045812207970115
40	0	69	7	0.0012751128705644807
40	0	69	61	0.005922512852000118
40	0	69	60	0.005922512852000118
40	0	70	0	0.44969499066455015
40	0	70	66	0.10597335796483533
40	0	70	29	0.12704054782298038
40	0	70	23	0.12704054782298038
40	0	70	74	0.12704054782298038
40	0	70	11	0.03035177904298136
40	0	70	94	0.03248831681661597
40	0	70	20	0.03248831681661597
40	0	70	4	0.03035177904298136
40	0	70	5	0.03035177904298136
40	0	70	98	0.03035177904298136
40	0	70	44	0.03035177904298136
40	0	70	9	0.03035177904298136
40	0	70	10	0.03035177904298136
40	0	70	3	0.03035177904298136
40	0	70	69	0.01024822086689316
40	0	70	18	0.01024822086689316
40	0	70	61	0.0024533880350549563
40	0	70	90	0.0077715008518783706
40	0	70	7	0.0077715008518783706
40	0	70	38	0.005302896659472273
40	0	71	0	0.4544610100087012
40	0	71	66	0.12878367109698172
40	0	71	29	0.12878367109698172
40	0	71	23	0.12878367109698172
40	0	71	74	0.12878367109698172
40	0	71	11	0.025238332314733623
40	0	71	4	0.025238332314733623
40	0	71	20	0.025238332314733623
40	0	71	94	0.025238332314733623
40	0	71	5	0.025238332314733623
40	0	71	44	0.025238332314733623
40	0	71	3	0.025238332314733623
40	0	71	98	0.025238332314733623
40	0	71	9	0.025238332314733623
40	0	71	10	0.025238332314733623
40	0	71	90	0.025238332314733623
40	0	71	69	0.019038111502115818
40	0	71	18	0.019038111502115818
40	0	71	42	0.0024538813404719763
40	0	71	61	0.0021716021106304257
40	0	72	0	0.4419028135155968
40	0	72	66	0.10609980914271606
40	0	72	29	0.1277955103005868
40	0	72	23	0.1277955103005868
40	0	72	74	0.1277955103005868
40	0	72	20	0.03040888585055182
40	0	72	94	0.03040888585055182
40	0	72	4	0.03040888585055182
40	0	72	11	0.03040888585055182
40	0	72	5	0.02432124893624034
40	0	72	44	0.02432124893624034
40	0	72	98	0.02432124893624034
40	0	72	3	0.02432124893624034
40	0	72	9	0.02432124893624034
40	0	72	10	0.0226177896488148
40	0	72	69	0.019604251809798936
40	0	72	61	0.004762009266742303
40	0	72	60	0.004762009266742303
40	0	72	18	0.019604251809798936
40	0	72	90	0.019604251809798936
40	0	73	0	0.37156236101738765
40	0	73	29	0.12257927613065642
40	0	73	66	0.12257927613065642
40	0	73	23	0.12257927613065642
40	0	73	74	0.12257927613065642
40	0	73	11	0.022955030254549987
40	0	73	4	0.022955030254549987
40	0	73	94	0.022955030254549987
40	0	73	20	0.022955030254549987
40	0	73	5	0.022955030254549987
40	0	73	44	0.022955030254549987
40	0	73	98	0.022955030254549987
40	0	73	10	0.022955030254549987
40	0	73	3	0.022955030254549987
40	0	73	9	0.022955030254549987
40	0	73	90	0.018126904695386935
40	0	73	61	0.005242649959220786
40	0	73	18	0.018126904695386935
40	0	73	69	0.018126904695386935
40	0	73	60	0.005242649959220786
40	0	74	0	0.448534740637565
40	0	74	66	0.11064752494900469
40	0	74	29	0.11940144510064409
40	0	74	23	0.11940144510064409
40	0	74	74	0.11940144510064409
40	0	74	20	0.024825341941327937
40	0	74	94	0.024825341941327937
40	0	74	4	0.024825341941327937
40	0	74	11	0.024825341941327937
40	0	74	5	0.024825341941327937
40	0	74	44	0.024825341941327937
40	0	74	98	0.024825341941327937
40	0	74	9	0.024825341941327937
40	0	74	3	0.024825341941327937
40	0	74	10	0.024825341941327937
40	0	74	90	0.012983723194907936
40	0	74	69	0.012983723194907936
40	0	74	18	0.012983723194907936
40	0	74	99	0.003694307329500544
40	0	74	60	0.012983723194907936
40	0	74	61	0.012983723194907936
40	0	75	0	0.438989122729138
40	0	75	66	0.11620268332324034
40	0	75	29	0.11620268332324034
40	0	75	23	0.11620268332324034
40	0	75	74	0.11620268332324034
40	0	75	20	0.024266941413884937
40	0	75	94	0.024266941413884937
40	0	75	4	0.024266941413884937
40	0	75	11	0.024266941413884937
40	0	75	98	0.023339341917605567
40	0	75	44	0.023339341917605567
40	0	75	3	0.023339341917605567
40	0	75	5	0.023339341917605567
40	0	75	9	0.023339341917605567
40	0	75	10	0.023339341917605567
40	0	75	90	0.011073238632910395
40	0	75	69	0.011073238632910395
40	0	75	18	0.011073238632910395
40	0	75	7	0.0034511705260506418
40	0	75	42	0.002413087384354993
40	0	76	0	0.4545113620037751
40	0	76	66	0.12391954626287476
40	0	76	29	0.12391954626287476
40	0	76	23	0.12391954626287476
40	0	76	74	0.12391954626287476
40	0	76	11	0.026776404457283024
40	0	76	4	0.026776404457283024
40	0	76	44	0.026776404457283024
40	0	76	94	0.026776404457283024
40	0	76	20	0.026776404457283024
40	0	76	5	0.026776404457283024
40	0	76	9	0.026776404457283024
40	0	76	10	0.026776404457283024
40	0	76	98	0.026776404457283024
40	0	76	3	0.026776404457283024
40	0	76	90	0.017061772116328814
40	0	76	69	0.017061772116328814
40	0	76	18	0.017061772116328814
40	0	76	61	0.009478145977123674
40	0	76	60	0.009478145977123674
40	0	77	0	0.4557638158716413
40	0	77	66	0.12191457237084173
40	0	77	29	0.12191457237084173
40	0	77	23	0.12191457237084173
40	0	77	74	0.12191457237084173
40	0	77	94	0.02512940326582706
40	0	77	4	0.02512940326582706
40	0	77	11	0.02512940326582706
40	0	77	98	0.02512940326582706
40	0	77	44	0.02512940326582706
40	0	77	20	0.02512940326582706
40	0	77	90	0.015516686298711634
40	0	77	5	0.02512940326582706
40	0	77	9	0.02512940326582706
40	0	77	10	0.02512940326582706
40	0	77	3	0.02512940326582706
40	0	77	69	0.012448747319876073
40	0	77	18	0.012448747319876073
40	0	77	7	0.012448747319876073
40	0	77	61	0.0028718681828206944
40	0	78	0	0.4509667005471128
40	0	78	66	0.10408478216086402
40	0	78	29	0.11685740569475646
40	0	78	23	0.11685740569475646
40	0	78	74	0.11685740569475646
40	0	78	20	0.025495311083010706
40	0	78	11	0.025495311083010706
40	0	78	4	0.025495311083010706
40	0	78	44	0.025495311083010706
40	0	78	98	0.025495311083010706
40	0	78	94	0.025495311083010706
40	0	78	5	0.022358230670800092
40	0	78	9	0.01797899181253463
40	0	78	3	0.01797899181253463
40	0	78	10	0.017891048675463744
40	0	78	69	0.013466152337373572
40	0	78	18	0.013466152337373572
40	0	78	90	0.008136924838017347
40	0	78	61	0.009114915591277327
40	0	78	60	0.009114915591277327
40	0	79	0	0.4521136982704729
40	0	79	66	0.10573786756636572
40	0	79	29	0.1145693447616683
40	0	79	23	0.1145693447616683
40	0	79	74	0.1145693447616683
40	0	79	20	0.02945650740520897
40	0	79	11	0.02945650740520897
40	0	79	4	0.02945650740520897
40	0	79	44	0.02945650740520897
40	0	79	98	0.02945650740520897
40	0	79	94	0.02945650740520897
40	0	79	5	0.02945650740520897
40	0	79	10	0.019215467049325526
40	0	79	3	0.02945650740520897
40	0	79	9	0.02945650740520897
40	0	79	90	0.019215467049325526
40	0	79	60	0.019215467049325526
40	0	79	61	0.019215467049325526
40	0	79	18	0.019215467049325526
40	0	79	69	0.019215467049325526
40	0	79	42	0.0011703614651013914
40	0	80	0	0.45186715834295527
40	0	80	66	0.12532194837826457
40	0	80	29	0.12532194837826457
40	0	80	23	0.12532194837826457
40	0	80	74	0.12532194837826457
40	0	80	11	0.039973544906825045
40	0	80	4	0.039973544906825045
40	0	80	94	0.039973544906825045
40	0	80	5	0.0327658927747888
40	0	80	20	0.039973544906825045
40	0	80	98	0.039973544906825045
40	0	80	44	0.039973544906825045
40	0	80	9	0.0327658927747888
40	0	80	10	0.0327658927747888
40	0	80	3	0.0327658927747888
40	0	80	18	0.006243025718465526
40	0	80	69	0.006243025718465526
40	0	80	61	0.006229478330093022
40	0	80	90	0.006229478330093022
40	0	80	60	0.006229478330093022
40	0	81	0	0.47393279893190016
40	0	81	66	0.10588889747645044
40	0	81	29	0.12271803463928183
40	0	81	23	0.12271803463928183
40	0	81	74	0.12271803463928183
40	0	81	11	0.027592236351790884
40	0	81	94	0.027592236351790884
40	0	81	20	0.027592236351790884
40	0	81	4	0.027592236351790884
40	0	81	5	0.027592236351790884
40	0	81	98	0.027592236351790884
40	0	81	44	0.027592236351790884
40	0	81	9	0.027592236351790884
40	0	81	3	0.027592236351790884
40	0	81	10	0.027592236351790884
40	0	81	83	0.0018253434403816143
40	0	81	69	0.014290240454760895
40	0	81	90	0.014290240454760895
40	0	81	18	0.014290240454760895
40	0	81	38	0.004947303785134208
40	0	81	7	0.004947303785134208
40	0	82	0	0.44973012692043196
40	0	82	66	0.10879093015803973
40	0	82	29	0.132390423736355
40	0	82	23	0.132390423736355
40	0	82	74	0.132390423736355
40	0	82	11	0.020585206483867222
40	0	82	4	0.020585206483867222
40	0	82	44	0.028642166312352974
40	0	82	94	0.028642166312352974
40	0	82	20	0.028642166312352974
40	0	82	98	0.020585206483867222
40	0	82	5	0.020585206483867222
40	0	82	9	0.018509912784405808
40	0	82	3	0.018509912784405808
40	0	82	10	0.018509912784405808
40	0	82	90	0.010866058390725518
40	0	82	18	0.010866058390725518
40	0	82	69	0.010866058390725518
40	0	82	7	0.00598294373741695
40	0	82	61	0.00598294373741695
40	0	83	0	0.43982442598408206
40	0	83	66	0.13904104006210888
40	0	83	29	0.13904104006210888
40	0	83	23	0.13904104006210888
40	0	83	74	0.13904104006210888
40	0	83	11	0.03306976482711028
40	0	83	4	0.03306976482711028
40	0	83	5	0.03306976482711028
40	0	83	94	0.03306976482711028
40	0	83	44	0.03306976482711028
40	0	83	20	0.03306976482711028
40	0	83	98	0.03306976482711028
40	0	83	10	0.018375705512381664
40	0	83	3	0.03306976482711028
40	0	83	9	0.03306976482711028
40	0	83	90	0.013657069740591875
40	0	83	69	0.012162899629125236
40	0	83	18	0.012162899629125236
40	0	83	62	0.00478755496193993
40	0	83	38	0.00454508815001573
40	0	84	0	0.4461369622804144
40	0	84	66	0.12275931628693224
40	0	84	29	0.12275931628693224
40	0	84	23	0.12275931628693224
40	0	84	74	0.12275931628693224
40	0	84	20	0.03126800049969093
40	0	84	11	0.03126800049969093
40	0	84	4	0.03126800049969093
40	0	84	5	0.03126800049969093
40	0	84	44	0.03126800049969093
40	0	84	94	0.03126800049969093
40	0	84	98	0.03126800049969093
40	0	84	9	0.03126800049969093
40	0	84	61	0.013116136163288073
40	0	84	3	0.03126800049969093
40	0	84	10	0.03126800049969093
40	0	84	60	0.013116136163288073
40	0	84	90	0.01031400583979267
40	0	84	69	0.01031400583979267
40	0	84	18	0.01031400583979267
40	0	85	0	0.4486913414593292
40	0	85	66	0.11275365003455565
40	0	85	29	0.11352794998687397
40	0	85	23	0.11352794998687397
40	0	85	74	0.11352794998687397
40	0	85	11	0.025964185358220433
40	0	85	94	0.025964185358220433
40	0	85	20	0.025964185358220433
40	0	85	4	0.025964185358220433
40	0	85	5	0.02590059019756745
40	0	85	98	0.02590059019756745
40	0	85	44	0.02590059019756745
40	0	85	3	0.02590059019756745
40	0	85	9	0.02590059019756745
40	0	85	10	0.02590059019756745
40	0	85	69	0.014478000094467062
40	0	85	18	0.014478000094467062
40	0	85	90	0.014478000094467062
40	0	85	61	0.009207280439061646
40	0	85	60	0.009207280439061646
40	0	86	0	0.45238441094468174
40	0	86	66	0.11001387428971818
40	0	86	29	0.12448249654938882
40	0	86	23	0.12448249654938882
40	0	86	74	0.12448249654938882
40	0	86	11	0.02783034350521115
40	0	86	94	0.02783034350521115
40	0	86	20	0.02783034350521115
40	0	86	4	0.02783034350521115
40	0	86	5	0.02783034350521115
40	0	86	98	0.02783034350521115
40	0	86	44	0.02783034350521115
40	0	86	10	0.02783034350521115
40	0	86	9	0.02783034350521115
40	0	86	3	0.02783034350521115
40	0	86	69	0.01189394154643586
40	0	86	61	0.005628931232012733
40	0	86	18	0.01189394154643586
40	0	86	90	0.01189394154643586
40	0	86	7	0.005714243737115159
40	0	87	0	0.44171047170162303
40	0	87	66	0.10192160453739679
40	0	87	29	0.13229802299562604
40	0	87	23	0.13229802299562604
40	0	87	74	0.13229802299562604
40	0	87	11	0.03907008292648382
40	0	87	4	0.03907008292648382
40	0	87	44	0.03907008292648382
40	0	87	94	0.03907008292648382
40	0	87	20	0.03907008292648382
40	0	87	98	0.03907008292648382
40	0	87	5	0.03907008292648382
40	0	87	69	0.00824637349239889
40	0	87	10	0.03907008292648382
40	0	87	3	0.03907008292648382
40	0	87	9	0.03907008292648382
40	0	87	18	0.00824637349239889
40	0	87	60	0.007410704788498927
40	0	87	90	0.007410704788498927
40	0	87	7	0.005265729143973397
40	0	88	0	0.4691232931677192
40	0	88	66	0.12876504347712237
40	0	88	29	0.12876504347712237
40	0	88	23	0.12876504347712237
40	0	88	74	0.12876504347712237
40	0	88	11	0.023780055021783736
40	0	88	20	0.023780055021783736
40	0	88	94	0.023780055021783736
40	0	88	4	0.023780055021783736
40	0	88	44	0.023780055021783736
40	0	88	5	0.023780055021783736
40	0	88	3	0.023780055021783736
40	0	88	9	0.023780055021783736
40	0	88	98	0.023780055021783736
40	0	88	10	0.02333693774231664
40	0	88	90	0.020044949088573887
40	0	88	69	0.01798144887920068
40	0	88	18	0.01798144887920068
40	0	88	42	0.0018581997525405377
40	0	88	60	0.006793737674921074
40	0	88	61	0.006793737674921074
40	0	89	0	0.47168429398075506
40	0	89	66	0.11113252529425197
40	0	89	29	0.11624946946392449
40	0	89	23	0.11624946946392449
40	0	89	74	0.11624946946392449
40	0	89	11	0.029700975429603323
40	0	89	4	0.029700975429603323
40	0	89	94	0.029700975429603323
40	0	89	5	0.029700975429603323
40	0	89	20	0.029700975429603323
40	0	89	44	0.029700975429603323
40	0	89	9	0.029700975429603323
40	0	89	3	0.029700975429603323
40	0	89	98	0.029700975429603323
40	0	89	10	0.02174390040354578
40	0	89	90	0.019396205833380416
40	0	89	69	0.016033704070885606
40	0	89	18	0.016033704070885606
40	0	89	61	0.0031717765249130165
40	0	89	38	0.0031717765249130165
40	0	90	0	0.44911128026226593
40	0	90	66	0.12805390027047656
40	0	90	29	0.12805390027047656
40	0	90	23	0.12805390027047656
40	0	90	74	0.12805390027047656
40	0	90	11	0.027354149685231786
40	0	90	4	0.027354149685231786
40	0	90	94	0.027354149685231786
40	0	90	5	0.027354149685231786
40	0	90	20	0.027354149685231786
40	0	90	44	0.027354149685231786
40	0	90	9	0.027354149685231786
40	0	90	3	0.027354149685231786
40	0	90	98	0.027354149685231786
40	0	90	10	0.027354149685231786
40	0	90	90	0.01782002829644735
40	0	90	61	0.00829459808104487
40	0	90	18	0.013786215795010695
40	0	90	69	0.013786215795010695
40	0	90	7	0.003935394352781883
40	0	91	0	0.45306377704506345
40	0	91	66	0.12497890385801316
40	0	91	29	0.12497890385801316
40	0	91	23	0.12497890385801316
40	0	91	74	0.12497890385801316
40	0	91	11	0.022563916531001347
40	0	91	94	0.022563916531001347
40	0	91	20	0.022563916531001347
40	0	91	4	0.022563916531001347
40	0	91	5	0.022563916531001347
40	0	91	44	0.022563916531001347
40	0	91	98	0.022563916531001347
40	0	91	3	0.022563916531001347
40	0	91	10	0.022563916531001347
40	0	91	9	0.022563916531001347
40	0	91	90	0.015056944038009694
40	0	91	69	0.011305982910516077
40	0	91	18	0.011305982910516077
40	0	91	61	0.0034683007353809897
40	0	91	60	0.0034683007353809897
40	0	92	0	0.45769006471184004
40	0	92	66	0.10428965261235336
40	0	92	29	0.11858469613005289
40	0	92	23	0.11858469613005289
40	0	92	74	0.11858469613005289
40	0	92	11	0.020360604523863783
40	0	92	4	0.020360604523863783
40	0	92	20	0.023402099129301728
40	0	92	98	0.023402099129301728
40	0	92	44	0.023402099129301728
40	0	92	94	0.023402099129301728
40	0	92	90	0.020360604523863783
40	0	92	5	0.020360604523863783
40	0	92	9	0.020360604523863783
40	0	92	10	0.020360604523863783
40	0	92	3	0.020360604523863783
40	0	92	69	0.009758135789550634
40	0	92	18	0.009758135789550634
40	0	92	7	0.007922482168912233
40	0	92	38	0.007922482168912233
40	0	93	0	0.4484595609776181
40	0	93	66	0.1234517576093149
40	0	93	29	0.1234517576093149
40	0	93	23	0.1234517576093149
40	0	93	74	0.1234517576093149
40	0	93	11	0.03192685912485843
40	0	93	4	0.03192685912485843
40	0	93	20	0.03192685912485843
40	0	93	98	0.03192685912485843
40	0	93	44	0.03192685912485843
40	0	93	94	0.03192685912485843
40	0	93	5	0.03192685912485843
40	0	93	9	0.03192685912485843
40	0	93	3	0.03192685912485843
40	0	93	10	0.03192685912485843
40	0	93	90	0.011595592867925698
40	0	93	69	0.011595592867925698
40	0	93	18	0.011595592867925698
40	0	93	7	0.005523535289972581
40	0	93	38	0.002273053037943576
40	0	94	0	0.44951645702973425
40	0	94	66	0.11744950145122401
40	0	94	29	0.11744950145122401
40	0	94	23	0.11744950145122401
40	0	94	74	0.11744950145122401
40	0	94	20	0.03483771055699492
40	0	94	4	0.03483771055699492
40	0	94	11	0.03483771055699492
40	0	94	44	0.03483771055699492
40	0	94	98	0.03483771055699492
40	0	94	94	0.03483771055699492
40	0	94	5	0.03483771055699492
40	0	94	9	0.03483771055699492
40	0	94	3	0.03483771055699492
40	0	94	10	0.03483771055699492
40	0	94	61	0.007515476349289329
40	0	94	60	0.007515476349289329
40	0	94	90	0.008025385821029183
40	0	94	18	0.008025385821029183
40	0	94	69	0.008025385821029183
40	0	95	0	0.46518525007836076
40	0	95	66	0.11435856319766399
40	0	95	29	0.11617739862772421
40	0	95	23	0.11617739862772421
40	0	95	74	0.11617739862772421
40	0	95	11	0.03162197839173823
40	0	95	4	0.03162197839173823
40	0	95	94	0.03162197839173823
40	0	95	44	0.03162197839173823
40	0	95	20	0.03162197839173823
40	0	95	5	0.03162197839173823
40	0	95	98	0.03162197839173823
40	0	95	9	0.03162197839173823
40	0	95	3	0.02187205124727792
40	0	95	90	0.02150944044465711
40	0	95	10	0.02150944044465711
40	0	95	18	0.02150944044465711
40	0	95	69	0.02150944044465711
40	0	95	38	0.004340186133413007
40	0	95	83	0.0029590568967271533
40	0	96	0	0.4615140256067899
40	0	96	66	0.10841573468389278
40	0	96	29	0.11348969348854401
40	0	96	23	0.11348969348854401
40	0	96	74	0.11348969348854401
40	0	96	11	0.031495518858941966
40	0	96	4	0.031495518858941966
40	0	96	5	0.02584658270468422
40	0	96	20	0.031495518858941966
40	0	96	94	0.031495518858941966
40	0	96	44	0.02584658270468422
40	0	96	3	0.02584658270468422
40	0	96	98	0.02584658270468422
40	0	96	9	0.02584658270468422
40	0	96	10	0.02584658270468422
40	0	96	69	0.011306788012208429
40	0	96	18	0.011306788012208429
40	0	96	90	0.011306788012208429
40	0	96	7	0.006371828762090007
40	0	96	62	0.006371828762090007
40	0	97	0	0.4473157732666586
40	0	97	66	0.11501816642865104
40	0	97	29	0.11501816642865104
40	0	97	23	0.11501816642865104
40	0	97	74	0.11501816642865104
40	0	97	11	0.02238123859626158
40	0	97	20	0.030177335550597505
40	0	97	94	0.030177335550597505
40	0	97	98	0.02238123859626158
40	0	97	4	0.02238123859626158
40	0	97	5	0.02238123859626158
40	0	97	9	0.02238123859626158
40	0	97	10	0.02238123859626158
40	0	97	90	0.02238123859626158
40	0	97	44	0.02238123859626158
40	0	97	3	0.02238123859626158
40	0	97	69	0.021052149457492886
40	0	97	18	0.021052149457492886
40	0	97	38	0.0064663199495560205
40	0	97	7	0.005056029463140122
40	0	98	0	0.45067943562780377
40	0	98	66	0.1311369349015561
40	0	98	29	0.1311369349015561
40	0	98	23	0.1311369349015561
40	0	98	74	0.1311369349015561
40	0	98	11	0.02198412902366653
40	0	98	4	0.02198412902366653
40	0	98	44	0.024353266614360287
40	0	98	94	0.024353266614360287
40	0	98	20	0.024353266614360287
40	0	98	98	0.019505382006451216
40	0	98	10	0.019505382006451216
40	0	98	5	0.02198412902366653
40	0	98	3	0.019505382006451216
40	0	98	9	0.019505382006451216
40	0	98	90	0.019405493583159333
40	0	98	69	0.019405493583159333
40	0	98	18	0.019405493583159333
40	0	98	42	0.004260305663275549
40	0	98	7	0.004260305663275549
40	0	99	0	0.450847593124891
40	0	99	66	0.11571198637205772
40	0	99	29	0.12284191513953721
40	0	99	23	0.12284191513953721
40	0	99	74	0.12284191513953721
40	0	99	11	0.03340592814333162
40	0	99	4	0.03340592814333162
40	0	99	20	0.03340592814333162
40	0	99	94	0.03340592814333162
40	0	99	5	0.03340592814333162
40	0	99	44	0.03340592814333162
40	0	99	98	0.03340592814333162
40	0	99	9	0.03340592814333162
40	0	99	3	0.03340592814333162
40	0	99	10	0.02220287053635282
40	0	99	90	0.015033614948620874
40	0	99	69	0.015033614948620874
40	0	99	18	0.015033614948620874
40	0	99	38	0.0019690307621387532
40	0	99	61	0.010234184567450746
40	0	99	60	0.010234184567450746
40	0	100	0	0.45327504256711976
40	0	100	66	0.11103793344857849
40	0	100	29	0.11376657562830313
40	0	100	23	0.11376657562830313
40	0	100	74	0.11376657562830313
40	0	100	20	0.02304275078940943
40	0	100	11	0.02159745441073159
40	0	100	4	0.02159745441073159
40	0	100	94	0.02159745441073159
40	0	100	98	0.02159745441073159
40	0	100	5	0.02159745441073159
40	0	100	44	0.021153783500761598
40	0	100	9	0.020925364516944843
40	0	100	3	0.020925364516944843
40	0	100	10	0.020925364516944843
40	0	100	69	0.0132854504343408
40	0	100	18	0.0132854504343408
40	0	100	90	0.0132854504343408
40	0	100	38	0.003350553163381986
40	0	100	61	0.0033071243155533094
40	0.00001	1	0	0.4590074734030494
40	0.00001	1	66	0.09774559649238519
40	0.00001	1	29	0.11879446916320004
40	0.00001	1	23	0.11879446916320004
40	0.00001	1	74	0.11879446916320004
40	0.00001	1	11	0.023419015300243384
40	0.00001	1	94	0.03664790943763207
40	0.00001	1	20	0.03664790943763207
40	0.00001	1	4	0.023419015300243384
40	0.00001	1	5	0.022479024372477847
40	0.00001	1	98	0.022479024372477847
40	0.00001	1	44	0.022479024372477847
40	0.00001	1	9	0.02230561436560707
40	0.00001	1	3	0.02230561436560707
40	0.00001	1	10	0.02230561436560707
40	0.00001	1	90	0.01279461141144867
40	0.00001	1	18	0.01279461141144867
40	0.00001	1	69	0.01279461141144867
40	0.00001	1	60	0.0025618212996254127
40	0.00001	1	38	0.003476118024536883
40	0.00001	1	7	0.003476118024536883
40	0.00001	2	0	0.47958612831249114
40	0.00001	2	66	0.12674019692199454
40	0.00001	2	29	0.12674019692199454
40	0.00001	2	23	0.12674019692199454
40	0.00001	2	74	0.12674019692199454
40	0.00001	2	11	0.03112841294782353
40	0.00001	2	4	0.03112841294782353
40	0.00001	2	94	0.03112841294782353
40	0.00001	2	20	0.03112841294782353
40	0.00001	2	44	0.03112841294782353
40	0.00001	2	5	0.03112841294782353
40	0.00001	2	9	0.03112841294782353
40	0.00001	2	98	0.03112841294782353
40	0.00001	2	3	0.03112841294782353
40	0.00001	2	10	0.03112841294782353
40	0.00001	2	90	0.01538624374621832
40	0.00001	2	18	0.01538624374621832
40	0.00001	2	69	0.01538624374621832
40	0.00001	2	60	0.007420849235035162
40	0.00001	2	87	0.001639881661237543
40	0.00001	3	0	0.45079468956548024
40	0.00001	3	66	0.10630020104854636
40	0.00001	3	29	0.13047892556631124
40	0.00001	3	23	0.13047892556631124
40	0.00001	3	74	0.13047892556631124
40	0.00001	3	11	0.02528218679193459
40	0.00001	3	4	0.02528218679193459
40	0.00001	3	44	0.02528218679193459
40	0.00001	3	94	0.02528218679193459
40	0.00001	3	20	0.02528218679193459
40	0.00001	3	5	0.02528218679193459
40	0.00001	3	9	0.02528218679193459
40	0.00001	3	10	0.02528218679193459
40	0.00001	3	98	0.02528218679193459
40	0.00001	3	3	0.02528218679193459
40	0.00001	3	90	0.02528218679193459
40	0.00001	3	18	0.02528218679193459
40	0.00001	3	69	0.02528218679193459
40	0.00001	3	61	0.009824024240558648
40	0.00001	3	60	0.009824024240558648
40	0.00001	4	0	0.4558546880234341
40	0.00001	4	66	0.10113823163062995
40	0.00001	4	29	0.12115216788588948
40	0.00001	4	23	0.12115216788588948
40	0.00001	4	74	0.12115216788588948
40	0.00001	4	11	0.028556006289911465
40	0.00001	4	4	0.028556006289911465
40	0.00001	4	94	0.028556006289911465
40	0.00001	4	20	0.028556006289911465
40	0.00001	4	98	0.028556006289911465
40	0.00001	4	44	0.028556006289911465
40	0.00001	4	5	0.028556006289911465
40	0.00001	4	90	0.01137293298324884
40	0.00001	4	9	0.028556006289911465
40	0.00001	4	10	0.028556006289911465
40	0.00001	4	3	0.028556006289911465
40	0.00001	4	18	0.01137293298324884
40	0.00001	4	69	0.01137293298324884
40	0.00001	4	61	0.01137293298324884
40	0.00001	4	60	0.01137293298324884
40	0.00001	5	0	0.45220894573726006
40	0.00001	5	66	0.11849404306375962
40	0.00001	5	29	0.11849404306375962
40	0.00001	5	23	0.11849404306375962
40	0.00001	5	74	0.11849404306375962
40	0.00001	5	11	0.03701644287718215
40	0.00001	5	4	0.03701644287718215
40	0.00001	5	20	0.03701644287718215
40	0.00001	5	94	0.03701644287718215
40	0.00001	5	5	0.03701644287718215
40	0.00001	5	44	0.03701644287718215
40	0.00001	5	9	0.03701644287718215
40	0.00001	5	98	0.03701644287718215
40	0.00001	5	3	0.02395177398425055
40	0.00001	5	10	0.02395177398425055
40	0.00001	5	69	0.02395177398425055
40	0.00001	5	18	0.02395177398425055
40	0.00001	5	90	0.02395177398425055
40	0.00001	5	83	0.0024863190686470337
40	0.00001	5	7	0.001960147203236867
40	0.00001	5	38	0.001960147203236867
40	0.00001	6	0	0.4562327621796443
40	0.00001	6	66	0.1070249447920656
40	0.00001	6	29	0.13180781802494237
40	0.00001	6	23	0.13180781802494237
40	0.00001	6	74	0.13180781802494237
40	0.00001	6	11	0.024526774718009146
40	0.00001	6	4	0.024526774718009146
40	0.00001	6	20	0.024526774718009146
40	0.00001	6	5	0.024526774718009146
40	0.00001	6	94	0.024526774718009146
40	0.00001	6	44	0.024526774718009146
40	0.00001	6	98	0.024526774718009146
40	0.00001	6	10	0.021272369250735015
40	0.00001	6	3	0.024526774718009146
40	0.00001	6	9	0.024526774718009146
40	0.00001	6	90	0.020598175342502297
40	0.00001	6	69	0.020598175342502297
40	0.00001	6	18	0.020598175342502297
40	0.00001	6	62	0.0057387306914670035
40	0.00001	6	38	0.0057387306914670035
40	0.00001	7	0	0.45372965403616
40	0.00001	7	66	0.12213677448241932
40	0.00001	7	29	0.12213677448241932
40	0.00001	7	23	0.12213677448241932
40	0.00001	7	74	0.12213677448241932
40	0.00001	7	11	0.024102817981471618
40	0.00001	7	4	0.024102817981471618
40	0.00001	7	94	0.024102817981471618
40	0.00001	7	20	0.024102817981471618
40	0.00001	7	44	0.024102817981471618
40	0.00001	7	5	0.024102817981471618
40	0.00001	7	98	0.024102817981471618
40	0.00001	7	10	0.024102817981471618
40	0.00001	7	9	0.024102817981471618
40	0.00001	7	3	0.024102817981471618
40	0.00001	7	90	0.02058902956914186
40	0.00001	7	69	0.02058902956914186
40	0.00001	7	18	0.02058902956914186
40	0.00001	7	61	0.00798655633674213
40	0.00001	7	60	0.00798655633674213
40	0.00001	8	0	0.37174230855745727
40	0.00001	8	29	0.1118142652891255
40	0.00001	8	66	0.10861847577917512
40	0.00001	8	23	0.1118142652891255
40	0.00001	8	74	0.1118142652891255
40	0.00001	8	11	0.02342453083636519
40	0.00001	8	94	0.02342453083636519
40	0.00001	8	20	0.02342453083636519
40	0.00001	8	4	0.02342453083636519
40	0.00001	8	5	0.022015880403129223
40	0.00001	8	98	0.02342453083636519
40	0.00001	8	44	0.02342453083636519
40	0.00001	8	10	0.021492060315834425
40	0.00001	8	3	0.021492060315834425
40	0.00001	8	9	0.021492060315834425
40	0.00001	8	61	0.006659821719150754
40	0.00001	8	60	0.005636418885671852
40	0.00001	8	18	0.013484631145678808
40	0.00001	8	69	0.013484631145678808
40	0.00001	8	90	0.013484631145678808
40	0.00001	9	0	0.4547189383474967
40	0.00001	9	66	0.1125614810905783
40	0.00001	9	29	0.11414322228450309
40	0.00001	9	23	0.11414322228450309
40	0.00001	9	74	0.11414322228450309
40	0.00001	9	11	0.024823062631562146
40	0.00001	9	4	0.024823062631562146
40	0.00001	9	20	0.024823062631562146
40	0.00001	9	94	0.024823062631562146
40	0.00001	9	5	0.024823062631562146
40	0.00001	9	44	0.024823062631562146
40	0.00001	9	98	0.024823062631562146
40	0.00001	9	3	0.024823062631562146
40	0.00001	9	9	0.024823062631562146
40	0.00001	9	10	0.024823062631562146
40	0.00001	9	83	0.001914576763254202
40	0.00001	9	69	0.016210466857248394
40	0.00001	9	90	0.016210466857248394
40	0.00001	9	18	0.016210466857248394
40	0.00001	9	7	0.004509386424255924
40	0.00001	9	38	0.004509386424255924
40	0.00001	10	0	0.45506801809677316
40	0.00001	10	66	0.12318309217951531
40	0.00001	10	29	0.12318309217951531
40	0.00001	10	23	0.12318309217951531
40	0.00001	10	74	0.12318309217951531
40	0.00001	10	11	0.02766711617021366
40	0.00001	10	4	0.02766711617021366
40	0.00001	10	94	0.02766711617021366
40	0.00001	10	5	0.02766711617021366
40	0.00001	10	44	0.02766711617021366
40	0.00001	10	20	0.02766711617021366
40	0.00001	10	9	0.02766711617021366
40	0.00001	10	98	0.02766711617021366
40	0.00001	10	3	0.02766711617021366
40	0.00001	10	10	0.02766711617021366
40	0.00001	10	69	0.015925129965111716
40	0.00001	10	90	0.015925129965111716
40	0.00001	10	18	0.015925129965111716
40	0.00001	10	7	0.004061129512617064
40	0.00001	10	60	0.0027398075074802357
40	0.00001	10	61	0.0027398075074802357
40	0.00001	11	0	0.44222913008124765
40	0.00001	11	66	0.10925931322154508
40	0.00001	11	29	0.1347813402549858
40	0.00001	11	23	0.1347813402549858
40	0.00001	11	74	0.1347813402549858
40	0.00001	11	11	0.02795126923371792
40	0.00001	11	4	0.02795126923371792
40	0.00001	11	94	0.02795126923371792
40	0.00001	11	5	0.02795126923371792
40	0.00001	11	20	0.02795126923371792
40	0.00001	11	44	0.02795126923371792
40	0.00001	11	9	0.02795126923371792
40	0.00001	11	3	0.02795126923371792
40	0.00001	11	98	0.02795126923371792
40	0.00001	11	10	0.02795126923371792
40	0.00001	11	90	0.02027418919087383
40	0.00001	11	69	0.02027418919087383
40	0.00001	11	18	0.02027418919087383
40	0.00001	11	62	0.004055236365592396
40	0.00001	11	61	0.0023664719557020494
40	0.00001	12	0	0.45953544588376255
40	0.00001	12	66	0.10889742703895516
40	0.00001	12	29	0.11545674047967475
40	0.00001	12	23	0.11545674047967475
40	0.00001	12	74	0.11545674047967475
40	0.00001	12	20	0.033749733395327615
40	0.00001	12	11	0.033749733395327615
40	0.00001	12	4	0.033749733395327615
40	0.00001	12	98	0.033749733395327615
40	0.00001	12	94	0.033749733395327615
40	0.00001	12	44	0.033749733395327615
40	0.00001	12	5	0.025522198681670556
40	0.00001	12	9	0.025522198681670556
40	0.00001	12	3	0.025522198681670556
40	0.00001	12	10	0.025522198681670556
40	0.00001	12	61	0.0048902618342185795
40	0.00001	12	90	0.01892722776821248
40	0.00001	12	18	0.01892722776821248
40	0.00001	12	69	0.01892722776821248
40	0.00001	12	42	0.002003082227270968
40	0.00001	13	0	0.4307315293334344
40	0.00001	13	66	0.11050972545749238
40	0.00001	13	29	0.11050972545749238
40	0.00001	13	23	0.11050972545749238
40	0.00001	13	74	0.11050972545749238
40	0.00001	13	20	0.03482104635740569
40	0.00001	13	11	0.027329943407715756
40	0.00001	13	4	0.027329943407715756
40	0.00001	13	98	0.027329943407715756
40	0.00001	13	5	0.027329943407715756
40	0.00001	13	10	0.027329943407715756
40	0.00001	13	9	0.027329943407715756
40	0.00001	13	3	0.027329943407715756
40	0.00001	13	61	0.012428074776635456
40	0.00001	13	69	0.015028229337991235
40	0.00001	13	18	0.015028229337991235
40	0.00001	13	90	0.007066117594122551
40	0.00001	13	60	0.012428074776635456
40	0.00001	13	76	0.012428074776635456
40	0.00001	13	99	0.012428074776635456
40	0.00001	13	94	0.012403241242433076
40	0.00001	14	0	0.37018874502774735
40	0.00001	14	29	0.1298093120233062
40	0.00001	14	66	0.1298093120233062
40	0.00001	14	23	0.1298093120233062
40	0.00001	14	74	0.1298093120233062
40	0.00001	14	11	0.026927269934996716
40	0.00001	14	4	0.026927269934996716
40	0.00001	14	20	0.026927269934996716
40	0.00001	14	94	0.026927269934996716
40	0.00001	14	44	0.026927269934996716
40	0.00001	14	5	0.026927269934996716
40	0.00001	14	10	0.026927269934996716
40	0.00001	14	98	0.026927269934996716
40	0.00001	14	3	0.026927269934996716
40	0.00001	14	9	0.026927269934996716
40	0.00001	14	90	0.018306960926337195
40	0.00001	14	69	0.018306960926337195
40	0.00001	14	18	0.018306960926337195
40	0.00001	14	61	0.006959392332660741
40	0.00001	14	60	0.006959392332660741
40	0.00001	15	0	0.4501539142244535
40	0.00001	15	66	0.12230812287508858
40	0.00001	15	29	0.12230812287508858
40	0.00001	15	23	0.12230812287508858
40	0.00001	15	74	0.12230812287508858
40	0.00001	15	11	0.03210750434961421
40	0.00001	15	4	0.03210750434961421
40	0.00001	15	20	0.03210750434961421
40	0.00001	15	94	0.03210750434961421
40	0.00001	15	5	0.03210750434961421
40	0.00001	15	44	0.03210750434961421
40	0.00001	15	98	0.03210750434961421
40	0.00001	15	9	0.03210750434961421
40	0.00001	15	3	0.03210750434961421
40	0.00001	15	10	0.020614677487582268
40	0.00001	15	90	0.0183624109427353
40	0.00001	15	60	0.009386256261731986
40	0.00001	15	18	0.0183624109427353
40	0.00001	15	69	0.0183624109427353
40	0.00001	15	83	0.002238389247624229
40	0.00001	16	0	0.46183147808017566
40	0.00001	16	66	0.11585622362010924
40	0.00001	16	29	0.11585622362010924
40	0.00001	16	23	0.11585622362010924
40	0.00001	16	74	0.11585622362010924
40	0.00001	16	11	0.03624915144870496
40	0.00001	16	4	0.03624915144870496
40	0.00001	16	5	0.03624915144870496
40	0.00001	16	20	0.03624915144870496
40	0.00001	16	94	0.03624915144870496
40	0.00001	16	44	0.03624915144870496
40	0.00001	16	98	0.03624915144870496
40	0.00001	16	9	0.03624915144870496
40	0.00001	16	3	0.02500546739598751
40	0.00001	16	10	0.02500546739598751
40	0.00001	16	61	0.005744677141676395
40	0.00001	16	90	0.015053596138915793
40	0.00001	16	18	0.015053596138915793
40	0.00001	16	69	0.015053596138915793
40	0.00001	16	60	0.005594419978415307
40	0.00001	17	0	0.4566144668290713
40	0.00001	17	66	0.1122373820423311
40	0.00001	17	29	0.1122373820423311
40	0.00001	17	23	0.1122373820423311
40	0.00001	17	74	0.1122373820423311
40	0.00001	17	20	0.03425085387053389
40	0.00001	17	11	0.021819482269766377
40	0.00001	17	4	0.021819482269766377
40	0.00001	17	94	0.021819482269766377
40	0.00001	17	5	0.021619504562492613
40	0.00001	17	98	0.021819482269766377
40	0.00001	17	44	0.021819482269766377
40	0.00001	17	9	0.01734402568363491
40	0.00001	17	3	0.01734402568363491
40	0.00001	17	10	0.01734402568363491
40	0.00001	17	69	0.012778001538792454
40	0.00001	17	18	0.012778001538792454
40	0.00001	17	61	0.004376603005345871
40	0.00001	17	38	0.00675881744012002
40	0.00001	17	90	0.00675881744012002
40	0.00001	18	0	0.45254642536297596
40	0.00001	18	66	0.10816903515950428
40	0.00001	18	29	0.11514546185170033
40	0.00001	18	23	0.11514546185170033
40	0.00001	18	74	0.11514546185170033
40	0.00001	18	20	0.02274827623141898
40	0.00001	18	11	0.02274827623141898
40	0.00001	18	4	0.02274827623141898
40	0.00001	18	94	0.021682265654700248
40	0.00001	18	5	0.021682265654700248
40	0.00001	18	98	0.021682265654700248
40	0.00001	18	44	0.021682265654700248
40	0.00001	18	9	0.021682265654700248
40	0.00001	18	3	0.021682265654700248
40	0.00001	18	10	0.02020257031510227
40	0.00001	18	60	0.003900890121596924
40	0.00001	18	61	0.0023020169377701793
40	0.00001	18	18	0.018631439287126638
40	0.00001	18	90	0.018631439287126638
40	0.00001	18	69	0.018631439287126638
40	0.00001	19	0	0.4623526438846685
40	0.00001	19	66	0.10337954726852494
40	0.00001	19	29	0.11574145239143328
40	0.00001	19	23	0.11574145239143328
40	0.00001	19	74	0.11574145239143328
40	0.00001	19	11	0.025256764686440173
40	0.00001	19	4	0.025256764686440173
40	0.00001	19	20	0.025256764686440173
40	0.00001	19	5	0.025256764686440173
40	0.00001	19	94	0.025256764686440173
40	0.00001	19	44	0.025256764686440173
40	0.00001	19	10	0.025256764686440173
40	0.00001	19	98	0.025256764686440173
40	0.00001	19	3	0.025256764686440173
40	0.00001	19	9	0.025256764686440173
40	0.00001	19	90	0.012341406595682562
40	0.00001	19	60	0.010724633184518054
40	0.00001	19	18	0.012341406595682562
40	0.00001	19	69	0.012341406595682562
40	0.00001	19	93	0.001891535571787672
40	0.00001	20	0	0.4534925848116516
40	0.00001	20	66	0.12442801394066053
40	0.00001	20	29	0.12442801394066053
40	0.00001	20	23	0.12442801394066053
40	0.00001	20	74	0.12442801394066053
40	0.00001	20	11	0.02319592540202284
40	0.00001	20	4	0.02319592540202284
40	0.00001	20	20	0.02319592540202284
40	0.00001	20	94	0.02319592540202284
40	0.00001	20	5	0.02319592540202284
40	0.00001	20	44	0.02319592540202284
40	0.00001	20	98	0.02319592540202284
40	0.00001	20	3	0.02319592540202284
40	0.00001	20	9	0.02319592540202284
40	0.00001	20	10	0.018322137703804763
40	0.00001	20	90	0.017110846831166343
40	0.00001	20	61	0.008555421440386827
40	0.00001	20	18	0.016615881258645656
40	0.00001	20	69	0.016615881258645656
40	0.00001	20	60	0.0022702949649430993
40	0.00001	21	0	0.47642891233944434
40	0.00001	21	66	0.09451430457292818
40	0.00001	21	29	0.1385371707700067
40	0.00001	21	23	0.1385371707700067
40	0.00001	21	74	0.1385371707700067
40	0.00001	21	94	0.02970076666026753
40	0.00001	21	4	0.02970076666026753
40	0.00001	21	11	0.02970076666026753
40	0.00001	21	98	0.02970076666026753
40	0.00001	21	44	0.02970076666026753
40	0.00001	21	20	0.02970076666026753
40	0.00001	21	5	0.02970076666026753
40	0.00001	21	9	0.02970076666026753
40	0.00001	21	3	0.02970076666026753
40	0.00001	21	10	0.02970076666026753
40	0.00001	21	90	0.02970076666026753
40	0.00001	21	69	0.021310906846617825
40	0.00001	21	18	0.021310906846617825
40	0.00001	21	61	0.002391781626134362
40	0.00001	21	7	0.002391781626134362
40	0.00001	22	0	0.4501685576212734
40	0.00001	22	66	0.13191782739135888
40	0.00001	22	29	0.13191782739135888
40	0.00001	22	23	0.13191782739135888
40	0.00001	22	74	0.13191782739135888
40	0.00001	22	11	0.027523097221358386
40	0.00001	22	4	0.027523097221358386
40	0.00001	22	94	0.027523097221358386
40	0.00001	22	5	0.027523097221358386
40	0.00001	22	20	0.027523097221358386
40	0.00001	22	44	0.027523097221358386
40	0.00001	22	9	0.027523097221358386
40	0.00001	22	98	0.027523097221358386
40	0.00001	22	3	0.027523097221358386
40	0.00001	22	10	0.027523097221358386
40	0.00001	22	90	0.026473715758336114
40	0.00001	22	69	0.015889871496712366
40	0.00001	22	18	0.015889871496712366
40	0.00001	22	7	0.00470488100570112
40	0.00001	22	42	0.00470488100570112
40	0.00001	23	0	0.452678638153618
40	0.00001	23	66	0.12456464363219506
40	0.00001	23	29	0.12456464363219506
40	0.00001	23	23	0.12456464363219506
40	0.00001	23	74	0.12456464363219506
40	0.00001	23	11	0.02762715864298191
40	0.00001	23	4	0.02762715864298191
40	0.00001	23	44	0.02762715864298191
40	0.00001	23	20	0.02762715864298191
40	0.00001	23	94	0.02762715864298191
40	0.00001	23	5	0.02762715864298191
40	0.00001	23	10	0.02762715864298191
40	0.00001	23	98	0.02762715864298191
40	0.00001	23	3	0.02762715864298191
40	0.00001	23	9	0.02762715864298191
40	0.00001	23	90	0.017943154146333216
40	0.00001	23	61	0.006606136905660675
40	0.00001	23	18	0.017943154146333216
40	0.00001	23	69	0.017943154146333216
40	0.00001	23	60	0.004284178465672715
40	0.00001	24	0	0.4532568542663502
40	0.00001	24	66	0.11928087387367095
40	0.00001	24	29	0.11928087387367095
40	0.00001	24	23	0.11928087387367095
40	0.00001	24	74	0.11928087387367095
40	0.00001	24	11	0.025030193950729328
40	0.00001	24	4	0.025030193950729328
40	0.00001	24	94	0.025030193950729328
40	0.00001	24	20	0.025030193950729328
40	0.00001	24	5	0.025030193950729328
40	0.00001	24	44	0.025030193950729328
40	0.00001	24	98	0.025030193950729328
40	0.00001	24	10	0.025030193950729328
40	0.00001	24	3	0.025030193950729328
40	0.00001	24	9	0.025030193950729328
40	0.00001	24	90	0.01894280850507682
40	0.00001	24	69	0.01827890790204602
40	0.00001	24	18	0.01827890790204602
40	0.00001	24	7	0.0024010813295913353
40	0.00001	24	42	0.00139096360102542
40	0.00001	25	0	0.45687588151512937
40	0.00001	25	66	0.11990407709334173
40	0.00001	25	29	0.11990407709334173
40	0.00001	25	23	0.11990407709334173
40	0.00001	25	74	0.11990407709334173
40	0.00001	25	11	0.043476746354497296
40	0.00001	25	4	0.043476746354497296
40	0.00001	25	98	0.043476746354497296
40	0.00001	25	20	0.043476746354497296
40	0.00001	25	94	0.043476746354497296
40	0.00001	25	5	0.043476746354497296
40	0.00001	25	69	0.014109626143240689
40	0.00001	25	10	0.043476746354497296
40	0.00001	25	3	0.043476746354497296
40	0.00001	25	9	0.043476746354497296
40	0.00001	25	18	0.014109626143240689
40	0.00001	25	90	0.014109626143240689
40	0.00001	25	7	0.014109626143240689
40	0.00001	25	62	0.002337415114238971
40	0.00001	25	42	0.003802429452707479
40	0.00001	25	38	0.003802429452707479
40	0.00001	26	0	0.4613526283617169
40	0.00001	26	66	0.13640365536102247
40	0.00001	26	29	0.13640365536102247
40	0.00001	26	23	0.13640365536102247
40	0.00001	26	74	0.13640365536102247
40	0.00001	26	11	0.02876727356726397
40	0.00001	26	4	0.02876727356726397
40	0.00001	26	94	0.02876727356726397
40	0.00001	26	20	0.02876727356726397
40	0.00001	26	44	0.02876727356726397
40	0.00001	26	5	0.025335797948000862
40	0.00001	26	9	0.023042839786307077
40	0.00001	26	10	0.023042839786307077
40	0.00001	26	98	0.023042839786307077
40	0.00001	26	3	0.023042839786307077
40	0.00001	26	90	0.013319932189021062
40	0.00001	26	69	0.01168093710326294
40	0.00001	26	18	0.01168093710326294
40	0.00001	26	38	0.007190649325522393
40	0.00001	26	62	0.007190649325522393
40	0.00001	27	0	0.4553704487099202
40	0.00001	27	66	0.1172431066515354
40	0.00001	27	29	0.1172431066515354
40	0.00001	27	23	0.1172431066515354
40	0.00001	27	74	0.1172431066515354
40	0.00001	27	20	0.027347187023384897
40	0.00001	27	11	0.027347187023384897
40	0.00001	27	94	0.027347187023384897
40	0.00001	27	4	0.027347187023384897
40	0.00001	27	98	0.027347187023384897
40	0.00001	27	44	0.027347187023384897
40	0.00001	27	5	0.02277820102935678
40	0.00001	27	10	0.020985422381863204
40	0.00001	27	61	0.014411839810207576
40	0.00001	27	3	0.020985422381863204
40	0.00001	27	9	0.020985422381863204
40	0.00001	27	69	0.01036162829151019
40	0.00001	27	18	0.01036162829151019
40	0.00001	27	90	0.008858883574324402
40	0.00001	27	83	0.0030928915916553735
40	0.00001	28	0	0.4506447985476662
40	0.00001	28	66	0.12343226713140307
40	0.00001	28	29	0.12343226713140307
40	0.00001	28	23	0.12343226713140307
40	0.00001	28	74	0.12343226713140307
40	0.00001	28	11	0.02544886767021361
40	0.00001	28	4	0.02544886767021361
40	0.00001	28	20	0.02544886767021361
40	0.00001	28	94	0.02544886767021361
40	0.00001	28	5	0.02544886767021361
40	0.00001	28	44	0.02544886767021361
40	0.00001	28	9	0.02544886767021361
40	0.00001	28	98	0.02544886767021361
40	0.00001	28	10	0.02544886767021361
40	0.00001	28	3	0.02544886767021361
40	0.00001	28	90	0.019439067737472872
40	0.00001	28	69	0.019439067737472872
40	0.00001	28	18	0.019439067737472872
40	0.00001	28	7	0.003420481773633069
40	0.00001	28	83	0.0011533351892405752
40	0.00001	29	0	0.479870350866809
40	0.00001	29	66	0.11445092389631721
40	0.00001	29	29	0.11575442715419497
40	0.00001	29	23	0.11575442715419497
40	0.00001	29	74	0.11575442715419497
40	0.00001	29	20	0.02953422478065577
40	0.00001	29	11	0.02953422478065577
40	0.00001	29	4	0.02953422478065577
40	0.00001	29	94	0.02953422478065577
40	0.00001	29	5	0.02953422478065577
40	0.00001	29	98	0.02953422478065577
40	0.00001	29	44	0.02953422478065577
40	0.00001	29	9	0.02953422478065577
40	0.00001	29	3	0.02953422478065577
40	0.00001	29	10	0.022996616695537316
40	0.00001	29	61	0.007131187354485846
40	0.00001	29	60	0.007131187354485846
40	0.00001	29	18	0.014709847852565402
40	0.00001	29	90	0.014709847852565402
40	0.00001	29	69	0.014709847852565402
40	0.00001	30	0	0.45205585679991156
40	0.00001	30	66	0.11713519923872556
40	0.00001	30	29	0.11713519923872556
40	0.00001	30	23	0.11713519923872556
40	0.00001	30	74	0.11713519923872556
40	0.00001	30	11	0.027412613761189687
40	0.00001	30	4	0.027412613761189687
40	0.00001	30	5	0.027412613761189687
40	0.00001	30	20	0.027412613761189687
40	0.00001	30	94	0.027412613761189687
40	0.00001	30	44	0.027412613761189687
40	0.00001	30	9	0.027412613761189687
40	0.00001	30	98	0.027412613761189687
40	0.00001	30	10	0.027412613761189687
40	0.00001	30	3	0.027412613761189687
40	0.00001	30	90	0.019387496362176012
40	0.00001	30	69	0.019387496362176012
40	0.00001	30	18	0.019387496362176012
40	0.00001	30	7	0.005297600397163595
40	0.00001	30	38	0.005297600397163595
40	0.00001	31	0	0.44918511378203685
40	0.00001	31	66	0.11933897956107826
40	0.00001	31	29	0.11933897956107826
40	0.00001	31	23	0.11933897956107826
40	0.00001	31	74	0.11933897956107826
40	0.00001	31	20	0.02820184185410223
40	0.00001	31	11	0.02820184185410223
40	0.00001	31	4	0.02820184185410223
40	0.00001	31	94	0.02820184185410223
40	0.00001	31	5	0.02820184185410223
40	0.00001	31	44	0.02820184185410223
40	0.00001	31	98	0.02820184185410223
40	0.00001	31	3	0.02820184185410223
40	0.00001	31	9	0.02820184185410223
40	0.00001	31	10	0.02820184185410223
40	0.00001	31	61	0.007631766901267371
40	0.00001	31	90	0.008214091167047513
40	0.00001	31	18	0.008214091167047513
40	0.00001	31	69	0.008214091167047513
40	0.00001	31	7	0.00441690611135219
40	0.00001	32	0	0.36607193173534497
40	0.00001	32	29	0.12544126344121595
40	0.00001	32	66	0.12544126344121595
40	0.00001	32	23	0.12544126344121595
40	0.00001	32	74	0.12544126344121595
40	0.00001	32	11	0.03343230785437185
40	0.00001	32	4	0.03343230785437185
40	0.00001	32	94	0.03343230785437185
40	0.00001	32	98	0.03343230785437185
40	0.00001	32	44	0.03343230785437185
40	0.00001	32	20	0.03343230785437185
40	0.00001	32	5	0.03343230785437185
40	0.00001	32	90	0.024100560172607845
40	0.00001	32	3	0.03343230785437185
40	0.00001	32	9	0.03343230785437185
40	0.00001	32	10	0.03343230785437185
40	0.00001	32	69	0.010750465545845666
40	0.00001	32	18	0.010750465545845666
40	0.00001	32	7	0.004733684143856192
40	0.00001	32	83	0.001648992003127303
40	0.00001	33	0	0.4535800464109317
40	0.00001	33	66	0.10332217111141972
40	0.00001	33	29	0.11852529995718074
40	0.00001	33	23	0.11852529995718074
40	0.00001	33	74	0.11852529995718074
40	0.00001	33	20	0.033531351577676075
40	0.00001	33	11	0.02429593827409068
40	0.00001	33	4	0.02429593827409068
40	0.00001	33	98	0.02429593827409068
40	0.00001	33	44	0.02429593827409068
40	0.00001	33	94	0.02429593827409068
40	0.00001	33	5	0.021745039662088947
40	0.00001	33	10	0.021520893567382012
40	0.00001	33	3	0.021520893567382012
40	0.00001	33	9	0.021520893567382012
40	0.00001	33	61	0.011493857969531215
40	0.00001	33	60	0.011493857969531215
40	0.00001	33	18	0.011005746004881661
40	0.00001	33	90	0.011005746004881661
40	0.00001	33	69	0.011005746004881661
40	0.00001	33	7	0.004542511694786499
40	0.00001	34	0	0.44543631156078
40	0.00001	34	66	0.12824937263389252
40	0.00001	34	29	0.12824937263389252
40	0.00001	34	23	0.12824937263389252
40	0.00001	34	74	0.12824937263389252
40	0.00001	34	11	0.02940050142580255
40	0.00001	34	4	0.02940050142580255
40	0.00001	34	94	0.02940050142580255
40	0.00001	34	5	0.02940050142580255
40	0.00001	34	20	0.02940050142580255
40	0.00001	34	9	0.02940050142580255
40	0.00001	34	44	0.02940050142580255
40	0.00001	34	3	0.02940050142580255
40	0.00001	34	98	0.02940050142580255
40	0.00001	34	10	0.024133762101777468
40	0.00001	34	90	0.01799661827026891
40	0.00001	34	69	0.01799661827026891
40	0.00001	34	18	0.01799661827026891
40	0.00001	34	61	0.004650270956627422
40	0.00001	34	60	0.004650270956627422
40	0.00001	35	0	0.45884717798620844
40	0.00001	35	66	0.1313835163363286
40	0.00001	35	29	0.1313835163363286
40	0.00001	35	23	0.1313835163363286
40	0.00001	35	74	0.1313835163363286
40	0.00001	35	11	0.029830806624748372
40	0.00001	35	4	0.029830806624748372
40	0.00001	35	94	0.029830806624748372
40	0.00001	35	20	0.029830806624748372
40	0.00001	35	5	0.029830806624748372
40	0.00001	35	44	0.029830806624748372
40	0.00001	35	9	0.029830806624748372
40	0.00001	35	98	0.029830806624748372
40	0.00001	35	3	0.020705263883765368
40	0.00001	35	10	0.020705263883765368
40	0.00001	35	90	0.019581835327362067
40	0.00001	35	69	0.019581835327362067
40	0.00001	35	18	0.019581835327362067
40	0.00001	35	60	0.0038509191764945277
40	0.00001	35	61	0.002191919871607292
40	0.00001	36	0	0.45316837056626436
40	0.00001	36	66	0.10651556803304014
40	0.00001	36	29	0.10996373509440964
40	0.00001	36	23	0.10996373509440964
40	0.00001	36	74	0.10996373509440964
40	0.00001	36	20	0.02553932256433943
40	0.00001	36	94	0.02209312830117203
40	0.00001	36	4	0.02553932256433943
40	0.00001	36	11	0.02553932256433943
40	0.00001	36	98	0.02209312830117203
40	0.00001	36	5	0.02209312830117203
40	0.00001	36	44	0.02209312830117203
40	0.00001	36	3	0.02209312830117203
40	0.00001	36	9	0.02209312830117203
40	0.00001	36	10	0.02209312830117203
40	0.00001	36	61	0.007203984854505083
40	0.00001	36	60	0.007131845267028963
40	0.00001	36	90	0.008285286862543616
40	0.00001	36	18	0.008285286862543616
40	0.00001	36	69	0.008285286862543616
40	0.00001	37	0	0.4538956752012686
40	0.00001	37	66	0.1081794910176626
40	0.00001	37	29	0.11602985188059917
40	0.00001	37	23	0.11602985188059917
40	0.00001	37	74	0.11602985188059917
40	0.00001	37	20	0.03497160493324016
40	0.00001	37	94	0.03497160493324016
40	0.00001	37	4	0.03497160493324016
40	0.00001	37	11	0.03497160493324016
40	0.00001	37	5	0.027880958999883604
40	0.00001	37	44	0.03497160493324016
40	0.00001	37	98	0.03497160493324016
40	0.00001	37	9	0.027880958999883604
40	0.00001	37	3	0.027880958999883604
40	0.00001	37	10	0.027880958999883604
40	0.00001	37	61	0.007504490700177093
40	0.00001	37	60	0.007504490700177093
40	0.00001	37	18	0.00949529466210976
40	0.00001	37	69	0.00949529466210976
40	0.00001	37	90	0.00949529466210976
40	0.00001	37	7	0.007235415158010977
40	0.00001	38	0	0.4722111878634813
40	0.00001	38	66	0.1255245838300703
40	0.00001	38	29	0.1255245838300703
40	0.00001	38	23	0.1255245838300703
40	0.00001	38	74	0.1255245838300703
40	0.00001	38	11	0.029452874237733274
40	0.00001	38	4	0.029452874237733274
40	0.00001	38	44	0.029452874237733274
40	0.00001	38	20	0.029452874237733274
40	0.00001	38	94	0.029452874237733274
40	0.00001	38	5	0.024688467368312775
40	0.00001	38	3	0.024688467368312775
40	0.00001	38	98	0.024688467368312775
40	0.00001	38	9	0.024688467368312775
40	0.00001	38	10	0.024688467368312775
40	0.00001	38	90	0.014775929833678226
40	0.00001	38	61	0.005074086777712263
40	0.00001	38	18	0.014775929833678226
40	0.00001	38	69	0.014775929833678226
40	0.00001	38	62	0.002143537000280133
40	0.00001	39	0	0.4765561666376085
40	0.00001	39	66	0.12330612948802358
40	0.00001	39	29	0.12330612948802358
40	0.00001	39	23	0.12330612948802358
40	0.00001	39	74	0.12330612948802358
40	0.00001	39	11	0.023903473551535444
40	0.00001	39	4	0.023903473551535444
40	0.00001	39	5	0.023903473551535444
40	0.00001	39	98	0.023903473551535444
40	0.00001	39	44	0.023903473551535444
40	0.00001	39	20	0.023903473551535444
40	0.00001	39	94	0.023903473551535444
40	0.00001	39	90	0.023903473551535444
40	0.00001	39	9	0.023903473551535444
40	0.00001	39	3	0.023903473551535444
40	0.00001	39	10	0.023903473551535444
40	0.00001	39	18	0.023903473551535444
40	0.00001	39	69	0.023903473551535444
40	0.00001	39	42	0.003426958664603902
40	0.00001	39	38	0.004259089910740957
40	0.00001	39	61	0.004259089910740957
40	0.00001	40	0	0.4553556612563557
40	0.00001	40	66	0.10287631595640372
40	0.00001	40	29	0.12230848593481583
40	0.00001	40	23	0.12230848593481583
40	0.00001	40	74	0.12230848593481583
40	0.00001	40	20	0.02709408356828501
40	0.00001	40	94	0.02709408356828501
40	0.00001	40	4	0.02709408356828501
40	0.00001	40	11	0.02709408356828501
40	0.00001	40	44	0.02709408356828501
40	0.00001	40	98	0.02709408356828501
40	0.00001	40	5	0.02709408356828501
40	0.00001	40	9	0.02709408356828501
40	0.00001	40	60	0.014828297837488853
40	0.00001	40	61	0.014828297837488853
40	0.00001	40	10	0.02709408356828501
40	0.00001	40	3	0.02709408356828501
40	0.00001	40	69	0.014121211045267569
40	0.00001	40	90	0.014121211045267569
40	0.00001	40	18	0.014121211045267569
40	0.00001	41	0	0.45983572609126766
40	0.00001	41	66	0.10582080694445008
40	0.00001	41	29	0.11028860469212322
40	0.00001	41	23	0.11028860469212322
40	0.00001	41	74	0.11028860469212322
40	0.00001	41	11	0.041262748268268354
40	0.00001	41	94	0.041262748268268354
40	0.00001	41	20	0.041262748268268354
40	0.00001	41	5	0.041262748268268354
40	0.00001	41	4	0.041262748268268354
40	0.00001	41	98	0.041262748268268354
40	0.00001	41	44	0.041262748268268354
40	0.00001	41	69	0.010184570903083034
40	0.00001	41	3	0.041262748268268354
40	0.00001	41	9	0.041262748268268354
40	0.00001	41	10	0.041262748268268354
40	0.00001	41	61	0.0022780261580314246
40	0.00001	41	83	0.002019486776563279
40	0.00001	41	18	0.008753932058593011
40	0.00001	41	38	0.008753932058593011
40	0.00001	41	7	0.008753932058593011
40	0.00001	41	90	0.008753932058593011
40	0.00001	42	0	0.45858645021067046
40	0.00001	42	66	0.10917867813033205
40	0.00001	42	29	0.11433837093771294
40	0.00001	42	23	0.11433837093771294
40	0.00001	42	74	0.11433837093771294
40	0.00001	42	11	0.02299472341018179
40	0.00001	42	4	0.02299472341018179
40	0.00001	42	5	0.02299472341018179
40	0.00001	42	98	0.02299472341018179
40	0.00001	42	44	0.02299472341018179
40	0.00001	42	20	0.02299472341018179
40	0.00001	42	94	0.02299472341018179
40	0.00001	42	90	0.016477752346765556
40	0.00001	42	61	0.008911034445914035
40	0.00001	42	10	0.016477752346765556
40	0.00001	42	3	0.016477752346765556
40	0.00001	42	9	0.016477752346765556
40	0.00001	42	18	0.014786212420715454
40	0.00001	42	69	0.014786212420715454
40	0.00001	42	38	0.0070888805869453965
40	0.00001	42	7	0.0070888805869453965
40	0.00001	43	0	0.4524098197262361
40	0.00001	43	66	0.12827348849189482
40	0.00001	43	29	0.12827348849189482
40	0.00001	43	23	0.12827348849189482
40	0.00001	43	74	0.12827348849189482
40	0.00001	43	11	0.02225893556398938
40	0.00001	43	4	0.02225893556398938
40	0.00001	43	44	0.02225893556398938
40	0.00001	43	20	0.02225893556398938
40	0.00001	43	94	0.02225893556398938
40	0.00001	43	5	0.02225893556398938
40	0.00001	43	9	0.021676133669037586
40	0.00001	43	98	0.021676133669037586
40	0.00001	43	10	0.021676133669037586
40	0.00001	43	3	0.021676133669037586
40	0.00001	43	90	0.01931796573549529
40	0.00001	43	69	0.01931796573549529
40	0.00001	43	18	0.01931796573549529
40	0.00001	43	7	0.001622416907646627
40	0.00001	43	60	0.004909820492986686
40	0.00001	43	61	0.004909820492986686
40	0.00001	44	0	0.4701374068188199
40	0.00001	44	66	0.09952496426308453
40	0.00001	44	29	0.11759144454474552
40	0.00001	44	23	0.11759144454474552
40	0.00001	44	74	0.11759144454474552
40	0.00001	44	11	0.028730130170210793
40	0.00001	44	4	0.028730130170210793
40	0.00001	44	98	0.026433967778059154
40	0.00001	44	94	0.026433967778059154
40	0.00001	44	20	0.026433967778059154
40	0.00001	44	5	0.025889699699038184
40	0.00001	44	44	0.025889699699038184
40	0.00001	44	3	0.025889699699038184
40	0.00001	44	9	0.025889699699038184
40	0.00001	44	10	0.025889699699038184
40	0.00001	44	69	0.012987901912517504
40	0.00001	44	60	0.00957146656265476
40	0.00001	44	61	0.00957146656265476
40	0.00001	44	90	0.012987901912517504
40	0.00001	44	18	0.012987901912517504
40	0.00001	45	0	0.44518916913752443
40	0.00001	45	66	0.13394092033605348
40	0.00001	45	29	0.13394092033605348
40	0.00001	45	23	0.13394092033605348
40	0.00001	45	74	0.13394092033605348
40	0.00001	45	11	0.02808066933703679
40	0.00001	45	94	0.02808066933703679
40	0.00001	45	4	0.02808066933703679
40	0.00001	45	20	0.02808066933703679
40	0.00001	45	5	0.02808066933703679
40	0.00001	45	44	0.02808066933703679
40	0.00001	45	9	0.02808066933703679
40	0.00001	45	3	0.02808066933703679
40	0.00001	45	10	0.02808066933703679
40	0.00001	45	98	0.02808066933703679
40	0.00001	45	90	0.00870909298242032
40	0.00001	45	69	0.008355587061313861
40	0.00001	45	18	0.008355587061313861
40	0.00001	45	60	0.002857071706555982
40	0.00001	45	83	0.005587222845155371
40	0.00001	45	76	0.005587222845155371
40	0.00001	46	0	0.4505317820292505
40	0.00001	46	66	0.13031296574204607
40	0.00001	46	29	0.13031296574204607
40	0.00001	46	23	0.13031296574204607
40	0.00001	46	74	0.13031296574204607
40	0.00001	46	11	0.02123558590082589
40	0.00001	46	4	0.02123558590082589
40	0.00001	46	44	0.02123558590082589
40	0.00001	46	94	0.02123558590082589
40	0.00001	46	20	0.02123558590082589
40	0.00001	46	5	0.02123558590082589
40	0.00001	46	9	0.021139096223785556
40	0.00001	46	98	0.021139096223785556
40	0.00001	46	10	0.021139096223785556
40	0.00001	46	3	0.018050452301859147
40	0.00001	46	90	0.018050452301859147
40	0.00001	46	61	0.008163988375043545
40	0.00001	46	18	0.013626226693990221
40	0.00001	46	69	0.013626226693990221
40	0.00001	46	7	0.001236804704030176
40	0.00001	47	0	0.4531313436947572
40	0.00001	47	66	0.1124226183221523
40	0.00001	47	29	0.12048690224122557
40	0.00001	47	23	0.12048690224122557
40	0.00001	47	74	0.12048690224122557
40	0.00001	47	20	0.02701054071151297
40	0.00001	47	94	0.02701054071151297
40	0.00001	47	4	0.02701054071151297
40	0.00001	47	11	0.02701054071151297
40	0.00001	47	5	0.02701054071151297
40	0.00001	47	98	0.02701054071151297
40	0.00001	47	44	0.02701054071151297
40	0.00001	47	10	0.02099352406008555
40	0.00001	47	3	0.02701054071151297
40	0.00001	47	9	0.02701054071151297
40	0.00001	47	61	0.004739151366505729
40	0.00001	47	60	0.004575903496693219
40	0.00001	47	90	0.015168316900799516
40	0.00001	47	18	0.015168316900799516
40	0.00001	47	69	0.015168316900799516
40	0.00001	48	0	0.4692991710178994
40	0.00001	48	66	0.11114110098753266
40	0.00001	48	29	0.11114110098753266
40	0.00001	48	23	0.11114110098753266
40	0.00001	48	74	0.11114110098753266
40	0.00001	48	94	0.0450977325351511
40	0.00001	48	20	0.0450977325351511
40	0.00001	48	44	0.0450977325351511
40	0.00001	48	4	0.0450977325351511
40	0.00001	48	11	0.0450977325351511
40	0.00001	48	5	0.0450977325351511
40	0.00001	48	9	0.0450977325351511
40	0.00001	48	3	0.016536914819314245
40	0.00001	48	10	0.016536914819314245
40	0.00001	48	98	0.016536914819314245
40	0.00001	48	90	0.014960132616471803
40	0.00001	48	18	0.014960132616471803
40	0.00001	48	69	0.014960132616471803
40	0.00001	48	60	0.0067560905300576716
40	0.00001	48	7	0.001114156382522508
40	0.00001	49	0	0.43355054980042956
40	0.00001	49	66	0.12392410042231651
40	0.00001	49	29	0.12392410042231651
40	0.00001	49	23	0.12392410042231651
40	0.00001	49	74	0.12392410042231651
40	0.00001	49	11	0.03284087876576746
40	0.00001	49	4	0.03284087876576746
40	0.00001	49	94	0.03284087876576746
40	0.00001	49	20	0.03284087876576746
40	0.00001	49	5	0.03284087876576746
40	0.00001	49	44	0.03284087876576746
40	0.00001	49	9	0.03284087876576746
40	0.00001	49	98	0.03284087876576746
40	0.00001	49	90	0.015728475238391135
40	0.00001	49	10	0.03284087876576746
40	0.00001	49	3	0.03284087876576746
40	0.00001	49	69	0.010720249214062299
40	0.00001	49	18	0.010720249214062299
40	0.00001	49	61	0.0067715167865606725
40	0.00001	49	42	0.0067715167865606725
40	0.00001	50	0	0.45338308438824676
40	0.00001	50	66	0.11641083175309294
40	0.00001	50	29	0.11641083175309294
40	0.00001	50	23	0.11641083175309294
40	0.00001	50	74	0.11641083175309294
40	0.00001	50	11	0.04138155846677508
40	0.00001	50	4	0.04138155846677508
40	0.00001	50	20	0.04138155846677508
40	0.00001	50	98	0.04138155846677508
40	0.00001	50	44	0.04138155846677508
40	0.00001	50	94	0.04138155846677508
40	0.00001	50	5	0.04138155846677508
40	0.00001	50	69	0.014312498725958061
40	0.00001	50	3	0.04138155846677508
40	0.00001	50	9	0.04138155846677508
40	0.00001	50	10	0.04138155846677508
40	0.00001	50	18	0.014312498725958061
40	0.00001	50	90	0.014312498725958061
40	0.00001	50	7	0.014312498725958061
40	0.00001	50	61	0.002772544845526095
40	0.00001	51	0	0.4477151427083636
40	0.00001	51	66	0.11210655595565246
40	0.00001	51	29	0.11210655595565246
40	0.00001	51	23	0.11210655595565246
40	0.00001	51	74	0.11210655595565246
40	0.00001	51	20	0.026169310743102386
40	0.00001	51	94	0.026169310743102386
40	0.00001	51	4	0.026169310743102386
40	0.00001	51	11	0.026169310743102386
40	0.00001	51	98	0.026169310743102386
40	0.00001	51	5	0.026169310743102386
40	0.00001	51	44	0.026169310743102386
40	0.00001	51	9	0.026169310743102386
40	0.00001	51	3	0.026169310743102386
40	0.00001	51	10	0.026169310743102386
40	0.00001	51	90	0.008468983468208196
40	0.00001	51	69	0.008468983468208196
40	0.00001	51	18	0.008468983468208196
40	0.00001	51	7	0.004160297488219317
40	0.00001	51	61	0.003937929190749692
40	0.00001	51	60	0.003937929190749692
40	0.00001	52	0	0.4497391305587393
40	0.00001	52	66	0.10368891072295235
40	0.00001	52	29	0.13064350567995586
40	0.00001	52	23	0.13064350567995586
40	0.00001	52	74	0.13064350567995586
40	0.00001	52	11	0.023707651190729227
40	0.00001	52	4	0.023707651190729227
40	0.00001	52	20	0.023707651190729227
40	0.00001	52	94	0.023707651190729227
40	0.00001	52	5	0.022160547022679864
40	0.00001	52	44	0.022160547022679864
40	0.00001	52	98	0.022160547022679864
40	0.00001	52	10	0.020812463441459362
40	0.00001	52	3	0.020812463441459362
40	0.00001	52	9	0.020812463441459362
40	0.00001	52	90	0.01832879368108432
40	0.00001	52	69	0.01832879368108432
40	0.00001	52	18	0.01832879368108432
40	0.00001	52	38	0.0023562507281756017
40	0.00001	52	60	0.0058472308430171155
40	0.00001	52	61	0.0058472308430171155
40	0.00001	53	0	0.43916889294154016
40	0.00001	53	66	0.10681343347668545
40	0.00001	53	29	0.12206188679652248
40	0.00001	53	23	0.12206188679652248
40	0.00001	53	74	0.12206188679652248
40	0.00001	53	20	0.024594429627444382
40	0.00001	53	94	0.021762339245137794
40	0.00001	53	4	0.021762339245137794
40	0.00001	53	11	0.021762339245137794
40	0.00001	53	5	0.021762339245137794
40	0.00001	53	98	0.021762339245137794
40	0.00001	53	44	0.021762339245137794
40	0.00001	53	9	0.017376386642136338
40	0.00001	53	10	0.017376386642136338
40	0.00001	53	3	0.017376386642136338
40	0.00001	53	60	0.011192386890755997
40	0.00001	53	69	0.011225046380003805
40	0.00001	53	18	0.011225046380003805
40	0.00001	53	90	0.011225046380003805
40	0.00001	53	76	0.003533321452713112
40	0.00001	54	0	0.39814654545608213
40	0.00001	54	23	0.12572026731072916
40	0.00001	54	66	0.12572026731072916
40	0.00001	54	74	0.12572026731072916
40	0.00001	54	29	0.12572026731072916
40	0.00001	54	11	0.023054311983818482
40	0.00001	54	4	0.023054311983818482
40	0.00001	54	20	0.023054311983818482
40	0.00001	54	94	0.023054311983818482
40	0.00001	54	44	0.023054311983818482
40	0.00001	54	5	0.022199035450737332
40	0.00001	54	9	0.022199035450737332
40	0.00001	54	3	0.022199035450737332
40	0.00001	54	10	0.022199035450737332
40	0.00001	54	98	0.022199035450737332
40	0.00001	54	69	0.02055955559481654
40	0.00001	54	76	0.0028733099044892
40	0.00001	54	90	0.02055955559481654
40	0.00001	54	18	0.02055955559481654
40	0.00001	54	60	0.0028733099044892
40	0.00001	55	0	0.4514194413918586
40	0.00001	55	66	0.09944573915811218
40	0.00001	55	29	0.11270751416838809
40	0.00001	55	74	0.11270751416838809
40	0.00001	55	23	0.11270751416838809
40	0.00001	55	20	0.030685282229542775
40	0.00001	55	11	0.030685282229542775
40	0.00001	55	94	0.030685282229542775
40	0.00001	55	4	0.030685282229542775
40	0.00001	55	5	0.030685282229542775
40	0.00001	55	44	0.030685282229542775
40	0.00001	55	98	0.030685282229542775
40	0.00001	55	3	0.030685282229542775
40	0.00001	55	9	0.01511967564422023
40	0.00001	55	60	0.01511967564422023
40	0.00001	55	10	0.01511967564422023
40	0.00001	55	18	0.00815798794669089
40	0.00001	55	90	0.00815798794669089
40	0.00001	55	69	0.00815798794669089
40	0.00001	55	76	0.01511967564422023
40	0.00001	55	99	0.01511967564422023
40	0.00001	55	83	0.01511967564422023
40	0.00001	55	87	0.004690613155089548
40	0.00001	56	0	0.4539962272922617
40	0.00001	56	66	0.138142470921191
40	0.00001	56	29	0.138142470921191
40	0.00001	56	23	0.138142470921191
40	0.00001	56	74	0.138142470921191
40	0.00001	56	11	0.03869098377530723
40	0.00001	56	4	0.03869098377530723
40	0.00001	56	94	0.03869098377530723
40	0.00001	56	20	0.03869098377530723
40	0.00001	56	44	0.03869098377530723
40	0.00001	56	3	0.03869098377530723
40	0.00001	56	5	0.03869098377530723
40	0.00001	56	10	0.03869098377530723
40	0.00001	56	9	0.03869098377530723
40	0.00001	56	90	0.0048652623128736345
40	0.00001	56	60	0.004622642818844803
40	0.00001	56	70	0.004622642818844803
40	0.00001	56	42	0.002551343163276645
40	0.00001	56	69	0.002980756882358827
40	0.00001	56	38	0.002980756882358827
40	0.00001	57	0	0.45301752428099396
40	0.00001	57	66	0.11694040252727422
40	0.00001	57	29	0.11723027290804638
40	0.00001	57	23	0.11723027290804638
40	0.00001	57	74	0.11723027290804638
40	0.00001	57	11	0.02676305258534077
40	0.00001	57	94	0.02676305258534077
40	0.00001	57	20	0.02676305258534077
40	0.00001	57	4	0.02676305258534077
40	0.00001	57	5	0.02676305258534077
40	0.00001	57	44	0.02676305258534077
40	0.00001	57	10	0.02676305258534077
40	0.00001	57	98	0.02676305258534077
40	0.00001	57	3	0.02676305258534077
40	0.00001	57	9	0.02676305258534077
40	0.00001	57	90	0.012155339221978862
40	0.00001	57	60	0.012155339221978862
40	0.00001	57	18	0.012155339221978862
40	0.00001	57	69	0.012155339221978862
40	0.00001	57	7	0.0046067751661156685
40	0.00001	58	0	0.4771503913093294
40	0.00001	58	66	0.1314498016298377
40	0.00001	58	29	0.1314498016298377
40	0.00001	58	23	0.1314498016298377
40	0.00001	58	74	0.1314498016298377
40	0.00001	58	11	0.021144235351609062
40	0.00001	58	4	0.021144235351609062
40	0.00001	58	94	0.021144235351609062
40	0.00001	58	20	0.021144235351609062
40	0.00001	58	44	0.021144235351609062
40	0.00001	58	98	0.021144235351609062
40	0.00001	58	5	0.021144235351609062
40	0.00001	58	90	0.011043509628389524
40	0.00001	58	3	0.01884187479614819
40	0.00001	58	9	0.01884187479614819
40	0.00001	58	10	0.01884187479614819
40	0.00001	58	18	0.012422128752206127
40	0.00001	58	69	0.012422128752206127
40	0.00001	58	83	0.002010527664551557
40	0.00001	58	7	0.002302312235779152
40	0.00001	58	38	0.002302312235779152
40	0.00001	59	0	0.46332819945691844
40	0.00001	59	66	0.11809152360476703
40	0.00001	59	29	0.11809152360476703
40	0.00001	59	23	0.11809152360476703
40	0.00001	59	74	0.11809152360476703
40	0.00001	59	94	0.0342180493950676
40	0.00001	59	4	0.0342180493950676
40	0.00001	59	11	0.0342180493950676
40	0.00001	59	20	0.0342180493950676
40	0.00001	59	5	0.0342180493950676
40	0.00001	59	44	0.0342180493950676
40	0.00001	59	9	0.0342180493950676
40	0.00001	59	3	0.0342180493950676
40	0.00001	59	98	0.0342180493950676
40	0.00001	59	10	0.020310709398055477
40	0.00001	59	90	0.014718944923702616
40	0.00001	59	61	0.011366094519477907
40	0.00001	59	69	0.011366094519477907
40	0.00001	59	18	0.011366094519477907
40	0.00001	59	62	0.0015109789187370245
40	0.00001	60	0	0.4543116885323025
40	0.00001	60	66	0.10502368361995186
40	0.00001	60	29	0.1162552702995496
40	0.00001	60	23	0.1162552702995496
40	0.00001	60	74	0.1162552702995496
40	0.00001	60	11	0.040131666973801626
40	0.00001	60	4	0.040131666973801626
40	0.00001	60	20	0.040131666973801626
40	0.00001	60	94	0.040131666973801626
40	0.00001	60	5	0.02648753731402379
40	0.00001	60	9	0.02648753731402379
40	0.00001	60	44	0.02648753731402379
40	0.00001	60	3	0.021621351789165636
40	0.00001	60	98	0.014759988259351244
40	0.00001	60	10	0.014759988259351244
40	0.00001	60	69	0.014759988259351244
40	0.00001	60	18	0.014759988259351244
40	0.00001	60	90	0.009116797394003834
40	0.00001	60	60	0.007585237392826417
40	0.00001	60	83	0.001931045052506091
40	0.00001	61	0	0.45126685522058485
40	0.00001	61	66	0.11572997444977796
40	0.00001	61	29	0.11572997444977796
40	0.00001	61	23	0.11572997444977796
40	0.00001	61	74	0.11572997444977796
40	0.00001	61	20	0.02647266463709068
40	0.00001	61	94	0.02647266463709068
40	0.00001	61	11	0.02647266463709068
40	0.00001	61	4	0.02647266463709068
40	0.00001	61	5	0.02647266463709068
40	0.00001	61	44	0.02647266463709068
40	0.00001	61	98	0.02647266463709068
40	0.00001	61	9	0.02447772493302039
40	0.00001	61	3	0.02447772493302039
40	0.00001	61	10	0.01993940677011268
40	0.00001	61	60	0.005332868513026514
40	0.00001	61	61	0.005332868513026514
40	0.00001	61	18	0.017580565688212185
40	0.00001	61	90	0.017580565688212185
40	0.00001	61	69	0.017580565688212185
40	0.00001	62	0	0.450171348382538
40	0.00001	62	66	0.11178073667141555
40	0.00001	62	29	0.11178073667141555
40	0.00001	62	23	0.11178073667141555
40	0.00001	62	74	0.11178073667141555
40	0.00001	62	20	0.030032544551385404
40	0.00001	62	11	0.030032544551385404
40	0.00001	62	4	0.030032544551385404
40	0.00001	62	98	0.030032544551385404
40	0.00001	62	44	0.030032544551385404
40	0.00001	62	94	0.030032544551385404
40	0.00001	62	5	0.030032544551385404
40	0.00001	62	9	0.030032544551385404
40	0.00001	62	3	0.030032544551385404
40	0.00001	62	10	0.030032544551385404
40	0.00001	62	69	0.011166364246702117
40	0.00001	62	60	0.0055173966748196124
40	0.00001	62	90	0.011166364246702117
40	0.00001	62	18	0.011166364246702117
40	0.00001	62	7	0.011166364246702117
40	0.00001	63	0	0.4388783448580536
40	0.00001	63	66	0.12241461176505695
40	0.00001	63	29	0.12241461176505695
40	0.00001	63	23	0.12241461176505695
40	0.00001	63	74	0.12241461176505695
40	0.00001	63	11	0.02679336831378723
40	0.00001	63	4	0.02679336831378723
40	0.00001	63	20	0.02679336831378723
40	0.00001	63	5	0.023579670797651168
40	0.00001	63	98	0.02679336831378723
40	0.00001	63	44	0.02679336831378723
40	0.00001	63	94	0.02679336831378723
40	0.00001	63	90	0.018516356977935338
40	0.00001	63	60	0.002027343434171551
40	0.00001	63	10	0.019755004701474836
40	0.00001	63	3	0.019755004701474836
40	0.00001	63	9	0.019755004701474836
40	0.00001	63	18	0.018516356977935338
40	0.00001	63	69	0.018516356977935338
40	0.00001	63	7	0.006646265464495615
40	0.00001	63	61	0.002027343434171551
40	0.00001	64	0	0.45256903559629014
40	0.00001	64	66	0.13066680685388304
40	0.00001	64	29	0.13066680685388304
40	0.00001	64	23	0.13066680685388304
40	0.00001	64	74	0.13066680685388304
40	0.00001	64	11	0.030129539032500187
40	0.00001	64	4	0.030129539032500187
40	0.00001	64	94	0.030129539032500187
40	0.00001	64	20	0.030129539032500187
40	0.00001	64	5	0.030129539032500187
40	0.00001	64	44	0.030129539032500187
40	0.00001	64	9	0.030129539032500187
40	0.00001	64	98	0.030129539032500187
40	0.00001	64	3	0.030129539032500187
40	0.00001	64	10	0.021423237530022378
40	0.00001	64	90	0.018278658787518682
40	0.00001	64	69	0.011767770266523436
40	0.00001	64	18	0.011767770266523436
40	0.00001	64	61	0.0056657095225521115
40	0.00001	64	60	0.0056657095225521115
40	0.00001	65	0	0.45780178278365646
40	0.00001	65	66	0.12360808803349212
40	0.00001	65	29	0.12360808803349212
40	0.00001	65	23	0.12360808803349212
40	0.00001	65	74	0.12360808803349212
40	0.00001	65	11	0.0242401190805396
40	0.00001	65	4	0.0242401190805396
40	0.00001	65	94	0.0242401190805396
40	0.00001	65	20	0.0242401190805396
40	0.00001	65	5	0.0242401190805396
40	0.00001	65	44	0.0242401190805396
40	0.00001	65	9	0.0242401190805396
40	0.00001	65	3	0.0242401190805396
40	0.00001	65	98	0.0242401190805396
40	0.00001	65	10	0.0242401190805396
40	0.00001	65	90	0.0242401190805396
40	0.00001	65	69	0.011362238779300905
40	0.00001	65	18	0.011362238779300905
40	0.00001	65	7	0.011362238779300905
40	0.00001	65	38	0.005670467117208252
40	0.00001	66	0	0.45417789408951087
40	0.00001	66	66	0.10799605521047798
40	0.00001	66	29	0.12862757303052572
40	0.00001	66	23	0.12862757303052572
40	0.00001	66	74	0.12862757303052572
40	0.00001	66	11	0.03702138826597987
40	0.00001	66	4	0.03702138826597987
40	0.00001	66	44	0.03702138826597987
40	0.00001	66	94	0.03702138826597987
40	0.00001	66	20	0.03702138826597987
40	0.00001	66	98	0.03702138826597987
40	0.00001	66	5	0.03702138826597987
40	0.00001	66	9	0.03702138826597987
40	0.00001	66	10	0.03702138826597987
40	0.00001	66	3	0.03702138826597987
40	0.00001	66	69	0.010142336424686057
40	0.00001	66	18	0.010142336424686057
40	0.00001	66	90	0.010142336424686057
40	0.00001	66	7	0.0034208016350007193
40	0.00001	66	61	0.0034208016350007193
40	0.00001	67	0	0.45158209191438464
40	0.00001	67	66	0.10862154673148927
40	0.00001	67	29	0.11569552504912309
40	0.00001	67	23	0.11569552504912309
40	0.00001	67	74	0.11569552504912309
40	0.00001	67	20	0.026177435039857592
40	0.00001	67	11	0.02313958168486712
40	0.00001	67	4	0.02313958168486712
40	0.00001	67	94	0.020608212469517533
40	0.00001	67	5	0.020608212469517533
40	0.00001	67	98	0.020608212469517533
40	0.00001	67	44	0.020608212469517533
40	0.00001	67	9	0.020608212469517533
40	0.00001	67	3	0.020608212469517533
40	0.00001	67	10	0.020608212469517533
40	0.00001	67	61	0.01403881596761197
40	0.00001	67	60	0.01403881596761197
40	0.00001	67	18	0.01403881596761197
40	0.00001	67	69	0.01403881596761197
40	0.00001	67	90	0.01403881596761197
40	0.00001	68	0	0.46126183901941026
40	0.00001	68	66	0.1108102280604827
40	0.00001	68	29	0.12665786909875296
40	0.00001	68	23	0.12665786909875296
40	0.00001	68	74	0.12665786909875296
40	0.00001	68	20	0.026038079073116595
40	0.00001	68	11	0.026038079073116595
40	0.00001	68	4	0.026038079073116595
40	0.00001	68	94	0.026038079073116595
40	0.00001	68	98	0.026038079073116595
40	0.00001	68	5	0.026038079073116595
40	0.00001	68	44	0.026038079073116595
40	0.00001	68	9	0.026038079073116595
40	0.00001	68	10	0.026038079073116595
40	0.00001	68	3	0.026038079073116595
40	0.00001	68	69	0.01204434485729578
40	0.00001	68	18	0.01204434485729578
40	0.00001	68	90	0.007431712926523939
40	0.00001	68	7	0.007404535115450598
40	0.00001	68	61	0.007431712926523939
40	0.00001	68	60	0.007431712926523939
40	0.00001	69	0	0.4520535159447034
40	0.00001	69	66	0.1071965130125589
40	0.00001	69	29	0.11462610976825392
40	0.00001	69	23	0.11462610976825392
40	0.00001	69	74	0.11462610976825392
40	0.00001	69	20	0.03415390760255491
40	0.00001	69	11	0.03415390760255491
40	0.00001	69	4	0.03415390760255491
40	0.00001	69	44	0.03415390760255491
40	0.00001	69	98	0.03415390760255491
40	0.00001	69	94	0.03415390760255491
40	0.00001	69	5	0.03415390760255491
40	0.00001	69	10	0.021109630815838783
40	0.00001	69	3	0.03415390760255491
40	0.00001	69	9	0.03415390760255491
40	0.00001	69	69	0.021109630815838783
40	0.00001	69	18	0.021109630815838783
40	0.00001	69	90	0.021109630815838783
40	0.00001	69	7	0.0022319448808480807
40	0.00001	69	61	0.004643376717454716
40	0.00001	69	60	0.004643376717454716
40	0.00001	70	0	0.450066626882867
40	0.00001	70	66	0.10918396365325865
40	0.00001	70	29	0.12488876563750484
40	0.00001	70	23	0.12488876563750484
40	0.00001	70	74	0.12488876563750484
40	0.00001	70	11	0.02989797477480909
40	0.00001	70	94	0.02989797477480909
40	0.00001	70	20	0.02989797477480909
40	0.00001	70	4	0.02989797477480909
40	0.00001	70	5	0.02989797477480909
40	0.00001	70	98	0.02989797477480909
40	0.00001	70	44	0.02989797477480909
40	0.00001	70	9	0.02989797477480909
40	0.00001	70	10	0.02989797477480909
40	0.00001	70	3	0.02989797477480909
40	0.00001	70	61	0.005294955284918385
40	0.00001	70	18	0.008723936957531752
40	0.00001	70	69	0.008723936957531752
40	0.00001	70	7	0.005409930432398024
40	0.00001	70	90	0.005409930432398024
40	0.00001	71	0	0.4542423455378355
40	0.00001	71	66	0.12886064164979164
40	0.00001	71	29	0.12886064164979164
40	0.00001	71	23	0.12886064164979164
40	0.00001	71	74	0.12886064164979164
40	0.00001	71	11	0.024709943469642746
40	0.00001	71	4	0.024709943469642746
40	0.00001	71	20	0.024709943469642746
40	0.00001	71	94	0.024709943469642746
40	0.00001	71	5	0.024709943469642746
40	0.00001	71	44	0.024709943469642746
40	0.00001	71	98	0.024709943469642746
40	0.00001	71	3	0.024709943469642746
40	0.00001	71	9	0.024709943469642746
40	0.00001	71	10	0.024709943469642746
40	0.00001	71	90	0.024709943469642746
40	0.00001	71	69	0.019128879036061808
40	0.00001	71	18	0.019128879036061808
40	0.00001	71	42	0.0024073725584631707
40	0.00001	71	61	0.001466732117190476
40	0.00001	72	0	0.4416804155554771
40	0.00001	72	66	0.10540675223038654
40	0.00001	72	29	0.12762372809050251
40	0.00001	72	23	0.12762372809050251
40	0.00001	72	74	0.12762372809050251
40	0.00001	72	20	0.03138703602664648
40	0.00001	72	11	0.030684613819876652
40	0.00001	72	4	0.030684613819876652
40	0.00001	72	94	0.025506957479555076
40	0.00001	72	5	0.025506957479555076
40	0.00001	72	98	0.025506957479555076
40	0.00001	72	44	0.025506957479555076
40	0.00001	72	3	0.025506957479555076
40	0.00001	72	9	0.025506957479555076
40	0.00001	72	10	0.020862728934835338
40	0.00001	72	69	0.020862728934835338
40	0.00001	72	61	0.004756600107265845
40	0.00001	72	60	0.004756600107265845
40	0.00001	72	90	0.020862728934835338
40	0.00001	72	18	0.020862728934835338
40	0.00001	73	0	0.37120192272607877
40	0.00001	73	29	0.12283590334392117
40	0.00001	73	66	0.12283590334392117
40	0.00001	73	23	0.12283590334392117
40	0.00001	73	74	0.12283590334392117
40	0.00001	73	11	0.022902185022003394
40	0.00001	73	4	0.022902185022003394
40	0.00001	73	94	0.022902185022003394
40	0.00001	73	20	0.022902185022003394
40	0.00001	73	5	0.022902185022003394
40	0.00001	73	44	0.022902185022003394
40	0.00001	73	98	0.022902185022003394
40	0.00001	73	10	0.022902185022003394
40	0.00001	73	3	0.022902185022003394
40	0.00001	73	9	0.022902185022003394
40	0.00001	73	90	0.018239877318058765
40	0.00001	73	61	0.0056097444962288105
40	0.00001	73	18	0.018239877318058765
40	0.00001	73	69	0.018239877318058765
40	0.00001	73	60	0.0056097444962288105
40	0.00001	74	0	0.44839814872289996
40	0.00001	74	66	0.1107305252878373
40	0.00001	74	29	0.11895223555430917
40	0.00001	74	23	0.11895223555430917
40	0.00001	74	74	0.11895223555430917
40	0.00001	74	20	0.024949643707555303
40	0.00001	74	94	0.024949643707555303
40	0.00001	74	4	0.024949643707555303
40	0.00001	74	11	0.024949643707555303
40	0.00001	74	5	0.024949643707555303
40	0.00001	74	44	0.024949643707555303
40	0.00001	74	98	0.024949643707555303
40	0.00001	74	9	0.024949643707555303
40	0.00001	74	3	0.024949643707555303
40	0.00001	74	10	0.024949643707555303
40	0.00001	74	90	0.012675550204279627
40	0.00001	74	69	0.012675550204279627
40	0.00001	74	18	0.012675550204279627
40	0.00001	74	99	0.0034083893179091083
40	0.00001	74	60	0.012675550204279627
40	0.00001	74	61	0.012675550204279627
40	0.00001	75	0	0.43952871659721343
40	0.00001	75	66	0.11417225803650019
40	0.00001	75	29	0.11417225803650019
40	0.00001	75	23	0.11417225803650019
40	0.00001	75	74	0.11417225803650019
40	0.00001	75	20	0.02716111420404201
40	0.00001	75	4	0.029139687925196864
40	0.00001	75	11	0.029139687925196864
40	0.00001	75	94	0.02716111420404201
40	0.00001	75	98	0.02137743487179169
40	0.00001	75	44	0.02137743487179169
40	0.00001	75	3	0.02137743487179169
40	0.00001	75	9	0.02137743487179169
40	0.00001	75	5	0.02137743487179169
40	0.00001	75	10	0.02137743487179169
40	0.00001	75	90	0.019238871423865204
40	0.00001	75	69	0.019238871423865204
40	0.00001	75	18	0.019238871423865204
40	0.00001	75	7	0.004014604347561512
40	0.00001	75	42	0.003928913258983959
40	0.00001	76	0	0.4545642638710576
40	0.00001	76	66	0.12429980981002553
40	0.00001	76	29	0.12429980981002553
40	0.00001	76	23	0.12429980981002553
40	0.00001	76	74	0.12429980981002553
40	0.00001	76	11	0.026550167824102935
40	0.00001	76	4	0.026550167824102935
40	0.00001	76	44	0.026550167824102935
40	0.00001	76	94	0.026550167824102935
40	0.00001	76	20	0.026550167824102935
40	0.00001	76	5	0.026550167824102935
40	0.00001	76	9	0.026550167824102935
40	0.00001	76	3	0.026550167824102935
40	0.00001	76	98	0.026550167824102935
40	0.00001	76	10	0.026550167824102935
40	0.00001	76	90	0.016321876100605065
40	0.00001	76	69	0.016321876100605065
40	0.00001	76	18	0.016321876100605065
40	0.00001	76	61	0.007756401115370626
40	0.00001	76	60	0.007756401115370626
40	0.00001	77	0	0.4558278149380951
40	0.00001	77	66	0.12121375218834743
40	0.00001	77	29	0.12121375218834743
40	0.00001	77	23	0.12121375218834743
40	0.00001	77	74	0.12121375218834743
40	0.00001	77	94	0.026443970288172487
40	0.00001	77	4	0.026443970288172487
40	0.00001	77	11	0.026443970288172487
40	0.00001	77	98	0.026443970288172487
40	0.00001	77	44	0.026443970288172487
40	0.00001	77	20	0.026443970288172487
40	0.00001	77	5	0.026443970288172487
40	0.00001	77	90	0.013977193524059402
40	0.00001	77	9	0.026443970288172487
40	0.00001	77	10	0.026443970288172487
40	0.00001	77	3	0.026443970288172487
40	0.00001	77	69	0.011920902933823956
40	0.00001	77	18	0.011920902933823956
40	0.00001	77	7	0.008678103937612517
40	0.00001	77	38	0.008678103937612517
40	0.00001	78	0	0.45104846825280126
40	0.00001	78	66	0.10395624212600531
40	0.00001	78	29	0.11692175082842644
40	0.00001	78	23	0.11692175082842644
40	0.00001	78	74	0.11692175082842644
40	0.00001	78	20	0.025375549403944073
40	0.00001	78	11	0.025375549403944073
40	0.00001	78	4	0.025375549403944073
40	0.00001	78	44	0.025375549403944073
40	0.00001	78	98	0.025375549403944073
40	0.00001	78	94	0.025375549403944073
40	0.00001	78	5	0.022358832323933004
40	0.00001	78	9	0.017953529305880598
40	0.00001	78	3	0.017953529305880598
40	0.00001	78	10	0.017953529305880598
40	0.00001	78	69	0.013354990054931353
40	0.00001	78	18	0.013354990054931353
40	0.00001	78	90	0.008202073847481737
40	0.00001	78	61	0.009015330157199174
40	0.00001	78	60	0.009015330157199174
40	0.00001	79	0	0.45212451290592137
40	0.00001	79	66	0.10789649557559543
40	0.00001	79	29	0.1145612426031169
40	0.00001	79	23	0.1145612426031169
40	0.00001	79	74	0.1145612426031169
40	0.00001	79	20	0.02846413260418147
40	0.00001	79	94	0.02846413260418147
40	0.00001	79	4	0.02846413260418147
40	0.00001	79	11	0.02846413260418147
40	0.00001	79	5	0.02846413260418147
40	0.00001	79	98	0.02846413260418147
40	0.00001	79	44	0.02846413260418147
40	0.00001	79	10	0.013152652106558287
40	0.00001	79	3	0.02846413260418147
40	0.00001	79	9	0.02846413260418147
40	0.00001	79	90	0.013152652106558287
40	0.00001	79	60	0.01193172377855002
40	0.00001	79	61	0.01193172377855002
40	0.00001	79	18	0.013152652106558287
40	0.00001	79	69	0.013152652106558287
40	0.00001	79	42	0.0012049162903886533
40	0.00001	80	0	0.4520064260518324
40	0.00001	80	66	0.12516394837763564
40	0.00001	80	29	0.12516394837763564
40	0.00001	80	23	0.12516394837763564
40	0.00001	80	74	0.12516394837763564
40	0.00001	80	11	0.04001658656449506
40	0.00001	80	4	0.04001658656449506
40	0.00001	80	94	0.04001658656449506
40	0.00001	80	5	0.03271114169042941
40	0.00001	80	20	0.04001658656449506
40	0.00001	80	98	0.04001658656449506
40	0.00001	80	44	0.04001658656449506
40	0.00001	80	9	0.03271114169042941
40	0.00001	80	10	0.03271114169042941
40	0.00001	80	3	0.03271114169042941
40	0.00001	80	18	0.006489184931901337
40	0.00001	80	69	0.006489184931901337
40	0.00001	80	90	0.006489184931901337
40	0.00001	80	61	0.006489184931901337
40	0.00001	80	60	0.006489184931901337
40	0.00001	81	0	0.47448135826220966
40	0.00001	81	66	0.1059862352933386
40	0.00001	81	29	0.12300767607908822
40	0.00001	81	23	0.12300767607908822
40	0.00001	81	74	0.12300767607908822
40	0.00001	81	11	0.02756837588394819
40	0.00001	81	94	0.02756837588394819
40	0.00001	81	20	0.02756837588394819
40	0.00001	81	4	0.02756837588394819
40	0.00001	81	5	0.02756837588394819
40	0.00001	81	98	0.02756837588394819
40	0.00001	81	44	0.02756837588394819
40	0.00001	81	9	0.02756837588394819
40	0.00001	81	3	0.02756837588394819
40	0.00001	81	10	0.02756837588394819
40	0.00001	81	83	0.0017788441248667317
40	0.00001	81	69	0.014332182235184307
40	0.00001	81	90	0.014332182235184307
40	0.00001	81	18	0.014332182235184307
40	0.00001	81	38	0.004965208050102099
40	0.00001	81	7	0.004965208050102099
40	0.00001	82	0	0.4496614239016947
40	0.00001	82	66	0.10841712458168988
40	0.00001	82	29	0.12829170036623613
40	0.00001	82	23	0.12829170036623613
40	0.00001	82	74	0.12829170036623613
40	0.00001	82	11	0.020553373889121495
40	0.00001	82	4	0.020553373889121495
40	0.00001	82	44	0.03331059371193819
40	0.00001	82	94	0.03331059371193819
40	0.00001	82	20	0.03331059371193819
40	0.00001	82	98	0.020553373889121495
40	0.00001	82	5	0.020553373889121495
40	0.00001	82	9	0.018599574417414243
40	0.00001	82	3	0.018599574417414243
40	0.00001	82	10	0.018599574417414243
40	0.00001	82	90	0.009640664915153288
40	0.00001	82	60	0.009640664915153288
40	0.00001	82	18	0.009640664915153288
40	0.00001	82	69	0.009640664915153288
40	0.00001	82	7	0.0046648351705863645
40	0.00001	83	0	0.439686498763311
40	0.00001	83	66	0.13924011649778245
40	0.00001	83	29	0.13924011649778245
40	0.00001	83	23	0.13924011649778245
40	0.00001	83	74	0.13924011649778245
40	0.00001	83	11	0.03314104387648173
40	0.00001	83	4	0.03314104387648173
40	0.00001	83	5	0.03314104387648173
40	0.00001	83	94	0.03314104387648173
40	0.00001	83	44	0.03314104387648173
40	0.00001	83	20	0.03314104387648173
40	0.00001	83	98	0.03314104387648173
40	0.00001	83	10	0.018259773336195405
40	0.00001	83	3	0.03314104387648173
40	0.00001	83	9	0.03314104387648173
40	0.00001	83	90	0.013656528902459329
40	0.00001	83	69	0.012081984582669248
40	0.00001	83	18	0.012081984582669248
40	0.00001	83	62	0.004798532628226626
40	0.00001	83	38	0.004455319140667105
40	0.00001	84	0	0.4443285411604057
40	0.00001	84	66	0.12051940562048513
40	0.00001	84	29	0.12051940562048513
40	0.00001	84	74	0.12051940562048513
40	0.00001	84	23	0.12051940562048513
40	0.00001	84	20	0.024481371116446618
40	0.00001	84	11	0.023331383435102212
40	0.00001	84	4	0.023331383435102212
40	0.00001	84	94	0.023331383435102212
40	0.00001	84	44	0.023331383435102212
40	0.00001	84	5	0.023331383435102212
40	0.00001	84	9	0.023331383435102212
40	0.00001	84	3	0.023331383435102212
40	0.00001	84	98	0.019360674298921264
40	0.00001	84	10	0.012532381850025937
40	0.00001	84	90	0.012532381850025937
40	0.00001	84	60	0.007844554942408955
40	0.00001	84	61	0.007844554942408955
40	0.00001	84	18	0.012532381850025937
40	0.00001	84	69	0.012532381850025937
40	0.00001	84	42	0.006237652019335177
40	0.00001	85	0	0.4484823627888322
40	0.00001	85	66	0.11356446063479017
40	0.00001	85	29	0.11356446063479017
40	0.00001	85	23	0.11356446063479017
40	0.00001	85	74	0.11356446063479017
40	0.00001	85	11	0.026934435835493594
40	0.00001	85	4	0.026934435835493594
40	0.00001	85	20	0.026934435835493594
40	0.00001	85	94	0.026934435835493594
40	0.00001	85	5	0.025410596531960143
40	0.00001	85	98	0.025410596531960143
40	0.00001	85	44	0.025410596531960143
40	0.00001	85	3	0.025410596531960143
40	0.00001	85	9	0.025410596531960143
40	0.00001	85	90	0.016789227065389812
40	0.00001	85	10	0.016789227065389812
40	0.00001	85	69	0.016789227065389812
40	0.00001	85	18	0.016789227065389812
40	0.00001	85	7	0.004452912783111356
40	0.00001	85	62	0.002355113005039064
40	0.00001	86	0	0.45205872928339724
40	0.00001	86	66	0.1098593945868945
40	0.00001	86	29	0.12468116073363363
40	0.00001	86	23	0.12468116073363363
40	0.00001	86	74	0.12468116073363363
40	0.00001	86	11	0.027874646814408422
40	0.00001	86	4	0.027874646814408422
40	0.00001	86	20	0.027874646814408422
40	0.00001	86	5	0.027874646814408422
40	0.00001	86	94	0.027874646814408422
40	0.00001	86	98	0.027874646814408422
40	0.00001	86	44	0.027874646814408422
40	0.00001	86	10	0.027874646814408422
40	0.00001	86	9	0.027874646814408422
40	0.00001	86	3	0.027874646814408422
40	0.00001	86	69	0.010326437592846217
40	0.00001	86	61	0.00555921975458492
40	0.00001	86	18	0.010326437592846217
40	0.00001	86	90	0.010326437592846217
40	0.00001	86	7	0.005132124489642679
40	0.00001	87	0	0.44177515547001206
40	0.00001	87	66	0.10183367064637627
40	0.00001	87	29	0.13236634897194943
40	0.00001	87	23	0.13236634897194943
40	0.00001	87	74	0.13236634897194943
40	0.00001	87	11	0.03909653140005367
40	0.00001	87	4	0.03909653140005367
40	0.00001	87	44	0.03909653140005367
40	0.00001	87	94	0.03909653140005367
40	0.00001	87	20	0.03909653140005367
40	0.00001	87	98	0.03909653140005367
40	0.00001	87	5	0.03909653140005367
40	0.00001	87	69	0.008193819804664602
40	0.00001	87	10	0.03909653140005367
40	0.00001	87	3	0.03909653140005367
40	0.00001	87	9	0.03909653140005367
40	0.00001	87	18	0.008193819804664602
40	0.00001	87	60	0.007487277069920464
40	0.00001	87	90	0.007487277069920464
40	0.00001	87	7	0.005316311899645496
40	0.00001	88	0	0.4691228804098264
40	0.00001	88	66	0.12881884822179498
40	0.00001	88	29	0.12881884822179498
40	0.00001	88	23	0.12881884822179498
40	0.00001	88	74	0.12881884822179498
40	0.00001	88	11	0.023779000664183307
40	0.00001	88	20	0.023779000664183307
40	0.00001	88	94	0.023779000664183307
40	0.00001	88	4	0.023779000664183307
40	0.00001	88	44	0.023779000664183307
40	0.00001	88	5	0.023779000664183307
40	0.00001	88	3	0.023779000664183307
40	0.00001	88	9	0.023779000664183307
40	0.00001	88	98	0.023779000664183307
40	0.00001	88	10	0.02269147437737652
40	0.00001	88	90	0.02041332119219054
40	0.00001	88	69	0.018069429261736773
40	0.00001	88	18	0.018069429261736773
40	0.00001	88	42	0.0017682634577984347
40	0.00001	88	60	0.0058216939620945
40	0.00001	88	61	0.0058216939620945
40	0.00001	89	0	0.47167456383454387
40	0.00001	89	66	0.11129779858443581
40	0.00001	89	29	0.11619559723654997
40	0.00001	89	23	0.11619559723654997
40	0.00001	89	74	0.11619559723654997
40	0.00001	89	11	0.030136993811768622
40	0.00001	89	4	0.030136993811768622
40	0.00001	89	94	0.030136993811768622
40	0.00001	89	5	0.030136993811768622
40	0.00001	89	20	0.030136993811768622
40	0.00001	89	44	0.030136993811768622
40	0.00001	89	9	0.030136993811768622
40	0.00001	89	3	0.030136993811768622
40	0.00001	89	98	0.030136993811768622
40	0.00001	89	10	0.021775787957328506
40	0.00001	89	90	0.01910566344038466
40	0.00001	89	69	0.015948949796464957
40	0.00001	89	18	0.015948949796464957
40	0.00001	89	61	0.003431666002392841
40	0.00001	89	38	0.003431666002392841
40	0.00001	90	0	0.449260965543799
40	0.00001	90	66	0.12818543625852077
40	0.00001	90	29	0.12818543625852077
40	0.00001	90	23	0.12818543625852077
40	0.00001	90	74	0.12818543625852077
40	0.00001	90	11	0.027920357337383607
40	0.00001	90	4	0.027920357337383607
40	0.00001	90	94	0.027920357337383607
40	0.00001	90	5	0.027920357337383607
40	0.00001	90	20	0.027920357337383607
40	0.00001	90	44	0.027920357337383607
40	0.00001	90	9	0.027920357337383607
40	0.00001	90	3	0.027920357337383607
40	0.00001	90	98	0.027920357337383607
40	0.00001	90	10	0.027920357337383607
40	0.00001	90	90	0.017946306222249485
40	0.00001	90	61	0.008116225553800134
40	0.00001	90	18	0.01333845763209047
40	0.00001	90	69	0.01333845763209047
40	0.00001	90	7	0.0036563604853786617
40	0.00001	91	0	0.4530822169676115
40	0.00001	91	66	0.1255295709016261
40	0.00001	91	29	0.1255295709016261
40	0.00001	91	23	0.1255295709016261
40	0.00001	91	74	0.1255295709016261
40	0.00001	91	11	0.022434264123355807
40	0.00001	91	94	0.022434264123355807
40	0.00001	91	20	0.022434264123355807
40	0.00001	91	4	0.022434264123355807
40	0.00001	91	5	0.022434264123355807
40	0.00001	91	44	0.022434264123355807
40	0.00001	91	98	0.022434264123355807
40	0.00001	91	3	0.022434264123355807
40	0.00001	91	10	0.022434264123355807
40	0.00001	91	9	0.022434264123355807
40	0.00001	91	90	0.015891018561745924
40	0.00001	91	69	0.011384185519286763
40	0.00001	91	18	0.011384185519286763
40	0.00001	91	61	0.003200329983732916
40	0.00001	91	99	0.002835816809690665
40	0.00001	91	83	0.002835816809690665
40	0.00001	92	0	0.4577140124066998
40	0.00001	92	66	0.10409096485188452
40	0.00001	92	29	0.11823798427778602
40	0.00001	92	23	0.11823798427778602
40	0.00001	92	74	0.11823798427778602
40	0.00001	92	20	0.023525661725556497
40	0.00001	92	11	0.02297957989587182
40	0.00001	92	4	0.02297957989587182
40	0.00001	92	98	0.023525661725556497
40	0.00001	92	44	0.023525661725556497
40	0.00001	92	94	0.023525661725556497
40	0.00001	92	5	0.02297957989587182
40	0.00001	92	90	0.016554662880171305
40	0.00001	92	9	0.02297957989587182
40	0.00001	92	10	0.02297957989587182
40	0.00001	92	3	0.02297957989587182
40	0.00001	92	60	0.0051749244156707695
40	0.00001	92	18	0.008952265968518731
40	0.00001	92	69	0.008952265968518731
40	0.00001	92	7	0.008094568218456987
40	0.00001	92	38	0.008094568218456987
40	0.00001	93	0	0.4488096016822033
40	0.00001	93	66	0.1228325562789652
40	0.00001	93	29	0.1228325562789652
40	0.00001	93	23	0.1228325562789652
40	0.00001	93	74	0.1228325562789652
40	0.00001	93	11	0.032604221260471036
40	0.00001	93	4	0.032604221260471036
40	0.00001	93	20	0.032604221260471036
40	0.00001	93	98	0.032604221260471036
40	0.00001	93	44	0.032604221260471036
40	0.00001	93	94	0.032604221260471036
40	0.00001	93	5	0.032604221260471036
40	0.00001	93	9	0.032604221260471036
40	0.00001	93	3	0.032604221260471036
40	0.00001	93	10	0.032604221260471036
40	0.00001	93	90	0.011099103812410527
40	0.00001	93	69	0.010825348490423463
40	0.00001	93	18	0.010825348490423463
40	0.00001	93	7	0.005993752238837915
40	0.00001	93	38	0.0023691501980586376
40	0.00001	94	0	0.4495572495407175
40	0.00001	94	66	0.1172419527815268
40	0.00001	94	29	0.1172419527815268
40	0.00001	94	23	0.1172419527815268
40	0.00001	94	74	0.1172419527815268
40	0.00001	94	20	0.03493839242534322
40	0.00001	94	4	0.03493839242534322
40	0.00001	94	11	0.03493839242534322
40	0.00001	94	44	0.03493839242534322
40	0.00001	94	98	0.03493839242534322
40	0.00001	94	94	0.03493839242534322
40	0.00001	94	5	0.03493839242534322
40	0.00001	94	9	0.03493839242534322
40	0.00001	94	3	0.03493839242534322
40	0.00001	94	10	0.03493839242534322
40	0.00001	94	61	0.007790074215561151
40	0.00001	94	60	0.007790074215561151
40	0.00001	94	90	0.008285236940740567
40	0.00001	94	18	0.008285236940740567
40	0.00001	94	69	0.008285236940740567
40	0.00001	95	0	0.46534718016548277
40	0.00001	95	66	0.11446713090242154
40	0.00001	95	29	0.11630626192788014
40	0.00001	95	23	0.11630626192788014
40	0.00001	95	74	0.11630626192788014
40	0.00001	95	11	0.03147885324573112
40	0.00001	95	4	0.03147885324573112
40	0.00001	95	94	0.03147885324573112
40	0.00001	95	44	0.03147885324573112
40	0.00001	95	20	0.03147885324573112
40	0.00001	95	5	0.03147885324573112
40	0.00001	95	98	0.03147885324573112
40	0.00001	95	9	0.03147885324573112
40	0.00001	95	3	0.0215461547865667
40	0.00001	95	10	0.0215461547865667
40	0.00001	95	90	0.0215461547865667
40	0.00001	95	18	0.0215461547865667
40	0.00001	95	69	0.0215461547865667
40	0.00001	95	38	0.005036481577236763
40	0.00001	95	83	0.002902937326668265
40	0.00001	96	0	0.46325600765265024
40	0.00001	96	66	0.11094436914008186
40	0.00001	96	29	0.11388977774062525
40	0.00001	96	23	0.11388977774062525
40	0.00001	96	74	0.11388977774062525
40	0.00001	96	11	0.028653006718307124
40	0.00001	96	4	0.028653006718307124
40	0.00001	96	5	0.025744932048897485
40	0.00001	96	20	0.028653006718307124
40	0.00001	96	94	0.028653006718307124
40	0.00001	96	44	0.025744932048897485
40	0.00001	96	98	0.025744932048897485
40	0.00001	96	3	0.025744932048897485
40	0.00001	96	9	0.025744932048897485
40	0.00001	96	10	0.025744932048897485
40	0.00001	96	90	0.011200995584094377
40	0.00001	96	18	0.011200995584094377
40	0.00001	96	69	0.011200995584094377
40	0.00001	96	7	0.006140131691173635
40	0.00001	96	62	0.006140131691173635
40	0.00001	97	0	0.4469116603236226
40	0.00001	97	66	0.12532291171212406
40	0.00001	97	29	0.12532291171212406
40	0.00001	97	23	0.12532291171212406
40	0.00001	97	74	0.12532291171212406
40	0.00001	97	11	0.022827481329094228
40	0.00001	97	20	0.03025509308824778
40	0.00001	97	94	0.03025509308824778
40	0.00001	97	4	0.022827481329094228
40	0.00001	97	5	0.022827481329094228
40	0.00001	97	98	0.022827481329094228
40	0.00001	97	10	0.022827481329094228
40	0.00001	97	44	0.022827481329094228
40	0.00001	97	90	0.022827481329094228
40	0.00001	97	3	0.022827481329094228
40	0.00001	97	9	0.022827481329094228
40	0.00001	97	69	0.022050067191467272
40	0.00001	97	18	0.022050067191467272
40	0.00001	97	38	0.0032587656351016157
40	0.00001	97	7	0.0002331199913676772
40	0.00001	98	0	0.47588209917674473
40	0.00001	98	66	0.09385027467548085
40	0.00001	98	29	0.1462147760824737
40	0.00001	98	23	0.1462147760824737
40	0.00001	98	74	0.1462147760824737
40	0.00001	98	11	0.02539516693916791
40	0.00001	98	94	0.025665527124525044
40	0.00001	98	20	0.025665527124525044
40	0.00001	98	44	0.025665527124525044
40	0.00001	98	4	0.02539516693916791
40	0.00001	98	5	0.02539516693916791
40	0.00001	98	9	0.02539516693916791
40	0.00001	98	3	0.02539516693916791
40	0.00001	98	98	0.02539516693916791
40	0.00001	98	10	0.02539516693916791
40	0.00001	98	38	0.014698744551987534
40	0.00001	98	69	0.014698744551987534
40	0.00001	98	18	0.014698744551987534
40	0.00001	98	99	0.0016356819399449191
40	0.00001	98	72	0.0004910951129772613
40	0.00001	99	0	0.451052653359728
40	0.00001	99	66	0.1155234547825521
40	0.00001	99	29	0.12534420958956566
40	0.00001	99	23	0.12534420958956566
40	0.00001	99	74	0.12534420958956566
40	0.00001	99	11	0.032130588764094976
40	0.00001	99	4	0.032130588764094976
40	0.00001	99	20	0.032130588764094976
40	0.00001	99	94	0.032130588764094976
40	0.00001	99	5	0.032130588764094976
40	0.00001	99	44	0.032130588764094976
40	0.00001	99	98	0.032130588764094976
40	0.00001	99	9	0.032130588764094976
40	0.00001	99	3	0.032130588764094976
40	0.00001	99	10	0.021955292541247125
40	0.00001	99	90	0.016440448542596315
40	0.00001	99	69	0.015552359768736791
40	0.00001	99	18	0.015552359768736791
40	0.00001	99	61	0.01039034742125807
40	0.00001	99	60	0.01039034742125807
40	0.00001	100	0	0.45269925147594964
40	0.00001	100	66	0.11144496668139683
40	0.00001	100	29	0.11288524326739907
40	0.00001	100	23	0.11288524326739907
40	0.00001	100	74	0.11288524326739907
40	0.00001	100	20	0.023056243390019278
40	0.00001	100	11	0.021591333263396368
40	0.00001	100	4	0.021591333263396368
40	0.00001	100	94	0.021591333263396368
40	0.00001	100	98	0.021591333263396368
40	0.00001	100	5	0.021591333263396368
40	0.00001	100	44	0.021581077958120615
40	0.00001	100	9	0.020967635065216785
40	0.00001	100	3	0.020967635065216785
40	0.00001	100	10	0.020967635065216785
40	0.00001	100	69	0.013453085772746929
40	0.00001	100	18	0.013453085772746929
40	0.00001	100	90	0.013453085772746929
40	0.00001	100	38	0.003312209198797578
40	0.00001	100	7	0.003312209198797578
40	0.0001	1	0	0.4585690829008335
40	0.0001	1	66	0.09793494687148115
40	0.0001	1	29	0.1194529843376608
40	0.0001	1	23	0.1194529843376608
40	0.0001	1	74	0.1194529843376608
40	0.0001	1	11	0.023864264803936535
40	0.0001	1	94	0.03541416405048643
40	0.0001	1	20	0.03541416405048643
40	0.0001	1	4	0.023864264803936535
40	0.0001	1	5	0.023864264803936535
40	0.0001	1	44	0.023864264803936535
40	0.0001	1	98	0.023864264803936535
40	0.0001	1	9	0.023864264803936535
40	0.0001	1	3	0.023864264803936535
40	0.0001	1	10	0.023864264803936535
40	0.0001	1	90	0.01306771508694544
40	0.0001	1	18	0.01306771508694544
40	0.0001	1	69	0.01306771508694544
40	0.0001	1	7	0.003865363012678299
40	0.0001	1	38	0.003865363012678299
40	0.0001	2	0	0.4870370020821977
40	0.0001	2	66	0.12663609835459322
40	0.0001	2	29	0.12663609835459322
40	0.0001	2	23	0.12663609835459322
40	0.0001	2	74	0.12663609835459322
40	0.0001	2	11	0.03256727853042946
40	0.0001	2	4	0.03256727853042946
40	0.0001	2	94	0.03256727853042946
40	0.0001	2	20	0.03256727853042946
40	0.0001	2	44	0.03256727853042946
40	0.0001	2	5	0.03256727853042946
40	0.0001	2	9	0.03256727853042946
40	0.0001	2	98	0.03256727853042946
40	0.0001	2	3	0.03256727853042946
40	0.0001	2	10	0.03256727853042946
40	0.0001	2	90	0.015054580686888813
40	0.0001	2	18	0.015054580686888813
40	0.0001	2	69	0.015054580686888813
40	0.0001	2	60	0.008259623670726818
40	0.0001	2	87	0.0021523596420504848
40	0.0001	3	0	0.4509007752697535
40	0.0001	3	66	0.10968833290965287
40	0.0001	3	29	0.1260431970480062
40	0.0001	3	23	0.1260431970480062
40	0.0001	3	74	0.1260431970480062
40	0.0001	3	11	0.025325337116590598
40	0.0001	3	4	0.025325337116590598
40	0.0001	3	44	0.025325337116590598
40	0.0001	3	94	0.025325337116590598
40	0.0001	3	20	0.025325337116590598
40	0.0001	3	5	0.025325337116590598
40	0.0001	3	9	0.025325337116590598
40	0.0001	3	10	0.025325337116590598
40	0.0001	3	98	0.025325337116590598
40	0.0001	3	3	0.025325337116590598
40	0.0001	3	90	0.025325337116590598
40	0.0001	3	18	0.025325337116590598
40	0.0001	3	69	0.025325337116590598
40	0.0001	3	93	0.0019458792099338598
40	0.0001	3	61	0.008384589576552587
40	0.0001	3	60	0.008384589576552587
40	0.0001	4	0	0.45554429110514877
40	0.0001	4	66	0.09571504374686733
40	0.0001	4	29	0.12329083409921555
40	0.0001	4	23	0.12329083409921555
40	0.0001	4	74	0.12329083409921555
40	0.0001	4	11	0.02168994334173951
40	0.0001	4	4	0.020819414477031676
40	0.0001	4	94	0.020819414477031676
40	0.0001	4	20	0.020819414477031676
40	0.0001	4	98	0.020819414477031676
40	0.0001	4	5	0.020819414477031676
40	0.0001	4	44	0.020819414477031676
40	0.0001	4	90	0.015000105063769247
40	0.0001	4	61	0.015000105063769247
40	0.0001	4	10	0.020819414477031676
40	0.0001	4	3	0.020819414477031676
40	0.0001	4	9	0.020819414477031676
40	0.0001	4	69	0.01043189722289115
40	0.0001	4	18	0.01043189722289115
40	0.0001	4	42	0.0007868810271202745
40	0.0001	5	0	0.4566679379484568
40	0.0001	5	66	0.11059875235217595
40	0.0001	5	29	0.12427253582202885
40	0.0001	5	23	0.12427253582202885
40	0.0001	5	74	0.12427253582202885
40	0.0001	5	11	0.03699891079430908
40	0.0001	5	20	0.03699891079430908
40	0.0001	5	4	0.03699891079430908
40	0.0001	5	94	0.03699891079430908
40	0.0001	5	5	0.03699891079430908
40	0.0001	5	44	0.03699891079430908
40	0.0001	5	9	0.03699891079430908
40	0.0001	5	98	0.03699891079430908
40	0.0001	5	3	0.024141264687659193
40	0.0001	5	10	0.024141264687659193
40	0.0001	5	90	0.024141264687659193
40	0.0001	5	69	0.024141264687659193
40	0.0001	5	18	0.024141264687659193
40	0.0001	5	83	0.002010804253380659
40	0.0001	5	38	0.0013621344637260524
40	0.0001	6	0	0.456954385511768
40	0.0001	6	66	0.1014713575704747
40	0.0001	6	29	0.13746972899457965
40	0.0001	6	23	0.13746972899457965
40	0.0001	6	74	0.13746972899457965
40	0.0001	6	11	0.02674253383121985
40	0.0001	6	4	0.02674253383121985
40	0.0001	6	20	0.02674253383121985
40	0.0001	6	5	0.02674253383121985
40	0.0001	6	94	0.02674253383121985
40	0.0001	6	44	0.02674253383121985
40	0.0001	6	10	0.02203025985293981
40	0.0001	6	98	0.02674253383121985
40	0.0001	6	9	0.02674253383121985
40	0.0001	6	3	0.02674253383121985
40	0.0001	6	90	0.01997794264378007
40	0.0001	6	69	0.018759635258811594
40	0.0001	6	18	0.018759635258811594
40	0.0001	6	61	0.0006546657025981487
40	0.0001	6	62	0.005760980335087293
40	0.0001	6	38	0.005760980335087293
40	0.0001	7	0	0.45400151970088515
40	0.0001	7	66	0.12179854761463058
40	0.0001	7	29	0.12179854761463058
40	0.0001	7	23	0.12179854761463058
40	0.0001	7	74	0.12179854761463058
40	0.0001	7	11	0.025578711969360467
40	0.0001	7	4	0.025578711969360467
40	0.0001	7	94	0.025578711969360467
40	0.0001	7	5	0.025578711969360467
40	0.0001	7	20	0.025578711969360467
40	0.0001	7	44	0.025578711969360467
40	0.0001	7	10	0.025578711969360467
40	0.0001	7	98	0.025578711969360467
40	0.0001	7	9	0.025578711969360467
40	0.0001	7	3	0.025578711969360467
40	0.0001	7	90	0.018751953516794703
40	0.0001	7	69	0.018751953516794703
40	0.0001	7	18	0.018751953516794703
40	0.0001	7	7	0.00211611319722605
40	0.0001	7	60	0.008299035265952494
40	0.0001	7	61	0.008299035265952494
40	0.0001	8	0	0.3697747454252133
40	0.0001	8	29	0.11221236822813832
40	0.0001	8	66	0.10759837401275177
40	0.0001	8	23	0.11221236822813832
40	0.0001	8	74	0.11221236822813832
40	0.0001	8	11	0.025203369551457702
40	0.0001	8	94	0.025203369551457702
40	0.0001	8	20	0.025203369551457702
40	0.0001	8	4	0.025203369551457702
40	0.0001	8	5	0.023248569397377038
40	0.0001	8	98	0.025203369551457702
40	0.0001	8	44	0.025203369551457702
40	0.0001	8	10	0.023248569397377038
40	0.0001	8	3	0.023248569397377038
40	0.0001	8	9	0.023248569397377038
40	0.0001	8	61	0.008632752912279976
40	0.0001	8	60	0.0037305317497389797
40	0.0001	8	18	0.008632752912279976
40	0.0001	8	69	0.008632752912279976
40	0.0001	8	90	0.008632752912279976
40	0.0001	8	87	0.004135180253718871
40	0.0001	9	0	0.4544661556868208
40	0.0001	9	66	0.11219769419379458
40	0.0001	9	29	0.11369051818534945
40	0.0001	9	23	0.11369051818534945
40	0.0001	9	74	0.11369051818534945
40	0.0001	9	11	0.02526776444161984
40	0.0001	9	4	0.02526776444161984
40	0.0001	9	20	0.02526776444161984
40	0.0001	9	5	0.02526776444161984
40	0.0001	9	94	0.02526776444161984
40	0.0001	9	44	0.02526776444161984
40	0.0001	9	3	0.02526776444161984
40	0.0001	9	98	0.02526776444161984
40	0.0001	9	9	0.02526776444161984
40	0.0001	9	10	0.02526776444161984
40	0.0001	9	83	0.0013601304556858282
40	0.0001	9	69	0.016319766033795095
40	0.0001	9	90	0.016319766033795095
40	0.0001	9	18	0.016319766033795095
40	0.0001	9	7	0.005650851563173966
40	0.0001	9	38	0.005650851563173966
40	0.0001	10	0	0.45477171270766453
40	0.0001	10	66	0.1238101848604417
40	0.0001	10	29	0.1238101848604417
40	0.0001	10	23	0.1238101848604417
40	0.0001	10	74	0.1238101848604417
40	0.0001	10	11	0.02802017490494474
40	0.0001	10	4	0.02802017490494474
40	0.0001	10	94	0.02802017490494474
40	0.0001	10	5	0.02802017490494474
40	0.0001	10	20	0.02802017490494474
40	0.0001	10	44	0.02802017490494474
40	0.0001	10	9	0.02802017490494474
40	0.0001	10	98	0.02802017490494474
40	0.0001	10	3	0.02802017490494474
40	0.0001	10	10	0.02802017490494474
40	0.0001	10	69	0.014839001808347862
40	0.0001	10	90	0.014839001808347862
40	0.0001	10	18	0.014839001808347862
40	0.0001	10	7	0.0057155947388998485
40	0.0001	10	61	0.001792319013748025
40	0.0001	11	0	0.4429547284702857
40	0.0001	11	66	0.10890430176319565
40	0.0001	11	29	0.13620138298027082
40	0.0001	11	23	0.13620138298027082
40	0.0001	11	74	0.13620138298027082
40	0.0001	11	11	0.03295572171606556
40	0.0001	11	4	0.03295572171606556
40	0.0001	11	94	0.03295572171606556
40	0.0001	11	5	0.03295572171606556
40	0.0001	11	20	0.03295572171606556
40	0.0001	11	44	0.03295572171606556
40	0.0001	11	9	0.03295572171606556
40	0.0001	11	3	0.03295572171606556
40	0.0001	11	98	0.03295572171606556
40	0.0001	11	10	0.03295572171606556
40	0.0001	11	90	0.015478162847807363
40	0.0001	11	18	0.015478162847807363
40	0.0001	11	69	0.015478162847807363
40	0.0001	11	62	0.004931210711111939
40	0.0001	11	61	0.002587043238524207
40	0.0001	12	0	0.45920840049940587
40	0.0001	12	66	0.10899205571555357
40	0.0001	12	29	0.11579069923721096
40	0.0001	12	23	0.11579069923721096
40	0.0001	12	74	0.11579069923721096
40	0.0001	12	20	0.03367581870938105
40	0.0001	12	11	0.03367581870938105
40	0.0001	12	4	0.03367581870938105
40	0.0001	12	98	0.03367581870938105
40	0.0001	12	94	0.03367581870938105
40	0.0001	12	44	0.03367581870938105
40	0.0001	12	5	0.02505976951655327
40	0.0001	12	9	0.02505976951655327
40	0.0001	12	3	0.02505976951655327
40	0.0001	12	10	0.02505976951655327
40	0.0001	12	61	0.00439423785887642
40	0.0001	12	69	0.019109143002392144
40	0.0001	12	90	0.019109143002392144
40	0.0001	12	18	0.019109143002392144
40	0.0001	12	42	0.0018406874314826844
40	0.0001	13	0	0.47347004617873606
40	0.0001	13	29	0.11772772365495633
40	0.0001	13	23	0.11772772365495633
40	0.0001	13	74	0.11772772365495633
40	0.0001	13	66	0.11772772365495633
40	0.0001	13	20	0.03265164568575408
40	0.0001	13	98	0.03265164568575408
40	0.0001	13	4	0.03265164568575408
40	0.0001	13	11	0.03265164568575408
40	0.0001	13	5	0.03265164568575408
40	0.0001	13	10	0.03265164568575408
40	0.0001	13	9	0.03265164568575408
40	0.0001	13	3	0.03265164568575408
40	0.0001	13	18	0.03265164568575408
40	0.0001	13	69	0.03265164568575408
40	0.0001	13	7	0.007536442698192977
40	0.0001	13	62	0.006581014409534772
40	0.0001	13	42	0.006581014409534772
40	0.0001	13	99	0.03212928364501836
40	0.0001	13	76	0.03212928364501836
40	0.0001	13	60	0.03212928364501836
40	0.0001	13	61	0.03212928364501836
40	0.0001	14	0	0.36936734793805986
40	0.0001	14	29	0.12858301974620218
40	0.0001	14	66	0.12858301974620218
40	0.0001	14	23	0.12858301974620218
40	0.0001	14	74	0.12858301974620218
40	0.0001	14	11	0.027672747859592353
40	0.0001	14	4	0.027672747859592353
40	0.0001	14	20	0.027672747859592353
40	0.0001	14	94	0.027672747859592353
40	0.0001	14	5	0.027672747859592353
40	0.0001	14	44	0.027672747859592353
40	0.0001	14	98	0.027672747859592353
40	0.0001	14	10	0.027672747859592353
40	0.0001	14	3	0.027672747859592353
40	0.0001	14	9	0.027672747859592353
40	0.0001	14	90	0.019119684447441963
40	0.0001	14	18	0.019119684447441963
40	0.0001	14	69	0.019119684447441963
40	0.0001	14	7	0.0023307025147843888
40	0.0001	14	61	0.007233106137472535
40	0.0001	14	60	0.007233106137472535
40	0.0001	15	0	0.4506004011873607
40	0.0001	15	66	0.12141513495886772
40	0.0001	15	29	0.12141513495886772
40	0.0001	15	23	0.12141513495886772
40	0.0001	15	74	0.12141513495886772
40	0.0001	15	11	0.031490636902088594
40	0.0001	15	4	0.031490636902088594
40	0.0001	15	20	0.031490636902088594
40	0.0001	15	94	0.031490636902088594
40	0.0001	15	5	0.031490636902088594
40	0.0001	15	44	0.031490636902088594
40	0.0001	15	98	0.031490636902088594
40	0.0001	15	9	0.031490636902088594
40	0.0001	15	3	0.031490636902088594
40	0.0001	15	10	0.01912192541226266
40	0.0001	15	90	0.018590628197028843
40	0.0001	15	69	0.018590628197028843
40	0.0001	15	18	0.018590628197028843
40	0.0001	15	60	0.009225830885669565
40	0.0001	15	83	0.0030279289435695975
40	0.0001	16	0	0.4598106057656801
40	0.0001	16	66	0.11504323212250851
40	0.0001	16	29	0.11504323212250851
40	0.0001	16	23	0.11504323212250851
40	0.0001	16	74	0.11504323212250851
40	0.0001	16	11	0.03544845847587945
40	0.0001	16	4	0.03544845847587945
40	0.0001	16	5	0.03544845847587945
40	0.0001	16	20	0.03544845847587945
40	0.0001	16	94	0.03544845847587945
40	0.0001	16	44	0.03544845847587945
40	0.0001	16	98	0.03544845847587945
40	0.0001	16	9	0.03544845847587945
40	0.0001	16	3	0.025352460403976717
40	0.0001	16	10	0.025352460403976717
40	0.0001	16	61	0.005769177121105818
40	0.0001	16	90	0.015207080859265806
40	0.0001	16	18	0.015207080859265806
40	0.0001	16	69	0.015207080859265806
40	0.0001	16	60	0.005769177121105818
40	0.0001	17	0	0.4571848943103619
40	0.0001	17	66	0.11169787012129813
40	0.0001	17	29	0.11169787012129813
40	0.0001	17	23	0.11169787012129813
40	0.0001	17	74	0.11169787012129813
40	0.0001	17	20	0.033918712477107496
40	0.0001	17	11	0.02310383653533435
40	0.0001	17	4	0.02310383653533435
40	0.0001	17	94	0.02310383653533435
40	0.0001	17	5	0.021644375995683467
40	0.0001	17	98	0.02310383653533435
40	0.0001	17	44	0.02310383653533435
40	0.0001	17	9	0.01795697904360738
40	0.0001	17	3	0.01795697904360738
40	0.0001	17	10	0.01795697904360738
40	0.0001	17	69	0.012131079674993751
40	0.0001	17	18	0.012131079674993751
40	0.0001	17	90	0.006647796337570277
40	0.0001	17	38	0.0058870228737066465
40	0.0001	17	61	0.004072059322557058
40	0.0001	18	0	0.4525569422326084
40	0.0001	18	66	0.10805711199194244
40	0.0001	18	29	0.1155985678550746
40	0.0001	18	23	0.1155985678550746
40	0.0001	18	74	0.1155985678550746
40	0.0001	18	20	0.02234070827225935
40	0.0001	18	11	0.02234070827225935
40	0.0001	18	4	0.02234070827225935
40	0.0001	18	94	0.02191786166026691
40	0.0001	18	5	0.02191786166026691
40	0.0001	18	98	0.02191786166026691
40	0.0001	18	44	0.02191786166026691
40	0.0001	18	9	0.02191786166026691
40	0.0001	18	3	0.02191786166026691
40	0.0001	18	10	0.02058871090476311
40	0.0001	18	60	0.003965501650347265
40	0.0001	18	61	0.0022557188186403216
40	0.0001	18	18	0.01822097699441479
40	0.0001	18	90	0.01822097699441479
40	0.0001	18	69	0.01822097699441479
40	0.0001	19	0	0.4631919826740843
40	0.0001	19	66	0.10440716999379815
40	0.0001	19	29	0.11581846210089645
40	0.0001	19	23	0.11581846210089645
40	0.0001	19	74	0.11581846210089645
40	0.0001	19	11	0.024388057852783737
40	0.0001	19	4	0.024388057852783737
40	0.0001	19	20	0.024388057852783737
40	0.0001	19	5	0.024388057852783737
40	0.0001	19	94	0.024388057852783737
40	0.0001	19	44	0.024388057852783737
40	0.0001	19	98	0.024388057852783737
40	0.0001	19	10	0.024388057852783737
40	0.0001	19	3	0.024388057852783737
40	0.0001	19	9	0.024388057852783737
40	0.0001	19	90	0.012210877171983476
40	0.0001	19	18	0.012210877171983476
40	0.0001	19	69	0.012210877171983476
40	0.0001	19	60	0.008655137478626933
40	0.0001	19	93	0.001987401807788693
40	0.0001	20	0	0.4527911576893553
40	0.0001	20	66	0.12325445541259353
40	0.0001	20	29	0.12325445541259353
40	0.0001	20	23	0.12325445541259353
40	0.0001	20	74	0.12325445541259353
40	0.0001	20	11	0.026073657506969217
40	0.0001	20	4	0.026073657506969217
40	0.0001	20	44	0.026073657506969217
40	0.0001	20	20	0.026073657506969217
40	0.0001	20	94	0.026073657506969217
40	0.0001	20	5	0.026073657506969217
40	0.0001	20	98	0.026073657506969217
40	0.0001	20	3	0.026073657506969217
40	0.0001	20	9	0.026073657506969217
40	0.0001	20	10	0.018772930604817956
40	0.0001	20	90	0.017762705832482205
40	0.0001	20	61	0.0071460668904302325
40	0.0001	20	18	0.017239645718028492
40	0.0001	20	69	0.017239645718028492
40	0.0001	20	60	0.002106552324222839
40	0.0001	21	0	0.4754568761704906
40	0.0001	21	66	0.10058387526397677
40	0.0001	21	29	0.13702324303483493
40	0.0001	21	23	0.13702324303483493
40	0.0001	21	74	0.13702324303483493
40	0.0001	21	94	0.02799090440163172
40	0.0001	21	4	0.02799090440163172
40	0.0001	21	11	0.02799090440163172
40	0.0001	21	5	0.02799090440163172
40	0.0001	21	44	0.02799090440163172
40	0.0001	21	20	0.02799090440163172
40	0.0001	21	98	0.02799090440163172
40	0.0001	21	10	0.02799090440163172
40	0.0001	21	3	0.02799090440163172
40	0.0001	21	9	0.02799090440163172
40	0.0001	21	90	0.02799090440163172
40	0.0001	21	87	0.003920566381004791
40	0.0001	21	18	0.0260719211832398
40	0.0001	21	69	0.0260719211832398
40	0.0001	21	61	0.0033621719170544733
40	0.0001	22	0	0.45013917036238904
40	0.0001	22	66	0.1318716617669814
40	0.0001	22	29	0.1318716617669814
40	0.0001	22	23	0.1318716617669814
40	0.0001	22	74	0.1318716617669814
40	0.0001	22	11	0.02789361608897069
40	0.0001	22	4	0.02789361608897069
40	0.0001	22	94	0.02789361608897069
40	0.0001	22	5	0.02789361608897069
40	0.0001	22	20	0.02789361608897069
40	0.0001	22	44	0.02789361608897069
40	0.0001	22	9	0.02789361608897069
40	0.0001	22	98	0.02789361608897069
40	0.0001	22	3	0.02789361608897069
40	0.0001	22	10	0.02789361608897069
40	0.0001	22	90	0.02742400327669341
40	0.0001	22	69	0.015529913025388822
40	0.0001	22	18	0.015529913025388822
40	0.0001	22	7	0.005525406419849633
40	0.0001	22	42	0.005525406419849633
40	0.0001	23	0	0.45259444896137085
40	0.0001	23	66	0.12620939776459536
40	0.0001	23	29	0.12620939776459536
40	0.0001	23	23	0.12620939776459536
40	0.0001	23	74	0.12620939776459536
40	0.0001	23	11	0.02728433559389499
40	0.0001	23	4	0.02728433559389499
40	0.0001	23	44	0.02728433559389499
40	0.0001	23	20	0.02728433559389499
40	0.0001	23	94	0.02728433559389499
40	0.0001	23	5	0.02728433559389499
40	0.0001	23	10	0.02728433559389499
40	0.0001	23	98	0.02728433559389499
40	0.0001	23	3	0.02728433559389499
40	0.0001	23	9	0.02728433559389499
40	0.0001	23	90	0.018316708217182374
40	0.0001	23	61	0.005849016050868598
40	0.0001	23	18	0.018316708217182374
40	0.0001	23	69	0.018316708217182374
40	0.0001	23	60	0.0040930258653409084
40	0.0001	24	0	0.4528323617779041
40	0.0001	24	66	0.12773941115831924
40	0.0001	24	29	0.12773941115831924
40	0.0001	24	23	0.12773941115831924
40	0.0001	24	74	0.12773941115831924
40	0.0001	24	20	0.024642043277720918
40	0.0001	24	4	0.024642043277720918
40	0.0001	24	11	0.024642043277720918
40	0.0001	24	5	0.024642043277720918
40	0.0001	24	94	0.024642043277720918
40	0.0001	24	44	0.024642043277720918
40	0.0001	24	98	0.024642043277720918
40	0.0001	24	10	0.024642043277720918
40	0.0001	24	9	0.024642043277720918
40	0.0001	24	3	0.024642043277720918
40	0.0001	24	90	0.024642043277720918
40	0.0001	24	69	0.019198813901191054
40	0.0001	24	18	0.019198813901191054
40	0.0001	24	42	0.0010552766010854698
40	0.0001	24	62	0.00022190692946729326
40	0.0001	25	0	0.4565463267849336
40	0.0001	25	66	0.11930472307086613
40	0.0001	25	29	0.11930472307086613
40	0.0001	25	23	0.11930472307086613
40	0.0001	25	74	0.11930472307086613
40	0.0001	25	11	0.02893484469819565
40	0.0001	25	4	0.02893484469819565
40	0.0001	25	98	0.02893484469819565
40	0.0001	25	20	0.02893484469819565
40	0.0001	25	94	0.02893484469819565
40	0.0001	25	5	0.02893484469819565
40	0.0001	25	3	0.027526328384186866
40	0.0001	25	9	0.027526328384186866
40	0.0001	25	10	0.027526328384186866
40	0.0001	25	69	0.01527095311122965
40	0.0001	25	62	0.012960529307309546
40	0.0001	25	18	0.00974516710118685
40	0.0001	25	7	0.00974516710118685
40	0.0001	25	42	0.00974516710118685
40	0.0001	25	60	0.0039009320766198717
40	0.0001	25	61	0.0039009320766198717
40	0.0001	26	0	0.45920552677390636
40	0.0001	26	66	0.14001653913434908
40	0.0001	26	29	0.14001653913434908
40	0.0001	26	23	0.14001653913434908
40	0.0001	26	74	0.14001653913434908
40	0.0001	26	11	0.02827842665987051
40	0.0001	26	4	0.02827842665987051
40	0.0001	26	94	0.02827842665987051
40	0.0001	26	20	0.02827842665987051
40	0.0001	26	44	0.02827842665987051
40	0.0001	26	5	0.025599004163008678
40	0.0001	26	9	0.025599004163008678
40	0.0001	26	10	0.020929932828050262
40	0.0001	26	98	0.025599004163008678
40	0.0001	26	3	0.025599004163008678
40	0.0001	26	69	0.007071780104892741
40	0.0001	26	90	0.007071780104892741
40	0.0001	26	18	0.007071780104892741
40	0.0001	26	61	0.007071780104892741
40	0.0001	26	38	0.005156933262623665
40	0.0001	26	62	0.005156933262623665
40	0.0001	27	0	0.4554025200439463
40	0.0001	27	66	0.11736900760293548
40	0.0001	27	29	0.11736900760293548
40	0.0001	27	23	0.11736900760293548
40	0.0001	27	74	0.11736900760293548
40	0.0001	27	20	0.02696287325518755
40	0.0001	27	11	0.02696287325518755
40	0.0001	27	94	0.02696287325518755
40	0.0001	27	4	0.02696287325518755
40	0.0001	27	98	0.02696287325518755
40	0.0001	27	44	0.02696287325518755
40	0.0001	27	5	0.022743705430133373
40	0.0001	27	10	0.021956129451313585
40	0.0001	27	61	0.013874635919855471
40	0.0001	27	3	0.021956129451313585
40	0.0001	27	9	0.021956129451313585
40	0.0001	27	69	0.009810586661786223
40	0.0001	27	18	0.009810586661786223
40	0.0001	27	90	0.008944210991764547
40	0.0001	27	83	0.003159372941458396
40	0.0001	28	0	0.4507861943329765
40	0.0001	28	66	0.12322010977900676
40	0.0001	28	29	0.12322010977900676
40	0.0001	28	23	0.12322010977900676
40	0.0001	28	74	0.12322010977900676
40	0.0001	28	11	0.02526204135464827
40	0.0001	28	4	0.02526204135464827
40	0.0001	28	20	0.02526204135464827
40	0.0001	28	94	0.02526204135464827
40	0.0001	28	5	0.02526204135464827
40	0.0001	28	44	0.02526204135464827
40	0.0001	28	9	0.02526204135464827
40	0.0001	28	98	0.02526204135464827
40	0.0001	28	3	0.02526204135464827
40	0.0001	28	10	0.02526204135464827
40	0.0001	28	90	0.018409462720998884
40	0.0001	28	69	0.018409462720998884
40	0.0001	28	18	0.018409462720998884
40	0.0001	28	7	0.0032272024079817996
40	0.0001	28	83	0.0017570004265253162
40	0.0001	29	0	0.4848088110145057
40	0.0001	29	66	0.11454649257987762
40	0.0001	29	29	0.11712770973753502
40	0.0001	29	23	0.11712770973753502
40	0.0001	29	74	0.11712770973753502
40	0.0001	29	20	0.03042977296057915
40	0.0001	29	11	0.03042977296057915
40	0.0001	29	4	0.03042977296057915
40	0.0001	29	94	0.03042977296057915
40	0.0001	29	5	0.03042977296057915
40	0.0001	29	98	0.03042977296057915
40	0.0001	29	44	0.03042977296057915
40	0.0001	29	9	0.03042977296057915
40	0.0001	29	3	0.03042977296057915
40	0.0001	29	10	0.023583047600604274
40	0.0001	29	61	0.0072151769344090426
40	0.0001	29	60	0.0072151769344090426
40	0.0001	29	18	0.015234625286980006
40	0.0001	29	90	0.015234625286980006
40	0.0001	29	69	0.015234625286980006
40	0.0001	30	0	0.45257478773519577
40	0.0001	30	66	0.11759294285749083
40	0.0001	30	29	0.11759294285749083
40	0.0001	30	23	0.11759294285749083
40	0.0001	30	74	0.11759294285749083
40	0.0001	30	11	0.028748572744906824
40	0.0001	30	4	0.028748572744906824
40	0.0001	30	5	0.028748572744906824
40	0.0001	30	20	0.028748572744906824
40	0.0001	30	94	0.028748572744906824
40	0.0001	30	44	0.028748572744906824
40	0.0001	30	9	0.028748572744906824
40	0.0001	30	98	0.028748572744906824
40	0.0001	30	10	0.028748572744906824
40	0.0001	30	3	0.028748572744906824
40	0.0001	30	90	0.01762900451517954
40	0.0001	30	69	0.01762900451517954
40	0.0001	30	18	0.01762900451517954
40	0.0001	30	7	0.005608232135270671
40	0.0001	30	38	0.005608232135270671
40	0.0001	31	0	0.44919836291140486
40	0.0001	31	66	0.11920179101368879
40	0.0001	31	29	0.11920179101368879
40	0.0001	31	23	0.11920179101368879
40	0.0001	31	74	0.11920179101368879
40	0.0001	31	20	0.02810812284511324
40	0.0001	31	11	0.02810812284511324
40	0.0001	31	4	0.02810812284511324
40	0.0001	31	94	0.02810812284511324
40	0.0001	31	5	0.02810812284511324
40	0.0001	31	44	0.02810812284511324
40	0.0001	31	98	0.02810812284511324
40	0.0001	31	3	0.02810812284511324
40	0.0001	31	9	0.02810812284511324
40	0.0001	31	10	0.02810812284511324
40	0.0001	31	61	0.007739589281970296
40	0.0001	31	90	0.007739589281970296
40	0.0001	31	18	0.007739589281970296
40	0.0001	31	69	0.007739589281970296
40	0.0001	31	7	0.005270884489020514
40	0.0001	32	0	0.3662034935198655
40	0.0001	32	29	0.12570243084163785
40	0.0001	32	66	0.12570243084163785
40	0.0001	32	23	0.12570243084163785
40	0.0001	32	74	0.12570243084163785
40	0.0001	32	94	0.030564930158023196
40	0.0001	32	4	0.030564930158023196
40	0.0001	32	11	0.030564930158023196
40	0.0001	32	98	0.030564930158023196
40	0.0001	32	44	0.030564930158023196
40	0.0001	32	20	0.030564930158023196
40	0.0001	32	5	0.030564930158023196
40	0.0001	32	90	0.02761273972892224
40	0.0001	32	3	0.030564930158023196
40	0.0001	32	9	0.030564930158023196
40	0.0001	32	10	0.030564930158023196
40	0.0001	32	69	0.011288436226902137
40	0.0001	32	18	0.011288436226902137
40	0.0001	32	7	0.003120167496445456
40	0.0001	32	61	0.003120167496445456
40	0.0001	33	0	0.4533511124476806
40	0.0001	33	66	0.10357798213802441
40	0.0001	33	29	0.11956990132085057
40	0.0001	33	23	0.11956990132085057
40	0.0001	33	74	0.11956990132085057
40	0.0001	33	20	0.03257916624249912
40	0.0001	33	11	0.021866244757972907
40	0.0001	33	44	0.021866244757972907
40	0.0001	33	98	0.021866244757972907
40	0.0001	33	94	0.021866244757972907
40	0.0001	33	4	0.021866244757972907
40	0.0001	33	5	0.021866244757972907
40	0.0001	33	9	0.020793103669195248
40	0.0001	33	3	0.020793103669195248
40	0.0001	33	10	0.020793103669195248
40	0.0001	33	61	0.01082882766711169
40	0.0001	33	60	0.01082882766711169
40	0.0001	33	18	0.010444359871619138
40	0.0001	33	90	0.010444359871619138
40	0.0001	33	69	0.010444359871619138
40	0.0001	33	7	0.003652650388861706
40	0.0001	34	0	0.44592342506894694
40	0.0001	34	66	0.12811002731459376
40	0.0001	34	29	0.12811002731459376
40	0.0001	34	23	0.12811002731459376
40	0.0001	34	74	0.12811002731459376
40	0.0001	34	11	0.02943194834634152
40	0.0001	34	4	0.02943194834634152
40	0.0001	34	94	0.02943194834634152
40	0.0001	34	5	0.02943194834634152
40	0.0001	34	20	0.02943194834634152
40	0.0001	34	9	0.02943194834634152
40	0.0001	34	44	0.02943194834634152
40	0.0001	34	3	0.02943194834634152
40	0.0001	34	98	0.02943194834634152
40	0.0001	34	10	0.023573543850192218
40	0.0001	34	90	0.0189038967744981
40	0.0001	34	69	0.0189038967744981
40	0.0001	34	18	0.0189038967744981
40	0.0001	34	38	0.004120117652073589
40	0.0001	34	61	0.00415569327705298
40	0.0001	34	60	0.00415569327705298
40	0.0001	35	0	0.4593609974672508
40	0.0001	35	66	0.13072993871740227
40	0.0001	35	29	0.13072993871740227
40	0.0001	35	23	0.13072993871740227
40	0.0001	35	74	0.13072993871740227
40	0.0001	35	11	0.02707547307293264
40	0.0001	35	4	0.02707547307293264
40	0.0001	35	94	0.02707547307293264
40	0.0001	35	20	0.02707547307293264
40	0.0001	35	5	0.02707547307293264
40	0.0001	35	44	0.02707547307293264
40	0.0001	35	9	0.02707547307293264
40	0.0001	35	98	0.02707547307293264
40	0.0001	35	3	0.02047806315526553
40	0.0001	35	10	0.02047806315526553
40	0.0001	35	90	0.020291977300512645
40	0.0001	35	69	0.018620165174311597
40	0.0001	35	18	0.018620165174311597
40	0.0001	35	60	0.0034612747763713377
40	0.0001	35	38	0.0017195854751308332
40	0.0001	36	0	0.45292712585863726
40	0.0001	36	66	0.10694171130066996
40	0.0001	36	29	0.11014568273476744
40	0.0001	36	23	0.11014568273476744
40	0.0001	36	74	0.11014568273476744
40	0.0001	36	20	0.02295624525629631
40	0.0001	36	94	0.022952128355435527
40	0.0001	36	4	0.02295624525629631
40	0.0001	36	11	0.02295624525629631
40	0.0001	36	98	0.022218639573016355
40	0.0001	36	5	0.022218639573016355
40	0.0001	36	44	0.022218639573016355
40	0.0001	36	3	0.022218639573016355
40	0.0001	36	9	0.022218639573016355
40	0.0001	36	10	0.022218639573016355
40	0.0001	36	61	0.007264670309699927
40	0.0001	36	60	0.007238492899758499
40	0.0001	36	90	0.008520184980636865
40	0.0001	36	18	0.008520184980636865
40	0.0001	36	69	0.008520184980636865
40	0.0001	37	0	0.4535382440746379
40	0.0001	37	66	0.10881935646196779
40	0.0001	37	29	0.11612085195837424
40	0.0001	37	23	0.11612085195837424
40	0.0001	37	74	0.11612085195837424
40	0.0001	37	20	0.03613804407596365
40	0.0001	37	94	0.03613804407596365
40	0.0001	37	4	0.03613804407596365
40	0.0001	37	11	0.03613804407596365
40	0.0001	37	5	0.022518680966752334
40	0.0001	37	44	0.03613804407596365
40	0.0001	37	98	0.03613804407596365
40	0.0001	37	9	0.022518680966752334
40	0.0001	37	61	0.006600688963812424
40	0.0001	37	10	0.022518680966752334
40	0.0001	37	3	0.022518680966752334
40	0.0001	37	60	0.006600688963812424
40	0.0001	37	18	0.011549333231231189
40	0.0001	37	69	0.011549333231231189
40	0.0001	37	90	0.011549333231231189
40	0.0001	38	0	0.4745705338791103
40	0.0001	38	66	0.12592164621528878
40	0.0001	38	29	0.12592164621528878
40	0.0001	38	23	0.12592164621528878
40	0.0001	38	74	0.12592164621528878
40	0.0001	38	11	0.027364201131289352
40	0.0001	38	4	0.027364201131289352
40	0.0001	38	44	0.027364201131289352
40	0.0001	38	20	0.027364201131289352
40	0.0001	38	94	0.027364201131289352
40	0.0001	38	5	0.025480979574721858
40	0.0001	38	3	0.025480979574721858
40	0.0001	38	98	0.025480979574721858
40	0.0001	38	9	0.025480979574721858
40	0.0001	38	10	0.025480979574721858
40	0.0001	38	90	0.012680385220693776
40	0.0001	38	61	0.005614168048037141
40	0.0001	38	18	0.012680385220693776
40	0.0001	38	69	0.012680385220693776
40	0.0001	38	62	0.002603742358921524
40	0.0001	39	0	0.4796449168643086
40	0.0001	39	66	0.1236330072545019
40	0.0001	39	29	0.1236330072545019
40	0.0001	39	23	0.1236330072545019
40	0.0001	39	74	0.1236330072545019
40	0.0001	39	11	0.023809253257160264
40	0.0001	39	4	0.023809253257160264
40	0.0001	39	44	0.023809253257160264
40	0.0001	39	20	0.023809253257160264
40	0.0001	39	94	0.023809253257160264
40	0.0001	39	98	0.023809253257160264
40	0.0001	39	90	0.023809253257160264
40	0.0001	39	5	0.023809253257160264
40	0.0001	39	9	0.023809253257160264
40	0.0001	39	3	0.023809253257160264
40	0.0001	39	10	0.023809253257160264
40	0.0001	39	18	0.023809253257160264
40	0.0001	39	69	0.023809253257160264
40	0.0001	39	42	0.002745573458937196
40	0.0001	39	38	0.003920017687775528
40	0.0001	39	61	0.003920017687775528
40	0.0001	40	0	0.4552028686578903
40	0.0001	40	66	0.1024307860482055
40	0.0001	40	29	0.12241998108445329
40	0.0001	40	23	0.12241998108445329
40	0.0001	40	74	0.12241998108445329
40	0.0001	40	20	0.025676003374064428
40	0.0001	40	94	0.025676003374064428
40	0.0001	40	4	0.025676003374064428
40	0.0001	40	11	0.025676003374064428
40	0.0001	40	44	0.025676003374064428
40	0.0001	40	98	0.025676003374064428
40	0.0001	40	5	0.025676003374064428
40	0.0001	40	9	0.025676003374064428
40	0.0001	40	60	0.01484071369519034
40	0.0001	40	61	0.01484071369519034
40	0.0001	40	10	0.025676003374064428
40	0.0001	40	3	0.025676003374064428
40	0.0001	40	69	0.014783326797476978
40	0.0001	40	76	0.0028349773038372577
40	0.0001	40	18	0.014783326797476978
40	0.0001	40	90	0.014783326797476978
40	0.0001	41	0	0.4597173949715458
40	0.0001	41	66	0.10799189541964445
40	0.0001	41	29	0.11026848168831317
40	0.0001	41	23	0.11026848168831317
40	0.0001	41	74	0.11026848168831317
40	0.0001	41	11	0.04092724120937343
40	0.0001	41	94	0.04092724120937343
40	0.0001	41	20	0.04092724120937343
40	0.0001	41	5	0.04092724120937343
40	0.0001	41	4	0.04092724120937343
40	0.0001	41	98	0.04092724120937343
40	0.0001	41	44	0.04092724120937343
40	0.0001	41	9	0.04092724120937343
40	0.0001	41	3	0.04092724120937343
40	0.0001	41	10	0.04092724120937343
40	0.0001	41	69	0.009558412291909728
40	0.0001	41	61	0.0030038695415334437
40	0.0001	41	83	0.0030038695415334437
40	0.0001	41	87	3.8565677016392e-05
40	0.0001	41	38	0.004665487145416402
40	0.0001	41	7	0.004665487145416402
40	0.0001	41	18	0.004665487145416402
40	0.0001	41	90	0.004665487145416402
40	0.0001	42	0	0.4599091065201396
40	0.0001	42	66	0.10870450757605753
40	0.0001	42	29	0.11475959056642439
40	0.0001	42	23	0.11475959056642439
40	0.0001	42	74	0.11475959056642439
40	0.0001	42	11	0.02319440927541885
40	0.0001	42	4	0.02319440927541885
40	0.0001	42	5	0.02319440927541885
40	0.0001	42	94	0.02319440927541885
40	0.0001	42	20	0.02319440927541885
40	0.0001	42	44	0.02319440927541885
40	0.0001	42	98	0.02319440927541885
40	0.0001	42	90	0.017259850919316252
40	0.0001	42	61	0.00961420448699866
40	0.0001	42	10	0.017259850919316252
40	0.0001	42	3	0.017259850919316252
40	0.0001	42	9	0.017259850919316252
40	0.0001	42	18	0.01263913068887988
40	0.0001	42	69	0.01263913068887988
40	0.0001	42	38	0.005877135314110655
40	0.0001	42	7	0.005877135314110655
40	0.0001	43	0	0.45386922952730296
40	0.0001	43	66	0.12630988755107378
40	0.0001	43	29	0.12630988755107378
40	0.0001	43	23	0.12630988755107378
40	0.0001	43	74	0.12630988755107378
40	0.0001	43	11	0.02252570535300277
40	0.0001	43	20	0.02252570535300277
40	0.0001	43	94	0.02252570535300277
40	0.0001	43	44	0.02252570535300277
40	0.0001	43	5	0.02252570535300277
40	0.0001	43	4	0.02252570535300277
40	0.0001	43	9	0.02252570535300277
40	0.0001	43	98	0.02252570535300277
40	0.0001	43	10	0.02252570535300277
40	0.0001	43	3	0.02252570535300277
40	0.0001	43	90	0.01878328813711427
40	0.0001	43	69	0.01878328813711427
40	0.0001	43	18	0.01878328813711427
40	0.0001	43	7	0.0029350483508283408
40	0.0001	43	60	0.005362850374758376
40	0.0001	43	61	0.005362850374758376
40	0.0001	44	0	0.46992518866978056
40	0.0001	44	66	0.09971885470092809
40	0.0001	44	29	0.11752459634533945
40	0.0001	44	23	0.11752459634533945
40	0.0001	44	74	0.11752459634533945
40	0.0001	44	11	0.029370233481687304
40	0.0001	44	4	0.029370233481687304
40	0.0001	44	98	0.02587451448767247
40	0.0001	44	94	0.02587451448767247
40	0.0001	44	20	0.02587451448767247
40	0.0001	44	5	0.025862599168683637
40	0.0001	44	44	0.025862599168683637
40	0.0001	44	3	0.025862599168683637
40	0.0001	44	9	0.025862599168683637
40	0.0001	44	10	0.025862599168683637
40	0.0001	44	69	0.012609645605092997
40	0.0001	44	60	0.009125844914188734
40	0.0001	44	61	0.009125844914188734
40	0.0001	44	90	0.012609645605092997
40	0.0001	44	18	0.012609645605092997
40	0.0001	45	0	0.4415802013043251
40	0.0001	45	66	0.13407409639083967
40	0.0001	45	29	0.13407409639083967
40	0.0001	45	23	0.13407409639083967
40	0.0001	45	74	0.13407409639083967
40	0.0001	45	11	0.028410667812755242
40	0.0001	45	94	0.028410667812755242
40	0.0001	45	4	0.028410667812755242
40	0.0001	45	20	0.028410667812755242
40	0.0001	45	5	0.028410667812755242
40	0.0001	45	44	0.028410667812755242
40	0.0001	45	9	0.028410667812755242
40	0.0001	45	3	0.028410667812755242
40	0.0001	45	10	0.028410667812755242
40	0.0001	45	98	0.028410667812755242
40	0.0001	45	90	0.009746987853107228
40	0.0001	45	69	0.008229039067934008
40	0.0001	45	18	0.008229039067934008
40	0.0001	45	60	0.002921528665282695
40	0.0001	45	83	0.005056390934336264
40	0.0001	45	76	0.005056390934336264
40	0.0001	46	0	0.45031602519093006
40	0.0001	46	66	0.13012089346570882
40	0.0001	46	29	0.13012089346570882
40	0.0001	46	23	0.13012089346570882
40	0.0001	46	74	0.13012089346570882
40	0.0001	46	11	0.020117438705884613
40	0.0001	46	4	0.020117438705884613
40	0.0001	46	44	0.019860804718717356
40	0.0001	46	94	0.020117438705884613
40	0.0001	46	20	0.020117438705884613
40	0.0001	46	5	0.020117438705884613
40	0.0001	46	9	0.019860804718717356
40	0.0001	46	98	0.019747533207034335
40	0.0001	46	10	0.019747533207034335
40	0.0001	46	3	0.018756361272698335
40	0.0001	46	90	0.018756361272698335
40	0.0001	46	61	0.007949546598588122
40	0.0001	46	18	0.014299754419081259
40	0.0001	46	69	0.014299754419081259
40	0.0001	46	60	0.0021638252314707678
40	0.0001	47	0	0.45327002930028
40	0.0001	47	66	0.11306141398580842
40	0.0001	47	29	0.12024523578097059
40	0.0001	47	23	0.12024523578097059
40	0.0001	47	74	0.12024523578097059
40	0.0001	47	20	0.026135739517403174
40	0.0001	47	94	0.026135739517403174
40	0.0001	47	4	0.026135739517403174
40	0.0001	47	11	0.026135739517403174
40	0.0001	47	5	0.026135739517403174
40	0.0001	47	98	0.026135739517403174
40	0.0001	47	44	0.026135739517403174
40	0.0001	47	10	0.02103615156278044
40	0.0001	47	3	0.026135739517403174
40	0.0001	47	9	0.026135739517403174
40	0.0001	47	90	0.005413612053600976
40	0.0001	47	18	0.016693355986772906
40	0.0001	47	69	0.016693355986772906
40	0.0001	47	61	0.004733236716644203
40	0.0001	47	60	0.004375602943117814
40	0.0001	48	0	0.4687566497251939
40	0.0001	48	66	0.10666415895672395
40	0.0001	48	29	0.10813416126152943
40	0.0001	48	74	0.10813416126152943
40	0.0001	48	23	0.10813416126152943
40	0.0001	48	94	0.04082800612031594
40	0.0001	48	20	0.04082800612031594
40	0.0001	48	44	0.04082800612031594
40	0.0001	48	11	0.04082800612031594
40	0.0001	48	4	0.04082800612031594
40	0.0001	48	3	0.01953109311064534
40	0.0001	48	9	0.04082800612031594
40	0.0001	48	5	0.04082800612031594
40	0.0001	48	69	0.011509790463690047
40	0.0001	48	10	0.01953109311064534
40	0.0001	48	98	0.01953109311064534
40	0.0001	48	90	0.009202914700977366
40	0.0001	48	18	0.008699050679354895
40	0.0001	48	60	0.0077824550513495416
40	0.0001	48	7	0.0011613347880365435
40	0.0001	49	0	0.43308394077940543
40	0.0001	49	66	0.12437780022016216
40	0.0001	49	29	0.12437780022016216
40	0.0001	49	23	0.12437780022016216
40	0.0001	49	74	0.12437780022016216
40	0.0001	49	11	0.03388439623381149
40	0.0001	49	4	0.03388439623381149
40	0.0001	49	94	0.03388439623381149
40	0.0001	49	20	0.03388439623381149
40	0.0001	49	5	0.03388439623381149
40	0.0001	49	44	0.03388439623381149
40	0.0001	49	9	0.03388439623381149
40	0.0001	49	98	0.03388439623381149
40	0.0001	49	90	0.017117578555855956
40	0.0001	49	10	0.03388439623381149
40	0.0001	49	3	0.03388439623381149
40	0.0001	49	69	0.01002621103010548
40	0.0001	49	18	0.01002621103010548
40	0.0001	49	42	0.005227526321379228
40	0.0001	49	61	0.005227526321379228
40	0.0001	50	0	0.4540678820761584
40	0.0001	50	66	0.11595349609078304
40	0.0001	50	29	0.11595349609078304
40	0.0001	50	23	0.11595349609078304
40	0.0001	50	74	0.11595349609078304
40	0.0001	50	11	0.03367044376921987
40	0.0001	50	4	0.03367044376921987
40	0.0001	50	20	0.03367044376921987
40	0.0001	50	98	0.03367044376921987
40	0.0001	50	44	0.03367044376921987
40	0.0001	50	94	0.03367044376921987
40	0.0001	50	5	0.03367044376921987
40	0.0001	50	69	0.0162830453700607
40	0.0001	50	9	0.03367044376921987
40	0.0001	50	3	0.03367044376921987
40	0.0001	50	10	0.03367044376921987
40	0.0001	50	18	0.0162830453700607
40	0.0001	50	90	0.0162830453700607
40	0.0001	50	7	0.006642365424833647
40	0.0001	50	60	0.0070340137353830405
40	0.0001	50	61	0.0070340137353830405
40	0.0001	51	0	0.44763704650857583
40	0.0001	51	66	0.11208796118988457
40	0.0001	51	29	0.11208796118988457
40	0.0001	51	23	0.11208796118988457
40	0.0001	51	74	0.11208796118988457
40	0.0001	51	20	0.02563430873676241
40	0.0001	51	94	0.02563430873676241
40	0.0001	51	4	0.02563430873676241
40	0.0001	51	11	0.02563430873676241
40	0.0001	51	98	0.02563430873676241
40	0.0001	51	5	0.02563430873676241
40	0.0001	51	44	0.02563430873676241
40	0.0001	51	9	0.02563430873676241
40	0.0001	51	3	0.02563430873676241
40	0.0001	51	10	0.02563430873676241
40	0.0001	51	90	0.00857071919243386
40	0.0001	51	69	0.005956869971021183
40	0.0001	51	18	0.005956869971021183
40	0.0001	51	7	0.00385141092666795
40	0.0001	51	61	0.00392479587619444
40	0.0001	51	60	0.00392479587619444
40	0.0001	52	0	0.44942799456565463
40	0.0001	52	66	0.10371062147112872
40	0.0001	52	29	0.1302071007633156
40	0.0001	52	23	0.1302071007633156
40	0.0001	52	74	0.1302071007633156
40	0.0001	52	11	0.02446989944142761
40	0.0001	52	94	0.02446989944142761
40	0.0001	52	20	0.02446989944142761
40	0.0001	52	4	0.02446989944142761
40	0.0001	52	5	0.02192682063465086
40	0.0001	52	98	0.02192682063465086
40	0.0001	52	44	0.02192682063465086
40	0.0001	52	10	0.02112051485467224
40	0.0001	52	3	0.02112051485467224
40	0.0001	52	9	0.02112051485467224
40	0.0001	52	90	0.017468424876972356
40	0.0001	52	69	0.017468424876972356
40	0.0001	52	18	0.017468424876972356
40	0.0001	52	38	0.0019831680189241908
40	0.0001	52	61	0.005581674964796236
40	0.0001	52	60	0.005581674964796236
40	0.0001	53	0	0.44124253452286416
40	0.0001	53	66	0.10585161541784256
40	0.0001	53	29	0.12244180839127737
40	0.0001	53	23	0.12244180839127737
40	0.0001	53	74	0.12244180839127737
40	0.0001	53	20	0.02389360011035228
40	0.0001	53	94	0.02186347477783627
40	0.0001	53	11	0.02186347477783627
40	0.0001	53	4	0.02186347477783627
40	0.0001	53	5	0.02186347477783627
40	0.0001	53	98	0.02186347477783627
40	0.0001	53	44	0.02186347477783627
40	0.0001	53	9	0.0194407209342843
40	0.0001	53	10	0.0194407209342843
40	0.0001	53	3	0.0194407209342843
40	0.0001	53	60	0.010729956398334127
40	0.0001	53	69	0.013078461577536135
40	0.0001	53	18	0.013078461577536135
40	0.0001	53	90	0.013078461577536135
40	0.0001	53	7	0.0028985792862158384
40	0.0001	54	0	0.39815334171577876
40	0.0001	54	23	0.12521017271867138
40	0.0001	54	66	0.12517741959099227
40	0.0001	54	74	0.12521017271867138
40	0.0001	54	29	0.12521017271867138
40	0.0001	54	11	0.023164145110207795
40	0.0001	54	4	0.023164145110207795
40	0.0001	54	20	0.023164145110207795
40	0.0001	54	94	0.023164145110207795
40	0.0001	54	44	0.023164145110207795
40	0.0001	54	5	0.023164145110207795
40	0.0001	54	9	0.022021490658797414
40	0.0001	54	3	0.022021490658797414
40	0.0001	54	10	0.022021490658797414
40	0.0001	54	98	0.022021490658797414
40	0.0001	54	69	0.02042072637461062
40	0.0001	54	76	0.0008458211783275945
40	0.0001	54	90	0.02042072637461062
40	0.0001	54	18	0.02042072637461062
40	0.0001	54	7	0.0033769041167089403
40	0.0001	54	62	0.0033769041167089403
40	0.0001	55	0	0.44923483501093436
40	0.0001	55	66	0.09886597074433387
40	0.0001	55	29	0.11582680234376398
40	0.0001	55	74	0.11582680234376398
40	0.0001	55	23	0.11582680234376398
40	0.0001	55	20	0.044024203090045726
40	0.0001	55	11	0.044024203090045726
40	0.0001	55	98	0.044024203090045726
40	0.0001	55	5	0.044024203090045726
40	0.0001	55	94	0.044024203090045726
40	0.0001	55	44	0.044024203090045726
40	0.0001	55	4	0.044024203090045726
40	0.0001	55	3	0.044024203090045726
40	0.0001	55	18	0.016648260855723337
40	0.0001	55	60	0.008293132755723845
40	0.0001	55	90	0.016648260855723337
40	0.0001	55	10	0.016648260855723337
40	0.0001	55	69	0.016648260855723337
40	0.0001	55	83	0.008293132755723845
40	0.0001	55	99	0.008293132755723845
40	0.0001	55	76	0.008293132755723845
40	0.0001	56	0	0.4784363567311571
40	0.0001	56	66	0.11788650758698242
40	0.0001	56	29	0.12041114673442871
40	0.0001	56	23	0.12041114673442871
40	0.0001	56	74	0.12041114673442871
40	0.0001	56	11	0.03128172788525286
40	0.0001	56	4	0.03128172788525286
40	0.0001	56	5	0.02962970170893611
40	0.0001	56	20	0.03128172788525286
40	0.0001	56	94	0.03128172788525286
40	0.0001	56	44	0.03128172788525286
40	0.0001	56	3	0.023275869017856183
40	0.0001	56	10	0.02962970170893611
40	0.0001	56	9	0.02962970170893611
40	0.0001	56	38	0.004812970087558267
40	0.0001	56	70	0.01083570862231836
40	0.0001	56	90	0.01083570862231836
40	0.0001	56	42	0.01083570862231836
40	0.0001	56	72	0.01083570862231836
40	0.0001	56	83	0.01083570862231836
40	0.0001	56	99	0.006323110685608008
40	0.0001	57	0	0.4530045414105076
40	0.0001	57	66	0.11702138119426378
40	0.0001	57	29	0.11734397292502609
40	0.0001	57	23	0.11734397292502609
40	0.0001	57	74	0.11734397292502609
40	0.0001	57	11	0.02663522659218621
40	0.0001	57	94	0.02663522659218621
40	0.0001	57	20	0.02663522659218621
40	0.0001	57	4	0.02663522659218621
40	0.0001	57	5	0.02663522659218621
40	0.0001	57	44	0.02663522659218621
40	0.0001	57	10	0.02663522659218621
40	0.0001	57	98	0.02663522659218621
40	0.0001	57	3	0.02663522659218621
40	0.0001	57	9	0.02663522659218621
40	0.0001	57	90	0.011989168439186758
40	0.0001	57	60	0.011989168439186758
40	0.0001	57	18	0.011989168439186758
40	0.0001	57	69	0.011989168439186758
40	0.0001	57	7	0.004568556250183177
40	0.0001	58	0	0.47982194039311205
40	0.0001	58	66	0.13146206914280736
40	0.0001	58	29	0.13146206914280736
40	0.0001	58	23	0.13146206914280736
40	0.0001	58	74	0.13146206914280736
40	0.0001	58	11	0.023170432489814086
40	0.0001	58	4	0.023170432489814086
40	0.0001	58	94	0.023170432489814086
40	0.0001	58	20	0.023170432489814086
40	0.0001	58	44	0.023170432489814086
40	0.0001	58	98	0.023170432489814086
40	0.0001	58	5	0.023170432489814086
40	0.0001	58	90	0.009035782032804736
40	0.0001	58	3	0.021167941139985026
40	0.0001	58	9	0.021167941139985026
40	0.0001	58	10	0.021167941139985026
40	0.0001	58	18	0.012385322918050003
40	0.0001	58	69	0.012385322918050003
40	0.0001	58	83	0.003653881241865247
40	0.0001	58	61	0.003653881241865247
40	0.0001	59	0	0.4610920655029163
40	0.0001	59	66	0.1173742147044853
40	0.0001	59	29	0.11909246980988684
40	0.0001	59	23	0.11909246980988684
40	0.0001	59	74	0.11909246980988684
40	0.0001	59	94	0.035245670353487905
40	0.0001	59	4	0.035245670353487905
40	0.0001	59	11	0.035245670353487905
40	0.0001	59	20	0.035245670353487905
40	0.0001	59	5	0.035245670353487905
40	0.0001	59	44	0.035245670353487905
40	0.0001	59	9	0.035245670353487905
40	0.0001	59	98	0.035245670353487905
40	0.0001	59	3	0.035245670353487905
40	0.0001	59	10	0.02103819599931725
40	0.0001	59	90	0.012802471802172736
40	0.0001	59	61	0.01176999818645954
40	0.0001	59	18	0.01176999818645954
40	0.0001	59	69	0.01176999818645954
40	0.0001	59	62	0.004498069917149619
40	0.0001	60	0	0.454942050411962
40	0.0001	60	66	0.10567677439230276
40	0.0001	60	29	0.11651665870138228
40	0.0001	60	23	0.11651665870138228
40	0.0001	60	74	0.11651665870138228
40	0.0001	60	11	0.04105713936443803
40	0.0001	60	4	0.04105713936443803
40	0.0001	60	5	0.02592583639711506
40	0.0001	60	94	0.04105713936443803
40	0.0001	60	20	0.04105713936443803
40	0.0001	60	9	0.02592583639711506
40	0.0001	60	44	0.02592583639711506
40	0.0001	60	3	0.022111585848660312
40	0.0001	60	98	0.014583694665601913
40	0.0001	60	10	0.014583694665601913
40	0.0001	60	69	0.013703419947764797
40	0.0001	60	18	0.013703419947764797
40	0.0001	60	90	0.00793965513331802
40	0.0001	60	60	0.005506547240629379
40	0.0001	60	38	0.002319831705781315
40	0.0001	61	0	0.4503712007064921
40	0.0001	61	66	0.11513157804703092
40	0.0001	61	29	0.11513157804703092
40	0.0001	61	23	0.11513157804703092
40	0.0001	61	74	0.11513157804703092
40	0.0001	61	20	0.026522407357694587
40	0.0001	61	94	0.026522407357694587
40	0.0001	61	11	0.026522407357694587
40	0.0001	61	4	0.026522407357694587
40	0.0001	61	5	0.026522407357694587
40	0.0001	61	44	0.026522407357694587
40	0.0001	61	98	0.026522407357694587
40	0.0001	61	9	0.021280687543918198
40	0.0001	61	3	0.021280687543918198
40	0.0001	61	10	0.021280687543918198
40	0.0001	61	60	0.0055139486677470324
40	0.0001	61	61	0.005445577566204976
40	0.0001	61	18	0.01796035442141137
40	0.0001	61	90	0.01796035442141137
40	0.0001	61	69	0.01796035442141137
40	0.0001	62	0	0.45062174151564405
40	0.0001	62	66	0.11121563506557305
40	0.0001	62	29	0.11121563506557305
40	0.0001	62	23	0.11121563506557305
40	0.0001	62	74	0.11121563506557305
40	0.0001	62	20	0.030704835015101524
40	0.0001	62	11	0.030704835015101524
40	0.0001	62	4	0.030704835015101524
40	0.0001	62	98	0.030704835015101524
40	0.0001	62	44	0.030704835015101524
40	0.0001	62	94	0.030704835015101524
40	0.0001	62	5	0.030704835015101524
40	0.0001	62	9	0.030704835015101524
40	0.0001	62	3	0.030704835015101524
40	0.0001	62	10	0.030704835015101524
40	0.0001	62	69	0.01214893683619126
40	0.0001	62	18	0.01214893683619126
40	0.0001	62	90	0.01214893683619126
40	0.0001	62	7	0.01214893683619126
40	0.0001	62	60	0.004958441758299131
40	0.0001	63	0	0.4382564635402638
40	0.0001	63	66	0.12289497428913991
40	0.0001	63	29	0.12289497428913991
40	0.0001	63	23	0.12289497428913991
40	0.0001	63	74	0.12289497428913991
40	0.0001	63	11	0.02561570988849147
40	0.0001	63	4	0.02561570988849147
40	0.0001	63	20	0.02561570988849147
40	0.0001	63	5	0.023564277413856024
40	0.0001	63	94	0.02561570988849147
40	0.0001	63	98	0.02561570988849147
40	0.0001	63	44	0.02561570988849147
40	0.0001	63	90	0.018067488224312454
40	0.0001	63	60	0.0011349628452178284
40	0.0001	63	10	0.019205076281490454
40	0.0001	63	9	0.019205076281490454
40	0.0001	63	3	0.019205076281490454
40	0.0001	63	18	0.018067488224312454
40	0.0001	63	69	0.018067488224312454
40	0.0001	63	7	0.006089443814192104
40	0.0001	64	0	0.45262454683211684
40	0.0001	64	66	0.13120872411330423
40	0.0001	64	29	0.13120872411330423
40	0.0001	64	23	0.13120872411330423
40	0.0001	64	74	0.13120872411330423
40	0.0001	64	11	0.02972020648530005
40	0.0001	64	4	0.02972020648530005
40	0.0001	64	94	0.02972020648530005
40	0.0001	64	20	0.02972020648530005
40	0.0001	64	5	0.02972020648530005
40	0.0001	64	44	0.02972020648530005
40	0.0001	64	9	0.02972020648530005
40	0.0001	64	98	0.02972020648530005
40	0.0001	64	3	0.02972020648530005
40	0.0001	64	10	0.02192886350458807
40	0.0001	64	90	0.018687504861818416
40	0.0001	64	69	0.014175598964373183
40	0.0001	64	18	0.014175598964373183
40	0.0001	64	61	0.00572123858562531
40	0.0001	64	60	0.00572123858562531
40	0.0001	65	0	0.45774202663120034
40	0.0001	65	66	0.12222873348252689
40	0.0001	65	29	0.12222873348252689
40	0.0001	65	23	0.12222873348252689
40	0.0001	65	74	0.12222873348252689
40	0.0001	65	11	0.023430036999539845
40	0.0001	65	4	0.023430036999539845
40	0.0001	65	94	0.023430036999539845
40	0.0001	65	20	0.023430036999539845
40	0.0001	65	5	0.023430036999539845
40	0.0001	65	44	0.023430036999539845
40	0.0001	65	9	0.023430036999539845
40	0.0001	65	3	0.023430036999539845
40	0.0001	65	98	0.023430036999539845
40	0.0001	65	10	0.023430036999539845
40	0.0001	65	90	0.023430036999539845
40	0.0001	65	69	0.011414152051368122
40	0.0001	65	18	0.011414152051368122
40	0.0001	65	7	0.011414152051368122
40	0.0001	65	38	0.00518493438807605
40	0.0001	66	0	0.4550774157331871
40	0.0001	66	66	0.11254056854077021
40	0.0001	66	29	0.12389652781898393
40	0.0001	66	23	0.12389652781898393
40	0.0001	66	74	0.12389652781898393
40	0.0001	66	11	0.03720296567729867
40	0.0001	66	4	0.03720296567729867
40	0.0001	66	44	0.03720296567729867
40	0.0001	66	94	0.03720296567729867
40	0.0001	66	20	0.03720296567729867
40	0.0001	66	98	0.03720296567729867
40	0.0001	66	5	0.03720296567729867
40	0.0001	66	9	0.03720296567729867
40	0.0001	66	10	0.03720296567729867
40	0.0001	66	3	0.03720296567729867
40	0.0001	66	69	0.010740399861442308
40	0.0001	66	18	0.010740399861442308
40	0.0001	66	90	0.010740399861442308
40	0.0001	66	7	0.004461009891987584
40	0.0001	66	61	0.004461009891987584
40	0.0001	67	0	0.4514182187341665
40	0.0001	67	66	0.10944699454689392
40	0.0001	67	29	0.11626516452863608
40	0.0001	67	23	0.11626516452863608
40	0.0001	67	74	0.11626516452863608
40	0.0001	67	20	0.02630543384736494
40	0.0001	67	94	0.021470643302450788
40	0.0001	67	4	0.024193677679036664
40	0.0001	67	11	0.024193677679036664
40	0.0001	67	98	0.021470643302450788
40	0.0001	67	5	0.021470643302450788
40	0.0001	67	44	0.021470643302450788
40	0.0001	67	9	0.021201831451833967
40	0.0001	67	3	0.021201831451833967
40	0.0001	67	10	0.021201831451833967
40	0.0001	67	61	0.013550698607866285
40	0.0001	67	60	0.013550698607866285
40	0.0001	67	18	0.013550698607866285
40	0.0001	67	69	0.013550698607866285
40	0.0001	67	90	0.013550698607866285
40	0.0001	67	42	0.003187614027525231
40	0.0001	68	0	0.46121923560052175
40	0.0001	68	66	0.1114301451802781
40	0.0001	68	29	0.12673734523378447
40	0.0001	68	23	0.12673734523378447
40	0.0001	68	74	0.12673734523378447
40	0.0001	68	20	0.02823397120923594
40	0.0001	68	11	0.02823397120923594
40	0.0001	68	4	0.02823397120923594
40	0.0001	68	94	0.02823397120923594
40	0.0001	68	98	0.02823397120923594
40	0.0001	68	5	0.02823397120923594
40	0.0001	68	44	0.02823397120923594
40	0.0001	68	9	0.02823397120923594
40	0.0001	68	10	0.02823397120923594
40	0.0001	68	3	0.02823397120923594
40	0.0001	68	69	0.010830365235039696
40	0.0001	68	18	0.010830365235039696
40	0.0001	68	90	0.008331117240773393
40	0.0001	68	7	0.0072364747251103066
40	0.0001	68	61	0.008331117240773393
40	0.0001	68	60	0.008331117240773393
40	0.0001	69	0	0.4520582194428078
40	0.0001	69	66	0.10697066579272498
40	0.0001	69	29	0.11665983066813364
40	0.0001	69	23	0.11665983066813364
40	0.0001	69	74	0.11665983066813364
40	0.0001	69	20	0.033931729522915316
40	0.0001	69	11	0.033931729522915316
40	0.0001	69	4	0.033931729522915316
40	0.0001	69	44	0.033931729522915316
40	0.0001	69	98	0.033931729522915316
40	0.0001	69	94	0.033931729522915316
40	0.0001	69	5	0.033931729522915316
40	0.0001	69	10	0.022482223965096144
40	0.0001	69	3	0.033931729522915316
40	0.0001	69	9	0.033931729522915316
40	0.0001	69	69	0.022482223965096144
40	0.0001	69	18	0.022482223965096144
40	0.0001	69	90	0.022482223965096144
40	0.0001	69	7	0.00403413440594557
40	0.0001	69	38	0.00403413440594557
40	0.0001	70	0	0.45061392037959724
40	0.0001	70	66	0.10723396316479013
40	0.0001	70	29	0.12191077215674656
40	0.0001	70	23	0.12191077215674656
40	0.0001	70	74	0.12191077215674656
40	0.0001	70	11	0.029480870003030398
40	0.0001	70	4	0.029480870003030398
40	0.0001	70	94	0.029480870003030398
40	0.0001	70	20	0.029480870003030398
40	0.0001	70	5	0.029480870003030398
40	0.0001	70	98	0.029480870003030398
40	0.0001	70	44	0.029480870003030398
40	0.0001	70	9	0.029480870003030398
40	0.0001	70	10	0.029480870003030398
40	0.0001	70	3	0.029480870003030398
40	0.0001	70	61	0.004955912250688934
40	0.0001	70	69	0.007775676029454553
40	0.0001	70	76	0.002364923934069285
40	0.0001	70	7	0.007775676029454553
40	0.0001	70	90	0.007775676029454553
40	0.0001	70	18	0.007775676029454553
40	0.0001	71	0	0.4539938184405529
40	0.0001	71	66	0.1292677094697756
40	0.0001	71	29	0.1292677094697756
40	0.0001	71	23	0.1292677094697756
40	0.0001	71	74	0.1292677094697756
40	0.0001	71	11	0.024122195432309347
40	0.0001	71	4	0.024122195432309347
40	0.0001	71	20	0.024122195432309347
40	0.0001	71	94	0.024122195432309347
40	0.0001	71	44	0.024122195432309347
40	0.0001	71	5	0.024122195432309347
40	0.0001	71	98	0.024122195432309347
40	0.0001	71	3	0.024122195432309347
40	0.0001	71	9	0.024122195432309347
40	0.0001	71	10	0.024122195432309347
40	0.0001	71	90	0.024122195432309347
40	0.0001	71	69	0.018719056638622875
40	0.0001	71	18	0.018719056638622875
40	0.0001	71	42	0.0030751442953817552
40	0.0001	71	76	0.0011262965128780553
40	0.0001	72	0	0.4404142789495382
40	0.0001	72	66	0.10651904145705332
40	0.0001	72	29	0.12783324843674093
40	0.0001	72	23	0.12783324843674093
40	0.0001	72	74	0.12783324843674093
40	0.0001	72	20	0.043032621301298944
40	0.0001	72	11	0.03572813397767092
40	0.0001	72	4	0.03572813397767092
40	0.0001	72	5	0.027873069486035927
40	0.0001	72	98	0.027873069486035927
40	0.0001	72	3	0.027873069486035927
40	0.0001	72	44	0.027873069486035927
40	0.0001	72	9	0.027873069486035927
40	0.0001	72	10	0.015744784289960078
40	0.0001	72	69	0.015744784289960078
40	0.0001	72	60	0.007019506949133954
40	0.0001	72	61	0.007019506949133954
40	0.0001	72	94	0.015744784289960078
40	0.0001	72	18	0.015744784289960078
40	0.0001	72	90	0.015744784289960078
40	0.0001	73	0	0.3705901755164893
40	0.0001	73	29	0.12302627329209459
40	0.0001	73	66	0.12302627329209459
40	0.0001	73	23	0.12302627329209459
40	0.0001	73	74	0.12302627329209459
40	0.0001	73	11	0.02275987113470764
40	0.0001	73	4	0.02275987113470764
40	0.0001	73	94	0.02275987113470764
40	0.0001	73	20	0.02275987113470764
40	0.0001	73	5	0.022605092231044017
40	0.0001	73	44	0.022605092231044017
40	0.0001	73	98	0.022605092231044017
40	0.0001	73	10	0.022605092231044017
40	0.0001	73	3	0.022605092231044017
40	0.0001	73	9	0.022605092231044017
40	0.0001	73	90	0.018282982994703403
40	0.0001	73	61	0.007904600013806922
40	0.0001	73	18	0.018282982994703403
40	0.0001	73	69	0.018282982994703403
40	0.0001	73	60	0.007904600013806922
40	0.0001	74	0	0.4477961448249067
40	0.0001	74	66	0.11124733922891929
40	0.0001	74	29	0.11728252106845424
40	0.0001	74	23	0.11728252106845424
40	0.0001	74	74	0.11728252106845424
40	0.0001	74	20	0.02561447341588455
40	0.0001	74	94	0.02561447341588455
40	0.0001	74	4	0.02561447341588455
40	0.0001	74	11	0.02561447341588455
40	0.0001	74	5	0.02561447341588455
40	0.0001	74	44	0.02561447341588455
40	0.0001	74	98	0.02561447341588455
40	0.0001	74	9	0.02561447341588455
40	0.0001	74	3	0.02561447341588455
40	0.0001	74	10	0.02561447341588455
40	0.0001	74	90	0.011949074046675608
40	0.0001	74	69	0.011949074046675608
40	0.0001	74	18	0.011949074046675608
40	0.0001	74	99	0.005021117966314343
40	0.0001	74	60	0.011480191845201066
40	0.0001	74	61	0.011480191845201066
40	0.0001	75	0	0.436534230605722
40	0.0001	75	29	0.11729045517773254
40	0.0001	75	66	0.11729045517773254
40	0.0001	75	23	0.11729045517773254
40	0.0001	75	74	0.11729045517773254
40	0.0001	75	11	0.030638468507527956
40	0.0001	75	4	0.030638468507527956
40	0.0001	75	44	0.02460441663816198
40	0.0001	75	94	0.030638468507527956
40	0.0001	75	20	0.030638468507527956
40	0.0001	75	98	0.02460441663816198
40	0.0001	75	3	0.02460441663816198
40	0.0001	75	5	0.02460441663816198
40	0.0001	75	9	0.02460441663816198
40	0.0001	75	10	0.02460441663816198
40	0.0001	75	90	0.02460441663816198
40	0.0001	75	83	0.0050289137978671294
40	0.0001	75	18	0.014726931067491351
40	0.0001	75	69	0.014726931067491351
40	0.0001	75	7	0.005718287321200497
40	0.0001	76	0	0.4543413212165941
40	0.0001	76	66	0.12398057101851546
40	0.0001	76	29	0.12398057101851546
40	0.0001	76	23	0.12398057101851546
40	0.0001	76	74	0.12398057101851546
40	0.0001	76	11	0.02477083400097418
40	0.0001	76	4	0.02477083400097418
40	0.0001	76	44	0.02477083400097418
40	0.0001	76	94	0.02477083400097418
40	0.0001	76	20	0.02477083400097418
40	0.0001	76	5	0.02477083400097418
40	0.0001	76	98	0.02477083400097418
40	0.0001	76	3	0.02477083400097418
40	0.0001	76	9	0.02477083400097418
40	0.0001	76	10	0.02477083400097418
40	0.0001	76	90	0.01629690941931128
40	0.0001	76	69	0.01629690941931128
40	0.0001	76	18	0.01629690941931128
40	0.0001	76	61	0.008032097482556667
40	0.0001	76	60	0.008032097482556667
40	0.0001	77	0	0.4551852371904635
40	0.0001	77	66	0.12170460146742214
40	0.0001	77	29	0.12170460146742214
40	0.0001	77	23	0.12170460146742214
40	0.0001	77	74	0.12170460146742214
40	0.0001	77	94	0.030285062919322352
40	0.0001	77	4	0.030285062919322352
40	0.0001	77	11	0.030285062919322352
40	0.0001	77	98	0.030285062919322352
40	0.0001	77	44	0.030285062919322352
40	0.0001	77	20	0.030285062919322352
40	0.0001	77	5	0.030285062919322352
40	0.0001	77	90	0.014456073569963325
40	0.0001	77	3	0.030285062919322352
40	0.0001	77	9	0.030285062919322352
40	0.0001	77	10	0.030285062919322352
40	0.0001	77	18	0.014456073569963325
40	0.0001	77	69	0.014456073569963325
40	0.0001	77	7	0.014456073569963325
40	0.0001	77	38	0.014456073569963325
40	0.0001	78	0	0.45138215153036604
40	0.0001	78	66	0.10356581937847639
40	0.0001	78	29	0.1173229802648017
40	0.0001	78	23	0.1173229802648017
40	0.0001	78	74	0.1173229802648017
40	0.0001	78	20	0.025100533042314823
40	0.0001	78	11	0.025100533042314823
40	0.0001	78	4	0.025100533042314823
40	0.0001	78	44	0.025100533042314823
40	0.0001	78	98	0.025100533042314823
40	0.0001	78	94	0.025100533042314823
40	0.0001	78	5	0.022359483152500758
40	0.0001	78	9	0.018598355362069295
40	0.0001	78	3	0.018598355362069295
40	0.0001	78	10	0.018598355362069295
40	0.0001	78	69	0.013071553465535981
40	0.0001	78	18	0.013071553465535981
40	0.0001	78	90	0.008236415301477685
40	0.0001	78	61	0.008878746758679163
40	0.0001	78	60	0.008878746758679163
40	0.0001	79	0	0.45247928702425105
40	0.0001	79	66	0.10736557768223824
40	0.0001	79	29	0.11494171760016364
40	0.0001	79	23	0.11494171760016364
40	0.0001	79	74	0.11494171760016364
40	0.0001	79	20	0.02575539753249964
40	0.0001	79	94	0.02575539753249964
40	0.0001	79	4	0.02575539753249964
40	0.0001	79	11	0.02575539753249964
40	0.0001	79	5	0.02575539753249964
40	0.0001	79	98	0.02575539753249964
40	0.0001	79	44	0.02575539753249964
40	0.0001	79	10	0.018475009810826837
40	0.0001	79	3	0.02575539753249964
40	0.0001	79	9	0.02575539753249964
40	0.0001	79	90	0.018475009810826837
40	0.0001	79	60	0.00817075113203621
40	0.0001	79	61	0.00817075113203621
40	0.0001	79	18	0.018475009810826837
40	0.0001	79	69	0.018475009810826837
40	0.0001	79	42	0.001067722580205115
40	0.0001	80	0	0.45224992028905986
40	0.0001	80	66	0.12499796847654027
40	0.0001	80	29	0.12499796847654027
40	0.0001	80	23	0.12499796847654027
40	0.0001	80	74	0.12499796847654027
40	0.0001	80	11	0.03997028786981243
40	0.0001	80	4	0.03997028786981243
40	0.0001	80	94	0.03997028786981243
40	0.0001	80	5	0.032708716662878896
40	0.0001	80	20	0.03997028786981243
40	0.0001	80	98	0.03997028786981243
40	0.0001	80	44	0.03997028786981243
40	0.0001	80	9	0.032708716662878896
40	0.0001	80	10	0.032708716662878896
40	0.0001	80	3	0.032708716662878896
40	0.0001	80	18	0.006751952897668345
40	0.0001	80	69	0.006751952897668345
40	0.0001	80	90	0.006751952897668345
40	0.0001	80	60	0.006751952897668345
40	0.0001	80	61	0.006751952897668345
40	0.0001	81	0	0.473928844403493
40	0.0001	81	66	0.10599442029237344
40	0.0001	81	29	0.12386203498415552
40	0.0001	81	23	0.12386203498415552
40	0.0001	81	74	0.12386203498415552
40	0.0001	81	11	0.027263398761548076
40	0.0001	81	94	0.027263398761548076
40	0.0001	81	20	0.027263398761548076
40	0.0001	81	4	0.027263398761548076
40	0.0001	81	5	0.027263398761548076
40	0.0001	81	98	0.027263398761548076
40	0.0001	81	44	0.027263398761548076
40	0.0001	81	9	0.027263398761548076
40	0.0001	81	3	0.027263398761548076
40	0.0001	81	10	0.027263398761548076
40	0.0001	81	83	0.0014041014127992607
40	0.0001	81	69	0.01462730436967623
40	0.0001	81	90	0.01462730436967623
40	0.0001	81	18	0.01462730436967623
40	0.0001	81	38	0.00508470538286971
40	0.0001	81	7	0.00508470538286971
40	0.0001	82	0	0.4495245095558591
40	0.0001	82	66	0.10858666783238322
40	0.0001	82	29	0.12865946389741872
40	0.0001	82	23	0.12865946389741872
40	0.0001	82	74	0.12865946389741872
40	0.0001	82	11	0.02049848512048041
40	0.0001	82	4	0.02049848512048041
40	0.0001	82	44	0.03282002109134761
40	0.0001	82	94	0.03282002109134761
40	0.0001	82	20	0.03282002109134761
40	0.0001	82	98	0.02049848512048041
40	0.0001	82	5	0.02049848512048041
40	0.0001	82	9	0.018710025570098775
40	0.0001	82	3	0.018710025570098775
40	0.0001	82	10	0.018710025570098775
40	0.0001	82	90	0.00957103943534269
40	0.0001	82	60	0.00945592204159289
40	0.0001	82	18	0.00957103943534269
40	0.0001	82	69	0.00957103943534269
40	0.0001	82	7	0.004649308991485967
40	0.0001	83	0	0.4396011997105792
40	0.0001	83	66	0.13941288403650254
40	0.0001	83	29	0.13941288403650254
40	0.0001	83	23	0.13941288403650254
40	0.0001	83	74	0.13941288403650254
40	0.0001	83	11	0.03317859437286158
40	0.0001	83	4	0.03317859437286158
40	0.0001	83	5	0.03317859437286158
40	0.0001	83	94	0.03317859437286158
40	0.0001	83	44	0.03317859437286158
40	0.0001	83	20	0.03317859437286158
40	0.0001	83	98	0.03317859437286158
40	0.0001	83	10	0.018241578480555635
40	0.0001	83	3	0.03317859437286158
40	0.0001	83	9	0.03317859437286158
40	0.0001	83	90	0.01391820762442882
40	0.0001	83	69	0.01189157483898829
40	0.0001	83	18	0.01189157483898829
40	0.0001	83	62	0.0045623587778987895
40	0.0001	83	38	0.004263608994408958
40	0.0001	84	0	0.44417392959374274
40	0.0001	84	66	0.12071526253653038
40	0.0001	84	29	0.12071526253653038
40	0.0001	84	74	0.12071526253653038
40	0.0001	84	23	0.12071526253653038
40	0.0001	84	20	0.03431770157374619
40	0.0001	84	11	0.03431770157374619
40	0.0001	84	4	0.03431770157374619
40	0.0001	84	94	0.03431770157374619
40	0.0001	84	44	0.03431770157374619
40	0.0001	84	3	0.03431770157374619
40	0.0001	84	9	0.03431770157374619
40	0.0001	84	5	0.03431770157374619
40	0.0001	84	90	0.013091708474160755
40	0.0001	84	69	0.013091708474160755
40	0.0001	84	61	0.007182285514373969
40	0.0001	84	10	0.013091708474160755
40	0.0001	84	18	0.013091708474160755
40	0.0001	84	60	0.007182285514373969
40	0.0001	84	76	0.007182285514373969
40	0.0001	85	0	0.44744306123359734
40	0.0001	85	66	0.11457473529357488
40	0.0001	85	29	0.11457473529357488
40	0.0001	85	23	0.11457473529357488
40	0.0001	85	74	0.11457473529357488
40	0.0001	85	11	0.025614469134837985
40	0.0001	85	4	0.025614469134837985
40	0.0001	85	20	0.025614469134837985
40	0.0001	85	94	0.025614469134837985
40	0.0001	85	5	0.025614469134837985
40	0.0001	85	98	0.025614469134837985
40	0.0001	85	44	0.025614469134837985
40	0.0001	85	3	0.025614469134837985
40	0.0001	85	9	0.025614469134837985
40	0.0001	85	90	0.023848319870690676
40	0.0001	85	60	0.00395532566374331
40	0.0001	85	42	0.0026509936144789785
40	0.0001	85	10	0.006555967018958886
40	0.0001	85	69	0.006555967018958886
40	0.0001	85	18	0.006555967018958886
40	0.0001	85	13	0.005817464163307352
40	0.0001	86	0	0.4518038374441189
40	0.0001	86	66	0.10919494874134855
40	0.0001	86	29	0.12556528016559382
40	0.0001	86	23	0.12556528016559382
40	0.0001	86	74	0.12556528016559382
40	0.0001	86	20	0.02744314367045747
40	0.0001	86	4	0.02744314367045747
40	0.0001	86	11	0.02744314367045747
40	0.0001	86	5	0.02744314367045747
40	0.0001	86	94	0.02744314367045747
40	0.0001	86	98	0.02744314367045747
40	0.0001	86	44	0.02744314367045747
40	0.0001	86	10	0.02744314367045747
40	0.0001	86	9	0.02744314367045747
40	0.0001	86	3	0.02744314367045747
40	0.0001	86	69	0.01107593555125892
40	0.0001	86	61	0.0053746241702933755
40	0.0001	86	18	0.01107593555125892
40	0.0001	86	90	0.01107593555125892
40	0.0001	86	60	0.005338632557561987
40	0.0001	87	0	0.4419166500394505
40	0.0001	87	66	0.10161734480593075
40	0.0001	87	29	0.1322520156479745
40	0.0001	87	23	0.1322520156479745
40	0.0001	87	74	0.1322520156479745
40	0.0001	87	11	0.03905967336962227
40	0.0001	87	4	0.03905967336962227
40	0.0001	87	44	0.03905967336962227
40	0.0001	87	94	0.03905967336962227
40	0.0001	87	20	0.03905967336962227
40	0.0001	87	98	0.03905967336962227
40	0.0001	87	5	0.03905967336962227
40	0.0001	87	69	0.008200123837389892
40	0.0001	87	10	0.03905967336962227
40	0.0001	87	3	0.03905967336962227
40	0.0001	87	9	0.03905967336962227
40	0.0001	87	18	0.008200123837389892
40	0.0001	87	60	0.007505924356770732
40	0.0001	87	90	0.007505924356770732
40	0.0001	87	7	0.0055822181885172165
40	0.0001	88	0	0.46897529637713803
40	0.0001	88	66	0.12948015599130916
40	0.0001	88	29	0.12948015599130916
40	0.0001	88	23	0.12948015599130916
40	0.0001	88	74	0.12948015599130916
40	0.0001	88	11	0.023872937812135085
40	0.0001	88	94	0.023872937812135085
40	0.0001	88	20	0.023872937812135085
40	0.0001	88	4	0.023872937812135085
40	0.0001	88	44	0.023872937812135085
40	0.0001	88	5	0.023872937812135085
40	0.0001	88	9	0.023872937812135085
40	0.0001	88	3	0.023872937812135085
40	0.0001	88	98	0.023872937812135085
40	0.0001	88	10	0.022249929168140933
40	0.0001	88	90	0.021011961704116455
40	0.0001	88	69	0.018430648944709683
40	0.0001	88	18	0.018430648944709683
40	0.0001	88	61	0.005791967622956682
40	0.0001	88	60	0.005791967622956682
40	0.0001	89	0	0.4703093251949787
40	0.0001	89	66	0.11251072712045353
40	0.0001	89	29	0.11517822868742955
40	0.0001	89	23	0.11517822868742955
40	0.0001	89	74	0.11517822868742955
40	0.0001	89	11	0.03188554344078008
40	0.0001	89	4	0.03188554344078008
40	0.0001	89	94	0.03188554344078008
40	0.0001	89	5	0.03188554344078008
40	0.0001	89	20	0.03188554344078008
40	0.0001	89	44	0.03188554344078008
40	0.0001	89	9	0.03188554344078008
40	0.0001	89	3	0.03188554344078008
40	0.0001	89	98	0.03188554344078008
40	0.0001	89	10	0.022175548395356084
40	0.0001	89	90	0.018190350391208126
40	0.0001	89	69	0.014852178837432577
40	0.0001	89	18	0.014852178837432577
40	0.0001	89	61	0.004131044819118319
40	0.0001	89	38	0.004131044819118319
40	0.0001	90	0	0.4492846494825138
40	0.0001	90	66	0.1278758258792944
40	0.0001	90	29	0.1278758258792944
40	0.0001	90	23	0.1278758258792944
40	0.0001	90	74	0.1278758258792944
40	0.0001	90	11	0.02819552792741137
40	0.0001	90	4	0.02819552792741137
40	0.0001	90	94	0.02819552792741137
40	0.0001	90	5	0.02819552792741137
40	0.0001	90	20	0.02819552792741137
40	0.0001	90	44	0.02819552792741137
40	0.0001	90	9	0.02819552792741137
40	0.0001	90	3	0.02819552792741137
40	0.0001	90	98	0.02819552792741137
40	0.0001	90	10	0.02819552792741137
40	0.0001	90	90	0.017478862222196405
40	0.0001	90	61	0.008472077720021938
40	0.0001	90	18	0.012638470779978914
40	0.0001	90	69	0.012638470779978914
40	0.0001	90	7	0.001706224805790856
40	0.0001	91	0	0.4531527052952108
40	0.0001	91	66	0.1268151799975823
40	0.0001	91	29	0.1268151799975823
40	0.0001	91	23	0.1268151799975823
40	0.0001	91	74	0.1268151799975823
40	0.0001	91	11	0.02172644447812251
40	0.0001	91	4	0.02172644447812251
40	0.0001	91	94	0.02172644447812251
40	0.0001	91	20	0.02172644447812251
40	0.0001	91	5	0.02172644447812251
40	0.0001	91	44	0.02172644447812251
40	0.0001	91	98	0.02172644447812251
40	0.0001	91	3	0.02172644447812251
40	0.0001	91	10	0.02172644447812251
40	0.0001	91	9	0.02172644447812251
40	0.0001	91	90	0.017307368783351113
40	0.0001	91	69	0.012270184634993778
40	0.0001	91	18	0.012270184634993778
40	0.0001	91	61	0.002731977134995146
40	0.0001	91	99	0.0027923060379701306
40	0.0001	91	83	0.0027923060379701306
40	0.0001	92	0	0.4579966377393732
40	0.0001	92	66	0.10465211752180889
40	0.0001	92	29	0.11789303159251972
40	0.0001	92	23	0.11789303159251972
40	0.0001	92	74	0.11789303159251972
40	0.0001	92	20	0.024482551796095316
40	0.0001	92	11	0.02371263417253332
40	0.0001	92	4	0.02371263417253332
40	0.0001	92	98	0.024482551796095316
40	0.0001	92	44	0.024482551796095316
40	0.0001	92	94	0.024482551796095316
40	0.0001	92	5	0.02371263417253332
40	0.0001	92	90	0.015379302514338883
40	0.0001	92	9	0.02371263417253332
40	0.0001	92	10	0.02371263417253332
40	0.0001	92	3	0.02371263417253332
40	0.0001	92	60	0.005599334771451093
40	0.0001	92	18	0.00847502036174706
40	0.0001	92	69	0.00847502036174706
40	0.0001	92	7	0.00847502036174706
40	0.0001	92	38	0.00810285072225286
40	0.0001	93	0	0.44926409797972555
40	0.0001	93	66	0.12168918236861481
40	0.0001	93	29	0.12168918236861481
40	0.0001	93	23	0.12168918236861481
40	0.0001	93	74	0.12168918236861481
40	0.0001	93	11	0.03314828887943959
40	0.0001	93	4	0.03314828887943959
40	0.0001	93	20	0.03314828887943959
40	0.0001	93	98	0.03314828887943959
40	0.0001	93	44	0.03314828887943959
40	0.0001	93	94	0.03314828887943959
40	0.0001	93	5	0.03314828887943959
40	0.0001	93	9	0.03314828887943959
40	0.0001	93	3	0.03314828887943959
40	0.0001	93	10	0.03314828887943959
40	0.0001	93	90	0.010660876734957267
40	0.0001	93	69	0.010156250875904434
40	0.0001	93	18	0.010156250875904434
40	0.0001	93	7	0.004312033536167464
40	0.0001	93	38	0.004312033536167464
40	0.0001	94	0	0.44984808091625683
40	0.0001	94	66	0.11597727531926923
40	0.0001	94	29	0.11597727531926923
40	0.0001	94	23	0.11597727531926923
40	0.0001	94	74	0.11597727531926923
40	0.0001	94	20	0.034626250520905066
40	0.0001	94	4	0.034626250520905066
40	0.0001	94	11	0.034626250520905066
40	0.0001	94	44	0.034626250520905066
40	0.0001	94	98	0.034626250520905066
40	0.0001	94	94	0.034626250520905066
40	0.0001	94	5	0.034626250520905066
40	0.0001	94	9	0.034626250520905066
40	0.0001	94	3	0.034626250520905066
40	0.0001	94	10	0.034626250520905066
40	0.0001	94	69	0.009397542654329374
40	0.0001	94	60	0.009397542654329374
40	0.0001	94	61	0.009397542654329374
40	0.0001	94	90	0.009397542654329374
40	0.0001	94	18	0.009397542654329374
40	0.0001	95	0	0.4663265467789341
40	0.0001	95	66	0.11418690505529773
40	0.0001	95	29	0.1162587680691036
40	0.0001	95	23	0.1162587680691036
40	0.0001	95	74	0.1162587680691036
40	0.0001	95	11	0.030522762159468076
40	0.0001	95	4	0.030522762159468076
40	0.0001	95	94	0.030522762159468076
40	0.0001	95	20	0.030522762159468076
40	0.0001	95	44	0.030522762159468076
40	0.0001	95	5	0.030522762159468076
40	0.0001	95	98	0.030522762159468076
40	0.0001	95	9	0.030522762159468076
40	0.0001	95	3	0.02149426834296652
40	0.0001	95	90	0.02149426834296652
40	0.0001	95	10	0.02149426834296652
40	0.0001	95	18	0.02149426834296652
40	0.0001	95	69	0.02149426834296652
40	0.0001	95	38	0.00619689080065726
40	0.0001	95	60	0.0004988201757265976
40	0.0001	96	0	0.4639269916570104
40	0.0001	96	66	0.11076941995069169
40	0.0001	96	29	0.11404825818698389
40	0.0001	96	23	0.11404825818698389
40	0.0001	96	74	0.11404825818698389
40	0.0001	96	11	0.02980426198944572
40	0.0001	96	4	0.02980426198944572
40	0.0001	96	5	0.024268264070878915
40	0.0001	96	20	0.02980426198944572
40	0.0001	96	94	0.02980426198944572
40	0.0001	96	44	0.024268264070878915
40	0.0001	96	98	0.024268264070878915
40	0.0001	96	3	0.024268264070878915
40	0.0001	96	90	0.015793080545650803
40	0.0001	96	10	0.024268264070878915
40	0.0001	96	9	0.024268264070878915
40	0.0001	96	18	0.015793080545650803
40	0.0001	96	69	0.015793080545650803
40	0.0001	96	7	0.005944862035304903
40	0.0001	96	62	0.005944862035304903
40	0.0001	97	0	0.44463315808951215
40	0.0001	97	66	0.1279072797816677
40	0.0001	97	29	0.1279072797816677
40	0.0001	97	23	0.1279072797816677
40	0.0001	97	74	0.1279072797816677
40	0.0001	97	11	0.025112426587154645
40	0.0001	97	20	0.025112426587154645
40	0.0001	97	94	0.025112426587154645
40	0.0001	97	5	0.02270600565196905
40	0.0001	97	4	0.025112426587154645
40	0.0001	97	98	0.02270600565196905
40	0.0001	97	10	0.02270600565196905
40	0.0001	97	44	0.02270600565196905
40	0.0001	97	3	0.02270600565196905
40	0.0001	97	9	0.02270600565196905
40	0.0001	97	90	0.021722583486770978
40	0.0001	97	69	0.021363249258656212
40	0.0001	97	18	0.021363249258656212
40	0.0001	97	83	0.001653239822905624
40	0.0001	97	99	0.001653239822905624
40	0.0001	98	0	0.5214416039006696
40	0.0001	98	29	0.20220341946727752
40	0.0001	98	66	0.027099638821522935
40	0.0001	98	23	0.20220341946727752
40	0.0001	98	74	0.20220341946727752
40	0.0001	98	20	0.025174810734656473
40	0.0001	98	11	0.025174810734656473
40	0.0001	98	4	0.025174810734656473
40	0.0001	98	44	0.025174810734656473
40	0.0001	98	38	0.025174810734656473
40	0.0001	98	94	0.025174810734656473
40	0.0001	98	5	0.025174810734656473
40	0.0001	98	9	0.025174810734656473
40	0.0001	98	10	0.025174810734656473
40	0.0001	98	98	0.025174810734656473
40	0.0001	98	3	0.025174810734656473
40	0.0001	98	69	0.020033858292741777
40	0.0001	98	18	0.020033858292741777
40	0.0001	98	60	0.0019405437581537907
40	0.0001	98	99	0.0019405437581537907
40	0.0001	99	0	0.45064153983501776
40	0.0001	99	66	0.11257345594075034
40	0.0001	99	29	0.12948042292332476
40	0.0001	99	23	0.12948042292332476
40	0.0001	99	74	0.12948042292332476
40	0.0001	99	11	0.031507315810224944
40	0.0001	99	4	0.031507315810224944
40	0.0001	99	20	0.031507315810224944
40	0.0001	99	94	0.031507315810224944
40	0.0001	99	5	0.031507315810224944
40	0.0001	99	44	0.031507315810224944
40	0.0001	99	98	0.031507315810224944
40	0.0001	99	9	0.031507315810224944
40	0.0001	99	3	0.031507315810224944
40	0.0001	99	10	0.022097886262633187
40	0.0001	99	90	0.017204561070980055
40	0.0001	99	69	0.013821031960720055
40	0.0001	99	18	0.013821031960720055
40	0.0001	99	61	0.008239010387103106
40	0.0001	99	60	0.008239010387103106
40	0.0001	100	0	0.4528149948157238
40	0.0001	100	66	0.11331971647134194
40	0.0001	100	29	0.11331971647134194
40	0.0001	100	23	0.11331971647134194
40	0.0001	100	74	0.11331971647134194
40	0.0001	100	20	0.026994686264107313
40	0.0001	100	11	0.02202965485661076
40	0.0001	100	4	0.02202965485661076
40	0.0001	100	94	0.02202965485661076
40	0.0001	100	98	0.02202965485661076
40	0.0001	100	44	0.02202965485661076
40	0.0001	100	5	0.02202965485661076
40	0.0001	100	9	0.021286558176699572
40	0.0001	100	3	0.021286558176699572
40	0.0001	100	10	0.021286558176699572
40	0.0001	100	69	0.014326200010057863
40	0.0001	100	18	0.014326200010057863
40	0.0001	100	90	0.014326200010057863
40	0.0001	100	61	0.0032184791401848076
40	0.0001	100	7	0.0031327879080886027
40	0.0001	100	38	0.0031327879080886027
40	0.001	1	0	0.45698866688429496
40	0.001	1	66	0.10067834292924258
40	0.001	1	29	0.12017977662827393
40	0.001	1	23	0.12017977662827393
40	0.001	1	74	0.12017977662827393
40	0.001	1	11	0.02601128805755975
40	0.001	1	94	0.02867183462324357
40	0.001	1	20	0.02867183462324357
40	0.001	1	4	0.02601128805755975
40	0.001	1	5	0.02601128805755975
40	0.001	1	44	0.02601128805755975
40	0.001	1	98	0.02601128805755975
40	0.001	1	9	0.02601128805755975
40	0.001	1	3	0.02601128805755975
40	0.001	1	10	0.02601128805755975
40	0.001	1	90	0.01556848897462516
40	0.001	1	18	0.01556848897462516
40	0.001	1	69	0.01556848897462516
40	0.001	1	7	0.004026618073874943
40	0.001	1	38	0.004026618073874943
40	0.001	2	0	0.4893324933681727
40	0.001	2	66	0.125231713035855
40	0.001	2	29	0.125231713035855
40	0.001	2	23	0.125231713035855
40	0.001	2	74	0.125231713035855
40	0.001	2	11	0.03568443567896291
40	0.001	2	4	0.03568443567896291
40	0.001	2	20	0.03568443567896291
40	0.001	2	94	0.03568443567896291
40	0.001	2	5	0.03568443567896291
40	0.001	2	44	0.03568443567896291
40	0.001	2	9	0.03568443567896291
40	0.001	2	98	0.03568443567896291
40	0.001	2	3	0.03568443567896291
40	0.001	2	10	0.03568443567896291
40	0.001	2	69	0.01165536704038783
40	0.001	2	60	0.01165536704038783
40	0.001	2	90	0.011548140894854796
40	0.001	2	18	0.01165536704038783
40	0.001	2	72	0.002457087292849374
40	0.001	3	0	0.4501435078687342
40	0.001	3	66	0.10663092666119971
40	0.001	3	29	0.1281059581124209
40	0.001	3	23	0.1281059581124209
40	0.001	3	74	0.1281059581124209
40	0.001	3	11	0.027702729239345823
40	0.001	3	4	0.027702729239345823
40	0.001	3	20	0.027702729239345823
40	0.001	3	94	0.027702729239345823
40	0.001	3	44	0.027702729239345823
40	0.001	3	98	0.027702729239345823
40	0.001	3	10	0.027702729239345823
40	0.001	3	9	0.027702729239345823
40	0.001	3	5	0.027702729239345823
40	0.001	3	3	0.027702729239345823
40	0.001	3	90	0.027702729239345823
40	0.001	3	69	0.027702729239345823
40	0.001	3	18	0.027702729239345823
40	0.001	3	93	0.0016498873672334156
40	0.001	3	61	0.006272652117044224
40	0.001	3	60	0.006272652117044224
40	0.001	4	0	0.44939536529310947
40	0.001	4	66	0.0876813536921969
40	0.001	4	29	0.11852695063959211
40	0.001	4	74	0.11852695063959211
40	0.001	4	23	0.11852695063959211
40	0.001	4	11	0.03548240580242606
40	0.001	4	20	0.03200017316932256
40	0.001	4	94	0.03200017316932256
40	0.001	4	98	0.03200017316932256
40	0.001	4	90	0.03200017316932256
40	0.001	4	44	0.03200017316932256
40	0.001	4	5	0.03200017316932256
40	0.001	4	4	0.03200017316932256
40	0.001	4	61	0.0051591598406257174
40	0.001	4	10	0.03200017316932256
40	0.001	4	3	0.03200017316932256
40	0.001	4	9	0.03200017316932256
40	0.001	4	18	0.01630627429380314
40	0.001	4	69	0.01630627429380314
40	0.001	4	93	0.01630627429380314
40	0.001	4	7	0.01630627429380314
40	0.001	5	0	0.4906169792615074
40	0.001	5	66	0.03997170458433779
40	0.001	5	29	0.19438026901466327
40	0.001	5	23	0.19438026901466327
40	0.001	5	74	0.19438026901466327
40	0.001	5	11	0.02446911500325722
40	0.001	5	20	0.02446911500325722
40	0.001	5	94	0.02446911500325722
40	0.001	5	4	0.02446911500325722
40	0.001	5	5	0.02446911500325722
40	0.001	5	44	0.022032385015863007
40	0.001	5	9	0.022032385015863007
40	0.001	5	98	0.022032385015863007
40	0.001	5	3	0.022032385015863007
40	0.001	5	10	0.022032385015863007
40	0.001	5	90	0.022032385015863007
40	0.001	5	18	0.0054233797133946965
40	0.001	5	60	0.0054233797133946965
40	0.001	5	99	0.0054233797133946965
40	0.001	5	69	0.003910965017212653
40	0.001	6	0	0.4612811244738159
40	0.001	6	66	0.10355235236577838
40	0.001	6	29	0.13903640527192407
40	0.001	6	23	0.13903640527192407
40	0.001	6	74	0.13903640527192407
40	0.001	6	11	0.027400669700248022
40	0.001	6	20	0.027400669700248022
40	0.001	6	4	0.027400669700248022
40	0.001	6	94	0.027400669700248022
40	0.001	6	44	0.027400669700248022
40	0.001	6	10	0.025461594881071865
40	0.001	6	98	0.027400669700248022
40	0.001	6	9	0.027400669700248022
40	0.001	6	3	0.027400669700248022
40	0.001	6	5	0.027400669700248022
40	0.001	6	90	0.022119947167013147
40	0.001	6	69	0.014179148707905934
40	0.001	6	18	0.014179148707905934
40	0.001	6	38	0.0019067317869591479
40	0.001	6	62	0.0019067317869591479
40	0.001	7	0	0.45285435368641097
40	0.001	7	66	0.12160396435443593
40	0.001	7	29	0.12160396435443593
40	0.001	7	23	0.12160396435443593
40	0.001	7	74	0.12160396435443593
40	0.001	7	11	0.02479527849579382
40	0.001	7	4	0.02479527849579382
40	0.001	7	94	0.02479527849579382
40	0.001	7	20	0.02479527849579382
40	0.001	7	44	0.02479527849579382
40	0.001	7	5	0.02479527849579382
40	0.001	7	10	0.02479527849579382
40	0.001	7	98	0.02479527849579382
40	0.001	7	9	0.02479527849579382
40	0.001	7	3	0.02479527849579382
40	0.001	7	90	0.015210004934848137
40	0.001	7	69	0.015210004934848137
40	0.001	7	18	0.015210004934848137
40	0.001	7	7	0.00366358833302715
40	0.001	7	61	0.008073428597843647
40	0.001	7	60	0.008073428597843647
40	0.001	8	0	0.3606336935051659
40	0.001	8	29	0.111664720509987
40	0.001	8	66	0.111664720509987
40	0.001	8	23	0.111664720509987
40	0.001	8	74	0.111664720509987
40	0.001	8	11	0.02782258193609515
40	0.001	8	94	0.02782258193609515
40	0.001	8	20	0.02782258193609515
40	0.001	8	4	0.02782258193609515
40	0.001	8	98	0.02782258193609515
40	0.001	8	44	0.02782258193609515
40	0.001	8	5	0.02354057636594334
40	0.001	8	9	0.02354057636594334
40	0.001	8	3	0.02354057636594334
40	0.001	8	10	0.02354057636594334
40	0.001	8	61	0.01330625287179735
40	0.001	8	69	0.008859348547347904
40	0.001	8	18	0.008859348547347904
40	0.001	8	99	0.003819799192159073
40	0.001	8	76	0.003819799192159073
40	0.001	8	60	0.003819799192159073
40	0.001	8	87	0.00690404455936347
40	0.001	8	90	0.00690404455936347
40	0.001	9	0	0.4540190034460785
40	0.001	9	66	0.11160501821288485
40	0.001	9	29	0.11160501821288485
40	0.001	9	23	0.11160501821288485
40	0.001	9	74	0.11160501821288485
40	0.001	9	11	0.026479739726369956
40	0.001	9	4	0.026479739726369956
40	0.001	9	20	0.026479739726369956
40	0.001	9	5	0.026479739726369956
40	0.001	9	94	0.026479739726369956
40	0.001	9	44	0.026479739726369956
40	0.001	9	3	0.026479739726369956
40	0.001	9	98	0.026479739726369956
40	0.001	9	9	0.026479739726369956
40	0.001	9	10	0.026479739726369956
40	0.001	9	90	0.01808039749703094
40	0.001	9	69	0.01808039749703094
40	0.001	9	18	0.01808039749703094
40	0.001	9	38	0.005174816736826615
40	0.001	9	7	0.005174816736826615
40	0.001	10	0	0.453230568824332
40	0.001	10	66	0.12360816161981113
40	0.001	10	29	0.12360816161981113
40	0.001	10	23	0.12360816161981113
40	0.001	10	74	0.12360816161981113
40	0.001	10	11	0.03126931147860318
40	0.001	10	4	0.03126931147860318
40	0.001	10	5	0.03126931147860318
40	0.001	10	94	0.03126931147860318
40	0.001	10	9	0.03126931147860318
40	0.001	10	44	0.03126931147860318
40	0.001	10	20	0.03126931147860318
40	0.001	10	98	0.03126931147860318
40	0.001	10	3	0.03126931147860318
40	0.001	10	10	0.03126931147860318
40	0.001	10	90	0.01640267021233067
40	0.001	10	69	0.01640267021233067
40	0.001	10	18	0.01640267021233067
40	0.001	10	7	0.006130753650729186
40	0.001	10	60	0.001961356105313699
40	0.001	10	61	0.001961356105313699
40	0.001	11	0	0.44403236605620544
40	0.001	11	66	0.11333683971411744
40	0.001	11	29	0.12963446990235417
40	0.001	11	23	0.12963446990235417
40	0.001	11	74	0.12963446990235417
40	0.001	11	94	0.02898437985836038
40	0.001	11	4	0.02898437985836038
40	0.001	11	11	0.02898437985836038
40	0.001	11	5	0.02898437985836038
40	0.001	11	20	0.02898437985836038
40	0.001	11	44	0.02898437985836038
40	0.001	11	9	0.02898437985836038
40	0.001	11	3	0.02898437985836038
40	0.001	11	98	0.02898437985836038
40	0.001	11	10	0.02898437985836038
40	0.001	11	69	0.01664561600487953
40	0.001	11	18	0.008588430823503126
40	0.001	11	90	0.008588430823503126
40	0.001	11	62	0.0060847189526656445
40	0.001	11	60	0.0060847189526656445
40	0.001	12	0	0.45762069750573464
40	0.001	12	66	0.10838596798456196
40	0.001	12	29	0.11572294883696667
40	0.001	12	23	0.11572294883696667
40	0.001	12	74	0.11572294883696667
40	0.001	12	20	0.03409071649816648
40	0.001	12	11	0.03409071649816648
40	0.001	12	4	0.03409071649816648
40	0.001	12	98	0.03409071649816648
40	0.001	12	94	0.03409071649816648
40	0.001	12	44	0.03409071649816648
40	0.001	12	5	0.023739535880475556
40	0.001	12	9	0.023739535880475556
40	0.001	12	3	0.023739535880475556
40	0.001	12	10	0.023739535880475556
40	0.001	12	61	0.003525531192452545
40	0.001	12	69	0.01831715556418355
40	0.001	12	90	0.01831715556418355
40	0.001	12	18	0.01831715556418355
40	0.001	12	42	0.0011506948364372873
40	0.001	13	0	0.4534471122694802
40	0.001	13	29	0.11447366410395896
40	0.001	13	23	0.11447366410395896
40	0.001	13	74	0.11447366410395896
40	0.001	13	66	0.11447366410395896
40	0.001	13	20	0.03821505784502687
40	0.001	13	98	0.029236329595934595
40	0.001	13	11	0.029198618126994556
40	0.001	13	4	0.029198618126994556
40	0.001	13	5	0.029198618126994556
40	0.001	13	10	0.026055545756077835
40	0.001	13	60	0.026055545756077835
40	0.001	13	9	0.026055545756077835
40	0.001	13	18	0.026055545756077835
40	0.001	13	3	0.026055545756077835
40	0.001	13	69	0.026055545756077835
40	0.001	13	76	0.026055545756077835
40	0.001	13	61	0.026055545756077835
40	0.001	13	7	0.013301322675159544
40	0.001	13	77	0.008649417952584292
40	0.001	14	0	0.36690184330263925
40	0.001	14	29	0.1263465315500895
40	0.001	14	66	0.1263465315500895
40	0.001	14	23	0.1263465315500895
40	0.001	14	74	0.1263465315500895
40	0.001	14	20	0.027045024076806156
40	0.001	14	4	0.027045024076806156
40	0.001	14	11	0.027045024076806156
40	0.001	14	94	0.027045024076806156
40	0.001	14	5	0.027045024076806156
40	0.001	14	44	0.027045024076806156
40	0.001	14	98	0.027045024076806156
40	0.001	14	10	0.027045024076806156
40	0.001	14	3	0.027045024076806156
40	0.001	14	9	0.027045024076806156
40	0.001	14	90	0.021579329444714093
40	0.001	14	18	0.021579329444714093
40	0.001	14	69	0.021579329444714093
40	0.001	14	60	0.007260093388237449
40	0.001	14	61	0.007260093388237449
40	0.001	15	0	0.45134718007313746
40	0.001	15	66	0.12092302026019369
40	0.001	15	29	0.12092302026019369
40	0.001	15	23	0.12092302026019369
40	0.001	15	74	0.12092302026019369
40	0.001	15	11	0.03116791350789761
40	0.001	15	94	0.03116791350789761
40	0.001	15	20	0.03116791350789761
40	0.001	15	4	0.03116791350789761
40	0.001	15	44	0.03116791350789761
40	0.001	15	98	0.03116791350789761
40	0.001	15	3	0.03116791350789761
40	0.001	15	9	0.03116791350789761
40	0.001	15	5	0.03116791350789761
40	0.001	15	10	0.015917486037301566
40	0.001	15	69	0.014198725255243416
40	0.001	15	90	0.014198725255243416
40	0.001	15	18	0.012903138157171694
40	0.001	15	60	0.00760618086583766
40	0.001	15	83	0.005302261034271869
40	0.001	16	0	0.4568816658264217
40	0.001	16	66	0.1137342145230119
40	0.001	16	29	0.11601788653607775
40	0.001	16	23	0.11601788653607775
40	0.001	16	74	0.11601788653607775
40	0.001	16	11	0.034612539056240045
40	0.001	16	4	0.034612539056240045
40	0.001	16	5	0.034612539056240045
40	0.001	16	20	0.034612539056240045
40	0.001	16	94	0.034612539056240045
40	0.001	16	44	0.034612539056240045
40	0.001	16	98	0.034612539056240045
40	0.001	16	9	0.034612539056240045
40	0.001	16	3	0.02484674684376773
40	0.001	16	10	0.02484674684376773
40	0.001	16	61	0.006203600307528231
40	0.001	16	90	0.016481703507272828
40	0.001	16	18	0.016481703507272828
40	0.001	16	69	0.016481703507272828
40	0.001	16	60	0.006203600307528231
40	0.001	17	0	0.45798523886280296
40	0.001	17	66	0.1110942772797369
40	0.001	17	29	0.11201875300991114
40	0.001	17	23	0.11201875300991114
40	0.001	17	74	0.11201875300991114
40	0.001	17	20	0.030944640158836377
40	0.001	17	11	0.026413990948405908
40	0.001	17	4	0.026413990948405908
40	0.001	17	94	0.026413990948405908
40	0.001	17	5	0.022099761165401487
40	0.001	17	98	0.026413990948405908
40	0.001	17	44	0.026413990948405908
40	0.001	17	9	0.02057007378922054
40	0.001	17	3	0.02057007378922054
40	0.001	17	10	0.02057007378922054
40	0.001	17	61	0.003584632120036471
40	0.001	17	18	0.01223104318621759
40	0.001	17	69	0.01223104318621759
40	0.001	17	90	0.01223104318621759
40	0.001	17	38	0.003696455714721309
40	0.001	18	0	0.45294576678732607
40	0.001	18	66	0.10721637625246087
40	0.001	18	29	0.11687262281309613
40	0.001	18	23	0.11687262281309613
40	0.001	18	74	0.11687262281309613
40	0.001	18	20	0.02386791036735928
40	0.001	18	11	0.02386791036735928
40	0.001	18	4	0.02386791036735928
40	0.001	18	94	0.02386791036735928
40	0.001	18	5	0.02386791036735928
40	0.001	18	98	0.02386791036735928
40	0.001	18	44	0.02386791036735928
40	0.001	18	9	0.02386791036735928
40	0.001	18	3	0.02386791036735928
40	0.001	18	10	0.02199596744925984
40	0.001	18	60	0.0038332597817768315
40	0.001	18	61	0.0015213669186085897
40	0.001	18	18	0.017185900915041352
40	0.001	18	90	0.017185900915041352
40	0.001	18	69	0.017185900915041352
40	0.001	18	7	0.00362850980243063
40	0.001	19	0	0.46317236161649517
40	0.001	19	66	0.10763341844884039
40	0.001	19	29	0.11334890827009522
40	0.001	19	23	0.11334890827009522
40	0.001	19	74	0.11334890827009522
40	0.001	19	11	0.026845695961038606
40	0.001	19	4	0.026845695961038606
40	0.001	19	20	0.026845695961038606
40	0.001	19	5	0.026845695961038606
40	0.001	19	94	0.026845695961038606
40	0.001	19	44	0.026845695961038606
40	0.001	19	98	0.026845695961038606
40	0.001	19	10	0.021912494115572053
40	0.001	19	3	0.026845695961038606
40	0.001	19	9	0.026845695961038606
40	0.001	19	90	0.01671800030905811
40	0.001	19	60	0.0056281608897721285
40	0.001	19	18	0.015364293390906525
40	0.001	19	69	0.015364293390906525
40	0.001	19	99	0.003042732245641211
40	0.001	20	0	0.4536418771303382
40	0.001	20	66	0.1228960232428607
40	0.001	20	29	0.1228960232428607
40	0.001	20	23	0.1228960232428607
40	0.001	20	74	0.1228960232428607
40	0.001	20	94	0.023984655986302717
40	0.001	20	20	0.023984655986302717
40	0.001	20	44	0.023984655986302717
40	0.001	20	11	0.023984655986302717
40	0.001	20	4	0.023984655986302717
40	0.001	20	5	0.023984655986302717
40	0.001	20	98	0.023984655986302717
40	0.001	20	3	0.023984655986302717
40	0.001	20	9	0.023984655986302717
40	0.001	20	90	0.023984655986302717
40	0.001	20	10	0.023984655986302717
40	0.001	20	69	0.023558058471904824
40	0.001	20	18	0.023558058471904824
40	0.001	20	87	0.001512462978231917
40	0.001	20	60	0.0005351719668860983
40	0.001	21	0	0.47341828381308054
40	0.001	21	66	0.12258867068538046
40	0.001	21	29	0.13318113596387535
40	0.001	21	23	0.13318113596387535
40	0.001	21	74	0.13318113596387535
40	0.001	21	11	0.021235341282604382
40	0.001	21	4	0.021235341282604382
40	0.001	21	5	0.020684162755672673
40	0.001	21	44	0.020684162755672673
40	0.001	21	20	0.020684162755672673
40	0.001	21	98	0.01873391418517927
40	0.001	21	3	0.01873391418517927
40	0.001	21	9	0.01873391418517927
40	0.001	21	10	0.01873391418517927
40	0.001	21	94	0.01873391418517927
40	0.001	21	90	0.018506648669059305
40	0.001	21	18	0.018506648669059305
40	0.001	21	69	0.018506648669059305
40	0.001	21	60	0.004708002549821412
40	0.001	21	61	0.004708002549821412
40	0.001	22	0	0.45027616240400825
40	0.001	22	66	0.13243931642793771
40	0.001	22	29	0.13243931642793771
40	0.001	22	23	0.13243931642793771
40	0.001	22	74	0.13243931642793771
40	0.001	22	11	0.027918140958808634
40	0.001	22	4	0.027918140958808634
40	0.001	22	94	0.027918140958808634
40	0.001	22	20	0.027918140958808634
40	0.001	22	5	0.027918140958808634
40	0.001	22	44	0.027918140958808634
40	0.001	22	9	0.027918140958808634
40	0.001	22	98	0.027918140958808634
40	0.001	22	3	0.027918140958808634
40	0.001	22	10	0.027918140958808634
40	0.001	22	90	0.027559454015962024
40	0.001	22	69	0.014153060146904005
40	0.001	22	18	0.014153060146904005
40	0.001	22	61	0.004400674471821429
40	0.001	22	7	0.004400674471821429
40	0.001	23	0	0.4524116188003129
40	0.001	23	66	0.12854587366548859
40	0.001	23	29	0.12854587366548859
40	0.001	23	23	0.12854587366548859
40	0.001	23	74	0.12854587366548859
40	0.001	23	11	0.025595835389176976
40	0.001	23	4	0.025595835389176976
40	0.001	23	20	0.025595835389176976
40	0.001	23	5	0.025595835389176976
40	0.001	23	44	0.025595835389176976
40	0.001	23	94	0.025595835389176976
40	0.001	23	10	0.024570899622378215
40	0.001	23	98	0.025595835389176976
40	0.001	23	3	0.025595835389176976
40	0.001	23	9	0.025595835389176976
40	0.001	23	90	0.011979177530346675
40	0.001	23	18	0.011979177530346675
40	0.001	23	69	0.011979177530346675
40	0.001	23	62	0.0058679794467910665
40	0.001	23	61	0.005713266747216233
40	0.001	24	0	0.45149090487053317
40	0.001	24	66	0.12989838091267925
40	0.001	24	29	0.12989838091267925
40	0.001	24	23	0.12989838091267925
40	0.001	24	74	0.12989838091267925
40	0.001	24	20	0.023247051724744748
40	0.001	24	4	0.023247051724744748
40	0.001	24	11	0.023247051724744748
40	0.001	24	5	0.023247051724744748
40	0.001	24	44	0.023247051724744748
40	0.001	24	98	0.023247051724744748
40	0.001	24	3	0.023247051724744748
40	0.001	24	9	0.023247051724744748
40	0.001	24	10	0.023247051724744748
40	0.001	24	90	0.023247051724744748
40	0.001	24	70	0.012527532711998388
40	0.001	24	69	0.012527532711998388
40	0.001	24	18	0.012527532711998388
40	0.001	24	62	0.0027449786452220125
40	0.001	24	72	0.0021604303032750375
40	0.001	25	0	0.4548999998688887
40	0.001	25	66	0.10816175011017101
40	0.001	25	29	0.11201900566042695
40	0.001	25	23	0.11201900566042695
40	0.001	25	74	0.11201900566042695
40	0.001	25	11	0.042113085163599046
40	0.001	25	4	0.03251808940175688
40	0.001	25	94	0.035009903947457684
40	0.001	25	20	0.035009903947457684
40	0.001	25	98	0.021857023380215
40	0.001	25	5	0.03251808940175688
40	0.001	25	3	0.01700225772774967
40	0.001	25	69	0.01700225772774967
40	0.001	25	62	0.01700225772774967
40	0.001	25	42	0.016865042508181737
40	0.001	25	60	0.007630527400991478
40	0.001	25	76	0.006066074632123294
40	0.001	25	99	0.004434989351428474
40	0.001	25	7	0.0012126099991640832
40	0.001	25	45	0.004029125645881762
40	0.001	25	61	0.004029125645881762
40	0.001	26	0	0.47096014822574217
40	0.001	26	66	0.14098084093231247
40	0.001	26	29	0.14098084093231247
40	0.001	26	74	0.14098084093231247
40	0.001	26	23	0.14098084093231247
40	0.001	26	94	0.029143918666834485
40	0.001	26	20	0.029143918666834485
40	0.001	26	5	0.029143918666834485
40	0.001	26	4	0.029143918666834485
40	0.001	26	11	0.029143918666834485
40	0.001	26	44	0.029143918666834485
40	0.001	26	9	0.029143918666834485
40	0.001	26	98	0.029143918666834485
40	0.001	26	10	0.014834428118743375
40	0.001	26	69	0.010367587624387723
40	0.001	26	90	0.010367587624387723
40	0.001	26	62	0.010367587624387723
40	0.001	26	3	0.010367587624387723
40	0.001	26	61	0.00642354629056161
40	0.001	26	18	0.004819963934481107
40	0.001	27	0	0.4532229797903419
40	0.001	27	66	0.11965113854731546
40	0.001	27	29	0.11965113854731546
40	0.001	27	23	0.11965113854731546
40	0.001	27	74	0.11965113854731546
40	0.001	27	11	0.02412587596743413
40	0.001	27	20	0.02412587596743413
40	0.001	27	94	0.02412587596743413
40	0.001	27	4	0.02412587596743413
40	0.001	27	5	0.022317473291742263
40	0.001	27	98	0.02412587596743413
40	0.001	27	44	0.02412587596743413
40	0.001	27	10	0.021127862909951244
40	0.001	27	3	0.021127862909951244
40	0.001	27	9	0.021127862909951244
40	0.001	27	61	0.011498683824170729
40	0.001	27	69	0.010972978783332104
40	0.001	27	18	0.010972978783332104
40	0.001	27	90	0.010972978783332104
40	0.001	27	83	0.002795139994802098
40	0.001	28	0	0.45236201628795625
40	0.001	28	66	0.12098538950763907
40	0.001	28	29	0.12098538950763907
40	0.001	28	23	0.12098538950763907
40	0.001	28	74	0.12098538950763907
40	0.001	28	11	0.02623523436464492
40	0.001	28	4	0.02623523436464492
40	0.001	28	20	0.02623523436464492
40	0.001	28	94	0.02623523436464492
40	0.001	28	44	0.02623523436464492
40	0.001	28	5	0.02623523436464492
40	0.001	28	9	0.02623523436464492
40	0.001	28	98	0.02623523436464492
40	0.001	28	3	0.02511511935204981
40	0.001	28	10	0.02511511935204981
40	0.001	28	90	0.019585224786965342
40	0.001	28	83	0.0012448596608416339
40	0.001	28	18	0.019585224786965342
40	0.001	28	69	0.019585224786965342
40	0.001	28	7	0.0028038756948105038
40	0.001	28	42	0.0028038756948105038
40	0.001	29	0	0.48890516874765344
40	0.001	29	66	0.11529609119542039
40	0.001	29	29	0.11878125224881264
40	0.001	29	23	0.11878125224881264
40	0.001	29	74	0.11878125224881264
40	0.001	29	20	0.031476654304090655
40	0.001	29	11	0.031476654304090655
40	0.001	29	4	0.031476654304090655
40	0.001	29	94	0.031476654304090655
40	0.001	29	5	0.031476654304090655
40	0.001	29	98	0.031476654304090655
40	0.001	29	44	0.031476654304090655
40	0.001	29	9	0.031476654304090655
40	0.001	29	3	0.031476654304090655
40	0.001	29	10	0.025098056463376497
40	0.001	29	61	0.009354098762272086
40	0.001	29	60	0.009354098762272086
40	0.001	29	18	0.013417328111211487
40	0.001	29	90	0.013417328111211487
40	0.001	29	69	0.013417328111211487
40	0.001	30	0	0.4553209962414003
40	0.001	30	66	0.11769039853051617
40	0.001	30	29	0.11769039853051617
40	0.001	30	23	0.11769039853051617
40	0.001	30	74	0.11769039853051617
40	0.001	30	11	0.032089327554096145
40	0.001	30	4	0.032089327554096145
40	0.001	30	5	0.032089327554096145
40	0.001	30	20	0.032089327554096145
40	0.001	30	94	0.032089327554096145
40	0.001	30	44	0.032089327554096145
40	0.001	30	98	0.032089327554096145
40	0.001	30	9	0.032089327554096145
40	0.001	30	10	0.032089327554096145
40	0.001	30	3	0.032089327554096145
40	0.001	30	90	0.015050530472803263
40	0.001	30	7	0.00638550787830989
40	0.001	30	18	0.015050530472803263
40	0.001	30	69	0.015050530472803263
40	0.001	30	38	0.00638550787830989
40	0.001	31	0	0.44900067638146113
40	0.001	31	66	0.12167124317017154
40	0.001	31	29	0.12167124317017154
40	0.001	31	23	0.12167124317017154
40	0.001	31	74	0.12167124317017154
40	0.001	31	20	0.026170749678416014
40	0.001	31	4	0.026170749678416014
40	0.001	31	11	0.026170749678416014
40	0.001	31	94	0.026170749678416014
40	0.001	31	5	0.026170749678416014
40	0.001	31	44	0.026170749678416014
40	0.001	31	98	0.026170749678416014
40	0.001	31	3	0.026170749678416014
40	0.001	31	9	0.026170749678416014
40	0.001	31	10	0.026170749678416014
40	0.001	31	61	0.007158752046665161
40	0.001	31	90	0.009084839479134327
40	0.001	31	18	0.009084839479134327
40	0.001	31	69	0.009084839479134327
40	0.001	31	7	0.004286578319311179
40	0.001	32	0	0.36547390205185715
40	0.001	32	29	0.12399905987679911
40	0.001	32	66	0.12399905987679911
40	0.001	32	23	0.12399905987679911
40	0.001	32	74	0.12399905987679911
40	0.001	32	94	0.030787433508483068
40	0.001	32	11	0.030787433508483068
40	0.001	32	4	0.030787433508483068
40	0.001	32	44	0.030787433508483068
40	0.001	32	90	0.030787433508483068
40	0.001	32	98	0.030787433508483068
40	0.001	32	20	0.030787433508483068
40	0.001	32	5	0.030787433508483068
40	0.001	32	69	0.011760344620011428
40	0.001	32	10	0.030787433508483068
40	0.001	32	9	0.030787433508483068
40	0.001	32	3	0.030787433508483068
40	0.001	32	18	0.011760344620011428
40	0.001	32	99	0.0036557198870827852
40	0.001	32	7	0.003646473922990011
40	0.001	32	61	0.003646473922990011
40	0.001	33	0	0.45279203780898036
40	0.001	33	66	0.10556714343248069
40	0.001	33	29	0.12123166231900347
40	0.001	33	23	0.12123166231900347
40	0.001	33	74	0.12123166231900347
40	0.001	33	20	0.032248322664825156
40	0.001	33	11	0.0216490459122515
40	0.001	33	98	0.0216490459122515
40	0.001	33	94	0.0216490459122515
40	0.001	33	44	0.0216490459122515
40	0.001	33	4	0.0216490459122515
40	0.001	33	5	0.0216490459122515
40	0.001	33	9	0.019921653467478793
40	0.001	33	3	0.019921653467478793
40	0.001	33	10	0.019921653467478793
40	0.001	33	61	0.011201250415275386
40	0.001	33	60	0.011201250415275386
40	0.001	33	18	0.011201250415275386
40	0.001	33	90	0.011201250415275386
40	0.001	33	69	0.011201250415275386
40	0.001	34	0	0.44873419882925175
40	0.001	34	66	0.12545042668690454
40	0.001	34	29	0.12545042668690454
40	0.001	34	23	0.12545042668690454
40	0.001	34	74	0.12545042668690454
40	0.001	34	94	0.03166505378992551
40	0.001	34	20	0.022364186762803894
40	0.001	34	4	0.03166505378992551
40	0.001	34	11	0.03166505378992551
40	0.001	34	44	0.022364186762803894
40	0.001	34	3	0.022364186762803894
40	0.001	34	9	0.022364186762803894
40	0.001	34	10	0.022364186762803894
40	0.001	34	98	0.022364186762803894
40	0.001	34	5	0.022364186762803894
40	0.001	34	90	0.01731236909499147
40	0.001	34	60	0.00824487198166394
40	0.001	34	18	0.01731236909499147
40	0.001	34	69	0.01731236909499147
40	0.001	34	76	0.005300319481773185
40	0.001	35	0	0.4604688101631366
40	0.001	35	66	0.129769371248473
40	0.001	35	29	0.129769371248473
40	0.001	35	23	0.129769371248473
40	0.001	35	74	0.129769371248473
40	0.001	35	11	0.02554801065665781
40	0.001	35	4	0.02554801065665781
40	0.001	35	94	0.02554801065665781
40	0.001	35	20	0.02554801065665781
40	0.001	35	5	0.02554801065665781
40	0.001	35	9	0.02554801065665781
40	0.001	35	44	0.02554801065665781
40	0.001	35	98	0.02554801065665781
40	0.001	35	3	0.024978137167249122
40	0.001	35	10	0.024978137167249122
40	0.001	35	90	0.024978137167249122
40	0.001	35	69	0.015470612654904223
40	0.001	35	18	0.015470612654904223
40	0.001	35	60	0.0017777281036577693
40	0.001	35	42	0.0010523120712468159
40	0.001	36	0	0.4529303578285049
40	0.001	36	66	0.10767025911449017
40	0.001	36	29	0.11139624707417882
40	0.001	36	23	0.11139624707417882
40	0.001	36	74	0.11139624707417882
40	0.001	36	20	0.025820449725174152
40	0.001	36	94	0.025820449725174152
40	0.001	36	4	0.025820449725174152
40	0.001	36	11	0.025820449725174152
40	0.001	36	98	0.023869034036010265
40	0.001	36	5	0.023869034036010265
40	0.001	36	44	0.023869034036010265
40	0.001	36	3	0.023869034036010265
40	0.001	36	9	0.023869034036010265
40	0.001	36	10	0.023869034036010265
40	0.001	36	61	0.008692990723480995
40	0.001	36	60	0.008692990723480995
40	0.001	36	90	0.01063439962700529
40	0.001	36	18	0.01063439962700529
40	0.001	36	69	0.01063439962700529
40	0.001	37	0	0.45249833362681396
40	0.001	37	66	0.11468184330834995
40	0.001	37	29	0.11468184330834995
40	0.001	37	23	0.11468184330834995
40	0.001	37	74	0.11468184330834995
40	0.001	37	20	0.027107896819927573
40	0.001	37	94	0.027107896819927573
40	0.001	37	4	0.027107896819927573
40	0.001	37	11	0.027107896819927573
40	0.001	37	44	0.027107896819927573
40	0.001	37	98	0.027107896819927573
40	0.001	37	5	0.027107896819927573
40	0.001	37	61	0.008637824942674389
40	0.001	37	9	0.016492043613952487
40	0.001	37	3	0.016492043613952487
40	0.001	37	10	0.016492043613952487
40	0.001	37	60	0.008637824942674389
40	0.001	37	18	0.008637824942674389
40	0.001	37	69	0.008637824942674389
40	0.001	37	90	0.008637824942674389
40	0.001	38	0	0.48297731783008185
40	0.001	38	66	0.125520599551357
40	0.001	38	29	0.125520599551357
40	0.001	38	23	0.125520599551357
40	0.001	38	74	0.125520599551357
40	0.001	38	11	0.02528242918843287
40	0.001	38	20	0.02528242918843287
40	0.001	38	94	0.02528242918843287
40	0.001	38	44	0.02528242918843287
40	0.001	38	4	0.02528242918843287
40	0.001	38	5	0.02528242918843287
40	0.001	38	3	0.02528242918843287
40	0.001	38	98	0.02528242918843287
40	0.001	38	9	0.02528242918843287
40	0.001	38	10	0.02528242918843287
40	0.001	38	90	0.01077481451367164
40	0.001	38	61	0.006873942831678437
40	0.001	38	18	0.007824964907136732
40	0.001	38	69	0.007824964907136732
40	0.001	38	62	0.0052707588777698615
40	0.001	39	0	0.4821676670122415
40	0.001	39	66	0.12344961863838334
40	0.001	39	29	0.12344961863838334
40	0.001	39	23	0.12344961863838334
40	0.001	39	74	0.12344961863838334
40	0.001	39	11	0.026569664545490923
40	0.001	39	4	0.026569664545490923
40	0.001	39	5	0.026569664545490923
40	0.001	39	98	0.026569664545490923
40	0.001	39	44	0.026569664545490923
40	0.001	39	20	0.026569664545490923
40	0.001	39	94	0.026569664545490923
40	0.001	39	90	0.021646408067703363
40	0.001	39	9	0.021646408067703363
40	0.001	39	3	0.021646408067703363
40	0.001	39	10	0.021646408067703363
40	0.001	39	18	0.021646408067703363
40	0.001	39	69	0.021646408067703363
40	0.001	39	61	0.00418656634866052
40	0.001	39	38	0.0018145772291661148
40	0.001	40	0	0.4549442224341998
40	0.001	40	66	0.10238176170087335
40	0.001	40	29	0.12194259620346838
40	0.001	40	23	0.12194259620346838
40	0.001	40	74	0.12194259620346838
40	0.001	40	20	0.028644088684704333
40	0.001	40	11	0.027042023570619845
40	0.001	40	4	0.027042023570619845
40	0.001	40	94	0.027042023570619845
40	0.001	40	98	0.027042023570619845
40	0.001	40	5	0.027042023570619845
40	0.001	40	44	0.027042023570619845
40	0.001	40	9	0.027042023570619845
40	0.001	40	3	0.027042023570619845
40	0.001	40	10	0.027042023570619845
40	0.001	40	61	0.014623433482717278
40	0.001	40	60	0.014623433482717278
40	0.001	40	69	0.013854688946393048
40	0.001	40	90	0.013854688946393048
40	0.001	40	18	0.013854688946393048
40	0.001	41	0	0.4592132035334687
40	0.001	41	66	0.10856579355849683
40	0.001	41	29	0.1092302785820577
40	0.001	41	23	0.1092302785820577
40	0.001	41	74	0.1092302785820577
40	0.001	41	11	0.04660797596314483
40	0.001	41	94	0.04660797596314483
40	0.001	41	20	0.04660797596314483
40	0.001	41	5	0.04660797596314483
40	0.001	41	4	0.04660797596314483
40	0.001	41	44	0.04660797596314483
40	0.001	41	98	0.04660797596314483
40	0.001	41	9	0.04660797596314483
40	0.001	41	3	0.04660797596314483
40	0.001	41	10	0.04660797596314483
40	0.001	41	61	0.0031657819557498862
40	0.001	41	83	0.0031657819557498862
40	0.001	41	38	0.0018969489696101475
40	0.001	41	7	0.0018969489696101475
40	0.001	41	18	0.0013007340078023942
40	0.001	41	69	0.0013007340078023942
40	0.001	42	0	0.4594190571215611
40	0.001	42	66	0.10843082807708176
40	0.001	42	29	0.11609558365216897
40	0.001	42	23	0.11609558365216897
40	0.001	42	74	0.11609558365216897
40	0.001	42	11	0.023571893318530185
40	0.001	42	4	0.023571893318530185
40	0.001	42	5	0.023571893318530185
40	0.001	42	94	0.023571893318530185
40	0.001	42	20	0.023571893318530185
40	0.001	42	44	0.023571893318530185
40	0.001	42	98	0.023571893318530185
40	0.001	42	90	0.01757626349205462
40	0.001	42	61	0.010545052125204206
40	0.001	42	10	0.01757626349205462
40	0.001	42	3	0.01757626349205462
40	0.001	42	9	0.01757626349205462
40	0.001	42	69	0.012325754957671506
40	0.001	42	18	0.012325754957671506
40	0.001	42	38	0.004751901547881445
40	0.001	42	7	0.004751901547881445
40	0.001	43	0	0.45525459491951437
40	0.001	43	66	0.12411120253123265
40	0.001	43	29	0.12411120253123265
40	0.001	43	23	0.12411120253123265
40	0.001	43	74	0.12411120253123265
40	0.001	43	11	0.023065940012870524
40	0.001	43	94	0.023065940012870524
40	0.001	43	20	0.023065940012870524
40	0.001	43	44	0.023065940012870524
40	0.001	43	5	0.023065940012870524
40	0.001	43	4	0.023065940012870524
40	0.001	43	9	0.023065940012870524
40	0.001	43	98	0.023065940012870524
40	0.001	43	10	0.023065940012870524
40	0.001	43	3	0.023065940012870524
40	0.001	43	90	0.017094204823379647
40	0.001	43	69	0.017094204823379647
40	0.001	43	18	0.017094204823379647
40	0.001	43	7	0.005582979662160413
40	0.001	43	60	0.006021501129823615
40	0.001	43	61	0.006021501129823615
40	0.001	44	0	0.4709877075829761
40	0.001	44	66	0.10045422166395905
40	0.001	44	29	0.11693683370475429
40	0.001	44	23	0.11693683370475429
40	0.001	44	74	0.11693683370475429
40	0.001	44	11	0.02901043150096393
40	0.001	44	4	0.02901043150096393
40	0.001	44	98	0.025577394156855702
40	0.001	44	94	0.027079083948903297
40	0.001	44	20	0.027079083948903297
40	0.001	44	5	0.025577394156855702
40	0.001	44	44	0.025577394156855702
40	0.001	44	3	0.025577394156855702
40	0.001	44	9	0.025577394156855702
40	0.001	44	10	0.025577394156855702
40	0.001	44	69	0.011663681664440638
40	0.001	44	60	0.007466433438894187
40	0.001	44	61	0.007466433438894187
40	0.001	44	90	0.011663681664440638
40	0.001	44	18	0.011663681664440638
40	0.001	45	0	0.42158542991895165
40	0.001	45	66	0.1338874234854113
40	0.001	45	29	0.1338874234854113
40	0.001	45	23	0.1338874234854113
40	0.001	45	74	0.1338874234854113
40	0.001	45	11	0.030165445495968307
40	0.001	45	94	0.030165445495968307
40	0.001	45	4	0.030165445495968307
40	0.001	45	5	0.030165445495968307
40	0.001	45	20	0.030165445495968307
40	0.001	45	44	0.030165445495968307
40	0.001	45	9	0.030165445495968307
40	0.001	45	3	0.030165445495968307
40	0.001	45	10	0.030165445495968307
40	0.001	45	98	0.030165445495968307
40	0.001	45	90	0.010709493453284992
40	0.001	45	69	0.007488199573863221
40	0.001	45	18	0.007488199573863221
40	0.001	45	60	0.0016121815720688691
40	0.001	45	83	0.0055429786647725335
40	0.001	45	76	0.0055429786647725335
40	0.001	46	0	0.44966345400753543
40	0.001	46	66	0.12989700360561024
40	0.001	46	29	0.12989700360561024
40	0.001	46	23	0.12989700360561024
40	0.001	46	74	0.12989700360561024
40	0.001	46	11	0.021286044384276365
40	0.001	46	4	0.021286044384276365
40	0.001	46	20	0.021286044384276365
40	0.001	46	94	0.021286044384276365
40	0.001	46	5	0.021286044384276365
40	0.001	46	44	0.021286044384276365
40	0.001	46	9	0.021286044384276365
40	0.001	46	98	0.021286044384276365
40	0.001	46	10	0.0185101956824603
40	0.001	46	3	0.01715098516335849
40	0.001	46	90	0.01715098516335849
40	0.001	46	61	0.011456861374812699
40	0.001	46	18	0.012429568641150556
40	0.001	46	69	0.012429568641150556
40	0.001	46	60	0.001797920247675597
40	0.001	47	0	0.4543324803026428
40	0.001	47	66	0.11361727894436105
40	0.001	47	29	0.11808753711612086
40	0.001	47	23	0.11808753711612086
40	0.001	47	74	0.11808753711612086
40	0.001	47	20	0.022351315404984813
40	0.001	47	94	0.022351315404984813
40	0.001	47	4	0.022351315404984813
40	0.001	47	11	0.022351315404984813
40	0.001	47	5	0.022351315404984813
40	0.001	47	98	0.022351315404984813
40	0.001	47	44	0.022351315404984813
40	0.001	47	9	0.021435276194502986
40	0.001	47	3	0.021435276194502986
40	0.001	47	10	0.021435276194502986
40	0.001	47	90	0.01301657143535978
40	0.001	47	18	0.01301657143535978
40	0.001	47	69	0.01301657143535978
40	0.001	47	61	0.004461088132924475
40	0.001	47	62	0.003559009839197696
40	0.001	47	38	0.003559009839197696
40	0.001	48	0	0.45227060893879995
40	0.001	48	66	0.10769354295616569
40	0.001	48	29	0.10769354295616569
40	0.001	48	74	0.10769354295616569
40	0.001	48	23	0.10769354295616569
40	0.001	48	94	0.03900126070995502
40	0.001	48	11	0.03900126070995502
40	0.001	48	4	0.03900126070995502
40	0.001	48	44	0.03900126070995502
40	0.001	48	20	0.03900126070995502
40	0.001	48	3	0.022265837904367477
40	0.001	48	9	0.023437809772057738
40	0.001	48	5	0.023437809772057738
40	0.001	48	90	0.019018610436487154
40	0.001	48	69	0.019018610436487154
40	0.001	48	98	0.022265837904367477
40	0.001	48	10	0.022265837904367477
40	0.001	48	60	0.019018610436487154
40	0.001	48	61	0.003461543180989032
40	0.001	48	7	0.019018610436487154
40	0.001	48	87	0.019018610436487154
40	0.001	49	0	0.4321179556248835
40	0.001	49	66	0.12848828548656446
40	0.001	49	29	0.12848828548656446
40	0.001	49	23	0.12848828548656446
40	0.001	49	74	0.12848828548656446
40	0.001	49	11	0.03479429089263695
40	0.001	49	4	0.03479429089263695
40	0.001	49	94	0.03479429089263695
40	0.001	49	20	0.03479429089263695
40	0.001	49	5	0.03479429089263695
40	0.001	49	44	0.03479429089263695
40	0.001	49	9	0.03479429089263695
40	0.001	49	98	0.03479429089263695
40	0.001	49	90	0.0186745232746842
40	0.001	49	10	0.03479429089263695
40	0.001	49	3	0.03479429089263695
40	0.001	49	69	0.007077853163656404
40	0.001	49	18	0.007077853163656404
40	0.001	49	42	0.007017465017809111
40	0.001	49	7	0.0039299117683069444
40	0.001	50	0	0.4537754474561486
40	0.001	50	66	0.11337434134780848
40	0.001	50	29	0.11337434134780848
40	0.001	50	23	0.11337434134780848
40	0.001	50	74	0.11337434134780848
40	0.001	50	11	0.028313065487111117
40	0.001	50	94	0.028313065487111117
40	0.001	50	20	0.028313065487111117
40	0.001	50	4	0.028313065487111117
40	0.001	50	5	0.028313065487111117
40	0.001	50	98	0.028313065487111117
40	0.001	50	44	0.028313065487111117
40	0.001	50	3	0.028313065487111117
40	0.001	50	9	0.028313065487111117
40	0.001	50	10	0.028313065487111117
40	0.001	50	90	0.018144809218673966
40	0.001	50	69	0.018144809218673966
40	0.001	50	18	0.018144809218673966
40	0.001	50	7	0.00140849028461917
40	0.001	50	60	0.010902472399103908
40	0.001	50	61	0.010902472399103908
40	0.001	51	0	0.44731823050860436
40	0.001	51	66	0.11129721166324806
40	0.001	51	29	0.11129721166324806
40	0.001	51	23	0.11129721166324806
40	0.001	51	74	0.11129721166324806
40	0.001	51	20	0.02421658561609528
40	0.001	51	94	0.02421658561609528
40	0.001	51	4	0.02421658561609528
40	0.001	51	11	0.02421658561609528
40	0.001	51	98	0.023255091014983884
40	0.001	51	5	0.023255091014983884
40	0.001	51	44	0.023255091014983884
40	0.001	51	9	0.023255091014983884
40	0.001	51	3	0.023255091014983884
40	0.001	51	10	0.023255091014983884
40	0.001	51	90	0.014331905926798814
40	0.001	51	69	0.005092320001930294
40	0.001	51	18	0.005092320001930294
40	0.001	51	61	0.005092320001930294
40	0.001	51	60	0.005092320001930294
40	0.001	52	0	0.44920376078823965
40	0.001	52	66	0.10588019476737785
40	0.001	52	29	0.12978901307708532
40	0.001	52	23	0.12978901307708532
40	0.001	52	74	0.12978901307708532
40	0.001	52	11	0.025881875535171104
40	0.001	52	94	0.025881875535171104
40	0.001	52	20	0.025881875535171104
40	0.001	52	4	0.025881875535171104
40	0.001	52	5	0.02099679302463108
40	0.001	52	98	0.02099679302463108
40	0.001	52	44	0.02099679302463108
40	0.001	52	10	0.0200820595926373
40	0.001	52	3	0.02099679302463108
40	0.001	52	9	0.02099679302463108
40	0.001	52	90	0.019697461349037777
40	0.001	52	69	0.015819114244884663
40	0.001	52	18	0.015819114244884663
40	0.001	52	38	0.0015458867405797362
40	0.001	52	61	0.006878028105790523
40	0.001	52	60	0.006878028105790523
40	0.001	53	0	0.44169099980631904
40	0.001	53	66	0.10297981270420194
40	0.001	53	29	0.12296650662833672
40	0.001	53	23	0.12296650662833672
40	0.001	53	74	0.12296650662833672
40	0.001	53	20	0.024595911870554276
40	0.001	53	94	0.02304679935712194
40	0.001	53	11	0.022735669690953496
40	0.001	53	4	0.022735669690953496
40	0.001	53	5	0.022735669690953496
40	0.001	53	98	0.022735669690953496
40	0.001	53	44	0.022735669690953496
40	0.001	53	9	0.018192234171809672
40	0.001	53	3	0.018192234171809672
40	0.001	53	10	0.018192234171809672
40	0.001	53	60	0.009025218747240233
40	0.001	53	90	0.014424541009377729
40	0.001	53	18	0.014424541009377729
40	0.001	53	69	0.014424541009377729
40	0.001	53	72	0.0009170858975415079
40	0.001	54	0	0.39818828031491743
40	0.001	54	23	0.1261672350975916
40	0.001	54	66	0.122623982209384
40	0.001	54	74	0.1261672350975916
40	0.001	54	29	0.1261672350975916
40	0.001	54	11	0.024389240208802745
40	0.001	54	20	0.024389240208802745
40	0.001	54	4	0.024389240208802745
40	0.001	54	94	0.024389240208802745
40	0.001	54	5	0.024389240208802745
40	0.001	54	44	0.022151611324973303
40	0.001	54	9	0.022151611324973303
40	0.001	54	3	0.022151611324973303
40	0.001	54	10	0.022151611324973303
40	0.001	54	98	0.022151611324973303
40	0.001	54	69	0.020919330121851838
40	0.001	54	60	0.0008409157581442188
40	0.001	54	18	0.020919330121851838
40	0.001	54	90	0.020919330121851838
40	0.001	54	62	0.0051061561195896756
40	0.001	54	7	0.0051061561195896756
40	0.001	55	0	0.43935196478721666
40	0.001	55	66	0.11592203443161368
40	0.001	55	29	0.11592203443161368
40	0.001	55	74	0.11592203443161368
40	0.001	55	23	0.11592203443161368
40	0.001	55	20	0.036445393875591835
40	0.001	55	11	0.030505666870030933
40	0.001	55	44	0.030505666870030933
40	0.001	55	98	0.030505666870030933
40	0.001	55	3	0.024576354934561933
40	0.001	55	4	0.024576354934561933
40	0.001	55	76	0.01599422650072387
40	0.001	55	90	0.019047930697290685
40	0.001	55	18	0.019047930697290685
40	0.001	55	5	0.01599422650072387
40	0.001	55	99	0.01599422650072387
40	0.001	55	10	0.006387627605520973
40	0.001	55	69	0.010527164078585324
40	0.001	55	72	0.010527164078585324
40	0.001	55	57	0.004609109743342888
40	0.001	55	45	0.006387627605520973
40	0.001	56	0	0.4985067217812719
40	0.001	56	29	0.22478341072919467
40	0.001	56	74	0.22478341072919467
40	0.001	56	23	0.22478341072919467
40	0.001	56	11	0.04173387705141104
40	0.001	56	5	0.03626673804963942
40	0.001	56	20	0.04173387705141104
40	0.001	56	4	0.04173387705141104
40	0.001	56	44	0.04173387705141104
40	0.001	56	9	0.03626673804963942
40	0.001	56	10	0.03626673804963942
40	0.001	56	38	0.002852624845617021
40	0.001	56	3	0.027675923475369207
40	0.001	56	70	0.027675923475369207
40	0.001	56	90	0.027675923475369207
40	0.001	56	93	0.002852624845617021
40	0.001	56	42	0.027675923475369207
40	0.001	56	94	0.027675923475369207
40	0.001	56	7	0.002852624845617021
40	0.001	56	66	0.002852624845617021
40	0.001	56	72	0.027675923475369207
40	0.001	56	83	0.027675923475369207
40	0.001	56	87	0.008681459396034591
40	0.001	56	61	0.008681459396034591
40	0.001	57	0	0.45301295550453535
40	0.001	57	66	0.11782377957983402
40	0.001	57	29	0.11782377957983402
40	0.001	57	23	0.11782377957983402
40	0.001	57	74	0.11782377957983402
40	0.001	57	11	0.026203731917694578
40	0.001	57	94	0.026203731917694578
40	0.001	57	20	0.026203731917694578
40	0.001	57	4	0.026203731917694578
40	0.001	57	5	0.026203731917694578
40	0.001	57	44	0.026203731917694578
40	0.001	57	10	0.026203731917694578
40	0.001	57	98	0.026203731917694578
40	0.001	57	3	0.026203731917694578
40	0.001	57	9	0.026203731917694578
40	0.001	57	90	0.010762540518273371
40	0.001	57	60	0.010762540518273371
40	0.001	57	18	0.010762540518273371
40	0.001	57	69	0.010762540518273371
40	0.001	57	7	0.004026099927146201
40	0.001	58	0	0.4968177025827235
40	0.001	58	66	0.13162810482853224
40	0.001	58	29	0.13162810482853224
40	0.001	58	23	0.13162810482853224
40	0.001	58	74	0.13162810482853224
40	0.001	58	11	0.02644474136566221
40	0.001	58	4	0.02644474136566221
40	0.001	58	94	0.02589520826464554
40	0.001	58	20	0.02589520826464554
40	0.001	58	44	0.02589520826464554
40	0.001	58	98	0.02589520826464554
40	0.001	58	5	0.02589520826464554
40	0.001	58	83	0.00256803799973007
40	0.001	58	9	0.025827823373261147
40	0.001	58	3	0.025827823373261147
40	0.001	58	10	0.025827823373261147
40	0.001	58	69	0.01339796425992395
40	0.001	58	18	0.01339796425992395
40	0.001	58	61	0.00256803799973007
40	0.001	58	76	0.0011300703904395823
40	0.001	59	0	0.46352240209907436
40	0.001	59	66	0.11631406936024467
40	0.001	59	29	0.12114082270002065
40	0.001	59	23	0.12114082270002065
40	0.001	59	74	0.12114082270002065
40	0.001	59	94	0.03698469668867725
40	0.001	59	11	0.03698469668867725
40	0.001	59	4	0.03698469668867725
40	0.001	59	20	0.03698469668867725
40	0.001	59	5	0.03698469668867725
40	0.001	59	44	0.03698469668867725
40	0.001	59	9	0.03698469668867725
40	0.001	59	98	0.03698469668867725
40	0.001	59	3	0.03698469668867725
40	0.001	59	10	0.02108591619047082
40	0.001	59	61	0.009861315357413794
40	0.001	59	69	0.009861315357413794
40	0.001	59	90	0.009861315357413794
40	0.001	59	18	0.009861315357413794
40	0.001	59	83	0.009861315357413794
40	0.001	60	0	0.4591262827441723
40	0.001	60	66	0.1072195039967692
40	0.001	60	29	0.11724049945366956
40	0.001	60	23	0.11724049945366956
40	0.001	60	74	0.11724049945366956
40	0.001	60	11	0.039033151129748214
40	0.001	60	4	0.039033151129748214
40	0.001	60	5	0.027837832007018497
40	0.001	60	94	0.039033151129748214
40	0.001	60	20	0.039033151129748214
40	0.001	60	9	0.027837832007018497
40	0.001	60	44	0.027837832007018497
40	0.001	60	3	0.02118941720854525
40	0.001	60	98	0.02118941720854525
40	0.001	60	10	0.02118941720854525
40	0.001	60	69	0.02118941720854525
40	0.001	60	18	0.012220118710164122
40	0.001	60	60	0.005638592250778159
40	0.001	60	83	0.005638592250778159
40	0.001	60	38	0.001030451866235659
40	0.001	61	0	0.4500368881290571
40	0.001	61	66	0.11404914088815478
40	0.001	61	29	0.11404914088815478
40	0.001	61	23	0.11404914088815478
40	0.001	61	74	0.11404914088815478
40	0.001	61	20	0.026239404500646837
40	0.001	61	94	0.026239404500646837
40	0.001	61	11	0.026239404500646837
40	0.001	61	4	0.026239404500646837
40	0.001	61	5	0.026239404500646837
40	0.001	61	44	0.026239404500646837
40	0.001	61	98	0.026239404500646837
40	0.001	61	9	0.022056682925145166
40	0.001	61	3	0.022056682925145166
40	0.001	61	10	0.022056682925145166
40	0.001	61	60	0.006940683200107857
40	0.001	61	69	0.012447559375110228
40	0.001	61	18	0.012447559375110228
40	0.001	61	90	0.012447559375110228
40	0.001	61	61	0.003967162307578864
40	0.001	62	0	0.44958336490475964
40	0.001	62	66	0.11064912285476175
40	0.001	62	29	0.11165251169876361
40	0.001	62	23	0.11165251169876361
40	0.001	62	74	0.11165251169876361
40	0.001	62	20	0.03064133550519599
40	0.001	62	11	0.022871210947684975
40	0.001	62	4	0.022871210947684975
40	0.001	62	98	0.022871210947684975
40	0.001	62	44	0.022871210947684975
40	0.001	62	94	0.022871210947684975
40	0.001	62	90	0.013315520966426667
40	0.001	62	5	0.022871210947684975
40	0.001	62	9	0.022871210947684975
40	0.001	62	10	0.022871210947684975
40	0.001	62	3	0.022871210947684975
40	0.001	62	69	0.010593494454559054
40	0.001	62	18	0.010593494454559054
40	0.001	62	7	0.010178585105968042
40	0.001	62	62	0.009524144996265721
40	0.001	63	0	0.4388420832378775
40	0.001	63	66	0.12251234065313515
40	0.001	63	29	0.12251234065313515
40	0.001	63	74	0.12251234065313515
40	0.001	63	23	0.12251234065313515
40	0.001	63	11	0.026854553354123387
40	0.001	63	4	0.026854553354123387
40	0.001	63	20	0.02492583391758129
40	0.001	63	98	0.02492583391758129
40	0.001	63	44	0.02492583391758129
40	0.001	63	94	0.02492583391758129
40	0.001	63	5	0.02185101990135447
40	0.001	63	90	0.01721290393191583
40	0.001	63	3	0.01752930419364956
40	0.001	63	10	0.01752930419364956
40	0.001	63	9	0.01752930419364956
40	0.001	63	18	0.01721290393191583
40	0.001	63	69	0.01721290393191583
40	0.001	63	7	0.003639625962573948
40	0.001	63	61	0.0018999166701291611
40	0.001	64	0	0.45226310805481357
40	0.001	64	66	0.12889571100312852
40	0.001	64	29	0.12889571100312852
40	0.001	64	23	0.12889571100312852
40	0.001	64	74	0.12889571100312852
40	0.001	64	11	0.028381779354851512
40	0.001	64	4	0.028381779354851512
40	0.001	64	20	0.028381779354851512
40	0.001	64	94	0.028381779354851512
40	0.001	64	5	0.025995117258254884
40	0.001	64	44	0.025995117258254884
40	0.001	64	9	0.025995117258254884
40	0.001	64	98	0.025995117258254884
40	0.001	64	3	0.025995117258254884
40	0.001	64	10	0.022516425988731728
40	0.001	64	90	0.021722611416917517
40	0.001	64	61	0.00443750651835847
40	0.001	64	69	0.012881375147841932
40	0.001	64	18	0.012881375147841932
40	0.001	64	60	0.00443750651835847
40	0.001	65	0	0.4642919295086625
40	0.001	65	66	0.1215937348470443
40	0.001	65	29	0.1215937348470443
40	0.001	65	23	0.1215937348470443
40	0.001	65	74	0.1215937348470443
40	0.001	65	11	0.02353442481988359
40	0.001	65	4	0.02353442481988359
40	0.001	65	94	0.02353442481988359
40	0.001	65	20	0.02353442481988359
40	0.001	65	5	0.02353442481988359
40	0.001	65	44	0.02353442481988359
40	0.001	65	9	0.02353442481988359
40	0.001	65	3	0.02353442481988359
40	0.001	65	98	0.02353442481988359
40	0.001	65	90	0.02353442481988359
40	0.001	65	10	0.02353442481988359
40	0.001	65	61	0.007107817775315706
40	0.001	65	18	0.011421129124804775
40	0.001	65	69	0.011421129124804775
40	0.001	65	7	0.008232306035218078
40	0.001	66	0	0.4558024399883284
40	0.001	66	66	0.11588622036996278
40	0.001	66	29	0.12095916031007213
40	0.001	66	23	0.12095916031007213
40	0.001	66	74	0.12095916031007213
40	0.001	66	11	0.03803323638116797
40	0.001	66	4	0.03803323638116797
40	0.001	66	44	0.03803323638116797
40	0.001	66	94	0.03803323638116797
40	0.001	66	20	0.03803323638116797
40	0.001	66	98	0.03803323638116797
40	0.001	66	5	0.03803323638116797
40	0.001	66	9	0.03803323638116797
40	0.001	66	10	0.03803323638116797
40	0.001	66	3	0.03803323638116797
40	0.001	66	69	0.011637163753156054
40	0.001	66	18	0.011637163753156054
40	0.001	66	90	0.011637163753156054
40	0.001	66	61	0.004034357243865485
40	0.001	66	7	0.004034357243865485
40	0.001	67	0	0.4507736977399824
40	0.001	67	66	0.11020994936254926
40	0.001	67	29	0.11627927477736219
40	0.001	67	23	0.11627927477736219
40	0.001	67	74	0.11627927477736219
40	0.001	67	20	0.025845351757362918
40	0.001	67	11	0.02494560111414805
40	0.001	67	4	0.02494560111414805
40	0.001	67	94	0.02494560111414805
40	0.001	67	98	0.02494560111414805
40	0.001	67	44	0.02494560111414805
40	0.001	67	5	0.02494560111414805
40	0.001	67	9	0.02494560111414805
40	0.001	67	3	0.02494560111414805
40	0.001	67	10	0.02494560111414805
40	0.001	67	61	0.012021031341750262
40	0.001	67	60	0.012021031341750262
40	0.001	67	18	0.012021031341750262
40	0.001	67	69	0.012021031341750262
40	0.001	67	90	0.012021031341750262
40	0.001	67	42	0.0036758560170065536
40	0.001	68	0	0.46036813224217443
40	0.001	68	66	0.11256155943578158
40	0.001	68	29	0.12639843108170015
40	0.001	68	23	0.12639843108170015
40	0.001	68	74	0.12639843108170015
40	0.001	68	20	0.023565695473842997
40	0.001	68	11	0.023565695473842997
40	0.001	68	4	0.023565695473842997
40	0.001	68	94	0.023565695473842997
40	0.001	68	98	0.023565695473842997
40	0.001	68	5	0.023565695473842997
40	0.001	68	44	0.023565695473842997
40	0.001	68	9	0.023565695473842997
40	0.001	68	3	0.023565695473842997
40	0.001	68	10	0.023565695473842997
40	0.001	68	69	0.012427107825831896
40	0.001	68	18	0.012427107825831896
40	0.001	68	7	0.0084386755207061
40	0.001	68	90	0.0084386755207061
40	0.001	68	60	0.007861178495242094
40	0.001	69	0	0.4528819867939492
40	0.001	69	66	0.10615575066306962
40	0.001	69	29	0.11894166697276762
40	0.001	69	23	0.11894166697276762
40	0.001	69	74	0.11894166697276762
40	0.001	69	20	0.0331020279140617
40	0.001	69	11	0.0331020279140617
40	0.001	69	4	0.0331020279140617
40	0.001	69	44	0.0331020279140617
40	0.001	69	98	0.0331020279140617
40	0.001	69	94	0.0331020279140617
40	0.001	69	5	0.0331020279140617
40	0.001	69	10	0.02197663824758076
40	0.001	69	3	0.0331020279140617
40	0.001	69	9	0.0331020279140617
40	0.001	69	69	0.02197663824758076
40	0.001	69	90	0.02197663824758076
40	0.001	69	18	0.02197663824758076
40	0.001	69	7	0.00441803255556871
40	0.001	69	38	0.00441803255556871
40	0.001	70	0	0.44985953637778153
40	0.001	70	66	0.09987360221775456
40	0.001	70	29	0.13026314043328685
40	0.001	70	74	0.13026314043328685
40	0.001	70	23	0.13026314043328685
40	0.001	70	11	0.026697915218675445
40	0.001	70	94	0.026697915218675445
40	0.001	70	20	0.026697915218675445
40	0.001	70	4	0.02291060177759433
40	0.001	70	98	0.01793818808074909
40	0.001	70	44	0.02291060177759433
40	0.001	70	5	0.02291060177759433
40	0.001	70	9	0.02291060177759433
40	0.001	70	3	0.02291060177759433
40	0.001	70	10	0.02291060177759433
40	0.001	70	7	0.007270803542577323
40	0.001	70	61	0.01065361020562037
40	0.001	70	18	0.01065361020562037
40	0.001	70	90	0.007270803542577323
40	0.001	70	83	0.01065361020562037
40	0.001	70	76	0.01065361020562037
40	0.001	71	0	0.45270123201646384
40	0.001	71	66	0.1312575933129784
40	0.001	71	29	0.1312575933129784
40	0.001	71	23	0.1312575933129784
40	0.001	71	74	0.1312575933129784
40	0.001	71	11	0.022312024954400128
40	0.001	71	4	0.022312024954400128
40	0.001	71	20	0.022312024954400128
40	0.001	71	94	0.022312024954400128
40	0.001	71	44	0.022312024954400128
40	0.001	71	5	0.022312024954400128
40	0.001	71	98	0.022312024954400128
40	0.001	71	3	0.022312024954400128
40	0.001	71	9	0.022312024954400128
40	0.001	71	10	0.022312024954400128
40	0.001	71	90	0.022312024954400128
40	0.001	71	69	0.014015824948031932
40	0.001	71	18	0.014015824948031932
40	0.001	71	42	0.005084207168053339
40	0.001	71	76	0.004506451104545644
40	0.001	72	0	0.4401659484676938
40	0.001	72	66	0.1076738043055704
40	0.001	72	11	0.0360342505970495
40	0.001	72	23	0.11724483069838366
40	0.001	72	74	0.11724483069838366
40	0.001	72	29	0.11724483069838366
40	0.001	72	20	0.04427488488538298
40	0.001	72	4	0.029986484981114107
40	0.001	72	44	0.029986484981114107
40	0.001	72	98	0.029986484981114107
40	0.001	72	3	0.029986484981114107
40	0.001	72	5	0.029986484981114107
40	0.001	72	9	0.029986484981114107
40	0.001	72	61	0.006407425891958106
40	0.001	72	69	0.010892544738308186
40	0.001	72	10	0.010892544738308186
40	0.001	72	18	0.010892544738308186
40	0.001	72	90	0.010892544738308186
40	0.001	72	60	0.005829088004455252
40	0.001	72	99	0.004570351279852884
40	0.001	72	83	0.004570351279852884
40	0.001	73	0	0.3685172121072675
40	0.001	73	29	0.11870221203555781
40	0.001	73	66	0.11870221203555781
40	0.001	73	23	0.11870221203555781
40	0.001	73	74	0.11870221203555781
40	0.001	73	11	0.026642975432653978
40	0.001	73	20	0.026642975432653978
40	0.001	73	94	0.026642975432653978
40	0.001	73	4	0.026642975432653978
40	0.001	73	5	0.021075873318253165
40	0.001	73	44	0.021075873318253165
40	0.001	73	98	0.021075873318253165
40	0.001	73	10	0.021075873318253165
40	0.001	73	3	0.021075873318253165
40	0.001	73	9	0.021075873318253165
40	0.001	73	90	0.021075873318253165
40	0.001	73	69	0.017196055597813863
40	0.001	73	18	0.017196055597813863
40	0.001	73	61	0.009637979367195721
40	0.001	73	60	0.009637979367195721
40	0.001	74	0	0.44701321704750213
40	0.001	74	66	0.11137914381214546
40	0.001	74	29	0.11261840950632418
40	0.001	74	23	0.11261840950632418
40	0.001	74	74	0.11261840950632418
40	0.001	74	11	0.026967427539068996
40	0.001	74	20	0.026967427539068996
40	0.001	74	4	0.026967427539068996
40	0.001	74	94	0.026967427539068996
40	0.001	74	5	0.026967427539068996
40	0.001	74	44	0.026967427539068996
40	0.001	74	98	0.026967427539068996
40	0.001	74	9	0.026967427539068996
40	0.001	74	3	0.026967427539068996
40	0.001	74	10	0.026967427539068996
40	0.001	74	69	0.009860454954206926
40	0.001	74	18	0.009860454954206926
40	0.001	74	61	0.010741243840744246
40	0.001	74	60	0.010741243840744246
40	0.001	74	90	0.010741243840744246
40	0.001	74	99	0.006701001991314454
40	0.001	75	0	0.4100268706811821
40	0.001	75	29	0.12105722810678447
40	0.001	75	66	0.12105722810678447
40	0.001	75	23	0.12105722810678447
40	0.001	75	74	0.12105722810678447
40	0.001	75	11	0.03037917068070747
40	0.001	75	44	0.02896151873490387
40	0.001	75	94	0.02896151873490387
40	0.001	75	20	0.02896151873490387
40	0.001	75	4	0.02896151873490387
40	0.001	75	98	0.02896151873490387
40	0.001	75	3	0.02896151873490387
40	0.001	75	9	0.02896151873490387
40	0.001	75	5	0.02896151873490387
40	0.001	75	10	0.02896151873490387
40	0.001	75	90	0.02896151873490387
40	0.001	75	18	0.011279996909555726
40	0.001	75	69	0.0109036011614605
40	0.001	75	62	0.005062426085057218
40	0.001	75	72	0.005021438060110883
40	0.001	76	0	0.4533120032425086
40	0.001	76	66	0.12217378852990794
40	0.001	76	29	0.12217378852990794
40	0.001	76	23	0.12217378852990794
40	0.001	76	74	0.12217378852990794
40	0.001	76	11	0.027355697088635337
40	0.001	76	94	0.027355697088635337
40	0.001	76	20	0.027355697088635337
40	0.001	76	44	0.027355697088635337
40	0.001	76	4	0.027355697088635337
40	0.001	76	5	0.027355697088635337
40	0.001	76	98	0.027355697088635337
40	0.001	76	3	0.027355697088635337
40	0.001	76	9	0.027355697088635337
40	0.001	76	10	0.027355697088635337
40	0.001	76	90	0.01694089686419289
40	0.001	76	69	0.01694089686419289
40	0.001	76	18	0.01694089686419289
40	0.001	76	61	0.00948958604635538
40	0.001	76	60	0.00948958604635538
40	0.001	77	0	0.4560040673601329
40	0.001	77	66	0.12810805776824846
40	0.001	77	29	0.12810805776824846
40	0.001	77	23	0.12810805776824846
40	0.001	77	74	0.12810805776824846
40	0.001	77	11	0.034002983234858286
40	0.001	77	4	0.034002983234858286
40	0.001	77	5	0.034002983234858286
40	0.001	77	98	0.034002983234858286
40	0.001	77	44	0.034002983234858286
40	0.001	77	20	0.034002983234858286
40	0.001	77	94	0.034002983234858286
40	0.001	77	9	0.034002983234858286
40	0.001	77	3	0.034002983234858286
40	0.001	77	10	0.034002983234858286
40	0.001	77	69	0.012500017572627756
40	0.001	77	18	0.012500017572627756
40	0.001	77	90	0.011198926409788479
40	0.001	77	83	0.003592468096942383
40	0.001	77	38	0.011198926409788479
40	0.001	77	7	0.011198926409788479
40	0.001	78	0	0.4514942662615455
40	0.001	78	66	0.10421634133529999
40	0.001	78	29	0.11809340433651454
40	0.001	78	23	0.11809340433651454
40	0.001	78	74	0.11809340433651454
40	0.001	78	20	0.02584151052349087
40	0.001	78	94	0.02584151052349087
40	0.001	78	4	0.02584151052349087
40	0.001	78	11	0.02584151052349087
40	0.001	78	44	0.02584151052349087
40	0.001	78	98	0.02584151052349087
40	0.001	78	5	0.022323720130938113
40	0.001	78	9	0.02147718448011758
40	0.001	78	3	0.02147718448011758
40	0.001	78	10	0.02147718448011758
40	0.001	78	60	0.01232250518705651
40	0.001	78	61	0.01232250518705651
40	0.001	78	90	0.009001032449311969
40	0.001	78	18	0.009001032449311969
40	0.001	78	69	0.009001032449311969
40	0.001	79	0	0.45245539243222804
40	0.001	79	66	0.10747994322608365
40	0.001	79	29	0.11548186130223966
40	0.001	79	23	0.11548186130223966
40	0.001	79	74	0.11548186130223966
40	0.001	79	20	0.023027245109718705
40	0.001	79	11	0.023027245109718705
40	0.001	79	4	0.023027245109718705
40	0.001	79	94	0.022890665088034005
40	0.001	79	5	0.022890665088034005
40	0.001	79	98	0.022890665088034005
40	0.001	79	44	0.022890665088034005
40	0.001	79	10	0.020403464981216583
40	0.001	79	3	0.022890665088034005
40	0.001	79	9	0.022890665088034005
40	0.001	79	90	0.020403464981216583
40	0.001	79	60	0.008723333156597271
40	0.001	79	61	0.008723333156597271
40	0.001	79	18	0.020403464981216583
40	0.001	79	69	0.020403464981216583
40	0.001	79	38	0.0009713376519201478
40	0.001	80	0	0.45257384639698234
40	0.001	80	66	0.12446503626773144
40	0.001	80	29	0.12446503626773144
40	0.001	80	23	0.12446503626773144
40	0.001	80	74	0.12446503626773144
40	0.001	80	11	0.039410641705478984
40	0.001	80	4	0.039410641705478984
40	0.001	80	94	0.039410641705478984
40	0.001	80	5	0.032371502161345066
40	0.001	80	20	0.039410641705478984
40	0.001	80	98	0.039410641705478984
40	0.001	80	44	0.039410641705478984
40	0.001	80	9	0.032371502161345066
40	0.001	80	69	0.010451256596685221
40	0.001	80	3	0.032371502161345066
40	0.001	80	10	0.032371502161345066
40	0.001	80	18	0.010451256596685221
40	0.001	80	7	0.0025269103928861492
40	0.001	80	61	0.005186522857746636
40	0.001	80	60	0.005186522857746636
40	0.001	80	90	0.005186522857746636
40	0.001	81	0	0.4708294685880534
40	0.001	81	66	0.10547554818572089
40	0.001	81	29	0.12514460151666573
40	0.001	81	23	0.12514460151666573
40	0.001	81	74	0.12514460151666573
40	0.001	81	11	0.025599878603617596
40	0.001	81	94	0.025599878603617596
40	0.001	81	20	0.025599878603617596
40	0.001	81	4	0.025599878603617596
40	0.001	81	98	0.025599878603617596
40	0.001	81	5	0.025599878603617596
40	0.001	81	44	0.025599878603617596
40	0.001	81	9	0.025599878603617596
40	0.001	81	3	0.025599878603617596
40	0.001	81	10	0.025599878603617596
40	0.001	81	90	0.01683193027854516
40	0.001	81	69	0.01683193027854516
40	0.001	81	18	0.01683193027854516
40	0.001	81	7	0.004362427231344396
40	0.001	81	38	0.004362427231344396
40	0.001	82	0	0.4490780170258064
40	0.001	82	66	0.10898293215650601
40	0.001	82	29	0.13016671200823457
40	0.001	82	23	0.13016671200823457
40	0.001	82	74	0.13016671200823457
40	0.001	82	11	0.020134501180592186
40	0.001	82	4	0.020134501180592186
40	0.001	82	44	0.030168593276962422
40	0.001	82	94	0.030168593276962422
40	0.001	82	20	0.030168593276962422
40	0.001	82	98	0.020134501180592186
40	0.001	82	5	0.020134501180592186
40	0.001	82	9	0.018392201683991492
40	0.001	82	3	0.018392201683991492
40	0.001	82	10	0.018392201683991492
40	0.001	82	90	0.01038835577034749
40	0.001	82	60	0.008626962641989868
40	0.001	82	18	0.01038835577034749
40	0.001	82	69	0.01038835577034749
40	0.001	82	7	0.004629587517777134
40	0.001	83	0	0.43983918217192114
40	0.001	83	66	0.13944381167242634
40	0.001	83	29	0.13944381167242634
40	0.001	83	23	0.13944381167242634
40	0.001	83	74	0.13944381167242634
40	0.001	83	11	0.03330576754663453
40	0.001	83	4	0.03330576754663453
40	0.001	83	5	0.03330576754663453
40	0.001	83	94	0.03330576754663453
40	0.001	83	44	0.03330576754663453
40	0.001	83	20	0.03330576754663453
40	0.001	83	98	0.03330576754663453
40	0.001	83	10	0.01809880925426483
40	0.001	83	3	0.03330576754663453
40	0.001	83	9	0.03330576754663453
40	0.001	83	90	0.015076239022654267
40	0.001	83	69	0.012431066099093198
40	0.001	83	18	0.012431066099093198
40	0.001	83	38	0.004480797477947229
40	0.001	83	62	0.0034076830487249155
40	0.001	84	0	0.440163864858136
40	0.001	84	66	0.1261891184318659
40	0.001	84	29	0.1261891184318659
40	0.001	84	74	0.1261891184318659
40	0.001	84	23	0.1261891184318659
40	0.001	84	20	0.028362546652324117
40	0.001	84	94	0.028362546652324117
40	0.001	84	5	0.028362546652324117
40	0.001	84	4	0.028362546652324117
40	0.001	84	11	0.028362546652324117
40	0.001	84	44	0.028362546652324117
40	0.001	84	3	0.02439565062767199
40	0.001	84	9	0.028362546652324117
40	0.001	84	90	0.013792495227380498
40	0.001	84	76	0.006245807583256736
40	0.001	84	18	0.013792495227380498
40	0.001	84	69	0.013792495227380498
40	0.001	84	10	0.004898060989898241
40	0.001	84	99	0.006245807583256736
40	0.001	84	61	0.006245807583256736
40	0.001	84	83	0.006245807583256736
40	0.001	85	0	0.43731716764761813
40	0.001	85	66	0.11915790420542288
40	0.001	85	29	0.11915790420542288
40	0.001	85	23	0.11915790420542288
40	0.001	85	74	0.11915790420542288
40	0.001	85	11	0.02736542169610477
40	0.001	85	4	0.02736542169610477
40	0.001	85	98	0.02736542169610477
40	0.001	85	94	0.02736542169610477
40	0.001	85	20	0.02736542169610477
40	0.001	85	44	0.02736542169610477
40	0.001	85	9	0.02736542169610477
40	0.001	85	5	0.02736542169610477
40	0.001	85	90	0.017593402939752038
40	0.001	85	60	0.010892663095076157
40	0.001	85	18	0.005526582768028596
40	0.001	85	42	0.005526582768028596
40	0.001	85	13	0.005526582768028596
40	0.001	85	10	0.005526582768028596
40	0.001	85	62	0.005296349162035749
40	0.001	86	0	0.451935795338323
40	0.001	86	66	0.10923781019209787
40	0.001	86	29	0.12501202394864602
40	0.001	86	23	0.12501202394864602
40	0.001	86	74	0.12501202394864602
40	0.001	86	11	0.0274584968491056
40	0.001	86	4	0.0274584968491056
40	0.001	86	20	0.0274584968491056
40	0.001	86	5	0.0274584968491056
40	0.001	86	94	0.0274584968491056
40	0.001	86	98	0.0274584968491056
40	0.001	86	44	0.0274584968491056
40	0.001	86	10	0.0274584968491056
40	0.001	86	9	0.0274584968491056
40	0.001	86	3	0.0274584968491056
40	0.001	86	69	0.015921819997928275
40	0.001	86	61	0.006586325919754524
40	0.001	86	90	0.015921819997928275
40	0.001	86	18	0.015921819997928275
40	0.001	86	60	0.006586325919754524
40	0.001	87	0	0.44198431945894445
40	0.001	87	66	0.1014484501753839
40	0.001	87	29	0.13017772064273503
40	0.001	87	23	0.13017772064273503
40	0.001	87	74	0.13017772064273503
40	0.001	87	11	0.03926379650591489
40	0.001	87	4	0.03926379650591489
40	0.001	87	44	0.03926379650591489
40	0.001	87	94	0.03926379650591489
40	0.001	87	20	0.03926379650591489
40	0.001	87	98	0.03926379650591489
40	0.001	87	5	0.03926379650591489
40	0.001	87	69	0.008100255421722885
40	0.001	87	10	0.03926379650591489
40	0.001	87	3	0.03926379650591489
40	0.001	87	9	0.03926379650591489
40	0.001	87	18	0.008100255421722885
40	0.001	87	60	0.007214584034305889
40	0.001	87	90	0.007214584034305889
40	0.001	87	7	0.006008299470916168
40	0.001	88	0	0.47247843145439755
40	0.001	88	66	0.12783564425331895
40	0.001	88	29	0.12783564425331895
40	0.001	88	23	0.12783564425331895
40	0.001	88	74	0.12783564425331895
40	0.001	88	11	0.022669883727043007
40	0.001	88	4	0.022669883727043007
40	0.001	88	20	0.022669883727043007
40	0.001	88	94	0.022669883727043007
40	0.001	88	44	0.022669883727043007
40	0.001	88	5	0.022669883727043007
40	0.001	88	9	0.022669883727043007
40	0.001	88	98	0.022669883727043007
40	0.001	88	3	0.022669883727043007
40	0.001	88	10	0.022669883727043007
40	0.001	88	90	0.022669883727043007
40	0.001	88	69	0.018079418035125947
40	0.001	88	18	0.018079418035125947
40	0.001	88	61	0.005200621091009418
40	0.001	88	60	0.005200621091009418
40	0.001	89	0	0.46682690191208176
40	0.001	89	66	0.11712654953058982
40	0.001	89	29	0.11712654953058982
40	0.001	89	23	0.11712654953058982
40	0.001	89	74	0.11712654953058982
40	0.001	89	11	0.03386413974262664
40	0.001	89	20	0.03386413974262664
40	0.001	89	94	0.03386413974262664
40	0.001	89	4	0.03386413974262664
40	0.001	89	5	0.03386413974262664
40	0.001	89	44	0.03386413974262664
40	0.001	89	3	0.03386413974262664
40	0.001	89	9	0.03386413974262664
40	0.001	89	98	0.03386413974262664
40	0.001	89	10	0.0307160126971474
40	0.001	89	90	0.012210977358478684
40	0.001	89	69	0.011480324832486755
40	0.001	89	18	0.011480324832486755
40	0.001	89	61	0.006707460121749716
40	0.001	89	60	0.0023978636997631416
40	0.001	90	0	0.449375393091959
40	0.001	90	66	0.12592547286252825
40	0.001	90	29	0.12592547286252825
40	0.001	90	23	0.12592547286252825
40	0.001	90	74	0.12592547286252825
40	0.001	90	94	0.02819102731932151
40	0.001	90	4	0.02819102731932151
40	0.001	90	11	0.02819102731932151
40	0.001	90	5	0.02819102731932151
40	0.001	90	20	0.02819102731932151
40	0.001	90	44	0.02819102731932151
40	0.001	90	9	0.02819102731932151
40	0.001	90	3	0.02819102731932151
40	0.001	90	98	0.02819102731932151
40	0.001	90	10	0.02819102731932151
40	0.001	90	90	0.01656614901320052
40	0.001	90	61	0.010848249701942364
40	0.001	90	18	0.01085006723160989
40	0.001	90	69	0.01085006723160989
40	0.001	90	83	0.0021082109076665514
40	0.001	91	0	0.45370023827434464
40	0.001	91	66	0.1262491434426726
40	0.001	91	29	0.1262491434426726
40	0.001	91	23	0.1262491434426726
40	0.001	91	74	0.1262491434426726
40	0.001	91	11	0.020187910085726467
40	0.001	91	4	0.020187910085726467
40	0.001	91	94	0.020187910085726467
40	0.001	91	20	0.020187910085726467
40	0.001	91	5	0.020187910085726467
40	0.001	91	44	0.020187910085726467
40	0.001	91	98	0.020187910085726467
40	0.001	91	3	0.020187910085726467
40	0.001	91	10	0.020187910085726467
40	0.001	91	9	0.020187910085726467
40	0.001	91	90	0.020187910085726467
40	0.001	91	69	0.012496176972022197
40	0.001	91	18	0.012496176972022197
40	0.001	91	99	0.00296570139801387
40	0.001	91	83	0.00296570139801387
40	0.001	92	0	0.45982222541903595
40	0.001	92	66	0.10602265871933277
40	0.001	92	29	0.1152684704386957
40	0.001	92	23	0.1152684704386957
40	0.001	92	74	0.1152684704386957
40	0.001	92	11	0.027764810586157786
40	0.001	92	20	0.028061261588345723
40	0.001	92	4	0.027764810586157786
40	0.001	92	98	0.028061261588345723
40	0.001	92	44	0.028061261588345723
40	0.001	92	94	0.028061261588345723
40	0.001	92	5	0.027764810586157786
40	0.001	92	9	0.027764810586157786
40	0.001	92	90	0.011199990536140533
40	0.001	92	10	0.027764810586157786
40	0.001	92	3	0.027764810586157786
40	0.001	92	60	0.007174338928796177
40	0.001	92	18	0.009713291902394882
40	0.001	92	69	0.009713291902394882
40	0.001	92	7	0.009713291902394882
40	0.001	92	38	0.0076893348225312306
40	0.001	93	0	0.44890332213669765
40	0.001	93	66	0.12107573498247501
40	0.001	93	29	0.12107573498247501
40	0.001	93	23	0.12107573498247501
40	0.001	93	74	0.12107573498247501
40	0.001	93	11	0.035299250524297936
40	0.001	93	94	0.03639953355245878
40	0.001	93	20	0.03639953355245878
40	0.001	93	44	0.03639953355245878
40	0.001	93	98	0.03639953355245878
40	0.001	93	5	0.035299250524297936
40	0.001	93	4	0.035299250524297936
40	0.001	93	3	0.035299250524297936
40	0.001	93	9	0.035299250524297936
40	0.001	93	10	0.035299250524297936
40	0.001	93	90	0.008072678087378481
40	0.001	93	76	0.0066610892999402465
40	0.001	93	18	0.007387719026240061
40	0.001	93	69	0.007387719026240061
40	0.001	93	7	0.0012586025051767155
40	0.001	94	0	0.45065011705979086
40	0.001	94	66	0.1135423668994188
40	0.001	94	29	0.11444618408181946
40	0.001	94	23	0.11444618408181946
40	0.001	94	74	0.11444618408181946
40	0.001	94	20	0.033227696875776536
40	0.001	94	4	0.033227696875776536
40	0.001	94	11	0.033227696875776536
40	0.001	94	5	0.033227696875776536
40	0.001	94	94	0.033227696875776536
40	0.001	94	98	0.033227696875776536
40	0.001	94	44	0.033227696875776536
40	0.001	94	9	0.033227696875776536
40	0.001	94	3	0.033227696875776536
40	0.001	94	10	0.033227696875776536
40	0.001	94	69	0.013881886643259
40	0.001	94	18	0.013881886643259
40	0.001	94	90	0.013881886643259
40	0.001	94	60	0.010890279404743382
40	0.001	94	61	0.010890279404743382
40	0.001	95	0	0.4673589096015141
40	0.001	95	66	0.11284572253613047
40	0.001	95	29	0.11405131438647158
40	0.001	95	23	0.11405131438647158
40	0.001	95	74	0.11405131438647158
40	0.001	95	11	0.02691883861622289
40	0.001	95	4	0.02691883861622289
40	0.001	95	94	0.02454325519817147
40	0.001	95	20	0.02454325519817147
40	0.001	95	44	0.02454325519817147
40	0.001	95	5	0.02454325519817147
40	0.001	95	98	0.02454325519817147
40	0.001	95	9	0.02454325519817147
40	0.001	95	3	0.019400803505244812
40	0.001	95	10	0.019225153500921525
40	0.001	95	90	0.019225153500921525
40	0.001	95	69	0.019225153500921525
40	0.001	95	18	0.019225153500921525
40	0.001	95	38	0.004282722774455534
40	0.001	95	99	0.004005796853209928
40	0.001	95	62	0.004005796853209928
40	0.001	96	0	0.4641527696451851
40	0.001	96	66	0.11347396555384366
40	0.001	96	29	0.11347396555384366
40	0.001	96	23	0.11347396555384366
40	0.001	96	74	0.11347396555384366
40	0.001	96	11	0.028501489521549794
40	0.001	96	4	0.028501489521549794
40	0.001	96	20	0.028501489521549794
40	0.001	96	94	0.028501489521549794
40	0.001	96	5	0.01918490034339447
40	0.001	96	44	0.01918490034339447
40	0.001	96	98	0.01918490034339447
40	0.001	96	3	0.01918490034339447
40	0.001	96	90	0.016691996258231836
40	0.001	96	10	0.01918490034339447
40	0.001	96	9	0.01918490034339447
40	0.001	96	69	0.016691996258231836
40	0.001	96	18	0.016691996258231836
40	0.001	96	61	0.0005214521391311089
40	0.001	96	62	0.005369113389186873
40	0.001	96	7	0.005369113389186873
40	0.001	97	0	0.44447283464747667
40	0.001	97	66	0.12993879216876456
40	0.001	97	29	0.12993879216876456
40	0.001	97	23	0.12993879216876456
40	0.001	97	74	0.12993879216876456
40	0.001	97	11	0.028409769521327954
40	0.001	97	94	0.028409769521327954
40	0.001	97	20	0.028409769521327954
40	0.001	97	5	0.020998932372278636
40	0.001	97	4	0.028409769521327954
40	0.001	97	44	0.020998932372278636
40	0.001	97	98	0.020998932372278636
40	0.001	97	10	0.020998932372278636
40	0.001	97	3	0.020998932372278636
40	0.001	97	9	0.020998932372278636
40	0.001	97	90	0.020523277587633296
40	0.001	97	18	0.017236747083849674
40	0.001	97	69	0.017236747083849674
40	0.001	97	83	0.006497315262739691
40	0.001	97	99	0.006497315262739691
40	0.001	98	0	0.5404734584325966
40	0.001	98	29	0.16952024204232083
40	0.001	98	74	0.16952024204232083
40	0.001	98	23	0.16952024204232083
40	0.001	98	20	0.023055916764103804
40	0.001	98	11	0.023055916764103804
40	0.001	98	4	0.023055916764103804
40	0.001	98	66	0.023055916764103804
40	0.001	98	94	0.023055916764103804
40	0.001	98	38	0.023055916764103804
40	0.001	98	44	0.023055916764103804
40	0.001	98	5	0.023055916764103804
40	0.001	98	9	0.023055916764103804
40	0.001	98	10	0.023055916764103804
40	0.001	98	98	0.023055916764103804
40	0.001	98	3	0.023055916764103804
40	0.001	98	69	0.023055916764103804
40	0.001	98	18	0.023055916764103804
40	0.001	98	72	0.012559307412245303
40	0.001	98	42	0.012559307412245303
40	0.001	99	0	0.44759320384152
40	0.001	99	66	0.11181358083613414
40	0.001	99	29	0.13630519407653008
40	0.001	99	23	0.13630519407653008
40	0.001	99	74	0.13630519407653008
40	0.001	99	11	0.035730165188807166
40	0.001	99	4	0.035730165188807166
40	0.001	99	20	0.035730165188807166
40	0.001	99	94	0.035730165188807166
40	0.001	99	5	0.035730165188807166
40	0.001	99	44	0.035730165188807166
40	0.001	99	98	0.035730165188807166
40	0.001	99	3	0.035730165188807166
40	0.001	99	9	0.035730165188807166
40	0.001	99	10	0.026049453769428223
40	0.001	99	90	0.012833780548237871
40	0.001	99	69	0.008338662088604893
40	0.001	99	18	0.008338662088604893
40	0.001	99	61	0.008338662088604893
40	0.001	99	42	0.006518894076714458
40	0.001	100	0	0.45243086645205194
40	0.001	100	66	0.1163557996549564
40	0.001	100	29	0.1163557996549564
40	0.001	100	23	0.1163557996549564
40	0.001	100	74	0.1163557996549564
40	0.001	100	20	0.028773474252105035
40	0.001	100	11	0.022555582806585164
40	0.001	100	94	0.022555582806585164
40	0.001	100	4	0.022555582806585164
40	0.001	100	98	0.022555582806585164
40	0.001	100	44	0.022555582806585164
40	0.001	100	5	0.022555582806585164
40	0.001	100	9	0.022555582806585164
40	0.001	100	3	0.022378079146594666
40	0.001	100	10	0.022378079146594666
40	0.001	100	69	0.014652793763276658
40	0.001	100	18	0.014652793763276658
40	0.001	100	90	0.014652793763276658
40	0.001	100	38	0.003474634092075442
40	0.001	100	61	0.002694359155639108
40	0.01	1	0	0.453750123528361
40	0.01	1	66	0.10775721238187211
40	0.01	1	29	0.11855983951418914
40	0.01	1	23	0.11855983951418914
40	0.01	1	74	0.11855983951418914
40	0.01	1	11	0.025154225604992878
40	0.01	1	20	0.025154225604992878
40	0.01	1	94	0.025154225604992878
40	0.01	1	4	0.025154225604992878
40	0.01	1	44	0.025154225604992878
40	0.01	1	98	0.02017421145302092
40	0.01	1	5	0.025154225604992878
40	0.01	1	9	0.025154225604992878
40	0.01	1	90	0.02017421145302092
40	0.01	1	10	0.025154225604992878
40	0.01	1	3	0.025154225604992878
40	0.01	1	69	0.009403118760958744
40	0.01	1	18	0.009403118760958744
40	0.01	1	7	0.005686321348574636
40	0.01	1	38	0.005686321348574636
40	0.01	2	0	0.49145215270826664
40	0.01	2	66	0.12653493975366806
40	0.01	2	29	0.12653493975366806
40	0.01	2	23	0.12653493975366806
40	0.01	2	74	0.12653493975366806
40	0.01	2	11	0.027625741430515903
40	0.01	2	94	0.027625741430515903
40	0.01	2	4	0.027625741430515903
40	0.01	2	20	0.027625741430515903
40	0.01	2	44	0.027625741430515903
40	0.01	2	3	0.027625741430515903
40	0.01	2	98	0.027625741430515903
40	0.01	2	60	0.01969543090694211
40	0.01	2	9	0.027625741430515903
40	0.01	2	5	0.027625741430515903
40	0.01	2	10	0.027625741430515903
40	0.01	2	72	0.012420003783748997
40	0.01	2	61	0.0028501614793713494
40	0.01	2	76	0.005249003251533492
40	0.01	2	18	0.005249003251533492
40	0.01	2	69	0.005249003251533492
40	0.01	3	0	0.44977907971554915
40	0.01	3	66	0.10840381439544501
40	0.01	3	29	0.12137572617680428
40	0.01	3	23	0.12137572617680428
40	0.01	3	74	0.12137572617680428
40	0.01	3	11	0.02608699650299593
40	0.01	3	94	0.02608699650299593
40	0.01	3	20	0.02608699650299593
40	0.01	3	98	0.02608699650299593
40	0.01	3	44	0.02608699650299593
40	0.01	3	4	0.02608699650299593
40	0.01	3	5	0.02608699650299593
40	0.01	3	9	0.02608699650299593
40	0.01	3	10	0.02608699650299593
40	0.01	3	90	0.02608699650299593
40	0.01	3	61	0.003236183152116645
40	0.01	3	69	0.018613065242139657
40	0.01	3	3	0.018613065242139657
40	0.01	3	18	0.01693341589377806
40	0.01	3	62	0.0020700069770798373
40	0.01	4	0	0.4269051888322218
40	0.01	4	66	0.08904053208280104
40	0.01	4	11	0.04043062163321497
40	0.01	4	74	0.12399224773885095
40	0.01	4	23	0.12399224773885095
40	0.01	4	29	0.12399224773885095
40	0.01	4	20	0.03819579322804454
40	0.01	4	90	0.02978635021773672
40	0.01	4	94	0.019599381356102334
40	0.01	4	4	0.02524206521156164
40	0.01	4	5	0.02524206521156164
40	0.01	4	3	0.02524206521156164
40	0.01	4	10	0.02524206521156164
40	0.01	4	18	0.02524206521156164
40	0.01	4	9	0.02524206521156164
40	0.01	4	44	0.02524206521156164
40	0.01	4	7	0.02524206521156164
40	0.01	4	69	0.02524206521156164
40	0.01	4	93	0.02524206521156164
40	0.01	4	77	0.02524206521156164
40	0.01	5	0	0.4872831810319664
40	0.01	5	11	0.03702850549540692
40	0.01	5	74	0.23023439246254834
40	0.01	5	29	0.23023439246254834
40	0.01	5	23	0.23023439246254834
40	0.01	5	5	0.02707854490083267
40	0.01	5	94	0.03702850549540692
40	0.01	5	4	0.03702850549540692
40	0.01	5	99	0.02707854490083267
40	0.01	5	20	0.02707854490083267
40	0.01	5	90	0.02707854490083267
40	0.01	5	10	0.02707854490083267
40	0.01	5	44	0.02707854490083267
40	0.01	5	3	0.02707854490083267
40	0.01	5	38	0.004244042087074966
40	0.01	5	60	0.02707854490083267
40	0.01	5	98	0.02707854490083267
40	0.01	5	9	0.02707854490083267
40	0.01	5	72	0.004244042087074966
40	0.01	5	62	0.004244042087074966
40	0.01	6	0	0.4769258317812727
40	0.01	6	66	0.11040046823204165
40	0.01	6	20	0.025301770579889055
40	0.01	6	23	0.1295959687823747
40	0.01	6	29	0.1295959687823747
40	0.01	6	74	0.1295959687823747
40	0.01	6	11	0.025301770579889055
40	0.01	6	94	0.025301770579889055
40	0.01	6	44	0.025301770579889055
40	0.01	6	98	0.025301770579889055
40	0.01	6	3	0.025301770579889055
40	0.01	6	10	0.024013597145052006
40	0.01	6	90	0.024013597145052006
40	0.01	6	5	0.025301770579889055
40	0.01	6	9	0.025301770579889055
40	0.01	6	4	0.025301770579889055
40	0.01	6	69	0.014281553053772045
40	0.01	6	60	0.006414024748558265
40	0.01	6	83	0.006414024748558265
40	0.01	6	93	0.005658096652113909
40	0.01	7	0	0.4440274502869841
40	0.01	7	66	0.11919601218863977
40	0.01	7	29	0.11919601218863977
40	0.01	7	23	0.11919601218863977
40	0.01	7	74	0.11919601218863977
40	0.01	7	11	0.035464359344448096
40	0.01	7	4	0.035464359344448096
40	0.01	7	44	0.03756325917338597
40	0.01	7	20	0.03756325917338597
40	0.01	7	94	0.03756325917338597
40	0.01	7	98	0.03756325917338597
40	0.01	7	5	0.035464359344448096
40	0.01	7	3	0.035464359344448096
40	0.01	7	9	0.035464359344448096
40	0.01	7	69	0.035464359344448096
40	0.01	7	10	0.011504213759110635
40	0.01	7	60	0.006399898679539453
40	0.01	7	61	0.006399898679539453
40	0.01	7	7	0.006399898679539453
40	0.01	7	62	0.004213882926902058
40	0.01	8	0	0.3592812235252359
40	0.01	8	29	0.11118449048752078
40	0.01	8	66	0.11118449048752078
40	0.01	8	23	0.11118449048752078
40	0.01	8	74	0.11118449048752078
40	0.01	8	94	0.02419800146708331
40	0.01	8	44	0.02419800146708331
40	0.01	8	11	0.021938847488643297
40	0.01	8	20	0.021938847488643297
40	0.01	8	98	0.021938847488643297
40	0.01	8	10	0.021938847488643297
40	0.01	8	4	0.021938847488643297
40	0.01	8	9	0.021938847488643297
40	0.01	8	5	0.021938847488643297
40	0.01	8	87	0.011537951629154804
40	0.01	8	3	0.011537951629154804
40	0.01	8	61	0.010370646072215096
40	0.01	8	69	0.011537951629154804
40	0.01	8	99	0.00994322004381961
40	0.01	8	76	0.00994322004381961
40	0.01	8	60	0.00994322004381961
40	0.01	9	0	0.4483477527133535
40	0.01	9	66	0.10781318910043088
40	0.01	9	29	0.10781318910043088
40	0.01	9	23	0.10781318910043088
40	0.01	9	74	0.10781318910043088
40	0.01	9	11	0.027417555905483428
40	0.01	9	20	0.02340316152999529
40	0.01	9	94	0.02340316152999529
40	0.01	9	4	0.02340316152999529
40	0.01	9	44	0.02340316152999529
40	0.01	9	5	0.023110059222259137
40	0.01	9	3	0.02340316152999529
40	0.01	9	98	0.02340316152999529
40	0.01	9	9	0.023110059222259137
40	0.01	9	10	0.023110059222259137
40	0.01	9	90	0.023110059222259137
40	0.01	9	18	0.023110059222259137
40	0.01	9	69	0.023110059222259137
40	0.01	9	38	0.010240319793145795
40	0.01	9	99	0.002633403550913521
40	0.01	10	0	0.4495183518153457
40	0.01	10	66	0.12182411326118019
40	0.01	10	29	0.12182411326118019
40	0.01	10	23	0.12182411326118019
40	0.01	10	74	0.12182411326118019
40	0.01	10	11	0.02879632909492093
40	0.01	10	4	0.02879632909492093
40	0.01	10	5	0.02879632909492093
40	0.01	10	94	0.02879632909492093
40	0.01	10	9	0.02879632909492093
40	0.01	10	44	0.02879632909492093
40	0.01	10	20	0.02879632909492093
40	0.01	10	3	0.02879632909492093
40	0.01	10	98	0.02879632909492093
40	0.01	10	10	0.02879632909492093
40	0.01	10	18	0.0182337347507144
40	0.01	10	69	0.0182337347507144
40	0.01	10	90	0.0182337347507144
40	0.01	10	7	0.0005592231965053421
40	0.01	10	61	0.005231900367275204
40	0.01	10	60	0.005231900367275204
40	0.01	11	0	0.4323678241199078
40	0.01	11	66	0.1196343664608946
40	0.01	11	29	0.1196343664608946
40	0.01	11	23	0.1196343664608946
40	0.01	11	74	0.1196343664608946
40	0.01	11	11	0.02806439417847831
40	0.01	11	5	0.02806439417847831
40	0.01	11	20	0.02806439417847831
40	0.01	11	94	0.02806439417847831
40	0.01	11	44	0.02806439417847831
40	0.01	11	9	0.026886128260494666
40	0.01	11	3	0.02806439417847831
40	0.01	11	4	0.02806439417847831
40	0.01	11	98	0.026886128260494666
40	0.01	11	10	0.010592388276796223
40	0.01	11	90	0.011252018990545367
40	0.01	11	69	0.011252018990545367
40	0.01	11	83	0.010592388276796223
40	0.01	11	60	0.010592388276796223
40	0.01	11	61	0.004967625862179554
40	0.01	12	0	0.46158572239726187
40	0.01	12	66	0.11593495927746364
40	0.01	12	29	0.11593495927746364
40	0.01	12	23	0.11593495927746364
40	0.01	12	74	0.11593495927746364
40	0.01	12	20	0.04230793853462552
40	0.01	12	94	0.04230793853462552
40	0.01	12	4	0.026826009345901194
40	0.01	12	11	0.026826009345901194
40	0.01	12	98	0.04230793853462552
40	0.01	12	44	0.04230793853462552
40	0.01	12	5	0.016100832266152252
40	0.01	12	9	0.016100832266152252
40	0.01	12	3	0.016100832266152252
40	0.01	12	10	0.014931688639195763
40	0.01	12	69	0.014931688639195763
40	0.01	12	90	0.014931688639195763
40	0.01	12	18	0.013829636317641922
40	0.01	12	99	0.00485231704937709
40	0.01	12	7	0.00018197809434580448
40	0.01	13	0	0.4109826869173645
40	0.01	13	29	0.1258461692714346
40	0.01	13	23	0.11916906804411637
40	0.01	13	11	0.02985507363136107
40	0.01	13	66	0.11916906804411637
40	0.01	13	74	0.11916906804411637
40	0.01	13	20	0.027813456069603965
40	0.01	13	4	0.027813456069603965
40	0.01	13	5	0.027813456069603965
40	0.01	13	98	0.02250420780870604
40	0.01	13	60	0.021586789776946117
40	0.01	13	76	0.018898235476435963
40	0.01	13	10	0.021586789776946117
40	0.01	13	69	0.021586789776946117
40	0.01	13	18	0.021586789776946117
40	0.01	13	77	0.02032333845000463
40	0.01	13	9	0.018898235476435963
40	0.01	13	61	0.018898235476435963
40	0.01	13	7	0.018898235476435963
40	0.01	13	70	0.007331035717844538
40	0.01	13	72	0.007331035717844538
40	0.01	13	42	0.007331035717844538
40	0.01	14	0	0.3539787172494026
40	0.01	14	29	0.11790102509277825
40	0.01	14	66	0.11790102509277825
40	0.01	14	23	0.11790102509277825
40	0.01	14	74	0.11790102509277825
40	0.01	14	20	0.01971698481290351
40	0.01	14	11	0.022300852586610215
40	0.01	14	4	0.022300852586610215
40	0.01	14	98	0.01971698481290351
40	0.01	14	44	0.01971698481290351
40	0.01	14	94	0.01971698481290351
40	0.01	14	5	0.01971698481290351
40	0.01	14	9	0.01971698481290351
40	0.01	14	10	0.019546904289852063
40	0.01	14	3	0.01971698481290351
40	0.01	14	90	0.019232509220789014
40	0.01	14	61	0.011133311931955828
40	0.01	14	18	0.019232509220789014
40	0.01	14	69	0.019232509220789014
40	0.01	14	60	0.011133311931955828
40	0.01	15	0	0.45307445267837665
40	0.01	15	66	0.12072120974783843
40	0.01	15	29	0.12602558122710275
40	0.01	15	23	0.12602558122710275
40	0.01	15	74	0.12602558122710275
40	0.01	15	11	0.03517232161126208
40	0.01	15	94	0.03517232161126208
40	0.01	15	20	0.03517232161126208
40	0.01	15	4	0.03517232161126208
40	0.01	15	44	0.03517232161126208
40	0.01	15	98	0.03517232161126208
40	0.01	15	3	0.03517232161126208
40	0.01	15	5	0.03517232161126208
40	0.01	15	9	0.03517232161126208
40	0.01	15	90	0.03235623514472419
40	0.01	15	69	0.03235623514472419
40	0.01	15	10	0.03235623514472419
40	0.01	15	83	0.0043202136419133
40	0.01	15	7	0.005776073190180615
40	0.01	15	42	0.005776073190180615
40	0.01	15	60	0.0043202136419133
40	0.01	15	99	0.0043202136419133
40	0.01	16	0	0.45993588556549103
40	0.01	16	66	0.11126010846129031
40	0.01	16	29	0.12042517272748351
40	0.01	16	23	0.12042517272748351
40	0.01	16	74	0.12042517272748351
40	0.01	16	11	0.03282757116637082
40	0.01	16	4	0.03282757116637082
40	0.01	16	5	0.03282757116637082
40	0.01	16	20	0.03282757116637082
40	0.01	16	94	0.03282757116637082
40	0.01	16	44	0.03282757116637082
40	0.01	16	98	0.03282757116637082
40	0.01	16	9	0.03282757116637082
40	0.01	16	3	0.024400802269616353
40	0.01	16	10	0.024400802269616353
40	0.01	16	69	0.019563314497078002
40	0.01	16	90	0.019563314497078002
40	0.01	16	18	0.019563314497078002
40	0.01	16	61	0.008580494602369098
40	0.01	16	60	0.008580494602369098
40	0.01	17	0	0.4588017694748306
40	0.01	17	66	0.10856291972214348
40	0.01	17	29	0.11528156905589888
40	0.01	17	23	0.11528156905589888
40	0.01	17	74	0.11528156905589888
40	0.01	17	20	0.027499456704737538
40	0.01	17	11	0.027499456704737538
40	0.01	17	44	0.027499456704737538
40	0.01	17	4	0.027499456704737538
40	0.01	17	5	0.027499456704737538
40	0.01	17	94	0.027499456704737538
40	0.01	17	98	0.027499456704737538
40	0.01	17	9	0.01775330187651447
40	0.01	17	3	0.01775330187651447
40	0.01	17	10	0.01775330187651447
40	0.01	17	18	0.012417867853409518
40	0.01	17	69	0.012417867853409518
40	0.01	17	90	0.009413438299865047
40	0.01	17	7	0.008639303766749576
40	0.01	17	93	0.008639303766749576
40	0.01	18	0	0.4625880002200204
40	0.01	18	66	0.1089488676339097
40	0.01	18	29	0.11938814967841277
40	0.01	18	23	0.11938814967841277
40	0.01	18	74	0.11938814967841277
40	0.01	18	20	0.030538377697521973
40	0.01	18	11	0.030538377697521973
40	0.01	18	94	0.030538377697521973
40	0.01	18	4	0.030538377697521973
40	0.01	18	98	0.030538377697521973
40	0.01	18	5	0.030538377697521973
40	0.01	18	44	0.030538377697521973
40	0.01	18	3	0.030538377697521973
40	0.01	18	9	0.030538377697521973
40	0.01	18	10	0.021246207843177673
40	0.01	18	18	0.018876750887532504
40	0.01	18	60	0.0009875490057329815
40	0.01	18	90	0.018876750887532504
40	0.01	18	69	0.018876750887532504
40	0.01	18	7	0.0047965193261176155
40	0.01	19	0	0.46136190137339866
40	0.01	19	66	0.1074138791151917
40	0.01	19	29	0.10810405505067495
40	0.01	19	74	0.10810405505067495
40	0.01	19	23	0.10810405505067495
40	0.01	19	4	0.03168307573998709
40	0.01	19	11	0.03168307573998709
40	0.01	19	20	0.03168307573998709
40	0.01	19	98	0.03168307573998709
40	0.01	19	44	0.03168307573998709
40	0.01	19	94	0.03168307573998709
40	0.01	19	5	0.03168307573998709
40	0.01	19	9	0.03168307573998709
40	0.01	19	3	0.03168307573998709
40	0.01	19	90	0.015850193765350965
40	0.01	19	10	0.014901104927823703
40	0.01	19	69	0.009320498222577607
40	0.01	19	18	0.009320498222577607
40	0.01	19	60	0.002615960271839101
40	0.01	19	99	0.001740535254307556
40	0.01	20	0	0.49087928102873357
40	0.01	20	66	0.1308940213805586
40	0.01	20	29	0.1308940213805586
40	0.01	20	23	0.1308940213805586
40	0.01	20	74	0.1308940213805586
40	0.01	20	4	0.02859774566880441
40	0.01	20	94	0.01920571167588139
40	0.01	20	20	0.01920571167588139
40	0.01	20	44	0.01920571167588139
40	0.01	20	10	0.01920571167588139
40	0.01	20	98	0.01920571167588139
40	0.01	20	18	0.01920571167588139
40	0.01	20	9	0.01920571167588139
40	0.01	20	3	0.01920571167588139
40	0.01	20	11	0.01920571167588139
40	0.01	20	5	0.01920571167588139
40	0.01	20	69	0.016474381099140404
40	0.01	20	90	0.016474381099140404
40	0.01	20	62	0.011358952326360958
40	0.01	20	38	0.011358952326360958
40	0.01	21	0	0.4982670740405007
40	0.01	21	29	0.13249589740377238
40	0.01	21	66	0.13249589740377238
40	0.01	21	23	0.13249589740377238
40	0.01	21	74	0.13249589740377238
40	0.01	21	20	0.025606881879019522
40	0.01	21	11	0.025606881879019522
40	0.01	21	4	0.025606881879019522
40	0.01	21	5	0.025606881879019522
40	0.01	21	3	0.025606881879019522
40	0.01	21	9	0.025606881879019522
40	0.01	21	44	0.025606881879019522
40	0.01	21	98	0.025606881879019522
40	0.01	21	10	0.025606881879019522
40	0.01	21	69	0.011289871317660162
40	0.01	21	72	0.009458760198093384
40	0.01	21	87	0.009458760198093384
40	0.01	21	60	0.011289871317660162
40	0.01	21	18	0.011289871317660162
40	0.01	21	61	0.004196460216174185
40	0.01	21	42	0.007534432223688322
40	0.01	22	0	0.45053208427246955
40	0.01	22	66	0.1285983813305474
40	0.01	22	29	0.1285983813305474
40	0.01	22	23	0.1285983813305474
40	0.01	22	74	0.1285983813305474
40	0.01	22	11	0.026004279770239874
40	0.01	22	94	0.026004279770239874
40	0.01	22	20	0.026004279770239874
40	0.01	22	4	0.026004279770239874
40	0.01	22	5	0.026004279770239874
40	0.01	22	44	0.026004279770239874
40	0.01	22	98	0.026004279770239874
40	0.01	22	3	0.026004279770239874
40	0.01	22	9	0.026004279770239874
40	0.01	22	10	0.026004279770239874
40	0.01	22	90	0.013741367174158243
40	0.01	22	69	0.01178216684574488
40	0.01	22	72	0.011495047782868422
40	0.01	22	61	0.01178216684574488
40	0.01	22	18	0.01178216684574488
40	0.01	23	0	0.4517685802128677
40	0.01	23	66	0.12596488443419876
40	0.01	23	29	0.12596488443419876
40	0.01	23	74	0.12596488443419876
40	0.01	23	23	0.12596488443419876
40	0.01	23	11	0.03006541156442923
40	0.01	23	4	0.03006541156442923
40	0.01	23	20	0.02685757433803964
40	0.01	23	5	0.02685757433803964
40	0.01	23	98	0.02685757433803964
40	0.01	23	44	0.02685757433803964
40	0.01	23	9	0.02685757433803964
40	0.01	23	3	0.02685757433803964
40	0.01	23	10	0.014849992202348134
40	0.01	23	90	0.01412109849930387
40	0.01	23	18	0.010368446784158731
40	0.01	23	69	0.010368446784158731
40	0.01	23	62	0.010368446784158731
40	0.01	23	87	0.010318734359276785
40	0.01	23	76	0.010318734359276785
40	0.01	24	0	0.4262447821696731
40	0.01	24	66	0.13197673773680924
40	0.01	24	29	0.14192282136198542
40	0.01	24	23	0.14192282136198542
40	0.01	24	74	0.14192282136198542
40	0.01	24	20	0.026366955029592232
40	0.01	24	4	0.034759668265743414
40	0.01	24	11	0.034759668265743414
40	0.01	24	44	0.026366955029592232
40	0.01	24	98	0.02499508669979526
40	0.01	24	90	0.02499508669979526
40	0.01	24	9	0.02499508669979526
40	0.01	24	3	0.02499508669979526
40	0.01	24	5	0.02499508669979526
40	0.01	24	10	0.02499508669979526
40	0.01	24	18	0.02499508669979526
40	0.01	24	62	0.011937821379545627
40	0.01	24	99	0.011937821379545627
40	0.01	24	70	0.011937821379545627
40	0.01	24	87	0.004477656436970598
40	0.01	25	0	0.43574957048183555
40	0.01	25	66	0.08318644254946456
40	0.01	25	29	0.10069851803087365
40	0.01	25	74	0.10069851803087365
40	0.01	25	23	0.10069851803087365
40	0.01	25	11	0.05590815342109932
40	0.01	25	20	0.05590815342109932
40	0.01	25	94	0.05590815342109932
40	0.01	25	69	0.029119108942399084
40	0.01	25	4	0.05590815342109932
40	0.01	25	5	0.05590815342109932
40	0.01	25	42	0.015357939809273698
40	0.01	25	98	0.009096857653656545
40	0.01	25	60	0.029119108942399084
40	0.01	25	76	0.029119108942399084
40	0.01	25	62	0.029119108942399084
40	0.01	25	18	0.015357939809273698
40	0.01	25	45	0.015357939809273698
40	0.01	25	27	0.0074279890219908565
40	0.01	25	7	0.004329199980942856
40	0.01	25	43	0.004329199980942856
40	0.01	26	0	0.4861553331555479
40	0.01	26	66	0.13143513996242562
40	0.01	26	29	0.13143513996242562
40	0.01	26	74	0.13143513996242562
40	0.01	26	23	0.13143513996242562
40	0.01	26	20	0.034748069737641586
40	0.01	26	94	0.034748069737641586
40	0.01	26	5	0.034748069737641586
40	0.01	26	44	0.034748069737641586
40	0.01	26	4	0.034748069737641586
40	0.01	26	9	0.034748069737641586
40	0.01	26	98	0.034748069737641586
40	0.01	26	10	0.015505801737800381
40	0.01	26	69	0.0091413214624277
40	0.01	26	61	0.0091413214624277
40	0.01	26	83	0.0091413214624277
40	0.01	26	7	0.0091413214624277
40	0.01	26	18	0.0091413214624277
40	0.01	26	51	0.00039030882840654244
40	0.01	26	90	0.008655849385834377
40	0.01	26	72	0.008655849385834377
40	0.01	27	0	0.45209848496201727
40	0.01	27	66	0.11802848263956957
40	0.01	27	29	0.11802848263956957
40	0.01	27	23	0.11802848263956957
40	0.01	27	74	0.11802848263956957
40	0.01	27	11	0.020442775298486898
40	0.01	27	20	0.020442775298486898
40	0.01	27	94	0.020442775298486898
40	0.01	27	4	0.020442775298486898
40	0.01	27	5	0.01921199379093927
40	0.01	27	98	0.020442775298486898
40	0.01	27	44	0.020442775298486898
40	0.01	27	10	0.01921199379093927
40	0.01	27	3	0.01921199379093927
40	0.01	27	9	0.01921199379093927
40	0.01	27	61	0.0046674515844353235
40	0.01	27	18	0.015333752133906031
40	0.01	27	69	0.015333752133906031
40	0.01	27	90	0.015333752133906031
40	0.01	27	38	0.0023209950469503713
40	0.01	28	0	0.4587527965725998
40	0.01	28	66	0.11320952487473201
40	0.01	28	29	0.12571898260295342
40	0.01	28	23	0.12571898260295342
40	0.01	28	74	0.12571898260295342
40	0.01	28	11	0.03688492048639468
40	0.01	28	4	0.024977738808716256
40	0.01	28	94	0.0267081864370734
40	0.01	28	20	0.0267081864370734
40	0.01	28	44	0.024977738808716256
40	0.01	28	9	0.02186878388766811
40	0.01	28	5	0.02186878388766811
40	0.01	28	98	0.02186878388766811
40	0.01	28	3	0.02186878388766811
40	0.01	28	10	0.02186878388766811
40	0.01	28	90	0.02186878388766811
40	0.01	28	18	0.02186878388766811
40	0.01	28	69	0.008899205191371547
40	0.01	28	42	0.008899205191371547
40	0.01	28	99	0.0038497718071839947
40	0.01	29	0	0.495900926964027
40	0.01	29	66	0.11933209677204663
40	0.01	29	29	0.12011600782042517
40	0.01	29	23	0.12011600782042517
40	0.01	29	74	0.12011600782042517
40	0.01	29	11	0.029543340946562583
40	0.01	29	20	0.029543340946562583
40	0.01	29	4	0.029543340946562583
40	0.01	29	94	0.029543340946562583
40	0.01	29	5	0.029543340946562583
40	0.01	29	44	0.029543340946562583
40	0.01	29	3	0.029543340946562583
40	0.01	29	98	0.029543340946562583
40	0.01	29	9	0.029543340946562583
40	0.01	29	10	0.017049109558383742
40	0.01	29	61	0.009106390122490137
40	0.01	29	60	0.0047869788144667864
40	0.01	29	69	0.01613193284488611
40	0.01	29	90	0.01613193284488611
40	0.01	29	18	0.01613193284488611
40	0.01	29	38	0.005019576833485751
40	0.01	30	0	0.45788524848202106
40	0.01	30	66	0.11690093803738959
40	0.01	30	29	0.11690093803738959
40	0.01	30	23	0.11690093803738959
40	0.01	30	74	0.11690093803738959
40	0.01	30	11	0.02610734599598249
40	0.01	30	20	0.02610734599598249
40	0.01	30	94	0.02610734599598249
40	0.01	30	4	0.02610734599598249
40	0.01	30	5	0.02537545135626659
40	0.01	30	98	0.02537545135626659
40	0.01	30	44	0.02537545135626659
40	0.01	30	90	0.016755685903505322
40	0.01	30	10	0.02537545135626659
40	0.01	30	3	0.02537545135626659
40	0.01	30	9	0.02537545135626659
40	0.01	30	7	0.011227779965211153
40	0.01	30	69	0.009503896593377605
40	0.01	30	18	0.009503896593377605
40	0.01	30	38	0.0041883500018540165
40	0.01	31	0	0.4489903176889232
40	0.01	31	66	0.12289118930436874
40	0.01	31	29	0.12289118930436874
40	0.01	31	23	0.12289118930436874
40	0.01	31	74	0.12289118930436874
40	0.01	31	20	0.021744949045119547
40	0.01	31	94	0.021744949045119547
40	0.01	31	4	0.021744949045119547
40	0.01	31	11	0.021744949045119547
40	0.01	31	5	0.021744949045119547
40	0.01	31	44	0.021744949045119547
40	0.01	31	3	0.021744949045119547
40	0.01	31	98	0.021744949045119547
40	0.01	31	9	0.018152154645249937
40	0.01	31	10	0.018152154645249937
40	0.01	31	90	0.012568133408854269
40	0.01	31	61	0.005345008082868519
40	0.01	31	18	0.012568133408854269
40	0.01	31	69	0.012568133408854269
40	0.01	31	60	0.001626655238809759
40	0.01	32	0	0.37077841289538566
40	0.01	32	29	0.1163438522513528
40	0.01	32	66	0.1163438522513528
40	0.01	32	23	0.1163438522513528
40	0.01	32	74	0.1163438522513528
40	0.01	32	11	0.03782051360333726
40	0.01	32	94	0.026491206404225972
40	0.01	32	4	0.026491206404225972
40	0.01	32	98	0.026491206404225972
40	0.01	32	44	0.026491206404225972
40	0.01	32	90	0.026491206404225972
40	0.01	32	20	0.026491206404225972
40	0.01	32	99	0.012994758413205878
40	0.01	32	69	0.026491206404225972
40	0.01	32	3	0.026491206404225972
40	0.01	32	5	0.026491206404225972
40	0.01	32	10	0.026491206404225972
40	0.01	32	9	0.026491206404225972
40	0.01	32	61	0.006539511738217519
40	0.01	32	70	0.005193310750610191
40	0.01	32	76	0.005193310750610191
40	0.01	33	0	0.4515209230995913
40	0.01	33	66	0.1237760926411194
40	0.01	33	29	0.1237760926411194
40	0.01	33	23	0.1237760926411194
40	0.01	33	74	0.1237760926411194
40	0.01	33	11	0.02016440310970713
40	0.01	33	44	0.02016440310970713
40	0.01	33	20	0.02016440310970713
40	0.01	33	94	0.02016440310970713
40	0.01	33	98	0.019413596150447344
40	0.01	33	5	0.02016440310970713
40	0.01	33	4	0.02016440310970713
40	0.01	33	10	0.01624591572288639
40	0.01	33	9	0.01390208066511727
40	0.01	33	3	0.01390208066511727
40	0.01	33	90	0.010855725157404331
40	0.01	33	69	0.0047091766504896325
40	0.01	33	18	0.0047091766504896325
40	0.01	33	60	0.010855725157404331
40	0.01	33	76	0.010855725157404331
40	0.01	33	61	0.010855725157404331
40	0.01	33	99	0.010855725157404331
40	0.01	34	0	0.4537466694294369
40	0.01	34	66	0.12982160621498773
40	0.01	34	29	0.12982160621498773
40	0.01	34	23	0.12982160621498773
40	0.01	34	74	0.12982160621498773
40	0.01	34	20	0.025536395266972756
40	0.01	34	94	0.025536395266972756
40	0.01	34	4	0.025536395266972756
40	0.01	34	11	0.025536395266972756
40	0.01	34	9	0.025536395266972756
40	0.01	34	3	0.025536395266972756
40	0.01	34	10	0.02127859202333184
40	0.01	34	98	0.02127859202333184
40	0.01	34	44	0.02127859202333184
40	0.01	34	60	0.010004665233870289
40	0.01	34	69	0.015576636970432782
40	0.01	34	90	0.015576636970432782
40	0.01	34	18	0.00795837714226482
40	0.01	34	76	0.010004665233870289
40	0.01	34	62	0.005746766210459451
40	0.01	35	0	0.45110485290506097
40	0.01	35	66	0.12545165443333658
40	0.01	35	29	0.12545165443333658
40	0.01	35	23	0.12545165443333658
40	0.01	35	74	0.12545165443333658
40	0.01	35	11	0.03978006307100347
40	0.01	35	4	0.03978006307100347
40	0.01	35	94	0.03978006307100347
40	0.01	35	20	0.03978006307100347
40	0.01	35	5	0.03978006307100347
40	0.01	35	44	0.03978006307100347
40	0.01	35	9	0.03978006307100347
40	0.01	35	98	0.03978006307100347
40	0.01	35	3	0.03978006307100347
40	0.01	35	10	0.03978006307100347
40	0.01	35	61	0.004626742894399256
40	0.01	35	70	0.014829313614227494
40	0.01	35	90	0.014829313614227494
40	0.01	35	42	0.003808293211166751
40	0.01	35	93	0.003808293211166751
40	0.01	36	0	0.45538709756114143
40	0.01	36	66	0.1058613423240032
40	0.01	36	29	0.12019874253243518
40	0.01	36	23	0.12019874253243518
40	0.01	36	74	0.12019874253243518
40	0.01	36	20	0.02963457415206291
40	0.01	36	4	0.02963457415206291
40	0.01	36	11	0.02963457415206291
40	0.01	36	94	0.02963457415206291
40	0.01	36	98	0.02963457415206291
40	0.01	36	44	0.02963457415206291
40	0.01	36	5	0.02963457415206291
40	0.01	36	3	0.02963457415206291
40	0.01	36	9	0.02963457415206291
40	0.01	36	10	0.02963457415206291
40	0.01	36	90	0.0037083419981779773
40	0.01	36	60	0.009539222751396507
40	0.01	36	61	0.009539222751396507
40	0.01	36	99	0.0064748647642503135
40	0.01	36	83	0.0064748647642503135
40	0.01	36	76	0.0064748647642503135
40	0.01	37	0	0.4439403046694176
40	0.01	37	66	0.13500334991947255
40	0.01	37	29	0.13500334991947255
40	0.01	37	23	0.13500334991947255
40	0.01	37	74	0.13500334991947255
40	0.01	37	20	0.0264759162742351
40	0.01	37	4	0.025553453902840705
40	0.01	37	44	0.025553453902840705
40	0.01	37	98	0.025553453902840705
40	0.01	37	94	0.025553453902840705
40	0.01	37	11	0.025553453902840705
40	0.01	37	10	0.025553453902840705
40	0.01	37	5	0.025553453902840705
40	0.01	37	61	0.008304066963789582
40	0.01	37	3	0.00736961339999019
40	0.01	37	60	0.00790785860877668
40	0.01	37	72	0.00790785860877668
40	0.01	37	69	0.00790785860877668
40	0.01	37	99	0.002461501183718233
40	0.01	37	9	0.00736961339999019
40	0.01	37	42	0.005768914037798895
40	0.01	38	0	0.49010635532594726
40	0.01	38	66	0.12193216614866928
40	0.01	38	29	0.12193216614866928
40	0.01	38	23	0.12193216614866928
40	0.01	38	74	0.12193216614866928
40	0.01	38	94	0.021266872623814055
40	0.01	38	11	0.021266872623814055
40	0.01	38	44	0.021266872623814055
40	0.01	38	20	0.021266872623814055
40	0.01	38	4	0.021266872623814055
40	0.01	38	5	0.021266872623814055
40	0.01	38	3	0.021266872623814055
40	0.01	38	10	0.021266872623814055
40	0.01	38	9	0.021266872623814055
40	0.01	38	98	0.021266872623814055
40	0.01	38	18	0.009263702078360825
40	0.01	38	61	0.004614925148638401
40	0.01	38	62	0.009263702078360825
40	0.01	38	69	0.009263702078360825
40	0.01	38	90	0.004614925148638401
40	0.01	39	0	0.4816973570990909
40	0.01	39	66	0.12055372591167765
40	0.01	39	29	0.12055372591167765
40	0.01	39	23	0.12055372591167765
40	0.01	39	74	0.12055372591167765
40	0.01	39	11	0.03466818616041179
40	0.01	39	4	0.03466818616041179
40	0.01	39	5	0.03466818616041179
40	0.01	39	98	0.03466818616041179
40	0.01	39	44	0.03466818616041179
40	0.01	39	20	0.03466818616041179
40	0.01	39	94	0.03466818616041179
40	0.01	39	9	0.017633911737530247
40	0.01	39	90	0.009942736090794801
40	0.01	39	10	0.017633911737530247
40	0.01	39	3	0.017633911737530247
40	0.01	39	18	0.013303714147965318
40	0.01	39	69	0.013303714147965318
40	0.01	39	61	0.006012399849983818
40	0.01	39	93	0.005858639652163861
40	0.01	40	0	0.4537852954624233
40	0.01	40	66	0.09833194597993747
40	0.01	40	29	0.11790539349977261
40	0.01	40	23	0.11790539349977261
40	0.01	40	74	0.11790539349977261
40	0.01	40	20	0.03816049383764711
40	0.01	40	11	0.025245958216811703
40	0.01	40	4	0.025245958216811703
40	0.01	40	98	0.025245958216811703
40	0.01	40	94	0.025245958216811703
40	0.01	40	5	0.025245958216811703
40	0.01	40	44	0.021815263999840125
40	0.01	40	60	0.010073029032686651
40	0.01	40	9	0.018687837533022646
40	0.01	40	10	0.018687837533022646
40	0.01	40	3	0.018687837533022646
40	0.01	40	90	0.007782787854161617
40	0.01	40	83	0.003568218734343128
40	0.01	40	18	0.0059511597956365065
40	0.01	40	69	0.0059511597956365065
40	0.01	40	42	0.005747534557654054
40	0.01	41	0	0.4653538070595369
40	0.01	41	66	0.09994669146273574
40	0.01	41	29	0.11002782410907957
40	0.01	41	23	0.11002782410907957
40	0.01	41	74	0.11002782410907957
40	0.01	41	94	0.05513844239751347
40	0.01	41	11	0.034621202631864016
40	0.01	41	4	0.034621202631864016
40	0.01	41	9	0.034621202631864016
40	0.01	41	5	0.034621202631864016
40	0.01	41	10	0.034621202631864016
40	0.01	41	3	0.034621202631864016
40	0.01	41	20	0.01683348108371379
40	0.01	41	98	0.01683348108371379
40	0.01	41	61	0.0036674579715501995
40	0.01	41	99	0.003667306683208031
40	0.01	41	83	0.003667306683208031
40	0.01	41	60	0.0034487365491001217
40	0.01	41	76	0.0011371655840195568
40	0.01	41	38	0.003437748449127036
40	0.01	41	44	0.003437748449127036
40	0.01	41	7	0.003437748449127036
40	0.01	42	0	0.4819809874980831
40	0.01	42	66	0.10844138163836407
40	0.01	42	29	0.12394132854681232
40	0.01	42	23	0.12394132854681232
40	0.01	42	74	0.12394132854681232
40	0.01	42	11	0.023061425487209013
40	0.01	42	4	0.023061425487209013
40	0.01	42	5	0.023061425487209013
40	0.01	42	94	0.021483253166295305
40	0.01	42	20	0.021483253166295305
40	0.01	42	44	0.021483253166295305
40	0.01	42	98	0.021483253166295305
40	0.01	42	90	0.019540271035043685
40	0.01	42	61	0.008541552307692688
40	0.01	42	99	0.008541552307692688
40	0.01	42	18	0.019540271035043685
40	0.01	42	10	0.019540271035043685
40	0.01	42	9	0.019540271035043685
40	0.01	42	3	0.019540271035043685
40	0.01	42	7	0.008856173399190297
40	0.01	42	38	0.008856173399190297
40	0.01	42	69	0.008856173399190297
40	0.01	43	0	0.45682085516110693
40	0.01	43	66	0.12080183565654311
40	0.01	43	29	0.12080183565654311
40	0.01	43	23	0.12080183565654311
40	0.01	43	74	0.12080183565654311
40	0.01	43	11	0.02760392568213189
40	0.01	43	20	0.02760392568213189
40	0.01	43	94	0.02760392568213189
40	0.01	43	4	0.02760392568213189
40	0.01	43	5	0.02760392568213189
40	0.01	43	44	0.02760392568213189
40	0.01	43	9	0.02760392568213189
40	0.01	43	10	0.02238531625695582
40	0.01	43	98	0.02760392568213189
40	0.01	43	3	0.02760392568213189
40	0.01	43	69	0.02238531625695582
40	0.01	43	90	0.00985315665579558
40	0.01	43	18	0.00985315665579558
40	0.01	43	61	0.009733446632864025
40	0.01	43	60	0.009733446632864025
40	0.01	44	0	0.47394358974390327
40	0.01	44	66	0.10203101237017259
40	0.01	44	29	0.11704700153470751
40	0.01	44	23	0.11704700153470751
40	0.01	44	74	0.11704700153470751
40	0.01	44	11	0.029190810064530393
40	0.01	44	4	0.029190810064530393
40	0.01	44	98	0.02377992759787757
40	0.01	44	20	0.02750813396531406
40	0.01	44	94	0.02750813396531406
40	0.01	44	5	0.023241024773023002
40	0.01	44	44	0.023241024773023002
40	0.01	44	3	0.023241024773023002
40	0.01	44	9	0.023241024773023002
40	0.01	44	10	0.023241024773023002
40	0.01	44	61	0.005503124231979948
40	0.01	44	60	0.004985105447436519
40	0.01	44	90	0.01117503106823538
40	0.01	44	18	0.01117503106823538
40	0.01	44	69	0.01117503106823538
40	0.01	45	0	0.4127913117298824
40	0.01	45	66	0.13468130406527734
40	0.01	45	29	0.13468130406527734
40	0.01	45	23	0.13468130406527734
40	0.01	45	74	0.13468130406527734
40	0.01	45	11	0.031512475682625614
40	0.01	45	94	0.031512475682625614
40	0.01	45	4	0.031512475682625614
40	0.01	45	20	0.031512475682625614
40	0.01	45	5	0.031512475682625614
40	0.01	45	3	0.031512475682625614
40	0.01	45	44	0.031512475682625614
40	0.01	45	9	0.031512475682625614
40	0.01	45	98	0.031512475682625614
40	0.01	45	10	0.031512475682625614
40	0.01	45	90	0.014051007944568912
40	0.01	45	83	0.0032001071613566604
40	0.01	45	69	0.005535387378396896
40	0.01	45	18	0.005535387378396896
40	0.01	45	99	0.0032001071613566604
40	0.01	45	76	0.0032001071613566604
40	0.01	45	7	0.0031617939514200135
40	0.01	46	0	0.44761458178957153
40	0.01	46	66	0.1251990043926416
40	0.01	46	29	0.1251990043926416
40	0.01	46	23	0.1251990043926416
40	0.01	46	74	0.1251990043926416
40	0.01	46	11	0.024348276378530338
40	0.01	46	94	0.024348276378530338
40	0.01	46	20	0.024348276378530338
40	0.01	46	4	0.024348276378530338
40	0.01	46	44	0.024348276378530338
40	0.01	46	98	0.024348276378530338
40	0.01	46	10	0.024348276378530338
40	0.01	46	5	0.024348276378530338
40	0.01	46	9	0.024348276378530338
40	0.01	46	3	0.01888995066032176
40	0.01	46	90	0.01888995066032176
40	0.01	46	61	0.01888995066032176
40	0.01	46	60	0.0036742767643729484
40	0.01	46	18	0.01888995066032176
40	0.01	46	69	0.01888995066032176
40	0.01	47	0	0.45499280362903594
40	0.01	47	66	0.11605660645140539
40	0.01	47	29	0.11605660645140539
40	0.01	47	23	0.11605660645140539
40	0.01	47	74	0.11605660645140539
40	0.01	47	20	0.02318353825431427
40	0.01	47	94	0.02318353825431427
40	0.01	47	4	0.02318353825431427
40	0.01	47	11	0.02318353825431427
40	0.01	47	5	0.02318353825431427
40	0.01	47	98	0.02318353825431427
40	0.01	47	44	0.02318353825431427
40	0.01	47	90	0.021071180286536255
40	0.01	47	9	0.02318353825431427
40	0.01	47	3	0.02318353825431427
40	0.01	47	10	0.02318353825431427
40	0.01	47	69	0.01263482295056989
40	0.01	47	18	0.01263482295056989
40	0.01	47	38	0.005609001145002577
40	0.01	47	61	0.0015798732704708734
40	0.01	48	0	0.3820514506082539
40	0.01	48	66	0.08743027732639812
40	0.01	48	29	0.12959933371235818
40	0.01	48	74	0.12959933371235818
40	0.01	48	23	0.12959933371235818
40	0.01	48	4	0.03510159149078695
40	0.01	48	11	0.02383760110722084
40	0.01	48	20	0.02383760110722084
40	0.01	48	94	0.02383760110722084
40	0.01	48	44	0.02383760110722084
40	0.01	48	9	0.02383760110722084
40	0.01	48	5	0.02383760110722084
40	0.01	48	90	0.015336873718630066
40	0.01	48	69	0.006244009093996305
40	0.01	48	10	0.015336873718630066
40	0.01	48	98	0.015336873718630066
40	0.01	48	3	0.015336873718630066
40	0.01	48	61	0.006244009093996305
40	0.01	48	87	0.015336873718630066
40	0.01	48	60	0.015336873718630066
40	0.01	48	7	0.015336873718630066
40	0.01	48	13	0.015336873718630066
40	0.01	49	0	0.4357508976600624
40	0.01	49	66	0.12840505593384074
40	0.01	49	29	0.12840505593384074
40	0.01	49	23	0.12840505593384074
40	0.01	49	74	0.12840505593384074
40	0.01	49	11	0.03288389766341381
40	0.01	49	20	0.03288389766341381
40	0.01	49	4	0.03288389766341381
40	0.01	49	5	0.03288389766341381
40	0.01	49	44	0.03288389766341381
40	0.01	49	9	0.03288389766341381
40	0.01	49	98	0.03288389766341381
40	0.01	49	3	0.03288389766341381
40	0.01	49	10	0.03288389766341381
40	0.01	49	94	0.02158340378891979
40	0.01	49	90	0.014971076045378496
40	0.01	49	69	0.014971076045378496
40	0.01	49	60	0.003085493921526858
40	0.01	49	42	0.014971076045378496
40	0.01	49	18	0.014971076045378496
40	0.01	50	0	0.4521645998929243
40	0.01	50	66	0.10718241160921288
40	0.01	50	29	0.11840522268146533
40	0.01	50	23	0.11840522268146533
40	0.01	50	74	0.11840522268146533
40	0.01	50	20	0.03439484498650713
40	0.01	50	94	0.03439484498650713
40	0.01	50	4	0.03439484498650713
40	0.01	50	11	0.03439484498650713
40	0.01	50	44	0.03439484498650713
40	0.01	50	98	0.03439484498650713
40	0.01	50	5	0.02204859788009336
40	0.01	50	3	0.02204859788009336
40	0.01	50	9	0.02204859788009336
40	0.01	50	10	0.02204859788009336
40	0.01	50	90	0.02204859788009336
40	0.01	50	60	0.010181612634407576
40	0.01	50	69	0.007759686547029819
40	0.01	50	7	0.006238526365572271
40	0.01	50	18	0.0013052397914903977
40	0.01	51	0	0.4366659529742701
40	0.01	51	66	0.10855280095589963
40	0.01	51	29	0.11519256420126643
40	0.01	51	23	0.11519256420126643
40	0.01	51	74	0.11519256420126643
40	0.01	51	20	0.03348027985745255
40	0.01	51	94	0.03348027985745255
40	0.01	51	4	0.03348027985745255
40	0.01	51	11	0.03348027985745255
40	0.01	51	98	0.03348027985745255
40	0.01	51	5	0.03348027985745255
40	0.01	51	44	0.03348027985745255
40	0.01	51	9	0.03348027985745255
40	0.01	51	3	0.03348027985745255
40	0.01	51	10	0.03348027985745255
40	0.01	51	90	0.03348027985745255
40	0.01	51	38	0.0031333323803869545
40	0.01	51	60	0.0031333323803869545
40	0.01	51	61	0.0031333323803869545
40	0.01	51	99	0.0024133160128738174
40	0.01	51	83	0.0024133160128738174
40	0.01	52	0	0.448520238701891
40	0.01	52	66	0.10701975788394873
40	0.01	52	29	0.132081251178941
40	0.01	52	23	0.132081251178941
40	0.01	52	74	0.132081251178941
40	0.01	52	11	0.025966614277556123
40	0.01	52	20	0.025966614277556123
40	0.01	52	94	0.025966614277556123
40	0.01	52	4	0.025966614277556123
40	0.01	52	5	0.022027573961255244
40	0.01	52	98	0.02247034490174681
40	0.01	52	44	0.02247034490174681
40	0.01	52	10	0.022027573961255244
40	0.01	52	90	0.022027573961255244
40	0.01	52	3	0.022027573961255244
40	0.01	52	9	0.022027573961255244
40	0.01	52	69	0.014164885084639948
40	0.01	52	18	0.014164885084639948
40	0.01	52	38	0.002960039712280268
40	0.01	52	61	0.002641615942165575
40	0.01	52	60	0.002641615942165575
40	0.01	53	0	0.42666795094323967
40	0.01	53	66	0.09835615907913335
40	0.01	53	29	0.11945676563172404
40	0.01	53	23	0.11945676563172404
40	0.01	53	74	0.11945676563172404
40	0.01	53	20	0.026383333296285894
40	0.01	53	94	0.02405072742740569
40	0.01	53	11	0.022649322409917252
40	0.01	53	4	0.022546216054861377
40	0.01	53	5	0.022546216054861377
40	0.01	53	98	0.022546216054861377
40	0.01	53	9	0.022546216054861377
40	0.01	53	44	0.022546216054861377
40	0.01	53	3	0.022546216054861377
40	0.01	53	10	0.013813139902110612
40	0.01	53	76	0.005119802721886662
40	0.01	53	60	0.002282211763922006
40	0.01	53	90	0.010786368142340515
40	0.01	53	18	0.010786368142340515
40	0.01	53	69	0.010786368142340515
40	0.01	53	62	0.003389803910933402
40	0.01	54	0	0.3983787735117124
40	0.01	54	23	0.13319434533412894
40	0.01	54	66	0.11218287716314988
40	0.01	54	74	0.13319434533412894
40	0.01	54	29	0.13319434533412894
40	0.01	54	11	0.03249635787123036
40	0.01	54	20	0.02563763787739378
40	0.01	54	94	0.02563763787739378
40	0.01	54	4	0.02563763787739378
40	0.01	54	5	0.02563763787739378
40	0.01	54	44	0.02563763787739378
40	0.01	54	3	0.02563763787739378
40	0.01	54	9	0.02563763787739378
40	0.01	54	10	0.02563763787739378
40	0.01	54	98	0.022054353597967615
40	0.01	54	60	0.004235800205865194
40	0.01	54	99	0.004235800205865194
40	0.01	54	18	0.01428651367889402
40	0.01	54	69	0.01428651367889402
40	0.01	54	90	0.01428651367889402
40	0.01	54	72	0.007691631852367628
40	0.01	54	62	0.003550378891189257
40	0.01	55	0	0.42394335000705863
40	0.01	55	66	0.15003484613036958
40	0.01	55	29	0.15003484613036958
40	0.01	55	74	0.15003484613036958
40	0.01	55	23	0.15003484613036958
40	0.01	55	20	0.024007132524278975
40	0.01	55	11	0.024007132524278975
40	0.01	55	90	0.024007132524278975
40	0.01	55	18	0.024007132524278975
40	0.01	55	72	0.024007132524278975
40	0.01	55	69	0.024007132524278975
40	0.01	55	44	0.024007132524278975
40	0.01	55	98	0.024007132524278975
40	0.01	55	3	0.024007132524278975
40	0.01	55	57	0.024007132524278975
40	0.01	55	99	0.024007132524278975
40	0.01	55	45	0.024007132524278975
40	0.01	55	76	0.024007132524278975
40	0.01	55	4	0.024007132524278975
40	0.01	55	51	0.004339704243282439
40	0.01	55	46	0.0165231269698301
40	0.01	55	43	0.0165231269698301
40	0.01	55	7	0.0165231269698301
40	0.01	56	0	0.48409666158926135
40	0.01	56	11	0.044130744449070815
40	0.01	56	23	0.15181888780521618
40	0.01	56	29	0.15181888780521618
40	0.01	56	74	0.15181888780521618
40	0.01	56	5	0.028204085213087392
40	0.01	56	9	0.028204085213087392
40	0.01	56	10	0.02451605977141894
40	0.01	56	20	0.02451605977141894
40	0.01	56	4	0.02451605977141894
40	0.01	56	44	0.02451605977141894
40	0.01	56	83	0.02303466024679697
40	0.01	56	3	0.02303466024679697
40	0.01	56	70	0.02303466024679697
40	0.01	56	7	0.02013358407701022
40	0.01	56	38	0.02013358407701022
40	0.01	56	93	0.02013358407701022
40	0.01	56	72	0.008003790252399522
40	0.01	56	42	0.008003790252399522
40	0.01	56	13	0.010706549933923771
40	0.01	56	18	0.010706549933923771
40	0.01	56	45	0.010706549933923771
40	0.01	57	0	0.45118421227102784
40	0.01	57	66	0.12090891756959998
40	0.01	57	29	0.12090891756959998
40	0.01	57	23	0.12090891756959998
40	0.01	57	74	0.12090891756959998
40	0.01	57	11	0.02495202536988421
40	0.01	57	94	0.02495202536988421
40	0.01	57	20	0.02495202536988421
40	0.01	57	4	0.02495202536988421
40	0.01	57	5	0.02495202536988421
40	0.01	57	98	0.02495202536988421
40	0.01	57	44	0.02495202536988421
40	0.01	57	10	0.02495202536988421
40	0.01	57	3	0.02495202536988421
40	0.01	57	9	0.02495202536988421
40	0.01	57	90	0.011794195271589777
40	0.01	57	60	0.009370857149958934
40	0.01	57	18	0.011794195271589777
40	0.01	57	69	0.011794195271589777
40	0.01	57	76	0.003460991443195323
40	0.01	58	0	0.5243002878627231
40	0.01	58	29	0.125130820195488
40	0.01	58	11	0.038793638675947616
40	0.01	58	23	0.125130820195488
40	0.01	58	74	0.125130820195488
40	0.01	58	66	0.125130820195488
40	0.01	58	4	0.033323699565303934
40	0.01	58	98	0.033323699565303934
40	0.01	58	94	0.033323699565303934
40	0.01	58	20	0.033323699565303934
40	0.01	58	44	0.033323699565303934
40	0.01	58	5	0.033323699565303934
40	0.01	58	3	0.033323699565303934
40	0.01	58	9	0.033323699565303934
40	0.01	58	10	0.033323699565303934
40	0.01	58	18	0.01616807268195038
40	0.01	58	76	0.00213878343143723
40	0.01	58	69	0.01616807268195038
40	0.01	58	60	0.01616807268195038
40	0.01	58	7	0.01616807268195038
40	0.01	58	38	0.0024309263246754397
40	0.01	59	0	0.4785208634403719
40	0.01	59	66	0.11810414357493128
40	0.01	59	29	0.12492567412161892
40	0.01	59	23	0.12492567412161892
40	0.01	59	74	0.12492567412161892
40	0.01	59	94	0.027065706695844256
40	0.01	59	11	0.027065706695844256
40	0.01	59	20	0.027065706695844256
40	0.01	59	4	0.027065706695844256
40	0.01	59	44	0.02677940145355767
40	0.01	59	98	0.02191987721520016
40	0.01	59	10	0.015741937454098937
40	0.01	59	3	0.015741937454098937
40	0.01	59	9	0.015741937454098937
40	0.01	59	5	0.015741937454098937
40	0.01	59	61	0.010823316613978552
40	0.01	59	18	0.010823316613978552
40	0.01	59	69	0.010823316613978552
40	0.01	59	62	0.010823316613978552
40	0.01	59	83	0.009528170311982493
40	0.01	60	0	0.4739079284529508
40	0.01	60	66	0.1092929545498606
40	0.01	60	20	0.030981229694254694
40	0.01	60	29	0.12009228505238104
40	0.01	60	23	0.12009228505238104
40	0.01	60	74	0.12009228505238104
40	0.01	60	94	0.030981229694254694
40	0.01	60	5	0.030981229694254694
40	0.01	60	4	0.030981229694254694
40	0.01	60	11	0.030981229694254694
40	0.01	60	3	0.030981229694254694
40	0.01	60	9	0.030981229694254694
40	0.01	60	44	0.030981229694254694
40	0.01	60	98	0.030981229694254694
40	0.01	60	83	0.011238394814407634
40	0.01	60	60	0.011238394814407634
40	0.01	60	69	0.030981229694254694
40	0.01	60	10	0.030981229694254694
40	0.01	60	38	0.01176551931410861
40	0.01	60	93	0.011238394814407634
40	0.01	61	0	0.44846843879420695
40	0.01	61	66	0.1119758982916385
40	0.01	61	29	0.1119758982916385
40	0.01	61	23	0.1119758982916385
40	0.01	61	74	0.1119758982916385
40	0.01	61	20	0.024681871318654288
40	0.01	61	94	0.024681871318654288
40	0.01	61	4	0.024681871318654288
40	0.01	61	11	0.024681871318654288
40	0.01	61	5	0.02308676614267544
40	0.01	61	44	0.02308676614267544
40	0.01	61	98	0.02308676614267544
40	0.01	61	9	0.022685561276756895
40	0.01	61	3	0.022685561276756895
40	0.01	61	10	0.022685561276756895
40	0.01	61	69	0.015409317442167076
40	0.01	61	18	0.015409317442167076
40	0.01	61	60	0.00569837515436866
40	0.01	61	61	0.0029201314753506476
40	0.01	61	99	0.002627275015260801
40	0.01	62	0	0.4678686615705421
40	0.01	62	66	0.07764007863930102
40	0.01	62	29	0.15263572530850258
40	0.01	62	23	0.15263572530850258
40	0.01	62	74	0.15263572530850258
40	0.01	62	20	0.04218546267891603
40	0.01	62	98	0.02474969434114858
40	0.01	62	4	0.02474969434114858
40	0.01	62	11	0.02474969434114858
40	0.01	62	5	0.02232773840148026
40	0.01	62	44	0.02048949771316723
40	0.01	62	90	0.02048949771316723
40	0.01	62	94	0.02232773840148026
40	0.01	62	10	0.02232773840148026
40	0.01	62	3	0.02232773840148026
40	0.01	62	9	0.02232773840148026
40	0.01	62	69	0.010749248419544876
40	0.01	62	61	0.010266547797261022
40	0.01	62	99	0.010266547797261022
40	0.01	62	7	0.0034970248263813657
40	0.01	62	62	0.0034970248263813657
40	0.01	62	18	0.0034970248263813657
40	0.01	63	0	0.4447543359439475
40	0.01	63	66	0.11890964726172551
40	0.01	63	29	0.11890964726172551
40	0.01	63	74	0.11890964726172551
40	0.01	63	23	0.11890964726172551
40	0.01	63	4	0.021904348016420334
40	0.01	63	94	0.023311544077547507
40	0.01	63	20	0.023311544077547507
40	0.01	63	98	0.021904348016420334
40	0.01	63	44	0.021904348016420334
40	0.01	63	5	0.021904348016420334
40	0.01	63	11	0.021904348016420334
40	0.01	63	90	0.011296453409621715
40	0.01	63	9	0.021904348016420334
40	0.01	63	3	0.021904348016420334
40	0.01	63	69	0.021904348016420334
40	0.01	63	10	0.021904348016420334
40	0.01	63	18	0.010531987028805274
40	0.01	63	61	0.005596785885364567
40	0.01	63	72	0.004029677515575265
40	0.01	64	0	0.4550414311016412
40	0.01	64	66	0.11767731656199862
40	0.01	64	29	0.11919186121133964
40	0.01	64	23	0.11919186121133964
40	0.01	64	74	0.11919186121133964
40	0.01	64	11	0.02900907033935065
40	0.01	64	4	0.02900907033935065
40	0.01	64	94	0.02900907033935065
40	0.01	64	20	0.02900907033935065
40	0.01	64	5	0.02900907033935065
40	0.01	64	44	0.020236336977027276
40	0.01	64	98	0.020236336977027276
40	0.01	64	3	0.020236336977027276
40	0.01	64	10	0.020236336977027276
40	0.01	64	90	0.020236336977027276
40	0.01	64	9	0.020236336977027276
40	0.01	64	18	0.018660229181436373
40	0.01	64	83	0.006224199704278807
40	0.01	64	69	0.004969419969207666
40	0.01	64	61	0.003887556969306035
40	0.01	65	0	0.4915015465096714
40	0.01	65	66	0.12330784948461412
40	0.01	65	29	0.12330784948461412
40	0.01	65	23	0.12330784948461412
40	0.01	65	74	0.12330784948461412
40	0.01	65	11	0.02274869723093571
40	0.01	65	94	0.02274869723093571
40	0.01	65	20	0.02274869723093571
40	0.01	65	4	0.02274869723093571
40	0.01	65	5	0.02274869723093571
40	0.01	65	44	0.02274869723093571
40	0.01	65	98	0.02274869723093571
40	0.01	65	10	0.02274869723093571
40	0.01	65	90	0.02274869723093571
40	0.01	65	3	0.02274869723093571
40	0.01	65	9	0.02274869723093571
40	0.01	65	61	0.00730956620325225
40	0.01	65	18	0.02274869723093571
40	0.01	65	69	0.02274869723093571
40	0.01	65	72	0.00730956620325225
40	0.01	66	0	0.4537692746092389
40	0.01	66	66	0.11482395463230985
40	0.01	66	29	0.12316430467795308
40	0.01	66	23	0.12316430467795308
40	0.01	66	74	0.12316430467795308
40	0.01	66	11	0.030106740165689736
40	0.01	66	4	0.030106740165689736
40	0.01	66	44	0.030106740165689736
40	0.01	66	94	0.030106740165689736
40	0.01	66	20	0.030106740165689736
40	0.01	66	98	0.030106740165689736
40	0.01	66	5	0.030106740165689736
40	0.01	66	9	0.030106740165689736
40	0.01	66	3	0.030106740165689736
40	0.01	66	10	0.030106740165689736
40	0.01	66	69	0.014173512381713252
40	0.01	66	18	0.014173512381713252
40	0.01	66	90	0.014173512381713252
40	0.01	66	61	0.00598441128745182
40	0.01	66	76	0.0004466494719670574
40	0.01	67	0	0.45217986656457515
40	0.01	67	66	0.10809379635318539
40	0.01	67	29	0.11808163557905185
40	0.01	67	23	0.11808163557905185
40	0.01	67	74	0.11808163557905185
40	0.01	67	20	0.02551642553034019
40	0.01	67	11	0.02551642553034019
40	0.01	67	94	0.02551642553034019
40	0.01	67	4	0.02551642553034019
40	0.01	67	44	0.02551642553034019
40	0.01	67	5	0.02551642553034019
40	0.01	67	98	0.02551642553034019
40	0.01	67	9	0.02551642553034019
40	0.01	67	3	0.02551642553034019
40	0.01	67	10	0.02551642553034019
40	0.01	67	69	0.006927792053921748
40	0.01	67	60	0.007224204050483226
40	0.01	67	61	0.007224204050483226
40	0.01	67	90	0.004580258768150249
40	0.01	67	18	0.002871724668098841
40	0.01	68	0	0.45646243879715825
40	0.01	68	66	0.10906397842835834
40	0.01	68	29	0.12007948371703399
40	0.01	68	23	0.12007948371703399
40	0.01	68	74	0.12007948371703399
40	0.01	68	11	0.02718402413746125
40	0.01	68	4	0.02718402413746125
40	0.01	68	94	0.02718402413746125
40	0.01	68	98	0.02718402413746125
40	0.01	68	20	0.02718402413746125
40	0.01	68	90	0.013393513181282107
40	0.01	68	44	0.02466625631066463
40	0.01	68	5	0.02466625631066463
40	0.01	68	9	0.02448920002605437
40	0.01	68	3	0.02448920002605437
40	0.01	68	60	0.013393513181282107
40	0.01	68	61	0.010006809329846107
40	0.01	68	10	0.01001548114147045
40	0.01	68	18	0.01001548114147045
40	0.01	68	7	0.01001548114147045
40	0.01	68	69	0.01001548114147045
40	0.01	68	83	0.010006809329846107
40	0.01	68	72	0.010006809329846107
40	0.01	69	0	0.448195332237489
40	0.01	69	66	0.10705986341713163
40	0.01	69	29	0.1148066381883687
40	0.01	69	23	0.1148066381883687
40	0.01	69	74	0.1148066381883687
40	0.01	69	20	0.029907329368720426
40	0.01	69	11	0.029907329368720426
40	0.01	69	4	0.029907329368720426
40	0.01	69	44	0.029907329368720426
40	0.01	69	98	0.029907329368720426
40	0.01	69	94	0.029907329368720426
40	0.01	69	5	0.029907329368720426
40	0.01	69	10	0.018988436746703474
40	0.01	69	3	0.029907329368720426
40	0.01	69	9	0.029907329368720426
40	0.01	69	90	0.018988436746703474
40	0.01	69	61	0.0022663458647830103
40	0.01	69	18	0.018988436746703474
40	0.01	69	69	0.018988436746703474
40	0.01	69	7	0.012464155425614963
40	0.01	69	93	0.004335731811494449
40	0.01	70	0	0.44860773547915633
40	0.01	70	66	0.09109566936788957
40	0.01	70	44	0.044098461799231235
40	0.01	70	74	0.1352173582621792
40	0.01	70	23	0.1352173582621792
40	0.01	70	29	0.1352173582621792
40	0.01	70	94	0.035533672808440324
40	0.01	70	20	0.035533672808440324
40	0.01	70	10	0.011309545545974046
40	0.01	70	76	0.011309545545974046
40	0.01	70	7	0.011309545545974046
40	0.01	70	11	0.011309545545974046
40	0.01	70	5	0.007971096582000554
40	0.01	70	9	0.007971096582000554
40	0.01	70	4	0.007971096582000554
40	0.01	70	18	0.011309545545974046
40	0.01	70	45	0.011309545545974046
40	0.01	70	38	0.011309545545974046
40	0.01	70	54	0.011309545545974046
40	0.01	70	62	0.011309545545974046
40	0.01	70	83	0.011309545545974046
40	0.01	70	98	0.011309545545974046
40	0.01	70	61	0.011309545545974046
40	0.01	71	0	0.44650235986881553
40	0.01	71	66	0.1296316290203327
40	0.01	71	29	0.1296316290203327
40	0.01	71	23	0.1296316290203327
40	0.01	71	74	0.1296316290203327
40	0.01	71	11	0.039452396788568905
40	0.01	71	94	0.026337835777280945
40	0.01	71	4	0.026337835777280945
40	0.01	71	20	0.026337835777280945
40	0.01	71	44	0.026337835777280945
40	0.01	71	9	0.026337835777280945
40	0.01	71	3	0.026337835777280945
40	0.01	71	98	0.026337835777280945
40	0.01	71	90	0.010691073740481895
40	0.01	71	5	0.026337835777280945
40	0.01	71	10	0.026337835777280945
40	0.01	71	69	0.008027073354366459
40	0.01	71	18	0.008027073354366459
40	0.01	71	42	0.0038930792624464776
40	0.01	71	83	0.004935545444231284
40	0.01	71	76	0.004935545444231284
40	0.01	72	0	0.4333715361632603
40	0.01	72	66	0.0985048900900204
40	0.01	72	11	0.05081754002482358
40	0.01	72	29	0.10144622583598276
40	0.01	72	23	0.10144622583598276
40	0.01	72	74	0.10144622583598276
40	0.01	72	20	0.05081754002482358
40	0.01	72	98	0.027193783963963398
40	0.01	72	9	0.027193783963963398
40	0.01	72	44	0.027193783963963398
40	0.01	72	61	0.027193783963963398
40	0.01	72	4	0.027193783963963398
40	0.01	72	3	0.027193783963963398
40	0.01	72	5	0.027193783963963398
40	0.01	72	69	0.027193783963963398
40	0.01	72	90	0.007369008080981924
40	0.01	72	99	0.027193783963963398
40	0.01	72	83	0.027193783963963398
40	0.01	72	60	0.027193783963963398
40	0.01	72	42	0.007369008080981924
40	0.01	73	0	0.36380655711790383
40	0.01	73	29	0.12518655873199966
40	0.01	73	66	0.10828051624550943
40	0.01	73	23	0.12518655873199966
40	0.01	73	74	0.12518655873199966
40	0.01	73	20	0.027957001479050593
40	0.01	73	94	0.027957001479050593
40	0.01	73	44	0.027957001479050593
40	0.01	73	4	0.027957001479050593
40	0.01	73	11	0.027957001479050593
40	0.01	73	98	0.015087984203277088
40	0.01	73	10	0.015087984203277088
40	0.01	73	90	0.021656060630626067
40	0.01	73	3	0.021656060630626067
40	0.01	73	9	0.021656060630626067
40	0.01	73	5	0.021656060630626067
40	0.01	73	69	0.01357964731790986
40	0.01	73	61	0.01357964731790986
40	0.01	73	76	0.004139760569409593
40	0.01	73	18	0.011096695677083357
40	0.01	73	60	0.011096695677083357
40	0.01	74	0	0.44624148813437986
40	0.01	74	66	0.10681137742200049
40	0.01	74	29	0.10690451802373555
40	0.01	74	23	0.10690451802373555
40	0.01	74	74	0.10690451802373555
40	0.01	74	20	0.03593560505058061
40	0.01	74	11	0.03593560505058061
40	0.01	74	4	0.03593560505058061
40	0.01	74	94	0.03593560505058061
40	0.01	74	44	0.03593560505058061
40	0.01	74	5	0.023059742548738403
40	0.01	74	9	0.021709694903426415
40	0.01	74	3	0.021709694903426415
40	0.01	74	10	0.021709694903426415
40	0.01	74	69	0.008175839462573106
40	0.01	74	90	0.021353059504375257
40	0.01	74	60	0.021353059504375257
40	0.01	74	99	0.007900323478542012
40	0.01	74	18	0.008175839462573106
40	0.01	74	38	0.00761314267838986
40	0.01	75	0	0.41576482302921025
40	0.01	75	29	0.11786360375447213
40	0.01	75	66	0.11786360375447213
40	0.01	75	23	0.11786360375447213
40	0.01	75	74	0.11786360375447213
40	0.01	75	11	0.0320528761602224
40	0.01	75	44	0.0320528761602224
40	0.01	75	94	0.0320528761602224
40	0.01	75	20	0.0320528761602224
40	0.01	75	98	0.0320528761602224
40	0.01	75	18	0.0320528761602224
40	0.01	75	90	0.0320528761602224
40	0.01	75	10	0.0320528761602224
40	0.01	75	5	0.0320528761602224
40	0.01	75	9	0.0320528761602224
40	0.01	75	62	0.011768259697475827
40	0.01	75	72	0.006367406864940071
40	0.01	75	60	0.008735396148872004
40	0.01	75	61	0.008735396148872004
40	0.01	75	7	0.008735396148872004
40	0.01	75	69	0.008735396148872004
40	0.01	76	0	0.451214647521724
40	0.01	76	66	0.1158836684287681
40	0.01	76	29	0.1158836684287681
40	0.01	76	23	0.1158836684287681
40	0.01	76	74	0.1158836684287681
40	0.01	76	11	0.030200046870861467
40	0.01	76	94	0.030200046870861467
40	0.01	76	20	0.030200046870861467
40	0.01	76	4	0.030200046870861467
40	0.01	76	5	0.030200046870861467
40	0.01	76	44	0.030200046870861467
40	0.01	76	98	0.030200046870861467
40	0.01	76	10	0.030200046870861467
40	0.01	76	3	0.030200046870861467
40	0.01	76	9	0.030200046870861467
40	0.01	76	90	0.01075776461467292
40	0.01	76	69	0.007254458101634709
40	0.01	76	18	0.005773206467462855
40	0.01	76	83	0.005773206467462855
40	0.01	76	60	0.004633492060851541
40	0.01	76	61	0.004633492060851541
40	0.01	77	0	0.4585248641444665
40	0.01	77	66	0.13859481160679782
40	0.01	77	29	0.13859481160679782
40	0.01	77	74	0.13859481160679782
40	0.01	77	23	0.13859481160679782
40	0.01	77	11	0.03742253294259393
40	0.01	77	4	0.03742253294259393
40	0.01	77	44	0.03742253294259393
40	0.01	77	94	0.03742253294259393
40	0.01	77	20	0.03742253294259393
40	0.01	77	83	0.011177772766745347
40	0.01	77	5	0.03742253294259393
40	0.01	77	9	0.03742253294259393
40	0.01	77	10	0.03742253294259393
40	0.01	77	3	0.03742253294259393
40	0.01	77	60	0.008445308422872869
40	0.01	77	18	0.008445308422872869
40	0.01	77	98	0.008445308422872869
40	0.01	77	90	0.008445308422872869
40	0.01	77	38	0.008445308422872869
40	0.01	78	0	0.448695387873772
40	0.01	78	66	0.11057874502648386
40	0.01	78	29	0.1169261683500543
40	0.01	78	23	0.1169261683500543
40	0.01	78	74	0.1169261683500543
40	0.01	78	20	0.022033472405589734
40	0.01	78	94	0.022033472405589734
40	0.01	78	98	0.022033472405589734
40	0.01	78	44	0.022033472405589734
40	0.01	78	4	0.022033472405589734
40	0.01	78	11	0.022033472405589734
40	0.01	78	5	0.022033472405589734
40	0.01	78	9	0.022033472405589734
40	0.01	78	3	0.022033472405589734
40	0.01	78	10	0.022033472405589734
40	0.01	78	18	0.012527348343497766
40	0.01	78	69	0.012527348343497766
40	0.01	78	90	0.012527348343497766
40	0.01	78	60	0.0012531836616323773
40	0.01	78	7	0.012476231781609606
40	0.01	78	38	0.012476231781609606
40	0.01	79	0	0.4504613327253906
40	0.01	79	66	0.10883310256653075
40	0.01	79	29	0.11397751939905852
40	0.01	79	23	0.11397751939905852
40	0.01	79	74	0.11397751939905852
40	0.01	79	11	0.021652025147330833
40	0.01	79	20	0.021652025147330833
40	0.01	79	4	0.021652025147330833
40	0.01	79	94	0.021652025147330833
40	0.01	79	98	0.021652025147330833
40	0.01	79	5	0.021652025147330833
40	0.01	79	44	0.018477448855854273
40	0.01	79	10	0.015721614131038605
40	0.01	79	3	0.016432001487055193
40	0.01	79	9	0.016432001487055193
40	0.01	79	90	0.016432001487055193
40	0.01	79	69	0.013809627771088143
40	0.01	79	18	0.013809627771088143
40	0.01	79	60	0.013809627771088143
40	0.01	79	61	0.013809627771088143
40	0.01	80	0	0.45282921392655484
40	0.01	80	66	0.11588715341398409
40	0.01	80	29	0.12356816782607821
40	0.01	80	23	0.12356816782607821
40	0.01	80	74	0.12356816782607821
40	0.01	80	11	0.03819697411990944
40	0.01	80	20	0.03819697411990944
40	0.01	80	4	0.03819697411990944
40	0.01	80	94	0.03819697411990944
40	0.01	80	5	0.03167392848307534
40	0.01	80	98	0.03819697411990944
40	0.01	80	44	0.03819697411990944
40	0.01	80	9	0.03167392848307534
40	0.01	80	61	0.0009748868191110144
40	0.01	80	10	0.03167392848307534
40	0.01	80	3	0.03167392848307534
40	0.01	80	18	0.01083407188653971
40	0.01	80	69	0.01083407188653971
40	0.01	80	7	0.01083407188653971
40	0.01	80	93	0.004783789405742197
40	0.01	80	76	0.004783789405742197
40	0.01	81	0	0.47268324162253644
40	0.01	81	66	0.10778137668159181
40	0.01	81	29	0.12875501459123992
40	0.01	81	23	0.12875501459123992
40	0.01	81	74	0.12875501459123992
40	0.01	81	11	0.029315542109410148
40	0.01	81	4	0.029315542109410148
40	0.01	81	98	0.026485917319127632
40	0.01	81	94	0.026485917319127632
40	0.01	81	20	0.026485917319127632
40	0.01	81	44	0.02260224890140331
40	0.01	81	3	0.02260224890140331
40	0.01	81	9	0.02260224890140331
40	0.01	81	5	0.02260224890140331
40	0.01	81	10	0.02260224890140331
40	0.01	81	69	0.015384249611612019
40	0.01	81	90	0.015384249611612019
40	0.01	81	18	0.015384249611612019
40	0.01	81	72	0.003470755241327296
40	0.01	81	83	0.001045863245178971
40	0.01	82	0	0.4479602175545557
40	0.01	82	66	0.10991347164513275
40	0.01	82	29	0.1318297937162367
40	0.01	82	23	0.1318297937162367
40	0.01	82	74	0.1318297937162367
40	0.01	82	11	0.018937119349365258
40	0.01	82	4	0.018937119349365258
40	0.01	82	44	0.025219769345783155
40	0.01	82	94	0.025219769345783155
40	0.01	82	20	0.025219769345783155
40	0.01	82	98	0.018937119349365258
40	0.01	82	90	0.01735191012135186
40	0.01	82	5	0.018937119349365258
40	0.01	82	9	0.01735191012135186
40	0.01	82	3	0.01735191012135186
40	0.01	82	10	0.01735191012135186
40	0.01	82	69	0.01735191012135186
40	0.01	82	18	0.01735191012135186
40	0.01	82	60	0.002658862527791442
40	0.01	82	7	0.0018512602957566674
40	0.01	83	0	0.44125902531532674
40	0.01	83	66	0.13684919011279492
40	0.01	83	29	0.13684919011279492
40	0.01	83	23	0.13684919011279492
40	0.01	83	74	0.13684919011279492
40	0.01	83	11	0.030590794098104043
40	0.01	83	4	0.030590794098104043
40	0.01	83	5	0.030590794098104043
40	0.01	83	94	0.030590794098104043
40	0.01	83	20	0.030590794098104043
40	0.01	83	44	0.030590794098104043
40	0.01	83	10	0.019941165924443546
40	0.01	83	98	0.030590794098104043
40	0.01	83	3	0.030590794098104043
40	0.01	83	9	0.030590794098104043
40	0.01	83	90	0.01965694811268977
40	0.01	83	38	0.002234251039017179
40	0.01	83	18	0.012694595050538155
40	0.01	83	69	0.012694595050538155
40	0.01	83	83	0.0034125214328750825
40	0.01	83	62	0.0034125214328750825
40	0.01	84	0	0.4600565549608883
40	0.01	84	66	0.08596254637953424
40	0.01	84	29	0.13130459148332915
40	0.01	84	74	0.13130459148332915
40	0.01	84	23	0.13130459148332915
40	0.01	84	94	0.034217122577682495
40	0.01	84	20	0.034217122577682495
40	0.01	84	5	0.034217122577682495
40	0.01	84	4	0.034217122577682495
40	0.01	84	11	0.034217122577682495
40	0.01	84	90	0.016355647242298557
40	0.01	84	9	0.016355647242298557
40	0.01	84	3	0.016355647242298557
40	0.01	84	76	0.015025476194368784
40	0.01	84	69	0.016355647242298557
40	0.01	84	18	0.016355647242298557
40	0.01	84	62	0.013698553980713747
40	0.01	84	38	0.013698553980713747
40	0.01	84	44	0.015025476194368784
40	0.01	84	87	0.015025476194368784
40	0.01	84	61	0.015025476194368784
40	0.01	84	99	0.015025476194368784
40	0.01	85	0	0.4229251649622611
40	0.01	85	66	0.12878397352275153
40	0.01	85	29	0.12878397352275153
40	0.01	85	23	0.12878397352275153
40	0.01	85	74	0.12878397352275153
40	0.01	85	98	0.021325373447271607
40	0.01	85	4	0.03617556187706036
40	0.01	85	11	0.03617556187706036
40	0.01	85	20	0.021325373447271607
40	0.01	85	44	0.03617556187706036
40	0.01	85	5	0.03617556187706036
40	0.01	85	9	0.03617556187706036
40	0.01	85	90	0.021325373447271607
40	0.01	85	60	0.021325373447271607
40	0.01	85	13	0.019940426090580797
40	0.01	85	62	0.019940426090580797
40	0.01	85	38	0.006155840234567797
40	0.01	85	94	0.009931788669720424
40	0.01	85	42	0.009931788669720424
40	0.01	85	76	0.009931788669720424
40	0.01	86	0	0.45108117563835715
40	0.01	86	66	0.11144283988916032
40	0.01	86	29	0.12479705428404325
40	0.01	86	23	0.12479705428404325
40	0.01	86	74	0.12479705428404325
40	0.01	86	11	0.03737873143088209
40	0.01	86	4	0.03737873143088209
40	0.01	86	94	0.03737873143088209
40	0.01	86	20	0.03737873143088209
40	0.01	86	98	0.03737873143088209
40	0.01	86	44	0.03737873143088209
40	0.01	86	5	0.03737873143088209
40	0.01	86	3	0.03737873143088209
40	0.01	86	10	0.03737873143088209
40	0.01	86	9	0.03737873143088209
40	0.01	86	90	0.014335546969533012
40	0.01	86	69	0.009085606947367
40	0.01	86	18	0.009085606947367
40	0.01	86	38	0.004025969747535523
40	0.01	86	60	0.0035065331132238305
40	0.01	86	61	0.0035065331132238305
40	0.01	87	0	0.4417602607844718
40	0.01	87	66	0.10132092769059782
40	0.01	87	29	0.12484467971874984
40	0.01	87	23	0.12484467971874984
40	0.01	87	74	0.12484467971874984
40	0.01	87	11	0.03935914360720396
40	0.01	87	4	0.03935914360720396
40	0.01	87	44	0.03935914360720396
40	0.01	87	94	0.03935914360720396
40	0.01	87	20	0.03935914360720396
40	0.01	87	98	0.03935914360720396
40	0.01	87	5	0.03935914360720396
40	0.01	87	69	0.008074188982107577
40	0.01	87	10	0.03935914360720396
40	0.01	87	3	0.03935914360720396
40	0.01	87	9	0.03935914360720396
40	0.01	87	60	0.008074188982107577
40	0.01	87	18	0.008074188982107577
40	0.01	87	90	0.005992153419530049
40	0.01	87	7	0.0055237732400782
40	0.01	88	0	0.4868507554695665
40	0.01	88	66	0.13032954757340162
40	0.01	88	29	0.13032954757340162
40	0.01	88	23	0.13032954757340162
40	0.01	88	74	0.13032954757340162
40	0.01	88	11	0.024100510749812135
40	0.01	88	4	0.024100510749812135
40	0.01	88	44	0.024100510749812135
40	0.01	88	20	0.024100510749812135
40	0.01	88	94	0.024100510749812135
40	0.01	88	98	0.024100510749812135
40	0.01	88	9	0.024100510749812135
40	0.01	88	5	0.024100510749812135
40	0.01	88	3	0.024100510749812135
40	0.01	88	10	0.024100510749812135
40	0.01	88	90	0.024100510749812135
40	0.01	88	69	0.012763254015048586
40	0.01	88	18	0.011187124531900114
40	0.01	88	61	0.007753816585563412
40	0.01	88	60	0.007753816585563412
40	0.01	89	0	0.4909999431409787
40	0.01	89	66	0.11536776523206653
40	0.01	89	29	0.11536776523206653
40	0.01	89	23	0.11536776523206653
40	0.01	89	74	0.11536776523206653
40	0.01	89	11	0.041911108434227407
40	0.01	89	94	0.041911108434227407
40	0.01	89	20	0.041911108434227407
40	0.01	89	4	0.041911108434227407
40	0.01	89	44	0.041911108434227407
40	0.01	89	5	0.041911108434227407
40	0.01	89	3	0.041911108434227407
40	0.01	89	9	0.041911108434227407
40	0.01	89	98	0.041911108434227407
40	0.01	89	10	0.041911108434227407
40	0.01	89	69	0.006642838763061742
40	0.01	89	18	0.006642838763061742
40	0.01	89	90	0.0054710073964175645
40	0.01	89	83	0.0033912444423184703
40	0.01	89	62	0.0054710073964175645
40	0.01	89	61	0.0054710073964175645
40	0.01	90	0	0.4492568719388094
40	0.01	90	66	0.12459882039070196
40	0.01	90	29	0.12459882039070196
40	0.01	90	23	0.12459882039070196
40	0.01	90	74	0.12459882039070196
40	0.01	90	94	0.025826234704310346
40	0.01	90	4	0.025826234704310346
40	0.01	90	11	0.025826234704310346
40	0.01	90	5	0.025826234704310346
40	0.01	90	20	0.025826234704310346
40	0.01	90	44	0.024295755268687033
40	0.01	90	98	0.024295755268687033
40	0.01	90	3	0.024295755268687033
40	0.01	90	90	0.024295755268687033
40	0.01	90	10	0.024295755268687033
40	0.01	90	9	0.024295755268687033
40	0.01	90	69	0.01265495007649183
40	0.01	90	18	0.007357657905763975
40	0.01	90	61	0.007357657905763975
40	0.01	90	42	0.0011746617363783962
40	0.01	91	0	0.46199735889695015
40	0.01	91	66	0.12516910747772692
40	0.01	91	29	0.12762080307223214
40	0.01	91	23	0.12762080307223214
40	0.01	91	74	0.12762080307223214
40	0.01	91	94	0.029719685221284983
40	0.01	91	4	0.029719685221284983
40	0.01	91	11	0.029719685221284983
40	0.01	91	20	0.029719685221284983
40	0.01	91	44	0.029719685221284983
40	0.01	91	98	0.029719685221284983
40	0.01	91	9	0.029719685221284983
40	0.01	91	5	0.029719685221284983
40	0.01	91	69	0.025706165307191397
40	0.01	91	3	0.029719685221284983
40	0.01	91	90	0.029719685221284983
40	0.01	91	18	0.005586990175034197
40	0.01	91	10	0.029719685221284983
40	0.01	91	60	0.005586990175034197
40	0.01	91	7	0.005586990175034197
40	0.01	92	0	0.46096303054069243
40	0.01	92	66	0.10858576287590788
40	0.01	92	29	0.11162441444712033
40	0.01	92	23	0.11162441444712033
40	0.01	92	74	0.11162441444712033
40	0.01	92	11	0.031271249129372757
40	0.01	92	4	0.031271249129372757
40	0.01	92	5	0.031271249129372757
40	0.01	92	98	0.031271249129372757
40	0.01	92	44	0.031271249129372757
40	0.01	92	20	0.031271249129372757
40	0.01	92	94	0.031271249129372757
40	0.01	92	60	0.009689497861608066
40	0.01	92	3	0.031271249129372757
40	0.01	92	9	0.031271249129372757
40	0.01	92	10	0.031271249129372757
40	0.01	92	69	0.010845504792348862
40	0.01	92	7	0.010845504792348862
40	0.01	92	18	0.010845504792348862
40	0.01	92	38	0.004590805653224052
40	0.01	93	0	0.4450990818213936
40	0.01	93	66	0.1210976388681819
40	0.01	93	29	0.1210976388681819
40	0.01	93	23	0.1210976388681819
40	0.01	93	74	0.1210976388681819
40	0.01	93	4	0.028399359329550854
40	0.01	93	94	0.028399359329550854
40	0.01	93	20	0.028399359329550854
40	0.01	93	5	0.028399359329550854
40	0.01	93	98	0.028399359329550854
40	0.01	93	44	0.028399359329550854
40	0.01	93	3	0.028320882791960156
40	0.01	93	90	0.012037327899756603
40	0.01	93	69	0.012037327899756603
40	0.01	93	11	0.028320882791960156
40	0.01	93	9	0.028320882791960156
40	0.01	93	10	0.028320882791960156
40	0.01	93	76	0.008667750982259331
40	0.01	93	7	0.003176195386262765
40	0.01	93	38	0.0017006369834595433
40	0.01	94	0	0.44873044726074496
40	0.01	94	66	0.10922807039236146
40	0.01	94	29	0.11075491422002802
40	0.01	94	23	0.11075491422002802
40	0.01	94	74	0.11075491422002802
40	0.01	94	20	0.0295234594959172
40	0.01	94	11	0.0295234594959172
40	0.01	94	4	0.0295234594959172
40	0.01	94	94	0.0295234594959172
40	0.01	94	5	0.0295234594959172
40	0.01	94	44	0.0295234594959172
40	0.01	94	98	0.0295234594959172
40	0.01	94	60	0.013337212191654409
40	0.01	94	3	0.0295234594959172
40	0.01	94	9	0.0295234594959172
40	0.01	94	10	0.0295234594959172
40	0.01	94	90	0.013337212191654409
40	0.01	94	69	0.013337212191654409
40	0.01	94	18	0.013337212191654409
40	0.01	94	7	0.002715700521068946
40	0.01	95	0	0.47240968597649824
40	0.01	95	66	0.11752060776746746
40	0.01	95	29	0.12200077122271956
40	0.01	95	23	0.12200077122271956
40	0.01	95	74	0.12200077122271956
40	0.01	95	94	0.023842302810757592
40	0.01	95	4	0.023842302810757592
40	0.01	95	11	0.023842302810757592
40	0.01	95	20	0.023842302810757592
40	0.01	95	3	0.023842302810757592
40	0.01	95	5	0.023842302810757592
40	0.01	95	98	0.023842302810757592
40	0.01	95	44	0.023842302810757592
40	0.01	95	9	0.016898940258698033
40	0.01	95	10	0.016898940258698033
40	0.01	95	90	0.013524127334511877
40	0.01	95	62	0.013524127334511877
40	0.01	95	99	0.011084647615924002
40	0.01	95	18	0.011084647615924002
40	0.01	95	69	0.011084647615924002
40	0.01	96	0	0.49903229196850735
40	0.01	96	29	0.1295597044507703
40	0.01	96	66	0.1295597044507703
40	0.01	96	23	0.1295597044507703
40	0.01	96	74	0.1295597044507703
40	0.01	96	11	0.03151183639008345
40	0.01	96	4	0.03151183639008345
40	0.01	96	20	0.03151183639008345
40	0.01	96	94	0.03151183639008345
40	0.01	96	5	0.021664108521134998
40	0.01	96	44	0.021664108521134998
40	0.01	96	3	0.021664108521134998
40	0.01	96	98	0.021664108521134998
40	0.01	96	90	0.015824748843632084
40	0.01	96	10	0.01864108320786465
40	0.01	96	9	0.01864108320786465
40	0.01	96	69	0.013103242077627485
40	0.01	96	18	0.006469697016442731
40	0.01	96	62	0.006469697016442731
40	0.01	96	7	0.00591910025433696
40	0.01	97	0	0.457712967085736
40	0.01	97	66	0.11243581429617175
40	0.01	97	29	0.12410270513299392
40	0.01	97	23	0.12410270513299392
40	0.01	97	74	0.12410270513299392
40	0.01	97	94	0.030595650444959956
40	0.01	97	20	0.030595650444959956
40	0.01	97	11	0.02661290855634973
40	0.01	97	4	0.02661290855634973
40	0.01	97	5	0.021085678329080045
40	0.01	97	44	0.021085678329080045
40	0.01	97	98	0.021085678329080045
40	0.01	97	3	0.021085678329080045
40	0.01	97	9	0.021085678329080045
40	0.01	97	90	0.021085678329080045
40	0.01	97	18	0.021085678329080045
40	0.01	97	10	0.021085678329080045
40	0.01	97	60	0.002919315776875196
40	0.01	97	99	0.021085678329080045
40	0.01	97	83	0.021085678329080045
40	0.01	97	62	0.021085678329080045
40	0.01	98	0	0.5556806041011361
40	0.01	98	20	0.04386246169428973
40	0.01	98	29	0.04386246169428973
40	0.01	98	74	0.04386246169428973
40	0.01	98	11	0.023707493238510954
40	0.01	98	9	0.023707493238510954
40	0.01	98	23	0.023707493238510954
40	0.01	98	83	0.023707493238510954
40	0.01	98	94	0.023707493238510954
40	0.01	98	98	0.023707493238510954
40	0.01	98	4	0.023707493238510954
40	0.01	98	3	0.023707493238510954
40	0.01	98	10	0.023707493238510954
40	0.01	98	18	0.023707493238510954
40	0.01	98	5	0.023707493238510954
40	0.01	98	44	0.007651215213895368
40	0.01	98	76	0.015372814062123097
40	0.01	98	99	0.015372814062123097
40	0.01	98	62	0.0028727255450578374
40	0.01	98	60	0.0028727255450578374
40	0.01	98	38	0.0028727255450578374
40	0.01	99	0	0.4424084581936643
40	0.01	99	66	0.11378558069353613
40	0.01	99	11	0.04096189592748244
40	0.01	99	23	0.13635423204038705
40	0.01	99	74	0.13635423204038705
40	0.01	99	29	0.13635423204038705
40	0.01	99	94	0.02804499572960744
40	0.01	99	5	0.02804499572960744
40	0.01	99	4	0.02804499572960744
40	0.01	99	44	0.02804499572960744
40	0.01	99	3	0.02804499572960744
40	0.01	99	9	0.02804499572960744
40	0.01	99	20	0.02804499572960744
40	0.01	99	10	0.02804499572960744
40	0.01	99	98	0.02804499572960744
40	0.01	99	42	0.005164464300129286
40	0.01	99	18	0.005164464300129286
40	0.01	99	61	0.005164464300129286
40	0.01	99	72	0.002748362473597711
40	0.01	99	7	0.005007450236730102
40	0.01	99	69	0.005007450236730102
40	0.01	100	0	0.45117929216578156
40	0.01	100	66	0.11623241992854169
40	0.01	100	29	0.11623241992854169
40	0.01	100	23	0.11623241992854169
40	0.01	100	74	0.11623241992854169
40	0.01	100	20	0.032543441513455396
40	0.01	100	11	0.032543441513455396
40	0.01	100	94	0.032543441513455396
40	0.01	100	4	0.032543441513455396
40	0.01	100	98	0.032543441513455396
40	0.01	100	5	0.032543441513455396
40	0.01	100	44	0.032543441513455396
40	0.01	100	9	0.032543441513455396
40	0.01	100	3	0.02714382610635917
40	0.01	100	10	0.02714382610635917
40	0.01	100	61	0.0018234258175933167
40	0.01	100	69	0.012577409960185484
40	0.01	100	90	0.012577409960185484
40	0.01	100	18	0.012577409960185484
40	0.01	100	7	0.004664792518096846
40	0.01	100	38	0.004664792518096846
40	0.1	1	0	0.44783363346062927
40	0.1	1	66	0.13207941827301423
40	0.1	1	29	0.13207941827301423
40	0.1	1	23	0.13207941827301423
40	0.1	1	74	0.13207941827301423
40	0.1	1	11	0.01943868384219803
40	0.1	1	94	0.01575744032019505
40	0.1	1	20	0.015043890536459638
40	0.1	1	10	0.01575744032019505
40	0.1	1	44	0.01575744032019505
40	0.1	1	9	0.01575744032019505
40	0.1	1	5	0.015043890536459638
40	0.1	1	90	0.015043890536459638
40	0.1	1	60	0.009573104186510913
40	0.1	1	3	0.010670041686298405
40	0.1	1	7	0.010670041686298405
40	0.1	1	4	0.010670041686298405
40	0.1	1	69	0.009747397175056061
40	0.1	1	18	0.009747397175056061
40	0.1	1	38	0.009747397175056061
40	0.1	2	0	0.5097639142208245
40	0.1	2	66	0.07918208473092814
40	0.1	2	11	0.029433015360646003
40	0.1	2	23	0.14446281846000728
40	0.1	2	74	0.14446281846000728
40	0.1	2	29	0.14446281846000728
40	0.1	2	3	0.029433015360646003
40	0.1	2	9	0.029433015360646003
40	0.1	2	44	0.029433015360646003
40	0.1	2	5	0.029433015360646003
40	0.1	2	98	0.029433015360646003
40	0.1	2	94	0.029433015360646003
40	0.1	2	4	0.029433015360646003
40	0.1	2	60	0.029433015360646003
40	0.1	2	20	0.029433015360646003
40	0.1	2	10	0.029433015360646003
40	0.1	2	76	0.029433015360646003
40	0.1	2	38	0.029433015360646003
40	0.1	2	99	0.029433015360646003
40	0.1	2	61	0.004889899242242077
40	0.1	3	0	0.4567735918783782
40	0.1	3	66	0.11845621354332508
40	0.1	3	29	0.11845621354332508
40	0.1	3	23	0.11845621354332508
40	0.1	3	74	0.11845621354332508
40	0.1	3	20	0.03126983047108525
40	0.1	3	11	0.022614429708736714
40	0.1	3	98	0.02605399998219472
40	0.1	3	44	0.02605399998219472
40	0.1	3	94	0.02605399998219472
40	0.1	3	90	0.021243462353259454
40	0.1	3	10	0.0119156162210007
40	0.1	3	4	0.0119156162210007
40	0.1	3	69	0.0119156162210007
40	0.1	3	9	0.0119156162210007
40	0.1	3	38	0.0119156162210007
40	0.1	3	62	0.0119156162210007
40	0.1	3	99	0.0119156162210007
40	0.1	3	5	0.0042460586676232315
40	0.1	3	87	0.0042460586676232315
40	0.1	4	0	0.36246773280973654
40	0.1	4	66	0.04555016283152149
40	0.1	4	23	0.19144966009617875
40	0.1	4	29	0.19144966009617875
40	0.1	4	90	0.0282479406928015
40	0.1	4	11	0.024014645978207103
40	0.1	4	74	0.024014645978207103
40	0.1	4	20	0.024014645978207103
40	0.1	4	3	0.023833447567884903
40	0.1	4	70	0.024014645978207103
40	0.1	4	49	0.024014645978207103
40	0.1	4	83	0.024014645978207103
40	0.1	4	5	0.023833447567884903
40	0.1	4	4	0.023833447567884903
40	0.1	4	18	0.023833447567884903
40	0.1	4	7	0.023833447567884903
40	0.1	4	10	0.013759851014728682
40	0.1	4	93	0.013759851014728682
40	0.1	4	77	0.011765826363010079
40	0.1	4	69	0.011765826363010079
40	0.1	5	0	0.33551196935677297
40	0.1	5	74	0.2078648780243577
40	0.1	5	23	0.2078648780243577
40	0.1	5	29	0.2078648780243577
40	0.1	5	51	0.03176246688020299
40	0.1	5	84	0.03176246688020299
40	0.1	5	11	0.02417668360244936
40	0.1	5	99	0.02417668360244936
40	0.1	5	4	0.02417668360244936
40	0.1	5	94	0.02417668360244936
40	0.1	5	57	0.02417668360244936
40	0.1	5	45	0.02417668360244936
40	0.1	5	68	0.02417668360244936
40	0.1	5	54	0.02417668360244936
40	0.1	5	60	0.02417668360244936
40	0.1	5	5	0.011987267209978149
40	0.1	5	72	0.02417668360244936
40	0.1	5	49	0.011987267209978149
40	0.1	5	22	0.002013479868566645
40	0.1	5	90	0.02417668360244936
40	0.1	5	3	0.02417668360244936
40	0.1	5	10	0.02417668360244936
40	0.1	5	42	0.02417668360244936
40	0.1	6	0	0.503274097593048
40	0.1	6	20	0.04895891889469577
40	0.1	6	74	0.16508574359385447
40	0.1	6	29	0.16508574359385447
40	0.1	6	23	0.16508574359385447
40	0.1	6	66	0.024690184668856033
40	0.1	6	3	0.024690184668856033
40	0.1	6	9	0.024690184668856033
40	0.1	6	5	0.019135953163366057
40	0.1	6	44	0.0114871683712103
40	0.1	6	11	0.0114871683712103
40	0.1	6	98	0.0114871683712103
40	0.1	6	94	0.0114871683712103
40	0.1	6	10	0.0114871683712103
40	0.1	6	90	0.0114871683712103
40	0.1	6	60	0.0114871683712103
40	0.1	6	69	0.008356551029349764
40	0.1	6	4	0.010546656553964567
40	0.1	6	93	0.010546656553964567
40	0.1	6	76	0.010546656553964567
40	0.1	6	70	0.010546656553964567
40	0.1	7	0	0.42510951470003316
40	0.1	7	66	0.10735209802379984
40	0.1	7	29	0.12115940791363142
40	0.1	7	23	0.12115940791363142
40	0.1	7	74	0.12115940791363142
40	0.1	7	5	0.05980405910412561
40	0.1	7	20	0.05980405910412561
40	0.1	7	44	0.05980405910412561
40	0.1	7	94	0.05980405910412561
40	0.1	7	98	0.05980405910412561
40	0.1	7	69	0.05980405910412561
40	0.1	7	11	0.05980405910412561
40	0.1	7	9	0.05980405910412561
40	0.1	7	3	0.05980405910412561
40	0.1	7	4	0.05980405910412561
40	0.1	7	76	0.014961209697221577
40	0.1	7	68	0.006862010694275704
40	0.1	7	62	0.002307709960215427
40	0.1	7	45	0.0021932049726220084
40	0.1	7	61	0.0021932049726220084
40	0.1	8	0	0.3444251543926704
40	0.1	8	29	0.12751115880925062
40	0.1	8	66	0.12751115880925062
40	0.1	8	23	0.12751115880925062
40	0.1	8	74	0.12751115880925062
40	0.1	8	94	0.04012103081966381
40	0.1	8	44	0.04012103081966381
40	0.1	8	87	0.04012103081966381
40	0.1	8	10	0.04012103081966381
40	0.1	8	99	0.04012103081966381
40	0.1	8	9	0.04012103081966381
40	0.1	8	5	0.04012103081966381
40	0.1	8	69	0.032752785889186946
40	0.1	8	60	0.00527995035693958
40	0.1	8	42	0.032752785889186946
40	0.1	8	72	0.032752785889186946
40	0.1	8	7	0.011239842174340967
40	0.1	8	24	0.01073855634078449
40	0.1	8	11	0.01073855634078449
40	0.1	8	38	0.01073855634078449
40	0.1	8	48	0.010001034892536413
40	0.1	9	0	0.437422076270289
40	0.1	9	66	0.1019999551087238
40	0.1	9	29	0.1019999551087238
40	0.1	9	23	0.1019999551087238
40	0.1	9	74	0.1019999551087238
40	0.1	9	11	0.03893151158697903
40	0.1	9	3	0.02794337046775699
40	0.1	9	20	0.0282229987738474
40	0.1	9	94	0.0282229987738474
40	0.1	9	4	0.02259802841397506
40	0.1	9	9	0.02259802841397506
40	0.1	9	5	0.02259802841397506
40	0.1	9	18	0.020451480498851714
40	0.1	9	60	0.020451480498851714
40	0.1	9	99	0.020451480498851714
40	0.1	9	10	0.020451480498851714
40	0.1	9	13	0.020451480498851714
40	0.1	9	90	0.020451480498851714
40	0.1	9	38	0.020451480498851714
40	0.1	9	69	0.020451480498851714
40	0.1	10	0	0.43754878041488415
40	0.1	10	66	0.12087666292583105
40	0.1	10	29	0.1238281933211248
40	0.1	10	23	0.1238281933211248
40	0.1	10	74	0.1238281933211248
40	0.1	10	94	0.025151188317781435
40	0.1	10	4	0.025151188317781435
40	0.1	10	11	0.025151188317781435
40	0.1	10	20	0.025151188317781435
40	0.1	10	5	0.020600938517293818
40	0.1	10	9	0.020600938517293818
40	0.1	10	98	0.020174147024017406
40	0.1	10	3	0.020174147024017406
40	0.1	10	44	0.020174147024017406
40	0.1	10	18	0.020174147024017406
40	0.1	10	10	0.020174147024017406
40	0.1	10	90	0.00735232881448184
40	0.1	10	62	0.00735232881448184
40	0.1	10	99	0.006572447717017933
40	0.1	10	60	0.006572447717017933
40	0.1	10	76	0.006572447717017933
40	0.1	10	83	0.006572447717017933
40	0.1	11	0	0.4075883036879888
40	0.1	11	66	0.12233376494391562
40	0.1	11	23	0.12233376494391562
40	0.1	11	29	0.12233376494391562
40	0.1	11	74	0.12233376494391562
40	0.1	11	20	0.027508185607701758
40	0.1	11	5	0.029564412773440907
40	0.1	11	11	0.029564412773440907
40	0.1	11	3	0.029564412773440907
40	0.1	11	4	0.029564412773440907
40	0.1	11	93	0.029564412773440907
40	0.1	11	60	0.02254143673035212
40	0.1	11	44	0.027508185607701758
40	0.1	11	94	0.027508185607701758
40	0.1	11	90	0.027508185607701758
40	0.1	11	9	0.02090145525464112
40	0.1	11	7	0.007034403781778685
40	0.1	11	83	0.02090145525464112
40	0.1	11	69	0.02090145525464112
40	0.1	11	97	0.02090145525464112
40	0.1	11	68	0.007034403781778685
40	0.1	11	87	0.007034403781778685
40	0.1	11	98	0.007034403781778685
40	0.1	12	0	0.4827840148139154
40	0.1	12	66	0.12014691488905739
40	0.1	12	29	0.12014691488905739
40	0.1	12	23	0.12014691488905739
40	0.1	12	74	0.12014691488905739
40	0.1	12	4	0.021404196010124697
40	0.1	12	94	0.020484351377579535
40	0.1	12	20	0.020484351377579535
40	0.1	12	98	0.014346469305464335
40	0.1	12	11	0.018148474078867428
40	0.1	12	44	0.014346469305464335
40	0.1	12	3	0.018148474078867428
40	0.1	12	5	0.018148474078867428
40	0.1	12	9	0.018148474078867428
40	0.1	12	69	0.014346469305464335
40	0.1	12	90	0.014346469305464335
40	0.1	12	10	0.014346469305464335
40	0.1	12	83	0.014346469305464335
40	0.1	12	99	0.014346469305464335
40	0.1	12	62	0.014346469305464335
40	0.1	13	0	0.3975387526149959
40	0.1	13	29	0.23397861560422323
40	0.1	13	66	0.03882075619495734
40	0.1	13	69	0.03882075619495734
40	0.1	13	18	0.03882075619495734
40	0.1	13	60	0.02010683204568272
40	0.1	13	11	0.03882075619495734
40	0.1	13	5	0.03882075619495734
40	0.1	13	98	0.017361344669959013
40	0.1	13	74	0.03882075619495734
40	0.1	13	10	0.03882075619495734
40	0.1	13	23	0.03882075619495734
40	0.1	13	77	0.03882075619495734
40	0.1	13	96	0.03882075619495734
40	0.1	13	20	0.017361344669959013
40	0.1	13	76	0.017361344669959013
40	0.1	13	4	0.017361344669959013
40	0.1	13	42	0.01703461076817731
40	0.1	13	45	0.015304204268445707
40	0.1	13	97	0.003230207749194641
40	0.1	14	0	0.33734986871457545
40	0.1	14	29	0.1757511198541211
40	0.1	14	66	0.06706774952517697
40	0.1	14	23	0.1757511198541211
40	0.1	14	74	0.1757511198541211
40	0.1	14	4	0.02187416760908371
40	0.1	14	20	0.02187416760908371
40	0.1	14	94	0.02187416760908371
40	0.1	14	44	0.02187416760908371
40	0.1	14	98	0.02187416760908371
40	0.1	14	10	0.015541079390329043
40	0.1	14	11	0.02187416760908371
40	0.1	14	9	0.02187416760908371
40	0.1	14	5	0.02187416760908371
40	0.1	14	18	0.013589973146671468
40	0.1	14	90	0.013589973146671468
40	0.1	14	83	0.009443862200694748
40	0.1	14	62	0.013589973146671468
40	0.1	14	61	0.013589973146671468
40	0.1	14	72	0.009314335215158707
40	0.1	14	76	0.009443862200694748
40	0.1	15	0	0.4786533756161808
40	0.1	15	66	0.10073426873984138
40	0.1	15	29	0.14182347957621938
40	0.1	15	23	0.14182347957621938
40	0.1	15	74	0.14182347957621938
40	0.1	15	11	0.02411177072427379
40	0.1	15	44	0.023010431177086472
40	0.1	15	94	0.02411177072427379
40	0.1	15	4	0.02411177072427379
40	0.1	15	9	0.014738362476667906
40	0.1	15	5	0.014738362476667906
40	0.1	15	99	0.016035461845070886
40	0.1	15	98	0.016035461845070886
40	0.1	15	20	0.016035461845070886
40	0.1	15	3	0.01240763456932986
40	0.1	15	90	0.014033325877982134
40	0.1	15	83	0.009627232441849038
40	0.1	15	62	0.009627232441849038
40	0.1	15	87	0.004843102412499455
40	0.1	15	42	0.006980392955343288
40	0.1	15	10	0.006980392955343288
40	0.1	15	7	0.006980392955343288
40	0.1	15	69	0.006980392955343288
40	0.1	16	0	0.4672049121331388
40	0.1	16	66	0.11018694057961655
40	0.1	16	74	0.12185744175038446
40	0.1	16	29	0.12185744175038446
40	0.1	16	23	0.12185744175038446
40	0.1	16	11	0.023997852874741692
40	0.1	16	4	0.023997852874741692
40	0.1	16	20	0.023997852874741692
40	0.1	16	94	0.023997852874741692
40	0.1	16	44	0.023997852874741692
40	0.1	16	98	0.023997852874741692
40	0.1	16	9	0.023997852874741692
40	0.1	16	5	0.023997852874741692
40	0.1	16	10	0.020622076628555284
40	0.1	16	3	0.020622076628555284
40	0.1	16	69	0.017829451631657185
40	0.1	16	90	0.017829451631657185
40	0.1	16	18	0.016830244340727385
40	0.1	16	87	0.016830244340727385
40	0.1	16	72	0.0017320703976526212
40	0.1	17	0	0.44679079369887614
40	0.1	17	66	0.07045170126984118
40	0.1	17	29	0.13999234662321877
40	0.1	17	23	0.13999234662321877
40	0.1	17	74	0.13999234662321877
40	0.1	17	20	0.030738474736305414
40	0.1	17	4	0.030738474736305414
40	0.1	17	11	0.030738474736305414
40	0.1	17	44	0.030738474736305414
40	0.1	17	94	0.030738474736305414
40	0.1	17	5	0.030738474736305414
40	0.1	17	98	0.02251331433878301
40	0.1	17	10	0.02251331433878301
40	0.1	17	3	0.02251331433878301
40	0.1	17	9	0.015776268085355313
40	0.1	17	18	0.015776268085355313
40	0.1	17	7	0.015776268085355313
40	0.1	17	69	0.008083982497471697
40	0.1	17	60	0.008083982497471697
40	0.1	17	90	0.007001144781456435
40	0.1	18	0	0.4843868271533299
40	0.1	18	66	0.11234241526950202
40	0.1	18	20	0.03683289547747746
40	0.1	18	23	0.11837015748289952
40	0.1	18	74	0.11837015748289952
40	0.1	18	29	0.11837015748289952
40	0.1	18	94	0.026670107718507127
40	0.1	18	11	0.026670107718507127
40	0.1	18	98	0.026670107718507127
40	0.1	18	3	0.026670107718507127
40	0.1	18	44	0.026670107718507127
40	0.1	18	5	0.026670107718507127
40	0.1	18	4	0.026670107718507127
40	0.1	18	9	0.026670107718507127
40	0.1	18	10	0.026670107718507127
40	0.1	18	99	0.004657250925618871
40	0.1	18	18	0.026670107718507127
40	0.1	18	90	0.026670107718507127
40	0.1	18	83	0.004355713655546132
40	0.1	18	61	0.0005198425910386436
40	0.1	19	0	0.48130813479428464
40	0.1	19	66	0.09345401512938727
40	0.1	19	29	0.12255047830746604
40	0.1	19	74	0.12255047830746604
40	0.1	19	23	0.12255047830746604
40	0.1	19	4	0.03935764299746462
40	0.1	19	11	0.03935764299746462
40	0.1	19	94	0.03935764299746462
40	0.1	19	20	0.03935764299746462
40	0.1	19	44	0.03935764299746462
40	0.1	19	98	0.03935764299746462
40	0.1	19	3	0.03935764299746462
40	0.1	19	9	0.03935764299746462
40	0.1	19	5	0.03935764299746462
40	0.1	19	62	0.014484796873699333
40	0.1	19	90	0.003308716591725839
40	0.1	19	93	0.014484796873699333
40	0.1	19	38	0.014484796873699333
40	0.1	19	61	0.014484796873699333
40	0.1	19	13	0.014484796873699333
40	0.1	19	10	0.008393816364944929
40	0.1	20	0	0.5243489984582194
40	0.1	20	66	0.07545475525232077
40	0.1	20	3	0.029784981071020566
40	0.1	20	29	0.029784981071020566
40	0.1	20	23	0.029784981071020566
40	0.1	20	74	0.029784981071020566
40	0.1	20	44	0.029784981071020566
40	0.1	20	18	0.029784981071020566
40	0.1	20	10	0.029784981071020566
40	0.1	20	94	0.029784981071020566
40	0.1	20	5	0.029784981071020566
40	0.1	20	9	0.029784981071020566
40	0.1	20	4	0.029784981071020566
40	0.1	20	20	0.029784981071020566
40	0.1	20	11	0.029784981071020566
40	0.1	20	98	0.029784981071020566
40	0.1	20	62	0.029784981071020566
40	0.1	20	38	0.029784981071020566
40	0.1	20	69	0.029784981071020566
40	0.1	20	51	0.029784981071020566
40	0.1	21	0	0.48031492535507414
40	0.1	21	29	0.11415276224632391
40	0.1	21	74	0.11415276224632391
40	0.1	21	23	0.11415276224632391
40	0.1	21	66	0.11415276224632391
40	0.1	21	20	0.03679870273759399
40	0.1	21	3	0.02815711658926446
40	0.1	21	5	0.02815711658926446
40	0.1	21	98	0.02692906172316846
40	0.1	21	72	0.02692906172316846
40	0.1	21	4	0.02815711658926446
40	0.1	21	11	0.02815711658926446
40	0.1	21	9	0.02692906172316846
40	0.1	21	69	0.014850556111924313
40	0.1	21	42	0.02692906172316846
40	0.1	21	87	0.02692906172316846
40	0.1	21	61	0.02692906172316846
40	0.1	21	10	0.012521421867622699
40	0.1	21	60	0.014850556111924313
40	0.1	21	99	0.014850556111924313
40	0.1	22	0	0.44857535177207364
40	0.1	22	66	0.11115455375342619
40	0.1	22	94	0.027460441539292554
40	0.1	22	23	0.11115455375342619
40	0.1	22	29	0.11115455375342619
40	0.1	22	74	0.11115455375342619
40	0.1	22	44	0.024847827192011913
40	0.1	22	20	0.024847827192011913
40	0.1	22	9	0.024847827192011913
40	0.1	22	3	0.024847827192011913
40	0.1	22	11	0.024847827192011913
40	0.1	22	98	0.024847827192011913
40	0.1	22	4	0.024847827192011913
40	0.1	22	72	0.019402213102315755
40	0.1	22	61	0.024847827192011913
40	0.1	22	10	0.024847827192011913
40	0.1	22	5	0.024847827192011913
40	0.1	22	83	0.008834393479317063
40	0.1	22	62	0.009165522879792689
40	0.1	22	38	0.009165522879792689
40	0.1	23	0	0.44349398136568774
40	0.1	23	66	0.1275811237376132
40	0.1	23	11	0.058598179050075534
40	0.1	23	74	0.1275811237376132
40	0.1	23	23	0.1275811237376132
40	0.1	23	29	0.1275811237376132
40	0.1	23	4	0.055238947152294916
40	0.1	23	5	0.012343597972150762
40	0.1	23	20	0.025654209720448493
40	0.1	23	98	0.025654209720448493
40	0.1	23	90	0.016129442232328997
40	0.1	23	60	0.013296609473524262
40	0.1	23	72	0.012343597972150762
40	0.1	23	9	0.012343597972150762
40	0.1	23	3	0.012343597972150762
40	0.1	23	42	0.012343597972150762
40	0.1	23	18	0.012343597972150762
40	0.1	23	93	0.005095105539758891
40	0.1	23	87	0.008004381115531251
40	0.1	23	62	0.008004381115531251
40	0.1	24	0	0.4311201070956844
40	0.1	24	66	0.06660496601561317
40	0.1	24	74	0.1623413301284362
40	0.1	24	29	0.1623413301284362
40	0.1	24	23	0.1623413301284362
40	0.1	24	62	0.019663414223112193
40	0.1	24	99	0.019663414223112193
40	0.1	24	44	0.019663414223112193
40	0.1	24	18	0.01734631298517081
40	0.1	24	4	0.017640672969407654
40	0.1	24	11	0.017640672969407654
40	0.1	24	3	0.017640672969407654
40	0.1	24	9	0.017640672969407654
40	0.1	24	5	0.017640672969407654
40	0.1	24	10	0.01734631298517081
40	0.1	24	93	0.01734631298517081
40	0.1	24	98	0.01734631298517081
40	0.1	24	87	0.01734631298517081
40	0.1	24	61	0.01734631298517081
40	0.1	24	60	0.01734631298517081
40	0.1	25	0	0.25907590974398154
40	0.1	25	23	0.08326901161998936
40	0.1	25	29	0.08326901161998936
40	0.1	25	74	0.08326901161998936
40	0.1	25	66	0.049693790363604426
40	0.1	25	20	0.049693790363604426
40	0.1	25	94	0.049693790363604426
40	0.1	25	76	0.049693790363604426
40	0.1	25	11	0.049693790363604426
40	0.1	25	69	0.049693790363604426
40	0.1	25	4	0.049693790363604426
40	0.1	25	5	0.049693790363604426
40	0.1	25	64	0.02939195495539274
40	0.1	25	18	0.02939195495539274
40	0.1	25	30	0.02939195495539274
40	0.1	25	43	0.011245612155660169
40	0.1	25	68	0.02939195495539274
40	0.1	25	62	0.02939195495539274
40	0.1	25	60	0.02939195495539274
40	0.1	25	50	0.022330745517628214
40	0.1	25	15	0.022330745517628214
40	0.1	26	0	0.5158474308627525
40	0.1	26	20	0.047859715603048456
40	0.1	26	66	0.07684414122173418
40	0.1	26	74	0.12254783880873515
40	0.1	26	23	0.12254783880873515
40	0.1	26	29	0.12254783880873515
40	0.1	26	9	0.02406130376293063
40	0.1	26	44	0.02406130376293063
40	0.1	26	98	0.02406130376293063
40	0.1	26	10	0.01539148988568385
40	0.1	26	61	0.01539148988568385
40	0.1	26	69	0.01539148988568385
40	0.1	26	94	0.014725954324800762
40	0.1	26	5	0.014725954324800762
40	0.1	26	54	0.014725954324800762
40	0.1	26	99	0.013329793690439982
40	0.1	26	76	0.013329793690439982
40	0.1	26	42	0.013329793690439982
40	0.1	26	72	0.013329793690439982
40	0.1	26	90	0.013329793690439982
40	0.1	26	18	0.014725954324800762
40	0.1	26	83	0.014725954324800762
40	0.1	26	7	0.014725954324800762
40	0.1	26	87	0.011980150954131933
40	0.1	27	0	0.44044822586657795
40	0.1	27	66	0.11240420713216633
40	0.1	27	29	0.11240420713216633
40	0.1	27	23	0.11240420713216633
40	0.1	27	74	0.11240420713216633
40	0.1	27	11	0.03503082132660711
40	0.1	27	20	0.03186195063034048
40	0.1	27	94	0.03503082132660711
40	0.1	27	4	0.03503082132660711
40	0.1	27	9	0.015208687435406354
40	0.1	27	98	0.03186195063034048
40	0.1	27	44	0.03186195063034048
40	0.1	27	10	0.015208687435406354
40	0.1	27	3	0.015208687435406354
40	0.1	27	5	0.015208687435406354
40	0.1	27	18	0.01395654112310974
40	0.1	27	69	0.01395654112310974
40	0.1	27	99	0.008865405469530536
40	0.1	27	83	0.008865405469530536
40	0.1	27	62	0.008865405469530536
40	0.1	27	76	0.008865405469530536
40	0.1	28	0	0.5021277742743401
40	0.1	28	66	0.06902320346391029
40	0.1	28	11	0.043462253208617616
40	0.1	28	74	0.16362832589928952
40	0.1	28	29	0.16362832589928952
40	0.1	28	23	0.16362832589928952
40	0.1	28	9	0.043462253208617616
40	0.1	28	94	0.02865941480271818
40	0.1	28	44	0.02275868834051807
40	0.1	28	90	0.02275868834051807
40	0.1	28	3	0.02275868834051807
40	0.1	28	60	0.00877850236744595
40	0.1	28	98	0.02275868834051807
40	0.1	28	18	0.02275868834051807
40	0.1	28	4	0.01212746640565638
40	0.1	28	10	0.01212746640565638
40	0.1	28	5	0.010780465575715199
40	0.1	28	70	0.010780465575715199
40	0.1	28	42	0.009243354820135375
40	0.1	28	20	0.00877850236744595
40	0.1	28	99	0.00877850236744595
40	0.1	29	0	0.4927591987572842
40	0.1	29	66	0.11811073059514789
40	0.1	29	29	0.11811073059514789
40	0.1	29	23	0.11811073059514789
40	0.1	29	74	0.11811073059514789
40	0.1	29	94	0.031999820822080846
40	0.1	29	20	0.031999820822080846
40	0.1	29	11	0.027031301988789374
40	0.1	29	4	0.027031301988789374
40	0.1	29	44	0.027031301988789374
40	0.1	29	10	0.020287610232410838
40	0.1	29	3	0.020287610232410838
40	0.1	29	98	0.020287610232410838
40	0.1	29	5	0.02005885166674369
40	0.1	29	61	0.020287610232410838
40	0.1	29	87	0.020287610232410838
40	0.1	29	99	0.020287610232410838
40	0.1	29	60	0.02005885166674369
40	0.1	29	90	0.0014876730905254174
40	0.1	29	18	0.02005885166674369
40	0.1	29	9	0.02005885166674369
40	0.1	30	0	0.46123383810539625
40	0.1	30	66	0.10053039827255109
40	0.1	30	94	0.023782276381771168
40	0.1	30	23	0.11876921451418004
40	0.1	30	29	0.11876921451418004
40	0.1	30	74	0.11876921451418004
40	0.1	30	4	0.026096037741439274
40	0.1	30	11	0.026096037741439274
40	0.1	30	98	0.023782276381771168
40	0.1	30	20	0.023782276381771168
40	0.1	30	90	0.018526171258283052
40	0.1	30	87	0.007747840205342679
40	0.1	30	5	0.018526171258283052
40	0.1	30	44	0.018526171258283052
40	0.1	30	3	0.018526171258283052
40	0.1	30	10	0.018526171258283052
40	0.1	30	9	0.018526171258283052
40	0.1	30	7	0.018526171258283052
40	0.1	30	38	0.018526171258283052
40	0.1	30	93	0.01685979575961266
40	0.1	30	61	0.010532401672614352
40	0.1	31	0	0.4534766839309011
40	0.1	31	66	0.12279203903110969
40	0.1	31	29	0.12279203903110969
40	0.1	31	74	0.12279203903110969
40	0.1	31	23	0.12279203903110969
40	0.1	31	20	0.034748215740815325
40	0.1	31	94	0.034748215740815325
40	0.1	31	4	0.034748215740815325
40	0.1	31	11	0.034748215740815325
40	0.1	31	98	0.017526872647817812
40	0.1	31	5	0.017526872647817812
40	0.1	31	3	0.017526872647817812
40	0.1	31	44	0.017526872647817812
40	0.1	31	90	0.013825397365080374
40	0.1	31	9	0.011849506915624848
40	0.1	31	10	0.011849506915624848
40	0.1	31	69	0.007789442983534017
40	0.1	31	87	0.007789442983534017
40	0.1	31	61	0.004759008651125251
40	0.1	31	83	0.004759008651125251
40	0.1	31	76	0.004759008651125251
40	0.1	31	60	0.004759008651125251
40	0.1	32	0	0.4124493671954187
40	0.1	32	29	0.14540738188531793
40	0.1	32	74	0.07719798332461839
40	0.1	32	23	0.07719798332461839
40	0.1	32	66	0.07262539762484577
40	0.1	32	11	0.0433485804616483
40	0.1	32	94	0.027474780218164373
40	0.1	32	69	0.019042457389466978
40	0.1	32	10	0.019042457389466978
40	0.1	32	99	0.021102493700408474
40	0.1	32	98	0.021102493700408474
40	0.1	32	44	0.021102493700408474
40	0.1	32	76	0.021102493700408474
40	0.1	32	90	0.019042457389466978
40	0.1	32	68	0.019042457389466978
40	0.1	32	87	0.019042457389466978
40	0.1	32	70	0.015359226514002478
40	0.1	32	77	0.015359226514002478
40	0.1	32	83	0.015359226514002478
40	0.1	32	7	0.007654785278413636
40	0.1	32	61	0.007654785278413636
40	0.1	32	4	0.007654785278413636
40	0.1	32	3	0.007654785278413636
40	0.1	33	0	0.4428019692103274
40	0.1	33	29	0.1079909719916683
40	0.1	33	66	0.09145118468353458
40	0.1	33	23	0.1079909719916683
40	0.1	33	74	0.1079909719916683
40	0.1	33	44	0.0598896246623492
40	0.1	33	94	0.022987227208247727
40	0.1	33	11	0.0165668435137737
40	0.1	33	5	0.0165668435137737
40	0.1	33	4	0.0165668435137737
40	0.1	33	3	0.0165668435137737
40	0.1	33	87	0.016417018774046686
40	0.1	33	90	0.016417018774046686
40	0.1	33	20	0.0165668435137737
40	0.1	33	76	0.0165668435137737
40	0.1	33	9	0.0165668435137737
40	0.1	33	99	0.0165668435137737
40	0.1	33	70	0.016417018774046686
40	0.1	33	10	0.016417018774046686
40	0.1	33	7	0.016417018774046686
40	0.1	33	93	0.016417018774046686
40	0.1	33	38	0.016417018774046686
40	0.1	33	77	0.005310573109098625
40	0.1	33	42	0.005310573109098625
40	0.1	34	0	0.4444454929685046
40	0.1	34	66	0.12665925645867132
40	0.1	34	29	0.12665925645867132
40	0.1	34	23	0.12665925645867132
40	0.1	34	74	0.12665925645867132
40	0.1	34	20	0.02765031703482002
40	0.1	34	94	0.02765031703482002
40	0.1	34	11	0.02765031703482002
40	0.1	34	4	0.02765031703482002
40	0.1	34	3	0.026267246343263207
40	0.1	34	9	0.026267246343263207
40	0.1	34	10	0.010863564144754959
40	0.1	34	98	0.02393546561465061
40	0.1	34	44	0.02393546561465061
40	0.1	34	69	0.010863564144754959
40	0.1	34	90	0.010863564144754959
40	0.1	34	99	0.006943597148508255
40	0.1	34	7	0.006943597148508255
40	0.1	34	42	0.0024116071662537136
40	0.1	34	60	0.004314702780993834
40	0.1	34	76	0.004314702780993834
40	0.1	35	0	0.4418426118001541
40	0.1	35	66	0.12475538091707364
40	0.1	35	74	0.12475538091707364
40	0.1	35	29	0.12475538091707364
40	0.1	35	23	0.12475538091707364
40	0.1	35	4	0.029571549127118815
40	0.1	35	20	0.029571549127118815
40	0.1	35	94	0.029571549127118815
40	0.1	35	11	0.029571549127118815
40	0.1	35	5	0.028143023550437723
40	0.1	35	98	0.028143023550437723
40	0.1	35	44	0.028143023550437723
40	0.1	35	10	0.028143023550437723
40	0.1	35	9	0.028143023550437723
40	0.1	35	3	0.028143023550437723
40	0.1	35	70	0.025414084087805773
40	0.1	35	93	0.025414084087805773
40	0.1	35	61	0.01868227747099206
40	0.1	35	62	0.01868227747099206
40	0.1	35	99	0.01868227747099206
40	0.1	36	0	0.4727067170820262
40	0.1	36	66	0.08090795809631564
40	0.1	36	20	0.03098027071301194
40	0.1	36	23	0.13675267721509202
40	0.1	36	74	0.13675267721509202
40	0.1	36	29	0.13675267721509202
40	0.1	36	4	0.03098027071301194
40	0.1	36	11	0.03098027071301194
40	0.1	36	94	0.03098027071301194
40	0.1	36	98	0.03098027071301194
40	0.1	36	60	0.03098027071301194
40	0.1	36	5	0.03098027071301194
40	0.1	36	44	0.03098027071301194
40	0.1	36	9	0.03098027071301194
40	0.1	36	3	0.03098027071301194
40	0.1	36	10	0.03098027071301194
40	0.1	36	42	0.011193482044347138
40	0.1	36	62	0.005461819264679583
40	0.1	36	99	0.03098027071301194
40	0.1	36	61	0.03098027071301194
40	0.1	36	76	0.03098027071301194
40	0.1	36	83	0.03098027071301194
40	0.1	37	0	0.39641181908657147
40	0.1	37	66	0.17650737652133916
40	0.1	37	29	0.17650737652133916
40	0.1	37	74	0.17650737652133916
40	0.1	37	23	0.17650737652133916
40	0.1	37	98	0.01858370608157949
40	0.1	37	72	0.01858370608157949
40	0.1	37	10	0.01858370608157949
40	0.1	37	20	0.01858370608157949
40	0.1	37	61	0.01858370608157949
40	0.1	37	7	0.01858370608157949
40	0.1	37	44	0.01858370608157949
40	0.1	37	42	0.01858370608157949
40	0.1	37	38	0.004336018583051185
40	0.1	37	5	0.014340779740789242
40	0.1	37	54	0.014340779740789242
40	0.1	37	60	0.014340779740789242
40	0.1	37	99	0.014340779740789242
40	0.1	37	76	0.014340779740789242
40	0.1	37	8	0.007340878372432352
40	0.1	37	58	0.00506510494500994
40	0.1	38	0	0.4997288834480576
40	0.1	38	29	0.11071336968588023
40	0.1	38	74	0.11071336968588023
40	0.1	38	23	0.11071336968588023
40	0.1	38	66	0.11071336968588023
40	0.1	38	94	0.03070586228361487
40	0.1	38	11	0.027658979314703753
40	0.1	38	44	0.03070586228361487
40	0.1	38	20	0.03070586228361487
40	0.1	38	5	0.02458174902102896
40	0.1	38	3	0.02458174902102896
40	0.1	38	4	0.02458174902102896
40	0.1	38	9	0.01000937684821242
40	0.1	38	62	0.01000937684821242
40	0.1	38	76	0.01000937684821242
40	0.1	38	61	0.01000937684821242
40	0.1	38	93	0.0019225519843407233
40	0.1	38	99	0.008004524452234273
40	0.1	38	98	0.008004524452234273
40	0.1	38	10	0.008004524452234273
40	0.1	38	18	0.0021472437786111695
40	0.1	39	0	0.5002733898589415
40	0.1	39	66	0.10760528447919857
40	0.1	39	29	0.11542782102028458
40	0.1	39	23	0.11542782102028458
40	0.1	39	74	0.11542782102028458
40	0.1	39	20	0.02415308061641021
40	0.1	39	5	0.023863047066530817
40	0.1	39	94	0.023863047066530817
40	0.1	39	44	0.023863047066530817
40	0.1	39	98	0.021669248966242373
40	0.1	39	9	0.023863047066530817
40	0.1	39	4	0.023863047066530817
40	0.1	39	11	0.023863047066530817
40	0.1	39	60	0.00851819308286589
40	0.1	39	3	0.016687668666021057
40	0.1	39	10	0.016687668666021057
40	0.1	39	61	0.009820025820783443
40	0.1	39	93	0.009820025820783443
40	0.1	39	69	0.009820025820783443
40	0.1	39	18	0.009820025820783443
40	0.1	39	13	0.009820025820783443
40	0.1	40	0	0.44571851931504813
40	0.1	40	66	0.1003440440945007
40	0.1	40	29	0.1003440440945007
40	0.1	40	23	0.1003440440945007
40	0.1	40	74	0.1003440440945007
40	0.1	40	20	0.05158351802965473
40	0.1	40	11	0.0210871123098457
40	0.1	40	4	0.020193600041231705
40	0.1	40	98	0.020193600041231705
40	0.1	40	5	0.020193600041231705
40	0.1	40	44	0.014316985146443613
40	0.1	40	94	0.012174933295447192
40	0.1	40	90	0.010529234618954724
40	0.1	40	3	0.010529234618954724
40	0.1	40	9	0.010529234618954724
40	0.1	40	83	0.010529234618954724
40	0.1	40	18	0.010529234618954724
40	0.1	40	10	0.010529234618954724
40	0.1	40	76	0.010529234618954724
40	0.1	40	60	0.010529234618954724
40	0.1	41	0	0.4989788843602137
40	0.1	41	94	0.05423264034049024
40	0.1	41	66	0.0527660778020528
40	0.1	41	29	0.1606024756834308
40	0.1	41	74	0.1606024756834308
40	0.1	41	23	0.1606024756834308
40	0.1	41	11	0.0527660778020528
40	0.1	41	9	0.0527660778020528
40	0.1	41	10	0.023505415959806993
40	0.1	41	99	0.018200092888439028
40	0.1	41	61	0.006639841429155575
40	0.1	41	5	0.018200092888439028
40	0.1	41	4	0.018200092888439028
40	0.1	41	7	0.018200092888439028
40	0.1	41	77	0.013281226478897012
40	0.1	41	18	0.013281226478897012
40	0.1	41	62	0.013281226478897012
40	0.1	41	93	0.013281226478897012
40	0.1	41	57	0.012448740173906882
40	0.1	41	3	0.001568094656445336
40	0.1	42	0	0.49718345460141916
40	0.1	42	29	0.10315265084956855
40	0.1	42	74	0.10315265084956855
40	0.1	42	23	0.10315265084956855
40	0.1	42	66	0.08173997273470737
40	0.1	42	20	0.02424949821586435
40	0.1	42	44	0.02424949821586435
40	0.1	42	98	0.017577436055880382
40	0.1	42	11	0.020326688673251676
40	0.1	42	5	0.020326688673251676
40	0.1	42	4	0.020326688673251676
40	0.1	42	9	0.020326688673251676
40	0.1	42	3	0.020326688673251676
40	0.1	42	90	0.016531206955924027
40	0.1	42	10	0.0114478711342728
40	0.1	42	18	0.0114478711342728
40	0.1	42	87	0.016531206955924027
40	0.1	42	94	0.016531206955924027
40	0.1	42	72	0.008225467302508276
40	0.1	42	38	0.0114478711342728
40	0.1	43	0	0.44558385852638976
40	0.1	43	66	0.11991865296759008
40	0.1	43	11	0.024922646792445557
40	0.1	43	23	0.11991865296759008
40	0.1	43	74	0.11991865296759008
40	0.1	43	29	0.11991865296759008
40	0.1	43	94	0.03149540456539819
40	0.1	43	4	0.024922646792445557
40	0.1	43	10	0.024922646792445557
40	0.1	43	20	0.024922646792445557
40	0.1	43	9	0.024922646792445557
40	0.1	43	5	0.024922646792445557
40	0.1	43	3	0.024922646792445557
40	0.1	43	98	0.01972984834671219
40	0.1	43	87	0.024922646792445557
40	0.1	43	69	0.024922646792445557
40	0.1	43	83	0.01650749249567428
40	0.1	43	44	0.01650749249567428
40	0.1	43	57	0.01650749249567428
40	0.1	43	45	0.01650749249567428
40	0.1	44	0	0.48648073829705135
40	0.1	44	66	0.11026087663963957
40	0.1	44	29	0.11962790730695867
40	0.1	44	23	0.11962790730695867
40	0.1	44	74	0.11962790730695867
40	0.1	44	11	0.02982135657804961
40	0.1	44	4	0.02982135657804961
40	0.1	44	98	0.02982135657804961
40	0.1	44	20	0.02982135657804961
40	0.1	44	94	0.02982135657804961
40	0.1	44	44	0.02670374801532418
40	0.1	44	5	0.02670374801532418
40	0.1	44	9	0.02670374801532418
40	0.1	44	3	0.02670374801532418
40	0.1	44	10	0.019573373973955928
40	0.1	44	61	0.006446508009883868
40	0.1	44	60	0.0023494503829260623
40	0.1	44	18	0.019573373973955928
40	0.1	44	69	0.019573373973955928
40	0.1	44	90	0.019573373973955928
40	0.1	45	0	0.43979334333845804
40	0.1	45	29	0.1310133462387194
40	0.1	45	66	0.103209784911771
40	0.1	45	23	0.1310133462387194
40	0.1	45	74	0.1310133462387194
40	0.1	45	20	0.025244128222645587
40	0.1	45	4	0.025244128222645587
40	0.1	45	44	0.021978640797457857
40	0.1	45	3	0.025244128222645587
40	0.1	45	11	0.025244128222645587
40	0.1	45	94	0.025244128222645587
40	0.1	45	98	0.016573493427110935
40	0.1	45	90	0.021978640797457857
40	0.1	45	5	0.021978640797457857
40	0.1	45	9	0.021978640797457857
40	0.1	45	10	0.01335522722820317
40	0.1	45	18	0.009047278893033452
40	0.1	45	83	0.009047278893033452
40	0.1	45	99	0.009047278893033452
40	0.1	45	7	0.002803707533553762
40	0.1	46	0	0.44852875317743224
40	0.1	46	66	0.12848239148829044
40	0.1	46	29	0.12848239148829044
40	0.1	46	23	0.12848239148829044
40	0.1	46	74	0.12848239148829044
40	0.1	46	20	0.03185032834171131
40	0.1	46	98	0.04014764045133775
40	0.1	46	94	0.04014764045133775
40	0.1	46	10	0.01871486033177829
40	0.1	46	11	0.01871486033177829
40	0.1	46	3	0.013276922873665007
40	0.1	46	61	0.013276922873665007
40	0.1	46	99	0.013276922873665007
40	0.1	46	18	0.013276922873665007
40	0.1	46	4	0.013276922873665007
40	0.1	46	69	0.013276922873665007
40	0.1	46	93	0.013276922873665007
40	0.1	46	45	0.013276922873665007
40	0.1	46	90	0.00033497085284315257
40	0.1	46	9	0.002212541386782398
40	0.1	46	46	0.002212541386782398
40	0.1	47	0	0.4533630379371204
40	0.1	47	29	0.11847986537014171
40	0.1	47	66	0.11847986537014171
40	0.1	47	23	0.11847986537014171
40	0.1	47	74	0.11847986537014171
40	0.1	47	4	0.028360293640379574
40	0.1	47	20	0.025617070220337393
40	0.1	47	94	0.025617070220337393
40	0.1	47	98	0.025617070220337393
40	0.1	47	90	0.025617070220337393
40	0.1	47	10	0.02127574016263034
40	0.1	47	44	0.025617070220337393
40	0.1	47	11	0.025617070220337393
40	0.1	47	9	0.025617070220337393
40	0.1	47	5	0.025617070220337393
40	0.1	47	3	0.025617070220337393
40	0.1	47	69	0.016503054226348915
40	0.1	47	87	0.0066811261947280045
40	0.1	47	38	0.0066811261947280045
40	0.1	47	60	0.0037984135373312846
40	0.1	48	0	0.1192727180019093
40	0.1	48	29	0.1192727180019093
40	0.1	48	66	0.09454170068320568
40	0.1	48	74	0.1192727180019093
40	0.1	48	23	0.1192727180019093
40	0.1	48	4	0.040743361391803276
40	0.1	48	11	0.03377918118374945
40	0.1	48	20	0.03377918118374945
40	0.1	48	90	0.01921824844484316
40	0.1	48	9	0.025093398074635908
40	0.1	48	5	0.025093398074635908
40	0.1	48	98	0.025093398074635908
40	0.1	48	61	0.01921824844484316
40	0.1	48	57	0.01921824844484316
40	0.1	48	83	0.01921824844484316
40	0.1	48	72	0.01921824844484316
40	0.1	48	42	0.01921824844484316
40	0.1	48	44	0.01921824844484316
40	0.1	48	76	0.01921824844484316
40	0.1	48	14	0.016735639720971755
40	0.1	48	10	0.016735639720971755
40	0.1	48	13	0.016735639720971755
40	0.1	48	8	0.016735639720971755
40	0.1	48	87	0.016735639720971755
40	0.1	48	1	0.016735639720971755
40	0.1	48	6	0.016735639720971755
40	0.1	48	68	0.006516587810427517
40	0.1	49	0	0.4707581250806491
40	0.1	49	66	0.08019841071790003
40	0.1	49	29	0.14545794362107556
40	0.1	49	74	0.14545794362107556
40	0.1	49	23	0.14545794362107556
40	0.1	49	11	0.025012330716551564
40	0.1	49	5	0.019245791294044412
40	0.1	49	20	0.01936126214900219
40	0.1	49	9	0.019245791294044412
40	0.1	49	4	0.01936126214900219
40	0.1	49	44	0.01936126214900219
40	0.1	49	3	0.01936126214900219
40	0.1	49	90	0.018869698965385134
40	0.1	49	98	0.0120262757216343
40	0.1	49	18	0.01616756842051615
40	0.1	49	69	0.01616756842051615
40	0.1	49	10	0.009363795204755897
40	0.1	49	76	0.009050437177222835
40	0.1	49	99	0.004930898655602428
40	0.1	49	60	0.004930898655602428
40	0.1	50	0	0.44244135149033287
40	0.1	50	66	0.10642274533949442
40	0.1	50	20	0.03286447814895595
40	0.1	50	23	0.12261814953282019
40	0.1	50	74	0.12261814953282019
40	0.1	50	29	0.12261814953282019
40	0.1	50	94	0.03286447814895595
40	0.1	50	98	0.03286447814895595
40	0.1	50	44	0.03286447814895595
40	0.1	50	60	0.016654757339512567
40	0.1	50	11	0.03286447814895595
40	0.1	50	4	0.03286447814895595
40	0.1	50	3	0.03286447814895595
40	0.1	50	9	0.03286447814895595
40	0.1	50	5	0.03286447814895595
40	0.1	50	90	0.021204821510362033
40	0.1	50	99	0.013881195136598854
40	0.1	50	62	0.013881195136598854
40	0.1	50	38	0.0063960461574823204
40	0.1	50	10	0.010949104575839929
40	0.1	50	7	0.010949104575839929
40	0.1	51	0	0.3998806219080064
40	0.1	51	66	0.08215265223468657
40	0.1	51	20	0.0349253087817222
40	0.1	51	23	0.14853750547631211
40	0.1	51	74	0.14853750547631211
40	0.1	51	29	0.14853750547631211
40	0.1	51	11	0.026626052848743503
40	0.1	51	4	0.026626052848743503
40	0.1	51	98	0.026626052848743503
40	0.1	51	44	0.026626052848743503
40	0.1	51	5	0.026626052848743503
40	0.1	51	10	0.013676509509027596
40	0.1	51	3	0.013676509509027596
40	0.1	51	99	0.009474601664321333
40	0.1	51	9	0.013676509509027596
40	0.1	51	90	0.013676509509027596
40	0.1	51	94	0.002431461541381175
40	0.1	51	38	0.009474601664321333
40	0.1	51	72	0.009474601664321333
40	0.1	51	42	0.009474601664321333
40	0.1	51	62	0.006466668596383165
40	0.1	52	0	0.4384475935257039
40	0.1	52	66	0.10535582669050773
40	0.1	52	11	0.0355255435354398
40	0.1	52	23	0.1106377487218885
40	0.1	52	74	0.1106377487218885
40	0.1	52	29	0.1106377487218885
40	0.1	52	94	0.02789301589896059
40	0.1	52	20	0.022053540324785754
40	0.1	52	98	0.022053540324785754
40	0.1	52	44	0.019263585013565475
40	0.1	52	4	0.021108280686211164
40	0.1	52	3	0.021108280686211164
40	0.1	52	9	0.021108280686211164
40	0.1	52	5	0.021108280686211164
40	0.1	52	76	0.005941791553931458
40	0.1	52	69	0.005941791553931458
40	0.1	52	10	0.0058960069089134814
40	0.1	52	90	0.0058960069089134814
40	0.1	52	99	0.0008964694144842339
40	0.1	52	7	0.0035353599436858322
40	0.1	52	62	0.0035353599436858322
40	0.1	53	0	0.4038043908514252
40	0.1	53	66	0.10789170597493264
40	0.1	53	29	0.10789170597493264
40	0.1	53	23	0.10789170597493264
40	0.1	53	74	0.10789170597493264
40	0.1	53	11	0.028474121391138044
40	0.1	53	20	0.028474121391138044
40	0.1	53	94	0.028474121391138044
40	0.1	53	98	0.023856067455792766
40	0.1	53	5	0.028474121391138044
40	0.1	53	4	0.028474121391138044
40	0.1	53	9	0.023856067455792766
40	0.1	53	3	0.023856067455792766
40	0.1	53	70	0.023856067455792766
40	0.1	53	18	0.023856067455792766
40	0.1	53	10	0.023856067455792766
40	0.1	53	76	0.023856067455792766
40	0.1	53	44	0.023856067455792766
40	0.1	53	69	0.023856067455792766
40	0.1	53	62	0.023856067455792766
40	0.1	54	0	0.3972555528483648
40	0.1	54	23	0.16099207315565925
40	0.1	54	74	0.16099207315565925
40	0.1	54	29	0.16099207315565925
40	0.1	54	66	0.04439693791802311
40	0.1	54	11	0.03602989092998425
40	0.1	54	20	0.029117143450648742
40	0.1	54	94	0.029117143450648742
40	0.1	54	5	0.022138305604909057
40	0.1	54	3	0.017487182604993
40	0.1	54	10	0.017487182604993
40	0.1	54	9	0.017487182604993
40	0.1	54	98	0.017487182604993
40	0.1	54	44	0.017487182604993
40	0.1	54	4	0.015274207267301328
40	0.1	54	99	0.013677971067709882
40	0.1	54	72	0.013677971067709882
40	0.1	54	90	0.013677971067709882
40	0.1	54	83	0.013677971067709882
40	0.1	54	60	0.013677971067709882
40	0.1	54	38	0.004766011617203995
40	0.1	55	0	0.4038358050522511
40	0.1	55	29	0.11642268780161613
40	0.1	55	66	0.10108859049837389
40	0.1	55	90	0.05190600007117983
40	0.1	55	74	0.10108859049837389
40	0.1	55	23	0.10108859049837389
40	0.1	55	20	0.03783224757004717
40	0.1	55	98	0.03783224757004717
40	0.1	55	3	0.03783224757004717
40	0.1	55	4	0.03783224757004717
40	0.1	55	76	0.03783224757004717
40	0.1	55	11	0.0230810304318043
40	0.1	55	51	0.014192116141222726
40	0.1	55	72	0.014192116141222726
40	0.1	55	18	0.014192116141222726
40	0.1	55	69	0.007275828465150898
40	0.1	55	70	0.007094150781599261
40	0.1	55	1	0.007094150781599261
40	0.1	55	86	0.004755083836198643
40	0.1	55	21	0.004755083836198643
40	0.1	56	0	0.36165184205563444
40	0.1	56	23	0.17635590203277762
40	0.1	56	11	0.03663349556487368
40	0.1	56	5	0.0283595957456858
40	0.1	56	74	0.0283595957456858
40	0.1	56	9	0.0283595957456858
40	0.1	56	7	0.024013348043922987
40	0.1	56	4	0.0283595957456858
40	0.1	56	20	0.0283595957456858
40	0.1	56	83	0.0283595957456858
40	0.1	56	61	0.0283595957456858
40	0.1	56	44	0.0283595957456858
40	0.1	56	43	0.0283595957456858
40	0.1	56	3	0.0283595957456858
40	0.1	56	93	0.024013348043922987
40	0.1	56	38	0.024013348043922987
40	0.1	56	10	0.024013348043922987
40	0.1	56	13	0.016781766825577207
40	0.1	56	58	0.016781766825577207
40	0.1	56	45	0.010106499183212698
40	0.1	57	0	0.4580078410117003
40	0.1	57	66	0.12251113564489488
40	0.1	57	29	0.12251113564489488
40	0.1	57	23	0.12251113564489488
40	0.1	57	74	0.12251113564489488
40	0.1	57	11	0.022898862328892884
40	0.1	57	4	0.022898862328892884
40	0.1	57	94	0.022898862328892884
40	0.1	57	20	0.022898862328892884
40	0.1	57	44	0.022898862328892884
40	0.1	57	98	0.022898862328892884
40	0.1	57	9	0.022898862328892884
40	0.1	57	5	0.022898862328892884
40	0.1	57	3	0.022898862328892884
40	0.1	57	90	0.022898862328892884
40	0.1	57	10	0.015621942028344413
40	0.1	57	69	0.009221782104226825
40	0.1	57	62	0.006338892264576575
40	0.1	57	61	0.0061124545514075436
40	0.1	57	76	0.0010997723055736453
40	0.1	57	60	0.0010997723055736453
40	0.1	57	18	0.0010997723055736453
40	0.1	58	0	0.5270994719946339
40	0.1	58	29	0.11794578756559047
40	0.1	58	66	0.11794578756559047
40	0.1	58	23	0.11794578756559047
40	0.1	58	74	0.11794578756559047
40	0.1	58	94	0.03582718617882686
40	0.1	58	42	0.01744054388724676
40	0.1	58	11	0.03582718617882686
40	0.1	58	44	0.03582718617882686
40	0.1	58	20	0.03582718617882686
40	0.1	58	5	0.03582718617882686
40	0.1	58	4	0.03582718617882686
40	0.1	58	10	0.03582718617882686
40	0.1	58	9	0.03582718617882686
40	0.1	58	3	0.03582718617882686
40	0.1	58	18	0.03582718617882686
40	0.1	58	13	0.03582718617882686
40	0.1	58	60	0.03582718617882686
40	0.1	58	8	0.03582718617882686
40	0.1	58	7	0.010693610944061169
40	0.1	59	0	0.4859903401733579
40	0.1	59	29	0.1426966647250873
40	0.1	59	74	0.1426966647250873
40	0.1	59	23	0.1426966647250873
40	0.1	59	66	0.1426966647250873
40	0.1	59	94	0.03606673445429486
40	0.1	59	20	0.03606673445429486
40	0.1	59	11	0.03606673445429486
40	0.1	59	10	0.03606673445429486
40	0.1	59	62	0.03606673445429486
40	0.1	59	4	0.03606673445429486
40	0.1	59	98	0.03606673445429486
40	0.1	59	44	0.03606673445429486
40	0.1	59	69	0.018456274334547013
40	0.1	59	61	0.018456274334547013
40	0.1	59	3	0.018456274334547013
40	0.1	59	58	0.018456274334547013
40	0.1	59	83	0.018456274334547013
40	0.1	59	99	0.011764176041736532
40	0.1	59	8	0.011764176041736532
40	0.1	60	0	0.5180598551304993
40	0.1	60	5	0.025295153427930636
40	0.1	60	23	0.18611922485225116
40	0.1	60	74	0.18611922485225116
40	0.1	60	29	0.18611922485225116
40	0.1	60	66	0.042033389797531
40	0.1	60	3	0.028783704492253256
40	0.1	60	4	0.028783704492253256
40	0.1	60	20	0.015717945200637424
40	0.1	60	10	0.025295153427930636
40	0.1	60	11	0.025295153427930636
40	0.1	60	44	0.025295153427930636
40	0.1	60	60	0.015717945200637424
40	0.1	60	94	0.015717945200637424
40	0.1	60	98	0.025295153427930636
40	0.1	60	38	0.025295153427930636
40	0.1	60	69	0.025295153427930636
40	0.1	60	13	0.025295153427930636
40	0.1	60	61	0.025295153427930636
40	0.1	60	93	0.011589534018596737
40	0.1	61	0	0.4425618562778734
40	0.1	61	66	0.09790843907937924
40	0.1	61	29	0.11250446579009188
40	0.1	61	23	0.11250446579009188
40	0.1	61	74	0.11250446579009188
40	0.1	61	20	0.03905556552312698
40	0.1	61	94	0.03905556552312698
40	0.1	61	98	0.03905556552312698
40	0.1	61	11	0.03905556552312698
40	0.1	61	4	0.03905556552312698
40	0.1	61	44	0.024487275134210517
40	0.1	61	9	0.024487275134210517
40	0.1	61	99	0.01030711918768933
40	0.1	61	3	0.024487275134210517
40	0.1	61	5	0.024487275134210517
40	0.1	61	10	0.024487275134210517
40	0.1	61	69	0.015675810542050996
40	0.1	61	18	0.015675810542050996
40	0.1	61	7	0.0053827773752941985
40	0.1	61	57	0.0023996913579872057
40	0.1	61	60	0.01030711918768933
40	0.1	61	61	0.01030711918768933
40	0.1	62	0	0.5000339293821573
40	0.1	62	20	0.06347330341007022
40	0.1	62	74	0.18100487336955862
40	0.1	62	23	0.18100487336955862
40	0.1	62	29	0.18100487336955862
40	0.1	62	11	0.04866950003009254
40	0.1	62	4	0.04866950003009254
40	0.1	62	3	0.04866950003009254
40	0.1	62	13	0.015290535463245433
40	0.1	62	99	0.015290535463245433
40	0.1	62	98	0.015290535463245433
40	0.1	62	10	0.015290535463245433
40	0.1	62	62	0.015290535463245433
40	0.1	62	5	0.015290535463245433
40	0.1	62	9	0.015290535463245433
40	0.1	62	90	0.015290535463245433
40	0.1	62	7	0.015290535463245433
40	0.1	62	8	0.015290535463245433
40	0.1	62	61	0.007852439146786211
40	0.1	62	83	0.007852439146786211
40	0.1	62	46	0.015290535463245433
40	0.1	63	0	0.4389750900676282
40	0.1	63	66	0.11270211896654272
40	0.1	63	94	0.026809075936506034
40	0.1	63	74	0.11270211896654272
40	0.1	63	23	0.11270211896654272
40	0.1	63	29	0.11270211896654272
40	0.1	63	4	0.05156363455675408
40	0.1	63	20	0.026809075936506034
40	0.1	63	98	0.026809075936506034
40	0.1	63	5	0.020721999137896185
40	0.1	63	9	0.020721999137896185
40	0.1	63	69	0.020721999137896185
40	0.1	63	10	0.012253275837480012
40	0.1	63	3	0.012253275837480012
40	0.1	63	7	0.005893415281893971
40	0.1	63	61	0.011419664124302108
40	0.1	63	90	0.011419664124302108
40	0.1	63	83	0.011419664124302108
40	0.1	63	70	0.011419664124302108
40	0.1	63	72	0.011419664124302108
40	0.1	63	62	0.011419664124302108
40	0.1	64	0	0.49193425255972234
40	0.1	64	29	0.14956356596121048
40	0.1	64	66	0.068520631062099
40	0.1	64	11	0.068520631062099
40	0.1	64	23	0.14956356596121048
40	0.1	64	74	0.14956356596121048
40	0.1	64	4	0.02680794537494291
40	0.1	64	94	0.02680794537494291
40	0.1	64	20	0.02680794537494291
40	0.1	64	44	0.02680794537494291
40	0.1	64	83	0.02680794537494291
40	0.1	64	90	0.02680794537494291
40	0.1	64	98	0.02680794537494291
40	0.1	64	10	0.02680794537494291
40	0.1	64	5	0.02680794537494291
40	0.1	64	18	0.02680794537494291
40	0.1	64	3	0.02680794537494291
40	0.1	64	45	0.0007159502506478355
40	0.1	64	93	0.004937625041958441
40	0.1	64	13	0.004937625041958441
40	0.1	64	87	0.004937625041958441
40	0.1	65	0	0.5120819998746977
40	0.1	65	29	0.1278725646817229
40	0.1	65	74	0.1278725646817229
40	0.1	65	23	0.1278725646817229
40	0.1	65	66	0.1278725646817229
40	0.1	65	11	0.026060117373724177
40	0.1	65	20	0.026060117373724177
40	0.1	65	4	0.026060117373724177
40	0.1	65	94	0.026060117373724177
40	0.1	65	44	0.026060117373724177
40	0.1	65	10	0.026060117373724177
40	0.1	65	5	0.026060117373724177
40	0.1	65	3	0.026060117373724177
40	0.1	65	98	0.026060117373724177
40	0.1	65	18	0.026060117373724177
40	0.1	65	69	0.026060117373724177
40	0.1	65	62	0.026060117373724177
40	0.1	65	38	0.026060117373724177
40	0.1	65	13	0.006190245326032687
40	0.1	65	45	0.006190245326032687
40	0.1	66	0	0.44554523864770385
40	0.1	66	66	0.10771074594323872
40	0.1	66	29	0.12251461120125992
40	0.1	66	23	0.12251461120125992
40	0.1	66	74	0.12251461120125992
40	0.1	66	11	0.025174725306102045
40	0.1	66	4	0.025174725306102045
40	0.1	66	44	0.036396671672233656
40	0.1	66	94	0.036396671672233656
40	0.1	66	20	0.036396671672233656
40	0.1	66	98	0.01698226891695897
40	0.1	66	9	0.018462314406329793
40	0.1	66	5	0.018462314406329793
40	0.1	66	3	0.01698226891695897
40	0.1	66	10	0.01698226891695897
40	0.1	66	90	0.010322054273858586
40	0.1	66	99	0.010322054273858586
40	0.1	66	76	0.010322054273858586
40	0.1	66	18	0.010322054273858586
40	0.1	66	69	0.010322054273858586
40	0.1	67	0	0.47552161930566395
40	0.1	67	29	0.1166423780639032
40	0.1	67	66	0.08903310636192528
40	0.1	67	23	0.1166423780639032
40	0.1	67	74	0.1166423780639032
40	0.1	67	94	0.03453608096023247
40	0.1	67	44	0.023594385608448985
40	0.1	67	11	0.016855688784659928
40	0.1	67	5	0.023594385608448985
40	0.1	67	20	0.023594385608448985
40	0.1	67	10	0.016855688784659928
40	0.1	67	9	0.016855688784659928
40	0.1	67	98	0.016855688784659928
40	0.1	67	4	0.016855688784659928
40	0.1	67	70	0.015091945649642455
40	0.1	67	90	0.015053663569656033
40	0.1	67	76	0.013196260570330276
40	0.1	67	3	0.013196260570330276
40	0.1	67	57	0.007911648481248985
40	0.1	67	45	0.0037451375021314557
40	0.1	68	0	0.44721233425601753
40	0.1	68	66	0.07758569544587979
40	0.1	68	74	0.09485664207377517
40	0.1	68	29	0.09485664207377517
40	0.1	68	23	0.0622793513400069
40	0.1	68	11	0.03726484905898551
40	0.1	68	90	0.03522031963126934
40	0.1	68	4	0.03522031963126934
40	0.1	68	98	0.010567589802107091
40	0.1	68	44	0.021147600001027386
40	0.1	68	5	0.021147600001027386
40	0.1	68	94	0.021147600001027386
40	0.1	68	9	0.021147600001027386
40	0.1	68	3	0.021147600001027386
40	0.1	68	69	0.021147600001027386
40	0.1	68	61	0.008861714160133123
40	0.1	68	18	0.01169366230333518
40	0.1	68	13	0.01169366230333518
40	0.1	68	7	0.01169366230333518
40	0.1	68	57	0.00876771634476794
40	0.1	69	0	0.43284630888218656
40	0.1	69	66	0.1257091101728184
40	0.1	69	29	0.1257091101728184
40	0.1	69	23	0.1257091101728184
40	0.1	69	74	0.1257091101728184
40	0.1	69	20	0.02569270267679021
40	0.1	69	11	0.02569270267679021
40	0.1	69	94	0.02569270267679021
40	0.1	69	98	0.02569270267679021
40	0.1	69	44	0.02569270267679021
40	0.1	69	76	0.0241885487697864
40	0.1	69	3	0.0241885487697864
40	0.1	69	4	0.0241885487697864
40	0.1	69	9	0.0241885487697864
40	0.1	69	5	0.0241885487697864
40	0.1	69	90	0.0241885487697864
40	0.1	69	18	0.006519691396609953
40	0.1	69	62	0.0241885487697864
40	0.1	69	10	0.0241885487697864
40	0.1	69	87	0.0241885487697864
40	0.1	70	0	0.3495202883301584
40	0.1	70	44	0.11086132319024186
40	0.1	70	66	0.060458957570694645
40	0.1	70	23	0.11086132319024186
40	0.1	70	29	0.11086132319024186
40	0.1	70	74	0.11086132319024186
40	0.1	70	94	0.060458957570694645
40	0.1	70	7	0.038678063633530456
40	0.1	70	76	0.010108035080538166
40	0.1	70	10	0.038678063633530456
40	0.1	70	8	0.038678063633530456
40	0.1	70	72	0.021834642393550062
40	0.1	70	42	0.021834642393550062
40	0.1	70	13	0.006887263681707155
40	0.1	70	11	0.006887263681707155
40	0.1	70	45	0.010108035080538166
40	0.1	70	62	0.010108035080538166
40	0.1	70	67	0.010108035080538166
40	0.1	70	57	0.010108035080538166
40	0.1	70	46	0.0071893937829400085
40	0.1	70	54	0.0071893937829400085
40	0.1	70	5	0.006887263681707155
40	0.1	71	0	0.4355651648811082
40	0.1	71	66	0.12756396155246652
40	0.1	71	29	0.12756396155246652
40	0.1	71	23	0.12756396155246652
40	0.1	71	74	0.12756396155246652
40	0.1	71	11	0.030373099841000728
40	0.1	71	94	0.030373099841000728
40	0.1	71	9	0.017849746948566104
40	0.1	71	98	0.017849746948566104
40	0.1	71	3	0.017849746948566104
40	0.1	71	4	0.017849746948566104
40	0.1	71	83	0.017849746948566104
40	0.1	71	44	0.017849746948566104
40	0.1	71	60	0.017849746948566104
40	0.1	71	5	0.015014788828624974
40	0.1	71	10	0.015014788828624974
40	0.1	71	90	0.008834646363188528
40	0.1	71	38	0.008834646363188528
40	0.1	71	61	0.008834646363188528
40	0.1	71	76	0.008834646363188528
40	0.1	72	0	0.40561592843335725
40	0.1	72	66	0.12430051775910182
40	0.1	72	74	0.12430051775910182
40	0.1	72	29	0.12430051775910182
40	0.1	72	23	0.12430051775910182
40	0.1	72	20	0.061580348715716625
40	0.1	72	3	0.01745568469947419
40	0.1	72	98	0.0467408263287254
40	0.1	72	44	0.01745568469947419
40	0.1	72	60	0.0467408263287254
40	0.1	72	83	0.0467408263287254
40	0.1	72	61	0.0467408263287254
40	0.1	72	9	0.01745568469947419
40	0.1	72	57	0.01745568469947419
40	0.1	72	99	0.01745568469947419
40	0.1	72	11	0.01745568469947419
40	0.1	72	5	0.01745568469947419
40	0.1	72	69	0.01745568469947419
40	0.1	72	38	0.006565668739163937
40	0.1	72	87	0.0042248734171971706
40	0.1	72	68	0.0042248734171971706
40	0.1	73	0	0.28234521764713766
40	0.1	73	29	0.12097874376738882
40	0.1	73	66	0.12097874376738882
40	0.1	73	23	0.12097874376738882
40	0.1	73	74	0.12097874376738882
40	0.1	73	20	0.05652967854819377
40	0.1	73	94	0.041692857035635154
40	0.1	73	4	0.017977574984742607
40	0.1	73	69	0.017445924981850807
40	0.1	73	90	0.01766526857628264
40	0.1	73	11	0.01766526857628264
40	0.1	73	3	0.017445924981850807
40	0.1	73	38	0.017445924981850807
40	0.1	73	61	0.017445924981850807
40	0.1	73	44	0.017445924981850807
40	0.1	73	18	0.013858975428250105
40	0.1	73	10	0.013858975428250105
40	0.1	73	77	0.013858975428250105
40	0.1	73	9	0.005026420187138133
40	0.1	73	92	0.005026420187138133
40	0.1	74	0	0.4482645902738495
40	0.1	74	66	0.09873208653805919
40	0.1	74	29	0.10502717251498193
40	0.1	74	23	0.10502717251498193
40	0.1	74	74	0.10502717251498193
40	0.1	74	20	0.040380365883973625
40	0.1	74	11	0.040380365883973625
40	0.1	74	44	0.040380365883973625
40	0.1	74	4	0.040380365883973625
40	0.1	74	60	0.012388122148393854
40	0.1	74	9	0.040380365883973625
40	0.1	74	5	0.040380365883973625
40	0.1	74	94	0.013245274981092642
40	0.1	74	90	0.012388122148393854
40	0.1	74	99	0.012388122148393854
40	0.1	74	3	0.013245274981092642
40	0.1	74	13	0.013245274981092642
40	0.1	74	10	0.013245274981092642
40	0.1	74	69	0.013245274981092642
40	0.1	74	18	0.013245274981092642
40	0.1	74	38	0.013245274981092642
40	0.1	75	0	0.40772061987887986
40	0.1	75	66	0.05630506075602661
40	0.1	75	23	0.11947154851532472
40	0.1	75	74	0.11947154851532472
40	0.1	75	29	0.11947154851532472
40	0.1	75	9	0.050830150942383544
40	0.1	75	20	0.050830150942383544
40	0.1	75	11	0.050830150942383544
40	0.1	75	5	0.050830150942383544
40	0.1	75	10	0.050830150942383544
40	0.1	75	94	0.028823035354448454
40	0.1	75	98	0.028823035354448454
40	0.1	75	18	0.028823035354448454
40	0.1	75	93	0.014406718798859257
40	0.1	75	61	0.028823035354448454
40	0.1	75	60	0.028823035354448454
40	0.1	75	44	0.014406718798859257
40	0.1	75	84	0.0013399421869747703
40	0.1	75	7	0.012597310022956843
40	0.1	75	38	0.012597310022956843
40	0.1	76	0	0.4437168559387004
40	0.1	76	66	0.11870775466466366
40	0.1	76	29	0.11870775466466366
40	0.1	76	74	0.11870775466466366
40	0.1	76	23	0.11870775466466366
40	0.1	76	11	0.028934249202960664
40	0.1	76	20	0.028934249202960664
40	0.1	76	94	0.028934249202960664
40	0.1	76	44	0.019825602203290132
40	0.1	76	4	0.019825602203290132
40	0.1	76	5	0.019825602203290132
40	0.1	76	3	0.019825602203290132
40	0.1	76	98	0.019825602203290132
40	0.1	76	9	0.019825602203290132
40	0.1	76	10	0.019825602203290132
40	0.1	76	90	0.019825602203290132
40	0.1	76	69	0.019825602203290132
40	0.1	76	62	0.008369838688224749
40	0.1	76	38	0.010446094018299917
40	0.1	76	83	0.010446094018299917
40	0.1	77	0	0.477511201012894
40	0.1	77	66	0.10266511174755644
40	0.1	77	11	0.03897334117671784
40	0.1	77	74	0.11700675982653987
40	0.1	77	23	0.11700675982653987
40	0.1	77	29	0.11700675982653987
40	0.1	77	44	0.03897334117671784
40	0.1	77	20	0.03897334117671784
40	0.1	77	83	0.03897334117671784
40	0.1	77	60	0.013420989343376303
40	0.1	77	90	0.011286305952671338
40	0.1	77	9	0.013420989343376303
40	0.1	77	10	0.013420989343376303
40	0.1	77	4	0.013420989343376303
40	0.1	77	57	0.0037881046933749517
40	0.1	77	38	0.011714893017660186
40	0.1	77	5	0.011714893017660186
40	0.1	77	3	0.011714893017660186
40	0.1	77	8	0.011286305952671338
40	0.1	77	77	0.011286305952671338
40	0.1	77	72	0.010757372653440091
40	0.1	78	0	0.4461123273155068
40	0.1	78	66	0.10944714198929491
40	0.1	78	29	0.12313082271113732
40	0.1	78	23	0.12313082271113732
40	0.1	78	74	0.12313082271113732
40	0.1	78	20	0.02668050244479789
40	0.1	78	94	0.02668050244479789
40	0.1	78	98	0.02668050244479789
40	0.1	78	10	0.02645544729556132
40	0.1	78	4	0.02645544729556132
40	0.1	78	11	0.02645544729556132
40	0.1	78	5	0.02645544729556132
40	0.1	78	9	0.02645544729556132
40	0.1	78	62	0.007115684046936425
40	0.1	78	3	0.02645544729556132
40	0.1	78	44	0.02645544729556132
40	0.1	78	18	0.02645544729556132
40	0.1	78	90	0.009789832284844185
40	0.1	78	69	0.009789832284844185
40	0.1	78	83	0.0045807021746305104
40	0.1	79	0	0.44932504565132886
40	0.1	79	66	0.1133081173658517
40	0.1	79	29	0.1133081173658517
40	0.1	79	23	0.1133081173658517
40	0.1	79	74	0.1133081173658517
40	0.1	79	11	0.024753439742266726
40	0.1	79	20	0.024753439742266726
40	0.1	79	94	0.024753439742266726
40	0.1	79	4	0.018324244907627966
40	0.1	79	44	0.018324244907627966
40	0.1	79	98	0.01825295553507402
40	0.1	79	10	0.017491223896495437
40	0.1	79	90	0.018324244907627966
40	0.1	79	9	0.018324244907627966
40	0.1	79	5	0.018324244907627966
40	0.1	79	3	0.01272875926001857
40	0.1	79	60	0.01272875926001857
40	0.1	79	61	0.01272875926001857
40	0.1	79	38	0.010213600930820734
40	0.1	79	72	0.010213600930820734
40	0.1	80	0	0.44779363019026763
40	0.1	80	66	0.12540590784656672
40	0.1	80	11	0.027414832714613358
40	0.1	80	23	0.12540590784656672
40	0.1	80	29	0.12540590784656672
40	0.1	80	74	0.12540590784656672
40	0.1	80	20	0.027414832714613358
40	0.1	80	94	0.027414832714613358
40	0.1	80	4	0.027414832714613358
40	0.1	80	5	0.027414832714613358
40	0.1	80	98	0.027414832714613358
40	0.1	80	44	0.027414832714613358
40	0.1	80	69	0.01836530161531788
40	0.1	80	61	0.008422000832790707
40	0.1	80	3	0.016489677192704767
40	0.1	80	9	0.016489677192704767
40	0.1	80	10	0.016489677192704767
40	0.1	80	7	0.014659550773560858
40	0.1	80	18	0.014659550773560858
40	0.1	80	76	0.014659550773560858
40	0.1	81	0	0.4707080578310588
40	0.1	81	66	0.09892103818293228
40	0.1	81	29	0.12138031593878405
40	0.1	81	23	0.12138031593878405
40	0.1	81	74	0.12138031593878405
40	0.1	81	4	0.04038981689735338
40	0.1	81	11	0.04038981689735338
40	0.1	81	94	0.03444517824014317
40	0.1	81	20	0.03444517824014317
40	0.1	81	98	0.021534529574003387
40	0.1	81	3	0.015751720473957113
40	0.1	81	44	0.015751720473957113
40	0.1	81	9	0.015304295007764512
40	0.1	81	5	0.015304295007764512
40	0.1	81	10	0.007623481836997514
40	0.1	81	72	0.007623481836997514
40	0.1	81	69	0.007623481836997514
40	0.1	81	62	0.004449681621380729
40	0.1	81	61	0.004449681621380729
40	0.1	81	60	0.004449681621380729
40	0.1	81	90	0.007623481836997514
40	0.1	81	18	0.007623481836997514
40	0.1	81	42	0.007623481836997514
40	0.1	82	0	0.44371608760158643
40	0.1	82	66	0.10519427410039003
40	0.1	82	29	0.1266665899582338
40	0.1	82	23	0.1266665899582338
40	0.1	82	74	0.1266665899582338
40	0.1	82	11	0.02478898491628581
40	0.1	82	4	0.02478898491628581
40	0.1	82	94	0.02478898491628581
40	0.1	82	20	0.023115973206464017
40	0.1	82	44	0.023115973206464017
40	0.1	82	98	0.023115973206464017
40	0.1	82	90	0.023115973206464017
40	0.1	82	5	0.023115973206464017
40	0.1	82	9	0.023115973206464017
40	0.1	82	3	0.023115973206464017
40	0.1	82	10	0.023115973206464017
40	0.1	82	69	0.023115973206464017
40	0.1	82	83	0.007198157807956964
40	0.1	82	42	0.007198157807956964
40	0.1	82	18	0.006619283522811294
40	0.1	83	0	0.4448505127848031
40	0.1	83	66	0.1268378095991403
40	0.1	83	29	0.1268378095991403
40	0.1	83	23	0.1268378095991403
40	0.1	83	74	0.1268378095991403
40	0.1	83	11	0.034140151826267576
40	0.1	83	4	0.034140151826267576
40	0.1	83	20	0.023696641681731453
40	0.1	83	94	0.023696641681731453
40	0.1	83	44	0.023696641681731453
40	0.1	83	98	0.023696641681731453
40	0.1	83	10	0.023696641681731453
40	0.1	83	90	0.02210272840777682
40	0.1	83	3	0.023696641681731453
40	0.1	83	9	0.023696641681731453
40	0.1	83	5	0.023696641681731453
40	0.1	83	18	0.01195825182942414
40	0.1	83	69	0.01195825182942414
40	0.1	83	76	0.0020626794658170403
40	0.1	83	99	0.0018483375728699709
40	0.1	84	0	0.501587500770638
40	0.1	84	29	0.17338340637668623
40	0.1	84	23	0.17338340637668623
40	0.1	84	94	0.04013535681358121
40	0.1	84	5	0.021808450961050975
40	0.1	84	4	0.04013535681358121
40	0.1	84	20	0.04013535681358121
40	0.1	84	11	0.04013535681358121
40	0.1	84	99	0.021808450961050975
40	0.1	84	90	0.021686125066189287
40	0.1	84	76	0.012073902443945597
40	0.1	84	18	0.012073902443945597
40	0.1	84	69	0.012073902443945597
40	0.1	84	38	0.012073902443945597
40	0.1	84	62	0.012073902443945597
40	0.1	84	87	0.0024229184826397997
40	0.1	84	45	0.010207164207359525
40	0.1	84	3	0.010207164207359525
40	0.1	84	57	0.010207164207359525
40	0.1	84	70	0.002894971246808113
40	0.1	85	0	0.39860755048031454
40	0.1	85	66	0.12303600990542887
40	0.1	85	29	0.15040673432590596
40	0.1	85	23	0.15040673432590596
40	0.1	85	74	0.15040673432590596
40	0.1	85	4	0.033249412565385605
40	0.1	85	90	0.033249412565385605
40	0.1	85	98	0.033249412565385605
40	0.1	85	5	0.033249412565385605
40	0.1	85	9	0.033249412565385605
40	0.1	85	51	0.01493076055218986
40	0.1	85	62	0.01493076055218986
40	0.1	85	76	0.01493076055218986
40	0.1	85	42	0.01493076055218986
40	0.1	85	57	0.007940510217273704
40	0.1	85	45	0.007940510217273704
40	0.1	85	83	0.01493076055218986
40	0.1	85	70	0.01493076055218986
40	0.1	85	87	0.01493076055218986
40	0.1	85	38	0.01493076055218986
40	0.1	85	60	0.01493076055218986
40	0.1	85	61	0.01493076055218986
40	0.1	86	0	0.4474509011231576
40	0.1	86	66	0.09233764429195877
40	0.1	86	11	0.06548315932848676
40	0.1	86	23	0.09895801930538205
40	0.1	86	74	0.09895801930538205
40	0.1	86	29	0.09895801930538205
40	0.1	86	94	0.03582320927865082
40	0.1	86	98	0.020668978618890544
40	0.1	86	5	0.02472763925513116
40	0.1	86	9	0.02472763925513116
40	0.1	86	20	0.0175957051694403
40	0.1	86	4	0.02472763925513116
40	0.1	86	10	0.02472763925513116
40	0.1	86	3	0.02472763925513116
40	0.1	86	38	0.0175957051694403
40	0.1	86	87	0.0175957051694403
40	0.1	86	90	0.0175957051694403
40	0.1	86	18	0.0175957051694403
40	0.1	86	44	0.0175957051694403
40	0.1	86	99	0.0175957051694403
40	0.1	87	0	0.4404456424155945
40	0.1	87	66	0.09841422184153444
40	0.1	87	29	0.11789523885582821
40	0.1	87	23	0.11789523885582821
40	0.1	87	74	0.11789523885582821
40	0.1	87	11	0.0401661222191044
40	0.1	87	4	0.0401661222191044
40	0.1	87	44	0.0401661222191044
40	0.1	87	94	0.0401661222191044
40	0.1	87	20	0.0401661222191044
40	0.1	87	98	0.0401661222191044
40	0.1	87	5	0.0401661222191044
40	0.1	87	69	0.00559622689385603
40	0.1	87	3	0.0401661222191044
40	0.1	87	9	0.0401661222191044
40	0.1	87	10	0.0401661222191044
40	0.1	87	18	0.00559622689385603
40	0.1	87	60	0.005562128997667544
40	0.1	87	7	0.00559622689385603
40	0.1	87	90	0.00559622689385603
40	0.1	88	0	0.5059976486496794
40	0.1	88	66	0.1345963096767122
40	0.1	88	29	0.1345963096767122
40	0.1	88	23	0.1345963096767122
40	0.1	88	74	0.1345963096767122
40	0.1	88	4	0.030979414790008188
40	0.1	88	20	0.026821873036801194
40	0.1	88	44	0.030979414790008188
40	0.1	88	11	0.030979414790008188
40	0.1	88	98	0.030979414790008188
40	0.1	88	94	0.026821873036801194
40	0.1	88	9	0.026821873036801194
40	0.1	88	90	0.014540562314358779
40	0.1	88	3	0.026821873036801194
40	0.1	88	5	0.026821873036801194
40	0.1	88	61	0.014540562314358779
40	0.1	88	69	0.010096004078528687
40	0.1	88	10	0.005981045247421985
40	0.1	88	83	0.004852744965592228
40	0.1	88	60	0.003192253918982524
40	0.1	89	0	0.5225647448610363
40	0.1	89	20	0.030145041036270373
40	0.1	89	29	0.10123906924105294
40	0.1	89	23	0.10123906924105294
40	0.1	89	74	0.10123906924105294
40	0.1	89	66	0.08685716716710801
40	0.1	89	11	0.027334693060311374
40	0.1	89	4	0.027334693060311374
40	0.1	89	94	0.022658482234394418
40	0.1	89	9	0.022658482234394418
40	0.1	89	3	0.022658482234394418
40	0.1	89	98	0.022658482234394418
40	0.1	89	5	0.022658482234394418
40	0.1	89	62	0.022658482234394418
40	0.1	89	44	0.022658482234394418
40	0.1	89	10	0.022658482234394418
40	0.1	89	83	0.021511878109350718
40	0.1	89	93	0.021511878109350718
40	0.1	89	7	0.021511878109350718
40	0.1	89	99	0.021511878109350718
40	0.1	90	0	0.4483854453573585
40	0.1	90	66	0.11756178774381841
40	0.1	90	29	0.11756178774381841
40	0.1	90	23	0.11756178774381841
40	0.1	90	74	0.11756178774381841
40	0.1	90	4	0.0383374123023033
40	0.1	90	20	0.0383374123023033
40	0.1	90	94	0.0383374123023033
40	0.1	90	5	0.0383374123023033
40	0.1	90	11	0.0383374123023033
40	0.1	90	44	0.0383374123023033
40	0.1	90	10	0.0383374123023033
40	0.1	90	3	0.0383374123023033
40	0.1	90	98	0.0383374123023033
40	0.1	90	69	0.023738334939520673
40	0.1	90	90	0.023738334939520673
40	0.1	90	99	0.007245958834252987
40	0.1	90	42	0.004356338807566872
40	0.1	90	87	0.004356338807566872
40	0.1	90	93	0.009447602717698242
40	0.1	90	7	0.009447602717698242
40	0.1	90	62	0.009447602717698242
40	0.1	90	9	0.009447602717698242
40	0.1	91	0	0.48285023688745726
40	0.1	91	66	0.1218294315008893
40	0.1	91	74	0.1218294315008893
40	0.1	91	29	0.1218294315008893
40	0.1	91	23	0.1218294315008893
40	0.1	91	94	0.043240390946617815
40	0.1	91	44	0.043240390946617815
40	0.1	91	4	0.043240390946617815
40	0.1	91	11	0.043240390946617815
40	0.1	91	90	0.03655131857393866
40	0.1	91	98	0.03655131857393866
40	0.1	91	69	0.03655131857393866
40	0.1	91	9	0.03655131857393866
40	0.1	91	10	0.03655131857393866
40	0.1	91	87	0.009041389232682433
40	0.1	91	93	0.009041389232682433
40	0.1	91	18	0.005846281484465205
40	0.1	91	38	0.009041389232682433
40	0.1	91	20	0.009041389232682433
40	0.1	91	60	0.009041389232682433
40	0.1	91	3	0.009041389232682433
40	0.1	92	0	0.4519434254924871
40	0.1	92	66	0.10644175165032216
40	0.1	92	29	0.11824494597268878
40	0.1	92	74	0.11824494597268878
40	0.1	92	23	0.11824494597268878
40	0.1	92	94	0.021497687129156413
40	0.1	92	44	0.021497687129156413
40	0.1	92	98	0.021497687129156413
40	0.1	92	60	0.01499241863932035
40	0.1	92	83	0.005367206808853529
40	0.1	92	9	0.021497687129156413
40	0.1	92	3	0.021497687129156413
40	0.1	92	5	0.021497687129156413
40	0.1	92	4	0.021497687129156413
40	0.1	92	11	0.021497687129156413
40	0.1	92	10	0.01499241863932035
40	0.1	92	7	0.01499241863932035
40	0.1	92	69	0.01499241863932035
40	0.1	92	18	0.01499241863932035
40	0.1	92	93	0.012767014326492349
40	0.1	92	38	0.006819738726246094
40	0.1	93	0	0.45573902150093165
40	0.1	93	66	0.1010573557129053
40	0.1	93	29	0.1380846728580463
40	0.1	93	23	0.1380846728580463
40	0.1	93	74	0.1380846728580463
40	0.1	93	4	0.033881328284927875
40	0.1	93	94	0.039998255780256314
40	0.1	93	20	0.039998255780256314
40	0.1	93	44	0.039998255780256314
40	0.1	93	98	0.033881328284927875
40	0.1	93	5	0.033881328284927875
40	0.1	93	3	0.033881328284927875
40	0.1	93	10	0.033881328284927875
40	0.1	93	9	0.033881328284927875
40	0.1	93	90	0.012112107259147464
40	0.1	93	61	0.006455030050601906
40	0.1	93	7	0.005059432071891622
40	0.1	93	45	0.006455030050601906
40	0.1	93	62	0.006455030050601906
40	0.1	93	70	0.0021023571765758017
40	0.1	94	0	0.44537556982617216
40	0.1	94	66	0.09690952377519767
40	0.1	94	29	0.11647785795974973
40	0.1	94	23	0.11647785795974973
40	0.1	94	74	0.11647785795974973
40	0.1	94	20	0.021344215459029172
40	0.1	94	94	0.021344215459029172
40	0.1	94	11	0.0206523805685569
40	0.1	94	44	0.0206523805685569
40	0.1	94	98	0.0206523805685569
40	0.1	94	4	0.0206523805685569
40	0.1	94	5	0.0206523805685569
40	0.1	94	3	0.0206523805685569
40	0.1	94	9	0.0206523805685569
40	0.1	94	60	0.013171247914053484
40	0.1	94	90	0.015374395215457167
40	0.1	94	10	0.015374395215457167
40	0.1	94	69	0.015374395215457167
40	0.1	94	99	0.011189906389209454
40	0.1	94	76	0.007254536979819748
40	0.1	95	0	0.4697406427126059
40	0.1	95	29	0.11382112133555296
40	0.1	95	66	0.09974846392919985
40	0.1	95	23	0.11382112133555296
40	0.1	95	74	0.11382112133555296
40	0.1	95	94	0.027289800973799867
40	0.1	95	98	0.027289800973799867
40	0.1	95	4	0.026852296567457898
40	0.1	95	11	0.026852296567457898
40	0.1	95	3	0.026852296567457898
40	0.1	95	10	0.026852296567457898
40	0.1	95	44	0.026852296567457898
40	0.1	95	62	0.026852296567457898
40	0.1	95	38	0.024537596724834448
40	0.1	95	87	0.024537596724834448
40	0.1	95	90	0.024537596724834448
40	0.1	95	61	0.024537596724834448
40	0.1	95	20	0.024537596724834448
40	0.1	95	93	0.0055309043569099665
40	0.1	95	69	0.00467088956603423
40	0.1	96	0	0.5308719530362038
40	0.1	96	29	0.14079592501346577
40	0.1	96	23	0.14079592501346577
40	0.1	96	74	0.14079592501346577
40	0.1	96	66	0.14079592501346577
40	0.1	96	11	0.022719090590208747
40	0.1	96	5	0.022719090590208747
40	0.1	96	20	0.022719090590208747
40	0.1	96	94	0.022719090590208747
40	0.1	96	3	0.022719090590208747
40	0.1	96	4	0.022719090590208747
40	0.1	96	98	0.022719090590208747
40	0.1	96	44	0.022719090590208747
40	0.1	96	9	0.022719090590208747
40	0.1	96	10	0.022719090590208747
40	0.1	96	69	0.022719090590208747
40	0.1	96	90	0.0039925616329903905
40	0.1	96	18	0.011393112432468166
40	0.1	96	62	0.011393112432468166
40	0.1	96	93	0.011393112432468166
40	0.1	97	0	0.5305549707420175
40	0.1	97	94	0.04280857042957475
40	0.1	97	29	0.19555356371097124
40	0.1	97	74	0.19555356371097124
40	0.1	97	23	0.19555356371097124
40	0.1	97	11	0.026850243446114013
40	0.1	97	4	0.026850243446114013
40	0.1	97	5	0.01510493532409539
40	0.1	97	44	0.01510493532409539
40	0.1	97	83	0.01510493532409539
40	0.1	97	66	0.01510493532409539
40	0.1	97	90	0.01510493532409539
40	0.1	97	20	0.01510493532409539
40	0.1	97	9	0.01510493532409539
40	0.1	97	3	0.01510493532409539
40	0.1	97	62	0.01510493532409539
40	0.1	97	99	0.01510493532409539
40	0.1	97	93	0.012924799510897571
40	0.1	97	76	0.007047877497210843
40	0.1	97	60	0.005839932271010424
40	0.1	98	0	0.2995969418846475
40	0.1	98	20	0.04427182771868303
40	0.1	98	98	0.040322637045820564
40	0.1	98	83	0.040322637045820564
40	0.1	98	11	0.040322637045820564
40	0.1	98	9	0.040322637045820564
40	0.1	98	3	0.040322637045820564
40	0.1	98	10	0.040322637045820564
40	0.1	98	94	0.040322637045820564
40	0.1	98	5	0.040322637045820564
40	0.1	98	99	0.017312616396377344
40	0.1	98	18	0.024879922260323564
40	0.1	98	1	0.024879922260323564
40	0.1	98	38	0.017312616396377344
40	0.1	98	76	0.017312616396377344
40	0.1	98	62	0.017312616396377344
40	0.1	98	24	0.024879922260323564
40	0.1	98	4	0.024879922260323564
40	0.1	98	70	0.024879922260323564
40	0.1	98	55	0.020106678790646336
40	0.1	98	13	0.006593468632972256
40	0.1	98	30	0.00831316451448715
40	0.1	98	51	0.00831316451448715
40	0.1	98	93	0.00831316451448715
40	0.1	98	22	0.00831316451448715
40	0.1	98	36	0.00831316451448715
40	0.1	99	0	0.4458192731876499
40	0.1	99	66	0.08796442897156372
40	0.1	99	29	0.1403755853165916
40	0.1	99	23	0.1403755853165916
40	0.1	99	74	0.1403755853165916
40	0.1	99	11	0.08796442897156372
40	0.1	99	5	0.03653493855331283
40	0.1	99	94	0.02124658983618125
40	0.1	99	83	0.02124658983618125
40	0.1	99	62	0.0078300661260321
40	0.1	99	9	0.0078300661260321
40	0.1	99	3	0.02124658983618125
40	0.1	99	10	0.02124658983618125
40	0.1	99	44	0.0078300661260321
40	0.1	99	99	0.0078300661260321
40	0.1	99	4	0.02124658983618125
40	0.1	99	72	0.02124658983618125
40	0.1	99	42	0.02124658983618125
40	0.1	99	61	0.02124658983618125
40	0.1	99	18	0.02124658983618125
40	0.1	99	87	0.02124658983618125
40	0.1	99	93	0.02124658983618125
40	0.1	99	7	0.02124658983618125
40	0.1	99	70	0.02124658983618125
40	0.1	100	0	0.4471234861714926
40	0.1	100	66	0.10543446735979736
40	0.1	100	29	0.11892613772517086
40	0.1	100	23	0.11892613772517086
40	0.1	100	74	0.11892613772517086
40	0.1	100	20	0.03810131871914862
40	0.1	100	98	0.020090427409773078
40	0.1	100	4	0.034915166231491
40	0.1	100	94	0.034915166231491
40	0.1	100	11	0.034915166231491
40	0.1	100	3	0.034915166231491
40	0.1	100	10	0.020090427409773078
40	0.1	100	44	0.020090427409773078
40	0.1	100	9	0.020090427409773078
40	0.1	100	5	0.020090427409773078
40	0.1	100	90	0.010691642831028466
40	0.1	100	7	0.010691642831028466
40	0.1	100	69	0.010691642831028466
40	0.1	100	18	0.010691642831028466
40	0.1	100	70	0.003296191458587895
40	1	1	0	0.42045319916138413
40	1	1	66	0.10955669042392241
40	1	1	10	0.03843578963294891
40	1	1	23	0.11028957097499931
40	1	1	74	0.11028957097499931
40	1	1	29	0.11028957097499931
40	1	1	60	0.02126963741471655
40	1	1	44	0.03843578963294891
40	1	1	7	0.03843578963294891
40	1	1	90	0.02126963741471655
40	1	1	87	0.02126963741471655
40	1	1	70	0.020004790957705333
40	1	1	38	0.01763941170717786
40	1	1	77	0.01763941170717786
40	1	1	51	0.01763941170717786
40	1	1	42	0.006264322513870864
40	1	1	8	0.01763941170717786
40	1	1	9	0.01763941170717786
40	1	1	11	0.01763941170717786
40	1	1	54	0.006264322513870864
40	1	2	0	0.43057174599458586
40	1	2	38	0.03456784190220062
40	1	2	74	0.12152513317252302
40	1	2	29	0.12152513317252302
40	1	2	23	0.12152513317252302
40	1	2	44	0.030962692903375538
40	1	2	3	0.030962692903375538
40	1	2	11	0.030962692903375538
40	1	2	60	0.030962692903375538
40	1	2	9	0.030962692903375538
40	1	2	99	0.030962692903375538
40	1	2	5	0.02615629746319693
40	1	2	10	0.019736658085319842
40	1	2	4	0.02615629746319693
40	1	2	66	0.02615629746319693
40	1	2	61	0.02615629746319693
40	1	2	20	0.02615629746319693
40	1	2	77	0.02615629746319693
40	1	2	76	0.02615629746319693
40	1	2	98	0.02615629746319693
40	1	2	7	0.019736658085319842
40	1	3	0	0.45481624108624774
40	1	3	29	0.06712333795140521
40	1	3	74	0.054080670191500035
40	1	3	23	0.054080670191500035
40	1	3	66	0.04489333329039334
40	1	3	20	0.04489333329039334
40	1	3	98	0.04489333329039334
40	1	3	77	0.04489333329039334
40	1	3	38	0.04489333329039334
40	1	3	93	0.04489333329039334
40	1	3	87	0.04489333329039334
40	1	3	99	0.04489333329039334
40	1	3	94	0.04489333329039334
40	1	3	44	0.04489333329039334
40	1	3	69	0.04489333329039334
40	1	3	76	0.04489333329039334
40	1	3	86	0.015548813280406476
40	1	3	18	0.015548813280406476
40	1	3	8	0.015548813280406476
40	1	3	62	0.005650007879101653
40	1	4	0	0.08490594687879802
40	1	4	29	0.08490594687879802
40	1	4	23	0.08490594687879802
40	1	4	53	0.026143161724990385
40	1	4	11	0.05805208553461309
40	1	4	5	0.05805208553461309
40	1	4	4	0.05805208553461309
40	1	4	7	0.05805208553461309
40	1	4	90	0.026143161724990385
40	1	4	3	0.05805208553461309
40	1	4	77	0.05805208553461309
40	1	4	18	0.05805208553461309
40	1	4	10	0.05805208553461309
40	1	4	69	0.05805208553461309
40	1	4	13	0.05805208553461309
40	1	4	66	0.05805208553461309
40	1	4	93	0.05805208553461309
40	1	4	44	0.026678393486471927
40	1	4	24	0.026678393486471927
40	1	4	1	0.026678393486471927
40	1	5	0	0.07656292161186207
40	1	5	23	0.10998043358914088
40	1	5	74	0.10998043358914088
40	1	5	29	0.10998043358914088
40	1	5	51	0.10998043358914088
40	1	5	84	0.06524622429571551
40	1	5	68	0.011705475081637096
40	1	5	57	0.0651161962914529
40	1	5	45	0.0651161962914529
40	1	5	72	0.0651161962914529
40	1	5	42	0.0651161962914529
40	1	5	11	0.04480405906737324
40	1	5	4	0.04480405906737324
40	1	5	94	0.04480405906737324
40	1	5	10	0.020978190361349333
40	1	5	99	0.011705475081637096
40	1	5	62	0.020978190361349333
40	1	5	3	0.020978190361349333
40	1	5	90	0.020978190361349333
40	1	5	35	0.020978190361349333
40	1	5	70	0.008179087033924774
40	1	5	49	0.011705475081637096
40	1	5	80	0.011705475081637096
40	1	5	86	0.011705475081637096
40	1	5	60	0.011705475081637096
40	1	5	54	0.011705475081637096
40	1	6	0	0.3720182361223895
40	1	6	74	0.13104108575824042
40	1	6	20	0.06847649459362902
40	1	6	29	0.13104108575824042
40	1	6	23	0.13104108575824042
40	1	6	9	0.06847649459362902
40	1	6	5	0.06847649459362902
40	1	6	13	0.06847649459362902
40	1	6	60	0.06847649459362902
40	1	6	93	0.04450367508526949
40	1	6	3	0.03241563947081517
40	1	6	76	0.0073571608749276925
40	1	6	90	0.0073571608749276925
40	1	6	44	0.0073571608749276925
40	1	6	98	0.005875112140870051
40	1	6	10	0.03241563947081517
40	1	6	52	0.03241563947081517
40	1	6	83	0.03241563947081517
40	1	6	92	0.03241563947081517
40	1	6	68	0.03241563947081517
40	1	6	69	0.03241563947081517
40	1	6	38	0.007875357630099503
40	1	6	66	0.0070557395036975525
40	1	6	7	0.0070557395036975525
40	1	7	0	0.4001501821366226
40	1	7	66	0.09038853758896126
40	1	7	29	0.09038853758896126
40	1	7	23	0.09038853758896126
40	1	7	74	0.09038853758896126
40	1	7	5	0.07399508920407787
40	1	7	20	0.07399508920407787
40	1	7	94	0.07399508920407787
40	1	7	98	0.07399508920407787
40	1	7	44	0.07399508920407787
40	1	7	9	0.03189112164970985
40	1	7	69	0.03189112164970985
40	1	7	8	0.009938574362544883
40	1	7	45	0.02272152346303601
40	1	7	62	0.02272152346303601
40	1	7	72	0.004509211440544806
40	1	7	57	0.004509211440544806
40	1	7	11	0.009938574362544883
40	1	7	3	0.009938574362544883
40	1	7	68	0.009938574362544883
40	1	7	76	0.009938574362544883
40	1	7	4	0.009938574362544883
40	1	7	54	0.009938574362544883
40	1	8	0	0.27435200068532734
40	1	8	29	0.1263885957042392
40	1	8	66	0.1263885957042392
40	1	8	23	0.1263885957042392
40	1	8	74	0.1263885957042392
40	1	8	44	0.05408142042081956
40	1	8	9	0.05408142042081956
40	1	8	5	0.05408142042081956
40	1	8	99	0.05408142042081956
40	1	8	10	0.05408142042081956
40	1	8	69	0.02902737394257664
40	1	8	30	0.011796020349564068
40	1	8	7	0.01936061177926416
40	1	8	87	0.05408142042081956
40	1	8	94	0.05408142042081956
40	1	8	42	0.05408142042081956
40	1	8	72	0.05408142042081956
40	1	8	17	0.023588661483273543
40	1	8	48	0.023588661483273543
40	1	8	71	0.01936061177926416
40	1	8	24	0.01936061177926416
40	1	9	0	0.4039236989078336
40	1	9	29	0.15149418410637747
40	1	9	66	0.053402429400170454
40	1	9	23	0.09380882906086907
40	1	9	74	0.09380882906086907
40	1	9	94	0.053402429400170454
40	1	9	11	0.04736606930835749
40	1	9	3	0.04736606930835749
40	1	9	9	0.03264671484854536
40	1	9	4	0.03264671484854536
40	1	9	18	0.03264671484854536
40	1	9	20	0.012581252893438255
40	1	9	60	0.012581252893438255
40	1	9	5	0.03264671484854536
40	1	9	13	0.03264671484854536
40	1	9	8	0.03264671484854536
40	1	9	10	0.03264671484854536
40	1	9	69	0.005200379827809369
40	1	9	21	0.005585487309614269
40	1	9	99	0.005585487309614269
40	1	10	0	0.4082902339802222
40	1	10	66	0.12037104913127547
40	1	10	29	0.12037104913127547
40	1	10	23	0.12037104913127547
40	1	10	74	0.12037104913127547
40	1	10	4	0.03196752548371141
40	1	10	20	0.03196752548371141
40	1	10	94	0.03196752548371141
40	1	10	3	0.025997887457200074
40	1	10	76	0.013015388813521574
40	1	10	83	0.013015388813521574
40	1	10	5	0.013015388813521574
40	1	10	18	0.013015388813521574
40	1	10	9	0.013015388813521574
40	1	10	7	0.010091491578490054
40	1	10	62	0.010091491578490054
40	1	10	60	0.010091491578490054
40	1	10	11	0.010091491578490054
40	1	10	77	0.010091491578490054
40	1	10	44	0.006647221929780511
40	1	11	0	0.39709118290943407
40	1	11	66	0.053132189740341236
40	1	11	23	0.04649310776625712
40	1	11	90	0.04649310776625712
40	1	11	93	0.04649310776625712
40	1	11	74	0.04649310776625712
40	1	11	29	0.04649310776625712
40	1	11	97	0.04649310776625712
40	1	11	11	0.02628611096365048
40	1	11	20	0.03609793366489848
40	1	11	94	0.03609793366489848
40	1	11	5	0.03609793366489848
40	1	11	60	0.03609793366489848
40	1	11	44	0.03609793366489848
40	1	11	3	0.02628611096365048
40	1	11	4	0.02628611096365048
40	1	11	7	0.02628611096365048
40	1	11	68	0.02628611096365048
40	1	11	83	0.015549372554025052
40	1	11	9	0.015549372554025052
40	1	11	98	0.02628611096365048
40	1	11	87	0.02628611096365048
40	1	12	0	0.4699639628535267
40	1	12	66	0.0917956250173761
40	1	12	4	0.03217854211235553
40	1	12	23	0.10858353891364589
40	1	12	74	0.10858353891364589
40	1	12	29	0.10858353891364589
40	1	12	94	0.04073423540294409
40	1	12	83	0.03812315423659909
40	1	12	62	0.01341593233425832
40	1	12	9	0.03217854211235553
40	1	12	5	0.03217854211235553
40	1	12	7	0.03217854211235553
40	1	12	11	0.03217854211235553
40	1	12	87	0.01341593233425832
40	1	12	93	0.03217854211235553
40	1	12	3	0.03217854211235553
40	1	12	10	0.01341593233425832
40	1	12	13	0.01341593233425832
40	1	12	69	0.01341593233425832
40	1	12	99	0.003157508422863734
40	1	13	0	0.40255931048081084
40	1	13	60	0.048610763505710794
40	1	13	69	0.08071285782409687
40	1	13	29	0.08071285782409687
40	1	13	77	0.08071285782409687
40	1	13	18	0.02574699875502985
40	1	13	96	0.02574699875502985
40	1	13	42	0.02416479559762934
40	1	13	10	0.02574699875502985
40	1	13	66	0.02574699875502985
40	1	13	2	0.02574699875502985
40	1	13	74	0.02574699875502985
40	1	13	23	0.02574699875502985
40	1	13	70	0.02416479559762934
40	1	13	20	0.02416479559762934
40	1	13	72	0.02416479559762934
40	1	13	98	0.02416479559762934
40	1	13	95	0.02416479559762934
40	1	13	93	0.0048815777630358504
40	1	13	52	0.0048815777630358504
40	1	13	97	0.0048815777630358504
40	1	13	86	0.012344036164174746
40	1	13	40	0.012344036164174746
40	1	14	0	0.2561731412869391
40	1	14	29	0.16078612704582707
40	1	14	94	0.06090835431558787
40	1	14	23	0.1391839856102497
40	1	14	74	0.1391839856102497
40	1	14	62	0.06090835431558787
40	1	14	9	0.06090835431558787
40	1	14	98	0.06090835431558787
40	1	14	20	0.06090835431558787
40	1	14	77	0.06090835431558787
40	1	14	72	0.06090835431558787
40	1	14	42	0.06090835431558787
40	1	14	61	0.06090835431558787
40	1	14	66	0.06090835431558787
40	1	14	83	0.01475001295633667
40	1	14	5	0.01475001295633667
40	1	14	18	0.01475001295633667
40	1	14	4	0.014041744646308472
40	1	14	76	0.014041744646308472
40	1	14	11	0.014041744646308472
40	1	15	0	0.47012964427256865
40	1	15	29	0.0907185330950267
40	1	15	74	0.08443947971409527
40	1	15	23	0.08443947971409527
40	1	15	99	0.07783288973913194
40	1	15	11	0.06476759945545744
40	1	15	4	0.06476759945545744
40	1	15	68	0.022278008674645546
40	1	15	45	0.022278008674645546
40	1	15	94	0.06476759945545744
40	1	15	76	0.06476759945545744
40	1	15	66	0.06476759945545744
40	1	15	7	0.009271646813403193
40	1	15	9	0.009271646813403193
40	1	15	57	0.022278008674645546
40	1	15	44	0.02004466570994477
40	1	15	62	0.02004466570994477
40	1	15	5	0.009271646813403193
40	1	15	83	0.02004466570994477
40	1	15	58	0.02004466570994477
40	1	15	77	0.02004466570994477
40	1	15	98	0.008981202508423594
40	1	15	87	0.008981202508423594
40	1	16	0	0.47787466742345264
40	1	16	66	0.06737287951649687
40	1	16	23	0.1509402133981135
40	1	16	74	0.1509402133981135
40	1	16	29	0.1509402133981135
40	1	16	9	0.03417452254437381
40	1	16	94	0.029102902877321722
40	1	16	20	0.029102902877321722
40	1	16	10	0.029102902877321722
40	1	16	5	0.029102902877321722
40	1	16	44	0.029102902877321722
40	1	16	58	0.013493930393357483
40	1	16	76	0.013493930393357483
40	1	16	11	0.012657661214331907
40	1	16	90	0.013493930393357483
40	1	16	98	0.013493930393357483
40	1	16	69	0.012657661214331907
40	1	16	4	0.012657661214331907
40	1	16	87	0.012657661214331907
40	1	16	13	0.012657661214331907
40	1	17	0	0.443904036516974
40	1	17	20	0.03555897072868508
40	1	17	29	0.16296658807552894
40	1	17	23	0.16296658807552894
40	1	17	74	0.16296658807552894
40	1	17	4	0.04373230202871422
40	1	17	11	0.04373230202871422
40	1	17	44	0.03555897072868508
40	1	17	10	0.03555897072868508
40	1	17	66	0.03555897072868508
40	1	17	94	0.03555897072868508
40	1	17	3	0.03555897072868508
40	1	17	92	0.03555897072868508
40	1	17	5	0.03555897072868508
40	1	17	58	0.03555897072868508
40	1	17	60	0.03555897072868508
40	1	17	99	0.03555897072868508
40	1	17	51	0.03555897072868508
40	1	17	7	0.03555897072868508
40	1	17	21	0.0060557334683100095
40	1	18	0	0.4925495732040583
40	1	18	66	0.07838270997437741
40	1	18	74	0.12630779371431905
40	1	18	29	0.12630779371431905
40	1	18	23	0.12630779371431905
40	1	18	20	0.07838270997437741
40	1	18	94	0.04240737592511896
40	1	18	44	0.04240737592511896
40	1	18	90	0.020954404410172028
40	1	18	5	0.020954404410172028
40	1	18	99	0.01769635751265034
40	1	18	70	0.020954404410172028
40	1	18	3	0.020954404410172028
40	1	18	98	0.01769635751265034
40	1	18	87	0.020954404410172028
40	1	18	10	0.020954404410172028
40	1	18	9	0.020954404410172028
40	1	18	11	0.020954404410172028
40	1	18	62	0.01769635751265034
40	1	18	61	0.01769635751265034
40	1	18	83	0.01769635751265034
40	1	19	0	0.5128505877630163
40	1	19	23	0.11491389566514772
40	1	19	29	0.11491389566514772
40	1	19	74	0.11491389566514772
40	1	19	66	0.08001714628074813
40	1	19	9	0.02931070916990108
40	1	19	4	0.02931070916990108
40	1	19	94	0.02931070916990108
40	1	19	5	0.02931070916990108
40	1	19	83	0.014449005180813629
40	1	19	20	0.014449005180813629
40	1	19	38	0.02931070916990108
40	1	19	11	0.02931070916990108
40	1	19	62	0.02931070916990108
40	1	19	44	0.02931070916990108
40	1	19	3	0.016670120720664983
40	1	19	57	0.013734875280923146
40	1	19	84	0.0016494898604469807
40	1	19	98	0.01129836839967132
40	1	19	76	0.01129836839967132
40	1	19	72	0.0036590985673626724
40	1	20	0	0.46252440421587393
40	1	20	66	0.07839293520778223
40	1	20	3	0.04526188422072008
40	1	20	9	0.04526188422072008
40	1	20	18	0.04526188422072008
40	1	20	44	0.04526188422072008
40	1	20	10	0.04526188422072008
40	1	20	4	0.04526188422072008
40	1	20	5	0.04526188422072008
40	1	20	11	0.04526188422072008
40	1	20	38	0.03335593958868064
40	1	20	69	0.03335593958868064
40	1	20	72	0.04526188422072008
40	1	20	42	0.04526188422072008
40	1	20	20	0.014914169863359954
40	1	20	13	0.03335593958868064
40	1	20	21	0.03310895709028756
40	1	20	51	0.03310895709028756
40	1	20	17	0.03310895709028756
40	1	20	83	0.03310895709028756
40	1	21	0	0.25230046275930584
40	1	21	29	0.10277652365244204
40	1	21	74	0.10277652365244204
40	1	21	66	0.04761558789338368
40	1	21	23	0.04761558789338368
40	1	21	3	0.03714692265740826
40	1	21	20	0.03714692265740826
40	1	21	42	0.03714692265740826
40	1	21	72	0.03714692265740826
40	1	21	11	0.024326022627236012
40	1	21	99	0.024326022627236012
40	1	21	24	0.024326022627236012
40	1	21	4	0.024326022627236012
40	1	21	69	0.024326022627236012
40	1	21	84	0.024326022627236012
40	1	21	5	0.024326022627236012
40	1	21	19	0.018564811474682003
40	1	21	51	0.014542514138782
40	1	21	92	0.018564811474682003
40	1	21	87	0.018564811474682003
40	1	22	0	0.4448509172202001
40	1	22	66	0.05767921099606206
40	1	22	94	0.05767921099606206
40	1	22	29	0.07640915755776526
40	1	22	23	0.07640915755776526
40	1	22	74	0.07640915755776526
40	1	22	44	0.07640915755776526
40	1	22	98	0.03087672143046189
40	1	22	10	0.01753495824242725
40	1	22	38	0.03087672143046189
40	1	22	61	0.03087672143046189
40	1	22	62	0.025300085403849402
40	1	22	3	0.020252833694500285
40	1	22	11	0.013938582119214626
40	1	22	20	0.01753495824242725
40	1	22	9	0.01753495824242725
40	1	22	83	0.0175095947013598
40	1	22	5	0.0175095947013598
40	1	22	7	0.0175095947013598
40	1	22	72	0.0175095947013598
40	1	23	0	0.38709579431872354
40	1	23	66	0.08023027695128308
40	1	23	11	0.06527039759440678
40	1	23	74	0.12336312767211265
40	1	23	23	0.12336312767211265
40	1	23	29	0.12336312767211265
40	1	23	90	0.025731968201622428
40	1	23	98	0.016555347024555998
40	1	23	60	0.015859007843762672
40	1	23	7	0.015859007843762672
40	1	23	4	0.015859007843762672
40	1	23	72	0.015859007843762672
40	1	23	42	0.015859007843762672
40	1	23	87	0.011982395402017097
40	1	23	8	0.011982395402017097
40	1	23	18	0.011982395402017097
40	1	23	62	0.011982395402017097
40	1	23	93	0.011982395402017097
40	1	23	77	0.011982395402017097
40	1	23	70	0.011982395402017097
40	1	24	0	0.3751597626031963
40	1	24	29	0.1659739012913883
40	1	24	74	0.09736124421236969
40	1	24	99	0.027847526416808568
40	1	24	60	0.027847526416808568
40	1	24	61	0.027847526416808568
40	1	24	62	0.027847526416808568
40	1	24	23	0.027847526416808568
40	1	24	68	0.027847526416808568
40	1	24	92	0.027847526416808568
40	1	24	96	0.027847526416808568
40	1	24	9	0.020405536588461656
40	1	24	51	0.027847526416808568
40	1	24	87	0.027847526416808568
40	1	24	5	0.020405536588461656
40	1	24	10	0.020405536588461656
40	1	24	93	0.00802189792101579
40	1	24	64	0.00802189792101579
40	1	24	36	0.00802189792101579
40	1	24	3	0.020405536588461656
40	1	24	4	0.020405536588461656
40	1	24	11	0.020405536588461656
40	1	24	18	0.017436558638779954
40	1	25	23	0.11946795238285286
40	1	25	20	0.11946795238285286
40	1	25	66	0.11946795238285286
40	1	25	5	0.09811068601043298
40	1	25	29	0.09811068601043298
40	1	25	74	0.09811068601043298
40	1	25	11	0.09811068601043298
40	1	25	0	0.09811068601043298
40	1	25	69	0.09811068601043298
40	1	25	18	0.09811068601043298
40	1	25	94	0.030457159491739855
40	1	25	30	0.09811068601043298
40	1	25	4	0.09811068601043298
40	1	25	96	0.09811068601043298
40	1	25	76	0.030457159491739855
40	1	25	68	0.030457159491739855
40	1	25	64	0.09811068601043298
40	1	25	55	0.09811068601043298
40	1	25	6	0.09811068601043298
40	1	25	8	0.014906027980765053
40	1	26	0	0.4905851059971944
40	1	26	23	0.06755627528792994
40	1	26	74	0.06755627528792994
40	1	26	29	0.06755627528792994
40	1	26	9	0.06755627528792994
40	1	26	54	0.04413222371899665
40	1	26	44	0.06755627528792994
40	1	26	98	0.06755627528792994
40	1	26	20	0.04413222371899665
40	1	26	90	0.03207480566034588
40	1	26	10	0.04413222371899665
40	1	26	61	0.04413222371899665
40	1	26	69	0.04413222371899665
40	1	26	30	0.04413222371899665
40	1	26	18	0.04413222371899665
40	1	26	22	0.03207480566034588
40	1	26	5	0.03207480566034588
40	1	26	42	0.03207480566034588
40	1	26	72	0.03207480566034588
40	1	26	47	0.007705527554619472
40	1	27	0	0.4066895488810066
40	1	27	66	0.04939542490828297
40	1	27	94	0.02682818234765887
40	1	27	23	0.1119909273108261
40	1	27	29	0.1119909273108261
40	1	27	74	0.1119909273108261
40	1	27	4	0.048089606156468984
40	1	27	11	0.048089606156468984
40	1	27	70	0.015004632599790166
40	1	27	44	0.02682818234765887
40	1	27	98	0.02682818234765887
40	1	27	62	0.013417052593497085
40	1	27	20	0.013417052593497085
40	1	27	9	0.015004632599790166
40	1	27	3	0.015004632599790166
40	1	27	10	0.01157210324459078
40	1	27	18	0.015004632599790166
40	1	27	42	0.015004632599790166
40	1	27	69	0.015004632599790166
40	1	27	5	0.015004632599790166
40	1	27	72	0.015004632599790166
40	1	27	77	0.01157210324459078
40	1	27	99	0.01157210324459078
40	1	27	76	0.01157210324459078
40	1	28	0	0.48429768781890004
40	1	28	23	0.1284246229340019
40	1	28	9	0.03834223774216998
40	1	28	74	0.1284246229340019
40	1	28	29	0.1284246229340019
40	1	28	90	0.027954058987779213
40	1	28	18	0.027954058987779213
40	1	28	60	0.01980272475571085
40	1	28	11	0.01980272475571085
40	1	28	98	0.01980272475571085
40	1	28	3	0.01980272475571085
40	1	28	70	0.01980272475571085
40	1	28	44	0.01980272475571085
40	1	28	67	0.01980272475571085
40	1	28	94	0.01980272475571085
40	1	28	87	0.016723383050220662
40	1	28	55	0.0031128931598370254
40	1	28	45	0.016723383050220662
40	1	28	84	0.016723383050220662
40	1	28	66	0.016723383050220662
40	1	28	54	0.008324445615011715
40	1	29	0	0.4442563438448771
40	1	29	66	0.12825907588378765
40	1	29	87	0.03597562978217356
40	1	29	23	0.12825907588378765
40	1	29	74	0.12825907588378765
40	1	29	29	0.12825907588378765
40	1	29	94	0.05518204019791111
40	1	29	44	0.029460777898478226
40	1	29	10	0.029460777898478226
40	1	29	99	0.029460777898478226
40	1	29	11	0.029460777898478226
40	1	29	61	0.029460777898478226
40	1	29	20	0.029460777898478226
40	1	29	4	0.029460777898478226
40	1	29	18	0.022801874702728327
40	1	29	42	0.011115183456353653
40	1	29	95	0.022801874702728327
40	1	29	3	0.022801874702728327
40	1	29	98	0.022801874702728327
40	1	29	72	0.0012520433919298276
40	1	30	0	0.4194568135616425
40	1	30	66	0.08605720879575873
40	1	30	94	0.028373645872294507
40	1	30	29	0.10092585367739337
40	1	30	23	0.10092585367739337
40	1	30	74	0.10092585367739337
40	1	30	4	0.026381101247534122
40	1	30	20	0.02194617664736802
40	1	30	98	0.02194617664736802
40	1	30	38	0.02194617664736802
40	1	30	3	0.02194617664736802
40	1	30	7	0.02194617664736802
40	1	30	11	0.02194617664736802
40	1	30	44	0.02194617664736802
40	1	30	93	0.02194617664736802
40	1	30	87	0.004115263223502877
40	1	30	5	0.02194617664736802
40	1	30	10	0.02194617664736802
40	1	30	92	0.02194617664736802
40	1	30	9	0.014447987410553632
40	1	30	90	0.014447987410553632
40	1	31	0	0.46071917433965637
40	1	31	66	0.07347079114733557
40	1	31	29	0.13228252988845615
40	1	31	74	0.13228252988845615
40	1	31	23	0.13228252988845615
40	1	31	94	0.06316024100534356
40	1	31	20	0.03905385417470932
40	1	31	98	0.03608082131157535
40	1	31	87	0.03608082131157535
40	1	31	10	0.008032428063642185
40	1	31	11	0.03608082131157535
40	1	31	4	0.03608082131157535
40	1	31	3	0.03608082131157535
40	1	31	69	0.010675916828098238
40	1	31	90	0.009646279019149247
40	1	31	44	0.009646279019149247
40	1	31	57	0.0031911930558179004
40	1	31	72	0.002351409442299703
40	1	31	76	0.008032428063642185
40	1	31	5	0.008032428063642185
40	1	31	7	0.008032428063642185
40	1	31	9	0.008032428063642185
40	1	32	0	0.43126094074854476
40	1	32	29	0.19332029767046827
40	1	32	99	0.05123503899282815
40	1	32	94	0.05123503899282815
40	1	32	61	0.05123503899282815
40	1	32	69	0.05123503899282815
40	1	32	11	0.02058220110059522
40	1	32	10	0.02058220110059522
40	1	32	68	0.05123503899282815
40	1	32	74	0.05123503899282815
40	1	32	76	0.05123503899282815
40	1	32	58	0.005798331516024428
40	1	32	44	0.05123503899282815
40	1	32	66	0.05123503899282815
40	1	32	98	0.05123503899282815
40	1	32	23	0.05123503899282815
40	1	32	87	0.03766054134619741
40	1	32	36	0.013289842051702059
40	1	32	83	0.013289842051702059
40	1	32	13	0.0047060600625439
40	1	33	0	0.38466824875054
40	1	33	29	0.10269147995434794
40	1	33	66	0.049745421359831676
40	1	33	23	0.10269147995434794
40	1	33	74	0.10269147995434794
40	1	33	94	0.049745421359831676
40	1	33	44	0.046400483354685704
40	1	33	87	0.02175983149108772
40	1	33	90	0.02147198124482775
40	1	33	5	0.018766630312487143
40	1	33	38	0.018766630312487143
40	1	33	70	0.018766630312487143
40	1	33	3	0.018766630312487143
40	1	33	11	0.018766630312487143
40	1	33	7	0.009602211542701378
40	1	33	77	0.009602211542701378
40	1	33	42	0.009602211542701378
40	1	33	4	0.009529580698240397
40	1	33	99	0.009529580698240397
40	1	33	9	0.009529580698240397
40	1	33	51	0.009529580698240397
40	1	33	76	0.009529580698240397
40	1	34	0	0.4077333854521518
40	1	34	29	0.13219293565871004
40	1	34	66	0.09013853167255595
40	1	34	74	0.057042391308569286
40	1	34	23	0.057042391308569286
40	1	34	20	0.035894045265046644
40	1	34	4	0.035894045265046644
40	1	34	11	0.035894045265046644
40	1	34	94	0.035894045265046644
40	1	34	46	0.035894045265046644
40	1	34	7	0.035894045265046644
40	1	34	44	0.035894045265046644
40	1	34	83	0.035894045265046644
40	1	34	69	0.022774020626001933
40	1	34	77	0.022774020626001933
40	1	34	18	0.022774020626001933
40	1	34	98	0.02215388859397078
40	1	34	99	0.022768976483856413
40	1	34	92	0.022768976483856413
40	1	34	3	0.02215388859397078
40	1	34	10	0.02215388859397078
40	1	34	42	0.02215388859397078
40	1	35	0	0.4061320865971505
40	1	35	74	0.1445411474165744
40	1	35	23	0.1445411474165744
40	1	35	66	0.1011270494601791
40	1	35	4	0.02248733891345931
40	1	35	11	0.018903823076305067
40	1	35	20	0.018903823076305067
40	1	35	29	0.018903823076305067
40	1	35	9	0.018903823076305067
40	1	35	10	0.018903823076305067
40	1	35	5	0.018903823076305067
40	1	35	61	0.018903823076305067
40	1	35	58	0.018903823076305067
40	1	35	98	0.018903823076305067
40	1	35	68	0.018903823076305067
40	1	35	3	0.018903823076305067
40	1	35	62	0.018903823076305067
40	1	35	94	0.018903823076305067
40	1	35	44	0.016842142922490196
40	1	35	54	0.016842142922490196
40	1	36	0	0.48394262090599566
40	1	36	60	0.0313657540579225
40	1	36	23	0.13922853651775133
40	1	36	74	0.13922853651775133
40	1	36	29	0.13922853651775133
40	1	36	4	0.047740268617509476
40	1	36	76	0.023123395736065262
40	1	36	99	0.020624084275037157
40	1	36	5	0.020624084275037157
40	1	36	11	0.020624084275037157
40	1	36	44	0.020624084275037157
40	1	36	42	0.020624084275037157
40	1	36	70	0.020624084275037157
40	1	36	72	0.020624084275037157
40	1	36	3	0.020624084275037157
40	1	36	9	0.015917474365432917
40	1	36	98	0.0045693145333886905
40	1	36	92	0.014785222448045915
40	1	36	90	0.014785222448045915
40	1	36	62	0.014785222448045915
40	1	37	0	0.270051010180006
40	1	37	66	0.11531393664470047
40	1	37	23	0.11531393664470047
40	1	37	29	0.11531393664470047
40	1	37	74	0.11531393664470047
40	1	37	7	0.04087412065832304
40	1	37	72	0.03246122841671165
40	1	37	54	0.03246122841671165
40	1	37	61	0.03246122841671165
40	1	37	22	0.03117200464603177
40	1	37	90	0.03246122841671165
40	1	37	77	0.03246122841671165
40	1	37	42	0.03246122841671165
40	1	37	98	0.013969872423259111
40	1	37	70	0.013969872423259111
40	1	37	76	0.013969872423259111
40	1	37	8	0.013969872423259111
40	1	37	10	0.013969872423259111
40	1	37	38	0.013969872423259111
40	1	37	80	0.01082625703974136
40	1	38	0	0.44876033869143933
40	1	38	29	0.13567864522068512
40	1	38	74	0.13567864522068512
40	1	38	23	0.13567864522068512
40	1	38	66	0.08651915542156674
40	1	38	11	0.036696549293518135
40	1	38	20	0.036696549293518135
40	1	38	5	0.036696549293518135
40	1	38	61	0.036696549293518135
40	1	38	76	0.036696549293518135
40	1	38	3	0.018632695063183696
40	1	38	9	0.018632695063183696
40	1	38	93	0.02349810333905405
40	1	38	77	0.02349810333905405
40	1	38	94	0.02349810333905405
40	1	38	4	0.018632695063183696
40	1	38	84	0.018632695063183696
40	1	38	62	0.007453048997300092
40	1	38	87	0.007453048997300092
40	1	38	44	0.007453048997300092
40	1	38	58	0.007453048997300092
40	1	38	38	0.007453048997300092
40	1	38	99	0.018632695063183696
40	1	38	7	0.018632695063183696
40	1	38	73	0.007453048997300092
40	1	39	0	0.5128657775303342
40	1	39	5	0.04609214617361826
40	1	39	20	0.06224885896957373
40	1	39	29	0.13280898798088211
40	1	39	23	0.13280898798088211
40	1	39	74	0.13280898798088211
40	1	39	66	0.06947862696237835
40	1	39	9	0.02116863333626636
40	1	39	93	0.02116863333626636
40	1	39	44	0.015843432523739338
40	1	39	11	0.014533000994583774
40	1	39	10	0.014533000994583774
40	1	39	4	0.014533000994583774
40	1	39	60	0.015843432523739338
40	1	39	13	0.014533000994583774
40	1	39	3	0.014533000994583774
40	1	39	61	0.015843432523739338
40	1	39	55	0.014533000994583774
40	1	39	69	0.005549443650123672
40	1	39	94	0.015843432523739338
40	1	39	70	0.015843432523739338
40	1	39	98	0.015843432523739338
40	1	39	87	0.015843432523739338
40	1	39	99	0.015843432523739338
40	1	39	76	0.015843432523739338
40	1	39	58	0.015843432523739338
40	1	39	83	0.015843432523739338
40	1	40	0	0.4227461777873049
40	1	40	29	0.17277123605904865
40	1	40	66	0.09087409889348332
40	1	40	20	0.03776722143686471
40	1	40	23	0.03776722143686471
40	1	40	74	0.03776722143686471
40	1	40	11	0.03776722143686471
40	1	40	44	0.03776722143686471
40	1	40	4	0.03776722143686471
40	1	40	5	0.02341582747450419
40	1	40	62	0.0202321831603058
40	1	40	90	0.0202321831603058
40	1	40	18	0.0202321831603058
40	1	40	87	0.0202321831603058
40	1	40	45	0.0202321831603058
40	1	40	98	0.0202321831603058
40	1	40	7	0.01722985437661948
40	1	40	9	0.01722985437661948
40	1	40	3	0.007596947719117739
40	1	40	10	0.006151093167337823
40	1	41	0	0.31839795318427133
40	1	41	94	0.04061846627566238
40	1	41	74	0.13254583788009108
40	1	41	23	0.13254583788009108
40	1	41	29	0.0691788229370675
40	1	41	11	0.035003598791827566
40	1	41	99	0.04061846627566238
40	1	41	18	0.04061846627566238
40	1	41	9	0.035003598791827566
40	1	41	1	0.020004150107461288
40	1	41	57	0.016762849922104306
40	1	41	83	0.009302039925525297
40	1	41	36	0.009302039925525297
40	1	41	45	0.016762849922104306
40	1	41	61	0.002590258706149149
40	1	41	5	0.020004150107461288
40	1	41	12	0.020004150107461288
40	1	41	7	0.020004150107461288
40	1	41	2	0.020004150107461288
40	1	41	10	0.020004150107461288
40	1	41	77	0.020004150107461288
40	1	41	93	0.016762849922104306
40	1	41	4	0.016762849922104306
40	1	42	0	0.4554676273531398
40	1	42	29	0.13878922171860308
40	1	42	74	0.09080231857995152
40	1	42	23	0.09080231857995152
40	1	42	20	0.05778201801305098
40	1	42	44	0.05778201801305098
40	1	42	87	0.030145247722138474
40	1	42	3	0.030145247722138474
40	1	42	98	0.020737376423632943
40	1	42	5	0.030145247722138474
40	1	42	38	0.030145247722138474
40	1	42	11	0.030145247722138474
40	1	42	93	0.030145247722138474
40	1	42	9	0.030145247722138474
40	1	42	13	0.030145247722138474
40	1	42	30	0.003940556538915018
40	1	42	90	0.003940556538915018
40	1	42	72	0.003940556538915018
40	1	42	66	0.030145247722138474
40	1	42	18	0.030145247722138474
40	1	42	7	0.030145247722138474
40	1	42	4	0.030145247722138474
40	1	42	69	0.030145247722138474
40	1	42	10	0.030145247722138474
40	1	43	0	0.3603923122662452
40	1	43	66	0.0848683379013711
40	1	43	23	0.13211112219297888
40	1	43	74	0.13211112219297888
40	1	43	29	0.13211112219297888
40	1	43	11	0.03603989962887804
40	1	43	4	0.03603989962887804
40	1	43	83	0.02674357085898676
40	1	43	94	0.01579566433011329
40	1	43	9	0.01579566433011329
40	1	43	10	0.01579566433011329
40	1	43	69	0.0109275542346473
40	1	43	99	0.01579566433011329
40	1	43	87	0.01579566433011329
40	1	43	77	0.01579566433011329
40	1	43	5	0.01579566433011329
40	1	43	51	0.01579566433011329
40	1	43	36	0.01579566433011329
40	1	43	68	0.01579566433011329
40	1	43	20	0.01579566433011329
40	1	43	3	0.01579566433011329
40	1	44	0	0.5105793306246955
40	1	44	29	0.1402582809771775
40	1	44	74	0.1402582809771775
40	1	44	23	0.1402582809771775
40	1	44	66	0.1402582809771775
40	1	44	20	0.02271842914060148
40	1	44	94	0.02271842914060148
40	1	44	44	0.02271842914060148
40	1	44	98	0.02271842914060148
40	1	44	4	0.02271842914060148
40	1	44	11	0.02271842914060148
40	1	44	3	0.02271842914060148
40	1	44	5	0.02271842914060148
40	1	44	9	0.02271842914060148
40	1	44	90	0.02271842914060148
40	1	44	10	0.02271842914060148
40	1	44	69	0.02271842914060148
40	1	44	18	0.02271842914060148
40	1	44	76	0.0005754724153288304
40	1	44	93	0.01727392481621492
40	1	44	7	0.01727392481621492
40	1	45	0	0.38944926269438473
40	1	45	29	0.1491065078023945
40	1	45	74	0.1491065078023945
40	1	45	23	0.1491065078023945
40	1	45	4	0.0548086952437873
40	1	45	20	0.04221646943597769
40	1	45	44	0.024193094759291444
40	1	45	90	0.03087095405905731
40	1	45	99	0.03087095405905731
40	1	45	3	0.03087095405905731
40	1	45	98	0.03087095405905731
40	1	45	66	0.013380093250294616
40	1	45	18	0.013380093250294616
40	1	45	11	0.00963797826786153
40	1	45	62	0.00963797826786153
40	1	45	69	0.013380093250294616
40	1	45	60	0.013380093250294616
40	1	45	61	0.013380093250294616
40	1	45	9	0.013380093250294616
40	1	45	5	0.012200227512869982
40	1	45	70	0.011904065051532228
40	1	46	0	0.45602337492393197
40	1	46	29	0.09053275137616107
40	1	46	60	0.03951128146302475
40	1	46	23	0.06578584813249318
40	1	46	74	0.06578584813249318
40	1	46	98	0.06578584813249318
40	1	46	94	0.06578584813249318
40	1	46	10	0.03951128146302475
40	1	46	66	0.03951128146302475
40	1	46	38	0.03951128146302475
40	1	46	83	0.03951128146302475
40	1	46	77	0.03951128146302475
40	1	46	3	0.03951128146302475
40	1	46	20	0.019261978157190975
40	1	46	69	0.03951128146302475
40	1	46	18	0.03951128146302475
40	1	46	99	0.03951128146302475
40	1	46	13	0.0051011190078204234
40	1	46	90	0.019261978157190975
40	1	46	76	0.019261978157190975
40	1	46	70	0.015065642505965288
40	1	47	0	0.4658443846641763
40	1	47	66	0.11719828690654295
40	1	47	29	0.11719828690654295
40	1	47	74	0.11719828690654295
40	1	47	23	0.11719828690654295
40	1	47	4	0.029117876000703855
40	1	47	3	0.027285839981157637
40	1	47	94	0.027285839981157637
40	1	47	20	0.027285839981157637
40	1	47	98	0.027285839981157637
40	1	47	90	0.01901147322705315
40	1	47	60	0.016436554590235967
40	1	47	69	0.016436554590235967
40	1	47	10	0.016436554590235967
40	1	47	5	0.014550306270751545
40	1	47	7	0.014550306270751545
40	1	47	76	0.012199744281686603
40	1	47	87	0.014550306270751545
40	1	47	93	0.014550306270751545
40	1	47	9	0.014550306270751545
40	1	48	29	0.13928891400693888
40	1	48	66	0.13928891400693888
40	1	48	74	0.13928891400693888
40	1	48	23	0.13928891400693888
40	1	48	83	0.03243651598962044
40	1	48	4	0.016856462994617738
40	1	48	98	0.016856462994617738
40	1	48	1	0.015345944572948559
40	1	48	20	0.015345944572948559
40	1	48	11	0.015345944572948559
40	1	48	0	0.015345944572948559
40	1	48	14	0.015345944572948559
40	1	48	6	0.010964968237224823
40	1	48	42	0.015345944572948559
40	1	48	9	0.0034810063861285627
40	1	48	5	0.0034810063861285627
40	1	48	61	0.015345944572948559
40	1	48	90	0.015345944572948559
40	1	48	72	0.015345944572948559
40	1	48	76	0.015345944572948559
40	1	48	54	0.015345944572948559
40	1	48	22	0.015345944572948559
40	1	49	0	0.5307446214540226
40	1	49	5	0.025545284668594154
40	1	49	9	0.025545284668594154
40	1	49	74	0.16222347787610655
40	1	49	23	0.16222347787610655
40	1	49	29	0.16222347787610655
40	1	49	3	0.03432900882964916
40	1	49	11	0.025545284668594154
40	1	49	44	0.025545284668594154
40	1	49	99	0.025545284668594154
40	1	49	20	0.025545284668594154
40	1	49	4	0.025545284668594154
40	1	49	76	0.025545284668594154
40	1	49	60	0.025545284668594154
40	1	49	61	0.025545284668594154
40	1	49	51	0.01504852481569612
40	1	49	18	0.025545284668594154
40	1	49	90	0.025545284668594154
40	1	49	38	0.025545284668594154
40	1	49	69	0.025545284668594154
40	1	49	57	0.016153525002324344
40	1	50	0	0.4036926663884621
40	1	50	66	0.15192487266149712
40	1	50	74	0.15192487266149712
40	1	50	29	0.15192487266149712
40	1	50	23	0.15192487266149712
40	1	50	20	0.03968084702769726
40	1	50	94	0.025907570939176033
40	1	50	44	0.025907570939176033
40	1	50	98	0.025907570939176033
40	1	50	51	0.025907570939176033
40	1	50	90	0.025907570939176033
40	1	50	60	0.016200662320223286
40	1	50	5	0.025907570939176033
40	1	50	3	0.025907570939176033
40	1	50	9	0.025907570939176033
40	1	50	11	0.025907570939176033
40	1	50	4	0.025907570939176033
40	1	50	62	0.011960165799728117
40	1	50	70	0.011960165799728117
40	1	50	7	0.011960165799728117
40	1	51	0	0.2834726581331326
40	1	51	20	0.04522568302981317
40	1	51	5	0.04522568302981317
40	1	51	23	0.10889395757917249
40	1	51	74	0.10889395757917249
40	1	51	29	0.10889395757917249
40	1	51	44	0.04522568302981317
40	1	51	38	0.02143038677427799
40	1	51	66	0.02143038677427799
40	1	51	10	0.02143038677427799
40	1	51	11	0.016033990742465518
40	1	51	72	0.017975334683607694
40	1	51	42	0.017975334683607694
40	1	51	45	0.017975334683607694
40	1	51	57	0.017975334683607694
40	1	51	4	0.016033990742465518
40	1	51	77	0.016033990742465518
40	1	51	99	0.010335191661872353
40	1	51	9	0.007925328183211148
40	1	51	3	0.007925328183211148
40	1	51	90	0.007925328183211148
40	1	52	0	0.40940228395505973
40	1	52	66	0.125133157787178
40	1	52	11	0.04379348052505936
40	1	52	23	0.125133157787178
40	1	52	74	0.125133157787178
40	1	52	29	0.125133157787178
40	1	52	94	0.04379348052505936
40	1	52	98	0.029443813655474604
40	1	52	9	0.021730786249774068
40	1	52	4	0.021730786249774068
40	1	52	99	0.02080999978292548
40	1	52	76	0.02080999978292548
40	1	52	20	0.02080999978292548
40	1	52	3	0.021730786249774068
40	1	52	62	0.021730786249774068
40	1	52	7	0.004452659702788917
40	1	52	83	0.014186185834298865
40	1	52	60	0.004452659702788917
40	1	52	61	0.0032936974709902437
40	1	52	69	0.003556862788799435
40	1	52	5	0.003556862788799435
40	1	53	0	0.36264500560277213
40	1	53	29	0.17097324742183878
40	1	53	66	0.08701296799776019
40	1	53	94	0.039828826972376496
40	1	53	74	0.0310343023679822
40	1	53	23	0.0310343023679822
40	1	53	11	0.0310343023679822
40	1	53	4	0.02988678491713392
40	1	53	3	0.02988678491713392
40	1	53	70	0.025856880366958993
40	1	53	98	0.025856880366958993
40	1	53	5	0.025856880366958993
40	1	53	10	0.025856880366958993
40	1	53	18	0.025856880366958993
40	1	53	76	0.02216215393154689
40	1	53	62	0.025856880366958993
40	1	53	13	0.025856880366958993
40	1	53	9	0.025856880366958993
40	1	53	20	0.015477921665876204
40	1	53	38	0.012452768683027384
40	1	53	46	0.012452768683027384
40	1	54	0	0.39905242372360994
40	1	54	23	0.16099229199483728
40	1	54	74	0.16099229199483728
40	1	54	29	0.16099229199483728
40	1	54	20	0.07154777219837721
40	1	54	94	0.02156780224854219
40	1	54	3	0.014278900011556874
40	1	54	10	0.014278900011556874
40	1	54	70	0.025569899183155966
40	1	54	9	0.025569899183155966
40	1	54	98	0.025569899183155966
40	1	54	5	0.025569899183155966
40	1	54	38	0.01388395515906937
40	1	54	72	0.010114147586049364
40	1	54	90	0.010114147586049364
40	1	54	45	0.008931546239069851
40	1	54	42	0.008931546239069851
40	1	54	99	0.0036143181680051094
40	1	54	8	0.008931546239069851
40	1	54	24	0.008931546239069851
40	1	55	0	0.4233779313788914
40	1	55	29	0.11466885645281097
40	1	55	98	0.08232678912265014
40	1	55	90	0.08232678912265014
40	1	55	51	0.08232678912265014
40	1	55	74	0.06851134739815504
40	1	55	23	0.06851134739815504
40	1	55	66	0.08232678912265014
40	1	55	70	0.08232678912265014
40	1	55	86	0.04617247460463285
40	1	55	80	0.019756247021563682
40	1	55	65	0.04617247460463285
40	1	55	20	0.04617247460463285
40	1	55	84	0.04617247460463285
40	1	55	4	0.04617247460463285
40	1	55	8	0.04617247460463285
40	1	55	3	0.04617247460463285
40	1	55	76	0.04348235696090414
40	1	55	7	0.021171855726697938
40	1	55	59	0.014219625661819769
40	1	56	20	0.034763969808571486
40	1	56	43	0.034763969808571486
40	1	56	11	0.034763969808571486
40	1	56	4	0.028076335360459545
40	1	56	13	0.034763969808571486
40	1	56	23	0.034763969808571486
40	1	56	5	0.034763969808571486
40	1	56	7	0.034763969808571486
40	1	56	0	0.034763969808571486
40	1	56	58	0.028076335360459545
40	1	56	61	0.028076335360459545
40	1	56	3	0.028076335360459545
40	1	56	46	0.028076335360459545
40	1	56	83	0.028076335360459545
40	1	56	97	0.026438601614727393
40	1	56	55	0.028076335360459545
40	1	56	36	0.028076335360459545
40	1	56	99	0.028076335360459545
40	1	56	10	0.026438601614727393
40	1	56	93	0.026438601614727393
40	1	57	0	0.4818113343478363
40	1	57	66	0.11674774386444302
40	1	57	11	0.031395395447955506
40	1	57	23	0.11674774386444302
40	1	57	74	0.11674774386444302
40	1	57	29	0.11674774386444302
40	1	57	44	0.031395395447955506
40	1	57	4	0.031395395447955506
40	1	57	98	0.031395395447955506
40	1	57	9	0.031395395447955506
40	1	57	94	0.028786161917559953
40	1	57	90	0.028786161917559953
40	1	57	5	0.028786161917559953
40	1	57	20	0.015713027738958364
40	1	57	76	0.015713027738958364
40	1	57	62	0.028786161917559953
40	1	57	61	0.028786161917559953
40	1	57	3	0.028786161917559953
40	1	57	69	0.015713027738958364
40	1	57	83	0.006704119797923039
40	1	58	0	0.5163775182960827
40	1	58	29	0.08011013837559235
40	1	58	94	0.04622438273551702
40	1	58	66	0.08011013837559235
40	1	58	23	0.08011013837559235
40	1	58	74	0.08011013837559235
40	1	58	5	0.026689070300647294
40	1	58	42	0.024128447602572017
40	1	58	44	0.026689070300647294
40	1	58	10	0.026689070300647294
40	1	58	11	0.024273860109562177
40	1	58	8	0.024273860109562177
40	1	58	62	0.024128447602572017
40	1	58	51	0.024128447602572017
40	1	58	72	0.024128447602572017
40	1	58	21	0.01624154536072887
40	1	58	13	0.024273860109562177
40	1	58	18	0.024273860109562177
40	1	58	20	0.024273860109562177
40	1	58	9	0.024273860109562177
40	1	58	4	0.024273860109562177
40	1	58	3	0.024273860109562177
40	1	59	0	0.42925424595530753
40	1	59	29	0.12101648136860395
40	1	59	74	0.11977161210925631
40	1	59	98	0.033788139337320264
40	1	59	66	0.11977161210925631
40	1	59	23	0.11977161210925631
40	1	59	10	0.03596255539803171
40	1	59	62	0.033788139337320264
40	1	59	11	0.02884694459987415
40	1	59	13	0.02884694459987415
40	1	59	67	0.02884694459987415
40	1	59	69	0.02884694459987415
40	1	59	61	0.02207109542509292
40	1	59	20	0.02207109542509292
40	1	59	58	0.02207109542509292
40	1	59	83	0.013711426834553949
40	1	59	77	0.02884694459987415
40	1	59	84	0.02884694459987415
40	1	59	72	0.02884694459987415
40	1	59	42	0.02884694459987415
40	1	59	87	0.02884694459987415
40	1	59	38	0.02884694459987415
40	1	59	94	0.02884694459987415
40	1	59	44	0.02884694459987415
40	1	60	0	0.46192975266272146
40	1	60	44	0.05792435607797073
40	1	60	49	0.03235755191390223
40	1	60	29	0.11341857351176966
40	1	60	23	0.11341857351176966
40	1	60	74	0.11341857351176966
40	1	60	60	0.021537681040616808
40	1	60	61	0.028607568647178967
40	1	60	3	0.028607568647178967
40	1	60	10	0.028607568647178967
40	1	60	38	0.028607568647178967
40	1	60	13	0.028607568647178967
40	1	60	4	0.028607568647178967
40	1	60	98	0.021537681040616808
40	1	60	30	0.021537681040616808
40	1	60	90	0.021537681040616808
40	1	60	24	0.021537681040616808
40	1	60	99	0.021537681040616808
40	1	60	70	0.021537681040616808
40	1	60	11	0.021537681040616808
40	1	61	0	0.45907937362458706
40	1	61	29	0.1843465402245777
40	1	61	20	0.04512718415863359
40	1	61	23	0.1843465402245777
40	1	61	74	0.1843465402245777
40	1	61	66	0.04512718415863359
40	1	61	98	0.04512718415863359
40	1	61	94	0.04512718415863359
40	1	61	44	0.040338441013821835
40	1	61	9	0.040338441013821835
40	1	61	11	0.040338441013821835
40	1	61	3	0.040338441013821835
40	1	61	4	0.040338441013821835
40	1	61	10	0.03887903781905163
40	1	61	8	0.008903892323346527
40	1	61	7	0.001165100148279318
40	1	61	72	0.013649669558507488
40	1	61	61	0.013649669558507488
40	1	61	99	0.013649669558507488
40	1	61	42	0.008903892323346527
40	1	61	84	0.008903892323346527
40	1	62	0	0.4250335229268404
40	1	62	3	0.07913159127336987
40	1	62	83	0.044398745956503456
40	1	62	29	0.11538125922486214
40	1	62	23	0.11538125922486214
40	1	62	74	0.11538125922486214
40	1	62	99	0.044398745956503456
40	1	62	13	0.044398745956503456
40	1	62	4	0.044398745956503456
40	1	62	11	0.044398745956503456
40	1	62	84	0.023625981124902225
40	1	62	76	0.044398745956503456
40	1	62	20	0.044398745956503456
40	1	62	8	0.044398745956503456
40	1	62	10	0.044398745956503456
40	1	62	62	0.044398745956503456
40	1	62	1	0.008578527970118554
40	1	62	46	0.008554601882642452
40	1	62	55	0.004400954521939117
40	1	62	2	0.003974890512584143
40	1	63	0	0.34995523643411036
40	1	63	66	0.07890518080136116
40	1	63	94	0.06505675129343462
40	1	63	61	0.04176167337205092
40	1	63	74	0.06609279743597746
40	1	63	23	0.06609279743597746
40	1	63	29	0.06609279743597746
40	1	63	4	0.061363192567010685
40	1	63	9	0.029722281103969295
40	1	63	7	0.029593935092262873
40	1	63	5	0.029593935092262873
40	1	63	93	0.029593935092262873
40	1	63	69	0.029593935092262873
40	1	63	13	0.029593935092262873
40	1	63	10	0.029593935092262873
40	1	63	55	0.029593935092262873
40	1	63	40	0.01507525801429293
40	1	63	57	0.0014256960213973944
40	1	63	45	0.0014256960213973944
40	1	63	83	0.01507525801429293
40	1	63	54	0.01507525801429293
40	1	63	51	0.01507525801429293
40	1	64	0	0.40387332438854623
40	1	64	11	0.049177649474927976
40	1	64	83	0.039460320372929215
40	1	64	23	0.16279576313269517
40	1	64	29	0.16279576313269517
40	1	64	74	0.16279576313269517
40	1	64	20	0.039460320372929215
40	1	64	94	0.039460320372929215
40	1	64	44	0.039460320372929215
40	1	64	93	0.039460320372929215
40	1	64	77	0.039460320372929215
40	1	64	13	0.039460320372929215
40	1	64	10	0.039460320372929215
40	1	64	90	0.039460320372929215
40	1	64	98	0.039460320372929215
40	1	64	70	0.007189314750251578
40	1	64	18	0.024274125364944457
40	1	64	51	0.024274125364944457
40	1	64	84	0.024274125364944457
40	1	64	69	0.006735120392059034
40	1	64	72	0.007189314750251578
40	1	65	0	0.3281854019578587
40	1	65	29	0.09727433482349054
40	1	65	11	0.036151687014000414
40	1	65	23	0.09727433482349054
40	1	65	74	0.09727433482349054
40	1	65	66	0.09727433482349054
40	1	65	10	0.048849087743278
40	1	65	62	0.036151687014000414
40	1	65	4	0.036151687014000414
40	1	65	3	0.036151687014000414
40	1	65	69	0.036151687014000414
40	1	65	20	0.036151687014000414
40	1	65	61	0.036151687014000414
40	1	65	83	0.036151687014000414
40	1	65	98	0.01770239833348835
40	1	65	24	0.009675707667731138
40	1	65	94	0.036151687014000414
40	1	65	76	0.007432574390650738
40	1	65	38	0.036151687014000414
40	1	65	44	0.036151687014000414
40	1	65	18	0.036151687014000414
40	1	65	5	0.036151687014000414
40	1	66	0	0.44485559966905974
40	1	66	66	0.1271168617138166
40	1	66	29	0.1271168617138166
40	1	66	23	0.1271168617138166
40	1	66	74	0.1271168617138166
40	1	66	20	0.056154601141505334
40	1	66	11	0.029221178572062103
40	1	66	4	0.029221178572062103
40	1	66	99	0.029221178572062103
40	1	66	44	0.029221178572062103
40	1	66	94	0.029221178572062103
40	1	66	98	0.029221178572062103
40	1	66	76	0.029221178572062103
40	1	66	9	0.029221178572062103
40	1	66	5	0.029221178572062103
40	1	66	87	0.008512012666792617
40	1	66	3	0.0154536492656975
40	1	66	10	0.0154536492656975
40	1	66	90	0.0154536492656975
40	1	66	62	0.008512012666792617
40	1	66	60	0.008512012666792617
40	1	66	83	0.008512012666792617
40	1	67	0	0.4360905219396589
40	1	67	29	0.22419676736187974
40	1	67	94	0.06256701391839743
40	1	67	44	0.06256701391839743
40	1	67	74	0.03353305694309705
40	1	67	23	0.026214048876242808
40	1	67	92	0.026214048876242808
40	1	67	5	0.026214048876242808
40	1	67	87	0.026214048876242808
40	1	67	66	0.026214048876242808
40	1	67	9	0.026214048876242808
40	1	67	70	0.01860278482619195
40	1	67	90	0.016615417101404843
40	1	67	35	0.01282084066092502
40	1	67	10	0.01282084066092502
40	1	67	76	0.01860278482619195
40	1	67	38	0.01860278482619195
40	1	67	20	0.01860278482619195
40	1	67	95	0.01860278482619195
40	1	67	93	0.01860278482619195
40	1	68	0	0.4233179159923358
40	1	68	29	0.11019962448532553
40	1	68	74	0.11019962448532553
40	1	68	66	0.11019962448532553
40	1	68	11	0.046584077845415066
40	1	68	90	0.046584077845415066
40	1	68	76	0.03252384071811347
40	1	68	4	0.03252384071811347
40	1	68	5	0.03252384071811347
40	1	68	13	0.03252384071811347
40	1	68	44	0.03252384071811347
40	1	68	9	0.03252384071811347
40	1	68	72	0.010097479767359812
40	1	68	3	0.031754143473004315
40	1	68	45	0.031754143473004315
40	1	68	57	0.031754143473004315
40	1	68	69	0.031754143473004315
40	1	68	8	0.031754143473004315
40	1	68	94	0.013977534943558545
40	1	68	46	0.002389160608474995
40	1	69	0	0.35778832289680385
40	1	69	66	0.09739581073334277
40	1	69	98	0.048736590720837435
40	1	69	29	0.07986043440102049
40	1	69	23	0.07986043440102049
40	1	69	74	0.07986043440102049
40	1	69	94	0.03474969272962396
40	1	69	3	0.03474969272962396
40	1	69	76	0.03474969272962396
40	1	69	44	0.03474969272962396
40	1	69	4	0.03474969272962396
40	1	69	11	0.03474969272962396
40	1	69	9	0.027267730822752412
40	1	69	24	0.024021860651003184
40	1	69	10	0.024021860651003184
40	1	69	20	0.024021860651003184
40	1	69	18	0.013558283298137427
40	1	69	90	0.024021860651003184
40	1	69	5	0.024021860651003184
40	1	69	70	0.013558283298137427
40	1	69	69	0.013558283298137427
40	1	69	7	0.013558283298137427
40	1	70	0	0.15817200197165354
40	1	70	44	0.14142152952894027
40	1	70	7	0.026982791335393587
40	1	70	23	0.07700911217699306
40	1	70	29	0.07700911217699306
40	1	70	74	0.057579284914283525
40	1	70	8	0.026982791335393587
40	1	70	66	0.026982791335393587
40	1	70	10	0.026982791335393587
40	1	70	94	0.026035168757762295
40	1	70	45	0.026035168757762295
40	1	70	57	0.026035168757762295
40	1	70	46	0.026035168757762295
40	1	70	67	0.026035168757762295
40	1	70	42	0.021756245439080644
40	1	70	72	0.021756245439080644
40	1	70	13	0.020237203273780778
40	1	70	54	0.026035168757762295
40	1	70	76	0.026035168757762295
40	1	70	62	0.026035168757762295
40	1	71	0	0.4017938209881897
40	1	71	29	0.10708463880467231
40	1	71	66	0.09623590913066445
40	1	71	23	0.09623590913066445
40	1	71	74	0.09623590913066445
40	1	71	94	0.04524894635580544
40	1	71	98	0.04524894635580544
40	1	71	51	0.008684600538859104
40	1	71	60	0.04524894635580544
40	1	71	83	0.04524894635580544
40	1	71	11	0.03872327061973164
40	1	71	3	0.03720167822251777
40	1	71	4	0.03413792835395329
40	1	71	38	0.01168978535567381
40	1	71	68	0.01168978535567381
40	1	71	9	0.008684600538859104
40	1	71	7	0.008684600538859104
40	1	71	92	0.0011949364142441663
40	1	71	61	0.0031281288394302787
40	1	71	43	0.0031281288394302787
40	1	71	76	0.0027987137604566755
40	1	72	0	0.36779750137309863
40	1	72	66	0.09760581003658121
40	1	72	74	0.09760581003658121
40	1	72	44	0.047399987657030816
40	1	72	29	0.09760581003658121
40	1	72	23	0.09760581003658121
40	1	72	20	0.06319538633932806
40	1	72	61	0.06319538633932806
40	1	72	60	0.06319538633932806
40	1	72	83	0.06319538633932806
40	1	72	98	0.06319538633932806
40	1	72	80	0.020533044777466338
40	1	72	62	0.020533044777466338
40	1	72	50	0.020533044777466338
40	1	72	7	0.01551100757869156
40	1	72	5	0.020235219157612606
40	1	72	9	0.020235219157612606
40	1	72	22	0.011011778985544625
40	1	72	38	0.01551100757869156
40	1	72	70	0.01551100757869156
40	1	73	66	0.12448504174447453
40	1	73	0	0.12448504174447453
40	1	73	23	0.1316104852612735
40	1	73	29	0.1316104852612735
40	1	73	74	0.1316104852612735
40	1	73	38	0.10629514311825368
40	1	73	20	0.07877245040509646
40	1	73	94	0.04529735006805557
40	1	73	69	0.03456741586766755
40	1	73	80	0.018380802287881148
40	1	73	86	0.013471884763128427
40	1	73	90	0.010251164916694058
40	1	73	87	0.010251164916694058
40	1	73	18	0.010251164916694058
40	1	73	33	0.010251164916694058
40	1	73	89	0.010251164916694058
40	1	73	92	0.010251164916694058
40	1	73	61	0.007276252245996606
40	1	73	79	0.007276252245996606
40	1	73	4	0.0027424758283458696
40	1	74	0	0.47334076009809417
40	1	74	29	0.12410322245667166
40	1	74	9	0.05189120137482574
40	1	74	23	0.12410322245667166
40	1	74	74	0.12410322245667166
40	1	74	66	0.05189120137482574
40	1	74	20	0.05189120137482574
40	1	74	5	0.023212844925624622
40	1	74	11	0.023212844925624622
40	1	74	44	0.023212844925624622
40	1	74	4	0.02054675341887405
40	1	74	60	0.023212844925624622
40	1	74	69	0.023212844925624622
40	1	74	18	0.023212844925624622
40	1	74	51	0.02054675341887405
40	1	74	13	0.02054675341887405
40	1	74	10	0.006070065757630699
40	1	74	99	0.009983389259898008
40	1	74	76	0.009983389259898008
40	1	74	92	0.005583412427267667
40	1	75	0	0.3749811587919661
40	1	75	60	0.054341417193303425
40	1	75	23	0.10987948152119137
40	1	75	74	0.10987948152119137
40	1	75	9	0.06139792988857085
40	1	75	93	0.06004095866857112
40	1	75	5	0.06004095866857112
40	1	75	10	0.06004095866857112
40	1	75	95	0.054341417193303425
40	1	75	11	0.054341417193303425
40	1	75	20	0.054341417193303425
40	1	75	17	0.020010428173246334
40	1	75	29	0.020010428173246334
40	1	75	13	0.020010428173246334
40	1	75	46	0.03855527687037641
40	1	75	61	0.03855527687037641
40	1	75	57	0.03855527687037641
40	1	75	45	0.03855527687037641
40	1	75	84	0.03855527687037641
40	1	75	98	0.03855527687037641
40	1	75	66	0.03855527687037641
40	1	75	92	0.00870015607838847
40	1	76	0	0.3973663356506204
40	1	76	66	0.1202193986543178
40	1	76	29	0.1202193986543178
40	1	76	74	0.1202193986543178
40	1	76	23	0.1202193986543178
40	1	76	38	0.038451503458641643
40	1	76	20	0.017285580428608643
40	1	76	11	0.015997188100846854
40	1	76	94	0.017285580428608643
40	1	76	77	0.017285580428608643
40	1	76	93	0.01583602924076472
40	1	76	3	0.01583602924076472
40	1	76	5	0.01583602924076472
40	1	76	4	0.01583602924076472
40	1	76	90	0.01583602924076472
40	1	76	98	0.01583602924076472
40	1	76	9	0.01583602924076472
40	1	76	69	0.007667802441228149
40	1	76	70	0.007667802441228149
40	1	76	44	0.014650178343662341
40	1	76	10	0.014650178343662341
40	1	76	83	0.014650178343662341
40	1	77	0	0.4068264044572937
40	1	77	8	0.09037488185838038
40	1	77	83	0.0756602736660742
40	1	77	74	0.09037488185838038
40	1	77	23	0.09037488185838038
40	1	77	29	0.09037488185838038
40	1	77	11	0.02395385636536919
40	1	77	44	0.02395385636536919
40	1	77	20	0.02395385636536919
40	1	77	66	0.02395385636536919
40	1	77	60	0.021920911677868266
40	1	77	38	0.02395385636536919
40	1	77	10	0.02395385636536919
40	1	77	9	0.02395385636536919
40	1	77	77	0.02395385636536919
40	1	77	4	0.02395385636536919
40	1	77	3	0.02395385636536919
40	1	77	5	0.02395385636536919
40	1	77	57	0.014385134269720807
40	1	77	45	0.014385134269720807
40	1	78	0	0.46871519846068127
40	1	78	66	0.0990727002194304
40	1	78	29	0.11730488911449355
40	1	78	23	0.11730488911449355
40	1	78	74	0.11730488911449355
40	1	78	20	0.029879165235515218
40	1	78	3	0.021580897527088475
40	1	78	10	0.021580897527088475
40	1	78	62	0.021580897527088475
40	1	78	83	0.021580897527088475
40	1	78	76	0.021580897527088475
40	1	78	98	0.021580897527088475
40	1	78	87	0.021580897527088475
40	1	78	93	0.021580897527088475
40	1	78	94	0.021580897527088475
40	1	78	9	0.021580897527088475
40	1	78	4	0.021580897527088475
40	1	78	11	0.021580897527088475
40	1	78	5	0.021580897527088475
40	1	78	22	0.021580897527088475
40	1	78	72	0.0052163015094803125
40	1	79	0	0.4394416878189039
40	1	79	66	0.12754496950313107
40	1	79	11	0.03743911639213296
40	1	79	23	0.12754496950313107
40	1	79	29	0.12754496950313107
40	1	79	74	0.12754496950313107
40	1	79	20	0.024804752003073402
40	1	79	44	0.024804752003073402
40	1	79	94	0.024804752003073402
40	1	79	10	0.024804752003073402
40	1	79	4	0.024804752003073402
40	1	79	38	0.024804752003073402
40	1	79	9	0.024804752003073402
40	1	79	90	0.024804752003073402
40	1	79	60	0.024804752003073402
40	1	79	61	0.024804752003073402
40	1	79	98	0.015480384362375492
40	1	79	72	0.009446773402191974
40	1	79	42	0.0011867419414630471
40	1	79	7	0.015480384362375492
40	1	79	5	0.015480384362375492
40	1	79	76	0.015480384362375492
40	1	80	0	0.4137890672012655
40	1	80	66	0.15027172048119933
40	1	80	94	0.0263794663901736
40	1	80	29	0.15027172048119933
40	1	80	23	0.15027172048119933
40	1	80	74	0.15027172048119933
40	1	80	20	0.07020842579484249
40	1	80	11	0.0263794663901736
40	1	80	5	0.02174825864010342
40	1	80	3	0.02174825864010342
40	1	80	69	0.0263794663901736
40	1	80	98	0.0263794663901736
40	1	80	4	0.0263794663901736
40	1	80	7	0.015730152228767356
40	1	80	61	0.006198448222760923
40	1	80	68	0.008394173904979313
40	1	80	76	0.008394173904979313
40	1	80	99	0.006198448222760923
40	1	80	24	0.006198448222760923
40	1	80	9	0.004268890144903862
40	1	80	18	0.004268890144903862
40	1	81	0	0.4454659993617824
40	1	81	29	0.12816973485040603
40	1	81	66	0.08590249415094073
40	1	81	74	0.08590249415094073
40	1	81	23	0.08590249415094073
40	1	81	94	0.02910724283893945
40	1	81	11	0.05500496093559649
40	1	81	4	0.05500496093559649
40	1	81	3	0.05500496093559649
40	1	81	72	0.014552615478614297
40	1	81	44	0.014552615478614297
40	1	81	42	0.011084048463369876
40	1	81	90	0.011084048463369876
40	1	81	60	0.014552615478614297
40	1	81	20	0.014552615478614297
40	1	81	61	0.014552615478614297
40	1	81	76	0.014552615478614297
40	1	81	22	0.014552615478614297
40	1	81	98	0.014552615478614297
40	1	81	62	0.003561149004229858
40	1	82	0	0.42601676428242397
40	1	82	29	0.07666730947255336
40	1	82	66	0.07666730947255336
40	1	82	23	0.07666730947255336
40	1	82	74	0.07666730947255336
40	1	82	11	0.03950354810449029
40	1	82	94	0.032589879061652324
40	1	82	4	0.02134638538398206
40	1	82	90	0.03217794717448883
40	1	82	98	0.03217794717448883
40	1	82	3	0.02134638538398206
40	1	82	10	0.02134638538398206
40	1	82	44	0.009614646575551111
40	1	82	69	0.02134638538398206
40	1	82	62	0.006054552317514042
40	1	82	20	0.02134638538398206
40	1	82	38	0.02134638538398206
40	1	82	76	0.02134638538398206
40	1	82	83	0.02134638538398206
40	1	82	9	0.0074473346594261716
40	1	82	13	0.0074473346594261716
40	1	83	0	0.47714793112846615
40	1	83	66	0.06378618648531069
40	1	83	29	0.14725578648165336
40	1	83	23	0.14725578648165336
40	1	83	74	0.14725578648165336
40	1	83	20	0.03098357272791029
40	1	83	94	0.03098357272791029
40	1	83	10	0.023120052005531248
40	1	83	4	0.026911651846088007
40	1	83	11	0.026911651846088007
40	1	83	9	0.01708808131435956
40	1	83	98	0.014536627310382914
40	1	83	90	0.005430202934687279
40	1	83	70	0.005430202934687279
40	1	83	44	0.014536627310382914
40	1	83	76	0.014536627310382914
40	1	83	3	0.014536627310382914
40	1	83	5	0.014536627310382914
40	1	83	18	0.014536627310382914
40	1	83	69	0.014536627310382914
40	1	83	99	0.014536627310382914
40	1	84	0	0.5301035080778674
40	1	84	11	0.039051754750066954
40	1	84	4	0.019387824967201046
40	1	84	94	0.03629322777678118
40	1	84	29	0.03629322777678118
40	1	84	5	0.018882521894793638
40	1	84	68	0.019387824967201046
40	1	84	20	0.019387824967201046
40	1	84	93	0.01883422600684606
40	1	84	99	0.01883422600684606
40	1	84	77	0.01883422600684606
40	1	84	62	0.010565841352634655
40	1	84	23	0.01883422600684606
40	1	84	45	0.010288285691553302
40	1	84	57	0.003927642089517063
40	1	84	35	0.01883422600684606
40	1	84	40	0.01883422600684606
40	1	84	84	0.01883422600684606
40	1	84	43	0.01883422600684606
40	1	84	76	0.01883422600684606
40	1	84	87	0.01883422600684606
40	1	84	15	0.01883422600684606
40	1	84	61	0.011497881262701072
40	1	85	0	0.373432207368269
40	1	85	66	0.10012174486734637
40	1	85	4	0.08228856205486447
40	1	85	23	0.1628011469625769
40	1	85	29	0.1628011469625769
40	1	85	74	0.1628011469625769
40	1	85	9	0.08228856205486447
40	1	85	98	0.023100650698199252
40	1	85	90	0.023100650698199252
40	1	85	51	0.08228856205486447
40	1	85	5	0.08228856205486447
40	1	85	76	0.018439604747425394
40	1	85	83	0.014218273517261567
40	1	85	84	0.01163672463196646
40	1	85	70	0.01163672463196646
40	1	85	42	0.01163672463196646
40	1	85	95	0.010665353752234518
40	1	85	87	0.0024181370199051993
40	1	85	46	0.008168991423577753
40	1	85	57	0.008168991423577753
40	1	85	45	0.008168991423577753
40	1	85	62	0.008168991423577753
40	1	85	49	0.008168991423577753
40	1	85	92	0.008168991423577753
40	1	85	80	0.008168991423577753
40	1	86	0	0.4436382033518428
40	1	86	66	0.07428684161465515
40	1	86	9	0.06406223793132497
40	1	86	23	0.07428684161465515
40	1	86	74	0.07428684161465515
40	1	86	29	0.07428684161465515
40	1	86	94	0.06685128623141964
40	1	86	11	0.06406223793132497
40	1	86	87	0.06406223793132497
40	1	86	5	0.025634681861018534
40	1	86	99	0.06406223793132497
40	1	86	98	0.06406223793132497
40	1	86	18	0.06406223793132497
40	1	86	10	0.025634681861018534
40	1	86	38	0.025634681861018534
40	1	86	62	0.0021053164050904493
40	1	86	90	0.018269765900746884
40	1	86	83	0.018269765900746884
40	1	86	8	0.008724392117186126
40	1	86	3	0.008724392117186126
40	1	86	69	0.008724392117186126
40	1	87	0	0.442943528735693
40	1	87	29	0.09429317911023909
40	1	87	66	0.09251405025334974
40	1	87	23	0.09429317911023909
40	1	87	74	0.09429317911023909
40	1	87	11	0.03844779446875556
40	1	87	94	0.023282977392944246
40	1	87	5	0.021116463643899935
40	1	87	4	0.021116463643899935
40	1	87	98	0.021145585833874617
40	1	87	44	0.021145585833874617
40	1	87	20	0.021145585833874617
40	1	87	99	0.021116463643899935
40	1	87	9	0.021116463643899935
40	1	87	3	0.021116463643899935
40	1	87	10	0.021116463643899935
40	1	87	90	0.021116463643899935
40	1	87	38	0.021116463643899935
40	1	87	7	0.021116463643899935
40	1	87	93	0.0035053598787961352
40	1	88	0	0.5034938328314129
40	1	88	66	0.12042360917648538
40	1	88	29	0.12042360917648538
40	1	88	23	0.12042360917648538
40	1	88	74	0.12042360917648538
40	1	88	20	0.03903871985776026
40	1	88	98	0.03903871985776026
40	1	88	4	0.03903871985776026
40	1	88	44	0.02221167081470434
40	1	88	83	0.02221167081470434
40	1	88	9	0.02221167081470434
40	1	88	7	0.02221167081470434
40	1	88	76	0.02221167081470434
40	1	88	68	0.02221167081470434
40	1	88	11	0.02221167081470434
40	1	88	38	0.018924524336355483
40	1	88	94	0.02221167081470434
40	1	88	61	0.02221167081470434
40	1	88	3	0.02221167081470434
40	1	88	5	0.02221167081470434
40	1	89	0	0.5025185845698021
40	1	89	29	0.14212164529369434
40	1	89	10	0.0268305752342162
40	1	89	62	0.0268305752342162
40	1	89	23	0.14212164529369434
40	1	89	74	0.14212164529369434
40	1	89	20	0.0268305752342162
40	1	89	11	0.0268305752342162
40	1	89	66	0.0268305752342162
40	1	89	94	0.02510386473011577
40	1	89	9	0.0268305752342162
40	1	89	4	0.0268305752342162
40	1	89	3	0.0268305752342162
40	1	89	93	0.02510386473011577
40	1	89	83	0.02510386473011577
40	1	89	98	0.02510386473011577
40	1	89	76	0.02510386473011577
40	1	89	87	0.02510386473011577
40	1	89	7	0.02510386473011577
40	1	89	84	0.0019314741199921096
40	1	90	0	0.4660246416793961
40	1	90	66	0.05544247267018202
40	1	90	20	0.05544247267018202
40	1	90	23	0.13450741918935438
40	1	90	74	0.13450741918935438
40	1	90	29	0.13450741918935438
40	1	90	69	0.02588626785630695
40	1	90	94	0.02588626785630695
40	1	90	44	0.02588626785630695
40	1	90	10	0.02206429995506948
40	1	90	87	0.02206429995506948
40	1	90	3	0.02206429995506948
40	1	90	4	0.02206429995506948
40	1	90	5	0.01250458334802316
40	1	90	76	0.01250458334802316
40	1	90	60	0.01250458334802316
40	1	90	51	0.01250458334802316
40	1	90	11	0.01250458334802316
40	1	90	62	0.008703267813932252
40	1	90	46	0.005965466575940671
40	1	90	7	0.005965466575940671
40	1	91	0	0.490478989511766
40	1	91	74	0.09905082470544731
40	1	91	23	0.09905082470544731
40	1	91	66	0.09905082470544731
40	1	91	44	0.07107226952833737
40	1	91	29	0.07107226952833737
40	1	91	87	0.07107226952833737
40	1	91	94	0.07107226952833737
40	1	91	90	0.0203814724165372
40	1	91	4	0.0307036455628741
40	1	91	11	0.0307036455628741
40	1	91	93	0.0307036455628741
40	1	91	69	0.0203814724165372
40	1	91	10	0.014620579008518144
40	1	91	64	0.007873037926984997
40	1	91	24	0.007873037926984997
40	1	91	60	0.0203814724165372
40	1	91	92	0.0203814724165372
40	1	91	77	0.0203814724165372
40	1	91	98	0.0203814724165372
40	1	91	38	0.0203814724165372
40	1	91	84	0.0203814724165372
40	1	92	0	0.39481458621031523
40	1	92	66	0.10581883354937253
40	1	92	29	0.10581883354937253
40	1	92	74	0.10581883354937253
40	1	92	23	0.10581883354937253
40	1	92	44	0.06627266035070671
40	1	92	94	0.06627266035070671
40	1	92	3	0.028202062559627573
40	1	92	11	0.028202062559627573
40	1	92	5	0.028202062559627573
40	1	92	4	0.028202062559627573
40	1	92	18	0.028202062559627573
40	1	92	72	0.01766708025505174
40	1	92	98	0.01766708025505174
40	1	92	77	0.022491731987377372
40	1	92	9	0.028202062559627573
40	1	92	69	0.028202062559627573
40	1	92	93	0.028202062559627573
40	1	92	7	0.028202062559627573
40	1	92	10	0.022491731987377372
40	1	93	0	0.47866964611340773
40	1	93	74	0.14733503213572952
40	1	93	23	0.14733503213572952
40	1	93	29	0.14733503213572952
40	1	93	20	0.04711490654111143
40	1	93	66	0.04711490654111143
40	1	93	44	0.04711490654111143
40	1	93	5	0.04711490654111143
40	1	93	3	0.04711490654111143
40	1	93	4	0.04711490654111143
40	1	93	9	0.030092034731104528
40	1	93	98	0.030092034731104528
40	1	93	93	0.023232968949177833
40	1	93	61	0.023232968949177833
40	1	93	57	0.023232968949177833
40	1	93	94	0.023232968949177833
40	1	93	45	0.023232968949177833
40	1	93	62	0.023232968949177833
40	1	93	46	0.023232968949177833
40	1	93	99	0.005490153136520732
40	1	94	0	0.4677456718667312
40	1	94	66	0.05478982994171631
40	1	94	23	0.13535132635785865
40	1	94	29	0.13535132635785865
40	1	94	74	0.13535132635785865
40	1	94	94	0.05164055814498227
40	1	94	20	0.03483033762400158
40	1	94	44	0.02472977573918741
40	1	94	87	0.02472977573918741
40	1	94	5	0.02472977573918741
40	1	94	3	0.02472977573918741
40	1	94	11	0.02472977573918741
40	1	94	60	0.02472977573918741
40	1	94	99	0.02472977573918741
40	1	94	4	0.02472977573918741
40	1	94	90	0.02472977573918741
40	1	94	9	0.02472977573918741
40	1	94	7	0.02472977573918741
40	1	94	69	0.009596042870957916
40	1	94	93	0.02472977573918741
40	1	94	76	0.02472977573918741
40	1	95	0	0.36133994583612805
40	1	95	29	0.18555086399848686
40	1	95	74	0.047819674875848706
40	1	95	94	0.03289285409610338
40	1	95	95	0.03289285409610338
40	1	95	23	0.03289285409610338
40	1	95	66	0.03289285409610338
40	1	95	10	0.03289285409610338
40	1	95	87	0.03289285409610338
40	1	95	7	0.03289285409610338
40	1	95	4	0.03289285409610338
40	1	95	38	0.03289285409610338
40	1	95	61	0.03289285409610338
40	1	95	11	0.02223193209435694
40	1	95	98	0.02912236838258851
40	1	95	62	0.02912236838258851
40	1	95	3	0.02223193209435694
40	1	95	90	0.01734264452462547
40	1	95	45	0.02223193209435694
40	1	95	57	0.02223193209435694
40	1	95	40	0.01734264452462547
40	1	96	0	0.5025264690346959
40	1	96	29	0.13818483579763743
40	1	96	23	0.13818483579763743
40	1	96	74	0.13818483579763743
40	1	96	66	0.08625883153332753
40	1	96	93	0.0316934537047432
40	1	96	69	0.0316934537047432
40	1	96	10	0.019287456665672335
40	1	96	18	0.0316934537047432
40	1	96	77	0.0316934537047432
40	1	96	9	0.019287456665672335
40	1	96	5	0.019287456665672335
40	1	96	52	0.011759595180728987
40	1	96	11	0.008991840707891888
40	1	96	72	0.008199930825665036
40	1	96	62	0.008991840707891888
40	1	96	3	0.008991840707891888
40	1	96	97	0.008991840707891888
40	1	96	4	0.008199930825665036
40	1	96	44	0.006486652859363222
40	1	96	90	0.008199930825665036
40	1	96	20	0.008199930825665036
40	1	96	42	0.008199930825665036
40	1	97	0	0.4922190858630812
40	1	97	74	0.15879532789574616
40	1	97	23	0.15879532789574616
40	1	97	29	0.15879532789574616
40	1	97	94	0.024790153967019574
40	1	97	11	0.024790153967019574
40	1	97	62	0.024790153967019574
40	1	97	4	0.024790153967019574
40	1	97	44	0.024790153967019574
40	1	97	83	0.024790153967019574
40	1	97	5	0.024790153967019574
40	1	97	90	0.024790153967019574
40	1	97	60	0.018674711600388125
40	1	97	93	0.01856884869309146
40	1	97	99	0.010908863010051612
40	1	97	70	0.01856884869309146
40	1	97	92	0.00809441248168733
40	1	97	58	0.00809441248168733
40	1	97	8	0.01856884869309146
40	1	97	95	0.01856884869309146
40	1	97	76	0.01856884869309146
40	1	97	9	0.01856884869309146
40	1	98	11	0.08281491266818172
40	1	98	20	0.07767916486174455
40	1	98	9	0.06322634543171417
40	1	98	94	0.06322634543171417
40	1	98	83	0.06322634543171417
40	1	98	1	0.06322634543171417
40	1	98	62	0.06322634543171417
40	1	98	38	0.06322634543171417
40	1	98	98	0.06322634543171417
40	1	98	97	0.06322634543171417
40	1	98	24	0.06322634543171417
40	1	98	10	0.06322634543171417
40	1	98	5	0.06322634543171417
40	1	98	30	0.06322634543171417
40	1	98	76	0.025782555384566662
40	1	98	22	0.025782555384566662
40	1	98	3	0.03356000086890681
40	1	98	0	0.03356000086890681
40	1	98	75	0.03356000086890681
40	1	98	53	0.03356000086890681
40	1	98	6	0.02925547796647997
40	1	99	0	0.3823994250304161
40	1	99	29	0.0821477976195759
40	1	99	74	0.0821477976195759
40	1	99	23	0.0821477976195759
40	1	99	83	0.04373075791584158
40	1	99	11	0.05685526344910412
40	1	99	87	0.05685526344910412
40	1	99	66	0.05685526344910412
40	1	99	3	0.020954765066174007
40	1	99	51	0.04373075791584158
40	1	99	5	0.04373075791584158
40	1	99	68	0.04373075791584158
40	1	99	99	0.04373075791584158
40	1	99	43	0.04373075791584158
40	1	99	9	0.020954765066174007
40	1	99	18	0.020954765066174007
40	1	99	62	0.020954765066174007
40	1	99	4	0.020954765066174007
40	1	99	61	0.01592617759245177
40	1	99	94	0.007247607349917948
40	1	100	0	0.4343404766983466
40	1	100	66	0.07751564167322224
40	1	100	29	0.14186861274908336
40	1	100	23	0.14186861274908336
40	1	100	74	0.14186861274908336
40	1	100	20	0.04835650935028963
40	1	100	87	0.023148705672439946
40	1	100	94	0.04816209342100332
40	1	100	4	0.04816209342100332
40	1	100	11	0.041391815068320674
40	1	100	3	0.041391815068320674
40	1	100	7	0.029705589839252877
40	1	100	10	0.029705589839252877
40	1	100	90	0.029705589839252877
40	1	100	70	0.015795639280720038
40	1	100	13	0.015795639280720038
40	1	100	61	0.023148705672439946
40	1	100	98	0.023148705672439946
40	1	100	5	0.023148705672439946
40	1	100	44	0.023148705672439946
40	1	100	99	0.023148705672439946
40	1	100	9	0.023148705672439946
40	10	1	0	0.3327996445070719
40	10	1	66	0.10144845123942715
40	10	1	60	0.1103950430141806
40	10	1	23	0.1103950430141806
40	10	1	74	0.1103950430141806
40	10	1	29	0.1103950430141806
40	10	1	10	0.06814507614572995
40	10	1	7	0.06814507614572995
40	10	1	77	0.038697232214300735
40	10	1	90	0.038697232214300735
40	10	1	87	0.038697232214300735
40	10	1	44	0.038697232214300735
40	10	1	70	0.031644764591526826
40	10	1	42	0.005676072018948548
40	10	1	8	0.038697232214300735
40	10	1	38	0.038697232214300735
40	10	1	51	0.038697232214300735
40	10	1	92	0.03174464165557462
40	10	1	54	0.005676072018948548
40	10	1	86	0.007223196248113142
40	10	1	55	0.007223196248113142
40	10	1	24	0.007223196248113142
40	10	2	0	0.24590581211837068
40	10	2	38	0.07927016333734542
40	10	2	74	0.07927016333734542
40	10	2	3	0.05732843240366933
40	10	2	11	0.05732843240366933
40	10	2	29	0.07927016333734542
40	10	2	23	0.07927016333734542
40	10	2	44	0.034602096172301394
40	10	2	60	0.034602096172301394
40	10	2	9	0.034602096172301394
40	10	2	4	0.034602096172301394
40	10	2	99	0.034602096172301394
40	10	2	5	0.034602096172301394
40	10	2	77	0.034602096172301394
40	10	2	61	0.034602096172301394
40	10	2	20	0.028201227732844537
40	10	2	10	0.034602096172301394
40	10	2	7	0.034602096172301394
40	10	2	13	0.028201227732844537
40	10	2	98	0.028201227732844537
40	10	3	0	0.3887782979005389
40	10	3	29	0.08851418933357338
40	10	3	98	0.08851418933357338
40	10	3	66	0.08851418933357338
40	10	3	77	0.08851418933357338
40	10	3	38	0.08851418933357338
40	10	3	93	0.08851418933357338
40	10	3	74	0.06076758851248213
40	10	3	23	0.054145013997103156
40	10	3	20	0.054145013997103156
40	10	3	99	0.054145013997103156
40	10	3	87	0.054145013997103156
40	10	3	97	0.054145013997103156
40	10	3	86	0.04248848343749219
40	10	3	76	0.04248848343749219
40	10	3	44	0.04248848343749219
40	10	3	94	0.04248848343749219
40	10	3	69	0.024867330426188043
40	10	3	8	0.02050000495546491
40	10	3	18	0.01640843305810181
40	10	4	5	0.07787475407637254
40	10	4	4	0.07787475407637254
40	10	4	11	0.07787475407637254
40	10	4	7	0.06328614370005649
40	10	4	10	0.06328614370005649
40	10	4	77	0.057966433734092195
40	10	4	13	0.057966433734092195
40	10	4	3	0.05531857964578391
40	10	4	18	0.05531857964578391
40	10	4	69	0.05531857964578391
40	10	4	93	0.05531857964578391
40	10	4	0	0.05531857964578391
40	10	4	66	0.04215202000327679
40	10	4	44	0.020359636347923527
40	10	4	29	0.04215202000327679
40	10	4	23	0.04215202000327679
40	10	4	24	0.020359636347923527
40	10	4	1	0.020359636347923527
40	10	4	53	0.04215202000327679
40	10	4	56	0.04215202000327679
40	10	4	17	0.03312576415063743
40	10	4	83	0.03312576415063743
40	10	4	90	0.03312576415063743
40	10	5	74	0.1639403981286418
40	10	5	23	0.1639403981286418
40	10	5	29	0.1639403981286418
40	10	5	51	0.1639403981286418
40	10	5	84	0.06215461885245113
40	10	5	0	0.06215461885245113
40	10	5	72	0.06215461885245113
40	10	5	42	0.06215461885245113
40	10	5	57	0.06215461885245113
40	10	5	45	0.06215461885245113
40	10	5	11	0.03337345167853451
40	10	5	68	0.00950744618585103
40	10	5	4	0.03337345167853451
40	10	5	94	0.03337345167853451
40	10	5	62	0.027950642136281234
40	10	5	99	0.00950744618585103
40	10	5	3	0.027950642136281234
40	10	5	90	0.027950642136281234
40	10	5	10	0.027950642136281234
40	10	5	35	0.027950642136281234
40	10	5	49	0.00950744618585103
40	10	5	80	0.00950744618585103
40	10	5	60	0.00950744618585103
40	10	5	54	0.00950744618585103
40	10	5	86	0.00950744618585103
40	10	6	0	0.18351459609381707
40	10	6	74	0.11585822056212197
40	10	6	60	0.11585822056212197
40	10	6	29	0.11585822056212197
40	10	6	23	0.11585822056212197
40	10	6	9	0.11585822056212197
40	10	6	5	0.11585822056212197
40	10	6	20	0.11585822056212197
40	10	6	13	0.11585822056212197
40	10	6	93	0.029330453321658203
40	10	6	52	0.029330453321658203
40	10	6	76	0.01388602942369162
40	10	6	92	0.021454810706432053
40	10	6	90	0.005895138705147742
40	10	6	22	0.005895138705147742
40	10	6	83	0.021454810706432053
40	10	6	69	0.021454810706432053
40	10	6	68	0.021454810706432053
40	10	6	10	0.021454810706432053
40	10	6	3	0.021454810706432053
40	10	7	0	0.3767975253619566
40	10	7	66	0.08766118411982474
40	10	7	94	0.08713455134166272
40	10	7	23	0.08766118411982474
40	10	7	74	0.08766118411982474
40	10	7	29	0.08766118411982474
40	10	7	5	0.08713455134166272
40	10	7	20	0.08713455134166272
40	10	7	98	0.08713455134166272
40	10	7	44	0.08713455134166272
40	10	7	9	0.030106919200144265
40	10	7	69	0.01614389046051768
40	10	7	8	0.013292055076837022
40	10	7	45	0.01614389046051768
40	10	7	62	0.01614389046051768
40	10	7	54	0.013292055076837022
40	10	7	68	0.013292055076837022
40	10	7	3	0.01117265039312711
40	10	7	11	0.01117265039312711
40	10	7	96	0.0016524258054995626
40	10	8	0	0.330096466512812
40	10	8	29	0.330096466512812
40	10	8	66	0.09979510520263905
40	10	8	74	0.05785454787437614
40	10	8	9	0.05809926640660249
40	10	8	5	0.05809926640660249
40	10	8	99	0.05785454787437614
40	10	8	42	0.05785454787437614
40	10	8	72	0.05785454787437614
40	10	8	23	0.05785454787437614
40	10	8	10	0.03989714262793779
40	10	8	30	0.03989714262793779
40	10	8	94	0.03989714262793779
40	10	8	44	0.03989714262793779
40	10	8	87	0.03989714262793779
40	10	8	69	0.03989714262793779
40	10	8	17	0.03989714262793779
40	10	8	48	0.03989714262793779
40	10	8	71	0.015088168008087531
40	10	8	24	0.015088168008087531
40	10	9	0	0.26172361092902174
40	10	9	29	0.17458020787159875
40	10	9	21	0.05895826150379274
40	10	9	23	0.08753881764691926
40	10	9	74	0.08753881764691926
40	10	9	94	0.0475490731177677
40	10	9	66	0.0475490731177677
40	10	9	11	0.0475490731177677
40	10	9	3	0.0475490731177677
40	10	9	4	0.03933137584391373
40	10	9	9	0.03933137584391373
40	10	9	45	0.014963574244627322
40	10	9	57	0.014963574244627322
40	10	9	13	0.0244135930206379
40	10	9	10	0.0244135930206379
40	10	9	18	0.0244135930206379
40	10	9	8	0.0244135930206379
40	10	9	5	0.0244135930206379
40	10	9	60	0.014735870376440339
40	10	9	99	0.007509065210650864
40	10	10	0	0.38187267572226713
40	10	10	66	0.09224539448388408
40	10	10	20	0.06326452092963172
40	10	10	29	0.06326452092963172
40	10	10	4	0.039589289074880234
40	10	10	23	0.06326452092963172
40	10	10	74	0.06326452092963172
40	10	10	7	0.03482783729811206
40	10	10	94	0.03482783729811206
40	10	10	77	0.03482783729811206
40	10	10	72	0.009290609605986678
40	10	10	3	0.03482783729811206
40	10	10	76	0.03482783729811206
40	10	10	83	0.03482783729811206
40	10	10	24	0.03482783729811206
40	10	10	42	0.009290609605986678
40	10	10	58	0.009290609605986678
40	10	10	18	0.005423591220377654
40	10	10	87	0.01075790795127275
40	10	10	22	0.01075790795127275
40	10	10	60	0.01075790795127275
40	10	10	54	0.01075790795127275
40	10	10	68	0.01075790795127275
40	10	11	0	0.3403253572854048
40	10	11	66	0.07195014426351332
40	10	11	93	0.07183921098265225
40	10	11	90	0.07183921098265225
40	10	11	97	0.07183921098265225
40	10	11	23	0.07183921098265225
40	10	11	11	0.027456407359318515
40	10	11	29	0.07183921098265225
40	10	11	74	0.07183921098265225
40	10	11	20	0.035787719286907244
40	10	11	94	0.035787719286907244
40	10	11	5	0.035787719286907244
40	10	11	60	0.035787719286907244
40	10	11	44	0.035787719286907244
40	10	11	3	0.027456407359318515
40	10	11	4	0.027456407359318515
40	10	11	7	0.027456407359318515
40	10	11	68	0.027456407359318515
40	10	11	87	0.027456407359318515
40	10	11	98	0.027456407359318515
40	10	12	0	0.3871504118863854
40	10	12	66	0.07321765703107329
40	10	12	74	0.11041992954836408
40	10	12	29	0.11041992954836408
40	10	12	23	0.11041992954836408
40	10	12	94	0.07321765703107329
40	10	12	83	0.03953934256873292
40	10	12	93	0.038080650034707585
40	10	12	24	0.038080650034707585
40	10	12	9	0.030263599266508203
40	10	12	87	0.030263599266508203
40	10	12	92	0.030263599266508203
40	10	12	62	0.030263599266508203
40	10	12	4	0.030263599266508203
40	10	12	5	0.030263599266508203
40	10	12	7	0.030263599266508203
40	10	12	99	0.012992020065734937
40	10	12	22	0.012992020065734937
40	10	12	11	0.012992020065734937
40	10	12	86	0.012992020065734937
40	10	13	0	0.43283165929485173
40	10	13	69	0.1239760999921222
40	10	13	77	0.07114123322355395
40	10	13	29	0.07114123322355395
40	10	13	18	0.034631473889404664
40	10	13	96	0.034631473889404664
40	10	13	66	0.034631473889404664
40	10	13	42	0.034631473889404664
40	10	13	70	0.034631473889404664
40	10	13	23	0.0026610313455622476
40	10	13	40	0.034631473889404664
40	10	13	72	0.034631473889404664
40	10	13	95	0.034631473889404664
40	10	13	71	0.034631473889404664
40	10	13	60	0.034631473889404664
40	10	13	87	0.034631473889404664
40	10	13	90	0.034631473889404664
40	10	13	16	0.034631473889404664
40	10	13	20	0.034631473889404664
40	10	13	50	0.030652260120947357
40	10	13	59	0.030652260120947357
40	10	14	29	0.09155003769270448
40	10	14	0	0.0869724481406943
40	10	14	94	0.0869724481406943
40	10	14	74	0.0869724481406943
40	10	14	23	0.0869724481406943
40	10	14	62	0.0869724481406943
40	10	14	9	0.0869724481406943
40	10	14	46	0.019102447146647043
40	10	14	58	0.019102447146647043
40	10	14	42	0.0826900862605409
40	10	14	72	0.0826900862605409
40	10	14	77	0.0826900862605409
40	10	14	98	0.0826900862605409
40	10	14	20	0.05352558405890486
40	10	14	61	0.05352558405890486
40	10	14	96	0.012755212264255578
40	10	14	37	0.012755212264255578
40	10	14	92	0.010717162281231395
40	10	14	76	0.019102447146647043
40	10	14	5	0.019102447146647043
40	10	14	18	0.019102447146647043
40	10	14	83	0.019102447146647043
40	10	14	27	0.01678678203313525
40	10	15	0	0.40577386604817955
40	10	15	29	0.10552317524477402
40	10	15	76	0.10552317524477402
40	10	15	99	0.10552317524477402
40	10	15	74	0.10552317524477402
40	10	15	11	0.10552317524477402
40	10	15	4	0.10552317524477402
40	10	15	23	0.10552317524477402
40	10	15	94	0.05982227281237523
40	10	15	7	0.01501190900207453
40	10	15	57	0.05669296847763514
40	10	15	45	0.05669296847763514
40	10	15	68	0.05669296847763514
40	10	15	62	0.05669296847763514
40	10	15	58	0.05669296847763514
40	10	15	83	0.008321640036829262
40	10	15	1	0.01501190900207453
40	10	15	66	0.01501190900207453
40	10	15	3	0.008321640036829262
40	10	15	44	0.008321640036829262
40	10	16	0	0.49204636950303215
40	10	16	74	0.10286441063639332
40	10	16	23	0.10286441063639332
40	10	16	29	0.10286441063639332
40	10	16	66	0.04623158684303471
40	10	16	9	0.04623158684303471
40	10	16	94	0.02458748035742721
40	10	16	5	0.024426887434349037
40	10	16	20	0.024426887434349037
40	10	16	10	0.024426887434349037
40	10	16	33	0.024426887434349037
40	10	16	58	0.024426887434349037
40	10	16	44	0.024426887434349037
40	10	16	76	0.024405940774495507
40	10	16	90	0.024405940774495507
40	10	16	79	0.024405940774495507
40	10	16	99	0.00369591006965822
40	10	16	87	0.010744933241353597
40	10	16	69	0.010744933241353597
40	10	16	13	0.010744933241353597
40	10	16	51	0.010744933241353597
40	10	17	0	0.2675719092163273
40	10	17	94	0.07392563575722448
40	10	17	23	0.13609046845019718
40	10	17	74	0.13609046845019718
40	10	17	29	0.13609046845019718
40	10	17	20	0.07392563575722448
40	10	17	4	0.07392563575722448
40	10	17	92	0.07392563575722448
40	10	17	11	0.07392563575722448
40	10	17	3	0.07392563575722448
40	10	17	10	0.07392563575722448
40	10	17	44	0.04563291964986077
40	10	17	51	0.019169885065695547
40	10	17	99	0.04563291964986077
40	10	17	60	0.04563291964986077
40	10	17	58	0.04563291964986077
40	10	17	76	0.008955999128022234
40	10	17	5	0.018016479313603243
40	10	17	66	0.018016479313603243
40	10	17	54	0.008955999128022234
40	10	17	21	0.018016479313603243
40	10	17	7	0.018016479313603243
40	10	18	0	0.44249067214826443
40	10	18	74	0.0950526712691055
40	10	18	94	0.05885825214158768
40	10	18	44	0.05885825214158768
40	10	18	29	0.0950526712691055
40	10	18	23	0.0950526712691055
40	10	18	66	0.07210522179779065
40	10	18	20	0.07210522179779065
40	10	18	99	0.030591102887399312
40	10	18	90	0.04307260883756883
40	10	18	70	0.0373566084093104
40	10	18	87	0.030591102887399312
40	10	18	83	0.030591102887399312
40	10	18	5	0.023379305347833845
40	10	18	10	0.030591102887399312
40	10	18	61	0.030591102887399312
40	10	18	98	0.023379305347833845
40	10	18	24	0.023379305347833845
40	10	18	9	0.014175271554092364
40	10	18	72	0.010067013374946459
40	10	19	0	0.3355834424072034
40	10	19	38	0.11927250288739445
40	10	19	83	0.052114037234825016
40	10	19	74	0.11927250288739445
40	10	19	29	0.11927250288739445
40	10	19	23	0.11927250288739445
40	10	19	76	0.011921128874104217
40	10	19	66	0.026347932311921996
40	10	19	9	0.026347932311921996
40	10	19	94	0.026347932311921996
40	10	19	5	0.011921128874104217
40	10	19	62	0.011921128874104217
40	10	19	42	0.011921128874104217
40	10	19	90	0.011921128874104217
40	10	19	72	0.011921128874104217
40	10	19	99	0.011921128874104217
40	10	19	20	0.009984751044847799
40	10	19	44	0.009534143334339188
40	10	19	4	0.0059474907026406945
40	10	19	64	0.0059474907026406945
40	10	20	0	0.5315312387432738
40	10	20	66	0.03876213165219695
40	10	20	9	0.04170867908960252
40	10	20	3	0.04170867908960252
40	10	20	10	0.03876213165219695
40	10	20	44	0.03814502889224271
40	10	20	18	0.03814502889224271
40	10	20	13	0.03814502889224271
40	10	20	69	0.03814502889224271
40	10	20	38	0.034558279326954745
40	10	20	11	0.03814502889224271
40	10	20	72	0.03814502889224271
40	10	20	42	0.03814502889224271
40	10	20	4	0.03814502889224271
40	10	20	5	0.03814502889224271
40	10	20	21	0.021953038748852953
40	10	20	17	0.021953038748852953
40	10	20	83	0.021953038748852953
40	10	20	51	0.010208112361082768
40	10	20	99	0.009216835817093266
40	10	21	66	0.11690595848589769
40	10	21	29	0.11690595848589769
40	10	21	74	0.06048513295765474
40	10	21	51	0.026797691572032368
40	10	21	42	0.03500566101669831
40	10	21	72	0.03500566101669831
40	10	21	19	0.032736262748265785
40	10	21	80	0.026797691572032368
40	10	21	24	0.026797691572032368
40	10	21	8	0.026797691572032368
40	10	21	3	0.026797691572032368
40	10	21	84	0.026797691572032368
40	10	21	0	0.026797691572032368
40	10	21	20	0.026797691572032368
40	10	21	2	0.026797691572032368
40	10	21	92	0.026797691572032368
40	10	21	86	0.026797691572032368
40	10	21	17	0.016366047969747107
40	10	21	4	0.015949526360734875
40	10	21	11	0.015949526360734875
40	10	21	69	0.016366047969747107
40	10	21	99	0.016366047969747107
40	10	22	0	0.3051136713430616
40	10	22	94	0.07177101560967555
40	10	22	44	0.06844269853322334
40	10	22	38	0.05962406432817334
40	10	22	61	0.050450388656040214
40	10	22	74	0.05962406432817334
40	10	22	29	0.05962406432817334
40	10	22	23	0.05962406432817334
40	10	22	62	0.050450388656040214
40	10	22	66	0.050450388656040214
40	10	22	98	0.050450388656040214
40	10	22	55	0.03060715859891319
40	10	22	8	0.03060715859891319
40	10	22	10	0.02283657712879378
40	10	22	9	0.022738998540170075
40	10	22	20	0.022738998540170075
40	10	22	3	0.012664377718855434
40	10	22	58	0.012664377718855434
40	10	22	11	0.012194603075538435
40	10	22	7	0.022738998540170075
40	10	22	5	0.022738998540170075
40	10	22	83	0.022738998540170075
40	10	22	72	0.004120368459455585
40	10	23	0	0.19094969831921352
40	10	23	90	0.040375089768751586
40	10	23	66	0.03983003406217481
40	10	23	74	0.0901016805720618
40	10	23	23	0.0901016805720618
40	10	23	29	0.0901016805720618
40	10	23	7	0.040375089768751586
40	10	23	8	0.03983003406217481
40	10	23	42	0.03983003406217481
40	10	23	72	0.03983003406217481
40	10	23	11	0.03983003406217481
40	10	23	70	0.03983003406217481
40	10	23	60	0.03983003406217481
40	10	23	98	0.03983003406217481
40	10	23	77	0.011831262597564557
40	10	23	87	0.015429952150512877
40	10	23	62	0.015429952150512877
40	10	23	67	0.015429952150512877
40	10	23	18	0.0016418054505296141
40	10	23	4	0.011831262597564557
40	10	23	43	0.011831262597564557
40	10	24	0	0.14210030700366408
40	10	24	29	0.14210030700366408
40	10	24	61	0.10561879402914295
40	10	24	60	0.10561879402914295
40	10	24	96	0.08436574647757111
40	10	24	51	0.05830753539825822
40	10	24	87	0.05830753539825822
40	10	24	74	0.05830753539825822
40	10	24	92	0.05830753539825822
40	10	24	9	0.013800258756519444
40	10	24	68	0.05830753539825822
40	10	24	99	0.05830753539825822
40	10	24	62	0.05830753539825822
40	10	24	5	0.013800258756519444
40	10	24	64	0.013513463605250796
40	10	24	40	0.013614705294508523
40	10	24	10	0.013614705294508523
40	10	24	36	0.004332974138316
40	10	24	48	0.004332974138316
40	10	24	23	0.0036310185024159627
40	10	25	20	0.14452929880374019
40	10	25	66	0.14452929880374019
40	10	25	23	0.14452929880374019
40	10	25	5	0.14452929880374019
40	10	25	29	0.13111970282928395
40	10	25	18	0.13111970282928395
40	10	25	69	0.13111970282928395
40	10	25	11	0.13111970282928395
40	10	25	74	0.13111970282928395
40	10	25	30	0.13111970282928395
40	10	25	4	0.13111970282928395
40	10	25	96	0.13111970282928395
40	10	25	55	0.13111970282928395
40	10	25	94	0.023025882314825503
40	10	25	0	0.13111970282928395
40	10	25	6	0.13111970282928395
40	10	25	64	0.13111970282928395
40	10	25	8	0.013385716248135034
40	10	25	68	0.023025882314825503
40	10	25	17	0.023025882314825503
40	10	25	76	0.023025882314825503
40	10	26	0	0.35094611034712664
40	10	26	9	0.14664869464372346
40	10	26	98	0.14664869464372346
40	10	26	61	0.14664869464372346
40	10	26	10	0.14664869464372346
40	10	26	54	0.14664869464372346
40	10	26	44	0.14664869464372346
40	10	26	47	0.14664869464372346
40	10	26	30	0.14664869464372346
40	10	26	23	0.14664869464372346
40	10	26	5	0.14664869464372346
40	10	26	74	0.14664869464372346
40	10	26	18	0.14664869464372346
40	10	26	69	0.14664869464372346
40	10	26	81	0.14664869464372346
40	10	26	26	0.14664869464372346
40	10	26	20	0.14664869464372346
40	10	26	22	0.14664869464372346
40	10	26	90	0.05565627275439297
40	10	26	29	0.14664869464372346
40	10	27	0	0.26624469361380587
40	10	27	94	0.036745683940048644
40	10	27	74	0.06318341414742884
40	10	27	29	0.06318341414742884
40	10	27	23	0.06318341414742884
40	10	27	11	0.036745683940048644
40	10	27	4	0.036745683940048644
40	10	27	70	0.036745683940048644
40	10	27	3	0.022291285188956858
40	10	27	66	0.028433241867538758
40	10	27	98	0.028433241867538758
40	10	27	42	0.014309982269123783
40	10	27	77	0.028433241867538758
40	10	27	62	0.028433241867538758
40	10	27	44	0.028433241867538758
40	10	27	76	0.005149785474167384
40	10	27	72	0.014309982269123783
40	10	27	9	0.014309982269123783
40	10	27	18	0.014309982269123783
40	10	27	69	0.014309982269123783
40	10	27	5	0.01203593729176747
40	10	28	0	0.35392907825392844
40	10	28	23	0.0431562400963739
40	10	28	9	0.0337007685575401
40	10	28	90	0.0337007685575401
40	10	28	18	0.0337007685575401
40	10	28	60	0.0337007685575401
40	10	28	67	0.0337007685575401
40	10	28	74	0.0337007685575401
40	10	28	29	0.0337007685575401
40	10	28	98	0.021504040083500854
40	10	28	44	0.010755823011228911
40	10	28	55	0.021504040083500854
40	10	28	70	0.021504040083500854
40	10	28	94	0.010755823011228911
40	10	28	69	0.0183213892188115
40	10	28	42	0.0183213892188115
40	10	28	80	0.0183213892188115
40	10	28	72	0.0183213892188115
40	10	28	5	0.0183213892188115
40	10	28	76	0.010755823011228911
40	10	28	54	0.010755823011228911
40	10	28	3	0.010755823011228911
40	10	28	45	0.010755823011228911
40	10	28	11	0.010755823011228911
40	10	28	84	0.010755823011228911
40	10	28	87	0.010755823011228911
40	10	28	99	0.0074293750911555816
40	10	29	0	0.34086331691832683
40	10	29	66	0.13319005640483347
40	10	29	87	0.13319005640483347
40	10	29	29	0.13319005640483347
40	10	29	23	0.13319005640483347
40	10	29	74	0.13319005640483347
40	10	29	94	0.05094137756811888
40	10	29	44	0.039599223646850125
40	10	29	99	0.039599223646850125
40	10	29	61	0.039599223646850125
40	10	29	10	0.02695833200710039
40	10	29	96	0.023427971568553703
40	10	29	95	0.023427971568553703
40	10	29	20	0.023427971568553703
40	10	29	18	0.015916345182064497
40	10	29	42	0.015916345182064497
40	10	29	11	0.023427971568553703
40	10	29	40	0.023427971568553703
40	10	29	4	0.011283777493907689
40	10	29	72	0.015916345182064497
40	10	30	0	0.2923130320607523
40	10	30	66	0.055856375695603755
40	10	30	94	0.03715127574249788
40	10	30	29	0.10452259402270618
40	10	30	23	0.10452259402270618
40	10	30	74	0.10452259402270618
40	10	30	38	0.026534356276299336
40	10	30	4	0.026534356276299336
40	10	30	7	0.026534356276299336
40	10	30	11	0.026534356276299336
40	10	30	3	0.026534356276299336
40	10	30	93	0.026534356276299336
40	10	30	44	0.026534356276299336
40	10	30	92	0.026534356276299336
40	10	30	10	0.026534356276299336
40	10	30	20	0.011005386325606279
40	10	30	5	0.026534356276299336
40	10	30	98	0.026534356276299336
40	10	30	51	0.010310684036941594
40	10	30	83	0.011005386325606279
40	10	30	87	0.011005386325606279
40	10	31	0	0.41574007151824177
40	10	31	94	0.13482509699632628
40	10	31	66	0.05963775177515612
40	10	31	23	0.13482509699632628
40	10	31	29	0.13482509699632628
40	10	31	74	0.13482509699632628
40	10	31	87	0.04788471355545895
40	10	31	20	0.04498769763061178
40	10	31	98	0.02607744607677038
40	10	31	11	0.03788083878438998
40	10	31	4	0.03788083878438998
40	10	31	3	0.03788083878438998
40	10	31	69	0.030035036648182467
40	10	31	17	0.030035036648182467
40	10	31	7	0.02607744607677038
40	10	31	77	0.006796427958938945
40	10	31	76	0.02607744607677038
40	10	31	10	0.02607744607677038
40	10	31	5	0.005399429013217885
40	10	31	57	0.006796427958938945
40	10	31	90	0.006796427958938945
40	10	32	0	0.36322179788723064
40	10	32	29	0.2316764901754839
40	10	32	99	0.05634611748394547
40	10	32	69	0.05634611748394547
40	10	32	61	0.05634611748394547
40	10	32	68	0.05000154951026653
40	10	32	94	0.05000154951026653
40	10	32	76	0.05000154951026653
40	10	32	98	0.05000154951026653
40	10	32	44	0.025683470392919117
40	10	32	66	0.025683470392919117
40	10	32	87	0.013249695611132426
40	10	32	74	0.013249695611132426
40	10	32	18	0.014156688170311163
40	10	32	62	0.014156688170311163
40	10	32	58	0.014156688170311163
40	10	32	10	0.014156688170311163
40	10	32	13	0.013247495967684078
40	10	32	83	0.006699247113395516
40	10	32	36	0.006699247113395516
40	10	32	23	0.006699247113395516
40	10	33	0	0.3264143694785917
40	10	33	29	0.10914594222452068
40	10	33	66	0.04317168718945034
40	10	33	23	0.10914594222452068
40	10	33	74	0.10914594222452068
40	10	33	94	0.054707965645762566
40	10	33	44	0.04317168718945034
40	10	33	87	0.024059003343347783
40	10	33	90	0.023875809635905167
40	10	33	5	0.019188327556542508
40	10	33	38	0.023875809635905167
40	10	33	70	0.023875809635905167
40	10	33	3	0.019188327556542508
40	10	33	11	0.01406785463068983
40	10	33	77	0.01406785463068983
40	10	33	42	0.01406785463068983
40	10	33	7	0.01406785463068983
40	10	33	24	0.01406785463068983
40	10	33	40	0.01406785463068983
40	10	33	99	0.0015007202334799217
40	10	34	0	0.4103735661700364
40	10	34	29	0.08428855123299765
40	10	34	44	0.08428855123299765
40	10	34	66	0.08428855123299765
40	10	34	46	0.08428855123299765
40	10	34	11	0.08428855123299765
40	10	34	4	0.08428855123299765
40	10	34	20	0.08428855123299765
40	10	34	83	0.08428855123299765
40	10	34	7	0.0739673504348337
40	10	34	92	0.06173909490680445
40	10	34	94	0.05746736749408451
40	10	34	69	0.05746736749408451
40	10	34	18	0.05746736749408451
40	10	34	77	0.05746736749408451
40	10	34	19	0.05746736749408451
40	10	34	62	0.03562871297887065
40	10	34	57	0.03562871297887065
40	10	34	10	0.014636971682531948
40	10	34	39	0.014636971682531948
40	10	34	47	0.03562871297887065
40	10	34	45	0.03562871297887065
40	10	35	0	0.18586777003427288
40	10	35	74	0.12343891228672808
40	10	35	23	0.12343891228672808
40	10	35	52	0.12343891228672808
40	10	35	61	0.12343891228672808
40	10	35	58	0.12343891228672808
40	10	35	4	0.027121260976576064
40	10	35	96	0.027121260976576064
40	10	35	66	0.027121260976576064
40	10	35	9	0.022437467098461398
40	10	35	5	0.022437467098461398
40	10	35	11	0.022437467098461398
40	10	35	20	0.022437467098461398
40	10	35	62	0.022437467098461398
40	10	35	10	0.022437467098461398
40	10	35	3	0.022437467098461398
40	10	35	98	0.022437467098461398
40	10	35	68	0.022437467098461398
40	10	35	94	0.003457553081039583
40	10	35	1	0.012576228742282033
40	10	35	93	0.012576228742282033
40	10	35	97	0.012576228742282033
40	10	35	77	0.012576228742282033
40	10	35	6	0.012576228742282033
40	10	36	0	0.3904819123754933
40	10	36	60	0.05390935154809666
40	10	36	23	0.08608851514037427
40	10	36	74	0.08608851514037427
40	10	36	29	0.08608851514037427
40	10	36	70	0.04861223943306118
40	10	36	42	0.03983081549368744
40	10	36	76	0.03983081549368744
40	10	36	68	0.03983081549368744
40	10	36	4	0.03983081549368744
40	10	36	72	0.03983081549368744
40	10	36	99	0.03983081549368744
40	10	36	67	0.03983081549368744
40	10	36	5	0.03834464460754075
40	10	36	92	0.03834464460754075
40	10	36	90	0.03834464460754075
40	10	36	11	0.03834464460754075
40	10	36	44	0.03814682702509451
40	10	36	3	0.03814682702509451
40	10	36	24	0.015242695450311842
40	10	37	0	0.10219417694047239
40	10	37	29	0.09302244798722459
40	10	37	23	0.09302244798722459
40	10	37	74	0.09302244798722459
40	10	37	7	0.09302244798722459
40	10	37	54	0.09302244798722459
40	10	37	72	0.09302244798722459
40	10	37	22	0.09302244798722459
40	10	37	61	0.09302244798722459
40	10	37	70	0.09302244798722459
40	10	37	90	0.09302244798722459
40	10	37	66	0.09302244798722459
40	10	37	42	0.09302244798722459
40	10	37	77	0.09302244798722459
40	10	37	8	0.02983082417277399
40	10	37	80	0.02983082417277399
40	10	37	98	0.01105269747616245
40	10	37	38	0.02983082417277399
40	10	37	76	0.01105269747616245
40	10	37	99	0.01105269747616245
40	10	37	10	0.02983082417277399
40	10	37	86	0.02983082417277399
40	10	37	44	0.004484567395996143
40	10	38	0	0.4586035406814516
40	10	38	29	0.21570599562061277
40	10	38	74	0.21570599562061277
40	10	38	23	0.21570599562061277
40	10	38	66	0.033092916833546336
40	10	38	77	0.033092916833546336
40	10	38	93	0.024245102629841135
40	10	38	20	0.033092916833546336
40	10	38	11	0.033092916833546336
40	10	38	76	0.033092916833546336
40	10	38	5	0.033092916833546336
40	10	38	61	0.033092916833546336
40	10	38	9	0.01747527621087335
40	10	38	58	0.024245102629841135
40	10	38	94	0.024245102629841135
40	10	38	38	0.024245102629841135
40	10	38	87	0.022999100741779466
40	10	38	3	0.01747527621087335
40	10	38	84	0.01747527621087335
40	10	38	73	0.022999100741779466
40	10	38	44	0.022999100741779466
40	10	38	62	0.022999100741779466
40	10	39	0	0.5234483983632585
40	10	39	5	0.04404953301156728
40	10	39	23	0.195983266106466
40	10	39	74	0.195983266106466
40	10	39	29	0.195983266106466
40	10	39	66	0.04404953301156728
40	10	39	20	0.04404953301156728
40	10	39	58	0.04404953301156728
40	10	39	60	0.013284335857791872
40	10	39	93	0.04404953301156728
40	10	39	9	0.04404953301156728
40	10	39	10	0.017556717374053073
40	10	39	13	0.014464506086952014
40	10	39	55	0.014464506086952014
40	10	39	11	0.014464506086952014
40	10	39	83	0.013284335857791872
40	10	39	3	0.012479080322568597
40	10	39	4	0.012479080322568597
40	10	39	70	0.010514724013909715
40	10	39	87	0.010514724013909715
40	10	39	61	0.013284335857791872
40	10	39	76	0.013284335857791872
40	10	39	99	0.013284335857791872
40	10	39	44	0.013284335857791872
40	10	40	0	0.3925585949708183
40	10	40	66	0.10403558544916679
40	10	40	29	0.04056499423788245
40	10	40	62	0.04056499423788245
40	10	40	44	0.04056499423788245
40	10	40	90	0.04056499423788245
40	10	40	4	0.04056499423788245
40	10	40	11	0.04056499423788245
40	10	40	20	0.03499649014389326
40	10	40	18	0.03499649014389326
40	10	40	7	0.03499649014389326
40	10	40	45	0.03499649014389326
40	10	40	5	0.03499649014389326
40	10	40	92	0.03499649014389326
40	10	40	3	0.03499649014389326
40	10	40	9	0.03499649014389326
40	10	40	10	0.03499649014389326
40	10	40	87	0.03499649014389326
40	10	40	58	0.03499649014389326
40	10	40	51	0.03499649014389326
40	10	41	0	0.08913113682765822
40	10	41	74	0.1703606969876855
40	10	41	23	0.1703606969876855
40	10	41	18	0.05563261556167822
40	10	41	1	0.023402093111332834
40	10	41	29	0.05563261556167822
40	10	41	94	0.05563261556167822
40	10	41	99	0.023402093111332834
40	10	41	53	0.023402093111332834
40	10	41	11	0.023402093111332834
40	10	41	12	0.023402093111332834
40	10	41	2	0.023402093111332834
40	10	41	9	0.023402093111332834
40	10	41	36	0.022665832981296593
40	10	41	83	0.022665832981296593
40	10	41	45	0.022665832981296593
40	10	41	77	0.023402093111332834
40	10	41	57	0.023402093111332834
40	10	41	7	0.023402093111332834
40	10	41	10	0.023402093111332834
40	10	41	5	0.019467357601404153
40	10	41	93	0.01234380083426361
40	10	42	0	0.3745801601930723
40	10	42	29	0.15497185974207311
40	10	42	93	0.10184707911006424
40	10	42	38	0.08982713366486701
40	10	42	74	0.05585435096705399
40	10	42	5	0.030543182924867983
40	10	42	44	0.05019274233230492
40	10	42	20	0.05019274233230492
40	10	42	73	0.030543182924867983
40	10	42	30	0.030543182924867983
40	10	42	87	0.030543182924867983
40	10	42	3	0.030543182924867983
40	10	42	13	0.030543182924867983
40	10	42	7	0.030543182924867983
40	10	42	9	0.030543182924867983
40	10	42	23	0.030543182924867983
40	10	42	18	0.010834643490355587
40	10	42	11	0.010834643490355587
40	10	42	10	0.00954289965279904
40	10	42	92	0.0071525587175634096
40	10	43	0	0.1202938766519229
40	10	43	23	0.1202938766519229
40	10	43	74	0.1202938766519229
40	10	43	99	0.04586241697384087
40	10	43	29	0.049136704576606474
40	10	43	4	0.049136704576606474
40	10	43	11	0.049136704576606474
40	10	43	36	0.04586241697384087
40	10	43	66	0.04586241697384087
40	10	43	87	0.04586241697384087
40	10	43	96	0.04586241697384087
40	10	43	51	0.04586241697384087
40	10	43	83	0.04586241697384087
40	10	43	9	0.0242698684138382
40	10	43	94	0.04586241697384087
40	10	43	77	0.04586241697384087
40	10	43	46	0.009971615214894444
40	10	43	19	0.04586241697384087
40	10	43	68	0.04586241697384087
40	10	43	40	0.007527293267887017
40	10	43	10	0.009971615214894444
40	10	44	0	0.4833283954555618
40	10	44	29	0.10316288826170643
40	10	44	74	0.10316288826170643
40	10	44	23	0.10316288826170643
40	10	44	66	0.10316288826170643
40	10	44	44	0.07988690359874766
40	10	44	18	0.02712474042514937
40	10	44	94	0.030352290783232965
40	10	44	20	0.030352290783232965
40	10	44	4	0.02712474042514937
40	10	44	11	0.02712474042514937
40	10	44	3	0.02712474042514937
40	10	44	98	0.014764635979372423
40	10	44	5	0.02712474042514937
40	10	44	76	0.014764635979372423
40	10	44	9	0.02712474042514937
40	10	44	69	0.02712474042514937
40	10	44	90	0.02712474042514937
40	10	44	93	0.003995662684697318
40	10	44	60	0.009271073953784263
40	10	44	7	0.009271073953784263
40	10	45	0	0.2320696081987134
40	10	45	74	0.09507312069676811
40	10	45	4	0.09507312069676811
40	10	45	23	0.09507312069676811
40	10	45	29	0.09507312069676811
40	10	45	20	0.0804677295910169
40	10	45	98	0.05024473112486276
40	10	45	18	0.05024473112486276
40	10	45	99	0.05024473112486276
40	10	45	90	0.05024473112486276
40	10	45	69	0.05024473112486276
40	10	45	62	0.013102987817670511
40	10	45	61	0.05024473112486276
40	10	45	46	0.01183034812646397
40	10	45	44	0.05024473112486276
40	10	45	60	0.05024473112486276
40	10	45	70	0.05024473112486276
40	10	45	51	0.05024473112486276
40	10	45	50	0.05024473112486276
40	10	45	57	0.005084643366617283
40	10	46	0	0.2514182539689638
40	10	46	60	0.07647590264747807
40	10	46	29	0.07647590264747807
40	10	46	38	0.07647590264747807
40	10	46	3	0.07647590264747807
40	10	46	94	0.0687941795678308
40	10	46	98	0.0687941795678308
40	10	46	74	0.0687941795678308
40	10	46	23	0.0687941795678308
40	10	46	83	0.05315055549045622
40	10	46	77	0.05315055549045622
40	10	46	66	0.03412245112232955
40	10	46	10	0.05315055549045622
40	10	46	99	0.05315055549045622
40	10	46	69	0.05315055549045622
40	10	46	18	0.05315055549045622
40	10	46	78	0.01586692888713641
40	10	46	76	0.03412245112232955
40	10	46	20	0.03412245112232955
40	10	46	13	0.01586692888713641
40	10	47	0	0.4412939958877952
40	10	47	66	0.13412764149111792
40	10	47	98	0.13412764149111792
40	10	47	7	0.03620624028733408
40	10	47	4	0.02070442575719276
40	10	47	55	0.03620624028733408
40	10	47	69	0.03620624028733408
40	10	47	94	0.03620624028733408
40	10	47	73	0.03620624028733408
40	10	47	93	0.02070442575719276
40	10	47	29	0.02070442575719276
40	10	47	60	0.02070442575719276
40	10	47	90	0.02070442575719276
40	10	47	20	0.02070442575719276
40	10	47	10	0.02070442575719276
40	10	47	67	0.011138590546806786
40	10	47	76	0.011138590546806786
40	10	47	3	0.0202509250866265
40	10	47	23	0.0202509250866265
40	10	47	87	0.0202509250866265
40	10	47	74	0.0202509250866265
40	10	48	29	0.15933701340826922
40	10	48	66	0.0830586981148108
40	10	48	83	0.07844456783596579
40	10	48	98	0.0830586981148108
40	10	48	74	0.0830586981148108
40	10	48	23	0.0830586981148108
40	10	48	12	0.0830586981148108
40	10	48	47	0.04251862521946045
40	10	48	42	0.029950536789875665
40	10	48	95	0.04251862521946045
40	10	48	40	0.04251862521946045
40	10	48	72	0.029950536789875665
40	10	48	90	0.029950536789875665
40	10	48	22	0.02984164156135426
40	10	48	73	0.02984164156135426
40	10	48	55	0.02984164156135426
40	10	48	2	0.019645476832245372
40	10	48	54	0.02984164156135426
40	10	48	70	0.02984164156135426
40	10	48	24	0.014747698063393653
40	10	49	0	0.5900109280347754
40	10	49	3	0.04057581985409658
40	10	49	44	0.04057581985409658
40	10	49	23	0.04057581985409658
40	10	49	74	0.04057581985409658
40	10	49	29	0.04057581985409658
40	10	49	99	0.04057581985409658
40	10	49	11	0.04057581985409658
40	10	49	60	0.04057581985409658
40	10	49	22	0.04057581985409658
40	10	49	4	0.04057581985409658
40	10	49	76	0.04057581985409658
40	10	49	64	0.025110968507985606
40	10	49	51	0.025110968507985606
40	10	49	55	0.025110968507985606
40	10	49	18	0.025110968507985606
40	10	49	9	0.025110968507985606
40	10	49	5	0.025110968507985606
40	10	49	38	0.023518363665906886
40	10	49	69	0.025110968507985606
40	10	50	0	0.3437407550642411
40	10	50	66	0.2328236349220322
40	10	50	51	0.05583785181326332
40	10	50	74	0.2328236349220322
40	10	50	29	0.2328236349220322
40	10	50	23	0.2328236349220322
40	10	50	94	0.035274186489370675
40	10	50	20	0.035274186489370675
40	10	50	9	0.035274186489370675
40	10	50	5	0.035274186489370675
40	10	50	90	0.02767016839632036
40	10	50	44	0.02767016839632036
40	10	50	70	0.02767016839632036
40	10	50	98	0.02767016839632036
40	10	50	4	0.010024303548168745
40	10	50	42	0.00908584970326611
40	10	50	3	0.010024303548168745
40	10	50	11	0.010024303548168745
40	10	50	60	0.004022953480834172
40	10	50	62	0.004022953480834172
40	10	50	72	0.00908584970326611
40	10	50	7	0.009859661898917767
40	10	50	68	0.009859661898917767
40	10	51	0	0.07993328382551308
40	10	51	74	0.06233258918531618
40	10	51	29	0.06233258918531618
40	10	51	5	0.07993328382551308
40	10	51	20	0.07993328382551308
40	10	51	38	0.07993328382551308
40	10	51	10	0.029505210636009516
40	10	51	77	0.029505210636009516
40	10	51	23	0.06233258918531618
40	10	51	44	0.05296430026543041
40	10	51	54	0.012149308204709717
40	10	51	57	0.05296430026543041
40	10	51	45	0.05296430026543041
40	10	51	72	0.05296430026543041
40	10	51	42	0.05296430026543041
40	10	51	9	0.028585427512422733
40	10	51	76	0.012149308204709717
40	10	51	4	0.010408966103180112
40	10	51	90	0.010408966103180112
40	10	51	11	0.010408966103180112
40	10	51	62	0.010408966103180112
40	10	51	22	0.004682389538557036
40	10	52	0	0.35944172672961394
40	10	52	66	0.14137872231207047
40	10	52	98	0.028741771452543516
40	10	52	23	0.14137872231207047
40	10	52	74	0.14137872231207047
40	10	52	29	0.14137872231207047
40	10	52	11	0.034009930810504324
40	10	52	94	0.034009930810504324
40	10	52	62	0.014686827374795673
40	10	52	76	0.014686827374795673
40	10	52	99	0.014686827374795673
40	10	52	20	0.014686827374795673
40	10	52	3	0.014686827374795673
40	10	52	4	0.014686827374795673
40	10	52	9	0.014686827374795673
40	10	52	83	0.014686827374795673
40	10	52	54	0.014686827374795673
40	10	52	60	0.014686827374795673
40	10	52	61	0.014686827374795673
40	10	52	7	0.004721945489131255
40	10	53	0	0.3045849639855071
40	10	53	29	0.17783204634899635
40	10	53	66	0.14838376306230716
40	10	53	94	0.0914547857278032
40	10	53	3	0.059343650169159615
40	10	53	11	0.04527632642689443
40	10	53	67	0.04527632642689443
40	10	53	10	0.04355037137657828
40	10	53	4	0.04527632642689443
40	10	53	13	0.034036594341816266
40	10	53	74	0.034036594341816266
40	10	53	98	0.034036594341816266
40	10	53	70	0.034036594341816266
40	10	53	23	0.034036594341816266
40	10	53	76	0.034036594341816266
40	10	53	48	0.034036594341816266
40	10	53	5	0.034036594341816266
40	10	53	18	0.034036594341816266
40	10	53	62	0.034036594341816266
40	10	53	9	0.034036594341816266
40	10	54	0	0.32082936926682815
40	10	54	23	0.19459555636260759
40	10	54	74	0.19459555636260759
40	10	54	29	0.19459555636260759
40	10	54	20	0.05398873127513612
40	10	54	96	0.04980508296583522
40	10	54	98	0.05361354168053848
40	10	54	70	0.05361354168053848
40	10	54	5	0.04980508296583522
40	10	54	24	0.04980508296583522
40	10	54	9	0.04980508296583522
40	10	54	38	0.04980508296583522
40	10	54	68	0.04980508296583522
40	10	54	72	0.017052233126089746
40	10	54	84	0.025412574229751798
40	10	54	40	0.025412574229751798
40	10	54	94	0.025412574229751798
40	10	54	10	0.025412574229751798
40	10	54	64	0.017052233126089746
40	10	54	42	0.017052233126089746
40	10	54	8	0.017052233126089746
40	10	54	90	0.017052233126089746
40	10	54	45	0.010487020236250831
40	10	55	0	0.3028665509771412
40	10	55	98	0.1812945529303033
40	10	55	51	0.1666106752097432
40	10	55	29	0.115462832112151
40	10	55	70	0.1666106752097432
40	10	55	90	0.1666106752097432
40	10	55	65	0.07015610568515773
40	10	55	84	0.07015610568515773
40	10	55	66	0.05903560839330292
40	10	55	86	0.04504393343727758
40	10	55	20	0.04799558394893453
40	10	55	74	0.04799558394893453
40	10	55	23	0.04799558394893453
40	10	55	8	0.04504393343727758
40	10	55	80	0.04504393343727758
40	10	55	4	0.04504393343727758
40	10	55	3	0.04504393343727758
40	10	55	76	0.04504393343727758
40	10	55	24	0.007563384026136718
40	10	55	59	0.035138561610711154
40	10	55	7	0.035138561610711154
40	10	56	13	0.11228341602225221
40	10	56	61	0.11228341602225221
40	10	56	55	0.11228341602225221
40	10	56	20	0.07923237988044789
40	10	56	15	0.07923237988044789
40	10	56	12	0.07923237988044789
40	10	56	53	0.07923237988044789
40	10	56	7	0.059731787600132945
40	10	56	43	0.059731787600132945
40	10	56	18	0.037036353887446895
40	10	56	69	0.032482715749234725
40	10	56	45	0.032482715749234725
40	10	56	48	0.032482715749234725
40	10	56	11	0.032482715749234725
40	10	56	97	0.032482715749234725
40	10	56	5	0.032482715749234725
40	10	56	10	0.032482715749234725
40	10	56	4	0.01311600479651761
40	10	56	58	0.0016160923193445536
40	10	56	46	0.01311600479651761
40	10	56	28	0.01311600479651761
40	10	57	0	0.5159000408129584
40	10	57	61	0.019808041060279117
40	10	57	90	0.015549897539632172
40	10	57	23	0.09135163402125454
40	10	57	29	0.09135163402125454
40	10	57	74	0.09135163402125454
40	10	57	66	0.043242217404397605
40	10	57	44	0.03126690575274107
40	10	57	11	0.03126690575274107
40	10	57	4	0.029110297697185365
40	10	57	9	0.029110297697185365
40	10	57	98	0.029110297697185365
40	10	57	62	0.015549897539632172
40	10	57	94	0.015549897539632172
40	10	57	46	0.015249138142202098
40	10	57	57	0.01222633672615706
40	10	57	58	0.01222633672615706
40	10	57	70	0.01222633672615706
40	10	57	42	0.01222633672615706
40	10	57	76	0.0013441091087852428
40	10	58	0	0.5243104710033991
40	10	58	94	0.06173016020839254
40	10	58	29	0.06173016020839254
40	10	58	66	0.06173016020839254
40	10	58	5	0.0612467413078448
40	10	58	23	0.0612467413078448
40	10	58	74	0.0612467413078448
40	10	58	10	0.0612467413078448
40	10	58	42	0.02668014556153686
40	10	58	44	0.0612467413078448
40	10	58	8	0.0612467413078448
40	10	58	11	0.02210849049352871
40	10	58	72	0.02668014556153686
40	10	58	62	0.02668014556153686
40	10	58	51	0.02668014556153686
40	10	58	21	0.02668014556153686
40	10	58	96	0.02668014556153686
40	10	58	34	0.02668014556153686
40	10	58	3	0.006134832233692267
40	10	58	80	0.006000061718720128
40	10	59	0	0.2415184347218825
40	10	59	29	0.1617199172264869
40	10	59	66	0.05993509764787654
40	10	59	98	0.07065356161173336
40	10	59	67	0.07065356161173336
40	10	59	62	0.05993509764787654
40	10	59	69	0.04193132259350697
40	10	59	74	0.05993509764787654
40	10	59	10	0.05993509764787654
40	10	59	11	0.023502465249515717
40	10	59	84	0.05993509764787654
40	10	59	38	0.05993509764787654
40	10	59	23	0.05993509764787654
40	10	59	13	0.05993509764787654
40	10	59	61	0.008347496076423664
40	10	59	77	0.05993509764787654
40	10	59	7	0.05993509764787654
40	10	59	72	0.05993509764787654
40	10	59	87	0.05993509764787654
40	10	59	42	0.05993509764787654
40	10	60	0	0.2757965800268816
40	10	60	61	0.16891951036777597
40	10	60	44	0.16891951036777597
40	10	60	49	0.12491042751284738
40	10	60	24	0.05417529032316607
40	10	60	27	0.05417529032316607
40	10	60	29	0.05787564089054398
40	10	60	23	0.05787564089054398
40	10	60	74	0.05787564089054398
40	10	60	58	0.05417529032316607
40	10	60	38	0.05417529032316607
40	10	60	10	0.05417529032316607
40	10	60	70	0.05417529032316607
40	10	60	60	0.05417529032316607
40	10	60	90	0.05417529032316607
40	10	60	13	0.05417529032316607
40	10	60	3	0.05417529032316607
40	10	60	4	0.004481537784590859
40	10	60	99	0.036338342511926275
40	10	60	84	0.036338342511926275
40	10	60	83	0.01423792488735052
40	10	61	0	0.2789006497883062
40	10	61	29	0.096672068509002
40	10	61	20	0.08041741300861914
40	10	61	98	0.08041741300861914
40	10	61	44	0.08041741300861914
40	10	61	23	0.08041741300861914
40	10	61	74	0.08041741300861914
40	10	61	9	0.08041741300861914
40	10	61	77	0.04771805293123959
40	10	61	3	0.02994602305139324
40	10	61	8	0.02994602305139324
40	10	61	11	0.02994602305139324
40	10	61	4	0.02994602305139324
40	10	61	1	0.02994602305139324
40	10	61	10	0.02994602305139324
40	10	61	24	0.00875192672983106
40	10	61	7	0.008709433671163076
40	10	61	99	0.02006378475470021
40	10	61	61	0.02006378475470021
40	10	61	42	0.02006378475470021
40	10	61	72	0.02006378475470021
40	10	61	15	0.02006378475470021
40	10	61	94	0.02006378475470021
40	10	61	84	0.02006378475470021
40	10	61	66	0.02006378475470021
40	10	62	0	0.13225819965266206
40	10	62	3	0.11288335755191846
40	10	62	74	0.10789352835890063
40	10	62	4	0.08107474255291149
40	10	62	11	0.08107474255291149
40	10	62	29	0.10789352835890063
40	10	62	23	0.10789352835890063
40	10	62	83	0.08107474255291149
40	10	62	13	0.05129135420076914
40	10	62	10	0.05129135420076914
40	10	62	99	0.034272164139143184
40	10	62	76	0.034272164139143184
40	10	62	62	0.05129135420076914
40	10	62	8	0.05129135420076914
40	10	62	84	0.03209258087577014
40	10	62	1	0.008342221135436215
40	10	62	22	0.03209258087577014
40	10	62	54	0.03209258087577014
40	10	62	20	0.03209258087577014
40	10	62	68	0.022974667977201744
40	10	62	64	0.014759226519459132
40	10	63	0	0.21096642176326139
40	10	63	66	0.07978454353024027
40	10	63	94	0.07978454353024027
40	10	63	40	0.04715779961233316
40	10	63	29	0.04715779961233316
40	10	63	61	0.04715779961233316
40	10	63	92	0.04715779961233316
40	10	63	7	0.04715779961233316
40	10	63	4	0.04715779961233316
40	10	63	74	0.04715779961233316
40	10	63	23	0.04715779961233316
40	10	63	93	0.04715779961233316
40	10	63	9	0.04715779961233316
40	10	63	55	0.04715779961233316
40	10	63	5	0.04715779961233316
40	10	63	10	0.04715779961233316
40	10	63	69	0.04715779961233316
40	10	63	13	0.04715779961233316
40	10	63	1	0.008425448011061713
40	10	63	52	0.0045452406133084135
40	10	64	0	0.1017116432299608
40	10	64	93	0.07015575255299038
40	10	64	77	0.07015575255299038
40	10	64	23	0.1017116432299608
40	10	64	29	0.1017116432299608
40	10	64	74	0.1017116432299608
40	10	64	94	0.07015575255299038
40	10	64	20	0.07015575255299038
40	10	64	10	0.07015575255299038
40	10	64	13	0.07015575255299038
40	10	64	44	0.07015575255299038
40	10	64	15	0.030495904148850846
40	10	64	98	0.030495904148850846
40	10	64	90	0.030495904148850846
40	10	64	11	0.04123438859723598
40	10	64	83	0.04123438859723598
40	10	64	84	0.04123438859723598
40	10	64	51	0.04123438859723598
40	10	64	18	0.033527980305123106
40	10	64	52	0.030495904148850846
40	10	64	7	0.030495904148850846
40	10	65	66	0.07317703365790511
40	10	65	10	0.04755785806857123
40	10	65	0	0.04755785806857123
40	10	65	29	0.04755785806857123
40	10	65	4	0.04755785806857123
40	10	65	11	0.04755785806857123
40	10	65	3	0.04755785806857123
40	10	65	61	0.04755785806857123
40	10	65	24	0.04755785806857123
40	10	65	23	0.04755785806857123
40	10	65	74	0.04755785806857123
40	10	65	62	0.04755785806857123
40	10	65	83	0.04755785806857123
40	10	65	20	0.04755785806857123
40	10	65	92	0.018615734326311886
40	10	65	98	0.018615734326311886
40	10	65	5	0.027720528913331894
40	10	65	18	0.027720528913331894
40	10	65	69	0.027720528913331894
40	10	65	30	0.027720528913331894
40	10	65	1	0.02098974760007944
40	10	66	0	0.42809999552897204
40	10	66	29	0.11497277027904892
40	10	66	66	0.11497277027904892
40	10	66	20	0.06476271160876265
40	10	66	23	0.11497277027904892
40	10	66	74	0.11497277027904892
40	10	66	98	0.05846844758151537
40	10	66	99	0.03612245173969242
40	10	66	44	0.03612245173969242
40	10	66	76	0.03612245173969242
40	10	66	83	0.03612245173969242
40	10	66	94	0.010069793171724656
40	10	66	87	0.03612245173969242
40	10	66	60	0.03612245173969242
40	10	66	43	0.015599489782978735
40	10	66	22	0.015599489782978735
40	10	66	67	0.015599489782978735
40	10	66	54	0.015599489782978735
40	10	66	4	0.010069793171724656
40	10	66	11	0.010069793171724656
40	10	66	9	0.010069793171724656
40	10	66	5	0.010069793171724656
40	10	66	62	0.0061808157838264995
40	10	67	0	0.327480294311145
40	10	67	29	0.23665877809567712
40	10	67	94	0.10169717464181557
40	10	67	44	0.10169717464181557
40	10	67	87	0.027596794426805422
40	10	67	5	0.027596794426805422
40	10	67	35	0.027596794426805422
40	10	67	95	0.027596794426805422
40	10	67	9	0.027596794426805422
40	10	67	16	0.027596794426805422
40	10	67	17	0.027596794426805422
40	10	67	92	0.027596794426805422
40	10	67	70	0.018452653412003337
40	10	67	74	0.01987154357306215
40	10	67	93	0.01987154357306215
40	10	67	90	0.0059809827059982765
40	10	67	24	0.0059809827059982765
40	10	67	66	0.018452653412003337
40	10	67	38	0.018452653412003337
40	10	67	23	0.018452653412003337
40	10	67	53	0.018452653412003337
40	10	68	0	0.3417872879043285
40	10	68	66	0.11403530556608397
40	10	68	11	0.07243662536434956
40	10	68	29	0.07243662536434956
40	10	68	74	0.07243662536434956
40	10	68	13	0.07243662536434956
40	10	68	5	0.03909347521037818
40	10	68	90	0.05306252581015065
40	10	68	76	0.05306252581015065
40	10	68	22	0.013162097477643664
40	10	68	54	0.013162097477643664
40	10	68	9	0.03909347521037818
40	10	68	4	0.03909347521037818
40	10	68	45	0.03909347521037818
40	10	68	57	0.03909347521037818
40	10	68	44	0.03909347521037818
40	10	68	8	0.03595561163293933
40	10	68	3	0.03595561163293933
40	10	68	69	0.03595561163293933
40	10	68	46	0.008504573626987795
40	10	69	0	0.2604579873525553
40	10	69	66	0.10520860526729359
40	10	69	98	0.06055181830298743
40	10	69	3	0.06055181830298743
40	10	69	94	0.06055181830298743
40	10	69	29	0.06055181830298743
40	10	69	74	0.06055181830298743
40	10	69	23	0.06055181830298743
40	10	69	11	0.06055181830298743
40	10	69	44	0.06055181830298743
40	10	69	76	0.06055181830298743
40	10	69	4	0.06055181830298743
40	10	69	10	0.025042394620329426
40	10	69	9	0.04072137129492515
40	10	69	24	0.04072137129492515
40	10	69	5	0.024460159607910297
40	10	69	90	0.024460159607910297
40	10	69	18	0.012690048836671564
40	10	69	7	0.006501367875573334
40	10	69	87	0.012708377683309959
40	10	69	51	0.012708377683309959
40	10	69	20	0.012708377683309959
40	10	70	0	0.14995469533240638
40	10	70	44	0.14995469533240638
40	10	70	7	0.03376086379516514
40	10	70	23	0.07739653442288329
40	10	70	29	0.07739653442288329
40	10	70	74	0.03376086379516514
40	10	70	8	0.03376086379516514
40	10	70	45	0.03376086379516514
40	10	70	66	0.03376086379516514
40	10	70	10	0.03376086379516514
40	10	70	57	0.03376086379516514
40	10	70	94	0.03376086379516514
40	10	70	46	0.03376086379516514
40	10	70	67	0.02464101944204648
40	10	70	42	0.021666119102625947
40	10	70	72	0.021666119102625947
40	10	70	76	0.02464101944204648
40	10	70	62	0.02464101944204648
40	10	70	54	0.022956599624884635
40	10	70	13	0.021666119102625947
40	10	71	0	0.2601402564471115
40	10	71	29	0.11062963244848198
40	10	71	74	0.11062963244848198
40	10	71	23	0.11062963244848198
40	10	71	51	0.031318688285654823
40	10	71	92	0.11062963244848198
40	10	71	66	0.11062963244848198
40	10	71	94	0.11062963244848198
40	10	71	60	0.11062963244848198
40	10	71	98	0.11062963244848198
40	10	71	83	0.11062963244848198
40	10	71	11	0.034777181989378535
40	10	71	3	0.034777181989378535
40	10	71	7	0.031318688285654823
40	10	71	42	0.031318688285654823
40	10	71	4	0.009643202599080235
40	10	71	43	0.009643202599080235
40	10	71	68	0.009643202599080235
40	10	71	70	0.031318688285654823
40	10	71	90	0.031318688285654823
40	10	71	72	0.031318688285654823
40	10	71	50	0.015208617191308161
40	10	71	9	0.015208617191308161
40	10	72	0	0.40289959036987316
40	10	72	74	0.12978722847582141
40	10	72	44	0.12978722847582141
40	10	72	66	0.12978722847582141
40	10	72	62	0.10621678483189778
40	10	72	29	0.12978722847582141
40	10	72	23	0.12978722847582141
40	10	72	61	0.12978722847582141
40	10	72	60	0.12978722847582141
40	10	72	20	0.12978722847582141
40	10	72	83	0.10621678483189778
40	10	72	92	0.10621678483189778
40	10	72	45	0.10621678483189778
40	10	72	46	0.10621678483189778
40	10	72	9	0.10621678483189778
40	10	72	7	0.10621678483189778
40	10	72	98	0.032495520235659096
40	10	72	5	0.10621678483189778
40	10	72	38	0.10621678483189778
40	10	72	96	0.10621678483189778
40	10	72	70	0.10621678483189778
40	10	73	66	0.16394893270301
40	10	73	74	0.16394893270301
40	10	73	23	0.16394893270301
40	10	73	29	0.16394893270301
40	10	73	38	0.08586826000268187
40	10	73	0	0.07162599873827093
40	10	73	20	0.07162599873827093
40	10	73	94	0.07162599873827093
40	10	73	69	0.052548785168329566
40	10	73	80	0.07162599873827093
40	10	73	86	0.07162599873827093
40	10	73	89	0.07162599873827093
40	10	73	73	0.07162599873827093
40	10	73	79	0.07162599873827093
40	10	73	33	0.07162599873827093
40	10	73	87	0.008813856757986554
40	10	73	92	0.02585013466514321
40	10	73	18	0.02585013466514321
40	10	73	77	0.018934174719505863
40	10	73	61	0.018934174719505863
40	10	74	0	0.4044782479806535
40	10	74	9	0.0775747409179997
40	10	74	29	0.0775747409179997
40	10	74	18	0.03993859510551618
40	10	74	69	0.03993859510551618
40	10	74	5	0.039005040956366054
40	10	74	84	0.039005040956366054
40	10	74	20	0.039005040956366054
40	10	74	23	0.039005040956366054
40	10	74	74	0.039005040956366054
40	10	74	51	0.039005040956366054
40	10	74	60	0.020015462501186927
40	10	74	76	0.020015462501186927
40	10	74	44	0.015052203193085529
40	10	74	92	0.015052203193085529
40	10	74	54	0.009440150299507384
40	10	74	11	0.015052203193085529
40	10	74	66	0.015052203193085529
40	10	74	8	0.005009729207213908
40	10	74	55	0.003980351041177484
40	10	75	0	0.32918547139407534
40	10	75	60	0.1431248693027271
40	10	75	5	0.1431248693027271
40	10	75	74	0.1431248693027271
40	10	75	23	0.1431248693027271
40	10	75	93	0.1431248693027271
40	10	75	9	0.1431248693027271
40	10	75	95	0.05955902154244101
40	10	75	10	0.05955902154244101
40	10	75	17	0.055227264398717876
40	10	75	13	0.033057303916304695
40	10	75	57	0.05407464408783487
40	10	75	45	0.05407464408783487
40	10	75	20	0.05407464408783487
40	10	75	11	0.05407464408783487
40	10	75	61	0.0393979578134621
40	10	75	46	0.0393979578134621
40	10	75	84	0.0393979578134621
40	10	75	98	0.008888301847998067
40	10	75	92	0.008888301847998067
40	10	76	0	0.256082883727707
40	10	76	29	0.17366537162162235
40	10	76	38	0.13395960201274154
40	10	76	66	0.13395960201274154
40	10	76	74	0.17366537162162235
40	10	76	23	0.17366537162162235
40	10	76	20	0.020806768787768007
40	10	76	77	0.06129297724338047
40	10	76	93	0.054122586273480044
40	10	76	51	0.020806768787768007
40	10	76	90	0.020806768787768007
40	10	76	3	0.020806768787768007
40	10	76	11	0.020806768787768007
40	10	76	4	0.020806768787768007
40	10	76	83	0.020806768787768007
40	10	76	94	0.020806768787768007
40	10	76	70	0.010388488779597962
40	10	76	5	0.020806768787768007
40	10	76	10	0.020806768787768007
40	10	76	9	0.009121877927437919
40	10	77	0	0.17843726889829267
40	10	77	8	0.1631430974269725
40	10	77	29	0.11916696659922418
40	10	77	23	0.11916696659922418
40	10	77	74	0.11916696659922418
40	10	77	83	0.11916696659922418
40	10	77	44	0.005346696060408515
40	10	77	77	0.02730939511028083
40	10	77	38	0.02730939511028083
40	10	77	11	0.02730939511028083
40	10	77	9	0.02730939511028083
40	10	77	10	0.02730939511028083
40	10	77	4	0.02730939511028083
40	10	77	5	0.02730939511028083
40	10	77	3	0.02730939511028083
40	10	77	1	0.016588230640694233
40	10	77	13	0.016588230640694233
40	10	77	18	0.005346696060408515
40	10	77	14	0.005346696060408515
40	10	77	57	0.0027906769786269236
40	10	78	0	0.525252064396434
40	10	78	29	0.08772865724311414
40	10	78	76	0.028668290433183245
40	10	78	83	0.028668290433183245
40	10	78	23	0.037246457687326616
40	10	78	3	0.037246457687326616
40	10	78	74	0.037246457687326616
40	10	78	93	0.028668290433183245
40	10	78	66	0.028668290433183245
40	10	78	22	0.028668290433183245
40	10	78	10	0.028668290433183245
40	10	78	42	0.028668290433183245
40	10	78	72	0.028668290433183245
40	10	78	9	0.028668290433183245
40	10	78	5	0.028668290433183245
40	10	78	20	0.028668290433183245
40	10	78	62	0.028668290433183245
40	10	78	87	0.01602190353763104
40	10	78	8	0.005923269793751957
40	10	78	11	0.0018807729609595562
40	10	79	0	0.4175321743869785
40	10	79	74	0.09468549618033212
40	10	79	66	0.09468549618033212
40	10	79	29	0.09468549618033212
40	10	79	23	0.09468549618033212
40	10	79	11	0.04914707124398066
40	10	79	44	0.029863879535933745
40	10	79	94	0.029863879535933745
40	10	79	90	0.029863879535933745
40	10	79	4	0.029863879535933745
40	10	79	38	0.029863879535933745
40	10	79	10	0.029863879535933745
40	10	79	20	0.029863879535933745
40	10	79	9	0.029863879535933745
40	10	79	60	0.029863879535933745
40	10	79	61	0.029863879535933745
40	10	79	72	0.010299996768590764
40	10	79	42	0.010299996768590764
40	10	79	70	0.010299996768590764
40	10	79	7	0.010299996768590764
40	10	80	0	0.38571983892069334
40	10	80	66	0.14118369045241458
40	10	80	69	0.019599842837464826
40	10	80	23	0.14118369045241458
40	10	80	74	0.14118369045241458
40	10	80	29	0.14118369045241458
40	10	80	20	0.14118369045241458
40	10	80	3	0.017625145303025738
40	10	80	98	0.017625145303025738
40	10	80	5	0.017625145303025738
40	10	80	11	0.017625145303025738
40	10	80	7	0.017625145303025738
40	10	80	76	0.017625145303025738
40	10	80	94	0.017625145303025738
40	10	80	24	0.017625145303025738
40	10	80	68	0.017625145303025738
40	10	80	54	0.017625145303025738
40	10	80	4	0.010180315184185629
40	10	80	99	0.010180315184185629
40	10	80	61	0.010180315184185629
40	10	81	0	0.372249654972919
40	10	81	29	0.10175146907824799
40	10	81	66	0.10175146907824799
40	10	81	61	0.07816743879201903
40	10	81	60	0.04947632338882488
40	10	81	11	0.053767134241350684
40	10	81	4	0.053767134241350684
40	10	81	22	0.04947632338882488
40	10	81	1	0.04947632338882488
40	10	81	3	0.04947632338882488
40	10	81	76	0.04947632338882488
40	10	81	74	0.02311897622406075
40	10	81	94	0.02311897622406075
40	10	81	12	0.022769253737457765
40	10	81	72	0.017159549647603366
40	10	81	68	0.017159549647603366
40	10	81	46	0.017159549647603366
40	10	81	23	0.015042341690764247
40	10	81	42	0.009080735474063371
40	10	81	20	0.008727905826028007
40	10	82	0	0.3676268387368296
40	10	82	29	0.11712989077977988
40	10	82	98	0.04030438029857557
40	10	82	11	0.03165224958353852
40	10	82	94	0.03165224958353852
40	10	82	90	0.03165224958353852
40	10	82	74	0.03165224958353852
40	10	82	66	0.03165224958353852
40	10	82	4	0.03165224958353852
40	10	82	3	0.03165224958353852
40	10	82	76	0.03165224958353852
40	10	82	62	0.03165224958353852
40	10	82	70	0.03165224958353852
40	10	82	23	0.03165224958353852
40	10	82	10	0.025637795171406092
40	10	82	38	0.025637795171406092
40	10	82	42	0.022544583495068948
40	10	82	22	0.022544583495068948
40	10	82	54	0.022544583495068948
40	10	82	83	0.019270714305774025
40	10	83	0	0.4887931725035261
40	10	83	20	0.05995554308132244
40	10	83	94	0.03867820009401131
40	10	83	29	0.1482827856919786
40	10	83	23	0.1482827856919786
40	10	83	74	0.1482827856919786
40	10	83	11	0.02402679560548909
40	10	83	10	0.03867820009401131
40	10	83	60	0.03867820009401131
40	10	83	4	0.02402679560548909
40	10	83	76	0.02402679560548909
40	10	83	98	0.02402679560548909
40	10	83	66	0.012664766979396757
40	10	83	3	0.010223326890207416
40	10	83	13	0.012664766979396757
40	10	83	70	0.012664766979396757
40	10	83	69	0.010223326890207416
40	10	83	9	0.010223326890207416
40	10	83	18	0.010223326890207416
40	10	83	8	0.006982550666552751
40	10	84	0	0.32392030392420307
40	10	84	94	0.13736489921785872
40	10	84	11	0.05668577358393222
40	10	84	4	0.05668577358393222
40	10	84	68	0.05197583072547308
40	10	84	51	0.05197583072547308
40	10	84	52	0.05197583072547308
40	10	84	93	0.030565040505955942
40	10	84	45	0.02473966392681562
40	10	84	35	0.030565040505955942
40	10	84	77	0.030565040505955942
40	10	84	20	0.030565040505955942
40	10	84	57	0.02473966392681562
40	10	84	5	0.030565040505955942
40	10	84	62	0.02473966392681562
40	10	84	84	0.030565040505955942
40	10	84	99	0.030565040505955942
40	10	84	40	0.030565040505955942
40	10	84	96	0.02473966392681562
40	10	84	34	0.00874877318680737
40	10	84	43	0.010422435381539218
40	10	85	0	0.4302134189648225
40	10	85	74	0.234962553347056
40	10	85	4	0.08438923348668989
40	10	85	66	0.08438923348668989
40	10	85	23	0.234962553347056
40	10	85	29	0.234962553347056
40	10	85	97	0.055064741206049525
40	10	85	5	0.08097495871382974
40	10	85	9	0.08097495871382974
40	10	85	51	0.08097495871382974
40	10	85	92	0.012811144065201315
40	10	85	49	0.012811144065201315
40	10	85	62	0.007860680697965888
40	10	85	98	0.033122460640059706
40	10	85	50	0.033122460640059706
40	10	85	57	0.007860680697965888
40	10	85	45	0.007860680697965888
40	10	85	83	0.033122460640059706
40	10	85	76	0.033122460640059706
40	10	85	90	0.033122460640059706
40	10	85	84	0.033122460640059706
40	10	85	95	0.007821343273380549
40	10	85	52	0.007821343273380549
40	10	86	0	0.3210717909607123
40	10	86	9	0.10579437054617308
40	10	86	94	0.06631486698145747
40	10	86	66	0.058677974147212354
40	10	86	37	0.058677974147212354
40	10	86	87	0.058677974147212354
40	10	86	11	0.04667563195574568
40	10	86	92	0.031166820632239217
40	10	86	23	0.05834188018839422
40	10	86	74	0.05834188018839422
40	10	86	29	0.05834188018839422
40	10	86	98	0.04667563195574568
40	10	86	18	0.04667563195574568
40	10	86	99	0.04667563195574568
40	10	86	38	0.023396966495201236
40	10	86	83	0.023396966495201236
40	10	86	62	0.0022697889750922587
40	10	86	5	0.023396966495201236
40	10	86	8	0.023396966495201236
40	10	86	10	0.023396966495201236
40	10	86	36	0.004623256039855462
40	10	87	0	0.43138496614808575
40	10	87	29	0.13014384665101736
40	10	87	74	0.13014384665101736
40	10	87	23	0.13014384665101736
40	10	87	66	0.13014384665101736
40	10	87	94	0.04390847947040808
40	10	87	99	0.04390847947040808
40	10	87	11	0.022869084206269135
40	10	87	98	0.022869084206269135
40	10	87	5	0.022869084206269135
40	10	87	38	0.022869084206269135
40	10	87	9	0.022869084206269135
40	10	87	90	0.022869084206269135
40	10	87	4	0.022869084206269135
40	10	87	44	0.014266533747068237
40	10	87	62	0.014266533747068237
40	10	87	61	0.012719290965660102
40	10	87	93	0.022869084206269135
40	10	87	10	0.022869084206269135
40	10	87	3	0.022869084206269135
40	10	87	7	0.022869084206269135
40	10	87	51	0.022869084206269135
40	10	88	0	0.45155144038660555
40	10	88	98	0.07274122240936563
40	10	88	66	0.13970298326329467
40	10	88	4	0.07274122240936563
40	10	88	23	0.13970298326329467
40	10	88	74	0.13970298326329467
40	10	88	29	0.13970298326329467
40	10	88	83	0.06077423161765939
40	10	88	20	0.06077423161765939
40	10	88	61	0.06077423161765939
40	10	88	9	0.019627727458842188
40	10	88	44	0.06077423161765939
40	10	88	7	0.06077423161765939
40	10	88	68	0.06077423161765939
40	10	88	76	0.06077423161765939
40	10	88	5	0.009370298682821843
40	10	88	11	0.0069253776554287615
40	10	88	62	0.0067322544864304185
40	10	88	94	0.0067322544864304185
40	10	88	3	0.0064177207268214425
40	10	89	0	0.4913047834261426
40	10	89	62	0.032374555583826584
40	10	89	29	0.07608801965727616
40	10	89	23	0.07608801965727616
40	10	89	74	0.07608801965727616
40	10	89	11	0.03955443240131903
40	10	89	10	0.032374555583826584
40	10	89	87	0.032374555583826584
40	10	89	7	0.032374555583826584
40	10	89	76	0.032374555583826584
40	10	89	94	0.032374555583826584
40	10	89	20	0.032374555583826584
40	10	89	9	0.032374555583826584
40	10	89	66	0.032374555583826584
40	10	89	3	0.032374555583826584
40	10	89	4	0.032374555583826584
40	10	89	93	0.032374555583826584
40	10	89	83	0.032374555583826584
40	10	89	84	0.002010566897132385
40	10	89	45	0.0014222519788642076
40	10	89	69	0.0014222519788642076
40	10	90	0	0.38534795790493126
40	10	90	20	0.09890901297837129
40	10	90	74	0.11527605647250636
40	10	90	29	0.11527605647250636
40	10	90	23	0.11527605647250636
40	10	90	44	0.04750700349926874
40	10	90	60	0.03795144367019284
40	10	90	69	0.03795144367019284
40	10	90	66	0.03795144367019284
40	10	90	87	0.03795144367019284
40	10	90	94	0.03795144367019284
40	10	90	51	0.03795144367019284
40	10	90	18	0.02560817740139776
40	10	90	3	0.022301888787607617
40	10	90	97	0.022301888787607617
40	10	90	76	0.022301888787607617
40	10	90	46	0.0222283080422198
40	10	90	10	0.022301888787607617
40	10	90	62	0.0222283080422198
40	10	90	4	0.022301888787607617
40	10	90	40	0.022301888787607617
40	10	90	45	0.012919541908644168
40	10	90	57	0.012919541908644168
40	10	91	0	0.3728521187975433
40	10	91	66	0.07383084276148524
40	10	91	87	0.07383084276148524
40	10	91	44	0.07383084276148524
40	10	91	92	0.07383084276148524
40	10	91	93	0.03978825657947805
40	10	91	74	0.07383084276148524
40	10	91	23	0.07383084276148524
40	10	91	94	0.07383084276148524
40	10	91	77	0.03128323184812142
40	10	91	64	0.019188568528433397
40	10	91	1	0.005832317374880676
40	10	91	24	0.019188568528433397
40	10	91	4	0.019188568528433397
40	10	91	11	0.019188568528433397
40	10	91	69	0.015715431522835055
40	10	91	45	0.012630965106898758
40	10	91	10	0.012630965106898758
40	10	91	13	0.012630965106898758
40	10	91	49	0.012630965106898758
40	10	92	0	0.32140491619412287
40	10	92	29	0.17695542962783473
40	10	92	66	0.10372378111139201
40	10	92	23	0.05495506687083436
40	10	92	74	0.05495506687083436
40	10	92	94	0.05495506687083436
40	10	92	77	0.05495506687083436
40	10	92	44	0.05495506687083436
40	10	92	69	0.05495506687083436
40	10	92	18	0.05495506687083436
40	10	92	40	0.022542809903892944
40	10	92	11	0.02502310980861864
40	10	92	3	0.02502310980861864
40	10	92	38	0.01181578310473925
40	10	92	5	0.02502310980861864
40	10	92	93	0.02502310980861864
40	10	92	4	0.02502310980861864
40	10	92	9	0.02502310980861864
40	10	92	7	0.02502310980861864
40	10	92	72	0.01181578310473925
40	10	93	0	0.4136865735602058
40	10	93	20	0.0726813006835874
40	10	93	23	0.10736709778661586
40	10	93	74	0.10736709778661586
40	10	93	29	0.061006524382174236
40	10	93	5	0.061006524382174236
40	10	93	45	0.061006524382174236
40	10	93	57	0.061006524382174236
40	10	93	46	0.061006524382174236
40	10	93	44	0.061006524382174236
40	10	93	21	0.061006524382174236
40	10	93	9	0.061006524382174236
40	10	93	4	0.061006524382174236
40	10	93	3	0.061006524382174236
40	10	93	61	0.02204187472926178
40	10	93	93	0.02204187472926178
40	10	93	66	0.02204187472926178
40	10	93	98	0.011185655389828473
40	10	93	94	0.011185655389828473
40	10	93	62	0.011185655389828473
40	10	94	0	0.40092159312992776
40	10	94	94	0.08554748620299836
40	10	94	29	0.08554748620299836
40	10	94	23	0.08554748620299836
40	10	94	74	0.06834334718097755
40	10	94	87	0.06834334718097755
40	10	94	7	0.06834334718097755
40	10	94	5	0.03773883957882838
40	10	94	20	0.03773883957882838
40	10	94	44	0.03773883957882838
40	10	94	66	0.01823120071748091
40	10	94	99	0.01823120071748091
40	10	94	60	0.01823120071748091
40	10	94	3	0.01823120071748091
40	10	94	48	0.01823120071748091
40	10	94	76	0.01823120071748091
40	10	94	90	0.010160435104873756
40	10	94	11	0.01823120071748091
40	10	94	9	0.01823120071748091
40	10	94	93	0.010160435104873756
40	10	95	29	0.27593024682341794
40	10	95	0	0.14825217377048006
40	10	95	95	0.050634437212960064
40	10	95	10	0.050634437212960064
40	10	95	7	0.050634437212960064
40	10	95	94	0.0425426838204527
40	10	95	87	0.0425426838204527
40	10	95	61	0.025670699936642862
40	10	95	38	0.025670699936642862
40	10	95	62	0.025670699936642862
40	10	95	98	0.025670699936642862
40	10	95	4	0.025670699936642862
40	10	95	74	0.025670699936642862
40	10	95	66	0.025670699936642862
40	10	95	40	0.02546955453465821
40	10	95	96	0.015824212442044794
40	10	95	23	0.015824212442044794
40	10	95	90	0.007788603330215573
40	10	95	71	0.007788603330215573
40	10	95	45	0.015824212442044794
40	10	95	57	0.015824212442044794
40	10	95	11	0.015824212442044794
40	10	96	0	0.4555416414568988
40	10	96	29	0.22226434002628656
40	10	96	23	0.22226434002628656
40	10	96	74	0.22226434002628656
40	10	96	93	0.07233362029865241
40	10	96	66	0.07233362029865241
40	10	96	10	0.019787969205420062
40	10	96	77	0.07233362029865241
40	10	96	69	0.07233362029865241
40	10	96	18	0.07233362029865241
40	10	96	52	0.07233362029865241
40	10	96	97	0.07233362029865241
40	10	96	19	0.027844245827379738
40	10	96	9	0.015072882924828628
40	10	96	5	0.015072882924828628
40	10	96	90	0.016354908822550057
40	10	96	42	0.016354908822550057
40	10	96	72	0.016354908822550057
40	10	96	17	0.015072882924828628
40	10	96	62	0.006434719570360192
40	10	97	0	0.3838425655191615
40	10	97	74	0.18550656265437834
40	10	97	23	0.18550656265437834
40	10	97	11	0.09359511105780513
40	10	97	29	0.09359511105780513
40	10	97	44	0.09359511105780513
40	10	97	94	0.0630493232623975
40	10	97	48	0.03216237742517424
40	10	97	4	0.03216237742517424
40	10	97	58	0.03216237742517424
40	10	97	62	0.03216237742517424
40	10	97	92	0.03216237742517424
40	10	97	8	0.03216237742517424
40	10	97	93	0.03216237742517424
40	10	97	5	0.03216237742517424
40	10	97	90	0.03216237742517424
40	10	97	95	0.03216237742517424
40	10	97	83	0.017455680323425805
40	10	97	60	0.017455680323425805
40	10	97	70	0.00722489517875005
40	10	98	11	0.18556711038318607
40	10	98	97	0.07613715645257187
40	10	98	20	0.07613715645257187
40	10	98	9	0.07613715645257187
40	10	98	24	0.07613715645257187
40	10	98	62	0.07613715645257187
40	10	98	38	0.07613715645257187
40	10	98	5	0.07613715645257187
40	10	98	1	0.07613715645257187
40	10	98	94	0.07613715645257187
40	10	98	53	0.07613715645257187
40	10	98	83	0.07613715645257187
40	10	98	30	0.07613715645257187
40	10	98	98	0.07613715645257187
40	10	98	10	0.07613715645257187
40	10	98	75	0.07613715645257187
40	10	98	3	0.07613715645257187
40	10	98	6	0.07613715645257187
40	10	98	76	0.019708912777638105
40	10	98	59	0.07156167505679696
40	10	98	50	0.07156167505679696
40	10	99	0	0.17680730335904365
40	10	99	29	0.05737987962578052
40	10	99	74	0.05737987962578052
40	10	99	23	0.05737987962578052
40	10	99	11	0.05737987962578052
40	10	99	87	0.05737987962578052
40	10	99	68	0.05737987962578052
40	10	99	83	0.05737987962578052
40	10	99	51	0.05737987962578052
40	10	99	43	0.05631023084445353
40	10	99	99	0.05631023084445353
40	10	99	4	0.05631023084445353
40	10	99	3	0.05631023084445353
40	10	99	66	0.05631023084445353
40	10	99	5	0.05631023084445353
40	10	99	9	0.029116590094579356
40	10	99	18	0.03261002901233817
40	10	99	62	0.02742537684049647
40	10	99	61	0.03261002901233817
40	10	99	71	0.03261002901233817
40	10	99	95	0.03261002901233817
40	10	100	0	0.4108198159394459
40	10	100	29	0.09894037719931749
40	10	100	74	0.09894037719931749
40	10	100	23	0.09894037719931749
40	10	100	66	0.0849932217133784
40	10	100	4	0.07287313734306793
40	10	100	94	0.07287313734306793
40	10	100	20	0.041886867817995894
40	10	100	87	0.041886867817995894
40	10	100	7	0.03577086117283559
40	10	100	3	0.03577086117283559
40	10	100	11	0.03577086117283559
40	10	100	10	0.019427049213351748
40	10	100	90	0.01705538426262907
40	10	100	61	0.015985390131897974
40	10	100	98	0.011872031591174592
40	10	100	99	0.011872031591174592
40	10	100	70	0.015985390131897974
40	10	100	13	0.015985390131897974
40	10	100	40	0.015985390131897974
40	10	100	95	0.015985390131897974
40	100	1	0	0.24927196307985625
40	100	1	66	0.11265127897742279
40	100	1	60	0.11945153087729082
40	100	1	29	0.11945153087729082
40	100	1	23	0.11945153087729082
40	100	1	74	0.11945153087729082
40	100	1	10	0.07086640877895084
40	100	1	7	0.07086640877895084
40	100	1	77	0.03954224494803704
40	100	1	90	0.03954224494803704
40	100	1	87	0.03954224494803704
40	100	1	70	0.0324936792207471
40	100	1	44	0.03954224494803704
40	100	1	42	0.007783051520323876
40	100	1	8	0.03954224494803704
40	100	1	38	0.03954224494803704
40	100	1	51	0.03954224494803704
40	100	1	92	0.0324936792207471
40	100	1	55	0.006127941440654847
40	100	1	86	0.006127941440654847
40	100	1	24	0.006127941440654847
40	100	2	0	0.18784559339462073
40	100	2	38	0.07130781405378261
40	100	2	74	0.07130781405378261
40	100	2	3	0.07130781405378261
40	100	2	11	0.07130781405378261
40	100	2	29	0.07130781405378261
40	100	2	23	0.07130781405378261
40	100	2	44	0.04222147586868971
40	100	2	9	0.04222147586868971
40	100	2	99	0.04222147586868971
40	100	2	4	0.04222147586868971
40	100	2	60	0.04222147586868971
40	100	2	5	0.04222147586868971
40	100	2	77	0.04222147586868971
40	100	2	61	0.04222147586868971
40	100	2	20	0.030278081389767016
40	100	2	10	0.04222147586868971
40	100	2	7	0.04222147586868971
40	100	2	13	0.030278081389767016
40	100	2	98	0.030278081389767016
40	100	3	0	0.38864037626109155
40	100	3	38	0.0893143690397294
40	100	3	77	0.0893143690397294
40	100	3	66	0.0893143690397294
40	100	3	29	0.0881652069464238
40	100	3	93	0.0893143690397294
40	100	3	98	0.0893143690397294
40	100	3	74	0.0591283688856788
40	100	3	20	0.05485121905373533
40	100	3	23	0.05485121905373533
40	100	3	99	0.05485121905373533
40	100	3	87	0.05485121905373533
40	100	3	97	0.05485121905373533
40	100	3	86	0.03756752737136482
40	100	3	44	0.03756752737136482
40	100	3	76	0.03756752737136482
40	100	3	94	0.03756752737136482
40	100	3	69	0.02405092365517793
40	100	3	8	0.02405092365517793
40	100	3	80	0.020500691664055656
40	100	4	5	0.11056233426657483
40	100	4	4	0.11056233426657483
40	100	4	11	0.11056233426657483
40	100	4	7	0.064015813446521
40	100	4	10	0.064015813446521
40	100	4	13	0.064015813446521
40	100	4	77	0.064015813446521
40	100	4	3	0.04305856905560835
40	100	4	18	0.04305856905560835
40	100	4	69	0.039250019174531324
40	100	4	93	0.039250019174531324
40	100	4	0	0.039250019174531324
40	100	4	66	0.039250019174531324
40	100	4	44	0.011345477804048293
40	100	4	1	0.00818679955313065
40	100	4	17	0.039250019174531324
40	100	4	53	0.039250019174531324
40	100	4	29	0.039250019174531324
40	100	4	23	0.039250019174531324
40	100	4	56	0.039250019174531324
40	100	4	83	0.03354257626328542
40	100	4	90	0.03354257626328542
40	100	5	74	0.1672748587651423
40	100	5	23	0.1672748587651423
40	100	5	29	0.1672748587651423
40	100	5	51	0.1672748587651423
40	100	5	84	0.06658740575664478
40	100	5	0	0.05096732249405818
40	100	5	72	0.06658740575664478
40	100	5	57	0.06658740575664478
40	100	5	45	0.06658740575664478
40	100	5	42	0.06658740575664478
40	100	5	11	0.03137591293644355
40	100	5	68	0.00785949233900253
40	100	5	4	0.03137591293644355
40	100	5	94	0.03137591293644355
40	100	5	62	0.02871833080507897
40	100	5	10	0.02871833080507897
40	100	5	3	0.02871833080507897
40	100	5	90	0.02871833080507897
40	100	5	35	0.02871833080507897
40	100	5	49	0.00785949233900253
40	100	5	80	0.00785949233900253
40	100	5	60	0.00785949233900253
40	100	5	54	0.00785949233900253
40	100	5	86	0.00785949233900253
40	100	5	99	0.00785949233900253
40	100	6	0	0.1342312785327913
40	100	6	74	0.11680251476718681
40	100	6	60	0.11680251476718681
40	100	6	9	0.11680251476718681
40	100	6	13	0.11680251476718681
40	100	6	20	0.11680251476718681
40	100	6	5	0.11680251476718681
40	100	6	29	0.11680251476718681
40	100	6	23	0.11680251476718681
40	100	6	93	0.031442881966793776
40	100	6	52	0.031442881966793776
40	100	6	76	0.01559264420945787
40	100	6	92	0.021138649110985758
40	100	6	10	0.021138649110985758
40	100	6	22	0.008570957648987068
40	100	6	90	0.008570957648987068
40	100	6	83	0.021138649110985758
40	100	6	69	0.021138649110985758
40	100	6	68	0.021138649110985758
40	100	6	3	0.016673435360627084
40	100	7	0	0.3706057168452391
40	100	7	66	0.08879374474960124
40	100	7	94	0.08879374474960124
40	100	7	23	0.08879374474960124
40	100	7	74	0.08879374474960124
40	100	7	29	0.08879374474960124
40	100	7	5	0.08879374474960124
40	100	7	20	0.08879374474960124
40	100	7	98	0.08879374474960124
40	100	7	44	0.08879374474960124
40	100	7	9	0.030825243980930426
40	100	7	69	0.016191528635294522
40	100	7	8	0.016191528635294522
40	100	7	45	0.016191528635294522
40	100	7	62	0.016191528635294522
40	100	7	54	0.016191528635294522
40	100	7	68	0.016191528635294522
40	100	7	96	0.004316253717957451
40	100	7	11	0.008796344738912179
40	100	7	3	0.008796344738912179
40	100	8	0	0.4066868747103965
40	100	8	29	0.4066868747103965
40	100	8	66	0.09980701346036075
40	100	8	74	0.07441858181787861
40	100	8	9	0.07441858181787861
40	100	8	5	0.07441858181787861
40	100	8	99	0.05936967211963383
40	100	8	42	0.07441858181787861
40	100	8	72	0.07441858181787861
40	100	8	23	0.07441858181787861
40	100	8	10	0.03838192934431612
40	100	8	30	0.03838192934431612
40	100	8	94	0.03838192934431612
40	100	8	44	0.03838192934431612
40	100	8	87	0.03838192934431612
40	100	8	69	0.03838192934431612
40	100	8	17	0.03838192934431612
40	100	8	48	0.03838192934431612
40	100	8	71	0.01645354175015976
40	100	8	24	0.01645354175015976
40	100	9	0	0.18503988114536904
40	100	9	29	0.17042057779843053
40	100	9	21	0.09705923482422543
40	100	9	23	0.09705923482422543
40	100	9	74	0.09705923482422543
40	100	9	94	0.051246460336746485
40	100	9	66	0.04261677751316142
40	100	9	3	0.04261677751316142
40	100	9	11	0.04261677751316142
40	100	9	4	0.039939348916570756
40	100	9	9	0.03640053463020362
40	100	9	8	0.0218264327875821
40	100	9	13	0.0218264327875821
40	100	9	57	0.02017420157901282
40	100	9	45	0.02017420157901282
40	100	9	18	0.0218264327875821
40	100	9	10	0.0218264327875821
40	100	9	5	0.0218264327875821
40	100	9	60	0.017466509836535932
40	100	9	99	0.0075552991667789966
40	100	10	0	0.36611708037740176
40	100	10	66	0.1465824492180254
40	100	10	20	0.1465824492180254
40	100	10	4	0.03393111825947787
40	100	10	7	0.03393111825947787
40	100	10	29	0.03393111825947787
40	100	10	77	0.03393111825947787
40	100	10	94	0.03393111825947787
40	100	10	74	0.033765295293057454
40	100	10	24	0.03393111825947787
40	100	10	76	0.03393111825947787
40	100	10	3	0.03393111825947787
40	100	10	83	0.03393111825947787
40	100	10	68	0.004793596598974692
40	100	10	54	0.004793596598974692
40	100	10	18	0.014975450729953316
40	100	10	62	0.014975450729953316
40	100	10	58	0.033765295293057454
40	100	10	42	0.033765295293057454
40	100	10	23	0.033765295293057454
40	100	10	72	0.033765295293057454
40	100	10	9	0.0028174397181209695
40	100	11	0	0.3321179455265372
40	100	11	66	0.07122101017679495
40	100	11	93	0.06946937427015125
40	100	11	90	0.06946937427015125
40	100	11	97	0.06946937427015125
40	100	11	23	0.06946937427015125
40	100	11	11	0.027628381561333487
40	100	11	29	0.06946937427015125
40	100	11	74	0.06946937427015125
40	100	11	20	0.035208673418364964
40	100	11	94	0.035208673418364964
40	100	11	5	0.035208673418364964
40	100	11	60	0.035208673418364964
40	100	11	44	0.035208673418364964
40	100	11	3	0.027628381561333487
40	100	11	4	0.027628381561333487
40	100	11	7	0.027628381561333487
40	100	11	68	0.027628381561333487
40	100	11	87	0.027628381561333487
40	100	11	98	0.027628381561333487
40	100	12	0	0.32822405516390935
40	100	12	66	0.07923925147225401
40	100	12	74	0.12982386966825585
40	100	12	29	0.12982386966825585
40	100	12	23	0.12982386966825585
40	100	12	94	0.07923925147225401
40	100	12	83	0.04648325181354574
40	100	12	93	0.04537521890773688
40	100	12	24	0.04537521890773688
40	100	12	92	0.03160124361408109
40	100	12	87	0.03160124361408109
40	100	12	62	0.031075712506301537
40	100	12	99	0.01652149095060362
40	100	12	7	0.031075712506301537
40	100	12	9	0.031075712506301537
40	100	12	4	0.031075712506301537
40	100	12	5	0.031075712506301537
40	100	12	86	0.018414348619407724
40	100	12	11	0.01652149095060362
40	100	12	22	0.01652149095060362
40	100	13	0	0.8000806797226069
40	100	13	69	0.1305623164062436
40	100	13	77	0.06592534749334819
40	100	13	29	0.06592534749334819
40	100	13	95	0.06592534749334819
40	100	13	18	0.03394816555367575
40	100	13	96	0.03394816555367575
40	100	13	40	0.06592534749334819
40	100	13	66	0.03394816555367575
40	100	13	87	0.06592534749334819
40	100	13	90	0.06592534749334819
40	100	13	71	0.06592534749334819
40	100	13	72	0.06592534749334819
40	100	13	70	0.06592534749334819
40	100	13	42	0.06592534749334819
40	100	13	60	0.03984282373399585
40	100	13	16	0.03394816555367575
40	100	13	20	0.03394816555367575
40	100	13	59	0.03394816555367575
40	100	13	50	0.03394816555367575
40	100	14	29	0.08448875137406746
40	100	14	94	0.08420675497494999
40	100	14	72	0.08420675497494999
40	100	14	42	0.08420675497494999
40	100	14	0	0.08420675497494999
40	100	14	74	0.08420675497494999
40	100	14	62	0.08420675497494999
40	100	14	77	0.08420675497494999
40	100	14	98	0.08420675497494999
40	100	14	20	0.04722523207880812
40	100	14	23	0.08420675497494999
40	100	14	9	0.08420675497494999
40	100	14	61	0.04722523207880812
40	100	14	46	0.03387425666371215
40	100	14	58	0.03387425666371215
40	100	14	83	0.018572338756610688
40	100	14	37	0.014166857063608145
40	100	14	96	0.014166857063608145
40	100	14	92	0.011375450035445805
40	100	14	55	0.01132341996339623
40	100	14	27	0.018572338756610688
40	100	14	76	0.018572338756610688
40	100	14	5	0.018572338756610688
40	100	14	18	0.018572338756610688
40	100	15	0	0.4004336852938436
40	100	15	76	0.11184444457872159
40	100	15	29	0.10093105916929376
40	100	15	99	0.0894923212630563
40	100	15	74	0.0894923212630563
40	100	15	11	0.0894923212630563
40	100	15	4	0.0894923212630563
40	100	15	23	0.0894923212630563
40	100	15	94	0.06309419765703733
40	100	15	1	0.026725648496659628
40	100	15	57	0.06309419765703733
40	100	15	45	0.06309419765703733
40	100	15	68	0.06309419765703733
40	100	15	58	0.06309419765703733
40	100	15	62	0.06309419765703733
40	100	15	83	0.006286042801813899
40	100	15	7	0.026725648496659628
40	100	15	3	0.005450593443917014
40	100	15	46	0.003896273620841527
40	100	15	54	0.005426118063154426
40	100	15	66	0.005426118063154426
40	100	16	0	0.487921960793331
40	100	16	74	0.09314354107831296
40	100	16	23	0.09314354107831296
40	100	16	29	0.09314354107831296
40	100	16	9	0.04011517686289547
40	100	16	66	0.04011517686289547
40	100	16	94	0.030964204150884342
40	100	16	5	0.030964204150884342
40	100	16	10	0.030964204150884342
40	100	16	33	0.030964204150884342
40	100	16	20	0.030964204150884342
40	100	16	79	0.030964204150884342
40	100	16	44	0.030964204150884342
40	100	16	58	0.030964204150884342
40	100	16	90	0.030964204150884342
40	100	16	76	0.030964204150884342
40	100	16	99	0.005578339524391808
40	100	16	87	0.009961470883693965
40	100	16	69	0.009961470883693965
40	100	16	13	0.009961470883693965
40	100	16	51	0.009961470883693965
40	100	17	0	0.14952247037750616
40	100	17	94	0.07588913066726947
40	100	17	23	0.1098542526808887
40	100	17	74	0.1098542526808887
40	100	17	29	0.1098542526808887
40	100	17	92	0.07588913066726947
40	100	17	4	0.07588913066726947
40	100	17	11	0.07588913066726947
40	100	17	3	0.07588913066726947
40	100	17	20	0.07588913066726947
40	100	17	10	0.07588913066726947
40	100	17	44	0.044699698416560754
40	100	17	51	0.0252803691794342
40	100	17	99	0.044699698416560754
40	100	17	60	0.044699698416560754
40	100	17	58	0.044699698416560754
40	100	17	76	0.012274570166454482
40	100	17	54	0.012274570166454482
40	100	17	21	0.012262764084046206
40	100	17	7	0.012262764084046206
40	100	17	5	0.012262764084046206
40	100	18	0	0.41765300110041176
40	100	18	44	0.06648345490069672
40	100	18	94	0.06648345490069672
40	100	18	29	0.07666924339098156
40	100	18	23	0.07666924339098156
40	100	18	74	0.07666924339098156
40	100	18	90	0.0462183471064351
40	100	18	66	0.05536847575233864
40	100	18	20	0.05536847575233864
40	100	18	70	0.04010598247998021
40	100	18	87	0.04010598247998021
40	100	18	99	0.04010598247998021
40	100	18	83	0.04010598247998021
40	100	18	61	0.04010598247998021
40	100	18	10	0.04010598247998021
40	100	18	98	0.014928851421087982
40	100	18	5	0.027884157030404356
40	100	18	24	0.027884157030404356
40	100	18	9	0.006746921738578446
40	100	18	60	0.01057537180380044
40	100	18	7	0.01057537180380044
40	100	19	0	0.20441853828379428
40	100	19	38	0.13160835810352065
40	100	19	83	0.05954991786441353
40	100	19	23	0.09758641980662482
40	100	19	74	0.09758641980662482
40	100	19	29	0.09758641980662482
40	100	19	9	0.022913034418065498
40	100	19	66	0.020700119633633697
40	100	19	94	0.020700119633633697
40	100	19	62	0.018705282715780546
40	100	19	42	0.020700119633633697
40	100	19	90	0.020700119633633697
40	100	19	76	0.020700119633633697
40	100	19	72	0.020700119633633697
40	100	19	5	0.020700119633633697
40	100	19	70	0.020700119633633697
40	100	19	99	0.020700119633633697
40	100	19	54	0.020700119633633697
40	100	19	44	0.005974182613133467
40	100	19	98	0.020700119633633697
40	100	19	22	0.020700119633633697
40	100	19	20	0.020700119633633697
40	100	20	0	0.5932993940196702
40	100	20	66	0.04450135181147127
40	100	20	3	0.0581338371239619
40	100	20	9	0.0581338371239619
40	100	20	5	0.04450135181147127
40	100	20	10	0.04450135181147127
40	100	20	44	0.04450135181147127
40	100	20	18	0.04450135181147127
40	100	20	13	0.04450135181147127
40	100	20	69	0.04450135181147127
40	100	20	38	0.032330485436791546
40	100	20	11	0.04450135181147127
40	100	20	4	0.04450135181147127
40	100	20	72	0.04450135181147127
40	100	20	42	0.04450135181147127
40	100	20	21	0.031968090008487014
40	100	20	17	0.031968090008487014
40	100	20	83	0.031968090008487014
40	100	20	20	0.011042370440160647
40	100	20	62	0.011042370440160647
40	100	21	66	0.5372429057725916
40	100	21	29	0.05454430782615436
40	100	21	80	0.05454430782615436
40	100	21	8	0.05454430782615436
40	100	21	2	0.05454430782615436
40	100	21	86	0.05454430782615436
40	100	21	42	0.05454430782615436
40	100	21	72	0.05454430782615436
40	100	21	74	0.05454430782615436
40	100	21	51	0.05454430782615436
40	100	21	12	0.05454430782615436
40	100	21	19	0.05454430782615436
40	100	21	24	0.05127338761777521
40	100	21	3	0.05127338761777521
40	100	21	20	0.05127338761777521
40	100	21	84	0.05127338761777521
40	100	21	92	0.05127338761777521
40	100	21	17	0.05127338761777521
40	100	21	4	0.05127338761777521
40	100	21	11	0.05127338761777521
40	100	22	0	0.22196794618254717
40	100	22	44	0.1140060751938939
40	100	22	94	0.09336193961173003
40	100	22	38	0.08501737732178005
40	100	22	61	0.08501737732178005
40	100	22	98	0.08501737732178005
40	100	22	66	0.08501737732178005
40	100	22	62	0.08501737732178005
40	100	22	74	0.02134665805782314
40	100	22	8	0.03587804226653345
40	100	22	55	0.03587804226653345
40	100	22	58	0.019588763341780828
40	100	22	3	0.019588763341780828
40	100	22	10	0.02134665805782314
40	100	22	29	0.02134665805782314
40	100	22	23	0.02134665805782314
40	100	22	9	0.016403896773774993
40	100	22	20	0.014869999536026511
40	100	22	7	0.014869999536026511
40	100	22	5	0.014869999536026511
40	100	22	83	0.014869999536026511
40	100	23	0	0.09358051598610168
40	100	23	90	0.05930104487822769
40	100	23	29	0.05930104487822769
40	100	23	74	0.05930104487822769
40	100	23	23	0.05930104487822769
40	100	23	7	0.03777283177196932
40	100	23	8	0.037189110142544946
40	100	23	72	0.037189110142544946
40	100	23	42	0.037189110142544946
40	100	23	66	0.037189110142544946
40	100	23	70	0.037189110142544946
40	100	23	11	0.03422467549003042
40	100	23	60	0.03422467549003042
40	100	23	98	0.03422467549003042
40	100	23	67	0.01489615717819217
40	100	23	43	0.011715530352811707
40	100	23	77	0.011715530352811707
40	100	23	62	0.01489615717819217
40	100	23	87	0.01489615717819217
40	100	23	76	0.0017085270485953988
40	100	23	83	0.0020771090577737534
40	100	24	61	0.12481229734606887
40	100	24	29	0.12481229734606887
40	100	24	0	0.12481229734606887
40	100	24	60	0.12481229734606887
40	100	24	96	0.1141650280346978
40	100	24	92	0.054545525479650483
40	100	24	87	0.054545525479650483
40	100	24	51	0.054545525479650483
40	100	24	74	0.054545525479650483
40	100	24	9	0.013717497566674546
40	100	24	99	0.054545525479650483
40	100	24	68	0.054545525479650483
40	100	24	62	0.054545525479650483
40	100	24	64	0.013717497566674546
40	100	24	5	0.013717497566674546
40	100	24	10	0.013717497566674546
40	100	24	40	0.013717497566674546
40	100	24	36	0.013717497566674546
40	100	24	48	0.013717497566674546
40	100	24	93	0.007191768095420186
40	100	25	20	0.15728805120854322
40	100	25	66	0.15728805120854322
40	100	25	5	0.15728805120854322
40	100	25	23	0.15728805120854322
40	100	25	69	0.1322286319887638
40	100	25	18	0.1322286319887638
40	100	25	29	0.1322286319887638
40	100	25	11	0.1322286319887638
40	100	25	74	0.1322286319887638
40	100	25	30	0.1322286319887638
40	100	25	4	0.1322286319887638
40	100	25	96	0.1322286319887638
40	100	25	55	0.1322286319887638
40	100	25	6	0.1322286319887638
40	100	25	0	0.1322286319887638
40	100	25	64	0.1322286319887638
40	100	25	94	0.021384429332389283
40	100	25	68	0.021384429332389283
40	100	25	8	0.01274210817518134
40	100	25	17	0.021384429332389283
40	100	25	76	0.021384429332389283
40	100	26	0	0.2363890559761024
40	100	26	98	0.09658237384994327
40	100	26	9	0.09658237384994327
40	100	26	47	0.09040472663881652
40	100	26	10	0.09040472663881652
40	100	26	44	0.09040472663881652
40	100	26	61	0.09040472663881652
40	100	26	81	0.09040472663881652
40	100	26	26	0.09040472663881652
40	100	26	5	0.09040472663881652
40	100	26	30	0.09040472663881652
40	100	26	54	0.09040472663881652
40	100	26	23	0.08305298226624426
40	100	26	18	0.09040472663881652
40	100	26	69	0.09040472663881652
40	100	26	20	0.09040472663881652
40	100	26	22	0.09040472663881652
40	100	26	90	0.06841801455373148
40	100	26	29	0.08305298226624426
40	100	26	74	0.08305298226624426
40	100	27	0	0.16328401702904524
40	100	27	94	0.05664808297050339
40	100	27	74	0.05664808297050339
40	100	27	29	0.05664808297050339
40	100	27	23	0.05664808297050339
40	100	27	11	0.05664808297050339
40	100	27	4	0.05664808297050339
40	100	27	70	0.05664808297050339
40	100	27	3	0.02190511552347017
40	100	27	42	0.016823523413175535
40	100	27	66	0.028244156927592686
40	100	27	98	0.028244156927592686
40	100	27	77	0.028244156927592686
40	100	27	44	0.028244156927592686
40	100	27	62	0.028244156927592686
40	100	27	76	0.006912705322299234
40	100	27	10	0.004667707842416997
40	100	27	18	0.016823523413175535
40	100	27	9	0.016823523413175535
40	100	27	72	0.016823523413175535
40	100	27	69	0.016823523413175535
40	100	27	5	0.00820673486175732
40	100	28	0	0.28571355175227336
40	100	28	9	0.034248425000620766
40	100	28	23	0.034248425000620766
40	100	28	18	0.034248425000620766
40	100	28	90	0.034248425000620766
40	100	28	60	0.034248425000620766
40	100	28	74	0.034248425000620766
40	100	28	29	0.034248425000620766
40	100	28	67	0.034248425000620766
40	100	28	98	0.018188689877630476
40	100	28	44	0.013504192199955797
40	100	28	70	0.018188689877630476
40	100	28	55	0.018188689877630476
40	100	28	80	0.015229500118995735
40	100	28	69	0.015229500118995735
40	100	28	42	0.015229500118995735
40	100	28	5	0.015229500118995735
40	100	28	72	0.015229500118995735
40	100	28	76	0.013504192199955797
40	100	28	54	0.013504192199955797
40	100	28	3	0.013504192199955797
40	100	28	45	0.013504192199955797
40	100	28	11	0.013504192199955797
40	100	28	84	0.013504192199955797
40	100	28	87	0.013504192199955797
40	100	28	94	0.013504192199955797
40	100	28	99	0.005964399724130025
40	100	29	0	0.29306940834568984
40	100	29	66	0.1546330116004094
40	100	29	87	0.1546330116004094
40	100	29	29	0.1546330116004094
40	100	29	23	0.1546330116004094
40	100	29	74	0.1546330116004094
40	100	29	94	0.0504904581402616
40	100	29	44	0.03378414829341283
40	100	29	99	0.031027844033375246
40	100	29	61	0.031027844033375246
40	100	29	10	0.02513548639154947
40	100	29	96	0.02513548639154947
40	100	29	95	0.022326832850946023
40	100	29	40	0.017927857424210398
40	100	29	20	0.017927857424210398
40	100	29	11	0.017927857424210398
40	100	29	18	0.01651084785766375
40	100	29	42	0.01651084785766375
40	100	29	72	0.01651084785766375
40	100	29	4	0.0059984275539978595
40	100	30	0	0.23378667045132867
40	100	30	66	0.04715130321421428
40	100	30	74	0.10573336926318458
40	100	30	29	0.10573336926318458
40	100	30	23	0.10573336926318458
40	100	30	94	0.0384981564008627
40	100	30	38	0.03508715683518204
40	100	30	4	0.02780380925293466
40	100	30	7	0.02780380925293466
40	100	30	11	0.02780380925293466
40	100	30	3	0.02780380925293466
40	100	30	93	0.02780380925293466
40	100	30	44	0.024249704461876187
40	100	30	92	0.024249704461876187
40	100	30	10	0.024249704461876187
40	100	30	98	0.024249704461876187
40	100	30	5	0.024249704461876187
40	100	30	51	0.01463024024425963
40	100	30	83	0.01463024024425963
40	100	30	20	0.01463024024425963
40	100	31	0	0.440273739923331
40	100	31	94	0.13390820427946976
40	100	31	66	0.070073844961881
40	100	31	23	0.11005976624115986
40	100	31	29	0.11005976624115986
40	100	31	74	0.11005976624115986
40	100	31	87	0.070073844961881
40	100	31	20	0.037249325444550126
40	100	31	17	0.03635408017536729
40	100	31	11	0.037249325444550126
40	100	31	4	0.037249325444550126
40	100	31	3	0.037249325444550126
40	100	31	69	0.03635408017536729
40	100	31	98	0.02993818399722908
40	100	31	7	0.02993818399722908
40	100	31	77	0.008509064597827645
40	100	31	76	0.026174339583542802
40	100	31	10	0.026174339583542802
40	100	31	5	0.00411065502622067
40	100	31	90	0.007758123701846237
40	100	31	57	0.007758123701846237
40	100	32	0	0.3472760583826995
40	100	32	29	0.25277502231989757
40	100	32	99	0.05408694733838401
40	100	32	69	0.05587345324011286
40	100	32	61	0.05587345324011286
40	100	32	68	0.05094001914708051
40	100	32	94	0.05094001914708051
40	100	32	76	0.05094001914708051
40	100	32	98	0.05094001914708051
40	100	32	44	0.026059572046903103
40	100	32	66	0.02424466442422308
40	100	32	87	0.02424466442422308
40	100	32	18	0.02424466442422308
40	100	32	58	0.02424466442422308
40	100	32	62	0.02424466442422308
40	100	32	10	0.02424466442422308
40	100	32	13	0.008315424558981582
40	100	32	83	0.010741839910270707
40	100	32	74	0.010741839910270707
40	100	32	36	0.010741839910270707
40	100	33	0	0.31427637487939797
40	100	33	29	0.11010272216963717
40	100	33	66	0.04280211831172534
40	100	33	23	0.11010272216963717
40	100	33	74	0.11010272216963717
40	100	33	94	0.05529587804208759
40	100	33	44	0.04280211831172534
40	100	33	87	0.02427088425820753
40	100	33	90	0.024208120878408443
40	100	33	70	0.024208120878408443
40	100	33	38	0.024208120878408443
40	100	33	5	0.020531981534107
40	100	33	3	0.020531981534107
40	100	33	11	0.01273156405276614
40	100	33	77	0.01273156405276614
40	100	33	42	0.01273156405276614
40	100	33	99	0.0014230151221194627
40	100	33	24	0.01273156405276614
40	100	33	40	0.01273156405276614
40	100	33	7	0.01273156405276614
40	100	33	72	0.002599708824398479
40	100	34	0	0.395359895389779
40	100	34	44	0.11135431282606784
40	100	34	29	0.10116327603616745
40	100	34	11	0.11135431282606784
40	100	34	4	0.11135431282606784
40	100	34	66	0.10116327603616745
40	100	34	46	0.10116327603616745
40	100	34	83	0.10116327603616745
40	100	34	20	0.10116327603616745
40	100	34	92	0.10116327603616745
40	100	34	7	0.10116327603616745
40	100	34	69	0.06471674038969642
40	100	34	18	0.06471674038969642
40	100	34	62	0.06259518640183281
40	100	34	19	0.06471674038969642
40	100	34	94	0.06471674038969642
40	100	34	77	0.06471674038969642
40	100	34	39	0.035934881922674654
40	100	34	10	0.035934881922674654
40	100	34	47	0.06259518640183281
40	100	34	45	0.06259518640183281
40	100	34	57	0.06259518640183281
40	100	35	0	0.17527472324869153
40	100	35	61	0.17527472324869153
40	100	35	58	0.17527472324869153
40	100	35	52	0.17527472324869153
40	100	35	23	0.17527472324869153
40	100	35	74	0.17527472324869153
40	100	35	96	0.02737965573228124
40	100	35	4	0.02283526343167445
40	100	35	66	0.020515211641799782
40	100	35	9	0.020515211641799782
40	100	35	5	0.020515211641799782
40	100	35	6	0.020515211641799782
40	100	35	62	0.01616537944673073
40	100	35	20	0.01616537944673073
40	100	35	11	0.01616537944673073
40	100	35	93	0.020515211641799782
40	100	35	77	0.020515211641799782
40	100	35	97	0.020515211641799782
40	100	35	1	0.01297929654757352
40	100	35	3	0.01616537944673073
40	100	35	98	0.01616537944673073
40	100	35	68	0.01616537944673073
40	100	35	10	0.01616537944673073
40	100	35	57	0.010958562899527137
40	100	35	14	0.00943840939853878
40	100	36	0	0.29783049576308857
40	100	36	70	0.06915216541117272
40	100	36	23	0.09788450832925558
40	100	36	74	0.09788450832925558
40	100	36	29	0.09788450832925558
40	100	36	60	0.04672259672768597
40	100	36	68	0.04217147543949073
40	100	36	72	0.04217147543949073
40	100	36	42	0.04217147543949073
40	100	36	76	0.04217147543949073
40	100	36	67	0.04217147543949073
40	100	36	92	0.04217147543949073
40	100	36	4	0.04217147543949073
40	100	36	90	0.04217147543949073
40	100	36	11	0.04217147543949073
40	100	36	5	0.04217147543949073
40	100	36	99	0.04217147543949073
40	100	36	8	0.008851942973532404
40	100	36	3	0.03136798964420135
40	100	36	44	0.03136798964420135
40	100	36	24	0.025795858868605005
40	100	37	29	0.100800060036993
40	100	37	23	0.100800060036993
40	100	37	0	0.100800060036993
40	100	37	72	0.100800060036993
40	100	37	7	0.100800060036993
40	100	37	74	0.100800060036993
40	100	37	54	0.100800060036993
40	100	37	42	0.100800060036993
40	100	37	61	0.100800060036993
40	100	37	22	0.100800060036993
40	100	37	66	0.100800060036993
40	100	37	70	0.100800060036993
40	100	37	90	0.100800060036993
40	100	37	77	0.100800060036993
40	100	37	8	0.03156034319857929
40	100	37	80	0.03156034319857929
40	100	37	86	0.03156034319857929
40	100	37	99	0.010602957165650769
40	100	37	98	0.010602957165650769
40	100	37	76	0.010602957165650769
40	100	37	38	0.03156034319857929
40	100	37	10	0.03156034319857929
40	100	38	0	0.4832714999873329
40	100	38	29	0.24459718666245273
40	100	38	74	0.24459718666245273
40	100	38	23	0.24459718666245273
40	100	38	66	0.03576381738440832
40	100	38	77	0.03576381738440832
40	100	38	93	0.02669384058513603
40	100	38	20	0.04157509028242681
40	100	38	11	0.04157509028242681
40	100	38	5	0.04157509028242681
40	100	38	76	0.04157509028242681
40	100	38	61	0.04157509028242681
40	100	38	9	0.01762947003986239
40	100	38	94	0.025575526768673248
40	100	38	58	0.025575526768673248
40	100	38	38	0.025575526768673248
40	100	38	87	0.022172117514453214
40	100	38	84	0.01762947003986239
40	100	38	3	0.01762947003986239
40	100	38	73	0.022172117514453214
40	100	38	44	0.022172117514453214
40	100	38	62	0.022172117514453214
40	100	39	0	0.5974303569396041
40	100	39	5	0.04818053624806787
40	100	39	23	0.22728802443936588
40	100	39	74	0.22728802443936588
40	100	39	29	0.22728802443936588
40	100	39	66	0.04818053624806787
40	100	39	58	0.04818053624806787
40	100	39	20	0.04818053624806787
40	100	39	60	0.015439799309137442
40	100	39	9	0.04818053624806787
40	100	39	93	0.04818053624806787
40	100	39	10	0.01892638705835836
40	100	39	55	0.01892638705835836
40	100	39	13	0.01892638705835836
40	100	39	11	0.015439799309137442
40	100	39	83	0.015439799309137442
40	100	39	4	0.014348169667673482
40	100	39	3	0.014348169667673482
40	100	39	61	0.015439799309137442
40	100	39	76	0.015439799309137442
40	100	39	44	0.015439799309137442
40	100	39	99	0.015439799309137442
40	100	40	0	0.42076894008989413
40	100	40	66	0.13993077249561636
40	100	40	62	0.05168498636303802
40	100	40	44	0.05168498636303802
40	100	40	11	0.05168498636303802
40	100	40	90	0.05168498636303802
40	100	40	29	0.05168498636303802
40	100	40	4	0.05168498636303802
40	100	40	92	0.024183007583572596
40	100	40	18	0.024183007583572596
40	100	40	20	0.024183007583572596
40	100	40	7	0.024183007583572596
40	100	40	5	0.024183007583572596
40	100	40	3	0.024183007583572596
40	100	40	9	0.024183007583572596
40	100	40	10	0.020441872755481486
40	100	40	87	0.024183007583572596
40	100	40	45	0.024183007583572596
40	100	40	58	0.024183007583572596
40	100	40	21	0.024183007583572596
40	100	40	51	0.024183007583572596
40	100	41	18	0.07115665129381678
40	100	41	74	0.2562638984317951
40	100	41	23	0.2562638984317951
40	100	41	29	0.07115665129381678
40	100	41	94	0.07115665129381678
40	100	41	1	0.026574151205013833
40	100	41	53	0.026574151205013833
40	100	41	99	0.026574151205013833
40	100	41	11	0.026574151205013833
40	100	41	0	0.026574151205013833
40	100	41	57	0.026574151205013833
40	100	41	77	0.026574151205013833
40	100	41	45	0.026574151205013833
40	100	41	12	0.026574151205013833
40	100	41	2	0.026574151205013833
40	100	41	9	0.026574151205013833
40	100	41	83	0.026574151205013833
40	100	41	36	0.026574151205013833
40	100	41	7	0.026574151205013833
40	100	41	10	0.026574151205013833
40	100	41	5	0.009475653883449954
40	100	42	0	0.3038377583798405
40	100	42	93	0.17441342534630372
40	100	42	29	0.17441342534630372
40	100	42	38	0.15860856157574643
40	100	42	74	0.034990735444356984
40	100	42	73	0.034990735444356984
40	100	42	20	0.034990735444356984
40	100	42	44	0.034990735444356984
40	100	42	30	0.034990735444356984
40	100	42	87	0.03214757320261496
40	100	42	5	0.03214757320261496
40	100	42	3	0.03214757320261496
40	100	42	13	0.03214757320261496
40	100	42	7	0.03214757320261496
40	100	42	18	0.01964773852240459
40	100	42	23	0.022706393899173755
40	100	42	9	0.022706393899173755
40	100	42	92	0.011612279200962652
40	100	42	75	0.011612279200962652
40	100	42	11	0.011612279200962652
40	100	43	99	0.06303839592963384
40	100	43	23	0.1273764833391569
40	100	43	74	0.1273764833391569
40	100	43	11	0.06303839592963384
40	100	43	0	0.06303839592963384
40	100	43	36	0.06303839592963384
40	100	43	29	0.06303839592963384
40	100	43	4	0.06303839592963384
40	100	43	96	0.06303839592963384
40	100	43	87	0.06303839592963384
40	100	43	66	0.06303839592963384
40	100	43	51	0.06303839592963384
40	100	43	83	0.06303839592963384
40	100	43	19	0.06303839592963384
40	100	43	77	0.06303839592963384
40	100	43	68	0.06303839592963384
40	100	43	94	0.06303839592963384
40	100	43	46	0.01176591726281202
40	100	43	9	0.01176591726281202
40	100	43	40	0.007703077232907752
40	100	44	0	0.44839846854907894
40	100	44	29	0.10130040998496702
40	100	44	74	0.10130040998496702
40	100	44	23	0.10130040998496702
40	100	44	66	0.10130040998496702
40	100	44	44	0.10130040998496702
40	100	44	20	0.03343452045890871
40	100	44	94	0.03343452045890871
40	100	44	4	0.019304836776311805
40	100	44	18	0.022536082451804988
40	100	44	76	0.014061697913684243
40	100	44	90	0.022536082451804988
40	100	44	69	0.022536082451804988
40	100	44	9	0.022536082451804988
40	100	44	5	0.022536082451804988
40	100	44	98	0.014061697913684243
40	100	44	70	0.0008611728665051512
40	100	44	11	0.014061697913684243
40	100	44	3	0.014061697913684243
40	100	44	7	0.014061697913684243
40	100	44	60	0.014061697913684243
40	100	45	74	0.10105453283498558
40	100	45	23	0.10105453283498558
40	100	45	4	0.10105453283498558
40	100	45	0	0.10105453283498558
40	100	45	20	0.10105453283498558
40	100	45	29	0.10105453283498558
40	100	45	98	0.032814424952052515
40	100	45	90	0.032814424952052515
40	100	45	18	0.032814424952052515
40	100	45	69	0.032814424952052515
40	100	45	99	0.030347725175059105
40	100	45	70	0.030347725175059105
40	100	45	62	0.032814424952052515
40	100	45	45	0.032814424952052515
40	100	45	57	0.032814424952052515
40	100	45	46	0.032814424952052515
40	100	45	44	0.030347725175059105
40	100	45	51	0.030347725175059105
40	100	45	60	0.030347725175059105
40	100	45	61	0.030347725175059105
40	100	45	50	0.030347725175059105
40	100	45	37	0.0253142533572126
40	100	45	58	0.0253142533572126
40	100	45	8	0.01369384204096513
40	100	46	0	0.1656463878697597
40	100	46	60	0.08678975065973796
40	100	46	38	0.07084911773837439
40	100	46	3	0.07084911773837439
40	100	46	29	0.07084911773837439
40	100	46	94	0.07084911773837439
40	100	46	98	0.07084911773837439
40	100	46	74	0.07084911773837439
40	100	46	77	0.07084911773837439
40	100	46	83	0.07084911773837439
40	100	46	66	0.02874916206963664
40	100	46	23	0.07084911773837439
40	100	46	10	0.07084911773837439
40	100	46	99	0.07084911773837439
40	100	46	69	0.07084911773837439
40	100	46	18	0.07084911773837439
40	100	46	78	0.01069860020029522
40	100	46	76	0.02874916206963664
40	100	46	20	0.02874916206963664
40	100	46	13	0.01069860020029522
40	100	47	0	0.3383188340423504
40	100	47	66	0.22186979528488698
40	100	47	98	0.22186979528488698
40	100	47	7	0.06894757492752356
40	100	47	55	0.06894757492752356
40	100	47	69	0.06894757492752356
40	100	47	60	0.018702393814094977
40	100	47	94	0.06894757492752356
40	100	47	73	0.06894757492752356
40	100	47	93	0.03212788734139476
40	100	47	4	0.018702393814094977
40	100	47	18	0.018702393814094977
40	100	47	37	0.018702393814094977
40	100	47	87	0.018702393814094977
40	100	47	90	0.018702393814094977
40	100	47	67	0.018702393814094977
40	100	47	96	0.018702393814094977
40	100	47	10	0.018702393814094977
40	100	47	3	0.0011149931237626786
40	100	47	20	0.00880861412095993
40	100	47	48	0.00880861412095993
40	100	48	98	0.14401496026783844
40	100	48	29	0.14318836578337088
40	100	48	66	0.14318836578337088
40	100	48	74	0.14318836578337088
40	100	48	23	0.14318836578337088
40	100	48	12	0.14268683184634304
40	100	48	47	0.14268683184634304
40	100	48	83	0.14268683184634304
40	100	48	55	0.06570794062431423
40	100	48	72	0.06570794062431423
40	100	48	42	0.06570794062431423
40	100	48	90	0.06570794062431423
40	100	48	70	0.06570794062431423
40	100	48	73	0.06570794062431423
40	100	48	40	0.06570794062431423
40	100	48	54	0.06570794062431423
40	100	48	22	0.06570794062431423
40	100	48	2	0.06570794062431423
40	100	48	95	0.06570794062431423
40	100	48	37	0.015626155134099887
40	100	49	0	0.7357362192164826
40	100	49	55	0.04448155572940788
40	100	49	3	0.04251851711623314
40	100	49	60	0.034407031892015
40	100	49	99	0.034407031892015
40	100	49	22	0.034407031892015
40	100	49	11	0.034407031892015
40	100	49	44	0.034407031892015
40	100	49	4	0.030474818552191977
40	100	49	76	0.030474818552191977
40	100	49	18	0.030474818552191977
40	100	49	9	0.030474818552191977
40	100	49	5	0.030474818552191977
40	100	49	69	0.01773787986637118
40	100	49	73	0.01773787986637118
40	100	49	38	0.030474818552191977
40	100	49	64	0.030474818552191977
40	100	49	90	0.005701990382145163
40	100	49	51	0.030474818552191977
40	100	49	74	0.030474818552191977
40	100	49	29	0.030474818552191977
40	100	49	23	0.030474818552191977
40	100	50	0	0.4032886599473265
40	100	50	66	0.2956711412561739
40	100	50	51	0.07542102366339436
40	100	50	74	0.24312687800214267
40	100	50	29	0.24312687800214267
40	100	50	23	0.24312687800214267
40	100	50	94	0.03291056050831192
40	100	50	5	0.03291056050831192
40	100	50	20	0.03291056050831192
40	100	50	9	0.03291056050831192
40	100	50	90	0.03291056050831192
40	100	50	44	0.03291056050831192
40	100	50	70	0.03291056050831192
40	100	50	98	0.018664411410070827
40	100	50	42	0.01131067634838365
40	100	50	72	0.01131067634838365
40	100	50	62	0.01131067634838365
40	100	50	60	0.01131067634838365
40	100	50	4	0.0034001744306155195
40	100	50	45	0.009839482536440111
40	100	50	68	0.009839482536440111
40	100	51	38	0.07550177816927196
40	100	51	74	0.05654696268876646
40	100	51	5	0.07550177816927196
40	100	51	20	0.07550177816927196
40	100	51	0	0.05654696268876646
40	100	51	77	0.03551533890182622
40	100	51	10	0.03551533890182622
40	100	51	23	0.05654696268876646
40	100	51	29	0.05654696268876646
40	100	51	44	0.05654696268876646
40	100	51	54	0.017441261490483136
40	100	51	57	0.05654696268876646
40	100	51	45	0.05654696268876646
40	100	51	72	0.05654696268876646
40	100	51	42	0.05654696268876646
40	100	51	9	0.03551533890182622
40	100	51	90	0.017441261490483136
40	100	51	76	0.017441261490483136
40	100	51	22	0.017441261490483136
40	100	51	11	0.005661686304042252
40	100	52	0	0.3351632756897542
40	100	52	66	0.1454227014511222
40	100	52	98	0.02851137369439549
40	100	52	23	0.1454227014511222
40	100	52	74	0.1454227014511222
40	100	52	29	0.1454227014511222
40	100	52	11	0.02851137369439549
40	100	52	94	0.02851137369439549
40	100	52	62	0.013307350882241909
40	100	52	76	0.013307350882241909
40	100	52	99	0.013307350882241909
40	100	52	3	0.013307350882241909
40	100	52	4	0.013307350882241909
40	100	52	9	0.013307350882241909
40	100	52	83	0.013307350882241909
40	100	52	20	0.013307350882241909
40	100	52	61	0.013307350882241909
40	100	52	60	0.013307350882241909
40	100	52	54	0.013307350882241909
40	100	52	77	0.004904812288528841
40	100	53	0	0.3309435163784226
40	100	53	29	0.1797289586401654
40	100	53	66	0.17678739007270022
40	100	53	94	0.12178795743346131
40	100	53	3	0.05748770988834173
40	100	53	11	0.055822078314340294
40	100	53	10	0.048763113362262016
40	100	53	67	0.055822078314340294
40	100	53	4	0.055822078314340294
40	100	53	13	0.048763113362262016
40	100	53	98	0.02447891279175649
40	100	53	70	0.02447891279175649
40	100	53	74	0.02447891279175649
40	100	53	48	0.02447891279175649
40	100	53	76	0.02447891279175649
40	100	53	18	0.02447891279175649
40	100	53	54	0.02042076405858636
40	100	53	62	0.02447891279175649
40	100	53	39	0.02042076405858636
40	100	53	9	0.02447891279175649
40	100	53	5	0.02447891279175649
40	100	53	23	0.02447891279175649
40	100	54	0	0.24975099300475
40	100	54	23	0.24975099300475
40	100	54	29	0.24975099300475
40	100	54	74	0.24975099300475
40	100	54	96	0.10859564411905528
40	100	54	20	0.06462475956710877
40	100	54	70	0.06462475956710877
40	100	54	98	0.06462475956710877
40	100	54	24	0.04987958550655477
40	100	54	68	0.06462475956710877
40	100	54	38	0.06462475956710877
40	100	54	40	0.04987958550655477
40	100	54	84	0.04987958550655477
40	100	54	9	0.04987958550655477
40	100	54	5	0.04987958550655477
40	100	54	10	0.008503288410760448
40	100	54	90	0.04987958550655477
40	100	54	72	0.04987958550655477
40	100	54	60	0.008503288410760448
40	100	54	94	0.008503288410760448
40	100	54	64	0.04987958550655477
40	100	54	42	0.04987958550655477
40	100	54	8	0.04987958550655477
40	100	55	0	0.28286891637718053
40	100	55	98	0.21936246504622325
40	100	55	51	0.21936246504622325
40	100	55	90	0.21936246504622325
40	100	55	70	0.21936246504622325
40	100	55	29	0.11012688384946068
40	100	55	65	0.11012688384946068
40	100	55	84	0.11012688384946068
40	100	55	66	0.05241345021960845
40	100	55	86	0.0466244867926395
40	100	55	20	0.0466244867926395
40	100	55	80	0.0466244867926395
40	100	55	8	0.0466244867926395
40	100	55	74	0.0466244867926395
40	100	55	23	0.0466244867926395
40	100	55	4	0.0466244867926395
40	100	55	3	0.0466244867926395
40	100	55	76	0.0466244867926395
40	100	55	24	0.007576678055827541
40	100	55	59	0.033611572864782883
40	100	55	7	0.033611572864782883
40	100	56	61	0.16968557445392357
40	100	56	55	0.16968557445392357
40	100	56	13	0.16968557445392357
40	100	56	18	0.16968557445392357
40	100	56	48	0.16968557445392357
40	100	56	69	0.16968557445392357
40	100	56	15	0.16968557445392357
40	100	56	12	0.16968557445392357
40	100	56	53	0.16968557445392357
40	100	56	20	0.16968557445392357
40	100	56	45	0.09242391864036867
40	100	56	7	0.08772548627827705
40	100	56	43	0.06286072594199893
40	100	56	28	0.033568036994094934
40	100	56	97	0.04952148049484807
40	100	56	10	0.04952148049484807
40	100	56	5	0.024280500102779927
40	100	56	46	0.021813456884858314
40	100	56	11	0.021813456884858314
40	100	56	58	0.021813456884858314
40	100	57	0	0.39614983764318124
40	100	57	61	0.029565692590189478
40	100	57	74	0.029565692590189478
40	100	57	23	0.029565692590189478
40	100	57	29	0.029565692590189478
40	100	57	66	0.029565692590189478
40	100	57	11	0.029565692590189478
40	100	57	44	0.029565692590189478
40	100	57	4	0.020727335523501943
40	100	57	98	0.020727335523501943
40	100	57	9	0.01926112621702643
40	100	57	90	0.01926112621702643
40	100	57	62	0.01926112621702643
40	100	57	46	0.015495266539771754
40	100	57	94	0.015495266539771754
40	100	57	99	0.0017794559052384273
40	100	57	58	0.015495266539771754
40	100	57	57	0.015495266539771754
40	100	57	70	0.00722097139801466
40	100	57	73	0.00722097139801466
40	100	57	42	0.00722097139801466
40	100	58	0	0.5899672544531825
40	100	58	94	0.07550035583544089
40	100	58	66	0.07550035583544089
40	100	58	29	0.07550035583544089
40	100	58	5	0.07098522385709814
40	100	58	10	0.07098522385709814
40	100	58	23	0.07098522385709814
40	100	58	74	0.07098522385709814
40	100	58	42	0.02859663525673744
40	100	58	44	0.07098522385709814
40	100	58	8	0.07098522385709814
40	100	58	11	0.021491497954711038
40	100	58	72	0.02859663525673744
40	100	58	62	0.02859663525673744
40	100	58	51	0.02859663525673744
40	100	58	21	0.02859663525673744
40	100	58	96	0.02859663525673744
40	100	58	34	0.02859663525673744
40	100	58	3	0.007351209063560812
40	100	58	9	0.007351209063560812
40	100	59	29	0.12069451196067188
40	100	59	0	0.12069451196067188
40	100	59	67	0.11270528733762819
40	100	59	98	0.11270528733762819
40	100	59	62	0.05902506788605951
40	100	59	10	0.05902506788605951
40	100	59	69	0.04978071416580509
40	100	59	13	0.05902506788605951
40	100	59	84	0.05902506788605951
40	100	59	66	0.05902506788605951
40	100	59	11	0.015653819877380182
40	100	59	23	0.05902506788605951
40	100	59	74	0.05902506788605951
40	100	59	38	0.05902506788605951
40	100	59	87	0.05902506788605951
40	100	59	72	0.05902506788605951
40	100	59	42	0.05902506788605951
40	100	59	7	0.05902506788605951
40	100	59	77	0.05902506788605951
40	100	59	61	0.005545947229911677
40	100	60	0	0.289942348079822
40	100	60	61	0.289942348079822
40	100	60	44	0.289942348079822
40	100	60	49	0.1796199237052266
40	100	60	74	0.05712662769937669
40	100	60	24	0.09270240307196591
40	100	60	27	0.09270240307196591
40	100	60	58	0.09270240307196591
40	100	60	90	0.053082979018371605
40	100	60	23	0.05712662769937669
40	100	60	29	0.05712662769937669
40	100	60	38	0.053082979018371605
40	100	60	10	0.053082979018371605
40	100	60	60	0.053082979018371605
40	100	60	70	0.053082979018371605
40	100	60	3	0.053082979018371605
40	100	60	13	0.053082979018371605
40	100	60	84	0.043883119888673904
40	100	60	99	0.043883119888673904
40	100	60	83	0.009413808988391508
40	100	61	0	0.1000668870018101
40	100	61	29	0.09171783971784282
40	100	61	20	0.0868232184436299
40	100	61	98	0.0868232184436299
40	100	61	44	0.0868232184436299
40	100	61	23	0.0868232184436299
40	100	61	74	0.0868232184436299
40	100	61	9	0.0868232184436299
40	100	61	77	0.043867119209842334
40	100	61	15	0.043867119209842334
40	100	61	84	0.024344295143522456
40	100	61	3	0.024344295143522456
40	100	61	8	0.024344295143522456
40	100	61	94	0.022886086229130322
40	100	61	72	0.022886086229130322
40	100	61	42	0.022886086229130322
40	100	61	61	0.022886086229130322
40	100	61	99	0.022886086229130322
40	100	61	16	0.019682162121839045
40	100	61	68	0.019682162121839045
40	100	62	3	0.12553972542957897
40	100	62	0	0.12553972542957897
40	100	62	74	0.12553972542957897
40	100	62	4	0.12553972542957897
40	100	62	11	0.12553972542957897
40	100	62	83	0.08951886460657908
40	100	62	29	0.12553972542957897
40	100	62	23	0.12553972542957897
40	100	62	13	0.056102905569754155
40	100	62	10	0.056102905569754155
40	100	62	99	0.03478853525024291
40	100	62	76	0.03478853525024291
40	100	62	62	0.056102905569754155
40	100	62	8	0.056102905569754155
40	100	62	84	0.03478853525024291
40	100	62	1	0.006653341951086531
40	100	62	22	0.03478853525024291
40	100	62	54	0.03478853525024291
40	100	62	20	0.023495234206797954
40	100	62	68	0.023495234206797954
40	100	62	64	0.023495234206797954
40	100	63	0	0.08770897023211936
40	100	63	66	0.07360034361794915
40	100	63	94	0.07360034361794915
40	100	63	40	0.031222927417418146
40	100	63	92	0.031222927417418146
40	100	63	61	0.02154385368215827
40	100	63	4	0.031222927417418146
40	100	63	7	0.031222927417418146
40	100	63	95	0.021101832564448083
40	100	63	87	0.02154385368215827
40	100	63	55	0.031222927417418146
40	100	63	93	0.031222927417418146
40	100	63	9	0.031222927417418146
40	100	63	74	0.031222927417418146
40	100	63	23	0.031222927417418146
40	100	63	29	0.031222927417418146
40	100	63	5	0.031222927417418146
40	100	63	10	0.031222927417418146
40	100	63	69	0.031222927417418146
40	100	63	13	0.031222927417418146
40	100	64	93	0.09577976652591111
40	100	64	74	0.09577976652591111
40	100	64	23	0.09577976652591111
40	100	64	29	0.09577976652591111
40	100	64	77	0.055001597028254856
40	100	64	0	0.055001597028254856
40	100	64	94	0.055001597028254856
40	100	64	20	0.055001597028254856
40	100	64	10	0.055001597028254856
40	100	64	13	0.055001597028254856
40	100	64	44	0.055001597028254856
40	100	64	15	0.04833125143566206
40	100	64	7	0.04833125143566206
40	100	64	98	0.04833125143566206
40	100	64	11	0.04833125143566206
40	100	64	83	0.04833125143566206
40	100	64	84	0.04833125143566206
40	100	64	51	0.04833125143566206
40	100	64	90	0.04833125143566206
40	100	64	52	0.04833125143566206
40	100	64	70	0.004798549496313486
40	100	64	18	0.019704144953894002
40	100	65	66	0.1276441667009463
40	100	65	10	0.1276441667009463
40	100	65	3	0.07205468251313654
40	100	65	11	0.07205468251313654
40	100	65	4	0.07205468251313654
40	100	65	61	0.05159656538092315
40	100	65	24	0.05159656538092315
40	100	65	69	0.027862914860464993
40	100	65	18	0.027862914860464993
40	100	65	5	0.027862914860464993
40	100	65	30	0.027862914860464993
40	100	65	1	0.020371574748049164
40	100	65	20	0.027862914860464993
40	100	65	83	0.027862914860464993
40	100	65	23	0.027862914860464993
40	100	65	74	0.027862914860464993
40	100	65	62	0.027862914860464993
40	100	65	29	0.027862914860464993
40	100	65	92	0.015862116519182498
40	100	65	98	0.015362835360871517
40	100	66	0	0.21693634164417758
40	100	66	20	0.055634961159385404
40	100	66	29	0.09059126263417215
40	100	66	23	0.09059126263417215
40	100	66	74	0.09059126263417215
40	100	66	66	0.09059126263417215
40	100	66	98	0.06122695501722386
40	100	66	99	0.034425780791693485
40	100	66	44	0.023298803246876266
40	100	66	76	0.023298803246876266
40	100	66	83	0.023298803246876266
40	100	66	60	0.023298803246876266
40	100	66	87	0.023298803246876266
40	100	66	43	0.010188886305008799
40	100	66	94	0.010188886305008799
40	100	66	9	0.010188886305008799
40	100	66	5	0.010188886305008799
40	100	66	36	0.0004902097461889078
40	100	66	54	0.00963183687089176
40	100	66	67	0.00963183687089176
40	100	66	22	0.00963183687089176
40	100	67	0	0.2925584770033482
40	100	67	29	0.2260145005304327
40	100	67	94	0.10016838344569713
40	100	67	44	0.10016838344569713
40	100	67	87	0.03962583173945486
40	100	67	5	0.03237061563476344
40	100	67	35	0.03962583173945486
40	100	67	95	0.03237061563476344
40	100	67	9	0.03237061563476344
40	100	67	92	0.03962583173945486
40	100	67	16	0.03962583173945486
40	100	67	17	0.03962583173945486
40	100	67	93	0.024936164373307344
40	100	67	74	0.01488731941450084
40	100	67	53	0.01488731941450084
40	100	67	38	0.01488731941450084
40	100	67	23	0.01348409990462999
40	100	67	66	0.011568728983671431
40	100	67	70	0.011568728983671431
40	100	67	21	0.00549870796806283
40	100	67	24	0.00549870796806283
40	100	68	0	0.326259098454866
40	100	68	66	0.326259098454866
40	100	68	11	0.06589093328395651
40	100	68	29	0.06589093328395651
40	100	68	13	0.047098750574403166
40	100	68	74	0.04028013703315612
40	100	68	76	0.0382108243736855
40	100	68	90	0.0382108243736855
40	100	68	5	0.04028013703315612
40	100	68	45	0.04028013703315612
40	100	68	57	0.04028013703315612
40	100	68	4	0.03575362878245731
40	100	68	44	0.03575362878245731
40	100	68	9	0.03575362878245731
40	100	68	54	0.03287273311824636
40	100	68	3	0.03575362878245731
40	100	68	8	0.03575362878245731
40	100	68	69	0.03287273311824636
40	100	68	22	0.03287273311824636
40	100	68	72	0.007639358582482182
40	100	69	0	0.18175554782001654
40	100	69	66	0.10660828754801617
40	100	69	94	0.06366097465620564
40	100	69	98	0.06366097465620564
40	100	69	3	0.06366097465620564
40	100	69	29	0.06366097465620564
40	100	69	74	0.06366097465620564
40	100	69	4	0.06366097465620564
40	100	69	76	0.06366097465620564
40	100	69	11	0.06366097465620564
40	100	69	10	0.02755845523264448
40	100	69	44	0.06366097465620564
40	100	69	23	0.06366097465620564
40	100	69	9	0.04611312143061665
40	100	69	24	0.04611312143061665
40	100	69	5	0.024498397900117538
40	100	69	90	0.024498397900117538
40	100	69	18	0.012968058223550146
40	100	69	7	0.006371883103941216
40	100	69	87	0.009891069438894902
40	100	69	20	0.009891069438894902
40	100	69	51	0.009891069438894902
40	100	70	0	0.15088765811460944
40	100	70	44	0.15088765811460944
40	100	70	7	0.0351402375232581
40	100	70	23	0.07744328132858498
40	100	70	29	0.07744328132858498
40	100	70	74	0.0351402375232581
40	100	70	8	0.0351402375232581
40	100	70	45	0.0351402375232581
40	100	70	66	0.0351402375232581
40	100	70	10	0.0351402375232581
40	100	70	57	0.0351402375232581
40	100	70	94	0.0351402375232581
40	100	70	46	0.0351402375232581
40	100	70	67	0.02526752881965874
40	100	70	42	0.021807403431683057
40	100	70	72	0.021807403431683057
40	100	70	76	0.02526752881965874
40	100	70	62	0.02526752881965874
40	100	70	54	0.022635705737867558
40	100	70	96	0.00792369575448271
40	100	70	13	0.021807403431683057
40	100	71	0	0.12874306374934552
40	100	71	29	0.11970272804163888
40	100	71	92	0.11970272804163888
40	100	71	23	0.11970272804163888
40	100	71	74	0.11970272804163888
40	100	71	66	0.11970272804163888
40	100	71	51	0.029189490233579418
40	100	71	60	0.11970272804163888
40	100	71	94	0.11970272804163888
40	100	71	98	0.11970272804163888
40	100	71	83	0.11970272804163888
40	100	71	11	0.0314194249800937
40	100	71	3	0.0314194249800937
40	100	71	7	0.029189490233579418
40	100	71	42	0.029189490233579418
40	100	71	68	0.009201773905499248
40	100	71	4	0.009201773905499248
40	100	71	43	0.009201773905499248
40	100	71	70	0.029189490233579418
40	100	71	90	0.029189490233579418
40	100	71	72	0.029189490233579418
40	100	71	50	0.029189490233579418
40	100	71	9	0.0028894399606345976
40	100	72	0	0.6028982764053912
40	100	72	44	0.17742455765337
40	100	72	66	0.17742455765337
40	100	72	74	0.17742455765337
40	100	72	61	0.17742455765337
40	100	72	62	0.11609307839635337
40	100	72	29	0.17742455765337
40	100	72	23	0.17742455765337
40	100	72	20	0.17742455765337
40	100	72	60	0.17742455765337
40	100	72	83	0.11609307839635337
40	100	72	92	0.11609307839635337
40	100	72	45	0.11609307839635337
40	100	72	46	0.11609307839635337
40	100	72	7	0.11609307839635337
40	100	72	5	0.11609307839635337
40	100	72	9	0.11609307839635337
40	100	72	98	0.01806868386624329
40	100	72	38	0.11609307839635337
40	100	72	70	0.11609307839635337
40	100	72	96	0.11609307839635337
40	100	73	66	0.16860048989355192
40	100	73	38	0.12002663013362216
40	100	73	23	0.1570911432307792
40	100	73	74	0.1570911432307792
40	100	73	29	0.1570911432307792
40	100	73	20	0.0702561823213004
40	100	73	0	0.0702561823213004
40	100	73	69	0.05229524809353896
40	100	73	94	0.0702561823213004
40	100	73	80	0.0702561823213004
40	100	73	86	0.0702561823213004
40	100	73	89	0.0702561823213004
40	100	73	73	0.0702561823213004
40	100	73	79	0.0702561823213004
40	100	73	33	0.0702561823213004
40	100	73	87	0.01177346354152553
40	100	73	18	0.024732726250370894
40	100	73	92	0.024732726250370894
40	100	73	77	0.016979819571917767
40	100	73	61	0.016979819571917767
40	100	74	0	0.3863893521208188
40	100	74	29	0.07261659498126398
40	100	74	9	0.07194003048418643
40	100	74	18	0.07194003048418643
40	100	74	69	0.07194003048418643
40	100	74	5	0.043673231228656406
40	100	74	51	0.043673231228656406
40	100	74	20	0.043673231228656406
40	100	74	84	0.043673231228656406
40	100	74	23	0.043673231228656406
40	100	74	74	0.043673231228656406
40	100	74	92	0.01591732650410827
40	100	74	60	0.030491284281320002
40	100	74	76	0.030491284281320002
40	100	74	55	0.01591732650410827
40	100	74	54	0.01591732650410827
40	100	74	44	0.01591732650410827
40	100	74	8	0.01591732650410827
40	100	74	11	0.012222179005158188
40	100	74	66	0.012222179005158188
40	100	75	0	0.3477192060666607
40	100	75	5	0.32849343214344245
40	100	75	60	0.1705994408438829
40	100	75	93	0.1705994408438829
40	100	75	23	0.1705994408438829
40	100	75	74	0.1705994408438829
40	100	75	9	0.15004076188154816
40	100	75	95	0.06423156705033556
40	100	75	10	0.06423156705033556
40	100	75	17	0.06423156705033556
40	100	75	57	0.06423156705033556
40	100	75	45	0.06423156705033556
40	100	75	11	0.04624307299415972
40	100	75	20	0.04624307299415972
40	100	75	13	0.026769286186144253
40	100	75	61	0.04622617870535315
40	100	75	46	0.04622617870535315
40	100	75	84	0.04622617870535315
40	100	75	97	0.008137054526434094
40	100	75	86	0.011984278073650994
40	100	75	92	0.011984278073650994
40	100	75	98	0.011984278073650994
40	100	76	0	0.18426240062794466
40	100	76	29	0.18426240062794466
40	100	76	66	0.13342354185636923
40	100	76	38	0.13342354185636923
40	100	76	74	0.18426240062794466
40	100	76	23	0.18426240062794466
40	100	76	77	0.08589944524032196
40	100	76	93	0.05885116587833394
40	100	76	51	0.030640435498310515
40	100	76	20	0.030640435498310515
40	100	76	90	0.030640435498310515
40	100	76	11	0.02263653688164079
40	100	76	3	0.02263653688164079
40	100	76	70	0.011818857004733485
40	100	76	4	0.013933533022086471
40	100	76	94	0.013933533022086471
40	100	76	83	0.013933533022086471
40	100	76	5	0.013933533022086471
40	100	76	10	0.013933533022086471
40	100	76	98	0.011818857004733485
40	100	76	9	0.011818857004733485
40	100	76	72	0.011818857004733485
40	100	76	42	0.011818857004733485
40	100	77	0	0.1787475027990217
40	100	77	8	0.1787475027990217
40	100	77	29	0.1199577363859818
40	100	77	23	0.1199577363859818
40	100	77	74	0.1199577363859818
40	100	77	83	0.1199577363859818
40	100	77	57	0.004520399517551977
40	100	77	77	0.026808430853912532
40	100	77	38	0.026808430853912532
40	100	77	10	0.026808430853912532
40	100	77	11	0.026808430853912532
40	100	77	9	0.026808430853912532
40	100	77	5	0.02452389260592528
40	100	77	4	0.02452389260592528
40	100	77	3	0.02452389260592528
40	100	77	1	0.014555540071199927
40	100	77	13	0.014555540071199927
40	100	77	14	0.005403962977073111
40	100	77	18	0.005403962977073111
40	100	77	44	0.004520399517551977
40	100	77	45	0.004520399517551977
40	100	78	0	0.5255132287364139
40	100	78	76	0.02913287033099325
40	100	78	29	0.059963814208171956
40	100	78	3	0.059963814208171956
40	100	78	83	0.025782993641361086
40	100	78	22	0.025782993641361086
40	100	78	93	0.02913287033099325
40	100	78	62	0.022622449343422266
40	100	78	20	0.022622449343422266
40	100	78	87	0.008575151480620626
40	100	78	66	0.02913287033099325
40	100	78	23	0.02913287033099325
40	100	78	74	0.02913287033099325
40	100	78	42	0.02913287033099325
40	100	78	72	0.02913287033099325
40	100	78	10	0.02913287033099325
40	100	78	9	0.025782993641361086
40	100	78	5	0.025782993641361086
40	100	78	24	0.007543779046461709
40	100	78	8	0.00430340408226942
40	100	78	70	0.007543779046461709
40	100	78	48	0.007543779046461709
40	100	79	0	0.4286171223377455
40	100	79	74	0.07689887783248466
40	100	79	66	0.06304194384599467
40	100	79	29	0.06072578490967168
40	100	79	23	0.06072578490967168
40	100	79	11	0.04850012325382607
40	100	79	4	0.028275795334971668
40	100	79	44	0.02283169025689075
40	100	79	10	0.02283169025689075
40	100	79	90	0.02283169025689075
40	100	79	94	0.02283169025689075
40	100	79	38	0.02283169025689075
40	100	79	9	0.02283169025689075
40	100	79	60	0.02283169025689075
40	100	79	61	0.02283169025689075
40	100	79	20	0.018101051575065637
40	100	79	72	0.018101051575065637
40	100	79	46	0.014461043594306897
40	100	79	8	0.014461043594306897
40	100	79	70	0.018101051575065637
40	100	79	42	0.018101051575065637
40	100	79	76	0.014461043594306897
40	100	79	7	0.014461043594306897
40	100	80	0	0.3724420634309769
40	100	80	66	0.14853599984253166
40	100	80	69	0.01792014027463714
40	100	80	23	0.14853599984253166
40	100	80	74	0.14853599984253166
40	100	80	29	0.14853599984253166
40	100	80	20	0.14853599984253166
40	100	80	3	0.01792014027463714
40	100	80	68	0.01792014027463714
40	100	80	24	0.01792014027463714
40	100	80	98	0.01792014027463714
40	100	80	76	0.01792014027463714
40	100	80	94	0.01792014027463714
40	100	80	5	0.01792014027463714
40	100	80	7	0.01792014027463714
40	100	80	54	0.01792014027463714
40	100	80	22	0.012204571532328349
40	100	80	11	0.008902300670967957
40	100	80	99	0.008219447262713188
40	100	80	77	0.0013763237409989452
40	100	81	0	0.2861688147992429
40	100	81	61	0.13933833067730556
40	100	81	66	0.13933833067730556
40	100	81	29	0.09434335781598366
40	100	81	60	0.07296623879416075
40	100	81	11	0.07296623879416075
40	100	81	4	0.07296623879416075
40	100	81	76	0.07296623879416075
40	100	81	1	0.07296623879416075
40	100	81	22	0.07296623879416075
40	100	81	3	0.07296623879416075
40	100	81	12	0.060926700300818135
40	100	81	72	0.012700313382414579
40	100	81	94	0.02692142343120942
40	100	81	68	0.02692142343120942
40	100	81	46	0.02692142343120942
40	100	81	74	0.02616203242294258
40	100	81	87	0.005425190261049673
40	100	81	42	0.012700313382414579
40	100	81	55	0.012700313382414579
40	100	81	90	0.012700313382414579
40	100	82	0	0.20530246481867642
40	100	82	11	0.07767910352018516
40	100	82	29	0.09034825471836959
40	100	82	98	0.09034825471836959
40	100	82	90	0.07767910352018516
40	100	82	94	0.07767910352018516
40	100	82	4	0.07767910352018516
40	100	82	3	0.07767910352018516
40	100	82	76	0.07767910352018516
40	100	82	70	0.07767910352018516
40	100	82	66	0.07767910352018516
40	100	82	54	0.07767910352018516
40	100	82	10	0.07767910352018516
40	100	82	22	0.07767910352018516
40	100	82	38	0.07767910352018516
40	100	82	62	0.005957911135209933
40	100	82	83	0.025304219091279653
40	100	82	52	0.025304219091279653
40	100	82	69	0.023732752932157035
40	100	82	13	0.023732752932157035
40	100	82	20	0.017529423196139805
40	100	83	0	0.47567977700466746
40	100	83	20	0.08639555945724889
40	100	83	74	0.1273543919521645
40	100	83	29	0.1273543919521645
40	100	83	23	0.1273543919521645
40	100	83	76	0.0206003149293309
40	100	83	60	0.08639555945724889
40	100	83	94	0.08639555945724889
40	100	83	61	0.038608949244288926
40	100	83	26	0.016620258197840583
40	100	83	11	0.014671381728142505
40	100	83	80	0.009288038607520985
40	100	83	96	0.009288038607520985
40	100	83	4	0.014671381728142505
40	100	83	98	0.014671381728142505
40	100	83	10	0.014671381728142505
40	100	83	69	0.008391912008209042
40	100	83	18	0.008391912008209042
40	100	83	8	0.008391912008209042
40	100	83	21	0.009288038607520985
40	100	83	81	0.009288038607520985
40	100	83	28	0.009288038607520985
40	100	83	59	0.009288038607520985
40	100	83	15	0.009288038607520985
40	100	83	50	0.009288038607520985
40	100	84	0	0.30289185846803296
40	100	84	94	0.30289185846803296
40	100	84	11	0.1364537324367853
40	100	84	4	0.1364537324367853
40	100	84	68	0.0581898985593765
40	100	84	51	0.0874647482418311
40	100	84	52	0.0874647482418311
40	100	84	93	0.0581898985593765
40	100	84	77	0.0581898985593765
40	100	84	35	0.0581898985593765
40	100	84	45	0.03744090021180604
40	100	84	57	0.03744090021180604
40	100	84	62	0.03744090021180604
40	100	84	20	0.03744090021180604
40	100	84	84	0.03744090021180604
40	100	84	99	0.03744090021180604
40	100	84	40	0.03744090021180604
40	100	84	5	0.03744090021180604
40	100	84	34	0.03744090021180604
40	100	84	96	0.03744090021180604
40	100	85	0	0.5166123915284484
40	100	85	74	0.2837301420748558
40	100	85	4	0.07840112496805295
40	100	85	66	0.07840112496805295
40	100	85	29	0.2837301420748558
40	100	85	23	0.2837301420748558
40	100	85	97	0.07444728915391344
40	100	85	5	0.07444728915391344
40	100	85	9	0.07444728915391344
40	100	85	51	0.07444728915391344
40	100	85	50	0.0213575863762504
40	100	85	84	0.0213575863762504
40	100	85	98	0.0213575863762504
40	100	85	49	0.014198877386865004
40	100	85	92	0.014198877386865004
40	100	85	83	0.0213575863762504
40	100	85	90	0.0213575863762504
40	100	85	76	0.0213575863762504
40	100	85	52	0.01806106307805422
40	100	85	95	0.01806106307805422
40	100	86	0	0.20685449340633844
40	100	86	9	0.17346495756779673
40	100	86	94	0.16902581878179745
40	100	86	37	0.08140160797745374
40	100	86	66	0.08140160797745374
40	100	86	87	0.08140160797745374
40	100	86	11	0.038331540964003326
40	100	86	92	0.04151398367763
40	100	86	38	0.015145370071994207
40	100	86	8	0.015145370071994207
40	100	86	23	0.04151398367763
40	100	86	74	0.04151398367763
40	100	86	29	0.04151398367763
40	100	86	98	0.04151398367763
40	100	86	18	0.04151398367763
40	100	86	99	0.04151398367763
40	100	86	62	0.0012204727800183396
40	100	86	5	0.015145370071994207
40	100	86	83	0.015145370071994207
40	100	86	10	0.015145370071994207
40	100	86	36	0.009552595227695367
40	100	87	0	0.4693616165199791
40	100	87	29	0.08196055130717685
40	100	87	74	0.07607718102986841
40	100	87	66	0.07063093245874623
40	100	87	23	0.07063093245874623
40	100	87	38	0.07063093245874623
40	100	87	99	0.07063093245874623
40	100	87	94	0.07063093245874623
40	100	87	11	0.03278846182584995
40	100	87	5	0.03278846182584995
40	100	87	90	0.03278846182584995
40	100	87	9	0.0203454341070067
40	100	87	62	0.0203454341070067
40	100	87	98	0.0203454341070067
40	100	87	51	0.019116195783408604
40	100	87	4	0.019116195783408604
40	100	87	7	0.019116195783408604
40	100	87	10	0.019116195783408604
40	100	87	3	0.019116195783408604
40	100	87	93	0.00972490340057418
40	100	88	0	0.4191909786659065
40	100	88	98	0.07476207452235803
40	100	88	66	0.13350504827047197
40	100	88	4	0.07476207452235803
40	100	88	23	0.13350504827047197
40	100	88	74	0.13350504827047197
40	100	88	29	0.13350504827047197
40	100	88	61	0.06475558739702493
40	100	88	20	0.06475558739702493
40	100	88	83	0.06475558739702493
40	100	88	9	0.01962444443915749
40	100	88	44	0.06475558739702493
40	100	88	5	0.013671226014462426
40	100	88	7	0.06475558739702493
40	100	88	68	0.06475558739702493
40	100	88	76	0.06475558739702493
40	100	88	62	0.013671226014462426
40	100	88	11	0.013671226014462426
40	100	88	84	0.00470602018657843
40	100	88	64	0.00470602018657843
40	100	89	0	0.4936441940504855
40	100	89	62	0.03159728392886152
40	100	89	29	0.05350288367481696
40	100	89	23	0.05350288367481696
40	100	89	74	0.05350288367481696
40	100	89	11	0.0406602317547155
40	100	89	20	0.03159728392886152
40	100	89	87	0.03159728392886152
40	100	89	10	0.03159728392886152
40	100	89	7	0.03159728392886152
40	100	89	76	0.03159728392886152
40	100	89	94	0.03159728392886152
40	100	89	3	0.03159728392886152
40	100	89	66	0.03159728392886152
40	100	89	9	0.03159728392886152
40	100	89	4	0.03159728392886152
40	100	89	93	0.03159728392886152
40	100	89	83	0.03159728392886152
40	100	89	84	0.0035963593484205046
40	100	89	43	0.0019144271998402084
40	100	90	0	0.34841928929413635
40	100	90	20	0.0983486751774607
40	100	90	23	0.11258609356915662
40	100	90	74	0.11258609356915662
40	100	90	29	0.11258609356915662
40	100	90	60	0.04466571721509573
40	100	90	69	0.04087508341918569
40	100	90	44	0.03667720833991045
40	100	90	51	0.033797064678044345
40	100	90	94	0.033797064678044345
40	100	90	87	0.033797064678044345
40	100	90	66	0.033797064678044345
40	100	90	18	0.033797064678044345
40	100	90	97	0.028628704291079197
40	100	90	46	0.033458625445356965
40	100	90	62	0.033458625445356965
40	100	90	3	0.033458625445356965
40	100	90	40	0.007148869177833267
40	100	90	10	0.033458625445356965
40	100	90	76	0.007148869177833267
40	100	90	45	0.033458625445356965
40	100	90	57	0.033458625445356965
40	100	91	0	0.2641302326539861
40	100	91	66	0.07974169496459003
40	100	91	44	0.07974169496459003
40	100	91	87	0.07974169496459003
40	100	91	92	0.07974169496459003
40	100	91	93	0.039246996843757105
40	100	91	94	0.05715055833520907
40	100	91	23	0.05715055833520907
40	100	91	74	0.05715055833520907
40	100	91	64	0.019071050367814382
40	100	91	24	0.019071050367814382
40	100	91	11	0.014809828013267596
40	100	91	77	0.014809828013267596
40	100	91	1	0.014809828013267596
40	100	91	14	0.014809828013267596
40	100	91	4	0.014809828013267596
40	100	91	69	0.014809828013267596
40	100	91	45	0.008788197733097048
40	100	91	10	0.008788197733097048
40	100	91	49	0.008788197733097048
40	100	92	0	0.31242118530388574
40	100	92	29	0.3012746463382317
40	100	92	66	0.1072081415964886
40	100	92	77	0.07195520663488385
40	100	92	44	0.07195520663488385
40	100	92	94	0.04643092350229772
40	100	92	40	0.022848084676880608
40	100	92	38	0.018158100856969527
40	100	92	74	0.057118982701878075
40	100	92	23	0.057118982701878075
40	100	92	69	0.057118982701878075
40	100	92	18	0.057118982701878075
40	100	92	11	0.0244940402959368
40	100	92	3	0.0244940402959368
40	100	92	5	0.0244940402959368
40	100	92	93	0.0244940402959368
40	100	92	4	0.0244940402959368
40	100	92	9	0.0244940402959368
40	100	92	7	0.018158100856969527
40	100	92	72	0.008045224555440936
40	100	93	0	0.4271795796958484
40	100	93	20	0.0681931210436112
40	100	93	23	0.12022633224092036
40	100	93	74	0.12022633224092036
40	100	93	5	0.06426096356550326
40	100	93	29	0.06426096356550326
40	100	93	9	0.06426096356550326
40	100	93	46	0.06426096356550326
40	100	93	57	0.06426096356550326
40	100	93	45	0.06426096356550326
40	100	93	21	0.06426096356550326
40	100	93	44	0.06426096356550326
40	100	93	93	0.03998809824034233
40	100	93	4	0.06426096356550326
40	100	93	3	0.06426096356550326
40	100	93	61	0.022775205664947496
40	100	93	62	0.013595262330665842
40	100	93	75	0.006481423811055463
40	100	93	26	0.006481423811055463
40	100	93	66	0.004996675192683411
40	100	94	0	0.30191748338757296
40	100	94	94	0.1356485470616024
40	100	94	23	0.08344852647479693
40	100	94	29	0.08344852647479693
40	100	94	7	0.08344852647479693
40	100	94	87	0.08344852647479693
40	100	94	74	0.08344852647479693
40	100	94	20	0.05218604849421907
40	100	94	44	0.05218604849421907
40	100	94	48	0.05218604849421907
40	100	94	5	0.05218604849421907
40	100	94	99	0.018660249452989743
40	100	94	60	0.018660249452989743
40	100	94	76	0.018660249452989743
40	100	94	9	0.018660249452989743
40	100	94	3	0.018660249452989743
40	100	94	66	0.018660249452989743
40	100	94	11	0.007695566096553776
40	100	94	54	0.003829683873806795
40	100	94	93	0.013325522717647758
40	100	94	90	0.013325522717647758
40	100	94	34	0.013325522717647758
40	100	95	29	0.34320574140213483
40	100	95	0	0.07142037975812429
40	100	95	95	0.05957973578758599
40	100	95	10	0.05957973578758599
40	100	95	7	0.05957973578758599
40	100	95	94	0.04480467235145702
40	100	95	87	0.04480467235145702
40	100	95	38	0.028541479378162423
40	100	95	61	0.028541479378162423
40	100	95	62	0.028541479378162423
40	100	95	66	0.028541479378162423
40	100	95	4	0.028541479378162423
40	100	95	40	0.028541479378162423
40	100	95	98	0.028541479378162423
40	100	95	74	0.028541479378162423
40	100	95	96	0.017278875247118828
40	100	95	90	0.017278875247118828
40	100	95	71	0.017278875247118828
40	100	95	23	0.003141264478696362
40	100	95	45	0.017278875247118828
40	100	95	57	0.017278875247118828
40	100	96	0	0.44057893720847024
40	100	96	29	0.2702905057492734
40	100	96	23	0.2702905057492734
40	100	96	74	0.2702905057492734
40	100	96	93	0.07495889778771483
40	100	96	66	0.07495889778771483
40	100	96	10	0.02434885385150712
40	100	96	77	0.07495889778771483
40	100	96	69	0.07495889778771483
40	100	96	18	0.07495889778771483
40	100	96	52	0.07495889778771483
40	100	96	97	0.07495889778771483
40	100	96	19	0.05965623125567916
40	100	96	17	0.02434885385150712
40	100	96	9	0.02434885385150712
40	100	96	72	0.02434885385150712
40	100	96	5	0.02434885385150712
40	100	96	55	0.02434885385150712
40	100	96	62	0.008962666982439893
40	100	96	90	0.02434885385150712
40	100	96	42	0.02434885385150712
40	100	97	0	0.35355470951588985
40	100	97	11	0.14452706843525
40	100	97	23	0.22730240216766595
40	100	97	74	0.22730240216766595
40	100	97	29	0.14452706843525
40	100	97	44	0.12276574234319458
40	100	97	48	0.04874548583931776
40	100	97	94	0.04874548583931776
40	100	97	92	0.03260300369157429
40	100	97	58	0.03260300369157429
40	100	97	8	0.03260300369157429
40	100	97	95	0.03260300369157429
40	100	97	62	0.03260300369157429
40	100	97	4	0.03260300369157429
40	100	97	93	0.03260300369157429
40	100	97	5	0.03260300369157429
40	100	97	60	0.011775780723504138
40	100	97	83	0.006591432069621645
40	100	97	71	0.03260300369157429
40	100	97	40	0.03260300369157429
40	100	97	90	0.03260300369157429
40	100	98	11	0.24640623488365418
40	100	98	97	0.08245494126986974
40	100	98	20	0.08245494126986974
40	100	98	9	0.08245494126986974
40	100	98	24	0.08245494126986974
40	100	98	5	0.08245494126986974
40	100	98	1	0.08245494126986974
40	100	98	53	0.08245494126986974
40	100	98	62	0.08245494126986974
40	100	98	38	0.08245494126986974
40	100	98	94	0.08245494126986974
40	100	98	83	0.07941369188771864
40	100	98	30	0.07941369188771864
40	100	98	98	0.07941369188771864
40	100	98	10	0.07941369188771864
40	100	98	3	0.07941369188771864
40	100	98	6	0.07941369188771864
40	100	98	75	0.07941369188771864
40	100	98	76	0.019832214005265986
40	100	98	59	0.07941369188771864
40	100	98	50	0.07941369188771864
40	100	99	0	0.10554875953381782
40	100	99	29	0.06969853894010117
40	100	99	74	0.06969853894010117
40	100	99	68	0.06969853894010117
40	100	99	23	0.06969853894010117
40	100	99	11	0.06969853894010117
40	100	99	87	0.06969853894010117
40	100	99	83	0.06969853894010117
40	100	99	51	0.06969853894010117
40	100	99	3	0.06969853894010117
40	100	99	99	0.06969853894010117
40	100	99	43	0.06969853894010117
40	100	99	66	0.06969853894010117
40	100	99	4	0.06969853894010117
40	100	99	5	0.06969853894010117
40	100	99	9	0.03087270587025137
40	100	99	18	0.03263348690311338
40	100	99	62	0.026101707387026645
40	100	99	61	0.03263348690311338
40	100	99	71	0.03263348690311338
40	100	99	95	0.03263348690311338
40	100	100	0	0.3887020778970772
40	100	100	29	0.09517823012607701
40	100	100	74	0.09517823012607701
40	100	100	23	0.09517823012607701
40	100	100	66	0.08634863904194119
40	100	100	4	0.07744033318783398
40	100	100	94	0.07744033318783398
40	100	100	11	0.03435544422914312
40	100	100	87	0.04362674018934675
40	100	100	20	0.04362674018934675
40	100	100	7	0.03435544422914312
40	100	100	3	0.03435544422914312
40	100	100	10	0.019393492916218336
40	100	100	61	0.019393492916218336
40	100	100	90	0.019393492916218336
40	100	100	99	0.010598769521570399
40	100	100	98	0.010598769521570399
40	100	100	70	0.019393492916218336
40	100	100	13	0.019393492916218336
40	100	100	40	0.019393492916218336
40	100	100	95	0.019393492916218336
40	100	100	71	0.007713229202666778
40	true	1	0	0.22863969931776795
40	true	1	66	0.11491981021077603
40	true	1	60	0.12356931091479394
40	true	1	29	0.12356931091479394
40	true	1	23	0.12356931091479394
40	true	1	74	0.12356931091479394
40	true	1	10	0.0711978337959327
40	true	1	7	0.0711978337959327
40	true	1	77	0.039611205790217104
40	true	1	90	0.039611205790217104
40	true	1	87	0.039611205790217104
40	true	1	70	0.03252142380904281
40	true	1	44	0.039611205790217104
40	true	1	42	0.00812948415211588
40	true	1	8	0.039611205790217104
40	true	1	38	0.039611205790217104
40	true	1	51	0.039611205790217104
40	true	1	92	0.03252142380904281
40	true	1	55	0.00607560759691577
40	true	1	86	0.004590845068288966
40	true	1	24	0.004590845068288966
40	true	2	0	0.17958966658681816
40	true	2	38	0.07307028901122416
40	true	2	74	0.07307028901122416
40	true	2	3	0.07307028901122416
40	true	2	11	0.07307028901122416
40	true	2	29	0.07307028901122416
40	true	2	23	0.07307028901122416
40	true	2	44	0.04313593339062215
40	true	2	9	0.04313593339062215
40	true	2	99	0.04313593339062215
40	true	2	4	0.04313593339062215
40	true	2	60	0.04313593339062215
40	true	2	5	0.04313593339062215
40	true	2	77	0.04313593339062215
40	true	2	61	0.04313593339062215
40	true	2	20	0.030506953538929196
40	true	2	10	0.04313593339062215
40	true	2	7	0.04313593339062215
40	true	2	13	0.030506953538929196
40	true	2	98	0.030506953538929196
40	true	3	0	0.3901747461973436
40	true	3	38	0.09316460344563351
40	true	3	77	0.09316460344563351
40	true	3	66	0.09316460344563351
40	true	3	29	0.08774059781917104
40	true	3	93	0.09316460344563351
40	true	3	98	0.09316460344563351
40	true	3	74	0.057169548557039346
40	true	3	97	0.05251260069945572
40	true	3	20	0.05251260069945572
40	true	3	87	0.05251260069945572
40	true	3	23	0.05251260069945572
40	true	3	99	0.05251260069945572
40	true	3	86	0.03600948816410246
40	true	3	44	0.03600948816410246
40	true	3	76	0.03600948816410246
40	true	3	94	0.03600948816410246
40	true	3	69	0.024503045566724963
40	true	3	8	0.024503045566724963
40	true	3	80	0.02122782349019536
40	true	4	5	0.11280624294441953
40	true	4	4	0.11467257441269736
40	true	4	11	0.11467257441269736
40	true	4	7	0.06415511517156956
40	true	4	10	0.06415511517156956
40	true	4	13	0.06415511517156956
40	true	4	77	0.06415511517156956
40	true	4	3	0.04298164330118374
40	true	4	18	0.04298164330118374
40	true	4	69	0.03952255592182859
40	true	4	93	0.03952255592182859
40	true	4	0	0.03868465536476706
40	true	4	66	0.03868465536476706
40	true	4	44	0.011262849144053871
40	true	4	1	0.008209467546506522
40	true	4	17	0.03868465536476706
40	true	4	53	0.03868465536476706
40	true	4	29	0.03868465536476706
40	true	4	23	0.03868465536476706
40	true	4	56	0.03868465536476706
40	true	4	83	0.03362001587353173
40	true	4	90	0.03362001587353173
40	true	5	74	0.167649608445757
40	true	5	23	0.167649608445757
40	true	5	29	0.167649608445757
40	true	5	51	0.167649608445757
40	true	5	84	0.06673174392531146
40	true	5	0	0.04969466006701827
40	true	5	72	0.06673174392531146
40	true	5	57	0.06673174392531146
40	true	5	45	0.06673174392531146
40	true	5	42	0.06673174392531146
40	true	5	11	0.031150301105259827
40	true	5	68	0.00767258796306229
40	true	5	4	0.031150301105259827
40	true	5	94	0.031150301105259827
40	true	5	62	0.02880463081309742
40	true	5	10	0.02880463081309742
40	true	5	3	0.02880463081309742
40	true	5	90	0.02880463081309742
40	true	5	35	0.02880463081309742
40	true	5	49	0.00767258796306229
40	true	5	80	0.00767258796306229
40	true	5	60	0.00767258796306229
40	true	5	54	0.00767258796306229
40	true	5	86	0.00767258796306229
40	true	5	99	0.00767258796306229
40	true	6	0	0.1263984891563384
40	true	6	74	0.11691574440001579
40	true	6	9	0.11691574440001579
40	true	6	60	0.11691574440001579
40	true	6	13	0.11691574440001579
40	true	6	20	0.11691574440001579
40	true	6	5	0.11691574440001579
40	true	6	29	0.11691574440001579
40	true	6	23	0.11691574440001579
40	true	6	93	0.03168203283828896
40	true	6	52	0.03168203283828896
40	true	6	76	0.015784614087235655
40	true	6	92	0.021597478744105152
40	true	6	10	0.021597478744105152
40	true	6	22	0.00887347106955611
40	true	6	90	0.00887347106955611
40	true	6	83	0.021597478744105152
40	true	6	69	0.021597478744105152
40	true	6	68	0.021597478744105152
40	true	6	3	0.016122432024791543
40	true	7	0	0.36976431463593773
40	true	7	66	0.08898352871052152
40	true	7	94	0.08898352871052152
40	true	7	23	0.08898352871052152
40	true	7	74	0.08898352871052152
40	true	7	29	0.08898352871052152
40	true	7	5	0.08898352871052152
40	true	7	20	0.08898352871052152
40	true	7	98	0.08898352871052152
40	true	7	44	0.08898352871052152
40	true	7	9	0.030907472725982255
40	true	7	69	0.01651872707714356
40	true	7	8	0.01651872707714356
40	true	7	45	0.01651872707714356
40	true	7	62	0.01651872707714356
40	true	7	54	0.01651872707714356
40	true	7	68	0.01651872707714356
40	true	7	96	0.004620535584993183
40	true	7	11	0.008271633590365505
40	true	7	3	0.008271633590365505
40	true	8	0	0.4175979472311517
40	true	8	29	0.4175979472311517
40	true	8	66	0.0998259753400689
40	true	8	74	0.07624156645111622
40	true	8	9	0.07624156645111622
40	true	8	5	0.07624156645111622
40	true	8	99	0.05953578480355979
40	true	8	42	0.07624156645111622
40	true	8	72	0.07624156645111622
40	true	8	23	0.07624156645111622
40	true	8	87	0.03819361281931217
40	true	8	10	0.03819361281931217
40	true	8	30	0.03819361281931217
40	true	8	94	0.03819361281931217
40	true	8	44	0.03819361281931217
40	true	8	69	0.03819361281931217
40	true	8	17	0.03819361281931217
40	true	8	48	0.03819361281931217
40	true	8	71	0.01662064365109756
40	true	8	24	0.01662064365109756
40	true	9	0	0.17383518251131339
40	true	9	29	0.16975512132249235
40	true	9	21	0.10201740894106716
40	true	9	23	0.10201740894106716
40	true	9	74	0.10201740894106716
40	true	9	94	0.05285554463319592
40	true	9	66	0.041745112194449374
40	true	9	3	0.041745112194449374
40	true	9	11	0.041745112194449374
40	true	9	4	0.040259560347545464
40	true	9	9	0.03604619083737793
40	true	9	8	0.021526511742693655
40	true	9	13	0.021526511742693655
40	true	9	57	0.020773265996079524
40	true	9	45	0.020773265996079524
40	true	9	18	0.021526511742693655
40	true	9	10	0.021526511742693655
40	true	9	5	0.021526511742693655
40	true	9	60	0.01778029568371895
40	true	9	99	0.007566878909058293
40	true	10	0	0.3202131980323467
40	true	10	66	0.16457278929570918
40	true	10	20	0.16457278929570918
40	true	10	4	0.030724660624690908
40	true	10	77	0.030724660624690908
40	true	10	94	0.030724660624690908
40	true	10	29	0.030724660624690908
40	true	10	7	0.030724660624690908
40	true	10	72	0.02042156915622675
40	true	10	76	0.030724660624690908
40	true	10	24	0.030724660624690908
40	true	10	3	0.030724660624690908
40	true	10	83	0.030724660624690908
40	true	10	42	0.02042156915622675
40	true	10	58	0.02042156915622675
40	true	10	74	0.02042156915622675
40	true	10	23	0.02042156915622675
40	true	10	62	0.015102656652117148
40	true	10	18	0.015102656652117148
40	true	10	54	0.0014702194739328125
40	true	11	0	0.3311669463967292
40	true	11	66	0.07114032927137948
40	true	11	93	0.06920161775346419
40	true	11	90	0.06920161775346419
40	true	11	97	0.06920161775346419
40	true	11	23	0.06920161775346419
40	true	11	11	0.027647671776808994
40	true	11	29	0.06920161775346419
40	true	11	74	0.06920161775346419
40	true	11	20	0.03514389637922045
40	true	11	94	0.03514389637922045
40	true	11	5	0.03514389637922045
40	true	11	60	0.03514389637922045
40	true	11	44	0.03514389637922045
40	true	11	3	0.027647671776808994
40	true	11	4	0.027647671776808994
40	true	11	7	0.027647671776808994
40	true	11	68	0.027647671776808994
40	true	11	87	0.027647671776808994
40	true	11	98	0.027647671776808994
40	true	12	0	0.31634385746982296
40	true	12	66	0.07950772334339255
40	true	12	74	0.13376065496163397
40	true	12	29	0.13376065496163397
40	true	12	23	0.13376065496163397
40	true	12	94	0.07950772334339255
40	true	12	83	0.04739561155056898
40	true	12	93	0.046276352715392786
40	true	12	24	0.046276352715392786
40	true	12	92	0.0323612757041626
40	true	12	87	0.0323612757041626
40	true	12	62	0.031162678779415264
40	true	12	99	0.014184161226451292
40	true	12	9	0.031162678779415264
40	true	12	7	0.031162678779415264
40	true	12	4	0.031162678779415264
40	true	12	5	0.031162678779415264
40	true	12	86	0.020679338016155957
40	true	12	11	0.014184161226451292
40	true	12	22	0.014184161226451292
40	true	13	0	1.6047958450049076
40	true	13	69	0.13478061329776983
40	true	13	77	0.06662255750887563
40	true	13	29	0.06662255750887563
40	true	13	95	0.06662255750887563
40	true	13	40	0.06662255750887563
40	true	13	18	0.0353454660462848
40	true	13	96	0.0353454660462848
40	true	13	87	0.06662255750887563
40	true	13	70	0.06662255750887563
40	true	13	42	0.06662255750887563
40	true	13	90	0.06662255750887563
40	true	13	71	0.06662255750887563
40	true	13	72	0.06662255750887563
40	true	13	60	0.03594597529107598
40	true	13	16	0.0353454660462848
40	true	13	66	0.0353454660462848
40	true	13	20	0.0353454660462848
40	true	13	59	0.0353454660462848
40	true	13	50	0.0353454660462848
40	true	14	29	0.08266573229491289
40	true	14	94	0.07987762285886887
40	true	14	62	0.0788062001031242
40	true	14	74	0.0788062001031242
40	true	14	77	0.07987762285886887
40	true	14	42	0.07987762285886887
40	true	14	72	0.07987762285886887
40	true	14	0	0.07987762285886887
40	true	14	98	0.07987762285886887
40	true	14	20	0.04643220171430669
40	true	14	61	0.04643220171430669
40	true	14	9	0.0788062001031242
40	true	14	23	0.0788062001031242
40	true	14	46	0.036180872813936574
40	true	14	58	0.036180872813936574
40	true	14	83	0.013891679856859867
40	true	14	37	0.013886706523236987
40	true	14	96	0.013886706523236987
40	true	14	92	0.012755266513780462
40	true	14	55	0.012755266513780462
40	true	14	27	0.013891679856859867
40	true	14	76	0.013891679856859867
40	true	14	5	0.013891679856859867
40	true	14	18	0.013891679856859867
40	true	15	0	0.4070759321058017
40	true	15	76	0.12355606919502543
40	true	15	29	0.0967989987450718
40	true	15	99	0.08686820271954813
40	true	15	74	0.08686820271954813
40	true	15	11	0.08686820271954813
40	true	15	4	0.08686820271954813
40	true	15	23	0.08686820271954813
40	true	15	94	0.06200189700438185
40	true	15	1	0.028298945740545943
40	true	15	57	0.06200189700438185
40	true	15	45	0.06200189700438185
40	true	15	68	0.06200189700438185
40	true	15	58	0.06200189700438185
40	true	15	62	0.06200189700438185
40	true	15	83	0.005845049230720505
40	true	15	7	0.028298945740545943
40	true	15	3	0.007938151036832363
40	true	15	46	0.005845049230720505
40	true	15	66	0.0014376866191232456
40	true	15	54	0.0014376866191232456
40	true	16	0	0.4861373468711861
40	true	16	74	0.09278438557278616
40	true	16	23	0.09278438557278616
40	true	16	29	0.09278438557278616
40	true	16	9	0.038825251440845636
40	true	16	66	0.038825251440845636
40	true	16	94	0.031276971827525125
40	true	16	5	0.031276971827525125
40	true	16	33	0.031276971827525125
40	true	16	10	0.031276971827525125
40	true	16	20	0.031276971827525125
40	true	16	79	0.031276971827525125
40	true	16	90	0.031276971827525125
40	true	16	58	0.031276971827525125
40	true	16	76	0.031276971827525125
40	true	16	44	0.031276971827525125
40	true	16	99	0.005799665534382188
40	true	16	87	0.009854231785019768
40	true	16	69	0.009854231785019768
40	true	16	13	0.009854231785019768
40	true	16	51	0.009854231785019768
40	true	17	0	0.12814507914130133
40	true	17	94	0.07611764216786582
40	true	17	23	0.10724105286476272
40	true	17	74	0.10724105286476272
40	true	17	29	0.10724105286476272
40	true	17	92	0.07611764216786582
40	true	17	4	0.07611764216786582
40	true	17	11	0.07611764216786582
40	true	17	3	0.07611764216786582
40	true	17	20	0.07611764216786582
40	true	17	10	0.07611764216786582
40	true	17	44	0.04451595956966518
40	true	17	51	0.025960370107286995
40	true	17	99	0.04451595956966518
40	true	17	60	0.04451595956966518
40	true	17	58	0.04451595956966518
40	true	17	76	0.012277914880080072
40	true	17	54	0.012277914880080072
40	true	17	7	0.015477826952408916
40	true	17	5	0.015477826952408916
40	true	17	21	0.015477826952408916
40	true	18	0	0.4145935320531334
40	true	18	44	0.06821332192054018
40	true	18	94	0.06821332192054018
40	true	18	29	0.07115223296816602
40	true	18	23	0.07115223296816602
40	true	18	74	0.07115223296816602
40	true	18	90	0.04662761411050953
40	true	18	66	0.05139428351923592
40	true	18	20	0.05139428351923592
40	true	18	70	0.0412217427174658
40	true	18	87	0.0412217427174658
40	true	18	99	0.0412217427174658
40	true	18	83	0.0412217427174658
40	true	18	61	0.0412217427174658
40	true	18	10	0.0412217427174658
40	true	18	98	0.01383431282144831
40	true	18	5	0.030863837613217118
40	true	18	24	0.030863837613217118
40	true	18	7	0.006349640593475182
40	true	18	72	0.00943740817356508
40	true	18	9	0.00943740817356508
40	true	19	0	0.179156486282119
40	true	19	38	0.14692230358236283
40	true	19	83	0.05804645731509523
40	true	19	23	0.09303164307305346
40	true	19	74	0.09303164307305346
40	true	19	29	0.09303164307305346
40	true	19	9	0.025542087000273113
40	true	19	72	0.020781826446438674
40	true	19	94	0.020781826446438674
40	true	19	66	0.020781826446438674
40	true	19	62	0.020781826446438674
40	true	19	42	0.020781826446438674
40	true	19	90	0.020781826446438674
40	true	19	76	0.020781826446438674
40	true	19	5	0.02029686841833336
40	true	19	99	0.02029686841833336
40	true	19	70	0.02029686841833336
40	true	19	54	0.02029686841833336
40	true	19	98	0.02029686841833336
40	true	19	22	0.02029686841833336
40	true	19	20	0.02029686841833336
40	true	20	0	0.6059766815258939
40	true	20	66	0.04515332308890568
40	true	20	3	0.06030673265785646
40	true	20	9	0.06030673265785646
40	true	20	5	0.04515332308890568
40	true	20	10	0.04515332308890568
40	true	20	44	0.04515332308890568
40	true	20	18	0.04515332308890568
40	true	20	13	0.04515332308890568
40	true	20	69	0.04515332308890568
40	true	20	38	0.03202136823893194
40	true	20	11	0.04515332308890568
40	true	20	4	0.04515332308890568
40	true	20	72	0.04515332308890568
40	true	20	42	0.04515332308890568
40	true	20	21	0.0319487611887461
40	true	20	17	0.0319487611887461
40	true	20	83	0.0319487611887461
40	true	20	20	0.011257611930510147
40	true	20	62	0.011257611930510147
40	true	21	66	0.8467650226719872
40	true	21	8	0.05249728544642306
40	true	21	29	0.05249728544642306
40	true	21	80	0.05249728544642306
40	true	21	2	0.05249728544642306
40	true	21	86	0.05249728544642306
40	true	21	12	0.05249728544642306
40	true	21	51	0.05249728544642306
40	true	21	74	0.05249728544642306
40	true	21	19	0.05249728544642306
40	true	21	42	0.05249728544642306
40	true	21	72	0.05249728544642306
40	true	21	24	0.05042500019298039
40	true	21	3	0.05042500019298039
40	true	21	20	0.05042500019298039
40	true	21	84	0.05042500019298039
40	true	21	92	0.05042500019298039
40	true	21	17	0.05042500019298039
40	true	21	99	0.016257453035795906
40	true	21	4	0.05042500019298039
40	true	21	11	0.05042500019298039
40	true	22	0	0.2076022875311298
40	true	22	44	0.12070146889161018
40	true	22	94	0.09624152976017053
40	true	22	38	0.08600256697459306
40	true	22	61	0.08600256697459306
40	true	22	98	0.08600256697459306
40	true	22	66	0.08600256697459306
40	true	22	62	0.08600256697459306
40	true	22	74	0.01775215354509726
40	true	22	8	0.036854993592398626
40	true	22	55	0.036854993592398626
40	true	22	58	0.018178304229624423
40	true	22	3	0.018178304229624423
40	true	22	10	0.01775215354509726
40	true	22	29	0.01775215354509726
40	true	22	23	0.01775215354509726
40	true	22	9	0.016656183672592594
40	true	22	20	0.015830497894232628
40	true	22	7	0.015830497894232628
40	true	22	5	0.015830497894232628
40	true	22	83	0.015830497894232628
40	true	23	0	0.07691171504962835
40	true	23	90	0.05920401430311369
40	true	23	29	0.05920401430311369
40	true	23	74	0.05920401430311369
40	true	23	23	0.05920401430311369
40	true	23	7	0.03962942637971015
40	true	23	8	0.03962942637971015
40	true	23	42	0.03962942637971015
40	true	23	72	0.03962942637971015
40	true	23	70	0.03962942637971015
40	true	23	66	0.03962942637971015
40	true	23	11	0.033001944384690694
40	true	23	60	0.033001944384690694
40	true	23	98	0.033001944384690694
40	true	23	67	0.01571304729911366
40	true	23	77	0.010955269500328959
40	true	23	43	0.010955269500328959
40	true	23	62	0.01571304729911366
40	true	23	87	0.01571304729911366
40	true	23	76	0.0021455594460570854
40	true	24	61	0.1272827046083896
40	true	24	0	0.1272827046083896
40	true	24	29	0.1272827046083896
40	true	24	60	0.1272827046083896
40	true	24	96	0.11718792337163332
40	true	24	92	0.05410997087353203
40	true	24	87	0.05410997087353203
40	true	24	51	0.05410997087353203
40	true	24	74	0.05410997087353203
40	true	24	9	0.014015652506115913
40	true	24	99	0.05410997087353203
40	true	24	68	0.05410997087353203
40	true	24	62	0.05410997087353203
40	true	24	64	0.014015652506115913
40	true	24	5	0.014015652506115913
40	true	24	10	0.014015652506115913
40	true	24	40	0.014015652506115913
40	true	24	36	0.014015652506115913
40	true	24	48	0.014015652506115913
40	true	24	93	0.008458621187679158
40	true	25	20	0.1574416998213899
40	true	25	66	0.1574416998213899
40	true	25	5	0.1574416998213899
40	true	25	23	0.1574416998213899
40	true	25	69	0.1323558106898501
40	true	25	18	0.1323558106898501
40	true	25	29	0.1323558106898501
40	true	25	11	0.1323558106898501
40	true	25	74	0.1323558106898501
40	true	25	30	0.1323558106898501
40	true	25	4	0.1323558106898501
40	true	25	96	0.1323558106898501
40	true	25	55	0.1323558106898501
40	true	25	6	0.1323558106898501
40	true	25	0	0.1323558106898501
40	true	25	64	0.1323558106898501
40	true	25	94	0.021190519913094202
40	true	25	68	0.021190519913094202
40	true	25	8	0.012671607187608252
40	true	25	17	0.021190519913094202
40	true	25	76	0.021190519913094202
40	true	26	0	0.21536098841947443
40	true	26	98	0.09473533498867764
40	true	26	9	0.09473533498867764
40	true	26	47	0.09473533498867764
40	true	26	10	0.09473533498867764
40	true	26	81	0.09473533498867764
40	true	26	26	0.09473533498867764
40	true	26	61	0.09473533498867764
40	true	26	44	0.09473533498867764
40	true	26	5	0.09473533498867764
40	true	26	30	0.09473533498867764
40	true	26	54	0.09473533498867764
40	true	26	23	0.07251300013705571
40	true	26	18	0.0935061612872051
40	true	26	69	0.0935061612872051
40	true	26	22	0.0935061612872051
40	true	26	20	0.0935061612872051
40	true	26	90	0.07055916957510718
40	true	26	29	0.07251300013705571
40	true	26	74	0.07251300013705571
40	true	27	0	0.14526822420043195
40	true	27	94	0.05912108650718176
40	true	27	74	0.05912108650718176
40	true	27	29	0.05912108650718176
40	true	27	23	0.05912108650718176
40	true	27	11	0.05912108650718176
40	true	27	4	0.05912108650718176
40	true	27	70	0.05912108650718176
40	true	27	3	0.021902740374690793
40	true	27	42	0.017126990826706486
40	true	27	66	0.028709475716892044
40	true	27	98	0.028709475716892044
40	true	27	44	0.028709475716892044
40	true	27	77	0.028709475716892044
40	true	27	62	0.028709475716892044
40	true	27	76	0.007118467082865514
40	true	27	10	0.004874776190179504
40	true	27	18	0.017126990826706486
40	true	27	9	0.017126990826706486
40	true	27	72	0.017126990826706486
40	true	27	69	0.017126990826706486
40	true	27	5	0.007777600264627726
40	true	28	0	0.27481243130665534
40	true	28	9	0.034309499207336606
40	true	28	23	0.034309499207336606
40	true	28	18	0.034309499207336606
40	true	28	90	0.034309499207336606
40	true	28	60	0.034309499207336606
40	true	28	74	0.034309499207336606
40	true	28	29	0.034309499207336606
40	true	28	67	0.034309499207336606
40	true	28	44	0.013842978769904696
40	true	28	98	0.01798813990757172
40	true	28	70	0.01798813990757172
40	true	28	55	0.01798813990757172
40	true	28	80	0.01496323164690947
40	true	28	69	0.01496323164690947
40	true	28	42	0.01496323164690947
40	true	28	5	0.01496323164690947
40	true	28	72	0.01496323164690947
40	true	28	76	0.013842978769904696
40	true	28	54	0.013842978769904696
40	true	28	3	0.013842978769904696
40	true	28	45	0.013842978769904696
40	true	28	11	0.013842978769904696
40	true	28	84	0.013842978769904696
40	true	28	87	0.013842978769904696
40	true	28	94	0.013842978769904696
40	true	28	99	0.0057940590643278484
40	true	29	0	0.28516673687909355
40	true	29	66	0.15730473354219687
40	true	29	87	0.15730473354219687
40	true	29	29	0.15730473354219687
40	true	29	23	0.15730473354219687
40	true	29	74	0.15730473354219687
40	true	29	94	0.050447397626085015
40	true	29	44	0.03413718631358454
40	true	29	99	0.029925357574653165
40	true	29	61	0.029925357574653165
40	true	29	10	0.025597165993074867
40	true	29	96	0.025597165993074867
40	true	29	95	0.022291933447356985
40	true	29	40	0.01679632039245096
40	true	29	20	0.01679632039245096
40	true	29	11	0.01679632039245096
40	true	29	18	0.0165503864296472
40	true	29	42	0.0165503864296472
40	true	29	72	0.0165503864296472
40	true	29	4	0.00452926338038794
40	true	30	0	0.2248408848918203
40	true	30	66	0.04614566982024895
40	true	30	74	0.10600694730018483
40	true	30	29	0.10600694730018483
40	true	30	23	0.10600694730018483
40	true	30	94	0.038664582612396345
40	true	30	38	0.03610477410628526
40	true	30	4	0.02841366599220573
40	true	30	7	0.02841366599220573
40	true	30	11	0.02841366599220573
40	true	30	3	0.02841366599220573
40	true	30	93	0.02841366599220573
40	true	30	44	0.023775133132448462
40	true	30	92	0.023775133132448462
40	true	30	10	0.023775133132448462
40	true	30	98	0.023775133132448462
40	true	30	5	0.023775133132448462
40	true	30	51	0.015102789531203318
40	true	30	83	0.015102789531203318
40	true	30	20	0.015102789531203318
40	true	31	0	0.4568419994622242
40	true	31	94	0.14038018157783574
40	true	31	66	0.07294121908105275
40	true	31	23	0.10667069983582904
40	true	31	29	0.10667069983582904
40	true	31	74	0.10667069983582904
40	true	31	87	0.07294121908105275
40	true	31	20	0.039371263964549166
40	true	31	17	0.039371263964549166
40	true	31	11	0.039371263964549166
40	true	31	4	0.039371263964549166
40	true	31	3	0.039371263964549166
40	true	31	69	0.0363594726498217
40	true	31	98	0.030631820121232577
40	true	31	7	0.030631820121232577
40	true	31	77	0.008857579528170423
40	true	31	76	0.026198121946647217
40	true	31	10	0.026198121946647217
40	true	31	57	0.00781802193328265
40	true	31	90	0.00781802193328265
40	true	32	0	0.3451689757662235
40	true	32	29	0.2558720330324985
40	true	32	99	0.0538224040627295
40	true	32	69	0.05611551710147284
40	true	32	61	0.05611551710147284
40	true	32	68	0.05103299441733864
40	true	32	94	0.05103299441733864
40	true	32	76	0.05103299441733864
40	true	32	98	0.05103299441733864
40	true	32	44	0.026771483920698357
40	true	32	66	0.024024000853684356
40	true	32	87	0.024024000853684356
40	true	32	18	0.024024000853684356
40	true	32	58	0.024024000853684356
40	true	32	62	0.024024000853684356
40	true	32	10	0.024024000853684356
40	true	32	13	0.007625234001238696
40	true	32	36	0.01034014482926074
40	true	32	83	0.01034014482926074
40	true	32	74	0.01034014482926074
40	true	33	0	0.3127754375300927
40	true	33	29	0.11021649684353893
40	true	33	66	0.04276036518749444
40	true	33	23	0.11021649684353893
40	true	33	74	0.11021649684353893
40	true	33	94	0.055362132353974795
40	true	33	44	0.04276036518749444
40	true	33	87	0.024294008070859158
40	true	33	90	0.024208710934115515
40	true	33	70	0.024208710934115515
40	true	33	38	0.024208710934115515
40	true	33	5	0.020683404494129653
40	true	33	3	0.020683404494129653
40	true	33	11	0.0125807822448611
40	true	33	77	0.0125807822448611
40	true	33	42	0.0125807822448611
40	true	33	99	0.0014184382469045267
40	true	33	24	0.0125807822448611
40	true	33	40	0.0125807822448611
40	true	33	7	0.0125807822448611
40	true	33	72	0.002893470606557047
40	true	34	0	0.442386053461357
40	true	34	44	0.15517909460986745
40	true	34	83	0.10815793509512725
40	true	34	11	0.15517909460986745
40	true	34	4	0.15517909460986745
40	true	34	29	0.10815793509512725
40	true	34	46	0.10815793509512725
40	true	34	66	0.10815793509512725
40	true	34	20	0.10815793509512725
40	true	34	92	0.09597683537968585
40	true	34	7	0.09597683537968585
40	true	34	69	0.06769761577895654
40	true	34	18	0.06769761577895654
40	true	34	19	0.06769761577895654
40	true	34	62	0.06769761577895654
40	true	34	94	0.06769761577895654
40	true	34	77	0.06769761577895654
40	true	34	39	0.03651135430495773
40	true	34	47	0.06769761577895654
40	true	34	10	0.03651135430495773
40	true	34	45	0.06769761577895654
40	true	34	57	0.06769761577895654
40	true	35	74	0.18246550247082657
40	true	35	61	0.18246550247082657
40	true	35	0	0.18246550247082657
40	true	35	58	0.18246550247082657
40	true	35	52	0.18246550247082657
40	true	35	23	0.18246550247082657
40	true	35	96	0.03130934835458467
40	true	35	4	0.019724036210976528
40	true	35	66	0.018408923558924917
40	true	35	9	0.018408923558924917
40	true	35	5	0.018408923558924917
40	true	35	62	0.013217306504057337
40	true	35	6	0.018408923558924917
40	true	35	20	0.013217306504057337
40	true	35	11	0.013217306504057337
40	true	35	93	0.018408923558924917
40	true	35	77	0.018408923558924917
40	true	35	97	0.018408923558924917
40	true	35	1	0.01240201928340669
40	true	35	3	0.013217306504057337
40	true	35	98	0.013217306504057337
40	true	35	68	0.013217306504057337
40	true	35	10	0.013217306504057337
40	true	35	57	0.012810251191698053
40	true	35	14	0.012356003343755815
40	true	36	0	0.2698450051575892
40	true	36	70	0.07256022849221451
40	true	36	23	0.11248143444540089
40	true	36	74	0.11248143444540089
40	true	36	29	0.11248143444540089
40	true	36	60	0.04541716570490875
40	true	36	68	0.04253980645560127
40	true	36	72	0.04253980645560127
40	true	36	42	0.04253980645560127
40	true	36	76	0.04253980645560127
40	true	36	67	0.04253980645560127
40	true	36	4	0.04253980645560127
40	true	36	92	0.04253980645560127
40	true	36	90	0.04253980645560127
40	true	36	11	0.04253980645560127
40	true	36	5	0.04253980645560127
40	true	36	99	0.04253980645560127
40	true	36	8	0.009958398185407686
40	true	36	3	0.029005591549399124
40	true	36	44	0.029005591549399124
40	true	36	24	0.027079723033047426
40	true	37	29	0.10087303932186675
40	true	37	23	0.10087303932186675
40	true	37	0	0.10087303932186675
40	true	37	72	0.10087303932186675
40	true	37	74	0.10087303932186675
40	true	37	7	0.10087303932186675
40	true	37	54	0.10087303932186675
40	true	37	42	0.10087303932186675
40	true	37	61	0.10087303932186675
40	true	37	22	0.10087303932186675
40	true	37	66	0.10087303932186675
40	true	37	70	0.10087303932186675
40	true	37	90	0.10087303932186675
40	true	37	77	0.10087303932186675
40	true	37	8	0.03173111638025155
40	true	37	80	0.03173111638025155
40	true	37	86	0.03173111638025155
40	true	37	99	0.010555883535559337
40	true	37	98	0.010555883535559337
40	true	37	76	0.010555883535559337
40	true	37	38	0.03173111638025155
40	true	37	10	0.03173111638025155
40	true	38	0	0.48845067903085065
40	true	38	29	0.24865177784685336
40	true	38	74	0.24865177784685336
40	true	38	23	0.24865177784685336
40	true	38	66	0.036082440420325365
40	true	38	77	0.036082440420325365
40	true	38	93	0.026707151483918123
40	true	38	20	0.04319277489292288
40	true	38	11	0.04319277489292288
40	true	38	5	0.04319277489292288
40	true	38	76	0.04319277489292288
40	true	38	61	0.04319277489292288
40	true	38	58	0.025720593463524392
40	true	38	94	0.025720593463524392
40	true	38	38	0.025720593463524392
40	true	38	87	0.022640568550258745
40	true	38	84	0.01684109616111301
40	true	38	9	0.01684109616111301
40	true	38	3	0.01684109616111301
40	true	38	73	0.022640568550258745
40	true	38	44	0.022640568550258745
40	true	38	62	0.022640568550258745
40	true	39	0	0.6219257628118169
40	true	39	5	0.04878903151759025
40	true	39	23	0.23204516145036333
40	true	39	74	0.23204516145036333
40	true	39	29	0.23204516145036333
40	true	39	66	0.04878903151759025
40	true	39	58	0.04878903151759025
40	true	39	20	0.04878903151759025
40	true	39	60	0.015435002051334669
40	true	39	9	0.04878903151759025
40	true	39	93	0.04878903151759025
40	true	39	10	0.019557165789032292
40	true	39	55	0.019557165789032292
40	true	39	13	0.019557165789032292
40	true	39	11	0.015435002051334669
40	true	39	83	0.015435002051334669
40	true	39	4	0.01413802952906318
40	true	39	3	0.01413802952906318
40	true	39	61	0.015435002051334669
40	true	39	76	0.015435002051334669
40	true	39	44	0.015435002051334669
40	true	39	99	0.015435002051334669
40	true	40	0	0.4265291337519758
40	true	40	66	0.14726455328701468
40	true	40	62	0.044216120550970996
40	true	40	44	0.044216120550970996
40	true	40	11	0.044216120550970996
40	true	40	29	0.044216120550970996
40	true	40	90	0.044216120550970996
40	true	40	4	0.044216120550970996
40	true	40	92	0.02384062579840379
40	true	40	18	0.02384062579840379
40	true	40	20	0.02384062579840379
40	true	40	7	0.02384062579840379
40	true	40	5	0.02384062579840379
40	true	40	3	0.02384062579840379
40	true	40	9	0.02384062579840379
40	true	40	10	0.020660314185886004
40	true	40	87	0.02384062579840379
40	true	40	45	0.02384062579840379
40	true	40	58	0.02384062579840379
40	true	40	21	0.02384062579840379
40	true	40	51	0.02384062579840379
40	true	41	18	0.06653505354861679
40	true	41	74	0.2602943229256199
40	true	41	23	0.2602943229256199
40	true	41	1	0.026558863351147842
40	true	41	94	0.06653505354861679
40	true	41	29	0.06653505354861679
40	true	41	0	0.026558863351147842
40	true	41	99	0.026558863351147842
40	true	41	53	0.026558863351147842
40	true	41	57	0.026558863351147842
40	true	41	77	0.026558863351147842
40	true	41	12	0.026558863351147842
40	true	41	2	0.026558863351147842
40	true	41	9	0.026558863351147842
40	true	41	11	0.026558863351147842
40	true	41	83	0.026558863351147842
40	true	41	36	0.026558863351147842
40	true	41	45	0.026558863351147842
40	true	41	7	0.026558863351147842
40	true	41	10	0.026558863351147842
40	true	41	5	0.009392173431576684
40	true	42	0	0.30680836292766245
40	true	42	93	0.17263075598076755
40	true	42	29	0.17263075598076755
40	true	42	38	0.16792115095558052
40	true	42	74	0.03218029889931267
40	true	42	73	0.03535396654607409
40	true	42	20	0.03535396654607409
40	true	42	44	0.03535396654607409
40	true	42	30	0.03535396654607409
40	true	42	87	0.03218029889931267
40	true	42	5	0.03218029889931267
40	true	42	3	0.03218029889931267
40	true	42	7	0.03218029889931267
40	true	42	13	0.03218029889931267
40	true	42	18	0.019298864566484
40	true	42	23	0.02266028973332987
40	true	42	9	0.02266028973332987
40	true	42	92	0.011702217790507412
40	true	42	75	0.011702217790507412
40	true	42	10	0.011702217790507412
40	true	43	99	0.06446120944056513
40	true	43	23	0.12298774432715658
40	true	43	74	0.12298774432715658
40	true	43	36	0.06446120944056513
40	true	43	0	0.06446120944056513
40	true	43	29	0.06446120944056513
40	true	43	4	0.06446120944056513
40	true	43	11	0.06446120944056513
40	true	43	96	0.06446120944056513
40	true	43	87	0.06446120944056513
40	true	43	66	0.06446120944056513
40	true	43	51	0.06446120944056513
40	true	43	83	0.06446120944056513
40	true	43	19	0.06446120944056513
40	true	43	77	0.06446120944056513
40	true	43	68	0.06446120944056513
40	true	43	94	0.06446120944056513
40	true	43	46	0.011854314576201135
40	true	43	9	0.011854314576201135
40	true	43	40	0.007689237413956253
40	true	44	0	0.42275630112104523
40	true	44	29	0.10529522350935655
40	true	44	74	0.10529522350935655
40	true	44	23	0.10529522350935655
40	true	44	66	0.10529522350935655
40	true	44	44	0.10529522350935655
40	true	44	20	0.03386402516150496
40	true	44	94	0.03386402516150496
40	true	44	4	0.01898263167074685
40	true	44	18	0.027194721177760582
40	true	44	90	0.027194721177760582
40	true	44	69	0.027194721177760582
40	true	44	9	0.027194721177760582
40	true	44	5	0.027194721177760582
40	true	44	76	0.014003767156451252
40	true	44	98	0.014003767156451252
40	true	44	70	0.004022764762289115
40	true	44	11	0.014003767156451252
40	true	44	3	0.014003767156451252
40	true	44	7	0.014003767156451252
40	true	44	60	0.014003767156451252
40	true	45	74	0.21614460373647462
40	true	45	23	0.21614460373647462
40	true	45	4	0.13818992660521037
40	true	45	20	0.07827457086588037
40	true	45	62	0.03767497761650048
40	true	45	0	0.06960464876368519
40	true	45	29	0.06960464876368519
40	true	45	18	0.03767497761650048
40	true	45	90	0.03767497761650048
40	true	45	69	0.03767497761650048
40	true	45	99	0.03713195730744239
40	true	45	70	0.03713195730744239
40	true	45	50	0.02442206708036043
40	true	45	61	0.02442206708036043
40	true	45	45	0.03767497761650048
40	true	45	57	0.03767497761650048
40	true	45	46	0.03767497761650048
40	true	45	98	0.03767497761650048
40	true	45	44	0.02442206708036043
40	true	45	51	0.03713195730744239
40	true	45	60	0.02442206708036043
40	true	45	37	0.03713195730744239
40	true	45	58	0.03713195730744239
40	true	46	0	0.15619857699469905
40	true	46	60	0.08955049876282835
40	true	46	38	0.07293820319178673
40	true	46	3	0.07293820319178673
40	true	46	29	0.07293820319178673
40	true	46	94	0.07293820319178673
40	true	46	98	0.07293820319178673
40	true	46	74	0.07293820319178673
40	true	46	77	0.07293820319178673
40	true	46	83	0.07293820319178673
40	true	46	66	0.028201024741728583
40	true	46	23	0.07293820319178673
40	true	46	10	0.07293820319178673
40	true	46	99	0.07293820319178673
40	true	46	69	0.07293820319178673
40	true	46	18	0.07293820319178673
40	true	46	78	0.009915977666530391
40	true	46	76	0.028201024741728583
40	true	46	20	0.028201024741728583
40	true	46	13	0.009915977666530391
40	true	47	0	0.3185640950626521
40	true	47	98	0.2297743607974319
40	true	47	66	0.2297743607974319
40	true	47	7	0.07267265899983967
40	true	47	55	0.07267265899983967
40	true	47	60	0.01609008202761079
40	true	47	69	0.07267265899983967
40	true	47	94	0.07267265899983967
40	true	47	73	0.07267265899983967
40	true	47	93	0.026014884057596072
40	true	47	37	0.013465796698944788
40	true	47	18	0.013465796698944788
40	true	47	96	0.013465796698944788
40	true	47	87	0.013465796698944788
40	true	47	90	0.013465796698944788
40	true	47	67	0.013465796698944788
40	true	47	4	0.013465796698944788
40	true	47	10	0.013465796698944788
40	true	47	48	0.012238002602601869
40	true	47	20	0.012035140908218786
40	true	48	98	0.21781830130760918
40	true	48	29	0.20280510233877008
40	true	48	66	0.1441399998690095
40	true	48	74	0.20280510233877008
40	true	48	23	0.20280510233877008
40	true	48	12	0.1432933466352479
40	true	48	47	0.1432933466352479
40	true	48	83	0.1432933466352479
40	true	48	55	0.06038211376563794
40	true	48	72	0.06038211376563794
40	true	48	42	0.06038211376563794
40	true	48	90	0.06038211376563794
40	true	48	70	0.06038211376563794
40	true	48	73	0.06038211376563794
40	true	48	22	0.06038211376563794
40	true	48	54	0.06038211376563794
40	true	48	95	0.06038211376563794
40	true	48	40	0.06038211376563794
40	true	48	2	0.06038211376563794
40	true	48	37	0.02224191697884976
40	true	49	0	0.9862541074976173
40	true	49	55	0.053600017875317214
40	true	49	3	0.03609108452212157
40	true	49	60	0.03609108452212157
40	true	49	99	0.03609108452212157
40	true	49	22	0.03609108452212157
40	true	49	11	0.03609108452212157
40	true	49	44	0.03609108452212157
40	true	49	4	0.02428712674207438
40	true	49	76	0.02428712674207438
40	true	49	64	0.020562153436106515
40	true	49	18	0.02428712674207438
40	true	49	9	0.02428712674207438
40	true	49	5	0.02428712674207438
40	true	49	69	0.02428712674207438
40	true	49	73	0.02428712674207438
40	true	49	38	0.02428712674207438
40	true	49	51	0.01383515820010894
40	true	49	90	0.01383515820010894
40	true	49	57	0.01383515820010894
40	true	50	0	0.42820382088727427
40	true	50	66	0.308566149296478
40	true	50	51	0.07821631793620151
40	true	50	74	0.24449962538661432
40	true	50	29	0.24449962538661432
40	true	50	23	0.24449962538661432
40	true	50	94	0.03356500346277206
40	true	50	90	0.03356500346277206
40	true	50	20	0.03356500346277206
40	true	50	9	0.03356500346277206
40	true	50	5	0.03356500346277206
40	true	50	44	0.03356500346277206
40	true	50	70	0.03356500346277206
40	true	50	98	0.017750593634154183
40	true	50	68	0.010167951301229322
40	true	50	72	0.011233996163304238
40	true	50	42	0.011233996163304238
40	true	50	60	0.011233996163304238
40	true	50	62	0.011233996163304238
40	true	50	45	0.010167951301229322
40	true	51	38	0.08373001368811528
40	true	51	74	0.0569831914256569
40	true	51	5	0.08373001368811528
40	true	51	20	0.08373001368811528
40	true	51	0	0.0569831914256569
40	true	51	77	0.036242878393926724
40	true	51	10	0.036242878393926724
40	true	51	23	0.0569831914256569
40	true	51	29	0.0569831914256569
40	true	51	44	0.0569831914256569
40	true	51	54	0.01793013975842396
40	true	51	57	0.0569831914256569
40	true	51	45	0.0569831914256569
40	true	51	72	0.0569831914256569
40	true	51	42	0.0569831914256569
40	true	51	9	0.036242878393926724
40	true	51	90	0.01793013975842396
40	true	51	76	0.01793013975842396
40	true	51	22	0.01793013975842396
40	true	51	11	0.005661734816706802
40	true	52	0	0.33121958163807624
40	true	52	66	0.14592268605127806
40	true	52	98	0.028493003931295165
40	true	52	23	0.14592268605127806
40	true	52	74	0.14592268605127806
40	true	52	29	0.14592268605127806
40	true	52	11	0.028493003931295165
40	true	52	94	0.028493003931295165
40	true	52	62	0.013749319328624813
40	true	52	76	0.013749319328624813
40	true	52	99	0.013749319328624813
40	true	52	3	0.013001369182812328
40	true	52	4	0.013001369182812328
40	true	52	9	0.013001369182812328
40	true	52	83	0.013749319328624813
40	true	52	20	0.013749319328624813
40	true	52	61	0.013749319328624813
40	true	52	60	0.013749319328624813
40	true	52	54	0.013749319328624813
40	true	52	77	0.005050569794812506
40	true	53	0	0.346409253359161
40	true	53	29	0.1816889966589956
40	true	53	66	0.1816889966589956
40	true	53	94	0.1260987850923343
40	true	53	3	0.05719665304460809
40	true	53	11	0.0566169412116327
40	true	53	10	0.053154331607921476
40	true	53	67	0.0566169412116327
40	true	53	4	0.0566169412116327
40	true	53	13	0.053154331607921476
40	true	53	74	0.02301676640530061
40	true	53	70	0.02301676640530061
40	true	53	48	0.02301676640530061
40	true	53	98	0.02301676640530061
40	true	53	76	0.02301676640530061
40	true	53	18	0.02301676640530061
40	true	53	54	0.01882217196661821
40	true	53	62	0.02301676640530061
40	true	53	39	0.01882217196661821
40	true	53	9	0.02301676640530061
40	true	53	5	0.02301676640530061
40	true	53	23	0.02301676640530061
40	true	54	23	0.29254041835234607
40	true	54	0	0.29254041835234607
40	true	54	29	0.29254041835234607
40	true	54	74	0.29254041835234607
40	true	54	96	0.1466472136765569
40	true	54	20	0.0602538112742907
40	true	54	70	0.06584991192632575
40	true	54	98	0.06584991192632575
40	true	54	24	0.05251581302853529
40	true	54	68	0.0602538112742907
40	true	54	38	0.0602538112742907
40	true	54	40	0.05251581302853529
40	true	54	84	0.05251581302853529
40	true	54	9	0.05251581302853529
40	true	54	5	0.05251581302853529
40	true	54	10	0.010601845571669459
40	true	54	90	0.05251581302853529
40	true	54	72	0.05251581302853529
40	true	54	42	0.05251581302853529
40	true	54	8	0.05251581302853529
40	true	54	64	0.05251581302853529
40	true	55	0	0.28095765739338285
40	true	55	98	0.22669288658439443
40	true	55	51	0.22669288658439443
40	true	55	90	0.22669288658439443
40	true	55	70	0.22669288658439443
40	true	55	29	0.11501259763509016
40	true	55	65	0.11501259763509016
40	true	55	84	0.11501259763509016
40	true	55	66	0.05154538062953284
40	true	55	86	0.04680466084332939
40	true	55	20	0.04680466084332939
40	true	55	80	0.04680466084332939
40	true	55	8	0.04680466084332939
40	true	55	74	0.04680466084332939
40	true	55	23	0.04680466084332939
40	true	55	4	0.04680466084332939
40	true	55	3	0.04680466084332939
40	true	55	76	0.04680466084332939
40	true	55	24	0.007563056625420114
40	true	55	59	0.03340444549792603
40	true	55	7	0.03340444549792603
40	true	56	61	0.29542255915221716
40	true	56	55	0.29542255915221716
40	true	56	13	0.18858372327461223
40	true	56	48	0.29542255915221716
40	true	56	69	0.29542255915221716
40	true	56	18	0.29542255915221716
40	true	56	15	0.18858372327461223
40	true	56	12	0.18858372327461223
40	true	56	53	0.18858372327461223
40	true	56	20	0.18858372327461223
40	true	56	7	0.0885549000002916
40	true	56	43	0.05537211528883202
40	true	56	28	0.03753379445589219
40	true	56	97	0.048943319280408036
40	true	56	10	0.048943319280408036
40	true	56	5	0.03563230955435297
40	true	56	46	0.03563230955435297
40	true	56	58	0.03563230955435297
40	true	56	11	0.03563230955435297
40	true	56	36	0.03179956465414712
40	true	56	99	0.03179956465414712
40	true	57	0	0.32029020374806066
40	true	57	61	0.02873456343218825
40	true	57	74	0.02873456343218825
40	true	57	90	0.016667687072524844
40	true	57	62	0.016667687072524844
40	true	57	23	0.02873456343218825
40	true	57	29	0.02873456343218825
40	true	57	44	0.02873456343218825
40	true	57	11	0.02873456343218825
40	true	57	66	0.02873456343218825
40	true	57	4	0.020625946772796333
40	true	57	98	0.020625946772796333
40	true	57	9	0.015589364845260856
40	true	57	46	0.015589364845260856
40	true	57	94	0.015589364845260856
40	true	57	99	0.002037388120251226
40	true	57	58	0.015589364845260856
40	true	57	57	0.015589364845260856
40	true	57	73	0.00648924174697834
40	true	57	70	0.00648924174697834
40	true	57	42	0.00648924174697834
40	true	58	0	0.6062061280451888
40	true	58	94	0.07762975055702838
40	true	58	66	0.07762975055702838
40	true	58	29	0.07762975055702838
40	true	58	5	0.07215043219442697
40	true	58	10	0.07215043219442697
40	true	58	23	0.07215043219442697
40	true	58	74	0.07215043219442697
40	true	58	42	0.028829733702281424
40	true	58	44	0.07215043219442697
40	true	58	8	0.07215043219442697
40	true	58	11	0.021417344920935635
40	true	58	72	0.028829733702281424
40	true	58	62	0.028829733702281424
40	true	58	51	0.028829733702281424
40	true	58	21	0.028829733702281424
40	true	58	96	0.028829733702281424
40	true	58	34	0.028829733702281424
40	true	58	3	0.007559204648723785
40	true	58	9	0.007559204648723785
40	true	59	29	0.11446882301989711
40	true	59	0	0.11446882301989711
40	true	59	67	0.11446882301989711
40	true	59	98	0.11446882301989711
40	true	59	62	0.05882337573147895
40	true	59	10	0.05882337573147895
40	true	59	69	0.05046418515752496
40	true	59	13	0.05882337573147895
40	true	59	84	0.05882337573147895
40	true	59	66	0.05882337573147895
40	true	59	38	0.05882337573147895
40	true	59	74	0.05882337573147895
40	true	59	23	0.05882337573147895
40	true	59	7	0.05882337573147895
40	true	59	87	0.05882337573147895
40	true	59	72	0.05882337573147895
40	true	59	42	0.05882337573147895
40	true	59	77	0.05882337573147895
40	true	59	11	0.014666877033535307
40	true	59	61	0.005134805371848957
40	true	60	0	0.304918453734042
40	true	60	61	0.304918453734042
40	true	60	44	0.304918453734042
40	true	60	49	0.1804922854433798
40	true	60	27	0.10460699542638492
40	true	60	24	0.10460699542638492
40	true	60	58	0.10460699542638492
40	true	60	90	0.05285538128371384
40	true	60	23	0.05285538128371384
40	true	60	74	0.05285538128371384
40	true	60	29	0.05285538128371384
40	true	60	38	0.05285538128371384
40	true	60	10	0.05285538128371384
40	true	60	60	0.05285538128371384
40	true	60	70	0.05285538128371384
40	true	60	3	0.05285538128371384
40	true	60	13	0.05285538128371384
40	true	60	84	0.04421794359480164
40	true	60	99	0.04421794359480164
40	true	60	83	0.008751523241966463
40	true	61	29	0.0862553114471858
40	true	61	0	0.0862553114471858
40	true	61	20	0.0862553114471858
40	true	61	98	0.0862553114471858
40	true	61	44	0.0862553114471858
40	true	61	23	0.0862553114471858
40	true	61	74	0.0862553114471858
40	true	61	9	0.0862553114471858
40	true	61	77	0.050322288918141715
40	true	61	15	0.050322288918141715
40	true	61	84	0.027849719910861152
40	true	61	3	0.027849719910861152
40	true	61	8	0.027849719910861152
40	true	61	1	0.00717013964640933
40	true	61	72	0.021805412342663557
40	true	61	94	0.021805412342663557
40	true	61	61	0.021805412342663557
40	true	61	42	0.021805412342663557
40	true	61	99	0.021805412342663557
40	true	61	16	0.021805412342663557
40	true	61	68	0.021805412342663557
40	true	62	3	0.13986626578954178
40	true	62	0	0.13986626578954178
40	true	62	74	0.13986626578954178
40	true	62	4	0.13986626578954178
40	true	62	11	0.13986626578954178
40	true	62	83	0.09054568950618166
40	true	62	29	0.13986626578954178
40	true	62	23	0.13986626578954178
40	true	62	13	0.056618522487754425
40	true	62	10	0.056618522487754425
40	true	62	99	0.037338064629699366
40	true	62	76	0.037338064629699366
40	true	62	62	0.056618522487754425
40	true	62	8	0.056618522487754425
40	true	62	84	0.037338064629699366
40	true	62	1	0.006453545608065177
40	true	62	22	0.037338064629699366
40	true	62	54	0.037338064629699366
40	true	62	20	0.024574540304656847
40	true	62	68	0.024574540304656847
40	true	62	64	0.024574540304656847
40	true	63	0	0.058960246349044475
40	true	63	94	0.058960246349044475
40	true	63	66	0.058960246349044475
40	true	63	40	0.033781680821153036
40	true	63	92	0.033781680821153036
40	true	63	7	0.033781680821153036
40	true	63	4	0.033781680821153036
40	true	63	55	0.033781680821153036
40	true	63	29	0.033781680821153036
40	true	63	95	0.02838887588542575
40	true	63	87	0.02838887588542575
40	true	63	61	0.02838887588542575
40	true	63	9	0.033781680821153036
40	true	63	93	0.033781680821153036
40	true	63	74	0.033781680821153036
40	true	63	23	0.033781680821153036
40	true	63	5	0.0310684161251877
40	true	63	13	0.0310684161251877
40	true	63	10	0.0310684161251877
40	true	63	69	0.0310684161251877
40	true	63	1	0.0028858053229300633
40	true	64	93	0.1042443595453781
40	true	64	77	0.05316247994947935
40	true	64	23	0.1042443595453781
40	true	64	29	0.1042443595453781
40	true	64	74	0.1042443595453781
40	true	64	0	0.05316247994947935
40	true	64	94	0.05316247994947935
40	true	64	13	0.05316247994947935
40	true	64	10	0.05316247994947935
40	true	64	20	0.05316247994947935
40	true	64	44	0.05316247994947935
40	true	64	15	0.05016400897850031
40	true	64	7	0.05016400897850031
40	true	64	98	0.05016400897850031
40	true	64	11	0.05016400897850031
40	true	64	83	0.05016400897850031
40	true	64	84	0.05016400897850031
40	true	64	51	0.05016400897850031
40	true	64	90	0.05016400897850031
40	true	64	52	0.05016400897850031
40	true	64	70	0.004773150939172544
40	true	64	18	0.02051779761088273
40	true	65	66	0.12702881566256397
40	true	65	10	0.12702881566256397
40	true	65	3	0.07341427329344434
40	true	65	11	0.07341427329344434
40	true	65	4	0.07341427329344434
40	true	65	61	0.05449041258753718
40	true	65	24	0.05449041258753718
40	true	65	62	0.017193809134522477
40	true	65	29	0.017193809134522477
40	true	65	5	0.034229124920955964
40	true	65	18	0.034229124920955964
40	true	65	69	0.034229124920955964
40	true	65	30	0.034229124920955964
40	true	65	1	0.034229124920955964
40	true	65	13	0.034229124920955964
40	true	65	73	0.034229124920955964
40	true	65	68	0.034229124920955964
40	true	65	74	0.014659327826716466
40	true	65	92	0.014659327826716466
40	true	65	20	0.014659327826716466
40	true	65	23	0.014659327826716466
40	true	65	83	0.014659327826716466
40	true	65	98	0.014659327826716466
40	true	66	0	0.10535497260236812
40	true	66	20	0.050097591615771056
40	true	66	29	0.08019669370744621
40	true	66	23	0.08019669370744621
40	true	66	74	0.08019669370744621
40	true	66	66	0.08019669370744621
40	true	66	98	0.05805623321287969
40	true	66	99	0.032110501877829836
40	true	66	44	0.020389920750095734
40	true	66	76	0.020389920750095734
40	true	66	83	0.020389920750095734
40	true	66	60	0.020389920750095734
40	true	66	87	0.020389920750095734
40	true	66	43	0.009049615626281812
40	true	66	94	0.009049615626281812
40	true	66	9	0.009049615626281812
40	true	66	5	0.009049615626281812
40	true	66	62	0.004541848841422248
40	true	66	84	0.004861185259699629
40	true	66	36	0.004861185259699629
40	true	66	54	0.006551747321537158
40	true	66	22	0.006551747321537158
40	true	66	67	0.006551747321537158
40	true	67	0	0.2871059609561379
40	true	67	29	0.2246855095601366
40	true	67	94	0.10000194152350435
40	true	67	44	0.10000194152350435
40	true	67	87	0.041682779118657275
40	true	67	5	0.0328518698848866
40	true	67	35	0.041682779118657275
40	true	67	95	0.0328518698848866
40	true	67	9	0.0328518698848866
40	true	67	92	0.041682779118657275
40	true	67	16	0.041682779118657275
40	true	67	17	0.041682779118657275
40	true	67	93	0.027633858042835833
40	true	67	24	0.009522814600209397
40	true	67	53	0.017179176223293204
40	true	67	74	0.017179176223293204
40	true	67	38	0.017179176223293204
40	true	67	23	0.012508943270410867
40	true	67	70	0.009522814600209397
40	true	67	66	0.008782922523608084
40	true	67	21	0.009522814600209397
40	true	68	66	0.32445411778517086
40	true	68	0	0.32445411778517086
40	true	68	11	0.0655988931370719
40	true	68	29	0.0655988931370719
40	true	68	13	0.05038523595009371
40	true	68	74	0.05038523595009371
40	true	68	76	0.03669150895935777
40	true	68	90	0.03669150895935777
40	true	68	5	0.05038523595009371
40	true	68	45	0.05038523595009371
40	true	68	57	0.05038523595009371
40	true	68	4	0.035183341390035344
40	true	68	44	0.034514724194693584
40	true	68	9	0.035183341390035344
40	true	68	22	0.034514724194693584
40	true	68	54	0.034514724194693584
40	true	68	69	0.03237822014520906
40	true	68	3	0.03237822014520906
40	true	68	8	0.03237822014520906
40	true	68	72	0.007250825057572155
40	true	69	0	0.1695473224754064
40	true	69	66	0.10687967389358458
40	true	69	94	0.06402216552944141
40	true	69	98	0.06402216552944141
40	true	69	3	0.06402216552944141
40	true	69	29	0.06402216552944141
40	true	69	74	0.06402216552944141
40	true	69	4	0.06402216552944141
40	true	69	76	0.06402216552944141
40	true	69	11	0.06402216552944141
40	true	69	10	0.027483580162052584
40	true	69	44	0.06402216552944141
40	true	69	23	0.06402216552944141
40	true	69	9	0.047070432608034
40	true	69	24	0.047070432608034
40	true	69	5	0.024502660149335935
40	true	69	90	0.024502660149335935
40	true	69	18	0.012994540787052093
40	true	69	7	0.006319993531639032
40	true	69	87	0.009993108987114826
40	true	69	20	0.009993108987114826
40	true	69	51	0.009993108987114826
40	true	70	0	0.15099232085502665
40	true	70	44	0.15099232085502665
40	true	70	7	0.03529626661837745
40	true	70	23	0.07744858187581259
40	true	70	29	0.07744858187581259
40	true	70	74	0.03529626661837745
40	true	70	8	0.03529626661837745
40	true	70	45	0.03529626661837745
40	true	70	66	0.03529626661837745
40	true	70	10	0.03529626661837745
40	true	70	57	0.03529626661837745
40	true	70	94	0.03529626661837745
40	true	70	46	0.03529626661837745
40	true	70	67	0.025337585678071393
40	true	70	42	0.021823078804132576
40	true	70	72	0.021823078804132576
40	true	70	76	0.025337585678071393
40	true	70	62	0.025337585678071393
40	true	70	54	0.022599943331227963
40	true	70	96	0.007982242477150304
40	true	70	13	0.021823078804132576
40	true	71	0	0.13014640809837036
40	true	71	29	0.13014640809837036
40	true	71	23	0.13014640809837036
40	true	71	74	0.13014640809837036
40	true	71	92	0.12081402173878396
40	true	71	66	0.12081402173878396
40	true	71	94	0.12081402173878396
40	true	71	60	0.12081402173878396
40	true	71	98	0.12081402173878396
40	true	71	83	0.12081402173878396
40	true	71	11	0.03244349771053797
40	true	71	3	0.03244349771053797
40	true	71	51	0.03244349771053797
40	true	71	7	0.03244349771053797
40	true	71	42	0.03244349771053797
40	true	71	68	0.00967134127807917
40	true	71	4	0.00967134127807917
40	true	71	43	0.00967134127807917
40	true	71	70	0.03244349771053797
40	true	71	90	0.03244349771053797
40	true	71	72	0.03244349771053797
40	true	71	50	0.03244349771053797
40	true	72	0	0.7465660969194263
40	true	72	44	0.18234032188395743
40	true	72	66	0.18234032188395743
40	true	72	74	0.18234032188395743
40	true	72	61	0.18234032188395743
40	true	72	62	0.11774860494817378
40	true	72	29	0.18234032188395743
40	true	72	23	0.18234032188395743
40	true	72	20	0.18234032188395743
40	true	72	60	0.18234032188395743
40	true	72	83	0.11774860494817378
40	true	72	92	0.11774860494817378
40	true	72	45	0.11774860494817378
40	true	72	46	0.11774860494817378
40	true	72	7	0.11774860494817378
40	true	72	5	0.11774860494817378
40	true	72	9	0.11774860494817378
40	true	72	96	0.11774860494817378
40	true	72	38	0.11774860494817378
40	true	72	70	0.11774860494817378
40	true	73	66	0.1691790631842511
40	true	73	38	0.12400397428401543
40	true	73	23	0.15618736507738812
40	true	73	74	0.15618736507738812
40	true	73	29	0.15618736507738812
40	true	73	20	0.07366104966840914
40	true	73	0	0.07366104966840914
40	true	73	69	0.05212705080522008
40	true	73	94	0.07007932632478553
40	true	73	80	0.07366104966840914
40	true	73	86	0.07366104966840914
40	true	73	89	0.07366104966840914
40	true	73	73	0.07366104966840914
40	true	73	79	0.07366104966840914
40	true	73	33	0.07366104966840914
40	true	73	87	0.01213105553905994
40	true	73	18	0.024707583352406047
40	true	73	92	0.024707583352406047
40	true	73	77	0.016412686922106744
40	true	73	61	0.016412686922106744
40	true	74	0	0.38677828266701303
40	true	74	29	0.07692480379834764
40	true	74	9	0.07692480379834764
40	true	74	18	0.07692480379834764
40	true	74	69	0.07692480379834764
40	true	74	5	0.04107215907769623
40	true	74	51	0.04107215907769623
40	true	74	74	0.04107215907769623
40	true	74	84	0.04107215907769623
40	true	74	20	0.04107215907769623
40	true	74	92	0.020610588660957642
40	true	74	23	0.04107215907769623
40	true	74	76	0.0331923682195924
40	true	74	60	0.0331923682195924
40	true	74	55	0.020610588660957642
40	true	74	54	0.020610588660957642
40	true	74	44	0.020610588660957642
40	true	74	8	0.017328214969736997
40	true	74	11	0.009516547026797108
40	true	74	66	0.009516547026797108
40	true	75	0	0.42774613995272137
40	true	75	5	0.42774613995272137
40	true	75	60	0.17672557363219954
40	true	75	93	0.17672557363219954
40	true	75	23	0.17672557363219954
40	true	75	74	0.17672557363219954
40	true	75	9	0.1543699922196063
40	true	75	95	0.06529972072153627
40	true	75	10	0.06529972072153627
40	true	75	17	0.06529972072153627
40	true	75	57	0.06529972072153627
40	true	75	45	0.06529972072153627
40	true	75	11	0.04784532029859045
40	true	75	20	0.04784532029859045
40	true	75	13	0.02603532637554201
40	true	75	61	0.04784532029859045
40	true	75	46	0.04784532029859045
40	true	75	84	0.04784532029859045
40	true	75	97	0.010680796893515823
40	true	75	7	0.010680796893515823
40	true	76	0	0.18347057547275075
40	true	76	29	0.18347057547275075
40	true	76	74	0.18347057547275075
40	true	76	23	0.18347057547275075
40	true	76	38	0.1332950830672295
40	true	76	66	0.1332950830672295
40	true	76	77	0.08895862266526133
40	true	76	93	0.05948736211537469
40	true	76	51	0.03203841870004104
40	true	76	20	0.03203841870004104
40	true	76	90	0.03203841870004104
40	true	76	11	0.020497160517903325
40	true	76	3	0.020497160517903325
40	true	76	70	0.012945070357619035
40	true	76	4	0.014306101858651403
40	true	76	94	0.014306101858651403
40	true	76	83	0.014306101858651403
40	true	76	5	0.014306101858651403
40	true	76	10	0.014306101858651403
40	true	76	98	0.012945070357619035
40	true	76	9	0.012945070357619035
40	true	76	72	0.012945070357619035
40	true	76	42	0.012945070357619035
40	true	77	0	0.18073500014434443
40	true	77	8	0.18073500014434443
40	true	77	29	0.11940792822894743
40	true	77	23	0.11940792822894743
40	true	77	74	0.11940792822894743
40	true	77	83	0.11940792822894743
40	true	77	57	0.0054305482411635304
40	true	77	77	0.026728681425905097
40	true	77	38	0.026728681425905097
40	true	77	10	0.026728681425905097
40	true	77	11	0.026728681425905097
40	true	77	9	0.026728681425905097
40	true	77	5	0.024181883878884074
40	true	77	4	0.024181883878884074
40	true	77	3	0.024181883878884074
40	true	77	1	0.01429721696013197
40	true	77	13	0.01429721696013197
40	true	77	14	0.005069352574162748
40	true	77	18	0.005069352574162748
40	true	77	44	0.0054305482411635304
40	true	77	45	0.0054305482411635304
40	true	78	0	0.509371572266512
40	true	78	3	0.052976041974568594
40	true	78	29	0.052976041974568594
40	true	78	76	0.02871438551771101
40	true	78	83	0.026945039598099605
40	true	78	22	0.026945039598099605
40	true	78	93	0.02871438551771101
40	true	78	62	0.02167518742774331
40	true	78	20	0.02167518742774331
40	true	78	23	0.02871438551771101
40	true	78	74	0.02871438551771101
40	true	78	42	0.02871438551771101
40	true	78	72	0.02871438551771101
40	true	78	66	0.02871438551771101
40	true	78	10	0.02871438551771101
40	true	78	9	0.025547666888125375
40	true	78	5	0.025547666888125375
40	true	78	87	0.007626502132616823
40	true	78	8	0.003917279190607145
40	true	78	70	0.01128511604343778
40	true	78	48	0.01128511604343778
40	true	78	24	0.01128511604343778
40	true	79	0	0.4370005181616131
40	true	79	74	0.07787877845288514
40	true	79	66	0.06353385240317554
40	true	79	29	0.05531324756550889
40	true	79	23	0.05531324756550889
40	true	79	11	0.048411718923345164
40	true	79	4	0.03067760116065058
40	true	79	44	0.02471262124793136
40	true	79	10	0.02471262124793136
40	true	79	90	0.022266712839074984
40	true	79	94	0.022266712839074984
40	true	79	38	0.02177324953461884
40	true	79	9	0.02471262124793136
40	true	79	60	0.02471262124793136
40	true	79	61	0.02471262124793136
40	true	79	20	0.016848006106008614
40	true	79	72	0.016848006106008614
40	true	79	46	0.016171668702575227
40	true	79	8	0.016171668702575227
40	true	79	70	0.016848006106008614
40	true	79	42	0.016848006106008614
40	true	79	76	0.016171668702575227
40	true	79	7	0.016171668702575227
40	true	80	0	0.3694600164136543
40	true	80	66	0.149447033581076
40	true	80	69	0.017314572800894833
40	true	80	23	0.149447033581076
40	true	80	74	0.149447033581076
40	true	80	29	0.149447033581076
40	true	80	20	0.149447033581076
40	true	80	3	0.017314572800894833
40	true	80	68	0.017314572800894833
40	true	80	24	0.017314572800894833
40	true	80	98	0.017314572800894833
40	true	80	94	0.017314572800894833
40	true	80	76	0.017314572800894833
40	true	80	5	0.017314572800894833
40	true	80	54	0.017314572800894833
40	true	80	7	0.017314572800894833
40	true	80	22	0.01288631989278239
40	true	80	11	0.008448594973099962
40	true	80	99	0.008448594973099962
40	true	80	61	0.0020202370734170266
40	true	81	0	0.25993183345721194
40	true	81	61	0.15390172786656894
40	true	81	66	0.15390172786656894
40	true	81	29	0.08120995494624568
40	true	81	60	0.07094872859585899
40	true	81	11	0.07094872859585899
40	true	81	4	0.07094872859585899
40	true	81	76	0.07094872859585899
40	true	81	1	0.07094872859585899
40	true	81	22	0.07094872859585899
40	true	81	3	0.07094872859585899
40	true	81	12	0.06631538602660386
40	true	81	72	0.01271490035877126
40	true	81	55	0.01271490035877126
40	true	81	68	0.0309445302754431
40	true	81	94	0.0309445302754431
40	true	81	46	0.0309445302754431
40	true	81	74	0.01796992303364877
40	true	81	42	0.01271490035877126
40	true	81	90	0.01271490035877126
40	true	82	0	0.13289608796173372
40	true	82	98	0.08357833336629286
40	true	82	29	0.08357833336629286
40	true	82	11	0.07678306532473683
40	true	82	90	0.07678306532473683
40	true	82	94	0.07678306532473683
40	true	82	4	0.07678306532473683
40	true	82	3	0.07678306532473683
40	true	82	76	0.07678306532473683
40	true	82	70	0.07678306532473683
40	true	82	66	0.07678306532473683
40	true	82	22	0.07678306532473683
40	true	82	54	0.07678306532473683
40	true	82	62	0.019818366898199765
40	true	82	38	0.07678306532473683
40	true	82	10	0.07678306532473683
40	true	82	83	0.019818366898199765
40	true	82	52	0.019818366898199765
40	true	82	13	0.019818366898199765
40	true	82	69	0.019818366898199765
40	true	83	0	0.5170515425992492
40	true	83	20	0.07269505957046013
40	true	83	74	0.10040243653313101
40	true	83	29	0.10040243653313101
40	true	83	23	0.10040243653313101
40	true	83	76	0.0293484741612933
40	true	83	60	0.07269505957046013
40	true	83	94	0.07269505957046013
40	true	83	61	0.0346205149582007
40	true	83	26	0.017595641866312902
40	true	83	80	0.016788046954463596
40	true	83	96	0.016788046954463596
40	true	83	98	0.011410280768184537
40	true	83	11	0.011410280768184537
40	true	83	10	0.011410280768184537
40	true	83	4	0.011410280768184537
40	true	83	8	0.011410280768184537
40	true	83	18	0.0073280370385595305
40	true	83	21	0.016788046954463596
40	true	83	81	0.016788046954463596
40	true	83	28	0.016788046954463596
40	true	83	59	0.016788046954463596
40	true	83	15	0.016788046954463596
40	true	83	50	0.016788046954463596
40	true	83	17	0.008959090117922166
40	true	83	91	0.007739022320792822
40	true	84	94	0.2674551537260738
40	true	84	0	0.2674551537260738
40	true	84	11	0.15313517507457391
40	true	84	4	0.15313517507457391
40	true	84	68	0.061296396095950785
40	true	84	51	0.10182730457843663
40	true	84	52	0.10182730457843663
40	true	84	93	0.061296396095950785
40	true	84	77	0.061296396095950785
40	true	84	35	0.061296396095950785
40	true	84	45	0.03734778446345289
40	true	84	57	0.03734778446345289
40	true	84	62	0.03734778446345289
40	true	84	20	0.03734778446345289
40	true	84	84	0.03734778446345289
40	true	84	99	0.03734778446345289
40	true	84	40	0.03734778446345289
40	true	84	5	0.03734778446345289
40	true	84	34	0.03734778446345289
40	true	84	96	0.03734778446345289
40	true	85	0	0.5405013205571995
40	true	85	74	0.2906929173754858
40	true	85	4	0.07757347666909489
40	true	85	66	0.07757347666909489
40	true	85	29	0.2906929173754858
40	true	85	23	0.2906929173754858
40	true	85	97	0.07679445203544663
40	true	85	5	0.07679445203544663
40	true	85	9	0.07679445203544663
40	true	85	51	0.07679445203544663
40	true	85	50	0.02025783590877404
40	true	85	84	0.02025783590877404
40	true	85	98	0.02025783590877404
40	true	85	49	0.014363176672881046
40	true	85	92	0.014363176672881046
40	true	85	83	0.02025783590877404
40	true	85	90	0.02025783590877404
40	true	85	76	0.02025783590877404
40	true	85	52	0.019210606499816773
40	true	85	95	0.019210606499816773
40	true	86	0	0.18628736881103802
40	true	86	9	0.17858889722459367
40	true	86	94	0.17404609755726264
40	true	86	37	0.08451663813811079
40	true	86	66	0.08451663813811079
40	true	86	87	0.08451663813811079
40	true	86	11	0.03714279895138501
40	true	86	92	0.04255116492072383
40	true	86	38	0.014322299700448394
40	true	86	8	0.014185335397278133
40	true	86	74	0.04255116492072383
40	true	86	29	0.04255116492072383
40	true	86	98	0.04255116492072383
40	true	86	18	0.04255116492072383
40	true	86	99	0.04255116492072383
40	true	86	23	0.04255116492072383
40	true	86	62	0.0018201677070593077
40	true	86	5	0.014185335397278133
40	true	86	83	0.014185335397278133
40	true	86	10	0.014185335397278133
40	true	86	36	0.010124873784098999
40	true	87	0	0.5614591024284784
40	true	87	29	0.090119292124757
40	true	87	74	0.090119292124757
40	true	87	66	0.090119292124757
40	true	87	23	0.090119292124757
40	true	87	38	0.090119292124757
40	true	87	99	0.090119292124757
40	true	87	94	0.090119292124757
40	true	87	11	0.03308392870816795
40	true	87	98	0.021724677234044986
40	true	87	62	0.021724677234044986
40	true	87	90	0.03308392870816795
40	true	87	5	0.03308392870816795
40	true	87	9	0.021724677234044986
40	true	87	51	0.021724677234044986
40	true	87	55	0.0031731757267333097
40	true	87	7	0.017036737414029942
40	true	87	4	0.017036737414029942
40	true	87	10	0.017036737414029942
40	true	87	3	0.017036737414029942
40	true	87	93	0.004966272283965899
40	true	88	0	0.4124610045431155
40	true	88	98	0.07505562966566842
40	true	88	66	0.13464491727802302
40	true	88	4	0.07505562966566842
40	true	88	23	0.13464491727802302
40	true	88	74	0.13464491727802302
40	true	88	29	0.13464491727802302
40	true	88	61	0.06605704596783951
40	true	88	20	0.06605704596783951
40	true	88	83	0.06605704596783951
40	true	88	9	0.01962505531078685
40	true	88	44	0.06605704596783951
40	true	88	5	0.012090191620969217
40	true	88	7	0.06605704596783951
40	true	88	68	0.06605704596783951
40	true	88	76	0.06605704596783951
40	true	88	62	0.012090191620969217
40	true	88	11	0.012090191620969217
40	true	88	84	0.004669505072474738
40	true	88	64	0.004669505072474738
40	true	89	0	0.4941248163964426
40	true	89	62	0.03150872681897682
40	true	89	29	0.05034007961154065
40	true	89	23	0.05034007961154065
40	true	89	74	0.05034007961154065
40	true	89	11	0.04074726117975988
40	true	89	20	0.03150872681897682
40	true	89	87	0.03150872681897682
40	true	89	10	0.03150872681897682
40	true	89	7	0.03150872681897682
40	true	89	76	0.03150872681897682
40	true	89	94	0.03150872681897682
40	true	89	3	0.03150872681897682
40	true	89	66	0.03150872681897682
40	true	89	9	0.03150872681897682
40	true	89	4	0.03150872681897682
40	true	89	93	0.03150872681897682
40	true	89	83	0.03150872681897682
40	true	89	84	0.003621534782369339
40	true	89	43	0.0022861850967030362
40	true	90	0	0.34470853644054383
40	true	90	20	0.09832138582534337
40	true	90	23	0.11611805833254943
40	true	90	74	0.11611805833254943
40	true	90	29	0.11611805833254943
40	true	90	60	0.04903802484851054
40	true	90	69	0.04250318726387869
40	true	90	44	0.03685660642400631
40	true	90	51	0.03685660642400631
40	true	90	94	0.03538482385600846
40	true	90	87	0.03538482385600846
40	true	90	66	0.03538482385600846
40	true	90	18	0.03538482385600846
40	true	90	97	0.0320456348921072
40	true	90	3	0.03538482385600846
40	true	90	46	0.03538482385600846
40	true	90	62	0.03538482385600846
40	true	90	40	0.008912505546213844
40	true	90	10	0.03538482385600846
40	true	90	76	0.008912505546213844
40	true	90	45	0.03538482385600846
40	true	90	57	0.03538482385600846
40	true	91	0	0.24352718051575595
40	true	91	66	0.08578030595288795
40	true	91	44	0.08578030595288795
40	true	91	87	0.08578030595288795
40	true	91	92	0.08578030595288795
40	true	91	93	0.03903655531933796
40	true	91	94	0.04673167650409037
40	true	91	23	0.04673167650409037
40	true	91	74	0.04673167650409037
40	true	91	64	0.02123325098126118
40	true	91	24	0.02123325098126118
40	true	91	11	0.014347287002809345
40	true	91	77	0.015934222861641114
40	true	91	1	0.015934222861641114
40	true	91	14	0.015934222861641114
40	true	91	4	0.014347287002809345
40	true	91	69	0.014347287002809345
40	true	91	45	0.009454343155226488
40	true	91	10	0.009454343155226488
40	true	91	49	0.009454343155226488
40	true	92	0	0.3214098050708081
40	true	92	29	0.3214098050708081
40	true	92	66	0.10513058703346166
40	true	92	77	0.07324222887193778
40	true	92	44	0.07324222887193778
40	true	92	94	0.045129450753382955
40	true	92	40	0.022894271914030283
40	true	92	38	0.0191781132959385
40	true	92	74	0.0673444744303223
40	true	92	23	0.0673444744303223
40	true	92	69	0.0673444744303223
40	true	92	18	0.0673444744303223
40	true	92	11	0.02437438752132524
40	true	92	3	0.02437438752132524
40	true	92	5	0.02437438752132524
40	true	92	93	0.02437438752132524
40	true	92	4	0.02437438752132524
40	true	92	9	0.02437438752132524
40	true	92	7	0.017201979732237995
40	true	92	72	0.007468312147698617
40	true	93	0	0.43806399027816834
40	true	93	20	0.06657094701913882
40	true	93	23	0.1187478670975119
40	true	93	74	0.1187478670975119
40	true	93	5	0.06348151153541029
40	true	93	29	0.06348151153541029
40	true	93	9	0.06348151153541029
40	true	93	46	0.06348151153541029
40	true	93	57	0.06348151153541029
40	true	93	45	0.06348151153541029
40	true	93	21	0.06348151153541029
40	true	93	44	0.06348151153541029
40	true	93	93	0.04049183805589423
40	true	93	4	0.06348151153541029
40	true	93	3	0.06348151153541029
40	true	93	61	0.021639635520951262
40	true	93	62	0.013249230072856256
40	true	93	75	0.012676262376789912
40	true	93	26	0.012676262376789912
40	true	93	66	0.000769595347819423
40	true	94	0	0.29481818533258297
40	true	94	94	0.14996145641851313
40	true	94	23	0.07708061987626717
40	true	94	29	0.07708061987626717
40	true	94	7	0.07708061987626717
40	true	94	87	0.07268548257860398
40	true	94	74	0.07268548257860398
40	true	94	20	0.05355399887999311
40	true	94	44	0.05355399887999311
40	true	94	5	0.05355399887999311
40	true	94	48	0.05355399887999311
40	true	94	99	0.01763145591233825
40	true	94	60	0.01763145591233825
40	true	94	76	0.01763145591233825
40	true	94	9	0.01763145591233825
40	true	94	3	0.01763145591233825
40	true	94	66	0.01763145591233825
40	true	94	11	0.003622659577433636
40	true	94	90	0.01763145591233825
40	true	94	34	0.01763145591233825
40	true	94	93	0.01763145591233825
40	true	95	29	0.35423972139265586
40	true	95	0	0.061271871435227394
40	true	95	95	0.060621134332356316
40	true	95	10	0.060621134332356316
40	true	95	7	0.060621134332356316
40	true	95	94	0.04507069926660099
40	true	95	87	0.04507069926660099
40	true	95	38	0.02907520480302864
40	true	95	61	0.02886991059494391
40	true	95	62	0.02527054601614551
40	true	95	66	0.02527054601614551
40	true	95	4	0.02527054601614551
40	true	95	40	0.02527054601614551
40	true	95	98	0.02527054601614551
40	true	95	74	0.02527054601614551
40	true	95	96	0.018705199199351676
40	true	95	57	0.018705199199351676
40	true	95	71	0.018705199199351676
40	true	95	90	0.018705199199351676
40	true	95	23	0.0009900068010883483
40	true	95	45	0.018705199199351676
40	true	96	0	0.4379194994319307
40	true	96	29	0.27966791885808445
40	true	96	23	0.27966791885808445
40	true	96	74	0.27966791885808445
40	true	96	93	0.07521717148874493
40	true	96	66	0.07521717148874493
40	true	96	10	0.0242187208446634
40	true	96	77	0.07521717148874493
40	true	96	69	0.07521717148874493
40	true	96	18	0.07521717148874493
40	true	96	52	0.07521717148874493
40	true	96	97	0.07521717148874493
40	true	96	19	0.06400354066989532
40	true	96	17	0.0242187208446634
40	true	96	9	0.0242187208446634
40	true	96	55	0.0242187208446634
40	true	96	5	0.0242187208446634
40	true	96	90	0.0242187208446634
40	true	96	42	0.0242187208446634
40	true	96	72	0.0242187208446634
40	true	97	0	0.37389802582123
40	true	97	11	0.19405712492171592
40	true	97	23	0.2265015299188202
40	true	97	74	0.2265015299188202
40	true	97	29	0.19405712492171592
40	true	97	44	0.13516249075705378
40	true	97	48	0.05365533308518907
40	true	97	94	0.04390147701151301
40	true	97	92	0.03678031338495688
40	true	97	8	0.03678031338495688
40	true	97	95	0.03678031338495688
40	true	97	58	0.03678031338495688
40	true	97	62	0.03678031338495688
40	true	97	4	0.03678031338495688
40	true	97	93	0.03678031338495688
40	true	97	5	0.03678031338495688
40	true	97	60	0.013026044970097026
40	true	97	83	0.0072177881377332425
40	true	97	71	0.03678031338495688
40	true	97	90	0.03678031338495688
40	true	97	40	0.03678031338495688
40	true	98	11	0.2554532368156211
40	true	98	97	0.0802174619266892
40	true	98	20	0.0802174619266892
40	true	98	9	0.0802174619266892
40	true	98	24	0.0802174619266892
40	true	98	5	0.0802174619266892
40	true	98	1	0.0802174619266892
40	true	98	53	0.0802174619266892
40	true	98	62	0.0802174619266892
40	true	98	38	0.0802174619266892
40	true	98	94	0.0802174619266892
40	true	98	83	0.0802174619266892
40	true	98	30	0.0802174619266892
40	true	98	98	0.0802174619266892
40	true	98	10	0.0802174619266892
40	true	98	3	0.0802174619266892
40	true	98	6	0.0802174619266892
40	true	98	75	0.0802174619266892
40	true	98	76	0.01985761385395194
40	true	98	59	0.0802174619266892
40	true	98	50	0.0802174619266892
40	true	99	0	0.0958926139882686
40	true	99	68	0.06896587118813126
40	true	99	74	0.06896587118813126
40	true	99	29	0.06896587118813126
40	true	99	23	0.06896587118813126
40	true	99	11	0.06896587118813126
40	true	99	87	0.06896587118813126
40	true	99	83	0.06896587118813126
40	true	99	51	0.06896587118813126
40	true	99	3	0.06896587118813126
40	true	99	99	0.06896587118813126
40	true	99	43	0.06896587118813126
40	true	99	66	0.06896587118813126
40	true	99	4	0.06896587118813126
40	true	99	5	0.06896587118813126
40	true	99	9	0.031071891315026967
40	true	99	18	0.032637818983200784
40	true	99	62	0.025949509694261665
40	true	99	61	0.032637818983200784
40	true	99	71	0.032637818983200784
40	true	99	95	0.032637818983200784
40	true	100	0	0.38524419838963136
40	true	100	29	0.09468823887891609
40	true	100	74	0.09468823887891609
40	true	100	23	0.09468823887891609
40	true	100	66	0.08645067659013257
40	true	100	4	0.07798298633803408
40	true	100	94	0.07798298633803408
40	true	100	11	0.03427187942502738
40	true	100	20	0.04350850186096147
40	true	100	87	0.04350850186096147
40	true	100	7	0.03427187942502738
40	true	100	3	0.03427187942502738
40	true	100	10	0.01978460465892366
40	true	100	61	0.01978460465892366
40	true	100	90	0.01978460465892366
40	true	100	99	0.01151559274682355
40	true	100	98	0.01151559274682355
40	true	100	40	0.01978460465892366
40	true	100	95	0.01978460465892366
40	true	100	70	0.01978460465892366
40	true	100	13	0.01978460465892366
40	true	100	71	0.008942033839437738
