16	0	1	2	0.12246747559417966
16	0	1	15	0.10073687976346572
16	0	1	55	0.09590643808227302
16	0	1	0	0.09590643808227302
16	0	1	69	0.09590643808227302
16	0	1	46	0.09590643808227302
16	0	1	21	0.04483733757186048
16	0	1	12	0.04483733757186048
16	0	1	38	0.030599293479339925
16	0	1	53	0.030599293479339925
16	0	1	62	0.030599293479339925
16	0	1	98	0.030599293479339925
16	0	1	88	0.030599293479339925
16	0	1	24	0.022286164165295663
16	0	1	14	0.022286164165295663
16	0	1	86	0.01839185159399799
16	0	1	74	0.01839185159399799
16	0	1	17	0.01839185159399799
16	0	1	22	0.022286164165295663
16	0	1	19	0.022286164165295663
16	0	1	71	0.004294375767791703
16	0	1	7	0.004294375767791703
16	0	1	10	0.004294375767791703
16	0	2	2	0.10795334095411804
16	0	2	15	0.10519807510411307
16	0	2	55	0.09335015709151068
16	0	2	0	0.09335015709151068
16	0	2	46	0.09335015709151068
16	0	2	69	0.09335015709151068
16	0	2	38	0.05610491540065894
16	0	2	12	0.05610491540065894
16	0	2	21	0.05610491540065894
16	0	2	53	0.05610491540065894
16	0	2	62	0.05610491540065894
16	0	2	98	0.05610491540065894
16	0	2	88	0.05610491540065894
16	0	2	74	0.009277492614084271
16	0	2	14	0.01254394958641819
16	0	2	24	0.01254394958641819
16	0	2	22	0.01254394958641819
16	0	2	19	0.01254394958641819
16	0	2	17	0.01254394958641819
16	0	2	5	0.0029618651475704586
16	0	3	2	0.12586284678568743
16	0	3	15	0.08625418144324867
16	0	3	55	0.07612818576505165
16	0	3	0	0.07612818576505165
16	0	3	46	0.07612818576505165
16	0	3	69	0.07612818576505165
16	0	3	38	0.05498082068060873
16	0	3	12	0.05841631728043848
16	0	3	21	0.05841631728043848
16	0	3	24	0.021675747938489587
16	0	3	88	0.05498082068060873
16	0	3	53	0.05498082068060873
16	0	3	62	0.05498082068060873
16	0	3	98	0.021675747938489587
16	0	3	19	0.021675747938489587
16	0	3	14	0.021675747938489587
16	0	3	22	0.021675747938489587
16	0	3	74	0.021675747938489587
16	0	3	17	0.017780153358971117
16	0	3	5	0.017780153358971117
16	0	4	2	0.11679773604777778
16	0	4	15	0.1048920542026549
16	0	4	55	0.09437229048916657
16	0	4	0	0.09437229048916657
16	0	4	46	0.09437229048916657
16	0	4	69	0.09437229048916657
16	0	4	38	0.03840370265095587
16	0	4	12	0.0502217426375724
16	0	4	21	0.0502217426375724
16	0	4	53	0.03840370265095587
16	0	4	88	0.03840370265095587
16	0	4	98	0.03840370265095587
16	0	4	62	0.03840370265095587
16	0	4	74	0.01971393242171005
16	0	4	24	0.015363476180493437
16	0	4	14	0.015363476180493437
16	0	4	19	0.015363476180493437
16	0	4	86	0.003624883184885022
16	0	4	1	0.003624883184885022
16	0	4	28	0.003624883184885022
16	0	4	17	0.015363476180493437
16	0	4	22	0.015363476180493437
16	0	4	5	0.012615040499976575
16	0	5	2	0.11455210173682284
16	0	5	15	0.08709886984150111
16	0	5	55	0.07763383229063028
16	0	5	0	0.07763383229063028
16	0	5	46	0.07763383229063028
16	0	5	69	0.07763383229063028
16	0	5	21	0.05506403863002275
16	0	5	12	0.05506403863002275
16	0	5	24	0.022930665308761627
16	0	5	38	0.04168289189514752
16	0	5	88	0.04168289189514752
16	0	5	22	0.022930665308761627
16	0	5	19	0.022930665308761627
16	0	5	14	0.022930665308761627
16	0	5	98	0.04168289189514752
16	0	5	53	0.04168289189514752
16	0	5	62	0.04168289189514752
16	0	5	74	0.039279131223365564
16	0	5	71	0.022930665308761627
16	0	5	76	0.010091463879028633
16	0	6	2	0.1220394485597783
16	0	6	15	0.1220394485597783
16	0	6	55	0.1009894567174942
16	0	6	0	0.1009894567174942
16	0	6	46	0.1009894567174942
16	0	6	69	0.1009894567174942
16	0	6	38	0.04644361576637914
16	0	6	12	0.04946278070947068
16	0	6	21	0.04946278070947068
16	0	6	24	0.011525458677983534
16	0	6	14	0.011525458677983534
16	0	6	62	0.04644361576637914
16	0	6	88	0.04644361576637914
16	0	6	53	0.04644361576637914
16	0	6	98	0.04644361576637914
16	0	6	86	0.032530119164923335
16	0	6	74	0.032530119164923335
16	0	6	71	0.018996897220697063
16	0	6	76	0.00835297896195314
16	0	6	22	0.011525458677983534
16	0	6	19	0.011525458677983534
16	0	7	2	0.11795676030001692
16	0	7	15	0.08775997571585568
16	0	7	55	0.07192657906302861
16	0	7	0	0.07192657906302861
16	0	7	46	0.07192657906302861
16	0	7	69	0.07192657906302861
16	0	7	38	0.05091668866440412
16	0	7	12	0.05091668866440412
16	0	7	21	0.05091668866440412
16	0	7	53	0.05091668866440412
16	0	7	24	0.010567250480024435
16	0	7	14	0.010567250480024435
16	0	7	98	0.05091668866440412
16	0	7	88	0.05091668866440412
16	0	7	62	0.05091668866440412
16	0	7	74	0.03523633820992163
16	0	7	71	0.017790382357465353
16	0	7	76	0.012376753552499474
16	0	7	63	0.012376753552499474
16	0	7	17	0.009350074755501843
16	0	7	22	0.009350074755501843
16	0	7	19	0.009350074755501843
16	0	8	2	0.11941990952753766
16	0	8	15	0.08476650223149948
16	0	8	55	0.07581054667886841
16	0	8	0	0.07581054667886841
16	0	8	46	0.07581054667886841
16	0	8	69	0.07581054667886841
16	0	8	38	0.0543236250883427
16	0	8	12	0.0543236250883427
16	0	8	21	0.0543236250883427
16	0	8	24	0.014141158624506902
16	0	8	14	0.014141158624506902
16	0	8	19	0.014141158624506902
16	0	8	98	0.0543236250883427
16	0	8	62	0.0543236250883427
16	0	8	88	0.0543236250883427
16	0	8	53	0.0543236250883427
16	0	8	74	0.036310381534919375
16	0	8	71	0.014141158624506902
16	0	8	22	0.014141158624506902
16	0	8	17	0.009090901569963996
16	0	9	2	0.10594768813071158
16	0	9	15	0.1019733356023602
16	0	9	55	0.07337503082373989
16	0	9	0	0.06459005809160656
16	0	9	69	0.06459005809160656
16	0	9	46	0.06459005809160656
16	0	9	21	0.0512863279345302
16	0	9	12	0.0512863279345302
16	0	9	38	0.05083275220190105
16	0	9	24	0.012535468161997758
16	0	9	53	0.05083275220190105
16	0	9	88	0.05083275220190105
16	0	9	98	0.05083275220190105
16	0	9	62	0.05083275220190105
16	0	9	74	0.035966877955579825
16	0	9	71	0.012535468161997758
16	0	9	14	0.012535468161997758
16	0	9	22	0.012535468161997758
16	0	9	19	0.012535468161997758
16	0	9	17	0.011524300967484257
16	0	10	2	0.11123989277857095
16	0	10	15	0.09271522049244249
16	0	10	55	0.07186441842770434
16	0	10	0	0.07186441842770434
16	0	10	46	0.07186441842770434
16	0	10	69	0.07186441842770434
16	0	10	38	0.05126409711192645
16	0	10	12	0.05126409711192645
16	0	10	21	0.05126409711192645
16	0	10	24	0.014635706583841694
16	0	10	53	0.05126409711192645
16	0	10	88	0.05126409711192645
16	0	10	98	0.05126409711192645
16	0	10	62	0.05126409711192645
16	0	10	74	0.023735934252684436
16	0	10	86	0.02100465379233436
16	0	10	71	0.02100465379233436
16	0	10	14	0.014635706583841694
16	0	10	19	0.014635706583841694
16	0	10	22	0.014635706583841694
16	0	11	2	0.12213572369139107
16	0	11	15	0.12213572369139107
16	0	11	55	0.09855525279397015
16	0	11	0	0.09855525279397015
16	0	11	46	0.09855525279397015
16	0	11	69	0.09855525279397015
16	0	11	38	0.04844806992404699
16	0	11	12	0.05209781827481866
16	0	11	21	0.05209781827481866
16	0	11	24	0.01467682470183089
16	0	11	53	0.04844806992404699
16	0	11	88	0.04844806992404699
16	0	11	62	0.04844806992404699
16	0	11	98	0.04844806992404699
16	0	11	86	0.030569436278165246
16	0	11	74	0.030569436278165246
16	0	11	71	0.01904281542249932
16	0	11	14	0.01467682470183089
16	0	11	19	0.01467682470183089
16	0	11	22	0.01467682470183089
16	0	12	2	0.1141066280346048
16	0	12	15	0.10594357744160064
16	0	12	55	0.07244806306762341
16	0	12	0	0.05896913982041782
16	0	12	46	0.061213027251941866
16	0	12	69	0.061213027251941866
16	0	12	21	0.051668078582529524
16	0	12	12	0.051668078582529524
16	0	12	38	0.04945975480965868
16	0	12	24	0.017778899448730488
16	0	12	14	0.017778899448730488
16	0	12	62	0.04945975480965868
16	0	12	53	0.04945975480965868
16	0	12	88	0.04945975480965868
16	0	12	98	0.04945975480965868
16	0	12	74	0.036770171306975144
16	0	12	86	0.036770171306975144
16	0	12	71	0.018716786638766334
16	0	12	19	0.017778899448730488
16	0	12	22	0.017778899448730488
16	0	13	2	0.12333598891633606
16	0	13	15	0.12333598891633606
16	0	13	55	0.10675940562850274
16	0	13	0	0.10675940562850274
16	0	13	46	0.10675940562850274
16	0	13	69	0.10675940562850274
16	0	13	21	0.056853503350563314
16	0	13	12	0.056853503350563314
16	0	13	24	0.011451526396091405
16	0	13	88	0.053051755925797674
16	0	13	38	0.053051755925797674
16	0	13	22	0.01055860305621345
16	0	13	19	0.011451526396091405
16	0	13	14	0.011451526396091405
16	0	13	98	0.053051755925797674
16	0	13	62	0.053051755925797674
16	0	13	53	0.053051755925797674
16	0	13	86	0.04487409078145345
16	0	13	74	0.04487409078145345
16	0	13	71	0.011451526396091405
16	0	14	2	0.11428885413593622
16	0	14	15	0.10132955145890771
16	0	14	55	0.07191305098088357
16	0	14	0	0.061827086895458676
16	0	14	46	0.061827086895458676
16	0	14	69	0.061827086895458676
16	0	14	38	0.057950158235890246
16	0	14	12	0.057950158235890246
16	0	14	21	0.057950158235890246
16	0	14	24	0.01237868004040751
16	0	14	14	0.01237868004040751
16	0	14	62	0.057950158235890246
16	0	14	53	0.057950158235890246
16	0	14	88	0.057950158235890246
16	0	14	98	0.057950158235890246
16	0	14	74	0.035448174097749766
16	0	14	71	0.01919577095643145
16	0	14	76	0.006582371455979076
16	0	14	19	0.01237868004040751
16	0	14	22	0.01237868004040751
16	0	14	17	0.011848825641811318
16	0	15	2	0.11641540500187844
16	0	15	15	0.0904295614028282
16	0	15	55	0.07183277903754492
16	0	15	0	0.07032921344788652
16	0	15	46	0.07032921344788652
16	0	15	69	0.07032921344788652
16	0	15	38	0.05985896100597602
16	0	15	12	0.05985896100597602
16	0	15	21	0.05985896100597602
16	0	15	24	0.009927096749081241
16	0	15	14	0.009927096749081241
16	0	15	98	0.05985896100597602
16	0	15	62	0.05985896100597602
16	0	15	53	0.05985896100597602
16	0	15	88	0.05985896100597602
16	0	15	74	0.03511560960184429
16	0	15	86	0.011487055689768313
16	0	15	71	0.011487055689768313
16	0	15	22	0.009927096749081241
16	0	15	19	0.009927096749081241
16	0	15	17	0.009927096749081241
16	0	16	2	0.11724644638466543
16	0	16	15	0.09960628332708261
16	0	16	55	0.0756747534948811
16	0	16	0	0.06021305811478201
16	0	16	46	0.06021305811478201
16	0	16	69	0.06021305811478201
16	0	16	21	0.0468198260547854
16	0	16	12	0.0468198260547854
16	0	16	38	0.0468198260547854
16	0	16	53	0.0468198260547854
16	0	16	14	0.0146746424884441
16	0	16	24	0.0146746424884441
16	0	16	88	0.0468198260547854
16	0	16	62	0.0468198260547854
16	0	16	98	0.0468198260547854
16	0	16	74	0.03277254937012802
16	0	16	86	0.03277254937012802
16	0	16	71	0.01663054448099043
16	0	16	76	0.005646402887127183
16	0	16	22	0.0146746424884441
16	0	16	19	0.0146746424884441
16	0	17	2	0.11048868030476638
16	0	17	15	0.10006732523485477
16	0	17	55	0.07085948336411631
16	0	17	0	0.06359195038900538
16	0	17	46	0.06359195038900538
16	0	17	69	0.06359195038900538
16	0	17	21	0.05851274896948818
16	0	17	12	0.05851274896948818
16	0	17	38	0.05851274896948818
16	0	17	24	0.011485511532379478
16	0	17	53	0.05851274896948818
16	0	17	88	0.05851274896948818
16	0	17	62	0.05851274896948818
16	0	17	98	0.05851274896948818
16	0	17	74	0.037027760427912844
16	0	17	71	0.01936107857176999
16	0	17	76	0.011485511532379478
16	0	17	14	0.011485511532379478
16	0	17	22	0.011485511532379478
16	0	17	19	0.011485511532379478
16	0	18	2	0.11850406931878261
16	0	18	15	0.09889217459040894
16	0	18	55	0.07184636992525069
16	0	18	0	0.06132967127675535
16	0	18	46	0.06132967127675535
16	0	18	69	0.06132967127675535
16	0	18	38	0.051237122345405006
16	0	18	12	0.051237122345405006
16	0	18	21	0.051237122345405006
16	0	18	24	0.011780296184845331
16	0	18	53	0.051237122345405006
16	0	18	88	0.051237122345405006
16	0	18	62	0.051237122345405006
16	0	18	98	0.051237122345405006
16	0	18	74	0.036721659904665686
16	0	18	86	0.011780296184845331
16	0	18	71	0.011780296184845331
16	0	18	22	0.00820606186412094
16	0	18	19	0.011780296184845331
16	0	18	14	0.011780296184845331
16	0	18	76	0.011780296184845331
16	0	19	2	0.11391004424381872
16	0	19	15	0.09560092106772569
16	0	19	55	0.07327243047479441
16	0	19	0	0.07327243047479441
16	0	19	46	0.07327243047479441
16	0	19	69	0.07327243047479441
16	0	19	38	0.055808875416433854
16	0	19	12	0.055808875416433854
16	0	19	21	0.055808875416433854
16	0	19	24	0.015045849185194261
16	0	19	53	0.055808875416433854
16	0	19	88	0.055808875416433854
16	0	19	98	0.055808875416433854
16	0	19	62	0.055808875416433854
16	0	19	74	0.03788481977048572
16	0	19	71	0.015045849185194261
16	0	19	19	0.015045849185194261
16	0	19	14	0.015045849185194261
16	0	19	22	0.014980715155971587
16	0	19	17	0.005613275823539087
16	0	20	2	0.1168962894732397
16	0	20	15	0.10216561749974587
16	0	20	55	0.0720353285007362
16	0	20	0	0.06660366833380141
16	0	20	46	0.06660366833380141
16	0	20	69	0.06660366833380141
16	0	20	38	0.04540019076305443
16	0	20	12	0.0499209952997755
16	0	20	21	0.0499209952997755
16	0	20	24	0.012824664905224993
16	0	20	14	0.012824664905224993
16	0	20	62	0.04540019076305443
16	0	20	53	0.04540019076305443
16	0	20	88	0.04540019076305443
16	0	20	98	0.04540019076305443
16	0	20	74	0.043359512959434215
16	0	20	71	0.01015071372581776
16	0	20	86	0.01015071372581776
16	0	20	19	0.012824664905224993
16	0	20	5	0.012824664905224993
16	0	20	17	0.012824664905224993
16	0	20	22	0.012824664905224993
16	0	21	2	0.12720442192457468
16	0	21	15	0.12720442192457468
16	0	21	55	0.10249790338591293
16	0	21	0	0.10249790338591293
16	0	21	46	0.10249790338591293
16	0	21	69	0.10249790338591293
16	0	21	38	0.04981819726139357
16	0	21	12	0.04981819726139357
16	0	21	21	0.04981819726139357
16	0	21	24	0.0115023629966794
16	0	21	14	0.0115023629966794
16	0	21	62	0.04981819726139357
16	0	21	53	0.04981819726139357
16	0	21	88	0.04981819726139357
16	0	21	98	0.04981819726139357
16	0	21	74	0.03731199094127488
16	0	21	71	0.0115023629966794
16	0	21	22	0.0115023629966794
16	0	21	19	0.0115023629966794
16	0	21	17	0.01064097294737465
16	0	22	2	0.10917284552296716
16	0	22	15	0.10527277406229354
16	0	22	55	0.07176901944512365
16	0	22	0	0.06107155710680187
16	0	22	46	0.06107155710680187
16	0	22	69	0.06107155710680187
16	0	22	21	0.04940889459587952
16	0	22	12	0.04940889459587952
16	0	22	38	0.04940889459587952
16	0	22	24	0.020166678273724755
16	0	22	14	0.020166678273724755
16	0	22	98	0.04940889459587952
16	0	22	62	0.04940889459587952
16	0	22	53	0.04940889459587952
16	0	22	88	0.04940889459587952
16	0	22	74	0.026405331938994952
16	0	22	86	0.026405331938994952
16	0	22	71	0.020166678273724755
16	0	22	19	0.020166678273724755
16	0	22	22	0.020166678273724755
16	0	23	2	0.1103976053876574
16	0	23	15	0.08718024313548721
16	0	23	55	0.07850711554718783
16	0	23	0	0.07850711554718783
16	0	23	46	0.07850711554718783
16	0	23	69	0.07850711554718783
16	0	23	38	0.058024275832482916
16	0	23	12	0.058024275832482916
16	0	23	21	0.058024275832482916
16	0	23	24	0.010698709245885592
16	0	23	14	0.010698709245885592
16	0	23	62	0.058024275832482916
16	0	23	53	0.058024275832482916
16	0	23	88	0.058024275832482916
16	0	23	98	0.058024275832482916
16	0	23	74	0.04009988324073781
16	0	23	71	0.011818536671208406
16	0	23	86	0.011818536671208406
16	0	23	22	0.010698709245885592
16	0	23	19	0.010698709245885592
16	0	23	17	0.009419163069537002
16	0	24	2	0.11613363248956406
16	0	24	15	0.10081896468523986
16	0	24	55	0.07147330894081075
16	0	24	0	0.056139184233195014
16	0	24	46	0.06515885356554643
16	0	24	69	0.06515885356554643
16	0	24	38	0.04739197733200975
16	0	24	12	0.04739197733200975
16	0	24	21	0.04739197733200975
16	0	24	24	0.011554221819488196
16	0	24	14	0.011554221819488196
16	0	24	19	0.011554221819488196
16	0	24	98	0.04739197733200975
16	0	24	62	0.04739197733200975
16	0	24	88	0.04739197733200975
16	0	24	53	0.04739197733200975
16	0	24	74	0.044046184717334985
16	0	24	71	0.015725699944450146
16	0	24	22	0.011554221819488196
16	0	24	17	0.011554221819488196
16	0	25	2	0.11551344674632154
16	0	25	15	0.10301369076252352
16	0	25	55	0.0818685062268677
16	0	25	0	0.0818685062268677
16	0	25	46	0.0818685062268677
16	0	25	69	0.0818685062268677
16	0	25	38	0.060289215690386755
16	0	25	12	0.060289215690386755
16	0	25	21	0.060289215690386755
16	0	25	24	0.01127841823257651
16	0	25	53	0.060289215690386755
16	0	25	88	0.060289215690386755
16	0	25	62	0.060289215690386755
16	0	25	98	0.060289215690386755
16	0	25	86	0.023929172020730024
16	0	25	28	0.004417216985598127
16	0	25	19	0.01127841823257651
16	0	25	14	0.01127841823257651
16	0	25	22	0.01127841823257651
16	0	25	17	0.01127841823257651
16	0	25	5	0.01127841823257651
16	0	26	2	0.11327488284088036
16	0	26	15	0.10001538227560754
16	0	26	55	0.07202327844777634
16	0	26	0	0.06750106693651171
16	0	26	46	0.06750106693651171
16	0	26	69	0.06750106693651171
16	0	26	21	0.05067581412695096
16	0	26	12	0.05067581412695096
16	0	26	24	0.017850119069095657
16	0	26	14	0.017850119069095657
16	0	26	19	0.017850119069095657
16	0	26	22	0.017850119069095657
16	0	26	98	0.039622251945954666
16	0	26	53	0.039622251945954666
16	0	26	62	0.039622251945954666
16	0	26	88	0.039622251945954666
16	0	26	38	0.039622251945954666
16	0	26	86	0.039622251945954666
16	0	26	74	0.039622251945954666
16	0	26	71	0.017850119069095657
16	0	27	2	0.11177358503796807
16	0	27	15	0.10284400112127177
16	0	27	55	0.07363025071128279
16	0	27	0	0.06837518687042451
16	0	27	69	0.06837518687042451
16	0	27	46	0.06837518687042451
16	0	27	21	0.057638743395548524
16	0	27	12	0.057638743395548524
16	0	27	24	0.007107499781769628
16	0	27	88	0.04138402420417504
16	0	27	38	0.04138402420417504
16	0	27	53	0.04138402420417504
16	0	27	98	0.04138402420417504
16	0	27	62	0.04138402420417504
16	0	27	86	0.03894688569511569
16	0	27	74	0.03894688569511569
16	0	27	71	0.015629743191621234
16	0	27	76	0.012495500961015761
16	0	27	80	0.012495500961015761
16	0	27	14	0.004998377069948532
16	0	28	2	0.11263515101138492
16	0	28	15	0.10856634634005424
16	0	28	55	0.08991685306616652
16	0	28	0	0.08991685306616652
16	0	28	69	0.08991685306616652
16	0	28	46	0.08991685306616652
16	0	28	38	0.037786180944821106
16	0	28	12	0.04892059866083026
16	0	28	21	0.04892059866083026
16	0	28	24	0.011799503831737716
16	0	28	53	0.037786180944821106
16	0	28	88	0.037786180944821106
16	0	28	98	0.037786180944821106
16	0	28	62	0.037786180944821106
16	0	28	74	0.015729794640663517
16	0	28	14	0.011799503831737716
16	0	28	19	0.011799503831737716
16	0	28	22	0.011799503831737716
16	0	28	17	0.011799503831737716
16	0	28	5	0.011351350505108418
16	0	29	2	0.11487618048453044
16	0	29	15	0.08841040551232618
16	0	29	55	0.07763557742476913
16	0	29	0	0.07763557742476913
16	0	29	46	0.07763557742476913
16	0	29	69	0.07763557742476913
16	0	29	38	0.05107263584745969
16	0	29	12	0.05107263584745969
16	0	29	21	0.05107263584745969
16	0	29	24	0.014829685656142217
16	0	29	14	0.014829685656142217
16	0	29	19	0.014829685656142217
16	0	29	98	0.05107263584745969
16	0	29	62	0.05107263584745969
16	0	29	53	0.05107263584745969
16	0	29	88	0.05107263584745969
16	0	29	74	0.04167583827895586
16	0	29	71	0.014829685656142217
16	0	29	22	0.01280008495343842
16	0	29	17	0.010589467528550774
16	0	30	2	0.1104398427968333
16	0	30	15	0.09443991107190783
16	0	30	55	0.07233163178309351
16	0	30	0	0.07233163178309351
16	0	30	46	0.07233163178309351
16	0	30	69	0.07233163178309351
16	0	30	38	0.0506353848676477
16	0	30	12	0.05462228413562777
16	0	30	21	0.05462228413562777
16	0	30	24	0.010225747289283698
16	0	30	88	0.0506353848676477
16	0	30	62	0.0506353848676477
16	0	30	53	0.0506353848676477
16	0	30	98	0.0506353848676477
16	0	30	74	0.0450155867341368
16	0	30	71	0.010407700993575032
16	0	30	86	0.010407700993575032
16	0	30	22	0.010225747289283698
16	0	30	19	0.010225747289283698
16	0	30	14	0.010225747289283698
16	0	30	17	0.009919942368356126
16	0	30	5	0.009919942368356126
16	0	31	2	0.11817011309456249
16	0	31	15	0.08766339329278079
16	0	31	55	0.07651117386463807
16	0	31	0	0.07651117386463807
16	0	31	69	0.07651117386463807
16	0	31	46	0.07651117386463807
16	0	31	38	0.04720885699820295
16	0	31	12	0.05537801021228708
16	0	31	21	0.05537801021228708
16	0	31	88	0.04720885699820295
16	0	31	24	0.01227755565597113
16	0	31	62	0.04720885699820295
16	0	31	53	0.04720885699820295
16	0	31	98	0.04720885699820295
16	0	31	74	0.04720885699820295
16	0	31	86	0.04720885699820295
16	0	31	71	0.011214757269960495
16	0	31	19	0.01227755565597113
16	0	31	14	0.01227755565597113
16	0	31	80	0.011214757269960495
16	0	32	2	0.10535258998513022
16	0	32	15	0.10268591963833697
16	0	32	55	0.07270313097288415
16	0	32	0	0.059729491914343416
16	0	32	46	0.06711022609492445
16	0	32	69	0.06711022609492445
16	0	32	21	0.0513901234437374
16	0	32	12	0.0513901234437374
16	0	32	38	0.045958697867992004
16	0	32	24	0.013562711434478993
16	0	32	14	0.013562711434478993
16	0	32	62	0.045958697867992004
16	0	32	53	0.045958697867992004
16	0	32	88	0.045958697867992004
16	0	32	98	0.045958697867992004
16	0	32	74	0.04217947243454733
16	0	32	71	0.019178887511847483
16	0	32	76	0.006776750366014845
16	0	32	22	0.013562711434478993
16	0	32	19	0.013562711434478993
16	0	32	17	0.013562711434478993
16	0	33	2	0.11220957486260592
16	0	33	15	0.09259184009329038
16	0	33	55	0.07261680667479106
16	0	33	0	0.07261680667479106
16	0	33	46	0.07261680667479106
16	0	33	69	0.07261680667479106
16	0	33	38	0.061108073017066875
16	0	33	12	0.061108073017066875
16	0	33	21	0.061108073017066875
16	0	33	53	0.061108073017066875
16	0	33	24	0.010889334830699142
16	0	33	62	0.061108073017066875
16	0	33	88	0.061108073017066875
16	0	33	98	0.061108073017066875
16	0	33	74	0.029833602320925218
16	0	33	71	0.014489839065405541
16	0	33	86	0.014489839065405541
16	0	33	76	0.004653775835016725
16	0	33	22	0.010889334830699142
16	0	33	19	0.010889334830699142
16	0	33	14	0.010889334830699142
16	0	33	17	0.010275802274575406
16	0	34	2	0.11899532119523631
16	0	34	15	0.0841573636488686
16	0	34	55	0.07493014560113376
16	0	34	0	0.07493014560113376
16	0	34	46	0.07493014560113376
16	0	34	69	0.07493014560113376
16	0	34	21	0.05051747663418259
16	0	34	12	0.05051747663418259
16	0	34	38	0.05051747663418259
16	0	34	24	0.015060181370118891
16	0	34	14	0.015060181370118891
16	0	34	62	0.05051747663418259
16	0	34	53	0.05051747663418259
16	0	34	88	0.05051747663418259
16	0	34	98	0.05051747663418259
16	0	34	74	0.04665522327422733
16	0	34	71	0.01789849426206996
16	0	34	22	0.015060181370118891
16	0	34	19	0.015060181370118891
16	0	34	17	0.015060181370118891
16	0	35	2	0.12330387996231851
16	0	35	15	0.09426804676104295
16	0	35	55	0.0747077484540419
16	0	35	0	0.0747077484540419
16	0	35	46	0.0747077484540419
16	0	35	69	0.0747077484540419
16	0	35	21	0.06422847362707028
16	0	35	12	0.06422847362707028
16	0	35	38	0.027313272869525233
16	0	35	88	0.027313272869525233
16	0	35	53	0.027313272869525233
16	0	35	62	0.027313272869525233
16	0	35	98	0.027313272869525233
16	0	35	19	0.017987099340824802
16	0	35	17	0.015638036969941295
16	0	35	22	0.019997233577146
16	0	35	14	0.019997233577146
16	0	35	24	0.019997233577146
16	0	35	5	0.015638036969941295
16	0	35	28	0.005643869881767342
16	0	36	2	0.11489647547373537
16	0	36	15	0.10484784592030405
16	0	36	55	0.07215557713332085
16	0	36	0	0.06757660845268594
16	0	36	46	0.06757660845268594
16	0	36	69	0.06757660845268594
16	0	36	21	0.054281759509405725
16	0	36	12	0.054281759509405725
16	0	36	38	0.051720171652795764
16	0	36	88	0.051720171652795764
16	0	36	53	0.051720171652795764
16	0	36	24	0.01315195764246183
16	0	36	98	0.051720171652795764
16	0	36	62	0.051720171652795764
16	0	36	74	0.038473930138355254
16	0	36	71	0.014478142379266343
16	0	36	14	0.01315195764246183
16	0	36	19	0.01315195764246183
16	0	36	22	0.01315195764246183
16	0	36	17	0.01315195764246183
16	0	37	2	0.10918571816663897
16	0	37	15	0.10008183446559794
16	0	37	55	0.07144594357342593
16	0	37	0	0.06163234018405963
16	0	37	46	0.06551024859442038
16	0	37	69	0.06551024859442038
16	0	37	21	0.05280695079847433
16	0	37	12	0.05280695079847433
16	0	37	38	0.05280695079847433
16	0	37	14	0.014924306721202258
16	0	37	24	0.014924306721202258
16	0	37	98	0.05280695079847433
16	0	37	62	0.05280695079847433
16	0	37	53	0.05280695079847433
16	0	37	88	0.05280695079847433
16	0	37	74	0.031172018748500074
16	0	37	71	0.010690430250681985
16	0	37	19	0.014417268838464533
16	0	37	22	0.014417268838464533
16	0	37	17	0.009730894239323027
16	0	37	86	0.010690430250681985
16	0	38	2	0.10862736184731038
16	0	38	15	0.08732724851016915
16	0	38	55	0.0756759668862469
16	0	38	0	0.0756759668862469
16	0	38	46	0.0756759668862469
16	0	38	69	0.0756759668862469
16	0	38	38	0.0576579212429265
16	0	38	12	0.0576579212429265
16	0	38	21	0.0576579212429265
16	0	38	24	0.01184237743083983
16	0	38	14	0.01184237743083983
16	0	38	19	0.01184237743083983
16	0	38	98	0.0576579212429265
16	0	38	62	0.0576579212429265
16	0	38	53	0.0576579212429265
16	0	38	88	0.0576579212429265
16	0	38	74	0.03627488982992762
16	0	38	71	0.019624882285298927
16	0	38	76	0.01184237743083983
16	0	38	22	0.01184237743083983
16	0	39	2	0.1279867275320819
16	0	39	15	0.1279867275320819
16	0	39	55	0.10586079063265003
16	0	39	0	0.10586079063265003
16	0	39	46	0.10586079063265003
16	0	39	69	0.10586079063265003
16	0	39	38	0.04558536045183052
16	0	39	12	0.0531881634546502
16	0	39	21	0.0531881634546502
16	0	39	24	0.01322198775758328
16	0	39	53	0.04558536045183052
16	0	39	88	0.04558536045183052
16	0	39	98	0.04558536045183052
16	0	39	62	0.04558536045183052
16	0	39	86	0.037177142012648476
16	0	39	74	0.037177142012648476
16	0	39	71	0.018170775237661134
16	0	39	14	0.01322198775758328
16	0	39	19	0.01322198775758328
16	0	39	22	0.01322198775758328
16	0	40	2	0.11278081966474669
16	0	40	15	0.08792513861282804
16	0	40	55	0.07817711657651329
16	0	40	0	0.07817711657651329
16	0	40	46	0.07817711657651329
16	0	40	69	0.07817711657651329
16	0	40	38	0.05029027763389828
16	0	40	12	0.051616676096883175
16	0	40	21	0.051616676096883175
16	0	40	24	0.019906595169185207
16	0	40	53	0.05029027763389828
16	0	40	88	0.05029027763389828
16	0	40	98	0.05029027763389828
16	0	40	62	0.05029027763389828
16	0	40	86	0.030164332554505936
16	0	40	74	0.030164332554505936
16	0	40	71	0.019906595169185207
16	0	40	14	0.019906595169185207
16	0	40	22	0.019906595169185207
16	0	40	19	0.019906595169185207
16	0	41	2	0.11386311214073956
16	0	41	15	0.10375792973280024
16	0	41	55	0.07170535443308086
16	0	41	0	0.06511029239075727
16	0	41	46	0.06511029239075727
16	0	41	69	0.06511029239075727
16	0	41	38	0.05441125950946494
16	0	41	12	0.05441125950946494
16	0	41	21	0.05441125950946494
16	0	41	24	0.01096814809587456
16	0	41	14	0.01096814809587456
16	0	41	62	0.05441125950946494
16	0	41	53	0.05441125950946494
16	0	41	88	0.05441125950946494
16	0	41	98	0.05441125950946494
16	0	41	74	0.03768007120254196
16	0	41	71	0.01096814809587456
16	0	41	86	0.00864810967979653
16	0	41	22	0.01096814809587456
16	0	41	19	0.01096814809587456
16	0	41	17	0.010963660444374239
16	0	42	2	0.10725796916556596
16	0	42	15	0.09592304371065477
16	0	42	55	0.08140595866197028
16	0	42	0	0.08140595866197028
16	0	42	46	0.08140595866197028
16	0	42	69	0.08140595866197028
16	0	42	21	0.061867834681524965
16	0	42	12	0.061867834681524965
16	0	42	38	0.03613607354391745
16	0	42	24	0.02442304953498561
16	0	42	88	0.03613607354391745
16	0	42	53	0.03613607354391745
16	0	42	62	0.03613607354391745
16	0	42	98	0.03613607354391745
16	0	42	19	0.02442304953498561
16	0	42	17	0.0121072441906041
16	0	42	22	0.02442304953498561
16	0	42	14	0.02442304953498561
16	0	42	5	0.0121072441906041
16	0	42	28	0.004026065851471914
16	0	43	2	0.11563800652184365
16	0	43	15	0.08171342603569161
16	0	43	55	0.07961174284523322
16	0	43	0	0.07961174284523322
16	0	43	46	0.07961174284523322
16	0	43	69	0.07961174284523322
16	0	43	21	0.055908559157736626
16	0	43	12	0.055908559157736626
16	0	43	38	0.05200837524009525
16	0	43	24	0.011301215198101469
16	0	43	88	0.05200837524009525
16	0	43	22	0.011301215198101469
16	0	43	19	0.011301215198101469
16	0	43	14	0.011301215198101469
16	0	43	98	0.05200837524009525
16	0	43	62	0.05200837524009525
16	0	43	53	0.05200837524009525
16	0	43	74	0.042836031484371095
16	0	43	86	0.011301215198101469
16	0	43	71	0.011301215198101469
16	0	43	17	0.008687555860681153
16	0	44	2	0.11319559539537281
16	0	44	15	0.08243682864933875
16	0	44	55	0.07601335653035406
16	0	44	0	0.07601335653035406
16	0	44	46	0.07601335653035406
16	0	44	69	0.07601335653035406
16	0	44	21	0.05669583923756444
16	0	44	12	0.05669583923756444
16	0	44	38	0.05669583923756444
16	0	44	14	0.020694522521276133
16	0	44	24	0.020694522521276133
16	0	44	88	0.05669583923756444
16	0	44	98	0.05669583923756444
16	0	44	62	0.05669583923756444
16	0	44	53	0.05669583923756444
16	0	44	74	0.026840268395536045
16	0	44	71	0.011284900483396535
16	0	44	76	0.011284900483396535
16	0	44	86	0.011284900483396535
16	0	44	22	0.020694522521276133
16	0	44	19	0.020694522521276133
16	0	45	2	0.11082242286769792
16	0	45	15	0.10279813134630576
16	0	45	55	0.07264231897510431
16	0	45	0	0.06071598462591752
16	0	45	69	0.06293044908090338
16	0	45	46	0.06293044908090338
16	0	45	21	0.05449531090212838
16	0	45	12	0.05449531090212838
16	0	45	38	0.05449531090212838
16	0	45	24	0.016256932490020387
16	0	45	14	0.016256932490020387
16	0	45	62	0.05449531090212838
16	0	45	53	0.05449531090212838
16	0	45	88	0.05449531090212838
16	0	45	98	0.05449531090212838
16	0	45	74	0.03861103839449861
16	0	45	71	0.01943590963463791
16	0	45	76	0.005855033780455443
16	0	45	22	0.016256932490020387
16	0	45	19	0.016256932490020387
16	0	45	17	0.010668215377497445
16	0	46	2	0.11125017955466546
16	0	46	15	0.08922171173960355
16	0	46	55	0.07463315605055493
16	0	46	0	0.07463315605055493
16	0	46	46	0.07463315605055493
16	0	46	69	0.07463315605055493
16	0	46	21	0.05556258971880571
16	0	46	12	0.05556258971880571
16	0	46	38	0.05556258971880571
16	0	46	88	0.05556258971880571
16	0	46	24	0.01553838787102554
16	0	46	22	0.01553838787102554
16	0	46	19	0.01553838787102554
16	0	46	14	0.01553838787102554
16	0	46	98	0.05556258971880571
16	0	46	62	0.05556258971880571
16	0	46	53	0.05556258971880571
16	0	46	74	0.03989352111548921
16	0	46	71	0.01725696691587701
16	0	46	17	0.008972313926700174
16	0	47	2	0.11074566044723426
16	0	47	15	0.1055606923444656
16	0	47	55	0.0725764002383251
16	0	47	0	0.06378337563971034
16	0	47	46	0.06378337563971034
16	0	47	69	0.06378337563971034
16	0	47	21	0.04901240152066505
16	0	47	12	0.04901240152066505
16	0	47	38	0.04863452714302407
16	0	47	24	0.01272345523018086
16	0	47	14	0.01272345523018086
16	0	47	62	0.04863452714302407
16	0	47	53	0.04863452714302407
16	0	47	88	0.04863452714302407
16	0	47	98	0.04863452714302407
16	0	47	74	0.03961816880275384
16	0	47	71	0.01272345523018086
16	0	47	86	0.007253142475972309
16	0	47	17	0.01272345523018086
16	0	47	22	0.01272345523018086
16	0	47	19	0.01272345523018086
16	0	48	2	0.11186464515321683
16	0	48	15	0.10123320216059091
16	0	48	55	0.07165495510452365
16	0	48	0	0.06318177005818254
16	0	48	46	0.06318177005818254
16	0	48	69	0.06318177005818254
16	0	48	38	0.04975191192603351
16	0	48	12	0.05214267770797462
16	0	48	21	0.05214267770797462
16	0	48	24	0.013539370439637747
16	0	48	88	0.04975191192603351
16	0	48	53	0.04975191192603351
16	0	48	62	0.04975191192603351
16	0	48	98	0.04975191192603351
16	0	48	74	0.0323460005362005
16	0	48	86	0.0323460005362005
16	0	48	71	0.019106368996202175
16	0	48	14	0.013539370439637747
16	0	48	19	0.013539370439637747
16	0	48	22	0.013539370439637747
16	0	49	2	0.11320024179646644
16	0	49	15	0.10139257298820006
16	0	49	55	0.07032399074700438
16	0	49	0	0.0629470783046769
16	0	49	46	0.06386779188920462
16	0	49	69	0.06386779188920462
16	0	49	38	0.041923500309759776
16	0	49	12	0.046200385646669964
16	0	49	21	0.046200385646669964
16	0	49	53	0.041923500309759776
16	0	49	14	0.011750476843895961
16	0	49	24	0.011750476843895961
16	0	49	98	0.041923500309759776
16	0	49	88	0.041923500309759776
16	0	49	62	0.041923500309759776
16	0	49	74	0.038766912201361886
16	0	49	71	0.011750476843895961
16	0	49	86	0.009279751530871249
16	0	49	22	0.011750476843895961
16	0	49	19	0.011750476843895961
16	0	50	2	0.1166510077893874
16	0	50	15	0.09742933470227182
16	0	50	55	0.07021281726481841
16	0	50	0	0.06408043311925156
16	0	50	46	0.06408043311925156
16	0	50	69	0.06408043311925156
16	0	50	38	0.05110483605019671
16	0	50	12	0.053944118343279765
16	0	50	21	0.053944118343279765
16	0	50	24	0.016685555923277463
16	0	50	88	0.05110483605019671
16	0	50	62	0.05110483605019671
16	0	50	53	0.05110483605019671
16	0	50	98	0.05110483605019671
16	0	50	74	0.0414113201185883
16	0	50	71	0.017563070834219034
16	0	50	76	0.01348587619123659
16	0	50	19	0.016685555923277463
16	0	50	14	0.016685555923277463
16	0	50	22	0.016685555923277463
16	0	51	2	0.11187769300459194
16	0	51	15	0.09287562324242102
16	0	51	55	0.07789060937571639
16	0	51	0	0.07789060937571639
16	0	51	46	0.07789060937571639
16	0	51	69	0.07789060937571639
16	0	51	38	0.05651207194773102
16	0	51	12	0.05651207194773102
16	0	51	21	0.05651207194773102
16	0	51	24	0.01489487394625165
16	0	51	53	0.05651207194773102
16	0	51	88	0.05651207194773102
16	0	51	19	0.01489487394625165
16	0	51	14	0.01489487394625165
16	0	51	98	0.05651207194773102
16	0	51	62	0.05651207194773102
16	0	51	74	0.035386557471886744
16	0	51	71	0.01489487394625165
16	0	51	22	0.009705348892877714
16	0	51	17	0.009705348892877714
16	0	52	2	0.11577671857002901
16	0	52	15	0.08828450193305865
16	0	52	55	0.07918786049223032
16	0	52	0	0.07918786049223032
16	0	52	46	0.07918786049223032
16	0	52	69	0.07918786049223032
16	0	52	38	0.050394898602411635
16	0	52	12	0.05059935989497152
16	0	52	21	0.05059935989497152
16	0	52	24	0.015053538669552412
16	0	52	88	0.050394898602411635
16	0	52	62	0.050394898602411635
16	0	52	53	0.050394898602411635
16	0	52	98	0.050394898602411635
16	0	52	74	0.03840491811597025
16	0	52	19	0.015053538669552412
16	0	52	71	0.015053538669552412
16	0	52	14	0.015053538669552412
16	0	52	22	0.010192187089222574
16	0	52	17	0.010192187089222574
16	0	53	2	0.11946481267095485
16	0	53	15	0.08897073562366656
16	0	53	55	0.07243507470844653
16	0	53	0	0.07207301534944272
16	0	53	46	0.07207301534944272
16	0	53	69	0.07207301534944272
16	0	53	21	0.058751022950635216
16	0	53	12	0.058751022950635216
16	0	53	24	0.01083253686104084
16	0	53	88	0.05766559679347418
16	0	53	38	0.05766559679347418
16	0	53	22	0.01083253686104084
16	0	53	19	0.01083253686104084
16	0	53	14	0.01083253686104084
16	0	53	98	0.05766559679347418
16	0	53	53	0.05766559679347418
16	0	53	62	0.05766559679347418
16	0	53	74	0.02730981655345656
16	0	53	86	0.019983018969535863
16	0	53	17	0.010408249176463371
16	0	54	2	0.11322172919429438
16	0	54	15	0.08337743997643685
16	0	54	55	0.08174012044737554
16	0	54	0	0.08174012044737554
16	0	54	46	0.08174012044737554
16	0	54	69	0.08174012044737554
16	0	54	38	0.058841175437276697
16	0	54	12	0.058841175437276697
16	0	54	21	0.058841175437276697
16	0	54	24	0.020072031334526053
16	0	54	14	0.020072031334526053
16	0	54	22	0.020072031334526053
16	0	54	19	0.020072031334526053
16	0	54	98	0.058841175437276697
16	0	54	62	0.058841175437276697
16	0	54	53	0.058841175437276697
16	0	54	88	0.058841175437276697
16	0	54	74	0.03168179746181654
16	0	54	86	0.013537745438987423
16	0	54	71	0.013537745438987423
16	0	55	2	0.11662043375387167
16	0	55	15	0.08997685075845117
16	0	55	55	0.07308707390301546
16	0	55	0	0.07308707390301546
16	0	55	46	0.07308707390301546
16	0	55	69	0.07308707390301546
16	0	55	38	0.0509204399729615
16	0	55	12	0.053036493529790604
16	0	55	21	0.053036493529790604
16	0	55	24	0.012445390572160733
16	0	55	14	0.012445390572160733
16	0	55	62	0.0509204399729615
16	0	55	53	0.0509204399729615
16	0	55	88	0.0509204399729615
16	0	55	98	0.0509204399729615
16	0	55	74	0.037461377601545894
16	0	55	71	0.020165170812084035
16	0	55	76	0.005810708757028778
16	0	55	19	0.012445390572160733
16	0	55	22	0.012445390572160733
16	0	55	17	0.010674660125086447
16	0	56	2	0.12056091768414777
16	0	56	15	0.12056091768414777
16	0	56	55	0.10669129780757489
16	0	56	0	0.10669129780757489
16	0	56	46	0.10669129780757489
16	0	56	69	0.10669129780757489
16	0	56	38	0.04707039996299868
16	0	56	12	0.05721740630665781
16	0	56	21	0.05721740630665781
16	0	56	88	0.04707039996299868
16	0	56	24	0.012926383566175332
16	0	56	62	0.04707039996299868
16	0	56	53	0.04707039996299868
16	0	56	98	0.04707039996299868
16	0	56	86	0.030459642326375904
16	0	56	74	0.030459642326375904
16	0	56	71	0.015469484055886265
16	0	56	14	0.012926383566175332
16	0	56	19	0.012926383566175332
16	0	56	22	0.011177711712479001
16	0	57	2	0.11481012127586544
16	0	57	15	0.10063635234516548
16	0	57	55	0.07179161283276918
16	0	57	0	0.06135709917273369
16	0	57	46	0.06135709917273369
16	0	57	69	0.06135709917273369
16	0	57	38	0.056283621693081994
16	0	57	12	0.056283621693081994
16	0	57	21	0.056283621693081994
16	0	57	24	0.0100749945525179
16	0	57	14	0.0100749945525179
16	0	57	62	0.056283621693081994
16	0	57	53	0.056283621693081994
16	0	57	88	0.056283621693081994
16	0	57	98	0.056283621693081994
16	0	57	74	0.03634732416070322
16	0	57	86	0.011749085931420811
16	0	57	71	0.011749085931420811
16	0	57	22	0.0100749945525179
16	0	57	19	0.0100749945525179
16	0	57	17	0.0100749945525179
16	0	58	2	0.11356736236479038
16	0	58	15	0.10082357771291577
16	0	58	55	0.07232080212570281
16	0	58	0	0.062269255308837396
16	0	58	46	0.06556624267814759
16	0	58	69	0.06556624267814759
16	0	58	21	0.05779162770142995
16	0	58	12	0.05779162770142995
16	0	58	38	0.051215227529664425
16	0	58	88	0.051215227529664425
16	0	58	24	0.011754654016706608
16	0	58	22	0.011754654016706608
16	0	58	19	0.011754654016706608
16	0	58	14	0.011754654016706608
16	0	58	98	0.051215227529664425
16	0	58	62	0.051215227529664425
16	0	58	53	0.051215227529664425
16	0	58	74	0.04341979457235539
16	0	58	71	0.006209146252513916
16	0	58	86	0.006209146252513916
16	0	58	17	0.011754654016706608
16	0	58	5	0.011754654016706608
16	0	59	2	0.11100947512700932
16	0	59	15	0.08844744219637225
16	0	59	55	0.07810160638689044
16	0	59	0	0.07810160638689044
16	0	59	46	0.07810160638689044
16	0	59	69	0.07810160638689044
16	0	59	21	0.05235167638625866
16	0	59	12	0.05235167638625866
16	0	59	24	0.014490349617142722
16	0	59	88	0.04826713328021375
16	0	59	38	0.04826713328021375
16	0	59	22	0.014490349617142722
16	0	59	19	0.014490349617142722
16	0	59	14	0.014490349617142722
16	0	59	98	0.04826713328021375
16	0	59	62	0.04826713328021375
16	0	59	53	0.04826713328021375
16	0	59	74	0.03421883294658496
16	0	59	86	0.012259767410705695
16	0	59	71	0.012259767410705695
16	0	59	76	0.009016494025404949
16	0	59	17	0.007670168262222118
16	0	60	2	0.11880901122961683
16	0	60	15	0.1159369550736389
16	0	60	55	0.09627808133214513
16	0	60	0	0.09627808133214513
16	0	60	46	0.09627808133214513
16	0	60	69	0.09627808133214513
16	0	60	21	0.05142885813928631
16	0	60	12	0.05142885813928631
16	0	60	38	0.05142885813928631
16	0	60	24	0.021547759509220384
16	0	60	14	0.021547759509220384
16	0	60	98	0.05142885813928631
16	0	60	62	0.05142885813928631
16	0	60	53	0.05142885813928631
16	0	60	88	0.05142885813928631
16	0	60	74	0.038606327437270674
16	0	60	86	0.014849701902312131
16	0	60	71	0.014849701902312131
16	0	60	19	0.021547759509220384
16	0	60	22	0.021547759509220384
16	0	60	17	0.0052612189060418915
16	0	61	2	0.12337357540578185
16	0	61	15	0.12337357540578185
16	0	61	55	0.1013517209418324
16	0	61	0	0.1013517209418324
16	0	61	46	0.1013517209418324
16	0	61	69	0.1013517209418324
16	0	61	38	0.050967659200574146
16	0	61	12	0.050967659200574146
16	0	61	21	0.050967659200574146
16	0	61	24	0.013396683264855224
16	0	61	14	0.013396683264855224
16	0	61	19	0.013396683264855224
16	0	61	98	0.050967659200574146
16	0	61	88	0.050967659200574146
16	0	61	62	0.050967659200574146
16	0	61	53	0.050967659200574146
16	0	61	74	0.02995868073341782
16	0	61	86	0.02995868073341782
16	0	61	71	0.019227498087277244
16	0	61	22	0.013396683264855224
16	0	62	2	0.10182737265195349
16	0	62	15	0.10182737265195349
16	0	62	0	0.10182737265195349
16	0	62	55	0.10182737265195349
16	0	62	69	0.10182737265195349
16	0	62	46	0.10182737265195349
16	0	62	21	0.041613903170145114
16	0	62	12	0.041613903170145114
16	0	62	88	0.023190925045591133
16	0	62	38	0.023190925045591133
16	0	62	53	0.023190925045591133
16	0	62	98	0.023190925045591133
16	0	62	62	0.023190925045591133
16	0	62	24	0.023190925045591133
16	0	62	14	0.023190925045591133
16	0	62	22	0.023190925045591133
16	0	62	86	0.008321274169350454
16	0	62	17	0.009953652181510142
16	0	62	19	0.009953652181510142
16	0	62	1	0.009953652181510142
16	0	62	28	0.009953652181510142
16	0	63	2	0.10877080091387611
16	0	63	15	0.10649942703099402
16	0	63	55	0.08263531659985081
16	0	63	0	0.08263531659985081
16	0	63	46	0.08263531659985081
16	0	63	69	0.08263531659985081
16	0	63	38	0.051024671856331374
16	0	63	12	0.051024671856331374
16	0	63	21	0.051024671856331374
16	0	63	53	0.051024671856331374
16	0	63	62	0.051024671856331374
16	0	63	98	0.051024671856331374
16	0	63	88	0.051024671856331374
16	0	63	74	0.021048447379543877
16	0	63	24	0.015201812923186033
16	0	63	14	0.015201812923186033
16	0	63	19	0.015201812923186033
16	0	63	22	0.015201812923186033
16	0	63	17	0.01255094448317861
16	0	63	5	0.002939751171816993
16	0	64	2	0.11727925461386961
16	0	64	15	0.09604085453343511
16	0	64	55	0.07296319269929452
16	0	64	0	0.07010729774945948
16	0	64	69	0.07010729774945948
16	0	64	46	0.07010729774945948
16	0	64	21	0.06096312066694042
16	0	64	12	0.06096312066694042
16	0	64	38	0.05568836437360817
16	0	64	24	0.02113906251244264
16	0	64	53	0.05568836437360817
16	0	64	88	0.05568836437360817
16	0	64	62	0.05568836437360817
16	0	64	98	0.02113906251244264
16	0	64	19	0.02113906251244264
16	0	64	14	0.02113906251244264
16	0	64	74	0.02113906251244264
16	0	64	22	0.02113906251244264
16	0	64	17	0.014337511176765882
16	0	64	5	0.014337511176765882
16	0	65	2	0.11182219131809351
16	0	65	15	0.10418331223750418
16	0	65	55	0.07130685927716712
16	0	65	0	0.0559223691717827
16	0	65	46	0.06497440040669504
16	0	65	69	0.06497440040669504
16	0	65	21	0.04956553680122399
16	0	65	12	0.04956553680122399
16	0	65	38	0.04686203894828571
16	0	65	24	0.014536768332116132
16	0	65	14	0.014536768332116132
16	0	65	62	0.04686203894828571
16	0	65	53	0.04686203894828571
16	0	65	88	0.04686203894828571
16	0	65	98	0.04686203894828571
16	0	65	86	0.03193408558498889
16	0	65	74	0.03193408558498889
16	0	65	71	0.018536154164651708
16	0	65	76	0.006392711736838355
16	0	65	22	0.01273112747543751
16	0	65	19	0.01273112747543751
16	0	66	2	0.11660474085356481
16	0	66	15	0.09327039003042141
16	0	66	55	0.07683170215614107
16	0	66	0	0.07683170215614107
16	0	66	46	0.07683170215614107
16	0	66	69	0.07683170215614107
16	0	66	21	0.0569716069865453
16	0	66	12	0.0569716069865453
16	0	66	38	0.03008258413635644
16	0	66	24	0.026598361807430086
16	0	66	53	0.03008258413635644
16	0	66	88	0.03008258413635644
16	0	66	98	0.03008258413635644
16	0	66	62	0.026598361807430086
16	0	66	19	0.026598361807430086
16	0	66	74	0.026598361807430086
16	0	66	14	0.026598361807430086
16	0	66	22	0.026598361807430086
16	0	66	17	0.011879520801388469
16	0	66	5	0.011879520801388469
16	0	67	2	0.11348127483130352
16	0	67	15	0.0878000827440823
16	0	67	55	0.07741998067994443
16	0	67	0	0.07741998067994443
16	0	67	46	0.07741998067994443
16	0	67	69	0.07741998067994443
16	0	67	38	0.05338551653258518
16	0	67	12	0.05338551653258518
16	0	67	21	0.05338551653258518
16	0	67	24	0.012515199852062625
16	0	67	14	0.012515199852062625
16	0	67	88	0.05338551653258518
16	0	67	53	0.05338551653258518
16	0	67	98	0.05338551653258518
16	0	67	62	0.05338551653258518
16	0	67	74	0.03674524913555115
16	0	67	71	0.01132128912230242
16	0	67	86	0.01132128912230242
16	0	67	22	0.012515199852062625
16	0	67	19	0.012515199852062625
16	0	67	17	0.008905736205002387
16	0	68	2	0.12235919590903982
16	0	68	15	0.08461811675090113
16	0	68	55	0.07218192768123155
16	0	68	0	0.06913979944575702
16	0	68	46	0.06913979944575702
16	0	68	69	0.06913979944575702
16	0	68	21	0.054413647083081225
16	0	68	12	0.054413647083081225
16	0	68	38	0.054413647083081225
16	0	68	24	0.014710415366711157
16	0	68	14	0.014710415366711157
16	0	68	98	0.054413647083081225
16	0	68	62	0.054413647083081225
16	0	68	53	0.054413647083081225
16	0	68	88	0.054413647083081225
16	0	68	74	0.030871608587936666
16	0	68	86	0.006641831610371204
16	0	68	22	0.014710415366711157
16	0	68	19	0.014710415366711157
16	0	68	17	0.010763532203848533
16	0	69	2	0.10833079988842144
16	0	69	15	0.09887945992583154
16	0	69	55	0.07136222389669884
16	0	69	0	0.06551742704895182
16	0	69	69	0.06626953084501623
16	0	69	46	0.06626953084501623
16	0	69	21	0.05520408663168221
16	0	69	12	0.05520408663168221
16	0	69	24	0.012559820720214717
16	0	69	88	0.05251452294958664
16	0	69	38	0.05251452294958664
16	0	69	22	0.012559820720214717
16	0	69	19	0.012559820720214717
16	0	69	14	0.012559820720214717
16	0	69	98	0.05251452294958664
16	0	69	62	0.05251452294958664
16	0	69	53	0.05251452294958664
16	0	69	74	0.038490074868950334
16	0	69	71	0.018259664604574625
16	0	69	17	0.012559820720214717
16	0	70	2	0.11943273780620028
16	0	70	15	0.09995993699110003
16	0	70	55	0.09995993699110003
16	0	70	0	0.09995993699110003
16	0	70	69	0.09995993699110003
16	0	70	46	0.09995993699110003
16	0	70	38	0.05228868007758805
16	0	70	12	0.05228868007758805
16	0	70	21	0.05228868007758805
16	0	70	53	0.05228868007758805
16	0	70	88	0.05228868007758805
16	0	70	62	0.05228868007758805
16	0	70	98	0.05228868007758805
16	0	70	24	0.012405344401789354
16	0	70	74	0.007217991107946576
16	0	70	19	0.012405344401789354
16	0	70	14	0.012405344401789354
16	0	70	22	0.012405344401789354
16	0	70	17	0.012405344401789354
16	0	70	5	0.008130380882747338
16	0	71	2	0.11586924878822719
16	0	71	15	0.11451366841910508
16	0	71	55	0.08667853974463857
16	0	71	0	0.08667853974463857
16	0	71	46	0.08667853974463857
16	0	71	69	0.08667853974463857
16	0	71	38	0.055557515666153266
16	0	71	12	0.055557515666153266
16	0	71	21	0.055557515666153266
16	0	71	24	0.013291981468074249
16	0	71	53	0.055557515666153266
16	0	71	88	0.055557515666153266
16	0	71	98	0.055557515666153266
16	0	71	62	0.055557515666153266
16	0	71	74	0.020132927032383847
16	0	71	86	0.020132927032383847
16	0	71	71	0.020132927032383847
16	0	71	19	0.009456170701663479
16	0	71	76	0.013291981468074249
16	0	71	14	0.013291981468074249
16	0	72	2	0.1097545245119655
16	0	72	15	0.10584499231104952
16	0	72	55	0.07252502223153155
16	0	72	0	0.06168667256751861
16	0	72	46	0.06168667256751861
16	0	72	69	0.06168667256751861
16	0	72	21	0.05396908418436042
16	0	72	12	0.05396908418436042
16	0	72	38	0.05396908418436042
16	0	72	24	0.011477059834022496
16	0	72	14	0.011477059834022496
16	0	72	62	0.05396908418436042
16	0	72	53	0.05396908418436042
16	0	72	88	0.05396908418436042
16	0	72	98	0.05396908418436042
16	0	72	74	0.038591530126683524
16	0	72	71	0.011477059834022496
16	0	72	86	0.011477059834022496
16	0	72	22	0.011477059834022496
16	0	72	19	0.011477059834022496
16	0	73	2	0.11039059687908702
16	0	73	15	0.09444177535529907
16	0	73	55	0.07825564234569166
16	0	73	0	0.07825564234569166
16	0	73	46	0.07825564234569166
16	0	73	69	0.07825564234569166
16	0	73	21	0.043344639157183576
16	0	73	12	0.043344639157183576
16	0	73	38	0.03620660395198112
16	0	73	88	0.02251244525939327
16	0	73	62	0.03620660395198112
16	0	73	53	0.03620660395198112
16	0	73	98	0.02251244525939327
16	0	73	14	0.02251244525939327
16	0	73	24	0.02251244525939327
16	0	73	17	0.013297100961057302
16	0	73	74	0.02251244525939327
16	0	73	19	0.021294893404519365
16	0	73	22	0.02251244525939327
16	0	73	5	0.013297100961057302
16	0	74	2	0.11100754440134865
16	0	74	15	0.10497501181945418
16	0	74	55	0.07185447154098416
16	0	74	0	0.06751756688138622
16	0	74	46	0.06751756688138622
16	0	74	69	0.06751756688138622
16	0	74	21	0.052700608639689436
16	0	74	12	0.052700608639689436
16	0	74	38	0.052700608639689436
16	0	74	24	0.012673738952373998
16	0	74	14	0.012673738952373998
16	0	74	62	0.052700608639689436
16	0	74	53	0.052700608639689436
16	0	74	88	0.052700608639689436
16	0	74	98	0.052700608639689436
16	0	74	74	0.04652123560836863
16	0	74	86	0.011504129605890744
16	0	74	71	0.011504129605890744
16	0	74	22	0.012673738952373998
16	0	74	19	0.012673738952373998
16	0	74	17	0.012673738952373998
16	0	75	2	0.11493432571810373
16	0	75	15	0.09052478042204644
16	0	75	55	0.07288458391439195
16	0	75	0	0.07288458391439195
16	0	75	46	0.07288458391439195
16	0	75	69	0.07288458391439195
16	0	75	38	0.04921078241373854
16	0	75	12	0.049874457682876946
16	0	75	21	0.049874457682876946
16	0	75	24	0.014953772964853104
16	0	75	14	0.014953772964853104
16	0	75	19	0.014953772964853104
16	0	75	98	0.04921078241373854
16	0	75	62	0.04921078241373854
16	0	75	53	0.04921078241373854
16	0	75	88	0.04921078241373854
16	0	75	74	0.041967212066580654
16	0	75	71	0.019357080118785605
16	0	75	76	0.014953772964853104
16	0	75	22	0.014953772964853104
16	0	76	2	0.11013146546037948
16	0	76	15	0.10237486322632969
16	0	76	55	0.0724068188936407
16	0	76	0	0.06166015590161924
16	0	76	46	0.06166015590161924
16	0	76	69	0.06166015590161924
16	0	76	38	0.05611435086479556
16	0	76	12	0.05611435086479556
16	0	76	21	0.05611435086479556
16	0	76	24	0.0125388525594487
16	0	76	14	0.0125388525594487
16	0	76	19	0.0125388525594487
16	0	76	98	0.05611435086479556
16	0	76	62	0.05611435086479556
16	0	76	88	0.05611435086479556
16	0	76	53	0.05611435086479556
16	0	76	74	0.03463644906397699
16	0	76	86	0.0125388525594487
16	0	76	71	0.0125388525594487
16	0	76	22	0.0125388525594487
16	0	76	17	0.007298970150830453
16	0	77	2	0.11928586364399425
16	0	77	15	0.11928586364399425
16	0	77	55	0.11928586364399425
16	0	77	0	0.11928586364399425
16	0	77	46	0.11928586364399425
16	0	77	69	0.11928586364399425
16	0	77	21	0.05448137282717276
16	0	77	12	0.05448137282717276
16	0	77	24	0.010870222263696484
16	0	77	14	0.010870222263696484
16	0	77	19	0.010870222263696484
16	0	77	62	0.05114413587590851
16	0	77	38	0.05114413587590851
16	0	77	88	0.05114413587590851
16	0	77	98	0.05114413587590851
16	0	77	53	0.05114413587590851
16	0	77	22	0.010671085065334042
16	0	77	17	0.00934608939337903
16	0	77	5	0.009135542417634354
16	0	77	13	0.002604018066671473
16	0	78	2	0.12075234709981307
16	0	78	15	0.09541160128039057
16	0	78	55	0.073975690310312
16	0	78	0	0.06921248857941514
16	0	78	46	0.06921248857941514
16	0	78	69	0.06921248857941514
16	0	78	21	0.043205324220022955
16	0	78	12	0.035380682021594466
16	0	78	38	0.02412601804129458
16	0	78	88	0.02412601804129458
16	0	78	24	0.02412601804129458
16	0	78	62	0.02412601804129458
16	0	78	53	0.02412601804129458
16	0	78	98	0.02412601804129458
16	0	78	19	0.02412601804129458
16	0	78	5	0.02412601804129458
16	0	78	17	0.02412601804129458
16	0	78	22	0.02412601804129458
16	0	78	14	0.02412601804129458
16	0	78	13	0.0028717040497656266
16	0	79	2	0.09932611238675793
16	0	79	15	0.09790007525167915
16	0	79	55	0.07948234003061558
16	0	79	0	0.07948234003061558
16	0	79	46	0.07948234003061558
16	0	79	69	0.07948234003061558
16	0	79	38	0.06509702420563769
16	0	79	12	0.06509702420563769
16	0	79	21	0.06509702420563769
16	0	79	24	0.01237959548352034
16	0	79	53	0.06509702420563769
16	0	79	88	0.06509702420563769
16	0	79	98	0.06509702420563769
16	0	79	62	0.06509702420563769
16	0	79	86	0.01237959548352034
16	0	79	71	0.008407960779473854
16	0	79	22	0.01237959548352034
16	0	79	19	0.01237959548352034
16	0	79	14	0.01237959548352034
16	0	79	5	0.005958119059896612
16	0	79	17	0.005958119059896612
16	0	80	2	0.1158985844529853
16	0	80	15	0.09111161254529537
16	0	80	55	0.07576048703154568
16	0	80	0	0.07576048703154568
16	0	80	46	0.07576048703154568
16	0	80	69	0.07576048703154568
16	0	80	38	0.04954535990783717
16	0	80	12	0.050063101456253624
16	0	80	21	0.050063101456253624
16	0	80	24	0.019884578179835626
16	0	80	53	0.04954535990783717
16	0	80	88	0.04954535990783717
16	0	80	14	0.019884578179835626
16	0	80	19	0.020490405148930944
16	0	80	98	0.04954535990783717
16	0	80	62	0.04954535990783717
16	0	80	74	0.020490405148930944
16	0	80	22	0.019884578179835626
16	0	80	71	0.019884578179835626
16	0	80	17	0.011006077921669981
16	0	81	2	0.11874259324538965
16	0	81	15	0.10245378246433569
16	0	81	55	0.07290550959946364
16	0	81	0	0.07108601854814695
16	0	81	46	0.07108601854814695
16	0	81	69	0.07108601854814695
16	0	81	21	0.05480870821994598
16	0	81	12	0.05480870821994598
16	0	81	38	0.04683825634494982
16	0	81	24	0.010533378573307295
16	0	81	88	0.04683825634494982
16	0	81	62	0.04683825634494982
16	0	81	53	0.04683825634494982
16	0	81	98	0.04683825634494982
16	0	81	74	0.04312071972646745
16	0	81	71	0.010533378573307295
16	0	81	86	0.010533378573307295
16	0	81	22	0.010533378573307295
16	0	81	19	0.010533378573307295
16	0	81	14	0.010533378573307295
16	0	81	17	0.009488253853588499
16	0	82	2	0.10977321497550528
16	0	82	15	0.08618185035689212
16	0	82	55	0.07521301814414853
16	0	82	0	0.07521301814414853
16	0	82	46	0.07521301814414853
16	0	82	69	0.07521301814414853
16	0	82	12	0.06047871281054937
16	0	82	21	0.06047871281054937
16	0	82	38	0.024314495430193803
16	0	82	19	0.024314495430193803
16	0	82	24	0.024314495430193803
16	0	82	88	0.024314495430193803
16	0	82	62	0.024314495430193803
16	0	82	53	0.024314495430193803
16	0	82	98	0.024314495430193803
16	0	82	22	0.024314495430193803
16	0	82	14	0.024314495430193803
16	0	82	17	0.015378738449444571
16	0	82	5	0.015378738449444571
16	0	82	28	0.005055780586114221
16	0	83	2	0.11834602547307578
16	0	83	15	0.0879623639315958
16	0	83	55	0.07542844511219803
16	0	83	0	0.07542844511219803
16	0	83	46	0.07542844511219803
16	0	83	69	0.07542844511219803
16	0	83	38	0.05202430014741788
16	0	83	12	0.05202430014741788
16	0	83	21	0.05202430014741788
16	0	83	24	0.011980300664582062
16	0	83	53	0.05202430014741788
16	0	83	62	0.05202430014741788
16	0	83	88	0.05202430014741788
16	0	83	98	0.05202430014741788
16	0	83	74	0.03686022400748781
16	0	83	19	0.011980300664582062
16	0	83	71	0.011980300664582062
16	0	83	14	0.011980300664582062
16	0	83	22	0.011636306434094173
16	0	83	17	0.008892755229135648
16	0	84	2	0.12562974629545617
16	0	84	15	0.12562974629545617
16	0	84	55	0.10476716877621518
16	0	84	0	0.10476716877621518
16	0	84	46	0.10476716877621518
16	0	84	69	0.10476716877621518
16	0	84	21	0.049902896396820724
16	0	84	12	0.049902896396820724
16	0	84	38	0.04696865653487932
16	0	84	24	0.01497988478721066
16	0	84	14	0.01497988478721066
16	0	84	62	0.04696865653487932
16	0	84	53	0.04696865653487932
16	0	84	88	0.04696865653487932
16	0	84	98	0.04696865653487932
16	0	84	86	0.03254676913114594
16	0	84	74	0.03254676913114594
16	0	84	71	0.01908938956569025
16	0	84	19	0.01497988478721066
16	0	84	22	0.01497988478721066
16	0	85	2	0.10976611876866861
16	0	85	15	0.09097694874444229
16	0	85	55	0.07527421213596337
16	0	85	0	0.07527421213596337
16	0	85	69	0.07527421213596337
16	0	85	46	0.07527421213596337
16	0	85	38	0.05838646961315784
16	0	85	12	0.05838646961315784
16	0	85	21	0.05838646961315784
16	0	85	24	0.011546481421053412
16	0	85	14	0.011546481421053412
16	0	85	98	0.05838646961315784
16	0	85	62	0.05838646961315784
16	0	85	88	0.05838646961315784
16	0	85	53	0.05838646961315784
16	0	85	74	0.030136939466756198
16	0	85	71	0.018628011579354262
16	0	85	76	0.010340455327061354
16	0	85	22	0.011546481421053412
16	0	85	19	0.011546481421053412
16	0	85	17	0.01065032724339227
16	0	86	2	0.1222795295436806
16	0	86	15	0.09313788519241906
16	0	86	55	0.09313788519241906
16	0	86	0	0.09313788519241906
16	0	86	46	0.09313788519241906
16	0	86	69	0.09313788519241906
16	0	86	21	0.03162600991163299
16	0	86	12	0.020103698099514237
16	0	86	38	0.019872627388683933
16	0	86	62	0.020103698099514237
16	0	86	88	0.020103698099514237
16	0	86	53	0.019872627388683933
16	0	86	98	0.019872627388683933
16	0	86	24	0.019872627388683933
16	0	86	17	0.019872627388683933
16	0	86	19	0.019872627388683933
16	0	86	22	0.019872627388683933
16	0	86	14	0.019872627388683933
16	0	86	28	0.005761677517752698
16	0	86	74	0.005674712287580979
16	0	87	2	0.11397608658838959
16	0	87	15	0.08725041844769607
16	0	87	55	0.07679136226634602
16	0	87	0	0.07679136226634602
16	0	87	46	0.07679136226634602
16	0	87	69	0.07679136226634602
16	0	87	38	0.05184149041097556
16	0	87	12	0.05184149041097556
16	0	87	21	0.05184149041097556
16	0	87	24	0.014911526270851332
16	0	87	14	0.014911526270851332
16	0	87	62	0.05184149041097556
16	0	87	88	0.05184149041097556
16	0	87	53	0.05184149041097556
16	0	87	98	0.05184149041097556
16	0	87	74	0.03830089730004889
16	0	87	71	0.014911526270851332
16	0	87	19	0.014911526270851332
16	0	87	22	0.014911526270851332
16	0	87	17	0.009681697650016398
16	0	88	2	0.11554866535044737
16	0	88	15	0.1011712564343345
16	0	88	55	0.07109355350496091
16	0	88	0	0.06128243273146786
16	0	88	46	0.06128243273146786
16	0	88	69	0.06128243273146786
16	0	88	38	0.04795020125045235
16	0	88	12	0.05224871496880756
16	0	88	21	0.05224871496880756
16	0	88	24	0.01465241254339061
16	0	88	53	0.04795020125045235
16	0	88	88	0.04795020125045235
16	0	88	62	0.04795020125045235
16	0	88	98	0.04795020125045235
16	0	88	74	0.031217158949756775
16	0	88	86	0.031217158949756775
16	0	88	71	0.019169921271237185
16	0	88	14	0.01465241254339061
16	0	88	19	0.01465241254339061
16	0	88	22	0.01465241254339061
16	0	89	2	0.1128212972971623
16	0	89	15	0.10364743685192582
16	0	89	55	0.07086717137052452
16	0	89	0	0.06354961599899335
16	0	89	46	0.06354961599899335
16	0	89	69	0.06354961599899335
16	0	89	38	0.05650043986696779
16	0	89	12	0.05650043986696779
16	0	89	21	0.05650043986696779
16	0	89	24	0.013873535247629474
16	0	89	14	0.013873535247629474
16	0	89	62	0.05650043986696779
16	0	89	53	0.05650043986696779
16	0	89	88	0.05650043986696779
16	0	89	98	0.05650043986696779
16	0	89	74	0.03288089617787016
16	0	89	71	0.013873535247629474
16	0	89	22	0.013873535247629474
16	0	89	19	0.013873535247629474
16	0	89	17	0.010242406263252126
16	0	90	2	0.11028406325830079
16	0	90	15	0.091864683981002
16	0	90	55	0.06943750545547857
16	0	90	0	0.0671085894134801
16	0	90	46	0.0671085894134801
16	0	90	69	0.0671085894134801
16	0	90	21	0.057318439517231666
16	0	90	12	0.057318439517231666
16	0	90	38	0.057318439517231666
16	0	90	88	0.057318439517231666
16	0	90	24	0.0137190031373379
16	0	90	62	0.057318439517231666
16	0	90	53	0.057318439517231666
16	0	90	98	0.057318439517231666
16	0	90	74	0.038069498200868856
16	0	90	71	0.01692570562464695
16	0	90	14	0.0137190031373379
16	0	90	19	0.0137190031373379
16	0	90	22	0.0137190031373379
16	0	90	17	0.009690399012556535
16	0	91	2	0.11594340649009466
16	0	91	15	0.0896553827373168
16	0	91	55	0.07538294611079477
16	0	91	0	0.07538294611079477
16	0	91	46	0.07538294611079477
16	0	91	69	0.07538294611079477
16	0	91	38	0.05891617664847038
16	0	91	12	0.05891617664847038
16	0	91	21	0.05891617664847038
16	0	91	24	0.015880521872986744
16	0	91	14	0.015880521872986744
16	0	91	98	0.05891617664847038
16	0	91	62	0.05891617664847038
16	0	91	53	0.05891617664847038
16	0	91	88	0.05891617664847038
16	0	91	74	0.032109060777180655
16	0	91	19	0.015880521872986744
16	0	91	71	0.015880521872986744
16	0	91	22	0.015880521872986744
16	0	91	76	0.015880521872986744
16	0	92	2	0.11533910614173543
16	0	92	15	0.10310461065011572
16	0	92	55	0.08026183592499403
16	0	92	0	0.08026183592499403
16	0	92	21	0.0457972199581805
16	0	92	69	0.08026183592499403
16	0	92	46	0.08026183592499403
16	0	92	12	0.025664160374088935
16	0	92	38	0.022526769689740146
16	0	92	24	0.017992914611704363
16	0	92	14	0.017992914611704363
16	0	92	62	0.022526769689740146
16	0	92	88	0.022526769689740146
16	0	92	53	0.022526769689740146
16	0	92	98	0.022526769689740146
16	0	92	19	0.022526769689740146
16	0	92	22	0.017992914611704363
16	0	92	17	0.013364950638869996
16	0	92	74	0.013630515927583612
16	0	92	86	0.013630515927583612
16	0	92	5	0.013630515927583612
16	0	93	2	0.11645529865512826
16	0	93	15	0.10817265922629468
16	0	93	55	0.06985182059483039
16	0	93	0	0.06766872685248995
16	0	93	46	0.06766872685248995
16	0	93	69	0.06766872685248995
16	0	93	38	0.05256564168987886
16	0	93	12	0.05449646062714215
16	0	93	21	0.05449646062714215
16	0	93	24	0.015714784060110187
16	0	93	53	0.05256564168987886
16	0	93	88	0.05256564168987886
16	0	93	98	0.05256564168987886
16	0	93	62	0.05256564168987886
16	0	93	74	0.04873212462253813
16	0	93	71	0.008805821959201422
16	0	93	86	0.008805821959201422
16	0	93	14	0.015714784060110187
16	0	93	19	0.015714784060110187
16	0	93	22	0.015714784060110187
16	0	93	5	0.015714784060110187
16	0	93	17	0.015714784060110187
16	0	94	2	0.12213240644025722
16	0	94	15	0.12213240644025722
16	0	94	55	0.09460831044945348
16	0	94	0	0.09460831044945348
16	0	94	46	0.09460831044945348
16	0	94	69	0.09460831044945348
16	0	94	38	0.05644697991999384
16	0	94	12	0.05644697991999384
16	0	94	21	0.05644697991999384
16	0	94	24	0.008451260537356292
16	0	94	14	0.008451260537356292
16	0	94	19	0.008451260537356292
16	0	94	98	0.05644697991999384
16	0	94	88	0.05644697991999384
16	0	94	62	0.05644697991999384
16	0	94	53	0.05644697991999384
16	0	94	74	0.022393314758939187
16	0	94	86	0.022393314758939187
16	0	94	71	0.01845934143644695
16	0	94	76	0.009254565808001339
16	0	94	22	0.008451260537356292
16	0	95	2	0.12169656181471622
16	0	95	15	0.08811793510743571
16	0	95	55	0.07149538577041487
16	0	95	0	0.06910298326137959
16	0	95	46	0.06910298326137959
16	0	95	69	0.06910298326137959
16	0	95	38	0.049549416437173366
16	0	95	12	0.049549416437173366
16	0	95	21	0.049549416437173366
16	0	95	24	0.016879649329380228
16	0	95	88	0.049549416437173366
16	0	95	53	0.049549416437173366
16	0	95	98	0.049549416437173366
16	0	95	62	0.049549416437173366
16	0	95	74	0.03921964390042767
16	0	95	71	0.020754140178058447
16	0	95	14	0.016879649329380228
16	0	95	76	0.004495195351008153
16	0	95	22	0.016879649329380228
16	0	95	19	0.016879649329380228
16	0	95	17	0.011392804729865907
16	0	96	2	0.12175122637045141
16	0	96	15	0.12175122637045141
16	0	96	55	0.09593795505288681
16	0	96	0	0.09593795505288681
16	0	96	46	0.09593795505288681
16	0	96	69	0.09593795505288681
16	0	96	38	0.0436014011390324
16	0	96	12	0.050188468549330886
16	0	96	21	0.050188468549330886
16	0	96	24	0.014421172665959579
16	0	96	53	0.0436014011390324
16	0	96	62	0.0436014011390324
16	0	96	88	0.0436014011390324
16	0	96	98	0.0436014011390324
16	0	96	86	0.026617950658826477
16	0	96	74	0.026617950658826477
16	0	96	71	0.019276599641414045
16	0	96	76	0.007584550348729469
16	0	96	19	0.014421172665959579
16	0	96	14	0.014421172665959579
16	0	96	22	0.014421172665959579
16	0	97	2	0.11202495293761158
16	0	97	15	0.09833159423419044
16	0	97	55	0.07018552482268774
16	0	97	0	0.06409684345567655
16	0	97	46	0.06409684345567655
16	0	97	69	0.06409684345567655
16	0	97	21	0.05715721375118417
16	0	97	12	0.05715721375118417
16	0	97	38	0.05307486076627204
16	0	97	88	0.05307486076627204
16	0	97	24	0.01204872238677692
16	0	97	62	0.05307486076627204
16	0	97	53	0.05307486076627204
16	0	97	98	0.05307486076627204
16	0	97	74	0.04401725791939811
16	0	97	71	0.01204872238677692
16	0	97	86	0.01204872238677692
16	0	97	19	0.01204872238677692
16	0	97	14	0.01204872238677692
16	0	97	22	0.01204872238677692
16	0	98	2	0.1263317441364437
16	0	98	15	0.1263317441364437
16	0	98	55	0.1036265206852286
16	0	98	0	0.1036265206852286
16	0	98	46	0.1036265206852286
16	0	98	69	0.1036265206852286
16	0	98	38	0.05864450936948371
16	0	98	12	0.05864450936948371
16	0	98	21	0.05864450936948371
16	0	98	24	0.009976649978414843
16	0	98	14	0.009976649978414843
16	0	98	19	0.009976649978414843
16	0	98	98	0.05864450936948371
16	0	98	62	0.05864450936948371
16	0	98	88	0.05864450936948371
16	0	98	53	0.05864450936948371
16	0	98	74	0.031773943341568786
16	0	98	86	0.010880724674657687
16	0	98	71	0.010880724674657687
16	0	98	22	0.009976649978414843
16	0	98	17	0.009976649978414843
16	0	98	5	0.009927193662035387
16	0	99	2	0.11214702760529711
16	0	99	15	0.08990226483926576
16	0	99	55	0.07502608837317089
16	0	99	0	0.07502608837317089
16	0	99	46	0.07502608837317089
16	0	99	69	0.07502608837317089
16	0	99	38	0.05592480200307213
16	0	99	12	0.05592480200307213
16	0	99	21	0.05592480200307213
16	0	99	24	0.020295416021215745
16	0	99	14	0.020295416021215745
16	0	99	98	0.05592480200307213
16	0	99	62	0.05592480200307213
16	0	99	53	0.05592480200307213
16	0	99	88	0.05592480200307213
16	0	99	74	0.03537229757435323
16	0	99	71	0.020295416021215745
16	0	99	22	0.020295416021215745
16	0	99	19	0.020295416021215745
16	0	99	17	0.011331686104914349
16	0	100	2	0.1040655081318938
16	0	100	15	0.09508949941364007
16	0	100	55	0.07151026859282784
16	0	100	0	0.07151026859282784
16	0	100	46	0.07151026859282784
16	0	100	69	0.07151026859282784
16	0	100	21	0.05217037240622521
16	0	100	12	0.05217037240622521
16	0	100	38	0.0460629160657547
16	0	100	88	0.0460629160657547
16	0	100	24	0.013554856731690497
16	0	100	22	0.013554856731690497
16	0	100	19	0.013554856731690497
16	0	100	14	0.013554856731690497
16	0	100	98	0.0460629160657547
16	0	100	62	0.0460629160657547
16	0	100	53	0.0460629160657547
16	0	100	74	0.042423077359016646
16	0	100	71	0.019360730557330872
16	0	100	76	0.01052970342689987
16	0.00001	1	2	0.1224993952818335
16	0.00001	1	15	0.10067698430595617
16	0.00001	1	55	0.09576203410790171
16	0.00001	1	0	0.09576203410790171
16	0.00001	1	69	0.09576203410790171
16	0.00001	1	46	0.09576203410790171
16	0.00001	1	21	0.044835960369784544
16	0.00001	1	12	0.044835960369784544
16	0.00001	1	38	0.030648269684149333
16	0.00001	1	53	0.030648269684149333
16	0.00001	1	62	0.030648269684149333
16	0.00001	1	98	0.030648269684149333
16	0.00001	1	88	0.030648269684149333
16	0.00001	1	24	0.022261731702616715
16	0.00001	1	14	0.022261731702616715
16	0.00001	1	86	0.01829335079255911
16	0.00001	1	74	0.01829335079255911
16	0.00001	1	17	0.01829335079255911
16	0.00001	1	22	0.022261731702616715
16	0.00001	1	19	0.022261731702616715
16	0.00001	1	71	0.004404678146805757
16	0.00001	1	7	0.004404678146805757
16	0.00001	1	10	0.004404678146805757
16	0.00001	2	2	0.10788074188688403
16	0.00001	2	15	0.10521012680553508
16	0.00001	2	55	0.09319812381568483
16	0.00001	2	0	0.09319812381568483
16	0.00001	2	46	0.09319812381568483
16	0.00001	2	69	0.09319812381568483
16	0.00001	2	38	0.05557358522244302
16	0.00001	2	12	0.05557358522244302
16	0.00001	2	21	0.05557358522244302
16	0.00001	2	53	0.05557358522244302
16	0.00001	2	62	0.05557358522244302
16	0.00001	2	98	0.05557358522244302
16	0.00001	2	88	0.05557358522244302
16	0.00001	2	74	0.009274519029318893
16	0.00001	2	14	0.012585741433864499
16	0.00001	2	24	0.012585741433864499
16	0.00001	2	22	0.012585741433864499
16	0.00001	2	19	0.012585741433864499
16	0.00001	2	17	0.012585741433864499
16	0.00001	2	5	0.002432827910329177
16	0.00001	3	2	0.1257891904105874
16	0.00001	3	15	0.08713522980220582
16	0.00001	3	55	0.0750774719399115
16	0.00001	3	0	0.0750774719399115
16	0.00001	3	69	0.0750774719399115
16	0.00001	3	46	0.0750774719399115
16	0.00001	3	38	0.05522323956367199
16	0.00001	3	12	0.059441916248351524
16	0.00001	3	21	0.059441916248351524
16	0.00001	3	53	0.05522323956367199
16	0.00001	3	88	0.05522323956367199
16	0.00001	3	62	0.05522323956367199
16	0.00001	3	24	0.021832211795623637
16	0.00001	3	98	0.021832211795623637
16	0.00001	3	19	0.021832211795623637
16	0.00001	3	14	0.021832211795623637
16	0.00001	3	22	0.021832211795623637
16	0.00001	3	74	0.021832211795623637
16	0.00001	3	17	0.017839291119722437
16	0.00001	3	5	0.017839291119722437
16	0.00001	4	2	0.11668898553675357
16	0.00001	4	15	0.10488802359538439
16	0.00001	4	55	0.09433026316501403
16	0.00001	4	0	0.09433026316501403
16	0.00001	4	46	0.09433026316501403
16	0.00001	4	69	0.09433026316501403
16	0.00001	4	38	0.03845735841068135
16	0.00001	4	12	0.05037478124215634
16	0.00001	4	21	0.05037478124215634
16	0.00001	4	53	0.03845735841068135
16	0.00001	4	24	0.015915558669744343
16	0.00001	4	98	0.03845735841068135
16	0.00001	4	88	0.03845735841068135
16	0.00001	4	62	0.03845735841068135
16	0.00001	4	74	0.019612171976634396
16	0.00001	4	14	0.015915558669744343
16	0.00001	4	19	0.015915558669744343
16	0.00001	4	86	0.0038627279980864068
16	0.00001	4	1	0.0038627279980864068
16	0.00001	4	28	0.0038627279980864068
16	0.00001	4	17	0.015915558669744343
16	0.00001	4	22	0.015915558669744343
16	0.00001	4	5	0.012331437406662156
16	0.00001	5	2	0.11453651014223255
16	0.00001	5	15	0.08711354027210805
16	0.00001	5	55	0.07764425103032467
16	0.00001	5	0	0.07764425103032467
16	0.00001	5	46	0.07764425103032467
16	0.00001	5	69	0.07764425103032467
16	0.00001	5	21	0.05509103965455697
16	0.00001	5	12	0.05509103965455697
16	0.00001	5	24	0.022924744306903423
16	0.00001	5	38	0.04051050753832501
16	0.00001	5	88	0.04051050753832501
16	0.00001	5	22	0.022924744306903423
16	0.00001	5	19	0.022924744306903423
16	0.00001	5	14	0.022924744306903423
16	0.00001	5	98	0.04051050753832501
16	0.00001	5	53	0.04051050753832501
16	0.00001	5	62	0.04051050753832501
16	0.00001	5	74	0.04051050753832501
16	0.00001	5	71	0.022924744306903423
16	0.00001	5	76	0.010073428197116329
16	0.00001	6	2	0.12193188708630973
16	0.00001	6	15	0.12193188708630973
16	0.00001	6	55	0.10082367872006806
16	0.00001	6	0	0.10082367872006806
16	0.00001	6	46	0.10082367872006806
16	0.00001	6	69	0.10082367872006806
16	0.00001	6	38	0.04645040382958754
16	0.00001	6	12	0.04946482774663876
16	0.00001	6	21	0.04946482774663876
16	0.00001	6	24	0.011254999529551587
16	0.00001	6	14	0.011254999529551587
16	0.00001	6	62	0.04645040382958754
16	0.00001	6	88	0.04645040382958754
16	0.00001	6	53	0.04645040382958754
16	0.00001	6	98	0.04645040382958754
16	0.00001	6	86	0.032618787896934454
16	0.00001	6	74	0.032618787896934454
16	0.00001	6	71	0.018993639890105333
16	0.00001	6	76	0.008740329657339233
16	0.00001	6	22	0.010165165699130606
16	0.00001	6	19	0.010165165699130606
16	0.00001	7	2	0.11787149675185554
16	0.00001	7	15	0.08775365825508424
16	0.00001	7	55	0.071849686635878
16	0.00001	7	0	0.071849686635878
16	0.00001	7	46	0.071849686635878
16	0.00001	7	69	0.071849686635878
16	0.00001	7	38	0.05151896514617654
16	0.00001	7	12	0.05151896514617654
16	0.00001	7	21	0.05151896514617654
16	0.00001	7	53	0.05151896514617654
16	0.00001	7	24	0.010082105107237917
16	0.00001	7	14	0.010082105107237917
16	0.00001	7	98	0.05151896514617654
16	0.00001	7	62	0.05151896514617654
16	0.00001	7	88	0.05151896514617654
16	0.00001	7	74	0.03511111522435601
16	0.00001	7	71	0.01780069604930317
16	0.00001	7	76	0.012159212238382488
16	0.00001	7	63	0.012159212238382488
16	0.00001	7	17	0.009356092142459017
16	0.00001	7	22	0.009356092142459017
16	0.00001	7	19	0.009356092142459017
16	0.00001	8	2	0.11949770810373907
16	0.00001	8	15	0.08468721193886526
16	0.00001	8	55	0.07564243640836546
16	0.00001	8	0	0.07564243640836546
16	0.00001	8	46	0.07564243640836546
16	0.00001	8	69	0.07564243640836546
16	0.00001	8	38	0.05444771080161279
16	0.00001	8	12	0.05444771080161279
16	0.00001	8	21	0.05444771080161279
16	0.00001	8	24	0.014167487360016738
16	0.00001	8	14	0.014167487360016738
16	0.00001	8	62	0.05444771080161279
16	0.00001	8	88	0.05444771080161279
16	0.00001	8	53	0.05444771080161279
16	0.00001	8	98	0.05444771080161279
16	0.00001	8	74	0.036242139735941536
16	0.00001	8	71	0.014167487360016738
16	0.00001	8	19	0.014167487360016738
16	0.00001	8	22	0.014167487360016738
16	0.00001	8	17	0.009097724335893703
16	0.00001	9	2	0.10562203222867433
16	0.00001	9	15	0.10234361162580016
16	0.00001	9	55	0.07339966372222699
16	0.00001	9	0	0.06435440700766182
16	0.00001	9	69	0.06435440700766182
16	0.00001	9	46	0.06435440700766182
16	0.00001	9	21	0.05065997237474595
16	0.00001	9	12	0.05065997237474595
16	0.00001	9	38	0.0502954866083742
16	0.00001	9	24	0.012527867367106657
16	0.00001	9	53	0.0502954866083742
16	0.00001	9	88	0.0502954866083742
16	0.00001	9	98	0.0502954866083742
16	0.00001	9	62	0.0502954866083742
16	0.00001	9	74	0.03650248300532899
16	0.00001	9	71	0.012527867367106657
16	0.00001	9	14	0.012527867367106657
16	0.00001	9	22	0.012527867367106657
16	0.00001	9	19	0.012527867367106657
16	0.00001	9	17	0.011638747436773064
16	0.00001	10	2	0.11128187113085099
16	0.00001	10	15	0.09277943771884326
16	0.00001	10	55	0.07185906395740631
16	0.00001	10	0	0.07185906395740631
16	0.00001	10	46	0.07185906395740631
16	0.00001	10	69	0.07185906395740631
16	0.00001	10	38	0.0512122084565007
16	0.00001	10	12	0.0512122084565007
16	0.00001	10	21	0.0512122084565007
16	0.00001	10	24	0.014689843989643138
16	0.00001	10	53	0.0512122084565007
16	0.00001	10	88	0.0512122084565007
16	0.00001	10	98	0.0512122084565007
16	0.00001	10	62	0.0512122084565007
16	0.00001	10	74	0.023050079008617132
16	0.00001	10	86	0.020839743001810268
16	0.00001	10	71	0.020839743001810268
16	0.00001	10	14	0.014689843989643138
16	0.00001	10	19	0.014689843989643138
16	0.00001	10	22	0.014689843989643138
16	0.00001	11	2	0.1165586497806105
16	0.00001	11	15	0.1165586497806105
16	0.00001	11	55	0.09445742255388505
16	0.00001	11	0	0.09445742255388505
16	0.00001	11	69	0.09445742255388505
16	0.00001	11	46	0.09445742255388505
16	0.00001	11	21	0.054152874593450175
16	0.00001	11	12	0.054152874593450175
16	0.00001	11	38	0.04979222515103311
16	0.00001	11	24	0.019661066663599184
16	0.00001	11	53	0.04979222515103311
16	0.00001	11	88	0.04979222515103311
16	0.00001	11	98	0.04979222515103311
16	0.00001	11	62	0.04979222515103311
16	0.00001	11	74	0.029482920816239835
16	0.00001	11	86	0.029482920816239835
16	0.00001	11	19	0.019661066663599184
16	0.00001	11	71	0.019661066663599184
16	0.00001	11	14	0.019661066663599184
16	0.00001	11	22	0.019661066663599184
16	0.00001	12	2	0.11270534018646146
16	0.00001	12	15	0.10718605689835901
16	0.00001	12	55	0.07253196151730744
16	0.00001	12	0	0.05857416727236082
16	0.00001	12	46	0.06132114877544995
16	0.00001	12	69	0.06132114877544995
16	0.00001	12	21	0.0514972528551898
16	0.00001	12	12	0.0514972528551898
16	0.00001	12	38	0.0502306835418055
16	0.00001	12	24	0.017993471905289233
16	0.00001	12	14	0.017993471905289233
16	0.00001	12	62	0.0502306835418055
16	0.00001	12	53	0.0502306835418055
16	0.00001	12	88	0.0502306835418055
16	0.00001	12	98	0.0502306835418055
16	0.00001	12	74	0.037047470412850614
16	0.00001	12	86	0.037047470412850614
16	0.00001	12	71	0.018724966237649802
16	0.00001	12	19	0.017993471905289233
16	0.00001	12	22	0.017993471905289233
16	0.00001	13	2	0.12329383219157339
16	0.00001	13	15	0.12329383219157339
16	0.00001	13	55	0.10681809317723547
16	0.00001	13	0	0.10681809317723547
16	0.00001	13	46	0.10681809317723547
16	0.00001	13	69	0.10681809317723547
16	0.00001	13	21	0.05665117167620558
16	0.00001	13	12	0.05665117167620558
16	0.00001	13	24	0.012392408369452605
16	0.00001	13	88	0.053448809462197225
16	0.00001	13	38	0.053448809462197225
16	0.00001	13	22	0.010650942815941613
16	0.00001	13	19	0.012392408369452605
16	0.00001	13	14	0.012392408369452605
16	0.00001	13	98	0.053448809462197225
16	0.00001	13	62	0.053448809462197225
16	0.00001	13	53	0.053448809462197225
16	0.00001	13	86	0.04206114782569092
16	0.00001	13	74	0.04206114782569092
16	0.00001	13	71	0.012392408369452605
16	0.00001	14	2	0.11434712105662834
16	0.00001	14	15	0.10134036725089109
16	0.00001	14	55	0.07192163057840181
16	0.00001	14	0	0.06093898668087636
16	0.00001	14	46	0.06093898668087636
16	0.00001	14	69	0.06093898668087636
16	0.00001	14	38	0.057893828464111695
16	0.00001	14	12	0.057893828464111695
16	0.00001	14	21	0.057893828464111695
16	0.00001	14	24	0.012824296964282169
16	0.00001	14	14	0.012824296964282169
16	0.00001	14	62	0.057893828464111695
16	0.00001	14	53	0.057893828464111695
16	0.00001	14	88	0.057893828464111695
16	0.00001	14	98	0.057893828464111695
16	0.00001	14	74	0.036156767109262515
16	0.00001	14	71	0.017926363611099772
16	0.00001	14	19	0.012824296964282169
16	0.00001	14	22	0.012824296964282169
16	0.00001	14	17	0.011789955866777026
16	0.00001	15	2	0.11628936865101691
16	0.00001	15	15	0.09030887574082447
16	0.00001	15	55	0.07184887266107232
16	0.00001	15	0	0.07029836136578356
16	0.00001	15	46	0.07029836136578356
16	0.00001	15	69	0.07029836136578356
16	0.00001	15	38	0.059855619145775904
16	0.00001	15	12	0.059855619145775904
16	0.00001	15	21	0.059855619145775904
16	0.00001	15	24	0.010193666623146693
16	0.00001	15	14	0.010193666623146693
16	0.00001	15	98	0.059855619145775904
16	0.00001	15	62	0.059855619145775904
16	0.00001	15	53	0.059855619145775904
16	0.00001	15	88	0.059855619145775904
16	0.00001	15	74	0.036216823129163106
16	0.00001	15	71	0.01176902307303294
16	0.00001	15	86	0.01176902307303294
16	0.00001	15	22	0.010193666623146693
16	0.00001	15	19	0.010193666623146693
16	0.00001	15	17	0.009836524454715723
16	0.00001	16	2	0.12111139557997473
16	0.00001	16	15	0.12111139557997473
16	0.00001	16	55	0.0968568665361191
16	0.00001	16	0	0.0968568665361191
16	0.00001	16	21	0.04513136709380444
16	0.00001	16	69	0.0968568665361191
16	0.00001	16	46	0.0968568665361191
16	0.00001	16	12	0.04513136709380444
16	0.00001	16	38	0.04412357328228158
16	0.00001	16	53	0.04412357328228158
16	0.00001	16	14	0.012626516092623798
16	0.00001	16	24	0.012626516092623798
16	0.00001	16	98	0.04412357328228158
16	0.00001	16	62	0.04412357328228158
16	0.00001	16	88	0.04412357328228158
16	0.00001	16	74	0.029279542192655387
16	0.00001	16	86	0.029279542192655387
16	0.00001	16	71	0.016704872390873208
16	0.00001	16	76	0.008078907612977318
16	0.00001	16	22	0.012626516092623798
16	0.00001	16	19	0.012626516092623798
16	0.00001	17	2	0.1097090904739329
16	0.00001	17	15	0.10081120001036818
16	0.00001	17	55	0.0703998184315231
16	0.00001	17	0	0.06321778202633088
16	0.00001	17	46	0.06321778202633088
16	0.00001	17	69	0.06321778202633088
16	0.00001	17	21	0.05880047017389103
16	0.00001	17	12	0.05880047017389103
16	0.00001	17	38	0.05880047017389103
16	0.00001	17	24	0.011313700285595963
16	0.00001	17	53	0.05880047017389103
16	0.00001	17	88	0.05880047017389103
16	0.00001	17	98	0.05880047017389103
16	0.00001	17	62	0.05880047017389103
16	0.00001	17	74	0.037114925451365445
16	0.00001	17	71	0.019302669763218174
16	0.00001	17	76	0.010481200521872097
16	0.00001	17	14	0.011313700285595963
16	0.00001	17	22	0.011313700285595963
16	0.00001	17	19	0.011313700285595963
16	0.00001	17	17	0.011313700285595963
16	0.00001	18	2	0.11785221143645622
16	0.00001	18	15	0.0988571976736794
16	0.00001	18	55	0.07180304129585921
16	0.00001	18	0	0.061418433662498516
16	0.00001	18	46	0.061418433662498516
16	0.00001	18	69	0.061418433662498516
16	0.00001	18	38	0.051528480320971404
16	0.00001	18	12	0.051528480320971404
16	0.00001	18	21	0.051528480320971404
16	0.00001	18	24	0.01212005360293375
16	0.00001	18	53	0.051528480320971404
16	0.00001	18	88	0.051528480320971404
16	0.00001	18	62	0.051528480320971404
16	0.00001	18	98	0.051528480320971404
16	0.00001	18	74	0.03697108517308101
16	0.00001	18	86	0.01212005360293375
16	0.00001	18	71	0.01212005360293375
16	0.00001	18	22	0.010020296869853751
16	0.00001	18	19	0.01212005360293375
16	0.00001	18	14	0.01212005360293375
16	0.00001	18	17	0.010020296869853751
16	0.00001	18	76	0.01212005360293375
16	0.00001	19	2	0.11256922833421629
16	0.00001	19	15	0.09619330126228649
16	0.00001	19	55	0.07203327890660471
16	0.00001	19	0	0.07150072138060677
16	0.00001	19	46	0.07150072138060677
16	0.00001	19	69	0.07150072138060677
16	0.00001	19	38	0.0536339984509062
16	0.00001	19	12	0.0536339984509062
16	0.00001	19	21	0.0536339984509062
16	0.00001	19	24	0.015440630610852612
16	0.00001	19	53	0.0536339984509062
16	0.00001	19	88	0.0536339984509062
16	0.00001	19	98	0.0536339984509062
16	0.00001	19	62	0.0536339984509062
16	0.00001	19	74	0.03847643193466171
16	0.00001	19	19	0.015440630610852612
16	0.00001	19	71	0.015440630610852612
16	0.00001	19	14	0.015440630610852612
16	0.00001	19	22	0.013569393402068055
16	0.00001	19	17	0.007675506733215601
16	0.00001	20	2	0.11690849130144296
16	0.00001	20	15	0.10214552147454795
16	0.00001	20	55	0.07207111801142145
16	0.00001	20	0	0.06665552561867746
16	0.00001	20	46	0.06665552561867746
16	0.00001	20	69	0.06665552561867746
16	0.00001	20	38	0.04561483143987165
16	0.00001	20	12	0.050137824831296134
16	0.00001	20	21	0.050137824831296134
16	0.00001	20	24	0.013416165002539683
16	0.00001	20	14	0.013416165002539683
16	0.00001	20	62	0.04561483143987165
16	0.00001	20	53	0.04561483143987165
16	0.00001	20	88	0.04561483143987165
16	0.00001	20	98	0.04561483143987165
16	0.00001	20	74	0.043742577615061846
16	0.00001	20	71	0.008930704968399705
16	0.00001	20	86	0.0067463020518309415
16	0.00001	20	22	0.013416165002539683
16	0.00001	20	19	0.013416165002539683
16	0.00001	20	17	0.013416165002539683
16	0.00001	20	5	0.013416165002539683
16	0.00001	21	2	0.12662389909597307
16	0.00001	21	15	0.12662389909597307
16	0.00001	21	55	0.10164649345319603
16	0.00001	21	0	0.10164649345319603
16	0.00001	21	46	0.10164649345319603
16	0.00001	21	69	0.10164649345319603
16	0.00001	21	38	0.047240215340046625
16	0.00001	21	12	0.04943552819374167
16	0.00001	21	21	0.04943552819374167
16	0.00001	21	24	0.011450406509304479
16	0.00001	21	14	0.011450406509304479
16	0.00001	21	62	0.047240215340046625
16	0.00001	21	53	0.047240215340046625
16	0.00001	21	88	0.047240215340046625
16	0.00001	21	98	0.047240215340046625
16	0.00001	21	74	0.038468837810748585
16	0.00001	21	71	0.011450406509304479
16	0.00001	21	86	0.007413380133920353
16	0.00001	21	22	0.011450406509304479
16	0.00001	21	19	0.011450406509304479
16	0.00001	21	17	0.010943749225331775
16	0.00001	22	2	0.10897232473173775
16	0.00001	22	15	0.10663242435216994
16	0.00001	22	55	0.07123559895074293
16	0.00001	22	0	0.06039593690202819
16	0.00001	22	46	0.06363066785662562
16	0.00001	22	69	0.06363066785662562
16	0.00001	22	21	0.04392935689689638
16	0.00001	22	12	0.04392935689689638
16	0.00001	22	24	0.014032870998991991
16	0.00001	22	14	0.014032870998991991
16	0.00001	22	22	0.013956817968913198
16	0.00001	22	98	0.04392935689689638
16	0.00001	22	62	0.04392935689689638
16	0.00001	22	88	0.04392935689689638
16	0.00001	22	53	0.04392935689689638
16	0.00001	22	38	0.04392935689689638
16	0.00001	22	86	0.030128161956628544
16	0.00001	22	74	0.030128161956628544
16	0.00001	22	71	0.01905932769653624
16	0.00001	22	19	0.013956817968913198
16	0.00001	23	2	0.11071066345428654
16	0.00001	23	15	0.08717883002332011
16	0.00001	23	55	0.07763757422254287
16	0.00001	23	0	0.07763757422254287
16	0.00001	23	46	0.07763757422254287
16	0.00001	23	69	0.07763757422254287
16	0.00001	23	38	0.057717961259097735
16	0.00001	23	12	0.057717961259097735
16	0.00001	23	21	0.057717961259097735
16	0.00001	23	24	0.013654488610891182
16	0.00001	23	14	0.013654488610891182
16	0.00001	23	19	0.013654488610891182
16	0.00001	23	98	0.057717961259097735
16	0.00001	23	62	0.057717961259097735
16	0.00001	23	53	0.057717961259097735
16	0.00001	23	88	0.057717961259097735
16	0.00001	23	74	0.03967000521711208
16	0.00001	23	71	0.010955617677370187
16	0.00001	23	86	0.010955617677370187
16	0.00001	23	22	0.013654488610891182
16	0.00001	23	17	0.013654488610891182
16	0.00001	23	5	0.006650180399930463
16	0.00001	24	2	0.11615161982183521
16	0.00001	24	15	0.10156782213651443
16	0.00001	24	55	0.07180140997085695
16	0.00001	24	0	0.05530847419021812
16	0.00001	24	46	0.06572790696056846
16	0.00001	24	69	0.06572790696056846
16	0.00001	24	38	0.04740960865107265
16	0.00001	24	12	0.04740960865107265
16	0.00001	24	21	0.04740960865107265
16	0.00001	24	24	0.01245300418189816
16	0.00001	24	14	0.01245300418189816
16	0.00001	24	19	0.01245300418189816
16	0.00001	24	98	0.04740960865107265
16	0.00001	24	62	0.04740960865107265
16	0.00001	24	88	0.04740960865107265
16	0.00001	24	53	0.04740960865107265
16	0.00001	24	74	0.043803378173623946
16	0.00001	24	71	0.01572481831898257
16	0.00001	24	22	0.01245300418189816
16	0.00001	24	17	0.01245300418189816
16	0.00001	25	2	0.11499021197220786
16	0.00001	25	15	0.10287789126363273
16	0.00001	25	55	0.08196317104813014
16	0.00001	25	0	0.08196317104813014
16	0.00001	25	46	0.08196317104813014
16	0.00001	25	69	0.08196317104813014
16	0.00001	25	38	0.06046945470405421
16	0.00001	25	12	0.06046945470405421
16	0.00001	25	21	0.06046945470405421
16	0.00001	25	24	0.011824108869083005
16	0.00001	25	14	0.011824108869083005
16	0.00001	25	98	0.06046945470405421
16	0.00001	25	62	0.06046945470405421
16	0.00001	25	53	0.06046945470405421
16	0.00001	25	88	0.06046945470405421
16	0.00001	25	86	0.023149432403105668
16	0.00001	25	19	0.011824108869083005
16	0.00001	25	22	0.011824108869083005
16	0.00001	25	17	0.010843560931846272
16	0.00001	25	5	0.010019644323431266
16	0.00001	26	2	0.11326953494642465
16	0.00001	26	15	0.09993661211425207
16	0.00001	26	55	0.07205738872554687
16	0.00001	26	0	0.0674162613113408
16	0.00001	26	46	0.06755098196538023
16	0.00001	26	69	0.06755098196538023
16	0.00001	26	21	0.0506583864190047
16	0.00001	26	12	0.0506583864190047
16	0.00001	26	24	0.017952985817025164
16	0.00001	26	14	0.017952985817025164
16	0.00001	26	19	0.017952985817025164
16	0.00001	26	22	0.017952985817025164
16	0.00001	26	98	0.039574241674397395
16	0.00001	26	53	0.039574241674397395
16	0.00001	26	62	0.039574241674397395
16	0.00001	26	88	0.039574241674397395
16	0.00001	26	38	0.039574241674397395
16	0.00001	26	74	0.039574241674397395
16	0.00001	26	86	0.039574241674397395
16	0.00001	26	71	0.017952985817025164
16	0.00001	27	2	0.11625294466143181
16	0.00001	27	15	0.10192215937238266
16	0.00001	27	55	0.07544645255404478
16	0.00001	27	0	0.06890713038450023
16	0.00001	27	46	0.06890713038450023
16	0.00001	27	69	0.06890713038450023
16	0.00001	27	38	0.05314428176507464
16	0.00001	27	12	0.05378739370370568
16	0.00001	27	21	0.05378739370370568
16	0.00001	27	24	0.015104484539239852
16	0.00001	27	53	0.05314428176507464
16	0.00001	27	98	0.05314428176507464
16	0.00001	27	62	0.05314428176507464
16	0.00001	27	74	0.020773723500138657
16	0.00001	27	80	0.01133938036977283
16	0.00001	27	86	0.01133938036977283
16	0.00001	27	22	0.015104484539239852
16	0.00001	27	19	0.015104484539239852
16	0.00001	27	14	0.015104484539239852
16	0.00001	27	5	0.0097406164296704
16	0.00001	28	2	0.10991343679065636
16	0.00001	28	15	0.10857083496550927
16	0.00001	28	55	0.08941730720440251
16	0.00001	28	0	0.08941730720440251
16	0.00001	28	69	0.08941730720440251
16	0.00001	28	46	0.08941730720440251
16	0.00001	28	38	0.03816485535681448
16	0.00001	28	12	0.04903795558638633
16	0.00001	28	21	0.04903795558638633
16	0.00001	28	24	0.013066600385507039
16	0.00001	28	53	0.03816485535681448
16	0.00001	28	88	0.03816485535681448
16	0.00001	28	98	0.03816485535681448
16	0.00001	28	62	0.03816485535681448
16	0.00001	28	74	0.01494479860479427
16	0.00001	28	14	0.013066600385507039
16	0.00001	28	1	0.009824423005309758
16	0.00001	28	28	0.009824423005309758
16	0.00001	28	86	0.009824423005309758
16	0.00001	28	22	0.013066600385507039
16	0.00001	28	19	0.013066600385507039
16	0.00001	28	17	0.013066600385507039
16	0.00001	28	5	0.008352422752675349
16	0.00001	29	2	0.11463964511384706
16	0.00001	29	15	0.0883558053418443
16	0.00001	29	55	0.07759395035117113
16	0.00001	29	0	0.07759395035117113
16	0.00001	29	46	0.07759395035117113
16	0.00001	29	69	0.07759395035117113
16	0.00001	29	38	0.05187424310902823
16	0.00001	29	12	0.05187424310902823
16	0.00001	29	21	0.05187424310902823
16	0.00001	29	24	0.013616723440928555
16	0.00001	29	14	0.013616723440928555
16	0.00001	29	19	0.013616723440928555
16	0.00001	29	98	0.05187424310902823
16	0.00001	29	62	0.05187424310902823
16	0.00001	29	88	0.05187424310902823
16	0.00001	29	53	0.05187424310902823
16	0.00001	29	74	0.03947347486308882
16	0.00001	29	71	0.013616723440928555
16	0.00001	29	22	0.01316735273687043
16	0.00001	29	17	0.010325340745849801
16	0.00001	30	2	0.11049098372838778
16	0.00001	30	15	0.09442115980769424
16	0.00001	30	55	0.07211039998444732
16	0.00001	30	0	0.07211039998444732
16	0.00001	30	46	0.07211039998444732
16	0.00001	30	69	0.07211039998444732
16	0.00001	30	38	0.050630320943508014
16	0.00001	30	12	0.054864205585444935
16	0.00001	30	21	0.054864205585444935
16	0.00001	30	24	0.010378725903576124
16	0.00001	30	88	0.050630320943508014
16	0.00001	30	62	0.050630320943508014
16	0.00001	30	53	0.050630320943508014
16	0.00001	30	98	0.050630320943508014
16	0.00001	30	74	0.04506008940159521
16	0.00001	30	86	0.01042619368069629
16	0.00001	30	71	0.01042619368069629
16	0.00001	30	22	0.010378725903576124
16	0.00001	30	19	0.010378725903576124
16	0.00001	30	14	0.010378725903576124
16	0.00001	30	17	0.010378725903576124
16	0.00001	30	5	0.010378725903576124
16	0.00001	31	2	0.11857467580764706
16	0.00001	31	15	0.08704951759030925
16	0.00001	31	55	0.0768837276190031
16	0.00001	31	0	0.0768837276190031
16	0.00001	31	69	0.0768837276190031
16	0.00001	31	46	0.0768837276190031
16	0.00001	31	38	0.04869376219701542
16	0.00001	31	12	0.05568446445571854
16	0.00001	31	21	0.05568446445571854
16	0.00001	31	88	0.04869376219701542
16	0.00001	31	24	0.013342501580720133
16	0.00001	31	62	0.04869376219701542
16	0.00001	31	53	0.04869376219701542
16	0.00001	31	98	0.04869376219701542
16	0.00001	31	74	0.04869376219701542
16	0.00001	31	86	0.04869376219701542
16	0.00001	31	71	0.002125716492108619
16	0.00001	31	19	0.013342501580720133
16	0.00001	31	14	0.013342501580720133
16	0.00001	31	22	0.010569688717192978
16	0.00001	31	17	0.010569688717192978
16	0.00001	32	2	0.10546419611296795
16	0.00001	32	15	0.10265848623074783
16	0.00001	32	55	0.07270619897900478
16	0.00001	32	0	0.05925624748086379
16	0.00001	32	46	0.06666019726372249
16	0.00001	32	69	0.06666019726372249
16	0.00001	32	21	0.05174956292515862
16	0.00001	32	12	0.05174956292515862
16	0.00001	32	38	0.04500786930895251
16	0.00001	32	24	0.013092310291598002
16	0.00001	32	14	0.013092310291598002
16	0.00001	32	62	0.04500786930895251
16	0.00001	32	53	0.04500786930895251
16	0.00001	32	88	0.04500786930895251
16	0.00001	32	98	0.04500786930895251
16	0.00001	32	74	0.04360077569536687
16	0.00001	32	71	0.018955712886914014
16	0.00001	32	76	0.007048623844889645
16	0.00001	32	22	0.013092310291598002
16	0.00001	32	19	0.013092310291598002
16	0.00001	32	17	0.013092310291598002
16	0.00001	33	2	0.11311085824733878
16	0.00001	33	15	0.09563311960707445
16	0.00001	33	55	0.06922448310112281
16	0.00001	33	0	0.0680667119597175
16	0.00001	33	46	0.0680667119597175
16	0.00001	33	69	0.0680667119597175
16	0.00001	33	38	0.059055155418773715
16	0.00001	33	12	0.059055155418773715
16	0.00001	33	21	0.059055155418773715
16	0.00001	33	53	0.059055155418773715
16	0.00001	33	24	0.014820328606170038
16	0.00001	33	62	0.059055155418773715
16	0.00001	33	88	0.059055155418773715
16	0.00001	33	98	0.059055155418773715
16	0.00001	33	74	0.03195756339859054
16	0.00001	33	71	0.01813634323430746
16	0.00001	33	14	0.014820328606170038
16	0.00001	33	19	0.014820328606170038
16	0.00001	33	22	0.014820328606170038
16	0.00001	33	17	0.010829889878769457
16	0.00001	34	2	0.11200053417336582
16	0.00001	34	15	0.08523136925844288
16	0.00001	34	55	0.07332294621455991
16	0.00001	34	0	0.07332294621455991
16	0.00001	34	46	0.07332294621455991
16	0.00001	34	69	0.07332294621455991
16	0.00001	34	21	0.05049672148200881
16	0.00001	34	12	0.05049672148200881
16	0.00001	34	38	0.05049672148200881
16	0.00001	34	24	0.02730418917653512
16	0.00001	34	14	0.02730418917653512
16	0.00001	34	98	0.05049672148200881
16	0.00001	34	62	0.05049672148200881
16	0.00001	34	53	0.05049672148200881
16	0.00001	34	88	0.05049672148200881
16	0.00001	34	74	0.02730418917653512
16	0.00001	34	17	0.02730418917653512
16	0.00001	34	71	0.004227855781010784
16	0.00001	34	19	0.02730418917653512
16	0.00001	34	22	0.02730418917653512
16	0.00001	34	34	0.0048442575741615475
16	0.00001	35	2	0.12332854614068786
16	0.00001	35	15	0.09425933853953836
16	0.00001	35	55	0.07468374488133764
16	0.00001	35	0	0.07468374488133764
16	0.00001	35	69	0.07468374488133764
16	0.00001	35	46	0.07468374488133764
16	0.00001	35	21	0.06425843291170943
16	0.00001	35	12	0.06425843291170943
16	0.00001	35	38	0.02842776446883208
16	0.00001	35	88	0.02842776446883208
16	0.00001	35	53	0.02842776446883208
16	0.00001	35	62	0.02842776446883208
16	0.00001	35	98	0.02842776446883208
16	0.00001	35	19	0.01810137226133242
16	0.00001	35	17	0.015629641933901973
16	0.00001	35	22	0.02001750957044887
16	0.00001	35	14	0.02001750957044887
16	0.00001	35	24	0.02001750957044887
16	0.00001	35	5	0.015629641933901973
16	0.00001	35	28	0.005613613664805372
16	0.00001	36	2	0.1148711246081714
16	0.00001	36	15	0.10410017914554057
16	0.00001	36	55	0.07209189474204623
16	0.00001	36	0	0.06596039526722491
16	0.00001	36	46	0.06596039526722491
16	0.00001	36	69	0.06596039526722491
16	0.00001	36	21	0.054415220489086
16	0.00001	36	12	0.054415220489086
16	0.00001	36	38	0.05186453961040845
16	0.00001	36	88	0.05186453961040845
16	0.00001	36	53	0.05186453961040845
16	0.00001	36	62	0.05186453961040845
16	0.00001	36	98	0.05186453961040845
16	0.00001	36	74	0.03807994793031498
16	0.00001	36	71	0.016577277664970896
16	0.00001	36	24	0.01314838921399606
16	0.00001	36	14	0.01314838921399606
16	0.00001	36	19	0.01314838921399606
16	0.00001	36	22	0.01314838921399606
16	0.00001	36	17	0.01314838921399606
16	0.00001	37	2	0.10919319534414151
16	0.00001	37	15	0.10007663952574707
16	0.00001	37	55	0.07145420457943694
16	0.00001	37	0	0.06155782196660677
16	0.00001	37	46	0.06536053957379476
16	0.00001	37	69	0.06536053957379476
16	0.00001	37	21	0.05272683011377951
16	0.00001	37	12	0.05272683011377951
16	0.00001	37	38	0.05272683011377951
16	0.00001	37	14	0.015373458922716922
16	0.00001	37	24	0.015373458922716922
16	0.00001	37	98	0.05272683011377951
16	0.00001	37	62	0.05272683011377951
16	0.00001	37	53	0.05272683011377951
16	0.00001	37	88	0.05272683011377951
16	0.00001	37	74	0.03143805085092232
16	0.00001	37	71	0.00961004030440314
16	0.00001	37	22	0.012768223824320574
16	0.00001	37	19	0.012768223824320574
16	0.00001	37	17	0.010787302647029264
16	0.00001	37	86	0.00961004030440314
16	0.00001	38	2	0.10863537760002812
16	0.00001	38	15	0.08733169509627683
16	0.00001	38	55	0.07549765342505826
16	0.00001	38	0	0.07549765342505826
16	0.00001	38	46	0.07549765342505826
16	0.00001	38	69	0.07549765342505826
16	0.00001	38	38	0.0573375125804905
16	0.00001	38	12	0.0573375125804905
16	0.00001	38	21	0.0573375125804905
16	0.00001	38	24	0.011866123436035709
16	0.00001	38	14	0.011866123436035709
16	0.00001	38	19	0.011866123436035709
16	0.00001	38	98	0.0573375125804905
16	0.00001	38	62	0.0573375125804905
16	0.00001	38	53	0.0573375125804905
16	0.00001	38	88	0.0573375125804905
16	0.00001	38	74	0.03637600466957633
16	0.00001	38	71	0.019609798203458227
16	0.00001	38	76	0.011779196938835366
16	0.00001	38	22	0.011866123436035709
16	0.00001	39	2	0.12749530822847543
16	0.00001	39	15	0.12749530822847543
16	0.00001	39	55	0.1060814148682227
16	0.00001	39	0	0.1060814148682227
16	0.00001	39	46	0.1060814148682227
16	0.00001	39	69	0.1060814148682227
16	0.00001	39	38	0.04621994130457998
16	0.00001	39	12	0.05368079399356195
16	0.00001	39	21	0.05368079399356195
16	0.00001	39	24	0.013624215995068188
16	0.00001	39	53	0.04621994130457998
16	0.00001	39	88	0.04621994130457998
16	0.00001	39	98	0.04621994130457998
16	0.00001	39	62	0.04621994130457998
16	0.00001	39	86	0.0375300492293317
16	0.00001	39	74	0.0375300492293317
16	0.00001	39	71	0.017898422323201872
16	0.00001	39	14	0.013624215995068188
16	0.00001	39	19	0.013624215995068188
16	0.00001	39	22	0.013624215995068188
16	0.00001	40	2	0.11288548631515286
16	0.00001	40	15	0.0878979991987511
16	0.00001	40	55	0.07790870340169255
16	0.00001	40	0	0.07790870340169255
16	0.00001	40	46	0.07790870340169255
16	0.00001	40	69	0.07790870340169255
16	0.00001	40	21	0.05218290904468241
16	0.00001	40	12	0.05218290904468241
16	0.00001	40	38	0.050053398467253485
16	0.00001	40	24	0.020176807909469994
16	0.00001	40	53	0.050053398467253485
16	0.00001	40	88	0.050053398467253485
16	0.00001	40	98	0.050053398467253485
16	0.00001	40	62	0.050053398467253485
16	0.00001	40	86	0.03031383122548753
16	0.00001	40	74	0.03031383122548753
16	0.00001	40	71	0.020176807909469994
16	0.00001	40	14	0.020176807909469994
16	0.00001	40	22	0.020176807909469994
16	0.00001	40	19	0.020176807909469994
16	0.00001	41	2	0.11217011233776457
16	0.00001	41	15	0.10532599699663424
16	0.00001	41	55	0.07096611105625696
16	0.00001	41	0	0.06584236116358469
16	0.00001	41	69	0.06584236116358469
16	0.00001	41	46	0.06584236116358469
16	0.00001	41	21	0.05393668474172219
16	0.00001	41	12	0.05393668474172219
16	0.00001	41	38	0.05393668474172219
16	0.00001	41	24	0.011241475898338125
16	0.00001	41	14	0.011241475898338125
16	0.00001	41	62	0.05393668474172219
16	0.00001	41	53	0.05393668474172219
16	0.00001	41	88	0.05393668474172219
16	0.00001	41	98	0.05393668474172219
16	0.00001	41	74	0.037998068589474826
16	0.00001	41	71	0.01112107323919513
16	0.00001	41	86	0.008408203731759765
16	0.00001	41	22	0.011241475898338125
16	0.00001	41	19	0.011241475898338125
16	0.00001	41	17	0.011241475898338125
16	0.00001	42	2	0.10713959136921425
16	0.00001	42	15	0.0957806625141786
16	0.00001	42	55	0.07937373885330441
16	0.00001	42	0	0.07937373885330441
16	0.00001	42	46	0.07937373885330441
16	0.00001	42	69	0.07937373885330441
16	0.00001	42	21	0.061749183608480876
16	0.00001	42	12	0.061749183608480876
16	0.00001	42	38	0.03573322613687125
16	0.00001	42	24	0.02405254419970387
16	0.00001	42	88	0.03573322613687125
16	0.00001	42	53	0.03573322613687125
16	0.00001	42	62	0.03573322613687125
16	0.00001	42	98	0.03573322613687125
16	0.00001	42	19	0.02405254419970387
16	0.00001	42	17	0.00788641020429456
16	0.00001	42	22	0.02405254419970387
16	0.00001	42	14	0.02405254419970387
16	0.00001	42	5	0.0070118997724855844
16	0.00001	42	28	0.004311165069446252
16	0.00001	43	2	0.11572884398735873
16	0.00001	43	15	0.0817855805959342
16	0.00001	43	55	0.07820820344127077
16	0.00001	43	0	0.07820820344127077
16	0.00001	43	46	0.07820820344127077
16	0.00001	43	69	0.07820820344127077
16	0.00001	43	21	0.0563240161452387
16	0.00001	43	12	0.0563240161452387
16	0.00001	43	38	0.05213931868192492
16	0.00001	43	24	0.010583262825196829
16	0.00001	43	88	0.05213931868192492
16	0.00001	43	22	0.010583262825196829
16	0.00001	43	19	0.010583262825196829
16	0.00001	43	14	0.010583262825196829
16	0.00001	43	98	0.05213931868192492
16	0.00001	43	62	0.05213931868192492
16	0.00001	43	53	0.05213931868192492
16	0.00001	43	74	0.043705663633091446
16	0.00001	43	86	0.011114724132932595
16	0.00001	43	71	0.011114724132932595
16	0.00001	43	17	0.008158429501022543
16	0.00001	44	2	0.11346481451862113
16	0.00001	44	15	0.08248496357827691
16	0.00001	44	55	0.07518178906905275
16	0.00001	44	0	0.07518178906905275
16	0.00001	44	46	0.07518178906905275
16	0.00001	44	69	0.07518178906905275
16	0.00001	44	21	0.05622930573627037
16	0.00001	44	12	0.05622930573627037
16	0.00001	44	38	0.05622930573627037
16	0.00001	44	14	0.020867537145254657
16	0.00001	44	24	0.020867537145254657
16	0.00001	44	88	0.05622930573627037
16	0.00001	44	98	0.05622930573627037
16	0.00001	44	62	0.05622930573627037
16	0.00001	44	53	0.05622930573627037
16	0.00001	44	74	0.027193391767982345
16	0.00001	44	71	0.011092128657508485
16	0.00001	44	76	0.011092128657508485
16	0.00001	44	86	0.011092128657508485
16	0.00001	44	22	0.020867537145254657
16	0.00001	44	19	0.020867537145254657
16	0.00001	45	2	0.11073106538844267
16	0.00001	45	15	0.10270822068813151
16	0.00001	45	55	0.07262610343096675
16	0.00001	45	0	0.0606724186818446
16	0.00001	45	46	0.0631404735089475
16	0.00001	45	69	0.0631404735089475
16	0.00001	45	21	0.053845129585133815
16	0.00001	45	12	0.053845129585133815
16	0.00001	45	38	0.053845129585133815
16	0.00001	45	24	0.015726724774472726
16	0.00001	45	14	0.015726724774472726
16	0.00001	45	19	0.015726724774472726
16	0.00001	45	98	0.053845129585133815
16	0.00001	45	62	0.053845129585133815
16	0.00001	45	53	0.053845129585133815
16	0.00001	45	88	0.053845129585133815
16	0.00001	45	74	0.038111376911727994
16	0.00001	45	71	0.01942700293501631
16	0.00001	45	76	0.006351795176312765
16	0.00001	45	22	0.015726724774472726
16	0.00001	45	17	0.010630633241996654
16	0.00001	46	2	0.11120725923410438
16	0.00001	46	15	0.08922899179974599
16	0.00001	46	55	0.07375768303669533
16	0.00001	46	0	0.07375768303669533
16	0.00001	46	46	0.07375768303669533
16	0.00001	46	69	0.07375768303669533
16	0.00001	46	21	0.05484566853121846
16	0.00001	46	12	0.05484566853121846
16	0.00001	46	24	0.017297268168256164
16	0.00001	46	88	0.05484566853121846
16	0.00001	46	38	0.05484566853121846
16	0.00001	46	22	0.017297268168256164
16	0.00001	46	19	0.017297268168256164
16	0.00001	46	14	0.017297268168256164
16	0.00001	46	98	0.05484566853121846
16	0.00001	46	62	0.05484566853121846
16	0.00001	46	53	0.05484566853121846
16	0.00001	46	74	0.04017313297668466
16	0.00001	46	71	0.017297268168256164
16	0.00001	46	17	0.008976359270838497
16	0.00001	47	2	0.11105320505580066
16	0.00001	47	15	0.10540836263175887
16	0.00001	47	55	0.07258265203113984
16	0.00001	47	0	0.06311513529153524
16	0.00001	47	46	0.06311513529153524
16	0.00001	47	69	0.06311513529153524
16	0.00001	47	21	0.04910462734609011
16	0.00001	47	12	0.04910462734609011
16	0.00001	47	38	0.04910462734609011
16	0.00001	47	24	0.013206453120806887
16	0.00001	47	14	0.013206453120806887
16	0.00001	47	62	0.04910462734609011
16	0.00001	47	53	0.04910462734609011
16	0.00001	47	88	0.04910462734609011
16	0.00001	47	98	0.04910462734609011
16	0.00001	47	74	0.0387414471188004
16	0.00001	47	71	0.013206453120806887
16	0.00001	47	86	0.0062550161516649215
16	0.00001	47	17	0.013206453120806887
16	0.00001	47	22	0.013206453120806887
16	0.00001	47	19	0.013206453120806887
16	0.00001	48	2	0.11194259465047689
16	0.00001	48	15	0.10115751189060672
16	0.00001	48	55	0.07152236721778761
16	0.00001	48	0	0.06328123102114276
16	0.00001	48	46	0.06328123102114276
16	0.00001	48	69	0.06328123102114276
16	0.00001	48	38	0.04951441803052492
16	0.00001	48	12	0.053496129031694206
16	0.00001	48	21	0.053496129031694206
16	0.00001	48	24	0.013655283128384554
16	0.00001	48	14	0.013655283128384554
16	0.00001	48	62	0.04951441803052492
16	0.00001	48	53	0.04951441803052492
16	0.00001	48	88	0.04951441803052492
16	0.00001	48	98	0.04951441803052492
16	0.00001	48	74	0.032608836408663085
16	0.00001	48	86	0.032608836408663085
16	0.00001	48	71	0.019345550104810313
16	0.00001	48	19	0.013655283128384554
16	0.00001	48	22	0.013655283128384554
16	0.00001	49	2	0.11321200342645656
16	0.00001	49	15	0.10139286237473523
16	0.00001	49	55	0.07032122368607338
16	0.00001	49	0	0.06257471614076866
16	0.00001	49	46	0.06409462339290911
16	0.00001	49	69	0.06409462339290911
16	0.00001	49	38	0.04289650786976214
16	0.00001	49	12	0.04646734314151803
16	0.00001	49	21	0.04646734314151803
16	0.00001	49	53	0.04289650786976214
16	0.00001	49	14	0.01151294342864167
16	0.00001	49	24	0.01151294342864167
16	0.00001	49	98	0.04289650786976214
16	0.00001	49	88	0.04289650786976214
16	0.00001	49	62	0.04289650786976214
16	0.00001	49	74	0.03791492857902997
16	0.00001	49	71	0.01151294342864167
16	0.00001	49	22	0.01151294342864167
16	0.00001	49	19	0.01151294342864167
16	0.00001	49	17	0.00932532061540979
16	0.00001	50	2	0.1167450379414007
16	0.00001	50	15	0.09731462531503414
16	0.00001	50	55	0.07019469998149165
16	0.00001	50	0	0.0636542790067699
16	0.00001	50	46	0.0636542790067699
16	0.00001	50	69	0.0636542790067699
16	0.00001	50	38	0.05226536067269934
16	0.00001	50	12	0.05396566240842337
16	0.00001	50	21	0.05396566240842337
16	0.00001	50	24	0.015376452394657162
16	0.00001	50	88	0.05226536067269934
16	0.00001	50	62	0.05226536067269934
16	0.00001	50	53	0.05226536067269934
16	0.00001	50	98	0.05226536067269934
16	0.00001	50	74	0.03956107050535477
16	0.00001	50	71	0.01700121360278636
16	0.00001	50	76	0.013197885339188031
16	0.00001	50	19	0.015376452394657162
16	0.00001	50	14	0.015376452394657162
16	0.00001	50	22	0.015376452394657162
16	0.00001	51	2	0.1123766209341902
16	0.00001	51	15	0.0930376874172423
16	0.00001	51	55	0.077186072590554
16	0.00001	51	0	0.077186072590554
16	0.00001	51	69	0.077186072590554
16	0.00001	51	46	0.077186072590554
16	0.00001	51	38	0.05601317731431564
16	0.00001	51	12	0.058587445121582746
16	0.00001	51	21	0.058587445121582746
16	0.00001	51	24	0.014654272248743777
16	0.00001	51	88	0.05601317731431564
16	0.00001	51	53	0.05601317731431564
16	0.00001	51	62	0.05601317731431564
16	0.00001	51	98	0.05601317731431564
16	0.00001	51	74	0.03618279464583465
16	0.00001	51	19	0.014654272248743777
16	0.00001	51	71	0.014654272248743777
16	0.00001	51	14	0.014654272248743777
16	0.00001	51	22	0.0107976381124505
16	0.00001	51	17	0.0107976381124505
16	0.00001	52	2	0.11496239839662846
16	0.00001	52	15	0.08834156948533267
16	0.00001	52	55	0.07912703868046177
16	0.00001	52	0	0.07912703868046177
16	0.00001	52	46	0.07912703868046177
16	0.00001	52	69	0.07912703868046177
16	0.00001	52	38	0.05156310449233358
16	0.00001	52	12	0.05156310449233358
16	0.00001	52	21	0.05156310449233358
16	0.00001	52	24	0.01442146472886055
16	0.00001	52	53	0.05156310449233358
16	0.00001	52	88	0.05156310449233358
16	0.00001	52	62	0.05156310449233358
16	0.00001	52	98	0.05156310449233358
16	0.00001	52	74	0.03930141154932832
16	0.00001	52	19	0.01442146472886055
16	0.00001	52	71	0.01442146472886055
16	0.00001	52	14	0.01442146472886055
16	0.00001	52	22	0.010398135165656635
16	0.00001	52	17	0.010398135165656635
16	0.00001	53	2	0.11946478493893452
16	0.00001	53	15	0.08896081177134235
16	0.00001	53	55	0.07249854130874876
16	0.00001	53	0	0.0720731015852993
16	0.00001	53	46	0.0720731015852993
16	0.00001	53	69	0.0720731015852993
16	0.00001	53	21	0.05870491623653921
16	0.00001	53	12	0.05870491623653921
16	0.00001	53	24	0.011115652847951744
16	0.00001	53	88	0.05737374565361978
16	0.00001	53	38	0.05737374565361978
16	0.00001	53	22	0.011115652847951744
16	0.00001	53	19	0.011115652847951744
16	0.00001	53	14	0.011115652847951744
16	0.00001	53	98	0.05737374565361978
16	0.00001	53	53	0.05737374565361978
16	0.00001	53	62	0.05737374565361978
16	0.00001	53	74	0.027466314617056852
16	0.00001	53	86	0.020023453157642274
16	0.00001	53	17	0.010592447029498518
16	0.00001	54	2	0.11319051328843255
16	0.00001	54	15	0.08340834292458607
16	0.00001	54	55	0.08161969577295036
16	0.00001	54	0	0.08161969577295036
16	0.00001	54	46	0.08161969577295036
16	0.00001	54	69	0.08161969577295036
16	0.00001	54	38	0.058198168037305535
16	0.00001	54	12	0.058198168037305535
16	0.00001	54	21	0.058198168037305535
16	0.00001	54	24	0.018783376962748448
16	0.00001	54	14	0.018783376962748448
16	0.00001	54	22	0.018783376962748448
16	0.00001	54	19	0.018783376962748448
16	0.00001	54	98	0.058198168037305535
16	0.00001	54	62	0.058198168037305535
16	0.00001	54	53	0.058198168037305535
16	0.00001	54	88	0.058198168037305535
16	0.00001	54	74	0.031392306756720875
16	0.00001	54	86	0.013160110936095861
16	0.00001	54	71	0.013160110936095861
16	0.00001	55	2	0.11653412717466745
16	0.00001	55	15	0.08999744889870875
16	0.00001	55	55	0.07308823941765727
16	0.00001	55	0	0.07308823941765727
16	0.00001	55	46	0.07308823941765727
16	0.00001	55	69	0.07308823941765727
16	0.00001	55	38	0.051431567144826155
16	0.00001	55	12	0.0535534325536063
16	0.00001	55	21	0.0535534325536063
16	0.00001	55	24	0.012526465161729703
16	0.00001	55	14	0.012526465161729703
16	0.00001	55	62	0.051431567144826155
16	0.00001	55	53	0.051431567144826155
16	0.00001	55	88	0.051431567144826155
16	0.00001	55	98	0.051431567144826155
16	0.00001	55	74	0.036904072222368
16	0.00001	55	71	0.02015239000666478
16	0.00001	55	76	0.006874915202836164
16	0.00001	55	19	0.012526465161729703
16	0.00001	55	22	0.012526465161729703
16	0.00001	55	17	0.010563654427046064
16	0.00001	56	2	0.12056079142415038
16	0.00001	56	15	0.12056079142415038
16	0.00001	56	55	0.10661690171323131
16	0.00001	56	0	0.10661690171323131
16	0.00001	56	46	0.10661690171323131
16	0.00001	56	69	0.10661690171323131
16	0.00001	56	38	0.04706014557887495
16	0.00001	56	12	0.057250846136657346
16	0.00001	56	21	0.057250846136657346
16	0.00001	56	24	0.012548328121988252
16	0.00001	56	88	0.04706014557887495
16	0.00001	56	62	0.04706014557887495
16	0.00001	56	53	0.04706014557887495
16	0.00001	56	98	0.04706014557887495
16	0.00001	56	86	0.0306888029374293
16	0.00001	56	74	0.0306888029374293
16	0.00001	56	71	0.01542914325809594
16	0.00001	56	14	0.012548328121988252
16	0.00001	56	19	0.012548328121988252
16	0.00001	56	22	0.011707792761676163
16	0.00001	57	2	0.11382063943748895
16	0.00001	57	15	0.10190021854686877
16	0.00001	57	55	0.0719031293648401
16	0.00001	57	0	0.060705786131919764
16	0.00001	57	69	0.060705786131919764
16	0.00001	57	46	0.060705786131919764
16	0.00001	57	38	0.05481394358790824
16	0.00001	57	12	0.05481394358790824
16	0.00001	57	21	0.05481394358790824
16	0.00001	57	24	0.011660099862372535
16	0.00001	57	14	0.011660099862372535
16	0.00001	57	19	0.011660099862372535
16	0.00001	57	98	0.05481394358790824
16	0.00001	57	62	0.05481394358790824
16	0.00001	57	53	0.05481394358790824
16	0.00001	57	88	0.05481394358790824
16	0.00001	57	74	0.036147613698528334
16	0.00001	57	86	0.011721782837832824
16	0.00001	57	71	0.011721782837832824
16	0.00001	57	22	0.011660099862372535
16	0.00001	57	17	0.011660099862372535
16	0.00001	58	2	0.11360775263269358
16	0.00001	58	15	0.10070526862147451
16	0.00001	58	55	0.07230532679019502
16	0.00001	58	0	0.06203889296253819
16	0.00001	58	46	0.06604101613038625
16	0.00001	58	69	0.06604101613038625
16	0.00001	58	21	0.05769951298484548
16	0.00001	58	12	0.05769951298484548
16	0.00001	58	38	0.05119396214015035
16	0.00001	58	88	0.05119396214015035
16	0.00001	58	24	0.011703515152741522
16	0.00001	58	22	0.011703515152741522
16	0.00001	58	19	0.011703515152741522
16	0.00001	58	14	0.011703515152741522
16	0.00001	58	98	0.05119396214015035
16	0.00001	58	62	0.05119396214015035
16	0.00001	58	53	0.05119396214015035
16	0.00001	58	74	0.043238584278320516
16	0.00001	58	71	0.006126855719494802
16	0.00001	58	86	0.006126855719494802
16	0.00001	58	17	0.010881522475027975
16	0.00001	58	5	0.010881522475027975
16	0.00001	59	2	0.11097085064573387
16	0.00001	59	15	0.08837554717307945
16	0.00001	59	55	0.07753868586652239
16	0.00001	59	0	0.07753868586652239
16	0.00001	59	46	0.07753868586652239
16	0.00001	59	69	0.07753868586652239
16	0.00001	59	21	0.05285258998155601
16	0.00001	59	12	0.05285258998155601
16	0.00001	59	24	0.015040155583286927
16	0.00001	59	14	0.015040155583286927
16	0.00001	59	88	0.04672105623725706
16	0.00001	59	38	0.04672105623725706
16	0.00001	59	22	0.015040155583286927
16	0.00001	59	19	0.015040155583286927
16	0.00001	59	98	0.04672105623725706
16	0.00001	59	62	0.04672105623725706
16	0.00001	59	53	0.04672105623725706
16	0.00001	59	74	0.0347344312931943
16	0.00001	59	86	0.011500381953072649
16	0.00001	59	71	0.011500381953072649
16	0.00001	59	76	0.009139097155816548
16	0.00001	59	17	0.009376201256840124
16	0.00001	60	2	0.11885877058742526
16	0.00001	60	15	0.11421530279692578
16	0.00001	60	55	0.09558982989057883
16	0.00001	60	0	0.09558982989057883
16	0.00001	60	46	0.09558982989057883
16	0.00001	60	69	0.09558982989057883
16	0.00001	60	21	0.051395531962542505
16	0.00001	60	12	0.051395531962542505
16	0.00001	60	38	0.051395531962542505
16	0.00001	60	24	0.020211569882826328
16	0.00001	60	14	0.020211569882826328
16	0.00001	60	98	0.051395531962542505
16	0.00001	60	62	0.051395531962542505
16	0.00001	60	53	0.051395531962542505
16	0.00001	60	88	0.051395531962542505
16	0.00001	60	74	0.025645541424224882
16	0.00001	60	86	0.020211569882826328
16	0.00001	60	71	0.020211569882826328
16	0.00001	60	19	0.020211569882826328
16	0.00001	60	22	0.020211569882826328
16	0.00001	61	2	0.12330688570419611
16	0.00001	61	15	0.12330688570419611
16	0.00001	61	55	0.10132600405701958
16	0.00001	61	0	0.10132600405701958
16	0.00001	61	46	0.10132600405701958
16	0.00001	61	69	0.10132600405701958
16	0.00001	61	38	0.05143022331169308
16	0.00001	61	12	0.05143022331169308
16	0.00001	61	21	0.05143022331169308
16	0.00001	61	24	0.013863227990071657
16	0.00001	61	14	0.013863227990071657
16	0.00001	61	19	0.013863227990071657
16	0.00001	61	98	0.05143022331169308
16	0.00001	61	62	0.05143022331169308
16	0.00001	61	88	0.05143022331169308
16	0.00001	61	53	0.05143022331169308
16	0.00001	61	74	0.030013319205977697
16	0.00001	61	86	0.030013319205977697
16	0.00001	61	71	0.01922660838185686
16	0.00001	61	22	0.013863227990071657
16	0.00001	62	2	0.10157786236440419
16	0.00001	62	15	0.10157786236440419
16	0.00001	62	0	0.10157786236440419
16	0.00001	62	55	0.10157786236440419
16	0.00001	62	69	0.10157786236440419
16	0.00001	62	46	0.10157786236440419
16	0.00001	62	21	0.04183724413381531
16	0.00001	62	12	0.04183724413381531
16	0.00001	62	88	0.023570042794729712
16	0.00001	62	38	0.023570042794729712
16	0.00001	62	53	0.023570042794729712
16	0.00001	62	98	0.023570042794729712
16	0.00001	62	62	0.023570042794729712
16	0.00001	62	24	0.023570042794729712
16	0.00001	62	17	0.01114958823359414
16	0.00001	62	19	0.01114958823359414
16	0.00001	62	22	0.023570042794729712
16	0.00001	62	14	0.023570042794729712
16	0.00001	62	28	0.006213254862646366
16	0.00001	62	74	0.019067161876656327
16	0.00001	62	34	0.019067161876656327
16	0.00001	62	13	0.019067161876656327
16	0.00001	62	86	0.019067161876656327
16	0.00001	63	2	0.10890725489814326
16	0.00001	63	15	0.10666549384309115
16	0.00001	63	55	0.08069801694506626
16	0.00001	63	0	0.08069801694506626
16	0.00001	63	46	0.08069801694506626
16	0.00001	63	69	0.08069801694506626
16	0.00001	63	38	0.05032562427791592
16	0.00001	63	12	0.05032562427791592
16	0.00001	63	21	0.05032562427791592
16	0.00001	63	53	0.05032562427791592
16	0.00001	63	62	0.05032562427791592
16	0.00001	63	24	0.015082196586840749
16	0.00001	63	88	0.05032562427791592
16	0.00001	63	98	0.05032562427791592
16	0.00001	63	74	0.02252276675564947
16	0.00001	63	14	0.015082196586840749
16	0.00001	63	19	0.015082196586840749
16	0.00001	63	22	0.015082196586840749
16	0.00001	63	17	0.015082196586840749
16	0.00001	63	5	0.005051355664067989
16	0.00001	64	2	0.11725709894236966
16	0.00001	64	15	0.09621283003170897
16	0.00001	64	55	0.07306728764059885
16	0.00001	64	0	0.06956457023719942
16	0.00001	64	69	0.06956457023719942
16	0.00001	64	46	0.06956457023719942
16	0.00001	64	21	0.060561224235053654
16	0.00001	64	12	0.060561224235053654
16	0.00001	64	38	0.05556121339421698
16	0.00001	64	24	0.021062560093906908
16	0.00001	64	53	0.05556121339421698
16	0.00001	64	88	0.05556121339421698
16	0.00001	64	62	0.05556121339421698
16	0.00001	64	98	0.021062560093906908
16	0.00001	64	19	0.021062560093906908
16	0.00001	64	14	0.021062560093906908
16	0.00001	64	74	0.021062560093906908
16	0.00001	64	22	0.021062560093906908
16	0.00001	64	17	0.01505431324354155
16	0.00001	64	5	0.01505431324354155
16	0.00001	65	2	0.111963194225098
16	0.00001	65	15	0.10402913538056607
16	0.00001	65	55	0.07151892591829767
16	0.00001	65	0	0.05588043170973693
16	0.00001	65	46	0.06476857408643505
16	0.00001	65	69	0.06476857408643505
16	0.00001	65	21	0.04957401937177559
16	0.00001	65	12	0.04957401937177559
16	0.00001	65	38	0.04682717649454147
16	0.00001	65	24	0.014487080721737162
16	0.00001	65	14	0.014487080721737162
16	0.00001	65	62	0.04682717649454147
16	0.00001	65	53	0.04682717649454147
16	0.00001	65	88	0.04682717649454147
16	0.00001	65	98	0.04682717649454147
16	0.00001	65	86	0.032140851636926863
16	0.00001	65	74	0.032140851636926863
16	0.00001	65	71	0.018584610124593098
16	0.00001	65	76	0.006084078753632934
16	0.00001	65	22	0.01315853987451732
16	0.00001	65	19	0.01315853987451732
16	0.00001	66	2	0.11655809938378485
16	0.00001	66	15	0.09326978649687445
16	0.00001	66	55	0.07774822933795186
16	0.00001	66	0	0.07774822933795186
16	0.00001	66	46	0.07774822933795186
16	0.00001	66	69	0.07774822933795186
16	0.00001	66	21	0.056958944414316426
16	0.00001	66	12	0.056958944414316426
16	0.00001	66	38	0.02878962810920254
16	0.00001	66	24	0.026559623319386813
16	0.00001	66	53	0.02878962810920254
16	0.00001	66	88	0.02878962810920254
16	0.00001	66	98	0.02878962810920254
16	0.00001	66	62	0.026559623319386813
16	0.00001	66	19	0.026559623319386813
16	0.00001	66	74	0.026559623319386813
16	0.00001	66	14	0.026559623319386813
16	0.00001	66	22	0.026559623319386813
16	0.00001	66	17	0.01829822166763246
16	0.00001	66	5	0.01829822166763246
16	0.00001	67	2	0.11328206366211906
16	0.00001	67	15	0.0880490659632114
16	0.00001	67	55	0.07707490788412585
16	0.00001	67	0	0.07707490788412585
16	0.00001	67	69	0.07707490788412585
16	0.00001	67	46	0.07707490788412585
16	0.00001	67	38	0.052820371446287206
16	0.00001	67	12	0.052820371446287206
16	0.00001	67	21	0.052820371446287206
16	0.00001	67	24	0.012869272701439496
16	0.00001	67	14	0.012869272701439496
16	0.00001	67	53	0.052820371446287206
16	0.00001	67	88	0.052820371446287206
16	0.00001	67	98	0.052820371446287206
16	0.00001	67	62	0.052820371446287206
16	0.00001	67	74	0.03861435330981373
16	0.00001	67	86	0.010944524583028654
16	0.00001	67	71	0.010944524583028654
16	0.00001	67	22	0.012869272701439496
16	0.00001	67	19	0.012869272701439496
16	0.00001	67	17	0.008883601275638406
16	0.00001	68	2	0.1223979645343465
16	0.00001	68	15	0.08460027521104799
16	0.00001	68	55	0.07228386900617718
16	0.00001	68	0	0.06872806559661236
16	0.00001	68	46	0.06872806559661236
16	0.00001	68	69	0.06872806559661236
16	0.00001	68	38	0.05448167395801747
16	0.00001	68	12	0.05448167395801747
16	0.00001	68	21	0.05448167395801747
16	0.00001	68	24	0.015202997369479295
16	0.00001	68	14	0.015202997369479295
16	0.00001	68	98	0.05448167395801747
16	0.00001	68	62	0.05448167395801747
16	0.00001	68	53	0.05448167395801747
16	0.00001	68	88	0.05448167395801747
16	0.00001	68	74	0.031503782233084594
16	0.00001	68	86	0.0062237456545151245
16	0.00001	68	22	0.015202997369479295
16	0.00001	68	19	0.015202997369479295
16	0.00001	68	17	0.0107177571346409
16	0.00001	69	2	0.10816397419035079
16	0.00001	69	15	0.09894873732785725
16	0.00001	69	55	0.07164840555467936
16	0.00001	69	0	0.06503805041971265
16	0.00001	69	69	0.06624161832052691
16	0.00001	69	46	0.06624161832052691
16	0.00001	69	21	0.055242451588269806
16	0.00001	69	12	0.055242451588269806
16	0.00001	69	24	0.012573009444657394
16	0.00001	69	88	0.05197216037014802
16	0.00001	69	38	0.05197216037014802
16	0.00001	69	22	0.012573009444657394
16	0.00001	69	19	0.012573009444657394
16	0.00001	69	14	0.012573009444657394
16	0.00001	69	98	0.05197216037014802
16	0.00001	69	62	0.05197216037014802
16	0.00001	69	53	0.05197216037014802
16	0.00001	69	74	0.03934932350020113
16	0.00001	69	71	0.01827310192512964
16	0.00001	69	17	0.012573009444657394
16	0.00001	70	2	0.11850104937403001
16	0.00001	70	15	0.10004813782446552
16	0.00001	70	55	0.10004813782446552
16	0.00001	70	0	0.10004813782446552
16	0.00001	70	69	0.10004813782446552
16	0.00001	70	46	0.10004813782446552
16	0.00001	70	38	0.05066455284617388
16	0.00001	70	12	0.05066455284617388
16	0.00001	70	21	0.05066455284617388
16	0.00001	70	53	0.05066455284617388
16	0.00001	70	24	0.012369310807167034
16	0.00001	70	62	0.05066455284617388
16	0.00001	70	88	0.05066455284617388
16	0.00001	70	98	0.05066455284617388
16	0.00001	70	74	0.008716202138085319
16	0.00001	70	14	0.012369310807167034
16	0.00001	70	22	0.012369310807167034
16	0.00001	70	19	0.012369310807167034
16	0.00001	70	17	0.012369310807167034
16	0.00001	70	5	0.008030204417230163
16	0.00001	71	2	0.11589224329505675
16	0.00001	71	15	0.10753039582183659
16	0.00001	71	55	0.07703720923213433
16	0.00001	71	0	0.07703720923213433
16	0.00001	71	69	0.07703720923213433
16	0.00001	71	46	0.07703720923213433
16	0.00001	71	38	0.056636360500166606
16	0.00001	71	12	0.056636360500166606
16	0.00001	71	21	0.056636360500166606
16	0.00001	71	24	0.014175147532566922
16	0.00001	71	53	0.056636360500166606
16	0.00001	71	88	0.056636360500166606
16	0.00001	71	14	0.014175147532566922
16	0.00001	71	19	0.014175147532566922
16	0.00001	71	98	0.056636360500166606
16	0.00001	71	62	0.056636360500166606
16	0.00001	71	74	0.030823762587904188
16	0.00001	71	86	0.014175147532566922
16	0.00001	71	71	0.014175147532566922
16	0.00001	71	22	0.006190974588376218
16	0.00001	72	2	0.10992393994589698
16	0.00001	72	15	0.10579106065580465
16	0.00001	72	55	0.07246054591242868
16	0.00001	72	0	0.06019931117904797
16	0.00001	72	46	0.06072242099766569
16	0.00001	72	69	0.06072242099766569
16	0.00001	72	38	0.053419006015437184
16	0.00001	72	12	0.053419006015437184
16	0.00001	72	21	0.053419006015437184
16	0.00001	72	24	0.011376386478920347
16	0.00001	72	14	0.011376386478920347
16	0.00001	72	19	0.011376386478920347
16	0.00001	72	98	0.053419006015437184
16	0.00001	72	62	0.053419006015437184
16	0.00001	72	88	0.053419006015437184
16	0.00001	72	53	0.053419006015437184
16	0.00001	72	74	0.03883005596771671
16	0.00001	72	71	0.011600379254966124
16	0.00001	72	86	0.010631562324403139
16	0.00001	72	22	0.011376386478920347
16	0.00001	73	2	0.11127216503246427
16	0.00001	73	15	0.09333313024308171
16	0.00001	73	55	0.07820188574294061
16	0.00001	73	0	0.07820188574294061
16	0.00001	73	46	0.07820188574294061
16	0.00001	73	69	0.07820188574294061
16	0.00001	73	21	0.04373444500536885
16	0.00001	73	12	0.04373444500536885
16	0.00001	73	38	0.03635043649698868
16	0.00001	73	88	0.022323330245079643
16	0.00001	73	62	0.03635043649698868
16	0.00001	73	53	0.03635043649698868
16	0.00001	73	98	0.022323330245079643
16	0.00001	73	14	0.022323330245079643
16	0.00001	73	24	0.022323330245079643
16	0.00001	73	19	0.022323330245079643
16	0.00001	73	74	0.022323330245079643
16	0.00001	73	22	0.022323330245079643
16	0.00001	73	17	0.012459906673948468
16	0.00001	73	5	0.012459906673948468
16	0.00001	74	2	0.11066033845190454
16	0.00001	74	15	0.10543052492654839
16	0.00001	74	55	0.07204395358123133
16	0.00001	74	0	0.067016353891212
16	0.00001	74	46	0.067016353891212
16	0.00001	74	69	0.067016353891212
16	0.00001	74	21	0.05336596834490809
16	0.00001	74	12	0.05336596834490809
16	0.00001	74	38	0.05336596834490809
16	0.00001	74	24	0.012551998201051436
16	0.00001	74	14	0.012551998201051436
16	0.00001	74	22	0.012551998201051436
16	0.00001	74	19	0.012551998201051436
16	0.00001	74	98	0.05336596834490809
16	0.00001	74	62	0.05336596834490809
16	0.00001	74	53	0.05336596834490809
16	0.00001	74	88	0.05336596834490809
16	0.00001	74	74	0.04541188582971962
16	0.00001	74	86	0.011530189288699954
16	0.00001	74	71	0.011530189288699954
16	0.00001	74	17	0.011532485619026776
16	0.00001	75	2	0.11450200224623905
16	0.00001	75	15	0.09081900994182114
16	0.00001	75	55	0.07223480084023938
16	0.00001	75	0	0.07155935760212963
16	0.00001	75	46	0.07155935760212963
16	0.00001	75	69	0.07155935760212963
16	0.00001	75	38	0.054363719369284254
16	0.00001	75	12	0.056412724543552326
16	0.00001	75	21	0.056412724543552326
16	0.00001	75	14	0.015633725565661446
16	0.00001	75	53	0.054363719369284254
16	0.00001	75	88	0.054363719369284254
16	0.00001	75	62	0.054363719369284254
16	0.00001	75	98	0.054363719369284254
16	0.00001	75	74	0.040606222091675366
16	0.00001	75	71	0.01940405960451204
16	0.00001	75	76	0.015633725565661446
16	0.00001	75	19	0.015633725565661446
16	0.00001	75	63	0.006784418065520998
16	0.00001	75	22	0.015633725565661446
16	0.00001	75	24	0.015633725565661446
16	0.00001	76	2	0.10968728805990599
16	0.00001	76	15	0.10192439910005048
16	0.00001	76	55	0.07301585312831929
16	0.00001	76	0	0.05905043796701293
16	0.00001	76	46	0.06371637328042566
16	0.00001	76	69	0.06371637328042566
16	0.00001	76	21	0.05253968624671864
16	0.00001	76	12	0.05253968624671864
16	0.00001	76	38	0.05253968624671864
16	0.00001	76	24	0.01401327193901778
16	0.00001	76	14	0.01401327193901778
16	0.00001	76	19	0.01401327193901778
16	0.00001	76	98	0.05253968624671864
16	0.00001	76	62	0.05253968624671864
16	0.00001	76	88	0.05253968624671864
16	0.00001	76	53	0.05253968624671864
16	0.00001	76	74	0.03637798654412566
16	0.00001	76	86	0.009668131548727327
16	0.00001	76	71	0.009668131548727327
16	0.00001	76	22	0.01401327193901778
16	0.00001	76	17	0.010672963877900043
16	0.00001	77	2	0.11926330166764883
16	0.00001	77	15	0.11926330166764883
16	0.00001	77	55	0.11926330166764883
16	0.00001	77	0	0.11926330166764883
16	0.00001	77	46	0.11926330166764883
16	0.00001	77	69	0.11926330166764883
16	0.00001	77	21	0.05451111622457976
16	0.00001	77	12	0.05451111622457976
16	0.00001	77	24	0.010897506846753922
16	0.00001	77	14	0.010897506846753922
16	0.00001	77	19	0.010897506846753922
16	0.00001	77	62	0.051370931472441615
16	0.00001	77	88	0.051370931472441615
16	0.00001	77	38	0.051370931472441615
16	0.00001	77	98	0.051370931472441615
16	0.00001	77	53	0.051370931472441615
16	0.00001	77	22	0.010672852577896836
16	0.00001	77	17	0.00938116308981345
16	0.00001	77	5	0.00916014449324152
16	0.00001	77	13	0.002488319153931942
16	0.00001	78	2	0.12078430865301977
16	0.00001	78	15	0.09537559118624299
16	0.00001	78	55	0.07397020172791119
16	0.00001	78	0	0.06922214766535859
16	0.00001	78	46	0.06922214766535859
16	0.00001	78	69	0.06922214766535859
16	0.00001	78	21	0.04311082430242338
16	0.00001	78	12	0.03541995023278418
16	0.00001	78	38	0.02447841106751681
16	0.00001	78	88	0.02447841106751681
16	0.00001	78	24	0.02447841106751681
16	0.00001	78	62	0.02447841106751681
16	0.00001	78	53	0.02447841106751681
16	0.00001	78	98	0.02447841106751681
16	0.00001	78	19	0.02447841106751681
16	0.00001	78	5	0.02447841106751681
16	0.00001	78	17	0.02447841106751681
16	0.00001	78	22	0.02447841106751681
16	0.00001	78	14	0.02447841106751681
16	0.00001	78	13	0.002872403726126927
16	0.00001	79	2	0.09958301289678598
16	0.00001	79	15	0.09809716495057305
16	0.00001	79	55	0.07944484866018088
16	0.00001	79	0	0.07944484866018088
16	0.00001	79	46	0.07944484866018088
16	0.00001	79	69	0.07944484866018088
16	0.00001	79	38	0.06413202617067702
16	0.00001	79	12	0.06413202617067702
16	0.00001	79	21	0.06413202617067702
16	0.00001	79	24	0.012490661681186526
16	0.00001	79	53	0.06413202617067702
16	0.00001	79	88	0.06413202617067702
16	0.00001	79	98	0.06413202617067702
16	0.00001	79	62	0.06413202617067702
16	0.00001	79	86	0.012148156654156406
16	0.00001	79	71	0.008564003823614818
16	0.00001	79	22	0.012490661681186526
16	0.00001	79	19	0.012490661681186526
16	0.00001	79	14	0.012490661681186526
16	0.00001	79	5	0.0029209944621198945
16	0.00001	79	17	0.0029209944621198945
16	0.00001	80	2	0.11587267793011746
16	0.00001	80	15	0.0911919422630841
16	0.00001	80	55	0.07551450146325346
16	0.00001	80	0	0.07551450146325346
16	0.00001	80	46	0.07551450146325346
16	0.00001	80	69	0.07551450146325346
16	0.00001	80	38	0.05005181511044084
16	0.00001	80	12	0.05036870899750942
16	0.00001	80	21	0.05036870899750942
16	0.00001	80	24	0.019930254211899496
16	0.00001	80	53	0.05005181511044084
16	0.00001	80	88	0.05005181511044084
16	0.00001	80	14	0.019930254211899496
16	0.00001	80	19	0.02064313756613446
16	0.00001	80	98	0.05005181511044084
16	0.00001	80	62	0.05005181511044084
16	0.00001	80	74	0.02064313756613446
16	0.00001	80	22	0.019930254211899496
16	0.00001	80	71	0.019930254211899496
16	0.00001	80	17	0.011241118412400768
16	0.00001	81	2	0.1188377809714204
16	0.00001	81	15	0.09846177548003197
16	0.00001	81	55	0.07320462362598115
16	0.00001	81	0	0.06291197856703912
16	0.00001	81	46	0.06946425012077966
16	0.00001	81	69	0.06946425012077966
16	0.00001	81	21	0.05105377039365722
16	0.00001	81	12	0.05105377039365722
16	0.00001	81	38	0.04551322524132142
16	0.00001	81	24	0.01511382722652502
16	0.00001	81	14	0.01511382722652502
16	0.00001	81	62	0.04551322524132142
16	0.00001	81	53	0.04551322524132142
16	0.00001	81	88	0.04551322524132142
16	0.00001	81	98	0.04551322524132142
16	0.00001	81	74	0.04290421647426513
16	0.00001	81	71	0.019274902068851744
16	0.00001	81	19	0.01511382722652502
16	0.00001	81	22	0.01511382722652502
16	0.00001	81	17	0.004974697306707709
16	0.00001	82	2	0.10975282109991144
16	0.00001	82	15	0.08616369897951764
16	0.00001	82	55	0.0752516765427935
16	0.00001	82	0	0.0752516765427935
16	0.00001	82	46	0.0752516765427935
16	0.00001	82	69	0.0752516765427935
16	0.00001	82	12	0.06060202469724919
16	0.00001	82	21	0.06060202469724919
16	0.00001	82	38	0.024172769915905647
16	0.00001	82	19	0.024172769915905647
16	0.00001	82	24	0.024172769915905647
16	0.00001	82	88	0.024172769915905647
16	0.00001	82	62	0.024172769915905647
16	0.00001	82	53	0.024172769915905647
16	0.00001	82	98	0.024172769915905647
16	0.00001	82	22	0.024172769915905647
16	0.00001	82	14	0.024172769915905647
16	0.00001	82	17	0.015956506628509982
16	0.00001	82	5	0.015956506628509982
16	0.00001	82	28	0.003957874092138978
16	0.00001	83	2	0.11836836129689364
16	0.00001	83	15	0.08799973500706705
16	0.00001	83	55	0.07491188253122083
16	0.00001	83	0	0.07491188253122083
16	0.00001	83	46	0.07491188253122083
16	0.00001	83	69	0.07491188253122083
16	0.00001	83	38	0.05280919839172081
16	0.00001	83	12	0.05280919839172081
16	0.00001	83	21	0.05280919839172081
16	0.00001	83	24	0.012316482835562954
16	0.00001	83	53	0.05280919839172081
16	0.00001	83	62	0.05280919839172081
16	0.00001	83	88	0.05280919839172081
16	0.00001	83	98	0.05280919839172081
16	0.00001	83	74	0.036920515269123794
16	0.00001	83	19	0.012316482835562954
16	0.00001	83	71	0.012316482835562954
16	0.00001	83	14	0.012316482835562954
16	0.00001	83	22	0.012316482835562954
16	0.00001	83	17	0.00895000613518946
16	0.00001	84	2	0.12338633280293691
16	0.00001	84	15	0.12338633280293691
16	0.00001	84	55	0.10512093703362163
16	0.00001	84	0	0.10512093703362163
16	0.00001	84	46	0.10512093703362163
16	0.00001	84	69	0.10512093703362163
16	0.00001	84	21	0.0486827058495112
16	0.00001	84	12	0.0486827058495112
16	0.00001	84	38	0.047848507637812225
16	0.00001	84	24	0.017306438917237398
16	0.00001	84	14	0.017306438917237398
16	0.00001	84	62	0.047848507637812225
16	0.00001	84	53	0.047848507637812225
16	0.00001	84	88	0.047848507637812225
16	0.00001	84	98	0.047848507637812225
16	0.00001	84	86	0.03738071013386074
16	0.00001	84	74	0.03738071013386074
16	0.00001	84	71	0.017908193099624724
16	0.00001	84	19	0.017306438917237398
16	0.00001	84	22	0.017306438917237398
16	0.00001	85	2	0.11045233592048456
16	0.00001	85	15	0.09104242257978967
16	0.00001	85	55	0.07425446695425025
16	0.00001	85	0	0.07425446695425025
16	0.00001	85	69	0.07425446695425025
16	0.00001	85	46	0.07425446695425025
16	0.00001	85	38	0.058116040263342036
16	0.00001	85	12	0.058116040263342036
16	0.00001	85	21	0.058116040263342036
16	0.00001	85	24	0.011752450446348477
16	0.00001	85	14	0.011752450446348477
16	0.00001	85	98	0.058116040263342036
16	0.00001	85	62	0.058116040263342036
16	0.00001	85	88	0.058116040263342036
16	0.00001	85	53	0.058116040263342036
16	0.00001	85	74	0.03011504054472107
16	0.00001	85	71	0.018622518516901825
16	0.00001	85	76	0.010097619143708256
16	0.00001	85	22	0.011752450446348477
16	0.00001	85	19	0.011752450446348477
16	0.00001	85	17	0.010672954170813523
16	0.00001	86	2	0.12205709304698971
16	0.00001	86	15	0.09302507406070125
16	0.00001	86	55	0.09302507406070125
16	0.00001	86	0	0.09302507406070125
16	0.00001	86	46	0.09302507406070125
16	0.00001	86	69	0.09302507406070125
16	0.00001	86	21	0.031760328509031814
16	0.00001	86	12	0.02043343442089841
16	0.00001	86	38	0.019386514877615956
16	0.00001	86	62	0.02043343442089841
16	0.00001	86	88	0.02043343442089841
16	0.00001	86	53	0.019386514877615956
16	0.00001	86	98	0.019386514877615956
16	0.00001	86	24	0.019386514877615956
16	0.00001	86	17	0.019386514877615956
16	0.00001	86	19	0.019386514877615956
16	0.00001	86	22	0.019386514877615956
16	0.00001	86	14	0.019386514877615956
16	0.00001	86	74	0.00679465812998372
16	0.00001	86	28	0.005811578499738286
16	0.00001	87	2	0.11428585616912677
16	0.00001	87	15	0.087385405262749
16	0.00001	87	55	0.07597229286544989
16	0.00001	87	0	0.07597229286544989
16	0.00001	87	46	0.07597229286544989
16	0.00001	87	69	0.07597229286544989
16	0.00001	87	38	0.05199429766468879
16	0.00001	87	12	0.05199429766468879
16	0.00001	87	21	0.05199429766468879
16	0.00001	87	24	0.015213413253036977
16	0.00001	87	14	0.015213413253036977
16	0.00001	87	19	0.015213413253036977
16	0.00001	87	98	0.05199429766468879
16	0.00001	87	62	0.05199429766468879
16	0.00001	87	88	0.05199429766468879
16	0.00001	87	53	0.05199429766468879
16	0.00001	87	74	0.03853322896777417
16	0.00001	87	71	0.015213413253036977
16	0.00001	87	22	0.015213413253036977
16	0.00001	87	17	0.010251895616526174
16	0.00001	88	2	0.11549332875917372
16	0.00001	88	15	0.10123103542279878
16	0.00001	88	55	0.07105149756243348
16	0.00001	88	0	0.05997897113409763
16	0.00001	88	46	0.05997897113409763
16	0.00001	88	69	0.05997897113409763
16	0.00001	88	38	0.04770839965987135
16	0.00001	88	12	0.05254077060179075
16	0.00001	88	21	0.05254077060179075
16	0.00001	88	24	0.016228203564573357
16	0.00001	88	14	0.016228203564573357
16	0.00001	88	62	0.04770839965987135
16	0.00001	88	53	0.04770839965987135
16	0.00001	88	88	0.04770839965987135
16	0.00001	88	98	0.04770839965987135
16	0.00001	88	74	0.031462977228753734
16	0.00001	88	86	0.031462977228753734
16	0.00001	88	71	0.019167574050103678
16	0.00001	88	19	0.016228203564573357
16	0.00001	88	22	0.016228203564573357
16	0.00001	89	2	0.11264245394917048
16	0.00001	89	15	0.10352763743676369
16	0.00001	89	55	0.07089354096468595
16	0.00001	89	0	0.06336368450045973
16	0.00001	89	46	0.06336368450045973
16	0.00001	89	69	0.06336368450045973
16	0.00001	89	38	0.05654934110591689
16	0.00001	89	12	0.05654934110591689
16	0.00001	89	21	0.05654934110591689
16	0.00001	89	24	0.014092949901645802
16	0.00001	89	14	0.014092949901645802
16	0.00001	89	62	0.05654934110591689
16	0.00001	89	53	0.05654934110591689
16	0.00001	89	88	0.05654934110591689
16	0.00001	89	98	0.05654934110591689
16	0.00001	89	74	0.032859969570500414
16	0.00001	89	71	0.014092949901645802
16	0.00001	89	22	0.014092949901645802
16	0.00001	89	19	0.014092949901645802
16	0.00001	89	17	0.009886011422244517
16	0.00001	90	2	0.11091278592032884
16	0.00001	90	15	0.09173571236842665
16	0.00001	90	55	0.06945383319951319
16	0.00001	90	0	0.06701753430039997
16	0.00001	90	46	0.06701753430039997
16	0.00001	90	69	0.06701753430039997
16	0.00001	90	21	0.05816509440834923
16	0.00001	90	12	0.05816509440834923
16	0.00001	90	38	0.05816509440834923
16	0.00001	90	88	0.05816509440834923
16	0.00001	90	24	0.013825567735427646
16	0.00001	90	62	0.05816509440834923
16	0.00001	90	53	0.05816509440834923
16	0.00001	90	98	0.05816509440834923
16	0.00001	90	74	0.037159968339653196
16	0.00001	90	71	0.01711803127848737
16	0.00001	90	14	0.013825567735427646
16	0.00001	90	19	0.013825567735427646
16	0.00001	90	22	0.013825567735427646
16	0.00001	90	17	0.009722865150396342
16	0.00001	91	2	0.1182693050894388
16	0.00001	91	15	0.0896586409227876
16	0.00001	91	55	0.0751888448749519
16	0.00001	91	0	0.0751888448749519
16	0.00001	91	46	0.0751888448749519
16	0.00001	91	69	0.0751888448749519
16	0.00001	91	38	0.05852589023507524
16	0.00001	91	12	0.05852589023507524
16	0.00001	91	21	0.05852589023507524
16	0.00001	91	24	0.01584720690767896
16	0.00001	91	14	0.01584720690767896
16	0.00001	91	98	0.05852589023507524
16	0.00001	91	62	0.05852589023507524
16	0.00001	91	53	0.05852589023507524
16	0.00001	91	88	0.05852589023507524
16	0.00001	91	74	0.03205138226372961
16	0.00001	91	71	0.01584720690767896
16	0.00001	91	19	0.01584720690767896
16	0.00001	91	22	0.01584720690767896
16	0.00001	91	76	0.01584720690767896
16	0.00001	92	2	0.11997333456778447
16	0.00001	92	15	0.10309062152028341
16	0.00001	92	55	0.07781012228006101
16	0.00001	92	0	0.07781012228006101
16	0.00001	92	21	0.04643783315421926
16	0.00001	92	46	0.07781012228006101
16	0.00001	92	69	0.07781012228006101
16	0.00001	92	12	0.02491070986960966
16	0.00001	92	38	0.02327462623783942
16	0.00001	92	24	0.01683439946717188
16	0.00001	92	14	0.01683439946717188
16	0.00001	92	62	0.02327462623783942
16	0.00001	92	53	0.02327462623783942
16	0.00001	92	88	0.02327462623783942
16	0.00001	92	98	0.02327462623783942
16	0.00001	92	19	0.02327462623783942
16	0.00001	92	22	0.01683439946717188
16	0.00001	92	17	0.016298807288020793
16	0.00001	92	13	0.007372371198775231
16	0.00001	92	86	0.00943149131408667
16	0.00001	92	5	0.00943149131408667
16	0.00001	92	74	0.00943149131408667
16	0.00001	93	2	0.11640638327958067
16	0.00001	93	15	0.10814364764777748
16	0.00001	93	55	0.06992668664388914
16	0.00001	93	0	0.06770147251567275
16	0.00001	93	46	0.06770147251567275
16	0.00001	93	69	0.06770147251567275
16	0.00001	93	38	0.052699111991920816
16	0.00001	93	12	0.054440333833084005
16	0.00001	93	21	0.054440333833084005
16	0.00001	93	24	0.01571052272672109
16	0.00001	93	53	0.052699111991920816
16	0.00001	93	88	0.052699111991920816
16	0.00001	93	98	0.052699111991920816
16	0.00001	93	62	0.052699111991920816
16	0.00001	93	74	0.04865127708833489
16	0.00001	93	71	0.00876485114481485
16	0.00001	93	86	0.00876485114481485
16	0.00001	93	14	0.01571052272672109
16	0.00001	93	19	0.01571052272672109
16	0.00001	93	22	0.01571052272672109
16	0.00001	93	5	0.01571052272672109
16	0.00001	93	17	0.01571052272672109
16	0.00001	94	2	0.12214533263630484
16	0.00001	94	15	0.12214533263630484
16	0.00001	94	55	0.09453026825658208
16	0.00001	94	0	0.09453026825658208
16	0.00001	94	46	0.09453026825658208
16	0.00001	94	69	0.09453026825658208
16	0.00001	94	38	0.056565196316809445
16	0.00001	94	12	0.056565196316809445
16	0.00001	94	21	0.056565196316809445
16	0.00001	94	24	0.009540393708925052
16	0.00001	94	53	0.056565196316809445
16	0.00001	94	19	0.009540393708925052
16	0.00001	94	14	0.009540393708925052
16	0.00001	94	98	0.056565196316809445
16	0.00001	94	88	0.056565196316809445
16	0.00001	94	62	0.056565196316809445
16	0.00001	94	74	0.022444512829912538
16	0.00001	94	86	0.022444512829912538
16	0.00001	94	71	0.018459566378998198
16	0.00001	94	76	0.008477649270493859
16	0.00001	94	22	0.009540393708925052
16	0.00001	95	2	0.12171786571994168
16	0.00001	95	15	0.08811235598133589
16	0.00001	95	55	0.07149644148176394
16	0.00001	95	0	0.06853276476291514
16	0.00001	95	46	0.06853276476291514
16	0.00001	95	69	0.06853276476291514
16	0.00001	95	38	0.04884353717991702
16	0.00001	95	12	0.04934225078025212
16	0.00001	95	21	0.04934225078025212
16	0.00001	95	24	0.016782208498835244
16	0.00001	95	88	0.04884353717991702
16	0.00001	95	53	0.04884353717991702
16	0.00001	95	98	0.04884353717991702
16	0.00001	95	62	0.04884353717991702
16	0.00001	95	74	0.03961389615411438
16	0.00001	95	71	0.02071618008538031
16	0.00001	95	14	0.016782208498835244
16	0.00001	95	76	0.004440558872395285
16	0.00001	95	22	0.016782208498835244
16	0.00001	95	19	0.016782208498835244
16	0.00001	95	17	0.011554787448868316
16	0.00001	96	2	0.12179218582346023
16	0.00001	96	15	0.12179218582346023
16	0.00001	96	55	0.09559082771049399
16	0.00001	96	0	0.09559082771049399
16	0.00001	96	46	0.09559082771049399
16	0.00001	96	69	0.09559082771049399
16	0.00001	96	38	0.04435040148676726
16	0.00001	96	12	0.05029846818086281
16	0.00001	96	21	0.05029846818086281
16	0.00001	96	24	0.014206629694128807
16	0.00001	96	53	0.04435040148676726
16	0.00001	96	62	0.04435040148676726
16	0.00001	96	88	0.04435040148676726
16	0.00001	96	98	0.04435040148676726
16	0.00001	96	86	0.025722271460017345
16	0.00001	96	74	0.025722271460017345
16	0.00001	96	71	0.0188557699924922
16	0.00001	96	76	0.007747752158637959
16	0.00001	96	19	0.014206629694128807
16	0.00001	96	14	0.014206629694128807
16	0.00001	96	22	0.014206629694128807
16	0.00001	97	2	0.11175282304108228
16	0.00001	97	15	0.09835417902688481
16	0.00001	97	55	0.0703039568588268
16	0.00001	97	0	0.06385299021062431
16	0.00001	97	46	0.06385299021062431
16	0.00001	97	69	0.06385299021062431
16	0.00001	97	21	0.05691384035904044
16	0.00001	97	12	0.05691384035904044
16	0.00001	97	38	0.05393482605586361
16	0.00001	97	88	0.05393482605586361
16	0.00001	97	24	0.012294317617580366
16	0.00001	97	62	0.05393482605586361
16	0.00001	97	53	0.05393482605586361
16	0.00001	97	98	0.05393482605586361
16	0.00001	97	74	0.04357276398449689
16	0.00001	97	71	0.012294317617580366
16	0.00001	97	86	0.012294317617580366
16	0.00001	97	14	0.012294317617580366
16	0.00001	97	19	0.012294317617580366
16	0.00001	97	22	0.012294317617580366
16	0.00001	98	2	0.12643973890703672
16	0.00001	98	15	0.12643973890703672
16	0.00001	98	55	0.10392528760848425
16	0.00001	98	0	0.10392528760848425
16	0.00001	98	46	0.10392528760848425
16	0.00001	98	69	0.10392528760848425
16	0.00001	98	38	0.057954193121077906
16	0.00001	98	12	0.057954193121077906
16	0.00001	98	21	0.057954193121077906
16	0.00001	98	24	0.010118910746690775
16	0.00001	98	14	0.010118910746690775
16	0.00001	98	19	0.010118910746690775
16	0.00001	98	98	0.057954193121077906
16	0.00001	98	62	0.057954193121077906
16	0.00001	98	88	0.057954193121077906
16	0.00001	98	53	0.057954193121077906
16	0.00001	98	74	0.03241442879954021
16	0.00001	98	86	0.009599714204018622
16	0.00001	98	71	0.009599714204018622
16	0.00001	98	22	0.010118910746690775
16	0.00001	98	17	0.010118910746690775
16	0.00001	99	2	0.11222330028016864
16	0.00001	99	15	0.08986686248567967
16	0.00001	99	55	0.07503566257378175
16	0.00001	99	0	0.07503566257378175
16	0.00001	99	46	0.07503566257378175
16	0.00001	99	69	0.07503566257378175
16	0.00001	99	38	0.057073370293013265
16	0.00001	99	12	0.057073370293013265
16	0.00001	99	21	0.057073370293013265
16	0.00001	99	24	0.020272059776685527
16	0.00001	99	14	0.020272059776685527
16	0.00001	99	98	0.057073370293013265
16	0.00001	99	62	0.057073370293013265
16	0.00001	99	53	0.057073370293013265
16	0.00001	99	88	0.057073370293013265
16	0.00001	99	74	0.034544294263544634
16	0.00001	99	71	0.020272059776685527
16	0.00001	99	22	0.020272059776685527
16	0.00001	99	19	0.020272059776685527
16	0.00001	99	17	0.01011424862936036
16	0.00001	100	2	0.11113509925097825
16	0.00001	100	15	0.10639936486673002
16	0.00001	100	55	0.07857539256702245
16	0.00001	100	0	0.07857539256702245
16	0.00001	100	69	0.07857539256702245
16	0.00001	100	46	0.07857539256702245
16	0.00001	100	21	0.05349140757920172
16	0.00001	100	12	0.05349140757920172
16	0.00001	100	24	0.01627266376236479
16	0.00001	100	14	0.01627266376236479
16	0.00001	100	62	0.05349140757920172
16	0.00001	100	53	0.05349140757920172
16	0.00001	100	88	0.05349140757920172
16	0.00001	100	38	0.05349140757920172
16	0.00001	100	86	0.021956650881429913
16	0.00001	100	74	0.021956650881429913
16	0.00001	100	98	0.021956650881429913
16	0.00001	100	71	0.01921940502114637
16	0.00001	100	76	0.006714759933820007
16	0.00001	100	19	0.01627266376236479
16	0.00001	100	22	0.01627266376236479
16	0.0001	1	2	0.12250672329038033
16	0.0001	1	15	0.1005304378328548
16	0.0001	1	55	0.09579345707957247
16	0.0001	1	0	0.09579345707957247
16	0.0001	1	69	0.09579345707957247
16	0.0001	1	46	0.09579345707957247
16	0.0001	1	21	0.0448042651169846
16	0.0001	1	12	0.0448042651169846
16	0.0001	1	38	0.030891821760365663
16	0.0001	1	53	0.030891821760365663
16	0.0001	1	62	0.030891821760365663
16	0.0001	1	98	0.030891821760365663
16	0.0001	1	88	0.030891821760365663
16	0.0001	1	24	0.022389468579367768
16	0.0001	1	14	0.022389468579367768
16	0.0001	1	86	0.01831266887778553
16	0.0001	1	74	0.01831266887778553
16	0.0001	1	17	0.01831266887778553
16	0.0001	1	22	0.022389468579367768
16	0.0001	1	19	0.022389468579367768
16	0.0001	1	71	0.004455700579145252
16	0.0001	1	7	0.004455700579145252
16	0.0001	1	10	0.004455700579145252
16	0.0001	2	2	0.10783350181904579
16	0.0001	2	15	0.10545478796184156
16	0.0001	2	55	0.09262861523285515
16	0.0001	2	0	0.09262861523285515
16	0.0001	2	69	0.09262861523285515
16	0.0001	2	46	0.09262861523285515
16	0.0001	2	38	0.055131753597428876
16	0.0001	2	12	0.055131753597428876
16	0.0001	2	21	0.055131753597428876
16	0.0001	2	53	0.055131753597428876
16	0.0001	2	62	0.055131753597428876
16	0.0001	2	98	0.055131753597428876
16	0.0001	2	88	0.055131753597428876
16	0.0001	2	74	0.008963096642237666
16	0.0001	2	14	0.012878185302013763
16	0.0001	2	24	0.012878185302013763
16	0.0001	2	22	0.012878185302013763
16	0.0001	2	19	0.012878185302013763
16	0.0001	2	17	0.012878185302013763
16	0.0001	2	86	0.0021886773263057355
16	0.0001	3	2	0.12555627804687772
16	0.0001	3	15	0.08740683541694683
16	0.0001	3	55	0.07595907638508495
16	0.0001	3	0	0.07595907638508495
16	0.0001	3	69	0.07595907638508495
16	0.0001	3	46	0.07595907638508495
16	0.0001	3	38	0.05752945558896832
16	0.0001	3	21	0.05897215897906249
16	0.0001	3	12	0.05897215897906249
16	0.0001	3	53	0.05752945558896832
16	0.0001	3	88	0.05752945558896832
16	0.0001	3	62	0.05752945558896832
16	0.0001	3	19	0.017892095157713128
16	0.0001	3	98	0.017892095157713128
16	0.0001	3	74	0.017892095157713128
16	0.0001	3	24	0.017892095157713128
16	0.0001	3	14	0.017892095157713128
16	0.0001	3	5	0.017892095157713128
16	0.0001	3	17	0.017892095157713128
16	0.0001	3	22	0.017892095157713128
16	0.0001	4	2	0.1158889148740384
16	0.0001	4	15	0.10526639367399045
16	0.0001	4	55	0.09427857188726474
16	0.0001	4	0	0.09427857188726474
16	0.0001	4	46	0.09427857188726474
16	0.0001	4	69	0.09427857188726474
16	0.0001	4	38	0.038510118391002664
16	0.0001	4	12	0.04937617090043476
16	0.0001	4	21	0.04937617090043476
16	0.0001	4	53	0.038510118391002664
16	0.0001	4	24	0.01730756707117553
16	0.0001	4	98	0.038510118391002664
16	0.0001	4	88	0.038510118391002664
16	0.0001	4	62	0.038510118391002664
16	0.0001	4	74	0.019501690258984763
16	0.0001	4	14	0.01730756707117553
16	0.0001	4	19	0.01730756707117553
16	0.0001	4	22	0.01730756707117553
16	0.0001	4	17	0.01730756707117553
16	0.0001	4	5	0.011510564578036706
16	0.0001	5	2	0.11444301270584202
16	0.0001	5	15	0.08717255914707434
16	0.0001	5	55	0.07764605955873799
16	0.0001	5	0	0.07764605955873799
16	0.0001	5	46	0.07764605955873799
16	0.0001	5	69	0.07764605955873799
16	0.0001	5	21	0.055238762301485285
16	0.0001	5	12	0.055238762301485285
16	0.0001	5	24	0.022844017757633676
16	0.0001	5	38	0.0402391571157384
16	0.0001	5	88	0.0402391571157384
16	0.0001	5	22	0.022844017757633676
16	0.0001	5	19	0.022844017757633676
16	0.0001	5	14	0.022844017757633676
16	0.0001	5	98	0.0402391571157384
16	0.0001	5	53	0.0402391571157384
16	0.0001	5	62	0.0402391571157384
16	0.0001	5	74	0.0402391571157384
16	0.0001	5	71	0.022844017757633676
16	0.0001	5	76	0.010132462652238215
16	0.0001	6	2	0.12024399847555368
16	0.0001	6	15	0.12024399847555368
16	0.0001	6	55	0.09950431276527247
16	0.0001	6	0	0.09950431276527247
16	0.0001	6	46	0.09950431276527247
16	0.0001	6	69	0.09950431276527247
16	0.0001	6	38	0.0459291053942466
16	0.0001	6	12	0.04842120629586385
16	0.0001	6	21	0.04842120629586385
16	0.0001	6	24	0.0113989241471883
16	0.0001	6	14	0.0113989241471883
16	0.0001	6	62	0.0459291053942466
16	0.0001	6	88	0.0459291053942466
16	0.0001	6	53	0.0459291053942466
16	0.0001	6	98	0.0459291053942466
16	0.0001	6	86	0.03192630292816615
16	0.0001	6	74	0.03192630292816615
16	0.0001	6	71	0.019060633639405376
16	0.0001	6	76	0.01093651453848009
16	0.0001	6	22	0.007092480573144446
16	0.0001	6	19	0.007092480573144446
16	0.0001	7	2	0.11763257919184718
16	0.0001	7	15	0.08779358941623085
16	0.0001	7	55	0.07174324015843916
16	0.0001	7	0	0.07174324015843916
16	0.0001	7	46	0.07174324015843916
16	0.0001	7	69	0.07174324015843916
16	0.0001	7	38	0.05250134952151059
16	0.0001	7	12	0.05250134952151059
16	0.0001	7	21	0.05250134952151059
16	0.0001	7	53	0.05250134952151059
16	0.0001	7	24	0.010336785936410787
16	0.0001	7	14	0.010336785936410787
16	0.0001	7	98	0.05250134952151059
16	0.0001	7	62	0.05250134952151059
16	0.0001	7	88	0.05250134952151059
16	0.0001	7	74	0.03489417839206853
16	0.0001	7	71	0.017805073146107006
16	0.0001	7	76	0.011878823124791296
16	0.0001	7	63	0.011878823124791296
16	0.0001	7	17	0.009566453099966232
16	0.0001	7	22	0.009566453099966232
16	0.0001	7	19	0.009566453099966232
16	0.0001	8	2	0.1197383531277462
16	0.0001	8	15	0.0845498370043989
16	0.0001	8	55	0.07522627086458172
16	0.0001	8	0	0.07522627086458172
16	0.0001	8	46	0.07522627086458172
16	0.0001	8	69	0.07522627086458172
16	0.0001	8	38	0.054296061050380234
16	0.0001	8	12	0.054296061050380234
16	0.0001	8	21	0.054296061050380234
16	0.0001	8	24	0.014757945650168988
16	0.0001	8	14	0.014757945650168988
16	0.0001	8	62	0.054296061050380234
16	0.0001	8	88	0.054296061050380234
16	0.0001	8	53	0.054296061050380234
16	0.0001	8	98	0.054296061050380234
16	0.0001	8	74	0.036689692980361
16	0.0001	8	71	0.014757945650168988
16	0.0001	8	19	0.014757945650168988
16	0.0001	8	22	0.014757945650168988
16	0.0001	8	17	0.009108496447362346
16	0.0001	9	2	0.10488804019823549
16	0.0001	9	15	0.10311661768785542
16	0.0001	9	55	0.07361952763806597
16	0.0001	9	0	0.06432080243538064
16	0.0001	9	69	0.06432080243538064
16	0.0001	9	46	0.06432080243538064
16	0.0001	9	21	0.050482306880539486
16	0.0001	9	12	0.050482306880539486
16	0.0001	9	38	0.050482306880539486
16	0.0001	9	14	0.012504479560823031
16	0.0001	9	24	0.012504479560823031
16	0.0001	9	53	0.050482306880539486
16	0.0001	9	88	0.050482306880539486
16	0.0001	9	98	0.050482306880539486
16	0.0001	9	62	0.050482306880539486
16	0.0001	9	74	0.036354030464330944
16	0.0001	9	71	0.012504479560823031
16	0.0001	9	22	0.012504479560823031
16	0.0001	9	19	0.012504479560823031
16	0.0001	9	17	0.011599403482103041
16	0.0001	10	2	0.11116335781647127
16	0.0001	10	15	0.09351105739343946
16	0.0001	10	55	0.07191345882912838
16	0.0001	10	0	0.07185316201070811
16	0.0001	10	46	0.07185316201070811
16	0.0001	10	69	0.07185316201070811
16	0.0001	10	38	0.05027135470740462
16	0.0001	10	12	0.05027135470740462
16	0.0001	10	21	0.05027135470740462
16	0.0001	10	24	0.015529663604682479
16	0.0001	10	53	0.05027135470740462
16	0.0001	10	88	0.05027135470740462
16	0.0001	10	62	0.05027135470740462
16	0.0001	10	98	0.05027135470740462
16	0.0001	10	74	0.019777188664567874
16	0.0001	10	86	0.019777188664567874
16	0.0001	10	71	0.019777188664567874
16	0.0001	10	14	0.015529663604682479
16	0.0001	10	19	0.015529663604682479
16	0.0001	10	22	0.015529663604682479
16	0.0001	11	2	0.11957479597933258
16	0.0001	11	15	0.11957479597933258
16	0.0001	11	55	0.08244814468336102
16	0.0001	11	0	0.08244814468336102
16	0.0001	11	69	0.08244814468336102
16	0.0001	11	46	0.08244814468336102
16	0.0001	11	21	0.04548914936085101
16	0.0001	11	12	0.04548914936085101
16	0.0001	11	38	0.02934627687427186
16	0.0001	11	24	0.020595426371317744
16	0.0001	11	53	0.02934627687427186
16	0.0001	11	88	0.02934627687427186
16	0.0001	11	98	0.02934627687427186
16	0.0001	11	62	0.02934627687427186
16	0.0001	11	74	0.020595426371317744
16	0.0001	11	86	0.020595426371317744
16	0.0001	11	19	0.020595426371317744
16	0.0001	11	22	0.020595426371317744
16	0.0001	11	14	0.020595426371317744
16	0.0001	11	71	0.0041121682438058065
16	0.0001	12	2	0.11244879212474297
16	0.0001	12	15	0.10717531981316906
16	0.0001	12	55	0.07260937388423899
16	0.0001	12	0	0.058095048519085826
16	0.0001	12	46	0.06290953099579225
16	0.0001	12	69	0.06290953099579225
16	0.0001	12	21	0.051108494363218376
16	0.0001	12	12	0.051108494363218376
16	0.0001	12	38	0.0496293046011074
16	0.0001	12	24	0.01814314382410548
16	0.0001	12	14	0.01814314382410548
16	0.0001	12	19	0.01814314382410548
16	0.0001	12	98	0.0496293046011074
16	0.0001	12	62	0.0496293046011074
16	0.0001	12	53	0.0496293046011074
16	0.0001	12	88	0.0496293046011074
16	0.0001	12	74	0.037517558499863365
16	0.0001	12	86	0.037517558499863365
16	0.0001	12	71	0.018820653368837165
16	0.0001	12	22	0.01814314382410548
16	0.0001	13	2	0.12301582076629781
16	0.0001	13	15	0.12301582076629781
16	0.0001	13	55	0.10666522261714628
16	0.0001	13	0	0.10666522261714628
16	0.0001	13	46	0.10666522261714628
16	0.0001	13	69	0.10666522261714628
16	0.0001	13	21	0.05648273135449171
16	0.0001	13	12	0.05648273135449171
16	0.0001	13	24	0.012148226930400609
16	0.0001	13	88	0.05313592210308744
16	0.0001	13	38	0.05313592210308744
16	0.0001	13	22	0.010719184518260256
16	0.0001	13	19	0.012148226930400609
16	0.0001	13	14	0.012148226930400609
16	0.0001	13	98	0.05313592210308744
16	0.0001	13	62	0.05313592210308744
16	0.0001	13	53	0.05313592210308744
16	0.0001	13	86	0.04176798413204345
16	0.0001	13	74	0.04176798413204345
16	0.0001	13	71	0.012148226930400609
16	0.0001	14	2	0.11461074000758707
16	0.0001	14	15	0.10147026930362835
16	0.0001	14	55	0.07194338163615757
16	0.0001	14	0	0.05889873603486168
16	0.0001	14	46	0.0640662157473845
16	0.0001	14	69	0.0640662157473845
16	0.0001	14	21	0.058185209420932325
16	0.0001	14	12	0.058185209420932325
16	0.0001	14	38	0.058185209420932325
16	0.0001	14	24	0.01279900829876245
16	0.0001	14	88	0.058185209420932325
16	0.0001	14	53	0.058185209420932325
16	0.0001	14	62	0.058185209420932325
16	0.0001	14	98	0.058185209420932325
16	0.0001	14	74	0.03786271705318568
16	0.0001	14	71	0.012804028825568421
16	0.0001	14	76	0.0085022557398087
16	0.0001	14	19	0.01279900829876245
16	0.0001	14	14	0.01279900829876245
16	0.0001	14	22	0.01279900829876245
16	0.0001	14	17	0.011503104080619818
16	0.0001	15	2	0.11583412033719935
16	0.0001	15	15	0.09023317244823507
16	0.0001	15	55	0.07206057331971043
16	0.0001	15	0	0.07031895237600198
16	0.0001	15	46	0.07031895237600198
16	0.0001	15	69	0.07031895237600198
16	0.0001	15	21	0.05910777002242096
16	0.0001	15	12	0.05910777002242096
16	0.0001	15	38	0.05910777002242096
16	0.0001	15	24	0.01606995078486732
16	0.0001	15	14	0.01606995078486732
16	0.0001	15	62	0.05910777002242096
16	0.0001	15	53	0.05910777002242096
16	0.0001	15	88	0.05910777002242096
16	0.0001	15	98	0.05910777002242096
16	0.0001	15	74	0.025724958609062862
16	0.0001	15	86	0.018529211353283972
16	0.0001	15	71	0.018529211353283972
16	0.0001	15	19	0.01606995078486732
16	0.0001	15	22	0.01606995078486732
16	0.0001	16	2	0.12482666998153019
16	0.0001	16	15	0.12482666998153019
16	0.0001	16	55	0.1008060734059004
16	0.0001	16	0	0.1008060734059004
16	0.0001	16	69	0.1008060734059004
16	0.0001	16	46	0.1008060734059004
16	0.0001	16	21	0.045169089019900396
16	0.0001	16	12	0.045169089019900396
16	0.0001	16	38	0.03591780857706098
16	0.0001	16	53	0.03591780857706098
16	0.0001	16	88	0.03591780857706098
16	0.0001	16	98	0.03591780857706098
16	0.0001	16	62	0.028350646742262918
16	0.0001	16	24	0.01473627349952419
16	0.0001	16	74	0.028350646742262918
16	0.0001	16	86	0.028350646742262918
16	0.0001	16	71	0.01747585781195838
16	0.0001	16	14	0.01473627349952419
16	0.0001	16	76	0.008988246479596222
16	0.0001	16	22	0.01473627349952419
16	0.0001	16	19	0.01473627349952419
16	0.0001	17	2	0.10896807677093698
16	0.0001	17	15	0.10122121582354952
16	0.0001	17	55	0.07017104073250735
16	0.0001	17	0	0.06268296056422011
16	0.0001	17	46	0.06268296056422011
16	0.0001	17	69	0.06268296056422011
16	0.0001	17	21	0.05835055134529629
16	0.0001	17	12	0.05835055134529629
16	0.0001	17	38	0.05835055134529629
16	0.0001	17	24	0.011884227777066573
16	0.0001	17	53	0.05835055134529629
16	0.0001	17	88	0.05835055134529629
16	0.0001	17	98	0.05835055134529629
16	0.0001	17	62	0.05835055134529629
16	0.0001	17	74	0.03695607862614443
16	0.0001	17	71	0.018831204551948467
16	0.0001	17	76	0.01049967180109989
16	0.0001	17	14	0.011884227777066573
16	0.0001	17	22	0.011884227777066573
16	0.0001	17	19	0.011884227777066573
16	0.0001	17	17	0.011884227777066573
16	0.0001	18	2	0.11732460568919843
16	0.0001	18	15	0.09810456580275988
16	0.0001	18	55	0.07136945427222766
16	0.0001	18	0	0.062352068021057326
16	0.0001	18	46	0.062352068021057326
16	0.0001	18	69	0.062352068021057326
16	0.0001	18	38	0.05129152804562226
16	0.0001	18	12	0.05129152804562226
16	0.0001	18	21	0.05129152804562226
16	0.0001	18	24	0.010943925275427053
16	0.0001	18	53	0.05129152804562226
16	0.0001	18	88	0.05129152804562226
16	0.0001	18	62	0.05129152804562226
16	0.0001	18	98	0.05129152804562226
16	0.0001	18	74	0.03766800732645091
16	0.0001	18	86	0.01116297138490019
16	0.0001	18	71	0.01116297138490019
16	0.0001	18	22	0.010943925275427053
16	0.0001	18	19	0.010943925275427053
16	0.0001	18	14	0.010943925275427053
16	0.0001	18	17	0.010943925275427053
16	0.0001	18	76	0.009765026748124987
16	0.0001	19	2	0.11236656083411323
16	0.0001	19	15	0.0964504885249171
16	0.0001	19	55	0.07427359981242389
16	0.0001	19	0	0.07427359981242389
16	0.0001	19	46	0.07427359981242389
16	0.0001	19	69	0.07427359981242389
16	0.0001	19	38	0.04690536864849749
16	0.0001	19	12	0.04690536864849749
16	0.0001	19	21	0.04690536864849749
16	0.0001	19	24	0.015813145637618924
16	0.0001	19	53	0.04690536864849749
16	0.0001	19	88	0.04690536864849749
16	0.0001	19	98	0.04690536864849749
16	0.0001	19	62	0.04690536864849749
16	0.0001	19	74	0.0400239165689477
16	0.0001	19	14	0.015813145637618924
16	0.0001	19	71	0.015813145637618924
16	0.0001	19	19	0.01527261218304986
16	0.0001	19	22	0.008001135353528206
16	0.0001	19	17	0.006304281619947181
16	0.0001	20	2	0.11691351209178369
16	0.0001	20	15	0.1021235457876892
16	0.0001	20	55	0.072173746536531
16	0.0001	20	0	0.06671320955024221
16	0.0001	20	46	0.06671320955024221
16	0.0001	20	69	0.06671320955024221
16	0.0001	20	38	0.04658908506198155
16	0.0001	20	12	0.0509910768507791
16	0.0001	20	21	0.0509910768507791
16	0.0001	20	24	0.013378435864276313
16	0.0001	20	14	0.013378435864276313
16	0.0001	20	62	0.04658908506198155
16	0.0001	20	53	0.04658908506198155
16	0.0001	20	88	0.04658908506198155
16	0.0001	20	98	0.04658908506198155
16	0.0001	20	74	0.04397747129442514
16	0.0001	20	71	0.008219495523723261
16	0.0001	20	86	0.00644534562967765
16	0.0001	20	22	0.013378435864276313
16	0.0001	20	19	0.013378435864276313
16	0.0001	20	17	0.013378435864276313
16	0.0001	20	5	0.013378435864276313
16	0.0001	21	2	0.12460615316910481
16	0.0001	21	15	0.12460615316910481
16	0.0001	21	55	0.09980977749775781
16	0.0001	21	0	0.09980977749775781
16	0.0001	21	69	0.09980977749775781
16	0.0001	21	46	0.09980977749775781
16	0.0001	21	38	0.03964363528669998
16	0.0001	21	12	0.04551473092657015
16	0.0001	21	21	0.04551473092657015
16	0.0001	21	24	0.012421032943851296
16	0.0001	21	88	0.03964363528669998
16	0.0001	21	53	0.03964363528669998
16	0.0001	21	62	0.03964363528669998
16	0.0001	21	98	0.03964363528669998
16	0.0001	21	74	0.03964363528669998
16	0.0001	21	71	0.010469680542047074
16	0.0001	21	86	0.008352064467877033
16	0.0001	21	76	0.007972750703194155
16	0.0001	21	22	0.012421032943851296
16	0.0001	21	19	0.012421032943851296
16	0.0001	21	14	0.012421032943851296
16	0.0001	21	17	0.012421032943851296
16	0.0001	22	2	0.11107961399717903
16	0.0001	22	15	0.11107961399717903
16	0.0001	22	55	0.07047698542567535
16	0.0001	22	0	0.06804765105444982
16	0.0001	22	46	0.06804765105444982
16	0.0001	22	69	0.06804765105444982
16	0.0001	22	21	0.04333147492337755
16	0.0001	22	12	0.04333147492337755
16	0.0001	22	24	0.014505606365524415
16	0.0001	22	14	0.014505606365524415
16	0.0001	22	22	0.008647537941240513
16	0.0001	22	98	0.04333147492337755
16	0.0001	22	62	0.04333147492337755
16	0.0001	22	88	0.04333147492337755
16	0.0001	22	53	0.04333147492337755
16	0.0001	22	38	0.04333147492337755
16	0.0001	22	86	0.03142291037946975
16	0.0001	22	74	0.03142291037946975
16	0.0001	22	71	0.01864716909022789
16	0.0001	22	19	0.006924986076295592
16	0.0001	23	2	0.11070948417270758
16	0.0001	23	15	0.08701338182243773
16	0.0001	23	55	0.07730979483826451
16	0.0001	23	0	0.07730979483826451
16	0.0001	23	46	0.07730979483826451
16	0.0001	23	69	0.07730979483826451
16	0.0001	23	38	0.048326877189067516
16	0.0001	23	12	0.05260395124897719
16	0.0001	23	21	0.05260395124897719
16	0.0001	23	24	0.014039005794953197
16	0.0001	23	14	0.014039005794953197
16	0.0001	23	19	0.014039005794953197
16	0.0001	23	98	0.048326877189067516
16	0.0001	23	62	0.048326877189067516
16	0.0001	23	88	0.048326877189067516
16	0.0001	23	53	0.048326877189067516
16	0.0001	23	74	0.0403839933351799
16	0.0001	23	71	0.009565108078630822
16	0.0001	23	86	0.009565108078630822
16	0.0001	23	76	0.007720415107618375
16	0.0001	23	17	0.014039005794953197
16	0.0001	23	22	0.014039005794953197
16	0.0001	24	2	0.11618492667478628
16	0.0001	24	15	0.10179005873662414
16	0.0001	24	55	0.07136620132853853
16	0.0001	24	0	0.05375614701370322
16	0.0001	24	69	0.06791995726331444
16	0.0001	24	46	0.06791995726331444
16	0.0001	24	38	0.048313447575878826
16	0.0001	24	12	0.048313447575878826
16	0.0001	24	21	0.048313447575878826
16	0.0001	24	24	0.01430570049602325
16	0.0001	24	14	0.01430570049602325
16	0.0001	24	19	0.01430570049602325
16	0.0001	24	98	0.048313447575878826
16	0.0001	24	62	0.048313447575878826
16	0.0001	24	88	0.048313447575878826
16	0.0001	24	53	0.048313447575878826
16	0.0001	24	74	0.04359868686025665
16	0.0001	24	71	0.015878901011990812
16	0.0001	24	22	0.01430570049602325
16	0.0001	24	17	0.011212357705522678
16	0.0001	25	2	0.11462257309188224
16	0.0001	25	15	0.10252965524721847
16	0.0001	25	55	0.0826463442288297
16	0.0001	25	0	0.0826463442288297
16	0.0001	25	46	0.0826463442288297
16	0.0001	25	69	0.0826463442288297
16	0.0001	25	21	0.05937322100754763
16	0.0001	25	12	0.05937322100754763
16	0.0001	25	38	0.05937322100754763
16	0.0001	25	24	0.013448955890694007
16	0.0001	25	14	0.013448955890694007
16	0.0001	25	98	0.05937322100754763
16	0.0001	25	62	0.05937322100754763
16	0.0001	25	53	0.05937322100754763
16	0.0001	25	88	0.05937322100754763
16	0.0001	25	86	0.018836678143823345
16	0.0001	25	28	0.005107456904168886
16	0.0001	25	19	0.013448955890694007
16	0.0001	25	22	0.013448955890694007
16	0.0001	25	17	0.013448955890694007
16	0.0001	26	2	0.1133549204387448
16	0.0001	26	15	0.09948331779732854
16	0.0001	26	55	0.07212074847961733
16	0.0001	26	0	0.06670753038398296
16	0.0001	26	69	0.06817223175879716
16	0.0001	26	46	0.06817223175879716
16	0.0001	26	21	0.05060323964933781
16	0.0001	26	12	0.05060323964933781
16	0.0001	26	24	0.017954098434860486
16	0.0001	26	14	0.017954098434860486
16	0.0001	26	38	0.03956841473339991
16	0.0001	26	22	0.017954098434860486
16	0.0001	26	19	0.017954098434860486
16	0.0001	26	98	0.03956841473339991
16	0.0001	26	53	0.03956841473339991
16	0.0001	26	62	0.03956841473339991
16	0.0001	26	88	0.03956841473339991
16	0.0001	26	86	0.03956841473339991
16	0.0001	26	74	0.03956841473339991
16	0.0001	26	71	0.017954098434860486
16	0.0001	27	2	0.12672753968203385
16	0.0001	27	15	0.09526477913856835
16	0.0001	27	55	0.0685004148748541
16	0.0001	27	0	0.06740394197926322
16	0.0001	27	46	0.06740394197926322
16	0.0001	27	69	0.06740394197926322
16	0.0001	27	38	0.046177076795655234
16	0.0001	27	12	0.053257000664232224
16	0.0001	27	21	0.053257000664232224
16	0.0001	27	24	0.016245638513469614
16	0.0001	27	19	0.016245638513469614
16	0.0001	27	98	0.046177076795655234
16	0.0001	27	62	0.046177076795655234
16	0.0001	27	53	0.046177076795655234
16	0.0001	27	74	0.025291269396672672
16	0.0001	27	71	0.01953184439644639
16	0.0001	27	80	0.01953184439644639
16	0.0001	27	86	0.01953184439644639
16	0.0001	27	63	0.016245638513469614
16	0.0001	27	40	0.016245638513469614
16	0.0001	28	2	0.10742509928441467
16	0.0001	28	15	0.10742509928441467
16	0.0001	28	55	0.08858753435354046
16	0.0001	28	0	0.08858753435354046
16	0.0001	28	46	0.08858753435354046
16	0.0001	28	69	0.08858753435354046
16	0.0001	28	38	0.037778495274040265
16	0.0001	28	12	0.049879786533272595
16	0.0001	28	21	0.049879786533272595
16	0.0001	28	24	0.01371523294248628
16	0.0001	28	53	0.037778495274040265
16	0.0001	28	88	0.037778495274040265
16	0.0001	28	98	0.037778495274040265
16	0.0001	28	62	0.037778495274040265
16	0.0001	28	74	0.01371523294248628
16	0.0001	28	86	0.012351869230765243
16	0.0001	28	1	0.012351869230765243
16	0.0001	28	28	0.012351869230765243
16	0.0001	28	17	0.01371523294248628
16	0.0001	28	22	0.01371523294248628
16	0.0001	28	19	0.01371523294248628
16	0.0001	28	14	0.01371523294248628
16	0.0001	29	2	0.11432871376158144
16	0.0001	29	15	0.08840314914294502
16	0.0001	29	55	0.07708739830009019
16	0.0001	29	0	0.07708739830009019
16	0.0001	29	69	0.07708739830009019
16	0.0001	29	46	0.07708739830009019
16	0.0001	29	38	0.05125427272793172
16	0.0001	29	12	0.05125427272793172
16	0.0001	29	21	0.05125427272793172
16	0.0001	29	24	0.0139134805209383
16	0.0001	29	14	0.0139134805209383
16	0.0001	29	19	0.0139134805209383
16	0.0001	29	98	0.05125427272793172
16	0.0001	29	62	0.05125427272793172
16	0.0001	29	88	0.05125427272793172
16	0.0001	29	53	0.05125427272793172
16	0.0001	29	74	0.03935440788703859
16	0.0001	29	71	0.0139134805209383
16	0.0001	29	22	0.012537554175489959
16	0.0001	29	17	0.01027516909860949
16	0.0001	30	2	0.11073909680752382
16	0.0001	30	15	0.09482743232849279
16	0.0001	30	55	0.07072522894790112
16	0.0001	30	0	0.07072522894790112
16	0.0001	30	46	0.07072522894790112
16	0.0001	30	69	0.07072522894790112
16	0.0001	30	38	0.05037960632175993
16	0.0001	30	12	0.055647291328139885
16	0.0001	30	21	0.055647291328139885
16	0.0001	30	24	0.011132857943033652
16	0.0001	30	88	0.05037960632175993
16	0.0001	30	62	0.05037960632175993
16	0.0001	30	53	0.05037960632175993
16	0.0001	30	98	0.05037960632175993
16	0.0001	30	74	0.045486001116499246
16	0.0001	30	86	0.010450862052821744
16	0.0001	30	71	0.010450862052821744
16	0.0001	30	22	0.011132857943033652
16	0.0001	30	19	0.011132857943033652
16	0.0001	30	14	0.011132857943033652
16	0.0001	30	17	0.011132857943033652
16	0.0001	30	5	0.011132857943033652
16	0.0001	31	2	0.11851508901204288
16	0.0001	31	15	0.08730716425890882
16	0.0001	31	55	0.07632056075343428
16	0.0001	31	0	0.07632056075343428
16	0.0001	31	69	0.07632056075343428
16	0.0001	31	46	0.07632056075343428
16	0.0001	31	38	0.049334283301985804
16	0.0001	31	12	0.056017054917341144
16	0.0001	31	21	0.056017054917341144
16	0.0001	31	24	0.014223027993326592
16	0.0001	31	53	0.049334283301985804
16	0.0001	31	88	0.049334283301985804
16	0.0001	31	62	0.049334283301985804
16	0.0001	31	98	0.049334283301985804
16	0.0001	31	74	0.049334283301985804
16	0.0001	31	86	0.049334283301985804
16	0.0001	31	14	0.014223027993326592
16	0.0001	31	19	0.014223027993326592
16	0.0001	31	22	0.011766825936003132
16	0.0001	31	17	0.011766825936003132
16	0.0001	32	2	0.10586139339285633
16	0.0001	32	15	0.10289239423157946
16	0.0001	32	55	0.07261026486857235
16	0.0001	32	0	0.05743168858156512
16	0.0001	32	46	0.0680652807657353
16	0.0001	32	69	0.0680652807657353
16	0.0001	32	21	0.0527179506761098
16	0.0001	32	12	0.0527179506761098
16	0.0001	32	38	0.04505126309350483
16	0.0001	32	24	0.012895006214178946
16	0.0001	32	14	0.012895006214178946
16	0.0001	32	62	0.04505126309350483
16	0.0001	32	53	0.04505126309350483
16	0.0001	32	88	0.04505126309350483
16	0.0001	32	98	0.04505126309350483
16	0.0001	32	74	0.04409113389460631
16	0.0001	32	71	0.017717649309428943
16	0.0001	32	76	0.0076044037781698125
16	0.0001	32	22	0.012895006214178946
16	0.0001	32	19	0.012895006214178946
16	0.0001	32	17	0.01267412988007618
16	0.0001	33	2	0.11305734774876675
16	0.0001	33	15	0.09776433604323874
16	0.0001	33	55	0.068757254683895
16	0.0001	33	0	0.06460283363601553
16	0.0001	33	46	0.06460283363601553
16	0.0001	33	69	0.06460283363601553
16	0.0001	33	38	0.053303026284628865
16	0.0001	33	12	0.05758966962956722
16	0.0001	33	21	0.05758966962956722
16	0.0001	33	53	0.053303026284628865
16	0.0001	33	24	0.015350217877555911
16	0.0001	33	62	0.053303026284628865
16	0.0001	33	88	0.053303026284628865
16	0.0001	33	98	0.053303026284628865
16	0.0001	33	74	0.03675179495737673
16	0.0001	33	71	0.0205193298398131
16	0.0001	33	14	0.015350217877555911
16	0.0001	33	19	0.015350217877555911
16	0.0001	33	22	0.015350217877555911
16	0.0001	33	17	0.013359705930552015
16	0.0001	34	2	0.11132188088043209
16	0.0001	34	15	0.0853278438109513
16	0.0001	34	55	0.07187120845970627
16	0.0001	34	0	0.07187120845970627
16	0.0001	34	46	0.07187120845970627
16	0.0001	34	69	0.07187120845970627
16	0.0001	34	21	0.04834347931404647
16	0.0001	34	12	0.04834347931404647
16	0.0001	34	38	0.04834347931404647
16	0.0001	34	24	0.027421505371736463
16	0.0001	34	14	0.027421505371736463
16	0.0001	34	98	0.04834347931404647
16	0.0001	34	62	0.04834347931404647
16	0.0001	34	53	0.04834347931404647
16	0.0001	34	88	0.04834347931404647
16	0.0001	34	74	0.031201320996312686
16	0.0001	34	17	0.031201320996312686
16	0.0001	34	22	0.027421505371736463
16	0.0001	34	19	0.027421505371736463
16	0.0001	34	34	0.005231355564985117
16	0.0001	35	2	0.12325583804321534
16	0.0001	35	15	0.0940828943547239
16	0.0001	35	55	0.07471266828079459
16	0.0001	35	0	0.07471266828079459
16	0.0001	35	69	0.07471266828079459
16	0.0001	35	46	0.07471266828079459
16	0.0001	35	21	0.06337010277351744
16	0.0001	35	12	0.06337010277351744
16	0.0001	35	38	0.02920854519729303
16	0.0001	35	88	0.02920854519729303
16	0.0001	35	53	0.02920854519729303
16	0.0001	35	62	0.02920854519729303
16	0.0001	35	98	0.02920854519729303
16	0.0001	35	19	0.018725315944568433
16	0.0001	35	17	0.015255992057528653
16	0.0001	35	22	0.020965483174714326
16	0.0001	35	14	0.020965483174714326
16	0.0001	35	24	0.020965483174714326
16	0.0001	35	5	0.015255992057528653
16	0.0001	35	28	0.006000403805470375
16	0.0001	36	2	0.11496571753137859
16	0.0001	36	15	0.1021193842227365
16	0.0001	36	55	0.07190235187553634
16	0.0001	36	0	0.062289970172801336
16	0.0001	36	46	0.06354040146241581
16	0.0001	36	69	0.06354040146241581
16	0.0001	36	21	0.054875587609975456
16	0.0001	36	12	0.054875587609975456
16	0.0001	36	38	0.05153277571441779
16	0.0001	36	24	0.01303648938858433
16	0.0001	36	53	0.05153277571441779
16	0.0001	36	88	0.05153277571441779
16	0.0001	36	62	0.05153277571441779
16	0.0001	36	98	0.05153277571441779
16	0.0001	36	74	0.038200648478090245
16	0.0001	36	71	0.01719799097205528
16	0.0001	36	14	0.01303648938858433
16	0.0001	36	19	0.01303648938858433
16	0.0001	36	22	0.01303648938858433
16	0.0001	36	17	0.01303648938858433
16	0.0001	37	2	0.1091594295988201
16	0.0001	37	15	0.10018080939473377
16	0.0001	37	55	0.07145857624213765
16	0.0001	37	0	0.06142081355842436
16	0.0001	37	69	0.06433865223981218
16	0.0001	37	46	0.06433865223981218
16	0.0001	37	21	0.05214786282872631
16	0.0001	37	12	0.05214786282872631
16	0.0001	37	38	0.05214786282872631
16	0.0001	37	14	0.015463481415243936
16	0.0001	37	24	0.015463481415243936
16	0.0001	37	98	0.05214786282872631
16	0.0001	37	62	0.05214786282872631
16	0.0001	37	53	0.05214786282872631
16	0.0001	37	88	0.05214786282872631
16	0.0001	37	74	0.032618057281048204
16	0.0001	37	71	0.010808168464389284
16	0.0001	37	22	0.012615975530876735
16	0.0001	37	19	0.012615975530876735
16	0.0001	37	17	0.009597366788839403
16	0.0001	37	86	0.010808168464389284
16	0.0001	38	2	0.10870651601429335
16	0.0001	38	15	0.08735576232228962
16	0.0001	38	55	0.07436685850749496
16	0.0001	38	0	0.07436685850749496
16	0.0001	38	46	0.07436685850749496
16	0.0001	38	69	0.07436685850749496
16	0.0001	38	38	0.05653827657915903
16	0.0001	38	12	0.05653827657915903
16	0.0001	38	21	0.05653827657915903
16	0.0001	38	24	0.013102754179544804
16	0.0001	38	14	0.013102754179544804
16	0.0001	38	19	0.013102754179544804
16	0.0001	38	98	0.05653827657915903
16	0.0001	38	62	0.05653827657915903
16	0.0001	38	53	0.05653827657915903
16	0.0001	38	88	0.05653827657915903
16	0.0001	38	74	0.03692294781369297
16	0.0001	38	71	0.019515048088063397
16	0.0001	38	76	0.011602989596198793
16	0.0001	38	22	0.013102754179544804
16	0.0001	39	2	0.12641960553845188
16	0.0001	39	15	0.12641960553845188
16	0.0001	39	55	0.10858827178011538
16	0.0001	39	0	0.10858827178011538
16	0.0001	39	46	0.10858827178011538
16	0.0001	39	69	0.10858827178011538
16	0.0001	39	21	0.05619049756298991
16	0.0001	39	12	0.05619049756298991
16	0.0001	39	38	0.048572994194256355
16	0.0001	39	24	0.013746472723557591
16	0.0001	39	53	0.048572994194256355
16	0.0001	39	88	0.048572994194256355
16	0.0001	39	98	0.048572994194256355
16	0.0001	39	62	0.048572994194256355
16	0.0001	39	86	0.03842318846718405
16	0.0001	39	74	0.03842318846718405
16	0.0001	39	71	0.015721462610673403
16	0.0001	39	14	0.013746472723557591
16	0.0001	39	19	0.013746472723557591
16	0.0001	39	22	0.013746472723557591
16	0.0001	40	2	0.1135518611515771
16	0.0001	40	15	0.08833817275309341
16	0.0001	40	55	0.07664080519158596
16	0.0001	40	0	0.07664080519158596
16	0.0001	40	46	0.07664080519158596
16	0.0001	40	69	0.07664080519158596
16	0.0001	40	21	0.05366532097603229
16	0.0001	40	12	0.05366532097603229
16	0.0001	40	38	0.04955389997615783
16	0.0001	40	24	0.02103698448934386
16	0.0001	40	88	0.04955389997615783
16	0.0001	40	53	0.04955389997615783
16	0.0001	40	22	0.02103698448934386
16	0.0001	40	19	0.02103698448934386
16	0.0001	40	14	0.02103698448934386
16	0.0001	40	98	0.04955389997615783
16	0.0001	40	62	0.04955389997615783
16	0.0001	40	86	0.032325468698450155
16	0.0001	40	74	0.032325468698450155
16	0.0001	40	71	0.02103698448934386
16	0.0001	41	2	0.1121382020801507
16	0.0001	41	15	0.10506556032104102
16	0.0001	41	55	0.0696016775647901
16	0.0001	41	0	0.06713399064233766
16	0.0001	41	69	0.06713399064233766
16	0.0001	41	46	0.06713399064233766
16	0.0001	41	38	0.050487361725214557
16	0.0001	41	12	0.050487361725214557
16	0.0001	41	21	0.050487361725214557
16	0.0001	41	14	0.011691348418153466
16	0.0001	41	24	0.011691348418153466
16	0.0001	41	22	0.011691348418153466
16	0.0001	41	19	0.011691348418153466
16	0.0001	41	98	0.050487361725214557
16	0.0001	41	62	0.050487361725214557
16	0.0001	41	53	0.050487361725214557
16	0.0001	41	88	0.050487361725214557
16	0.0001	41	74	0.03924452250405626
16	0.0001	41	71	0.011691348418153466
16	0.0001	41	86	0.0065592041767574384
16	0.0001	42	2	0.10894792147548685
16	0.0001	42	15	0.09369415521888545
16	0.0001	42	55	0.08068282310235747
16	0.0001	42	0	0.08068282310235747
16	0.0001	42	69	0.08068282310235747
16	0.0001	42	46	0.08068282310235747
16	0.0001	42	21	0.06124950991142385
16	0.0001	42	12	0.06124950991142385
16	0.0001	42	38	0.035581752228886175
16	0.0001	42	24	0.022589597512821264
16	0.0001	42	88	0.035581752228886175
16	0.0001	42	53	0.035581752228886175
16	0.0001	42	62	0.035581752228886175
16	0.0001	42	98	0.035581752228886175
16	0.0001	42	19	0.022589597512821264
16	0.0001	42	22	0.022589597512821264
16	0.0001	42	14	0.022589597512821264
16	0.0001	42	17	0.0036658893811679864
16	0.0001	42	34	0.006062673190870151
16	0.0001	42	13	0.006062673190870151
16	0.0001	43	2	0.1154604126400055
16	0.0001	43	15	0.08235886415880851
16	0.0001	43	55	0.07658796736037136
16	0.0001	43	0	0.07658796736037136
16	0.0001	43	46	0.07658796736037136
16	0.0001	43	69	0.07658796736037136
16	0.0001	43	21	0.055837961169027193
16	0.0001	43	12	0.055837961169027193
16	0.0001	43	38	0.054404351580228244
16	0.0001	43	88	0.054404351580228244
16	0.0001	43	14	0.013064580861262895
16	0.0001	43	24	0.013064580861262895
16	0.0001	43	62	0.054404351580228244
16	0.0001	43	53	0.054404351580228244
16	0.0001	43	98	0.054404351580228244
16	0.0001	43	74	0.04470388382287885
16	0.0001	43	86	0.009910322159638125
16	0.0001	43	71	0.009910322159638125
16	0.0001	43	76	0.009910322159638125
16	0.0001	43	22	0.013064580861262895
16	0.0001	43	19	0.013064580861262895
16	0.0001	43	17	0.009341243214641718
16	0.0001	44	2	0.11469625595955098
16	0.0001	44	15	0.08267943525277784
16	0.0001	44	55	0.07424406921957509
16	0.0001	44	0	0.07424406921957509
16	0.0001	44	46	0.07424406921957509
16	0.0001	44	69	0.07424406921957509
16	0.0001	44	21	0.05382529971297622
16	0.0001	44	12	0.05382529971297622
16	0.0001	44	38	0.05382529971297622
16	0.0001	44	14	0.020420818124134207
16	0.0001	44	24	0.020420818124134207
16	0.0001	44	22	0.020420818124134207
16	0.0001	44	19	0.020420818124134207
16	0.0001	44	98	0.05382529971297622
16	0.0001	44	62	0.05382529971297622
16	0.0001	44	53	0.05382529971297622
16	0.0001	44	88	0.05382529971297622
16	0.0001	44	74	0.02789931106252807
16	0.0001	44	71	0.011447747701042243
16	0.0001	44	76	0.011447747701042243
16	0.0001	44	86	0.011447747701042243
16	0.0001	45	2	0.11042993558185396
16	0.0001	45	15	0.10317852949881494
16	0.0001	45	55	0.07254624468456707
16	0.0001	45	0	0.05968798706914587
16	0.0001	45	46	0.06518183493910125
16	0.0001	45	69	0.06518183493910125
16	0.0001	45	38	0.052640229126135786
16	0.0001	45	12	0.052640229126135786
16	0.0001	45	21	0.052640229126135786
16	0.0001	45	24	0.01571112257096454
16	0.0001	45	14	0.01571112257096454
16	0.0001	45	19	0.01571112257096454
16	0.0001	45	98	0.052640229126135786
16	0.0001	45	62	0.052640229126135786
16	0.0001	45	53	0.052640229126135786
16	0.0001	45	88	0.052640229126135786
16	0.0001	45	74	0.0378961913172049
16	0.0001	45	71	0.019375638016049114
16	0.0001	45	76	0.006175599225155962
16	0.0001	45	22	0.01571112257096454
16	0.0001	45	17	0.010388457869137746
16	0.0001	46	2	0.11105494958095877
16	0.0001	46	15	0.08940794362045586
16	0.0001	46	55	0.07212214567597824
16	0.0001	46	0	0.07212214567597824
16	0.0001	46	46	0.07212214567597824
16	0.0001	46	69	0.07212214567597824
16	0.0001	46	21	0.053136248032396756
16	0.0001	46	12	0.053136248032396756
16	0.0001	46	24	0.018854330300622894
16	0.0001	46	38	0.053136248032396756
16	0.0001	46	88	0.053136248032396756
16	0.0001	46	22	0.018854330300622894
16	0.0001	46	19	0.018854330300622894
16	0.0001	46	14	0.018854330300622894
16	0.0001	46	98	0.053136248032396756
16	0.0001	46	62	0.053136248032396756
16	0.0001	46	53	0.053136248032396756
16	0.0001	46	74	0.04049665761860207
16	0.0001	46	71	0.018854330300622894
16	0.0001	46	17	0.00882872909076492
16	0.0001	47	2	0.11154731472214269
16	0.0001	47	15	0.10502421040517546
16	0.0001	47	55	0.072692856895778
16	0.0001	47	0	0.06367770949447438
16	0.0001	47	46	0.06367770949447438
16	0.0001	47	69	0.06367770949447438
16	0.0001	47	21	0.050379011150195406
16	0.0001	47	12	0.050379011150195406
16	0.0001	47	38	0.04983330350824803
16	0.0001	47	24	0.01347039510637959
16	0.0001	47	14	0.01347039510637959
16	0.0001	47	62	0.04983330350824803
16	0.0001	47	53	0.04983330350824803
16	0.0001	47	88	0.04983330350824803
16	0.0001	47	98	0.04983330350824803
16	0.0001	47	74	0.03866673469915289
16	0.0001	47	71	0.01347039510637959
16	0.0001	47	22	0.01347039510637959
16	0.0001	47	19	0.01347039510637959
16	0.0001	47	17	0.01145684642635732
16	0.0001	48	2	0.11196307512637686
16	0.0001	48	15	0.10098497243671511
16	0.0001	48	55	0.07129908653189675
16	0.0001	48	0	0.062250197764785936
16	0.0001	48	46	0.06327936264578563
16	0.0001	48	69	0.06327936264578563
16	0.0001	48	38	0.04948816466303662
16	0.0001	48	12	0.05452928055469308
16	0.0001	48	21	0.05452928055469308
16	0.0001	48	24	0.014530939953437573
16	0.0001	48	53	0.04948816466303662
16	0.0001	48	88	0.04948816466303662
16	0.0001	48	98	0.04948816466303662
16	0.0001	48	62	0.04948816466303662
16	0.0001	48	86	0.03350445954042758
16	0.0001	48	74	0.03350445954042758
16	0.0001	48	71	0.019200297592472347
16	0.0001	48	14	0.014530939953437573
16	0.0001	48	19	0.014530939953437573
16	0.0001	48	22	0.014530939953437573
16	0.0001	49	2	0.11295163488846417
16	0.0001	49	15	0.10150197359081978
16	0.0001	49	55	0.07032138720368471
16	0.0001	49	0	0.06174373002966384
16	0.0001	49	46	0.06468263407118023
16	0.0001	49	69	0.06468263407118023
16	0.0001	49	38	0.04341147952756812
16	0.0001	49	12	0.047212097610853446
16	0.0001	49	21	0.047212097610853446
16	0.0001	49	53	0.04341147952756812
16	0.0001	49	14	0.011703423930691619
16	0.0001	49	24	0.011703423930691619
16	0.0001	49	98	0.04341147952756812
16	0.0001	49	88	0.04341147952756812
16	0.0001	49	62	0.04341147952756812
16	0.0001	49	74	0.03825801248754162
16	0.0001	49	71	0.010577201863871849
16	0.0001	49	22	0.011703423930691619
16	0.0001	49	19	0.011703423930691619
16	0.0001	49	17	0.009411729120580987
16	0.0001	50	2	0.11706222715442034
16	0.0001	50	15	0.09701598484575613
16	0.0001	50	55	0.07010820125375904
16	0.0001	50	0	0.06252820891381318
16	0.0001	50	46	0.06260373983205066
16	0.0001	50	69	0.06260373983205066
16	0.0001	50	38	0.04824746587358478
16	0.0001	50	12	0.054316876756264
16	0.0001	50	21	0.054316876756264
16	0.0001	50	24	0.015444559117308422
16	0.0001	50	19	0.015444559117308422
16	0.0001	50	14	0.015444559117308422
16	0.0001	50	98	0.04824746587358478
16	0.0001	50	62	0.04824746587358478
16	0.0001	50	53	0.04824746587358478
16	0.0001	50	88	0.04824746587358478
16	0.0001	50	74	0.0392215425179583
16	0.0001	50	71	0.01583818280696665
16	0.0001	50	76	0.013322329455442341
16	0.0001	50	22	0.008054025269887554
16	0.0001	51	2	0.11384466019619499
16	0.0001	51	15	0.09625763735499045
16	0.0001	51	55	0.07553115038467499
16	0.0001	51	0	0.07553115038467499
16	0.0001	51	69	0.07553115038467499
16	0.0001	51	46	0.07553115038467499
16	0.0001	51	53	0.059754853271842476
16	0.0001	51	21	0.06583709058362602
16	0.0001	51	12	0.06583709058362602
16	0.0001	51	14	0.014916066844474071
16	0.0001	51	38	0.059754853271842476
16	0.0001	51	62	0.059754853271842476
16	0.0001	51	88	0.059754853271842476
16	0.0001	51	98	0.059754853271842476
16	0.0001	51	74	0.023830959861406743
16	0.0001	51	19	0.014916066844474071
16	0.0001	51	17	0.012444283019474199
16	0.0001	51	71	0.014916066844474071
16	0.0001	51	22	0.014916066844474071
16	0.0001	51	24	0.014916066844474071
16	0.0001	52	2	0.11525280233982947
16	0.0001	52	15	0.08866423516398407
16	0.0001	52	55	0.0790754911027605
16	0.0001	52	0	0.0790754911027605
16	0.0001	52	46	0.0790754911027605
16	0.0001	52	69	0.0790754911027605
16	0.0001	52	38	0.05244962458024105
16	0.0001	52	12	0.05244962458024105
16	0.0001	52	21	0.05244962458024105
16	0.0001	52	24	0.013764034112803249
16	0.0001	52	53	0.05244962458024105
16	0.0001	52	88	0.05244962458024105
16	0.0001	52	62	0.05244962458024105
16	0.0001	52	98	0.05244962458024105
16	0.0001	52	74	0.041502681852394155
16	0.0001	52	71	0.013764034112803249
16	0.0001	52	19	0.013764034112803249
16	0.0001	52	14	0.013764034112803249
16	0.0001	52	22	0.011114233949910964
16	0.0001	52	17	0.011114233949910964
16	0.0001	53	2	0.11955201596247379
16	0.0001	53	15	0.0888645157744852
16	0.0001	53	55	0.07299336505357733
16	0.0001	53	0	0.07207158087910079
16	0.0001	53	46	0.07207158087910079
16	0.0001	53	69	0.07207158087910079
16	0.0001	53	21	0.058554180990010286
16	0.0001	53	12	0.058554180990010286
16	0.0001	53	24	0.011860687734984391
16	0.0001	53	88	0.05663427604424048
16	0.0001	53	38	0.05663427604424048
16	0.0001	53	22	0.011860687734984391
16	0.0001	53	19	0.011860687734984391
16	0.0001	53	14	0.011860687734984391
16	0.0001	53	98	0.05663427604424048
16	0.0001	53	53	0.05663427604424048
16	0.0001	53	62	0.05663427604424048
16	0.0001	53	74	0.02774344308968513
16	0.0001	53	86	0.020204692974846755
16	0.0001	53	17	0.011860687734984391
16	0.0001	54	2	0.11296414944600551
16	0.0001	54	15	0.0833625788451472
16	0.0001	54	55	0.08046134719533116
16	0.0001	54	0	0.08046134719533116
16	0.0001	54	46	0.08046134719533116
16	0.0001	54	69	0.08046134719533116
16	0.0001	54	38	0.05598827763366514
16	0.0001	54	12	0.05598827763366514
16	0.0001	54	21	0.05598827763366514
16	0.0001	54	24	0.015722747955995327
16	0.0001	54	88	0.05598827763366514
16	0.0001	54	53	0.05598827763366514
16	0.0001	54	98	0.05598827763366514
16	0.0001	54	62	0.05598827763366514
16	0.0001	54	74	0.031903762806676096
16	0.0001	54	71	0.013335632963119882
16	0.0001	54	86	0.013335632963119882
16	0.0001	54	22	0.014628857100403982
16	0.0001	54	19	0.014628857100403982
16	0.0001	54	14	0.014628857100403982
16	0.0001	54	5	0.006792803215696472
16	0.0001	55	2	0.11637907333013602
16	0.0001	55	15	0.0896488409015239
16	0.0001	55	55	0.072935779430186
16	0.0001	55	0	0.072935779430186
16	0.0001	55	46	0.072935779430186
16	0.0001	55	69	0.072935779430186
16	0.0001	55	21	0.05386009470067775
16	0.0001	55	12	0.05386009470067775
16	0.0001	55	38	0.051209864098214264
16	0.0001	55	24	0.012334097429547077
16	0.0001	55	14	0.012334097429547077
16	0.0001	55	62	0.051209864098214264
16	0.0001	55	53	0.051209864098214264
16	0.0001	55	88	0.051209864098214264
16	0.0001	55	98	0.051209864098214264
16	0.0001	55	74	0.037210509116869024
16	0.0001	55	71	0.020134675438303898
16	0.0001	55	19	0.012334097429547077
16	0.0001	55	22	0.012334097429547077
16	0.0001	55	17	0.009460404793732825
16	0.0001	56	2	0.1206517278384704
16	0.0001	56	15	0.1206517278384704
16	0.0001	56	55	0.10619620629822585
16	0.0001	56	0	0.10619620629822585
16	0.0001	56	46	0.10619620629822585
16	0.0001	56	69	0.10619620629822585
16	0.0001	56	38	0.04708456465143013
16	0.0001	56	12	0.05714061702500326
16	0.0001	56	21	0.05714061702500326
16	0.0001	56	24	0.012997644859495673
16	0.0001	56	88	0.04708456465143013
16	0.0001	56	62	0.04708456465143013
16	0.0001	56	53	0.04708456465143013
16	0.0001	56	98	0.04708456465143013
16	0.0001	56	86	0.03144677286852339
16	0.0001	56	74	0.03144677286852339
16	0.0001	56	71	0.015424184023975914
16	0.0001	56	14	0.012997644859495673
16	0.0001	56	19	0.012997644859495673
16	0.0001	56	22	0.012997644859495673
16	0.0001	57	2	0.11348053311798155
16	0.0001	57	15	0.10199995796846793
16	0.0001	57	55	0.07101907621164666
16	0.0001	57	0	0.05981537115694339
16	0.0001	57	69	0.0618280339340935
16	0.0001	57	46	0.0618280339340935
16	0.0001	57	38	0.05362682368290609
16	0.0001	57	12	0.05362682368290609
16	0.0001	57	21	0.05362682368290609
16	0.0001	57	24	0.013782467897877657
16	0.0001	57	14	0.013782467897877657
16	0.0001	57	19	0.013782467897877657
16	0.0001	57	98	0.05362682368290609
16	0.0001	57	62	0.05362682368290609
16	0.0001	57	53	0.05362682368290609
16	0.0001	57	88	0.05362682368290609
16	0.0001	57	74	0.03550704434774889
16	0.0001	57	86	0.01148672386668425
16	0.0001	57	71	0.01148672386668425
16	0.0001	57	22	0.013782467897877657
16	0.0001	57	17	0.013782467897877657
16	0.0001	58	2	0.11361156587329208
16	0.0001	58	15	0.1002879491866869
16	0.0001	58	55	0.07274515113924815
16	0.0001	58	0	0.06133214758503816
16	0.0001	58	46	0.06772643874592259
16	0.0001	58	69	0.06772643874592259
16	0.0001	58	21	0.057277981769817396
16	0.0001	58	12	0.057277981769817396
16	0.0001	58	24	0.012385400766135868
16	0.0001	58	88	0.050020443526240806
16	0.0001	58	38	0.050020443526240806
16	0.0001	58	22	0.012385400766135868
16	0.0001	58	19	0.012385400766135868
16	0.0001	58	14	0.012385400766135868
16	0.0001	58	98	0.050020443526240806
16	0.0001	58	62	0.050020443526240806
16	0.0001	58	53	0.050020443526240806
16	0.0001	58	74	0.042656501685785664
16	0.0001	58	71	0.00965194544159964
16	0.0001	58	86	0.00965194544159964
16	0.0001	58	17	0.009029732882830597
16	0.0001	59	2	0.11103800205937128
16	0.0001	59	15	0.08815863207154334
16	0.0001	59	55	0.07775684117141034
16	0.0001	59	0	0.07775684117141034
16	0.0001	59	46	0.07775684117141034
16	0.0001	59	69	0.07775684117141034
16	0.0001	59	21	0.05297980363964859
16	0.0001	59	12	0.05297980363964859
16	0.0001	59	38	0.04621765541321911
16	0.0001	59	88	0.04621765541321911
16	0.0001	59	14	0.01551073792335684
16	0.0001	59	24	0.01551073792335684
16	0.0001	59	22	0.01551073792335684
16	0.0001	59	19	0.01551073792335684
16	0.0001	59	98	0.04621765541321911
16	0.0001	59	62	0.04621765541321911
16	0.0001	59	53	0.04621765541321911
16	0.0001	59	74	0.035985189648695404
16	0.0001	59	86	0.01221733823641424
16	0.0001	59	71	0.01221733823641424
16	0.0001	59	76	0.008641414866640242
16	0.0001	59	17	0.00975078906368852
16	0.0001	60	2	0.11942934819075725
16	0.0001	60	15	0.10811673808704067
16	0.0001	60	55	0.09294469991942528
16	0.0001	60	0	0.09294469991942528
16	0.0001	60	69	0.09294469991942528
16	0.0001	60	46	0.09294469991942528
16	0.0001	60	21	0.05134334333439403
16	0.0001	60	12	0.05134334333439403
16	0.0001	60	38	0.05134334333439403
16	0.0001	60	24	0.020652772778608632
16	0.0001	60	14	0.020652772778608632
16	0.0001	60	98	0.05134334333439403
16	0.0001	60	62	0.05134334333439403
16	0.0001	60	53	0.05134334333439403
16	0.0001	60	88	0.05134334333439403
16	0.0001	60	74	0.021158021193164463
16	0.0001	60	86	0.021158021193164463
16	0.0001	60	71	0.020652772778608632
16	0.0001	60	19	0.020652772778608632
16	0.0001	60	22	0.020652772778608632
16	0.0001	61	2	0.12271039185432306
16	0.0001	61	15	0.12271039185432306
16	0.0001	61	55	0.10094759389068578
16	0.0001	61	0	0.10094759389068578
16	0.0001	61	69	0.10094759389068578
16	0.0001	61	46	0.10094759389068578
16	0.0001	61	38	0.05261126016817548
16	0.0001	61	12	0.05261126016817548
16	0.0001	61	21	0.05261126016817548
16	0.0001	61	24	0.014600190516656104
16	0.0001	61	14	0.014600190516656104
16	0.0001	61	19	0.014600190516656104
16	0.0001	61	98	0.05261126016817548
16	0.0001	61	62	0.05261126016817548
16	0.0001	61	88	0.05261126016817548
16	0.0001	61	53	0.05261126016817548
16	0.0001	61	74	0.030057056220615712
16	0.0001	61	86	0.030057056220615712
16	0.0001	61	71	0.019208312342682353
16	0.0001	61	22	0.014600190516656104
16	0.0001	62	2	0.10114799197904764
16	0.0001	62	15	0.10114799197904764
16	0.0001	62	0	0.10114799197904764
16	0.0001	62	55	0.10114799197904764
16	0.0001	62	69	0.10114799197904764
16	0.0001	62	46	0.10114799197904764
16	0.0001	62	21	0.041780108325710025
16	0.0001	62	12	0.041780108325710025
16	0.0001	62	88	0.024580979474458836
16	0.0001	62	38	0.024580979474458836
16	0.0001	62	53	0.024580979474458836
16	0.0001	62	98	0.024580979474458836
16	0.0001	62	62	0.024580979474458836
16	0.0001	62	24	0.024580979474458836
16	0.0001	62	17	0.012016732189998392
16	0.0001	62	19	0.012016732189998392
16	0.0001	62	22	0.024580979474458836
16	0.0001	62	14	0.024580979474458836
16	0.0001	62	28	0.004648432881777218
16	0.0001	62	74	0.01649794595715816
16	0.0001	62	34	0.01649794595715816
16	0.0001	62	13	0.01649794595715816
16	0.0001	62	86	0.01649794595715816
16	0.0001	63	2	0.11291424768883183
16	0.0001	63	15	0.10256223650196578
16	0.0001	63	55	0.0776340884972008
16	0.0001	63	0	0.0776340884972008
16	0.0001	63	46	0.0776340884972008
16	0.0001	63	69	0.0776340884972008
16	0.0001	63	38	0.04690846452388964
16	0.0001	63	12	0.04690846452388964
16	0.0001	63	21	0.04690846452388964
16	0.0001	63	53	0.04690846452388964
16	0.0001	63	62	0.04690846452388964
16	0.0001	63	88	0.04690846452388964
16	0.0001	63	98	0.04690846452388964
16	0.0001	63	74	0.026248626724571334
16	0.0001	63	24	0.01316215159809483
16	0.0001	63	19	0.01316215159809483
16	0.0001	63	14	0.01316215159809483
16	0.0001	63	17	0.01316215159809483
16	0.0001	63	22	0.01316215159809483
16	0.0001	63	5	0.01316215159809483
16	0.0001	64	2	0.11661531276662192
16	0.0001	64	15	0.09694256907900992
16	0.0001	64	55	0.07356745227377495
16	0.0001	64	0	0.0681794172166996
16	0.0001	64	69	0.0681794172166996
16	0.0001	64	46	0.0681794172166996
16	0.0001	64	38	0.05795879106320259
16	0.0001	64	12	0.05843694864067529
16	0.0001	64	21	0.05843694864067529
16	0.0001	64	24	0.021235132120072844
16	0.0001	64	53	0.05795879106320259
16	0.0001	64	88	0.05795879106320259
16	0.0001	64	62	0.05795879106320259
16	0.0001	64	14	0.021235132120072844
16	0.0001	64	19	0.021235132120072844
16	0.0001	64	98	0.021235132120072844
16	0.0001	64	74	0.021235132120072844
16	0.0001	64	22	0.021235132120072844
16	0.0001	64	86	0.00943428993514991
16	0.0001	64	5	0.015429742053632284
16	0.0001	64	17	0.015429742053632284
16	0.0001	65	2	0.11226717863476253
16	0.0001	65	15	0.10377601715771806
16	0.0001	65	55	0.07121271889694138
16	0.0001	65	0	0.055761651528870755
16	0.0001	65	69	0.06528160288616336
16	0.0001	65	46	0.06528160288616336
16	0.0001	65	21	0.05008724561863592
16	0.0001	65	12	0.05008724561863592
16	0.0001	65	38	0.047430183594137365
16	0.0001	65	24	0.014685885204716056
16	0.0001	65	14	0.014685885204716056
16	0.0001	65	62	0.047430183594137365
16	0.0001	65	53	0.047430183594137365
16	0.0001	65	88	0.047430183594137365
16	0.0001	65	98	0.047430183594137365
16	0.0001	65	86	0.03199140071515181
16	0.0001	65	74	0.03199140071515181
16	0.0001	65	71	0.018972928890075784
16	0.0001	65	76	0.005221868498245863
16	0.0001	65	22	0.014685885204716056
16	0.0001	65	19	0.014685885204716056
16	0.0001	66	2	0.1166383764128475
16	0.0001	66	15	0.09324498856120891
16	0.0001	66	55	0.07864203833664388
16	0.0001	66	0	0.07864203833664388
16	0.0001	66	46	0.07864203833664388
16	0.0001	66	69	0.07864203833664388
16	0.0001	66	21	0.05699957934330468
16	0.0001	66	12	0.05699957934330468
16	0.0001	66	38	0.028768594712684177
16	0.0001	66	88	0.028768594712684177
16	0.0001	66	53	0.028768594712684177
16	0.0001	66	98	0.028768594712684177
16	0.0001	66	62	0.02645047957726427
16	0.0001	66	19	0.02645047957726427
16	0.0001	66	74	0.02645047957726427
16	0.0001	66	14	0.02645047957726427
16	0.0001	66	24	0.02645047957726427
16	0.0001	66	22	0.02645047957726427
16	0.0001	66	17	0.019468339874565543
16	0.0001	66	5	0.019468339874565543
16	0.0001	67	2	0.11399597322110808
16	0.0001	67	15	0.08759050445953369
16	0.0001	67	55	0.07656420948469897
16	0.0001	67	0	0.07656420948469897
16	0.0001	67	69	0.07656420948469897
16	0.0001	67	46	0.07656420948469897
16	0.0001	67	38	0.04905921903645405
16	0.0001	67	12	0.052116398911614105
16	0.0001	67	21	0.052116398911614105
16	0.0001	67	24	0.015838795589076145
16	0.0001	67	88	0.04905921903645405
16	0.0001	67	53	0.04905921903645405
16	0.0001	67	98	0.04905921903645405
16	0.0001	67	62	0.04905921903645405
16	0.0001	67	74	0.027585503431580987
16	0.0001	67	86	0.015838795589076145
16	0.0001	67	71	0.015838795589076145
16	0.0001	67	14	0.015838795589076145
16	0.0001	67	22	0.015838795589076145
16	0.0001	67	19	0.015838795589076145
16	0.0001	68	2	0.12256440639922252
16	0.0001	68	15	0.084473926519656
16	0.0001	68	55	0.07279110316004976
16	0.0001	68	0	0.06730996509076556
16	0.0001	68	69	0.06730996509076556
16	0.0001	68	46	0.06730996509076556
16	0.0001	68	21	0.05279625752063279
16	0.0001	68	12	0.05279625752063279
16	0.0001	68	38	0.05279625752063279
16	0.0001	68	24	0.017468996850476412
16	0.0001	68	14	0.017468996850476412
16	0.0001	68	19	0.017468996850476412
16	0.0001	68	98	0.05279625752063279
16	0.0001	68	62	0.05279625752063279
16	0.0001	68	53	0.05279625752063279
16	0.0001	68	88	0.05279625752063279
16	0.0001	68	74	0.03402709253034851
16	0.0001	68	86	0.004621946745914695
16	0.0001	68	22	0.017468996850476412
16	0.0001	68	17	0.01038880867342258
16	0.0001	69	2	0.10808009102569599
16	0.0001	69	15	0.09934108149291679
16	0.0001	69	55	0.07326218273650997
16	0.0001	69	0	0.063910297948388
16	0.0001	69	69	0.0649599224183197
16	0.0001	69	46	0.0649599224183197
16	0.0001	69	21	0.055589037472952456
16	0.0001	69	12	0.055589037472952456
16	0.0001	69	38	0.05171112134968383
16	0.0001	69	24	0.012762285289575367
16	0.0001	69	19	0.012762285289575367
16	0.0001	69	14	0.012762285289575367
16	0.0001	69	62	0.05171112134968383
16	0.0001	69	53	0.05171112134968383
16	0.0001	69	88	0.05171112134968383
16	0.0001	69	98	0.05171112134968383
16	0.0001	69	74	0.03879790306276079
16	0.0001	69	71	0.018429197509351916
16	0.0001	69	22	0.012762285289575367
16	0.0001	69	17	0.012762285289575367
16	0.0001	70	2	0.11826424517988511
16	0.0001	70	15	0.10015023156619188
16	0.0001	70	55	0.10015023156619188
16	0.0001	70	0	0.10015023156619188
16	0.0001	70	69	0.10015023156619188
16	0.0001	70	46	0.10015023156619188
16	0.0001	70	38	0.049070530453115435
16	0.0001	70	12	0.049070530453115435
16	0.0001	70	21	0.049070530453115435
16	0.0001	70	53	0.049070530453115435
16	0.0001	70	24	0.012267055110456913
16	0.0001	70	62	0.049070530453115435
16	0.0001	70	88	0.049070530453115435
16	0.0001	70	98	0.049070530453115435
16	0.0001	70	74	0.008536280479275744
16	0.0001	70	14	0.012267055110456913
16	0.0001	70	22	0.012267055110456913
16	0.0001	70	19	0.012267055110456913
16	0.0001	70	17	0.012267055110456913
16	0.0001	70	5	0.007672210678937553
16	0.0001	71	2	0.11618184379465472
16	0.0001	71	15	0.09899890926925313
16	0.0001	71	55	0.07131228776113327
16	0.0001	71	0	0.07131228776113327
16	0.0001	71	69	0.07131228776113327
16	0.0001	71	46	0.07131228776113327
16	0.0001	71	38	0.05812361256823211
16	0.0001	71	21	0.05812361256823211
16	0.0001	71	12	0.05812361256823211
16	0.0001	71	88	0.05812361256823211
16	0.0001	71	53	0.05812361256823211
16	0.0001	71	62	0.05812361256823211
16	0.0001	71	98	0.05812361256823211
16	0.0001	71	74	0.020767491720380653
16	0.0001	71	19	0.020767491720380653
16	0.0001	71	24	0.014535622396131478
16	0.0001	71	14	0.014535622396131478
16	0.0001	71	17	0.014535622396131478
16	0.0001	71	22	0.014535622396131478
16	0.0001	71	5	0.014535622396131478
16	0.0001	72	2	0.11050112514446153
16	0.0001	72	15	0.10562813961883562
16	0.0001	72	55	0.07078087849053273
16	0.0001	72	0	0.05876066850275757
16	0.0001	72	69	0.06145978003383185
16	0.0001	72	46	0.06145978003383185
16	0.0001	72	38	0.051095911528861296
16	0.0001	72	12	0.051095911528861296
16	0.0001	72	21	0.051095911528861296
16	0.0001	72	24	0.01145752393823454
16	0.0001	72	14	0.01145752393823454
16	0.0001	72	88	0.051095911528861296
16	0.0001	72	98	0.051095911528861296
16	0.0001	72	62	0.051095911528861296
16	0.0001	72	53	0.051095911528861296
16	0.0001	72	74	0.04082965635606628
16	0.0001	72	71	0.012031830921851608
16	0.0001	72	86	0.009593209017400954
16	0.0001	72	22	0.01145752393823454
16	0.0001	72	19	0.01145752393823454
16	0.0001	72	17	0.01145752393823454
16	0.0001	73	2	0.11313861667621833
16	0.0001	73	15	0.09207539510678299
16	0.0001	73	55	0.07850148873699796
16	0.0001	73	0	0.07850148873699796
16	0.0001	73	46	0.07850148873699796
16	0.0001	73	69	0.07850148873699796
16	0.0001	73	21	0.04727750640484631
16	0.0001	73	12	0.04727750640484631
16	0.0001	73	38	0.03750091330720337
16	0.0001	73	88	0.017783233615356164
16	0.0001	73	62	0.03750091330720337
16	0.0001	73	53	0.03750091330720337
16	0.0001	73	98	0.017783233615356164
16	0.0001	73	19	0.017783233615356164
16	0.0001	73	74	0.017783233615356164
16	0.0001	73	14	0.017783233615356164
16	0.0001	73	24	0.017783233615356164
16	0.0001	73	22	0.017783233615356164
16	0.0001	73	34	0.017783233615356164
16	0.0001	73	13	0.017783233615356164
16	0.0001	74	2	0.11091195732682226
16	0.0001	74	15	0.10446396012765548
16	0.0001	74	55	0.0716244380938558
16	0.0001	74	0	0.06549136393651385
16	0.0001	74	69	0.06549136393651385
16	0.0001	74	46	0.06549136393651385
16	0.0001	74	21	0.053027563489075814
16	0.0001	74	12	0.053027563489075814
16	0.0001	74	38	0.053027563489075814
16	0.0001	74	24	0.01352780846875429
16	0.0001	74	14	0.01352780846875429
16	0.0001	74	22	0.01352780846875429
16	0.0001	74	19	0.01352780846875429
16	0.0001	74	98	0.053027563489075814
16	0.0001	74	62	0.053027563489075814
16	0.0001	74	53	0.053027563489075814
16	0.0001	74	88	0.053027563489075814
16	0.0001	74	74	0.045419793754722444
16	0.0001	74	86	0.008489679131096538
16	0.0001	74	71	0.008489679131096538
16	0.0001	74	17	0.011455396450715362
16	0.0001	75	2	0.11356253790255202
16	0.0001	75	15	0.09172984816760034
16	0.0001	75	55	0.07295364635309132
16	0.0001	75	0	0.06840736590934848
16	0.0001	75	69	0.06840736590934848
16	0.0001	75	46	0.06840736590934848
16	0.0001	75	21	0.05295900509074203
16	0.0001	75	12	0.05295900509074203
16	0.0001	75	38	0.03985098637978091
16	0.0001	75	14	0.018470622791969704
16	0.0001	75	22	0.018470622791969704
16	0.0001	75	19	0.018470622791969704
16	0.0001	75	98	0.03985098637978091
16	0.0001	75	62	0.03985098637978091
16	0.0001	75	53	0.03985098637978091
16	0.0001	75	88	0.03985098637978091
16	0.0001	75	74	0.03985098637978091
16	0.0001	75	71	0.018701784595491537
16	0.0001	75	76	0.014217409286321578
16	0.0001	75	63	0.014217409286321578
16	0.0001	76	2	0.10975998429264336
16	0.0001	76	15	0.10132159184757988
16	0.0001	76	55	0.07481356871507072
16	0.0001	76	0	0.0631697725305858
16	0.0001	76	46	0.0631697725305858
16	0.0001	76	69	0.0631697725305858
16	0.0001	76	21	0.041375321128195024
16	0.0001	76	12	0.041375321128195024
16	0.0001	76	38	0.041375321128195024
16	0.0001	76	53	0.041375321128195024
16	0.0001	76	19	0.03232141276676519
16	0.0001	76	14	0.03232141276676519
16	0.0001	76	24	0.03232141276676519
16	0.0001	76	98	0.041375321128195024
16	0.0001	76	62	0.041375321128195024
16	0.0001	76	88	0.041375321128195024
16	0.0001	76	74	0.041375321128195024
16	0.0001	76	76	0.014631917894504794
16	0.0001	76	17	0.00513176293896955
16	0.0001	76	22	0.00513176293896955
16	0.0001	76	71	0.014631917894504794
16	0.0001	76	86	0.014631917894504794
16	0.0001	77	2	0.11792209713325645
16	0.0001	77	15	0.11792209713325645
16	0.0001	77	55	0.11792209713325645
16	0.0001	77	0	0.11792209713325645
16	0.0001	77	46	0.11792209713325645
16	0.0001	77	69	0.11792209713325645
16	0.0001	77	21	0.054461513882302054
16	0.0001	77	12	0.054461513882302054
16	0.0001	77	24	0.011200140224206049
16	0.0001	77	14	0.011200140224206049
16	0.0001	77	19	0.011200140224206049
16	0.0001	77	22	0.010458763028651988
16	0.0001	77	98	0.05208811792131818
16	0.0001	77	53	0.05208811792131818
16	0.0001	77	62	0.05208811792131818
16	0.0001	77	88	0.05208811792131818
16	0.0001	77	38	0.05208811792131818
16	0.0001	77	17	0.009597548266917878
16	0.0001	77	5	0.009206786883011908
16	0.0001	77	13	0.0020359975503223865
16	0.0001	78	2	0.12119397938510171
16	0.0001	78	15	0.09525339677294538
16	0.0001	78	55	0.07391518457789392
16	0.0001	78	0	0.06925937730697078
16	0.0001	78	46	0.06925937730697078
16	0.0001	78	69	0.06925937730697078
16	0.0001	78	21	0.04307116819598029
16	0.0001	78	12	0.03539807760688873
16	0.0001	78	38	0.023992393237390646
16	0.0001	78	88	0.023992393237390646
16	0.0001	78	24	0.023992393237390646
16	0.0001	78	62	0.023992393237390646
16	0.0001	78	53	0.023992393237390646
16	0.0001	78	98	0.023992393237390646
16	0.0001	78	19	0.023992393237390646
16	0.0001	78	5	0.023992393237390646
16	0.0001	78	17	0.023992393237390646
16	0.0001	78	22	0.023992393237390646
16	0.0001	78	14	0.023992393237390646
16	0.0001	78	13	0.002865083897428302
16	0.0001	79	2	0.10037455533459658
16	0.0001	79	15	0.09995560439347002
16	0.0001	79	55	0.07516371903027722
16	0.0001	79	0	0.07516371903027722
16	0.0001	79	69	0.07516371903027722
16	0.0001	79	46	0.07516371903027722
16	0.0001	79	38	0.0645077875830231
16	0.0001	79	12	0.0645077875830231
16	0.0001	79	21	0.0645077875830231
16	0.0001	79	24	0.016990488560344193
16	0.0001	79	53	0.0645077875830231
16	0.0001	79	88	0.0645077875830231
16	0.0001	79	98	0.0645077875830231
16	0.0001	79	62	0.0645077875830231
16	0.0001	79	86	0.010727755307042461
16	0.0001	79	14	0.016990488560344193
16	0.0001	79	19	0.016990488560344193
16	0.0001	79	22	0.016990488560344193
16	0.0001	79	5	0.007614725652910836
16	0.0001	79	17	0.007614725652910836
16	0.0001	80	2	0.11556355252747007
16	0.0001	80	15	0.0916551549395673
16	0.0001	80	55	0.07483397699040019
16	0.0001	80	0	0.07483397699040019
16	0.0001	80	46	0.07483397699040019
16	0.0001	80	69	0.07483397699040019
16	0.0001	80	38	0.05189939637187284
16	0.0001	80	12	0.051931433931415305
16	0.0001	80	21	0.051931433931415305
16	0.0001	80	24	0.020041838015936054
16	0.0001	80	53	0.05189939637187284
16	0.0001	80	88	0.05189939637187284
16	0.0001	80	14	0.020041838015936054
16	0.0001	80	19	0.021309922759989164
16	0.0001	80	98	0.05189939637187284
16	0.0001	80	62	0.05189939637187284
16	0.0001	80	74	0.021309922759989164
16	0.0001	80	22	0.020041838015936054
16	0.0001	80	71	0.020041838015936054
16	0.0001	80	17	0.012436276335979383
16	0.0001	81	2	0.11849949989491068
16	0.0001	81	15	0.0984739331785323
16	0.0001	81	55	0.07529279706373848
16	0.0001	81	0	0.06081731180162825
16	0.0001	81	46	0.07259464644625359
16	0.0001	81	69	0.07259464644625359
16	0.0001	81	21	0.04338833965720278
16	0.0001	81	12	0.04338833965720278
16	0.0001	81	38	0.04338833965720278
16	0.0001	81	14	0.011655592155182097
16	0.0001	81	24	0.011655592155182097
16	0.0001	81	98	0.04338833965720278
16	0.0001	81	62	0.04338833965720278
16	0.0001	81	53	0.04338833965720278
16	0.0001	81	88	0.04338833965720278
16	0.0001	81	74	0.0422737386202276
16	0.0001	81	71	0.019193401702013727
16	0.0001	81	76	0.011655592155182097
16	0.0001	81	63	0.0009872888665238434
16	0.0001	81	19	0.008201107629134993
16	0.0001	81	22	0.008201107629134993
16	0.0001	82	2	0.10943289696812558
16	0.0001	82	15	0.08611298029965907
16	0.0001	82	55	0.07525807360585168
16	0.0001	82	0	0.07525807360585168
16	0.0001	82	69	0.07525807360585168
16	0.0001	82	46	0.07525807360585168
16	0.0001	82	12	0.061088461529584
16	0.0001	82	21	0.061088461529584
16	0.0001	82	38	0.02398035526183572
16	0.0001	82	19	0.02398035526183572
16	0.0001	82	24	0.02398035526183572
16	0.0001	82	88	0.02398035526183572
16	0.0001	82	62	0.02398035526183572
16	0.0001	82	53	0.02398035526183572
16	0.0001	82	98	0.02398035526183572
16	0.0001	82	22	0.02398035526183572
16	0.0001	82	14	0.02398035526183572
16	0.0001	82	17	0.016232676178875024
16	0.0001	82	5	0.016232676178875024
16	0.0001	82	28	0.0035203306799811472
16	0.0001	83	2	0.1180525576434132
16	0.0001	83	15	0.08808999612577424
16	0.0001	83	55	0.07468401971201245
16	0.0001	83	0	0.07468401971201245
16	0.0001	83	69	0.07468401971201245
16	0.0001	83	46	0.07468401971201245
16	0.0001	83	38	0.054354563085827104
16	0.0001	83	12	0.054354563085827104
16	0.0001	83	21	0.054354563085827104
16	0.0001	83	53	0.054354563085827104
16	0.0001	83	24	0.013423059632683126
16	0.0001	83	62	0.054354563085827104
16	0.0001	83	88	0.054354563085827104
16	0.0001	83	98	0.054354563085827104
16	0.0001	83	74	0.03763758627117746
16	0.0001	83	71	0.013423059632683126
16	0.0001	83	19	0.013423059632683126
16	0.0001	83	14	0.013423059632683126
16	0.0001	83	22	0.013423059632683126
16	0.0001	83	17	0.009396331053098162
16	0.0001	84	2	0.11664416212930459
16	0.0001	84	15	0.11664416212930459
16	0.0001	84	55	0.10481014551882756
16	0.0001	84	0	0.10481014551882756
16	0.0001	84	46	0.10481014551882756
16	0.0001	84	69	0.10481014551882756
16	0.0001	84	21	0.050514763645662195
16	0.0001	84	12	0.050514763645662195
16	0.0001	84	38	0.050514763645662195
16	0.0001	84	88	0.050514763645662195
16	0.0001	84	14	0.017339469787150705
16	0.0001	84	24	0.017339469787150705
16	0.0001	84	62	0.050514763645662195
16	0.0001	84	53	0.050514763645662195
16	0.0001	84	98	0.050514763645662195
16	0.0001	84	86	0.04326502817211831
16	0.0001	84	74	0.04326502817211831
16	0.0001	84	71	0.012080840324779218
16	0.0001	84	22	0.017339469787150705
16	0.0001	84	19	0.017339469787150705
16	0.0001	85	2	0.11090781409250026
16	0.0001	85	15	0.09330603931732
16	0.0001	85	55	0.07278505239438851
16	0.0001	85	0	0.07029438678185779
16	0.0001	85	46	0.07029438678185779
16	0.0001	85	69	0.07029438678185779
16	0.0001	85	38	0.05640154920948896
16	0.0001	85	12	0.05640154920948896
16	0.0001	85	21	0.05640154920948896
16	0.0001	85	24	0.012190009418401872
16	0.0001	85	14	0.012190009418401872
16	0.0001	85	98	0.05640154920948896
16	0.0001	85	62	0.05640154920948896
16	0.0001	85	88	0.05640154920948896
16	0.0001	85	53	0.05640154920948896
16	0.0001	85	74	0.029819572035622785
16	0.0001	85	71	0.018593774856762196
16	0.0001	85	76	0.009513558149605243
16	0.0001	85	22	0.012190009418401872
16	0.0001	85	19	0.012190009418401872
16	0.0001	85	17	0.010981068198123552
16	0.0001	86	2	0.12223490793768364
16	0.0001	86	15	0.09258777450916682
16	0.0001	86	55	0.09258777450916682
16	0.0001	86	0	0.09258777450916682
16	0.0001	86	69	0.09258777450916682
16	0.0001	86	46	0.09258777450916682
16	0.0001	86	21	0.03194515885194894
16	0.0001	86	12	0.021165274246874272
16	0.0001	86	38	0.018400419892497577
16	0.0001	86	62	0.021165274246874272
16	0.0001	86	88	0.021165274246874272
16	0.0001	86	53	0.018400419892497577
16	0.0001	86	98	0.018400419892497577
16	0.0001	86	24	0.018400419892497577
16	0.0001	86	17	0.018376641413912903
16	0.0001	86	19	0.018400419892497577
16	0.0001	86	22	0.018400419892497577
16	0.0001	86	14	0.018400419892497577
16	0.0001	86	74	0.007660218060755636
16	0.0001	86	28	0.006482715883926397
16	0.0001	87	2	0.11440340069975954
16	0.0001	87	15	0.08790993584082947
16	0.0001	87	55	0.07540604587701119
16	0.0001	87	0	0.07540604587701119
16	0.0001	87	46	0.07540604587701119
16	0.0001	87	69	0.07540604587701119
16	0.0001	87	38	0.053210006209796705
16	0.0001	87	12	0.053210006209796705
16	0.0001	87	21	0.053210006209796705
16	0.0001	87	24	0.014140299337767247
16	0.0001	87	14	0.014140299337767247
16	0.0001	87	88	0.053210006209796705
16	0.0001	87	53	0.053210006209796705
16	0.0001	87	98	0.053210006209796705
16	0.0001	87	62	0.053210006209796705
16	0.0001	87	74	0.03922242688509104
16	0.0001	87	71	0.014140299337767247
16	0.0001	87	22	0.014140299337767247
16	0.0001	87	19	0.014140299337767247
16	0.0001	87	17	0.012238235752403017
16	0.0001	88	2	0.11514096012722735
16	0.0001	88	15	0.1016617048903434
16	0.0001	88	55	0.07084415622525238
16	0.0001	88	0	0.058633596000711254
16	0.0001	88	46	0.06125563728179218
16	0.0001	88	69	0.06125563728179218
16	0.0001	88	38	0.04769118235094923
16	0.0001	88	12	0.05126691983527989
16	0.0001	88	21	0.05126691983527989
16	0.0001	88	24	0.017519973190787925
16	0.0001	88	14	0.017519973190787925
16	0.0001	88	62	0.04769118235094923
16	0.0001	88	53	0.04769118235094923
16	0.0001	88	88	0.04769118235094923
16	0.0001	88	98	0.04769118235094923
16	0.0001	88	74	0.031733703531770165
16	0.0001	88	86	0.031733703531770165
16	0.0001	88	71	0.01909485186015013
16	0.0001	88	19	0.017519973190787925
16	0.0001	88	22	0.017519973190787925
16	0.0001	89	2	0.11249096496429972
16	0.0001	89	15	0.10258369617051813
16	0.0001	89	55	0.07094925187963952
16	0.0001	89	0	0.06189662160453872
16	0.0001	89	69	0.062494267633793656
16	0.0001	89	46	0.062494267633793656
16	0.0001	89	38	0.05661464765507188
16	0.0001	89	12	0.05661464765507188
16	0.0001	89	21	0.05661464765507188
16	0.0001	89	24	0.0160297238167331
16	0.0001	89	14	0.0160297238167331
16	0.0001	89	62	0.05661464765507188
16	0.0001	89	53	0.05661464765507188
16	0.0001	89	88	0.05661464765507188
16	0.0001	89	98	0.05661464765507188
16	0.0001	89	74	0.032709389138724745
16	0.0001	89	71	0.0160297238167331
16	0.0001	89	22	0.0160297238167331
16	0.0001	89	19	0.0160297238167331
16	0.0001	89	17	0.009947061190183062
16	0.0001	90	2	0.11089377590968473
16	0.0001	90	15	0.09176913786036774
16	0.0001	90	55	0.06947488785090569
16	0.0001	90	0	0.06650711025571952
16	0.0001	90	46	0.06650711025571952
16	0.0001	90	69	0.06650711025571952
16	0.0001	90	21	0.05862934815739399
16	0.0001	90	12	0.05862934815739399
16	0.0001	90	38	0.05862934815739399
16	0.0001	90	88	0.05862934815739399
16	0.0001	90	24	0.014446527823723892
16	0.0001	90	62	0.05862934815739399
16	0.0001	90	53	0.05862934815739399
16	0.0001	90	98	0.05862934815739399
16	0.0001	90	74	0.03700025445126351
16	0.0001	90	71	0.017217704416372125
16	0.0001	90	14	0.014446527823723892
16	0.0001	90	19	0.014446527823723892
16	0.0001	90	22	0.014446527823723892
16	0.0001	90	17	0.009759520638066019
16	0.0001	91	2	0.11959015261710071
16	0.0001	91	15	0.08968108445905293
16	0.0001	91	55	0.07412418909933652
16	0.0001	91	0	0.07412418909933652
16	0.0001	91	46	0.07412418909933652
16	0.0001	91	69	0.07412418909933652
16	0.0001	91	38	0.05759751701269538
16	0.0001	91	12	0.05759751701269538
16	0.0001	91	21	0.05759751701269538
16	0.0001	91	24	0.015772670336197274
16	0.0001	91	14	0.015772670336197274
16	0.0001	91	98	0.05759751701269538
16	0.0001	91	62	0.05759751701269538
16	0.0001	91	53	0.05759751701269538
16	0.0001	91	88	0.05759751701269538
16	0.0001	91	74	0.03181463009048759
16	0.0001	91	71	0.015772670336197274
16	0.0001	91	19	0.015772670336197274
16	0.0001	91	22	0.015772670336197274
16	0.0001	91	76	0.015772670336197274
16	0.0001	92	2	0.12535531126036553
16	0.0001	92	15	0.1023510613093453
16	0.0001	92	55	0.07859788015380079
16	0.0001	92	0	0.07859788015380079
16	0.0001	92	21	0.0402209620357339
16	0.0001	92	46	0.07859788015380079
16	0.0001	92	69	0.07859788015380079
16	0.0001	92	12	0.023722008381590318
16	0.0001	92	38	0.02357427614324568
16	0.0001	92	24	0.02058613853060895
16	0.0001	92	14	0.02058613853060895
16	0.0001	92	62	0.02357427614324568
16	0.0001	92	88	0.02357427614324568
16	0.0001	92	53	0.02357427614324568
16	0.0001	92	98	0.02357427614324568
16	0.0001	92	19	0.02357427614324568
16	0.0001	92	74	0.008317890516424205
16	0.0001	92	22	0.02058613853060895
16	0.0001	92	17	0.02058613853060895
16	0.0001	92	13	0.008657837232578408
16	0.0001	93	2	0.11629614012068971
16	0.0001	93	15	0.1080700872265585
16	0.0001	93	55	0.06996949283994218
16	0.0001	93	0	0.06749080705296041
16	0.0001	93	69	0.06749080705296041
16	0.0001	93	46	0.06749080705296041
16	0.0001	93	38	0.05232749953134697
16	0.0001	93	12	0.053559229554673696
16	0.0001	93	21	0.053559229554673696
16	0.0001	93	24	0.01607342596921151
16	0.0001	93	53	0.05232749953134697
16	0.0001	93	88	0.05232749953134697
16	0.0001	93	98	0.05232749953134697
16	0.0001	93	62	0.05232749953134697
16	0.0001	93	74	0.04857831433465873
16	0.0001	93	71	0.008376954391215639
16	0.0001	93	86	0.008376954391215639
16	0.0001	93	14	0.01607342596921151
16	0.0001	93	19	0.01607342596921151
16	0.0001	93	22	0.01607342596921151
16	0.0001	93	5	0.01607342596921151
16	0.0001	93	17	0.01607342596921151
16	0.0001	94	2	0.12223207690378599
16	0.0001	94	15	0.12223207690378599
16	0.0001	94	55	0.09445007197803586
16	0.0001	94	0	0.09445007197803586
16	0.0001	94	69	0.09445007197803586
16	0.0001	94	46	0.09445007197803586
16	0.0001	94	38	0.0568426300390437
16	0.0001	94	12	0.0568426300390437
16	0.0001	94	21	0.0568426300390437
16	0.0001	94	24	0.010204802751198238
16	0.0001	94	53	0.0568426300390437
16	0.0001	94	19	0.010204802751198238
16	0.0001	94	14	0.010204802751198238
16	0.0001	94	98	0.0568426300390437
16	0.0001	94	88	0.0568426300390437
16	0.0001	94	62	0.0568426300390437
16	0.0001	94	74	0.022969631089818365
16	0.0001	94	86	0.022969631089818365
16	0.0001	94	71	0.018467042252314745
16	0.0001	94	76	0.008038382421092281
16	0.0001	94	22	0.010204802751198238
16	0.0001	95	2	0.12178980596376775
16	0.0001	95	15	0.08815491468961605
16	0.0001	95	55	0.07146701872188652
16	0.0001	95	0	0.06736917585617057
16	0.0001	95	46	0.06736917585617057
16	0.0001	95	69	0.06736917585617057
16	0.0001	95	38	0.04805439659120362
16	0.0001	95	12	0.04963352630651482
16	0.0001	95	21	0.04963352630651482
16	0.0001	95	24	0.016481618066962946
16	0.0001	95	14	0.016481618066962946
16	0.0001	95	88	0.04805439659120362
16	0.0001	95	53	0.04805439659120362
16	0.0001	95	98	0.04805439659120362
16	0.0001	95	62	0.04805439659120362
16	0.0001	95	74	0.039789286529980095
16	0.0001	95	71	0.020252878810922654
16	0.0001	95	76	0.00441640239046974
16	0.0001	95	22	0.016481618066962946
16	0.0001	95	19	0.016481618066962946
16	0.0001	95	17	0.011984806533840126
16	0.0001	96	2	0.12195714018931515
16	0.0001	96	15	0.12195714018931515
16	0.0001	96	55	0.09534670813822445
16	0.0001	96	0	0.09534670813822445
16	0.0001	96	46	0.09534670813822445
16	0.0001	96	69	0.09534670813822445
16	0.0001	96	38	0.044371690221912806
16	0.0001	96	12	0.05070647704388127
16	0.0001	96	21	0.05070647704388127
16	0.0001	96	24	0.013070473251552864
16	0.0001	96	53	0.044371690221912806
16	0.0001	96	62	0.044371690221912806
16	0.0001	96	88	0.044371690221912806
16	0.0001	96	98	0.044371690221912806
16	0.0001	96	86	0.02720306807384116
16	0.0001	96	74	0.02720306807384116
16	0.0001	96	71	0.016841111362247998
16	0.0001	96	76	0.008250666885448978
16	0.0001	96	19	0.013070473251552864
16	0.0001	96	14	0.013070473251552864
16	0.0001	96	22	0.013070473251552864
16	0.0001	97	2	0.1108376440697029
16	0.0001	97	15	0.09849016086817193
16	0.0001	97	55	0.07065880350206093
16	0.0001	97	0	0.06249585676371841
16	0.0001	97	69	0.06372193088587579
16	0.0001	97	46	0.06372193088587579
16	0.0001	97	21	0.056432811568205225
16	0.0001	97	12	0.056432811568205225
16	0.0001	97	38	0.055653253533725085
16	0.0001	97	88	0.055653253533725085
16	0.0001	97	24	0.012697305001953747
16	0.0001	97	22	0.012697305001953747
16	0.0001	97	19	0.012697305001953747
16	0.0001	97	14	0.012697305001953747
16	0.0001	97	98	0.055653253533725085
16	0.0001	97	62	0.055653253533725085
16	0.0001	97	53	0.055653253533725085
16	0.0001	97	74	0.0429041233149012
16	0.0001	97	86	0.012697305001953747
16	0.0001	97	71	0.012697305001953747
16	0.0001	98	2	0.1261202765302742
16	0.0001	98	15	0.1261202765302742
16	0.0001	98	55	0.10364571376390733
16	0.0001	98	0	0.10364571376390733
16	0.0001	98	46	0.10364571376390733
16	0.0001	98	69	0.10364571376390733
16	0.0001	98	38	0.0583381813109385
16	0.0001	98	12	0.0583381813109385
16	0.0001	98	21	0.0583381813109385
16	0.0001	98	24	0.012363107961454367
16	0.0001	98	14	0.012363107961454367
16	0.0001	98	88	0.0583381813109385
16	0.0001	98	53	0.0583381813109385
16	0.0001	98	98	0.0583381813109385
16	0.0001	98	62	0.0583381813109385
16	0.0001	98	74	0.032248683333079946
16	0.0001	98	71	0.012363107961454367
16	0.0001	98	86	0.006945272213568328
16	0.0001	98	22	0.012363107961454367
16	0.0001	98	19	0.012363107961454367
16	0.0001	98	17	0.010816824418948642
16	0.0001	99	2	0.11244132819745448
16	0.0001	99	15	0.08978773954482375
16	0.0001	99	55	0.07489286961078091
16	0.0001	99	0	0.07489286961078091
16	0.0001	99	46	0.07489286961078091
16	0.0001	99	69	0.07489286961078091
16	0.0001	99	38	0.05685091284134524
16	0.0001	99	12	0.05685091284134524
16	0.0001	99	21	0.05685091284134524
16	0.0001	99	24	0.020076112026684675
16	0.0001	99	14	0.020076112026684675
16	0.0001	99	98	0.05685091284134524
16	0.0001	99	62	0.05685091284134524
16	0.0001	99	53	0.05685091284134524
16	0.0001	99	88	0.05685091284134524
16	0.0001	99	74	0.03490388273300867
16	0.0001	99	71	0.020076112026684675
16	0.0001	99	22	0.020076112026684675
16	0.0001	99	19	0.020076112026684675
16	0.0001	99	17	0.01072009434718064
16	0.0001	100	2	0.11694713599890635
16	0.0001	100	15	0.11376848941279077
16	0.0001	100	55	0.10126505542128467
16	0.0001	100	0	0.10126505542128467
16	0.0001	100	69	0.10126505542128467
16	0.0001	100	46	0.10126505542128467
16	0.0001	100	21	0.035508620000316196
16	0.0001	100	12	0.031153210446545468
16	0.0001	100	24	0.02091993144426729
16	0.0001	100	22	0.010337884317451949
16	0.0001	100	62	0.031153210446545468
16	0.0001	100	38	0.031153210446545468
16	0.0001	100	53	0.031153210446545468
16	0.0001	100	88	0.031153210446545468
16	0.0001	100	86	0.022476951540516196
16	0.0001	100	74	0.022476951540516196
16	0.0001	100	98	0.010337884317451949
16	0.0001	100	71	0.010337884317451949
16	0.0001	100	19	0.010337884317451949
16	0.0001	100	14	0.010337884317451949
16	0.001	1	2	0.12267605753012822
16	0.001	1	15	0.1001466852298604
16	0.001	1	55	0.09587774655995564
16	0.001	1	0	0.09587774655995564
16	0.001	1	69	0.09587774655995564
16	0.001	1	46	0.09587774655995564
16	0.001	1	21	0.04492255782120812
16	0.001	1	12	0.04492255782120812
16	0.001	1	38	0.03109396853189613
16	0.001	1	53	0.03109396853189613
16	0.001	1	62	0.03109396853189613
16	0.001	1	98	0.03109396853189613
16	0.001	1	88	0.03109396853189613
16	0.001	1	24	0.02272142702413597
16	0.001	1	14	0.02272142702413597
16	0.001	1	86	0.018107174979645188
16	0.001	1	74	0.018107174979645188
16	0.001	1	17	0.018107174979645188
16	0.001	1	22	0.02272142702413597
16	0.001	1	19	0.02272142702413597
16	0.001	1	71	0.0047849400603008395
16	0.001	1	7	0.0047849400603008395
16	0.001	1	10	0.0047849400603008395
16	0.001	2	2	0.10799243003869204
16	0.001	2	15	0.10536725923076308
16	0.001	2	55	0.0918451943040377
16	0.001	2	0	0.0918451943040377
16	0.001	2	69	0.0918451943040377
16	0.001	2	46	0.0918451943040377
16	0.001	2	21	0.054316930961519135
16	0.001	2	12	0.054316930961519135
16	0.001	2	38	0.054316930961519135
16	0.001	2	53	0.054316930961519135
16	0.001	2	62	0.054316930961519135
16	0.001	2	98	0.054316930961519135
16	0.001	2	88	0.054316930961519135
16	0.001	2	74	0.009172154172662922
16	0.001	2	14	0.013800948886427206
16	0.001	2	24	0.013800948886427206
16	0.001	2	22	0.013800948886427206
16	0.001	2	19	0.013800948886427206
16	0.001	2	17	0.013800948886427206
16	0.001	2	86	0.0029933545185027214
16	0.001	3	2	0.12417169542775014
16	0.001	3	15	0.08746695371680337
16	0.001	3	55	0.07705119583483455
16	0.001	3	0	0.07705119583483455
16	0.001	3	69	0.07705119583483455
16	0.001	3	46	0.07705119583483455
16	0.001	3	12	0.055365527064731496
16	0.001	3	21	0.055365527064731496
16	0.001	3	38	0.055365527064731496
16	0.001	3	53	0.055365527064731496
16	0.001	3	88	0.055365527064731496
16	0.001	3	62	0.055365527064731496
16	0.001	3	14	0.017336901441458052
16	0.001	3	98	0.017336901441458052
16	0.001	3	19	0.016469962172497226
16	0.001	3	74	0.016469962172497226
16	0.001	3	17	0.016469962172497226
16	0.001	3	5	0.016469962172497226
16	0.001	3	24	0.016469962172497226
16	0.001	3	22	0.016469962172497226
16	0.001	4	2	0.11452580009865027
16	0.001	4	15	0.10552908041945189
16	0.001	4	55	0.09430696216714418
16	0.001	4	0	0.09430696216714418
16	0.001	4	46	0.09430696216714418
16	0.001	4	69	0.09430696216714418
16	0.001	4	38	0.03798925409267662
16	0.001	4	12	0.048792465805995194
16	0.001	4	21	0.048792465805995194
16	0.001	4	53	0.03798925409267662
16	0.001	4	24	0.0199973260792847
16	0.001	4	98	0.03798925409267662
16	0.001	4	88	0.03798925409267662
16	0.001	4	62	0.03798925409267662
16	0.001	4	74	0.020008744796458526
16	0.001	4	14	0.0199973260792847
16	0.001	4	19	0.0199973260792847
16	0.001	4	22	0.0199973260792847
16	0.001	4	17	0.0199973260792847
16	0.001	4	5	0.007162683320652935
16	0.001	5	2	0.11444461412265791
16	0.001	5	15	0.08737849623219685
16	0.001	5	55	0.07776954965510208
16	0.001	5	0	0.07776954965510208
16	0.001	5	46	0.07776954965510208
16	0.001	5	69	0.07776954965510208
16	0.001	5	21	0.055975000534522354
16	0.001	5	12	0.055975000534522354
16	0.001	5	24	0.022163352386331964
16	0.001	5	38	0.04009144274994767
16	0.001	5	88	0.04009144274994767
16	0.001	5	22	0.022163352386331964
16	0.001	5	19	0.022163352386331964
16	0.001	5	14	0.022163352386331964
16	0.001	5	98	0.04009144274994767
16	0.001	5	62	0.04009144274994767
16	0.001	5	53	0.04009144274994767
16	0.001	5	74	0.04009144274994767
16	0.001	5	71	0.022163352386331964
16	0.001	5	76	0.01054563990494208
16	0.001	6	2	0.11118939554131212
16	0.001	6	15	0.10962057415768717
16	0.001	6	55	0.09256241056027384
16	0.001	6	0	0.09256241056027384
16	0.001	6	46	0.09256241056027384
16	0.001	6	69	0.09256241056027384
16	0.001	6	38	0.03779825625523163
16	0.001	6	12	0.045665293331791
16	0.001	6	21	0.045665293331791
16	0.001	6	24	0.016133956736340778
16	0.001	6	14	0.016133956736340778
16	0.001	6	62	0.03779825625523163
16	0.001	6	53	0.03779825625523163
16	0.001	6	88	0.03779825625523163
16	0.001	6	98	0.03779825625523163
16	0.001	6	74	0.024997121272302386
16	0.001	6	86	0.024997121272302386
16	0.001	6	71	0.019553122366788724
16	0.001	6	19	0.016133956736340778
16	0.001	6	22	0.016133956736340778
16	0.001	7	2	0.11746899755701894
16	0.001	7	15	0.0878824336848796
16	0.001	7	55	0.07134191604852749
16	0.001	7	0	0.07134191604852749
16	0.001	7	69	0.07134191604852749
16	0.001	7	46	0.07134191604852749
16	0.001	7	21	0.051616067157395376
16	0.001	7	12	0.051616067157395376
16	0.001	7	38	0.051616067157395376
16	0.001	7	53	0.051616067157395376
16	0.001	7	14	0.011821946133947029
16	0.001	7	24	0.011821946133947029
16	0.001	7	98	0.051616067157395376
16	0.001	7	62	0.051616067157395376
16	0.001	7	88	0.051616067157395376
16	0.001	7	74	0.03492500865646692
16	0.001	7	71	0.01779260698257568
16	0.001	7	76	0.011821946133947029
16	0.001	7	63	0.011821946133947029
16	0.001	7	17	0.009638945079632607
16	0.001	7	22	0.009638945079632607
16	0.001	7	19	0.009638945079632607
16	0.001	8	2	0.12000578820809167
16	0.001	8	15	0.0844821855057211
16	0.001	8	55	0.07408990013985156
16	0.001	8	0	0.07398813294027955
16	0.001	8	69	0.07398813294027955
16	0.001	8	46	0.07398813294027955
16	0.001	8	38	0.05326376020993247
16	0.001	8	12	0.05326376020993247
16	0.001	8	21	0.05326376020993247
16	0.001	8	24	0.01367384098358723
16	0.001	8	14	0.01367384098358723
16	0.001	8	62	0.05326376020993247
16	0.001	8	53	0.05326376020993247
16	0.001	8	88	0.05326376020993247
16	0.001	8	98	0.05326376020993247
16	0.001	8	74	0.03857976558221299
16	0.001	8	71	0.01367384098358723
16	0.001	8	22	0.01367384098358723
16	0.001	8	19	0.01367384098358723
16	0.001	8	17	0.011157432570242891
16	0.001	9	2	0.10508953177560093
16	0.001	9	15	0.1031721114041536
16	0.001	9	55	0.07469097088221557
16	0.001	9	0	0.06406596912409637
16	0.001	9	46	0.06406596912409637
16	0.001	9	69	0.06406596912409637
16	0.001	9	21	0.05046609038972085
16	0.001	9	12	0.05046609038972085
16	0.001	9	38	0.05046609038972085
16	0.001	9	14	0.012521910408067648
16	0.001	9	24	0.012521910408067648
16	0.001	9	53	0.05046609038972085
16	0.001	9	88	0.05046609038972085
16	0.001	9	98	0.05046609038972085
16	0.001	9	62	0.05046609038972085
16	0.001	9	74	0.03635813786140758
16	0.001	9	71	0.012521910408067648
16	0.001	9	19	0.012521910408067648
16	0.001	9	22	0.012521910408067648
16	0.001	9	17	0.010991432967442873
16	0.001	10	2	0.11096948813000432
16	0.001	10	15	0.094943010630735
16	0.001	10	55	0.07956870307385212
16	0.001	10	0	0.07956870307385212
16	0.001	10	46	0.07956870307385212
16	0.001	10	69	0.07956870307385212
16	0.001	10	38	0.05465448007575672
16	0.001	10	12	0.05465448007575672
16	0.001	10	21	0.05465448007575672
16	0.001	10	24	0.01351594471688643
16	0.001	10	88	0.05465448007575672
16	0.001	10	53	0.05465448007575672
16	0.001	10	98	0.05465448007575672
16	0.001	10	62	0.05465448007575672
16	0.001	10	74	0.0231415202053374
16	0.001	10	86	0.0231415202053374
16	0.001	10	71	0.016589688360701134
16	0.001	10	76	0.010405751026439515
16	0.001	10	14	0.01351594471688643
16	0.001	10	40	0.010405751026439515
16	0.001	10	63	0.010405751026439515
16	0.001	10	22	0.01351594471688643
16	0.001	10	19	0.01351594471688643
16	0.001	11	2	0.1119452399949861
16	0.001	11	15	0.10996224830933435
16	0.001	11	55	0.09957063797818966
16	0.001	11	0	0.09957063797818966
16	0.001	11	69	0.09957063797818966
16	0.001	11	46	0.09957063797818966
16	0.001	11	21	0.024059959747388282
16	0.001	11	12	0.024059959747388282
16	0.001	11	88	0.024059959747388282
16	0.001	11	53	0.024059959747388282
16	0.001	11	38	0.024059959747388282
16	0.001	11	98	0.024059959747388282
16	0.001	11	62	0.024059959747388282
16	0.001	11	14	0.016420771596491905
16	0.001	11	74	0.024059959747388282
16	0.001	11	86	0.024059959747388282
16	0.001	11	19	0.011228313818836252
16	0.001	11	24	0.016420771596491905
16	0.001	11	22	0.016420771596491905
16	0.001	11	71	0.002289718196530574
16	0.001	12	2	0.11200555569925087
16	0.001	12	15	0.10671353374616328
16	0.001	12	55	0.07242024824993382
16	0.001	12	0	0.059117617083365284
16	0.001	12	69	0.0651303204207191
16	0.001	12	46	0.0651303204207191
16	0.001	12	21	0.05118350509685804
16	0.001	12	12	0.05118350509685804
16	0.001	12	38	0.0432229904071332
16	0.001	12	14	0.017938947154159262
16	0.001	12	24	0.017938947154159262
16	0.001	12	22	0.017938947154159262
16	0.001	12	19	0.017938947154159262
16	0.001	12	98	0.0432229904071332
16	0.001	12	62	0.0432229904071332
16	0.001	12	88	0.0432229904071332
16	0.001	12	53	0.0432229904071332
16	0.001	12	74	0.0380226625419673
16	0.001	12	86	0.0380226625419673
16	0.001	12	71	0.019447552039627843
16	0.001	13	2	0.12151432507201604
16	0.001	13	15	0.12151432507201604
16	0.001	13	55	0.10493734694862941
16	0.001	13	0	0.10493734694862941
16	0.001	13	69	0.10493734694862941
16	0.001	13	46	0.10493734694862941
16	0.001	13	21	0.05893700403895536
16	0.001	13	12	0.05893700403895536
16	0.001	13	38	0.05647142597154699
16	0.001	13	88	0.05647142597154699
16	0.001	13	24	0.013114746579385123
16	0.001	13	22	0.011124920268461132
16	0.001	13	19	0.013114746579385123
16	0.001	13	14	0.013114746579385123
16	0.001	13	98	0.05647142597154699
16	0.001	13	62	0.05647142597154699
16	0.001	13	53	0.05647142597154699
16	0.001	13	86	0.04098164471429766
16	0.001	13	74	0.04098164471429766
16	0.001	13	71	0.013114746579385123
16	0.001	14	2	0.11507048638474872
16	0.001	14	15	0.10356993103207444
16	0.001	14	55	0.07322032711102297
16	0.001	14	0	0.06226363437185985
16	0.001	14	46	0.06259332813755115
16	0.001	14	69	0.06259332813755115
16	0.001	14	21	0.06135431382420791
16	0.001	14	12	0.06135431382420791
16	0.001	14	38	0.0587355782232987
16	0.001	14	53	0.0587355782232987
16	0.001	14	19	0.011532704308202434
16	0.001	14	14	0.011532704308202434
16	0.001	14	24	0.011532704308202434
16	0.001	14	62	0.0587355782232987
16	0.001	14	88	0.0587355782232987
16	0.001	14	98	0.0587355782232987
16	0.001	14	74	0.042956898574137294
16	0.001	14	71	0.012215858875577317
16	0.001	14	76	0.012215858875577317
16	0.001	14	22	0.008822952143174917
16	0.001	14	17	0.008822952143174917
16	0.001	14	63	0.006223161390840915
16	0.001	15	2	0.1164294679451108
16	0.001	15	15	0.09035537391699584
16	0.001	15	55	0.07329664790812157
16	0.001	15	0	0.07329664790812157
16	0.001	15	46	0.07329664790812157
16	0.001	15	69	0.07329664790812157
16	0.001	15	21	0.05742043573030634
16	0.001	15	12	0.05742043573030634
16	0.001	15	38	0.05608872005187038
16	0.001	15	24	0.018744281752739247
16	0.001	15	88	0.05608872005187038
16	0.001	15	53	0.05608872005187038
16	0.001	15	22	0.018744281752739247
16	0.001	15	19	0.018744281752739247
16	0.001	15	14	0.018744281752739247
16	0.001	15	98	0.05608872005187038
16	0.001	15	62	0.05608872005187038
16	0.001	15	74	0.023461629060450052
16	0.001	15	86	0.018744281752739247
16	0.001	15	71	0.018744281752739247
16	0.001	16	2	0.12585114387366125
16	0.001	16	15	0.12585114387366125
16	0.001	16	0	0.10285217189429072
16	0.001	16	21	0.047413769329318345
16	0.001	16	12	0.047413769329318345
16	0.001	16	69	0.10285217189429072
16	0.001	16	46	0.10285217189429072
16	0.001	16	55	0.10285217189429072
16	0.001	16	38	0.04656747299849778
16	0.001	16	53	0.04656747299849778
16	0.001	16	88	0.04656747299849778
16	0.001	16	98	0.04656747299849778
16	0.001	16	24	0.01974298911831699
16	0.001	16	74	0.0280778797314175
16	0.001	16	86	0.0280778797314175
16	0.001	16	71	0.01974298911831699
16	0.001	16	14	0.01974298911831699
16	0.001	16	22	0.01974298911831699
16	0.001	16	19	0.01974298911831699
16	0.001	16	62	0.0035664258501401217
16	0.001	17	2	0.10833882761754321
16	0.001	17	15	0.10230904190897523
16	0.001	17	55	0.06980137238104966
16	0.001	17	0	0.06217633774471981
16	0.001	17	46	0.06456525541210222
16	0.001	17	69	0.06456525541210222
16	0.001	17	21	0.058406665420313066
16	0.001	17	12	0.058406665420313066
16	0.001	17	38	0.058406665420313066
16	0.001	17	24	0.015529668600776652
16	0.001	17	14	0.015529668600776652
16	0.001	17	98	0.058406665420313066
16	0.001	17	62	0.058406665420313066
16	0.001	17	53	0.058406665420313066
16	0.001	17	88	0.058406665420313066
16	0.001	17	74	0.02844766517457497
16	0.001	17	71	0.015746739876047498
16	0.001	17	76	0.010403108371512957
16	0.001	17	22	0.015529668600776652
16	0.001	17	19	0.015529668600776652
16	0.001	17	17	0.015529668600776652
16	0.001	18	2	0.11669531380645197
16	0.001	18	15	0.09452087262248715
16	0.001	18	55	0.07021809330513715
16	0.001	18	0	0.06710155076434089
16	0.001	18	46	0.06710155076434089
16	0.001	18	69	0.06710155076434089
16	0.001	18	38	0.04971722890125258
16	0.001	18	12	0.04971722890125258
16	0.001	18	21	0.04971722890125258
16	0.001	18	24	0.012070887142860857
16	0.001	18	88	0.04971722890125258
16	0.001	18	53	0.04971722890125258
16	0.001	18	19	0.012070887142860857
16	0.001	18	14	0.012070887142860857
16	0.001	18	98	0.04971722890125258
16	0.001	18	62	0.04971722890125258
16	0.001	18	74	0.040147831049119516
16	0.001	18	86	0.010942746167641083
16	0.001	18	71	0.010942746167641083
16	0.001	18	22	0.012070887142860857
16	0.001	18	17	0.011938619676028559
16	0.001	19	2	0.11316525722934279
16	0.001	19	15	0.09936434842508275
16	0.001	19	0	0.08193508080292042
16	0.001	19	55	0.08193508080292042
16	0.001	19	46	0.08193508080292042
16	0.001	19	69	0.08193508080292042
16	0.001	19	12	0.03668688583348769
16	0.001	19	21	0.03652260439940229
16	0.001	19	24	0.019948957609831938
16	0.001	19	38	0.03668688583348769
16	0.001	19	19	0.009064699887344867
16	0.001	19	98	0.03668688583348769
16	0.001	19	62	0.03668688583348769
16	0.001	19	88	0.03668688583348769
16	0.001	19	53	0.03668688583348769
16	0.001	19	74	0.03668688583348769
16	0.001	19	71	0.010192719631377042
16	0.001	19	22	0.005137449144586655
16	0.001	19	63	0.007122089888268277
16	0.001	19	76	0.007122089888268277
16	0.001	20	2	0.11691062630713357
16	0.001	20	15	0.10210169669429216
16	0.001	20	55	0.07191951356927637
16	0.001	20	0	0.06608431713299294
16	0.001	20	69	0.06608431713299294
16	0.001	20	46	0.06608431713299294
16	0.001	20	38	0.047052800376401104
16	0.001	20	12	0.051807908990519416
16	0.001	20	21	0.051807908990519416
16	0.001	20	24	0.012782583533400472
16	0.001	20	53	0.047052800376401104
16	0.001	20	88	0.047052800376401104
16	0.001	20	62	0.047052800376401104
16	0.001	20	98	0.047052800376401104
16	0.001	20	74	0.04444467982932517
16	0.001	20	71	0.008677372749658314
16	0.001	20	19	0.012782583533400472
16	0.001	20	14	0.012782583533400472
16	0.001	20	22	0.012782583533400472
16	0.001	20	17	0.012782583533400472
16	0.001	20	5	0.012782583533400472
16	0.001	21	2	0.1316977120068139
16	0.001	21	15	0.10498743628957433
16	0.001	21	55	0.09589842423108705
16	0.001	21	0	0.09589842423108705
16	0.001	21	69	0.09589842423108705
16	0.001	21	46	0.09589842423108705
16	0.001	21	38	0.045514739090685534
16	0.001	21	21	0.045514739090685534
16	0.001	21	12	0.045514739090685534
16	0.001	21	62	0.045514739090685534
16	0.001	21	88	0.045514739090685534
16	0.001	21	53	0.045514739090685534
16	0.001	21	14	0.014561421808892496
16	0.001	21	74	0.03745339998637158
16	0.001	21	98	0.03745339998637158
16	0.001	21	71	0.01205989831501874
16	0.001	21	86	0.011498829424805176
16	0.001	21	76	0.011498829424805176
16	0.001	21	22	0.014561421808892496
16	0.001	21	19	0.014561421808892496
16	0.001	21	24	0.014561421808892496
16	0.001	22	2	0.11083591364643475
16	0.001	22	15	0.11083591364643475
16	0.001	22	55	0.06900287537885635
16	0.001	22	0	0.06871592642084842
16	0.001	22	46	0.06871592642084842
16	0.001	22	69	0.06871592642084842
16	0.001	22	21	0.03663500531945317
16	0.001	22	12	0.03663500531945317
16	0.001	22	53	0.0355658301811626
16	0.001	22	38	0.0355658301811626
16	0.001	22	88	0.0355658301811626
16	0.001	22	98	0.0355658301811626
16	0.001	22	62	0.0355658301811626
16	0.001	22	74	0.0355658301811626
16	0.001	22	86	0.0355658301811626
16	0.001	22	71	0.015927780074614862
16	0.001	22	14	0.017689151633011477
16	0.001	22	24	0.017689151633011477
16	0.001	22	22	0.017689151633011477
16	0.001	22	76	0.0035714525698021513
16	0.001	23	2	0.10859225833740713
16	0.001	23	15	0.09051920380981152
16	0.001	23	55	0.0801782041097864
16	0.001	23	0	0.06804539425364127
16	0.001	23	69	0.06804539425364127
16	0.001	23	46	0.06804539425364127
16	0.001	23	21	0.04611643915955496
16	0.001	23	12	0.04611643915955496
16	0.001	23	38	0.033368459611983245
16	0.001	23	24	0.01104809271079661
16	0.001	23	62	0.033368459611983245
16	0.001	23	53	0.033368459611983245
16	0.001	23	98	0.033368459611983245
16	0.001	23	88	0.033368459611983245
16	0.001	23	74	0.033368459611983245
16	0.001	23	86	0.02156171733331096
16	0.001	23	76	0.010446204870783462
16	0.001	23	14	0.010660050448046477
16	0.001	23	19	0.010660050448046477
16	0.001	23	22	0.010660050448046477
16	0.001	23	17	0.010660050448046477
16	0.001	24	2	0.1165755462104812
16	0.001	24	15	0.10347992015841626
16	0.001	24	55	0.07728571549546837
16	0.001	24	0	0.048764953527414896
16	0.001	24	69	0.07728571549546837
16	0.001	24	46	0.07728571549546837
16	0.001	24	38	0.047817296810138306
16	0.001	24	12	0.047817296810138306
16	0.001	24	21	0.047817296810138306
16	0.001	24	24	0.017868434116425493
16	0.001	24	14	0.017868434116425493
16	0.001	24	19	0.017868434116425493
16	0.001	24	98	0.047817296810138306
16	0.001	24	62	0.047817296810138306
16	0.001	24	88	0.047817296810138306
16	0.001	24	53	0.047817296810138306
16	0.001	24	74	0.047817296810138306
16	0.001	24	71	0.017868434116425493
16	0.001	24	22	0.017868434116425493
16	0.001	24	76	0.003769028998017712
16	0.001	25	2	0.11413256904227818
16	0.001	25	15	0.10038420494307765
16	0.001	25	55	0.08515997170121524
16	0.001	25	0	0.08515997170121524
16	0.001	25	69	0.08515997170121524
16	0.001	25	46	0.08515997170121524
16	0.001	25	21	0.05770460359763607
16	0.001	25	12	0.05770460359763607
16	0.001	25	38	0.05770460359763607
16	0.001	25	14	0.014520138079214382
16	0.001	25	88	0.05770460359763607
16	0.001	25	98	0.05770460359763607
16	0.001	25	62	0.05770460359763607
16	0.001	25	53	0.05770460359763607
16	0.001	25	86	0.014520138079214382
16	0.001	25	28	0.0025782491394647873
16	0.001	25	19	0.014520138079214382
16	0.001	25	24	0.014520138079214382
16	0.001	25	22	0.014520138079214382
16	0.001	25	17	0.014520138079214382
16	0.001	25	13	0.003928474354493748
16	0.001	26	2	0.1137393318913424
16	0.001	26	15	0.09711083996412197
16	0.001	26	55	0.07322471971648989
16	0.001	26	0	0.06254020163826082
16	0.001	26	69	0.07322471971648989
16	0.001	26	46	0.07322471971648989
16	0.001	26	21	0.05076923356989177
16	0.001	26	12	0.05076923356989177
16	0.001	26	24	0.018189517351213397
16	0.001	26	14	0.018189517351213397
16	0.001	26	38	0.0390730661778614
16	0.001	26	22	0.018189517351213397
16	0.001	26	19	0.018189517351213397
16	0.001	26	98	0.0390730661778614
16	0.001	26	53	0.0390730661778614
16	0.001	26	62	0.0390730661778614
16	0.001	26	88	0.0390730661778614
16	0.001	26	86	0.0390730661778614
16	0.001	26	74	0.0390730661778614
16	0.001	26	71	0.018189517351213397
16	0.001	27	2	0.21001820780306843
16	0.001	27	55	0.08044472371477743
16	0.001	27	0	0.05572255613765623
16	0.001	27	15	0.08044472371477743
16	0.001	27	69	0.08044472371477743
16	0.001	27	46	0.08044472371477743
16	0.001	27	38	0.03985931184563677
16	0.001	27	12	0.049924496326348114
16	0.001	27	21	0.049924496326348114
16	0.001	27	24	0.019561419818365917
16	0.001	27	62	0.03985931184563677
16	0.001	27	53	0.03985931184563677
16	0.001	27	98	0.03985931184563677
16	0.001	27	74	0.0376125719576907
16	0.001	27	71	0.019561419818365917
16	0.001	27	80	0.019561419818365917
16	0.001	27	22	0.019561419818365917
16	0.001	27	19	0.019561419818365917
16	0.001	27	63	0.0050683161034501675
16	0.001	27	14	0.006107992763933902
16	0.001	27	5	0.006107992763933902
16	0.001	28	2	0.10810825003018876
16	0.001	28	15	0.10217597855382639
16	0.001	28	55	0.0901395220634776
16	0.001	28	0	0.0901395220634776
16	0.001	28	46	0.0901395220634776
16	0.001	28	69	0.0901395220634776
16	0.001	28	38	0.03772873932064553
16	0.001	28	12	0.053615598951687465
16	0.001	28	21	0.053615598951687465
16	0.001	28	14	0.010744948282382797
16	0.001	28	53	0.03772873932064553
16	0.001	28	88	0.03772873932064553
16	0.001	28	98	0.03772873932064553
16	0.001	28	62	0.03772873932064553
16	0.001	28	74	0.01956905504118052
16	0.001	28	86	0.013391045972917431
16	0.001	28	28	0.013391045972917431
16	0.001	28	1	0.013391045972917431
16	0.001	28	22	0.010744948282382797
16	0.001	28	19	0.010744948282382797
16	0.001	28	24	0.010744948282382797
16	0.001	28	17	0.010744948282382797
16	0.001	28	13	0.010744948282382797
16	0.001	29	2	0.11343906853651695
16	0.001	29	15	0.08944269719605853
16	0.001	29	55	0.07502818415261797
16	0.001	29	0	0.07502818415261797
16	0.001	29	69	0.07502818415261797
16	0.001	29	46	0.07502818415261797
16	0.001	29	21	0.0549652842603413
16	0.001	29	12	0.0549652842603413
16	0.001	29	24	0.016735653136996653
16	0.001	29	38	0.046809948055913
16	0.001	29	19	0.016735653136996653
16	0.001	29	14	0.016735653136996653
16	0.001	29	98	0.046809948055913
16	0.001	29	62	0.046809948055913
16	0.001	29	88	0.046809948055913
16	0.001	29	53	0.046809948055913
16	0.001	29	74	0.04148683071779144
16	0.001	29	71	0.016735653136996653
16	0.001	29	22	0.010298315581689022
16	0.001	29	17	0.010298315581689022
16	0.001	30	2	0.11114624849884218
16	0.001	30	15	0.09817132065562466
16	0.001	30	55	0.06927952793117573
16	0.001	30	0	0.06542402354393549
16	0.001	30	46	0.06542402354393549
16	0.001	30	69	0.06542402354393549
16	0.001	30	21	0.055575613320898755
16	0.001	30	12	0.055575613320898755
16	0.001	30	38	0.048613865568768094
16	0.001	30	24	0.011417147994900529
16	0.001	30	88	0.048613865568768094
16	0.001	30	62	0.048613865568768094
16	0.001	30	53	0.048613865568768094
16	0.001	30	98	0.048613865568768094
16	0.001	30	74	0.04655338105371027
16	0.001	30	71	0.010532916574669492
16	0.001	30	86	0.007998775390938682
16	0.001	30	22	0.011417147994900529
16	0.001	30	19	0.011417147994900529
16	0.001	30	14	0.011417147994900529
16	0.001	30	17	0.011417147994900529
16	0.001	30	5	0.011417147994900529
16	0.001	31	2	0.11817757895461124
16	0.001	31	15	0.08843787418985168
16	0.001	31	55	0.07403843643161614
16	0.001	31	0	0.07403843643161614
16	0.001	31	69	0.07403843643161614
16	0.001	31	46	0.07403843643161614
16	0.001	31	38	0.04935705206017323
16	0.001	31	12	0.05867955884320228
16	0.001	31	21	0.05867955884320228
16	0.001	31	24	0.016621425740056924
16	0.001	31	53	0.04935705206017323
16	0.001	31	88	0.04935705206017323
16	0.001	31	62	0.04935705206017323
16	0.001	31	98	0.04935705206017323
16	0.001	31	74	0.04014852871510661
16	0.001	31	86	0.04014852871510661
16	0.001	31	19	0.016621425740056924
16	0.001	31	14	0.016621425740056924
16	0.001	31	22	0.014739128763582207
16	0.001	31	17	0.014739128763582207
16	0.001	32	2	0.1070259573459459
16	0.001	32	15	0.10550446095764808
16	0.001	32	55	0.0711037656919305
16	0.001	32	0	0.06074540182545558
16	0.001	32	69	0.06306307544324959
16	0.001	32	46	0.06306307544324959
16	0.001	32	21	0.058480875191769734
16	0.001	32	12	0.058480875191769734
16	0.001	32	38	0.04689763217728116
16	0.001	32	24	0.011707630137486212
16	0.001	32	53	0.04689763217728116
16	0.001	32	88	0.04689763217728116
16	0.001	32	62	0.04689763217728116
16	0.001	32	98	0.04689763217728116
16	0.001	32	74	0.04569408403478629
16	0.001	32	71	0.01178218009424843
16	0.001	32	76	0.011223066056626915
16	0.001	32	14	0.011707630137486212
16	0.001	32	22	0.011707630137486212
16	0.001	32	19	0.011707630137486212
16	0.001	33	2	0.11635447297937919
16	0.001	33	15	0.10304043272730953
16	0.001	33	55	0.07193554781041472
16	0.001	33	0	0.060163702125587054
16	0.001	33	46	0.07193554781041472
16	0.001	33	69	0.07193554781041472
16	0.001	33	21	0.060163702125587054
16	0.001	33	12	0.060163702125587054
16	0.001	33	24	0.016233682258278193
16	0.001	33	53	0.05407007952171441
16	0.001	33	38	0.05407007952171441
16	0.001	33	88	0.05407007952171441
16	0.001	33	62	0.05407007952171441
16	0.001	33	98	0.05407007952171441
16	0.001	33	74	0.02888374153328998
16	0.001	33	71	0.020315811555981507
16	0.001	33	76	0.006037123585561967
16	0.001	33	19	0.016233682258278193
16	0.001	33	14	0.016233682258278193
16	0.001	33	22	0.016233682258278193
16	0.001	33	17	0.016233682258278193
16	0.001	34	2	0.10891135808339329
16	0.001	34	15	0.08733185415241775
16	0.001	34	55	0.07123464172661807
16	0.001	34	0	0.07123464172661807
16	0.001	34	46	0.07123464172661807
16	0.001	34	69	0.07123464172661807
16	0.001	34	21	0.04566536275680398
16	0.001	34	12	0.04566536275680398
16	0.001	34	38	0.04496818200127348
16	0.001	34	24	0.030464533040557247
16	0.001	34	14	0.030464533040557247
16	0.001	34	19	0.030464533040557247
16	0.001	34	22	0.030464533040557247
16	0.001	34	98	0.04496818200127348
16	0.001	34	62	0.04496818200127348
16	0.001	34	53	0.04496818200127348
16	0.001	34	88	0.04496818200127348
16	0.001	34	74	0.03110205056963996
16	0.001	34	17	0.03110205056963996
16	0.001	34	34	0.0034345594669329326
16	0.001	35	2	0.12220089147000163
16	0.001	35	15	0.0929923266964893
16	0.001	35	55	0.0770419842163594
16	0.001	35	0	0.0770419842163594
16	0.001	35	69	0.0770419842163594
16	0.001	35	46	0.0770419842163594
16	0.001	35	21	0.058712767041850016
16	0.001	35	12	0.058712767041850016
16	0.001	35	38	0.03232301812553894
16	0.001	35	24	0.021083528853192073
16	0.001	35	19	0.021083528853192073
16	0.001	35	53	0.03232301812553894
16	0.001	35	88	0.03232301812553894
16	0.001	35	98	0.03232301812553894
16	0.001	35	62	0.03232301812553894
16	0.001	35	14	0.021083528853192073
16	0.001	35	22	0.021083528853192073
16	0.001	35	17	0.013783475815378756
16	0.001	35	5	0.013783475815378756
16	0.001	35	28	0.00708046429566489
16	0.001	36	2	0.11527069242076646
16	0.001	36	15	0.10073120053654887
16	0.001	36	55	0.0723106045948695
16	0.001	36	0	0.061004096889306095
16	0.001	36	46	0.06398214874592478
16	0.001	36	69	0.06398214874592478
16	0.001	36	38	0.048493348662271625
16	0.001	36	12	0.05470481788644045
16	0.001	36	21	0.05470481788644045
16	0.001	36	24	0.012812239132676444
16	0.001	36	53	0.048493348662271625
16	0.001	36	88	0.048493348662271625
16	0.001	36	98	0.048493348662271625
16	0.001	36	62	0.048493348662271625
16	0.001	36	74	0.03923882086458584
16	0.001	36	19	0.012812239132676444
16	0.001	36	71	0.012812239132676444
16	0.001	36	14	0.012812239132676444
16	0.001	36	22	0.012812239132676444
16	0.001	36	17	0.012386011110604948
16	0.001	37	2	0.10901010440752613
16	0.001	37	15	0.09980840215383308
16	0.001	37	55	0.06960351757846683
16	0.001	37	0	0.06048839216909924
16	0.001	37	69	0.06381152134107952
16	0.001	37	46	0.06381152134107952
16	0.001	37	21	0.050721690673435384
16	0.001	37	12	0.050721690673435384
16	0.001	37	24	0.017927896364452873
16	0.001	37	38	0.050721690673435384
16	0.001	37	88	0.050721690673435384
16	0.001	37	98	0.050721690673435384
16	0.001	37	62	0.050721690673435384
16	0.001	37	53	0.050721690673435384
16	0.001	37	74	0.033688364024241774
16	0.001	37	71	0.013331707104548486
16	0.001	37	86	0.007186854618587292
16	0.001	37	22	0.014158106437702964
16	0.001	37	19	0.014158106437702964
16	0.001	37	14	0.014158106437702964
16	0.001	38	2	0.10920397131351339
16	0.001	38	15	0.08755347968427085
16	0.001	38	55	0.07309983951424012
16	0.001	38	0	0.07309983951424012
16	0.001	38	46	0.07309983951424012
16	0.001	38	69	0.07309983951424012
16	0.001	38	38	0.055217598213542725
16	0.001	38	12	0.055217598213542725
16	0.001	38	21	0.055217598213542725
16	0.001	38	24	0.01297383252079614
16	0.001	38	14	0.01297383252079614
16	0.001	38	19	0.01297383252079614
16	0.001	38	98	0.055217598213542725
16	0.001	38	62	0.055217598213542725
16	0.001	38	53	0.055217598213542725
16	0.001	38	88	0.055217598213542725
16	0.001	38	74	0.03688113534256366
16	0.001	38	71	0.01886020179113907
16	0.001	38	76	0.01189081073378331
16	0.001	38	22	0.01297383252079614
16	0.001	39	2	0.12593850210874957
16	0.001	39	15	0.12593850210874957
16	0.001	39	55	0.11052003701828578
16	0.001	39	0	0.11052003701828578
16	0.001	39	69	0.11052003701828578
16	0.001	39	46	0.11052003701828578
16	0.001	39	21	0.05924684335998264
16	0.001	39	12	0.05924684335998264
16	0.001	39	38	0.05109254883647384
16	0.001	39	53	0.05109254883647384
16	0.001	39	88	0.05109254883647384
16	0.001	39	62	0.05109254883647384
16	0.001	39	98	0.05109254883647384
16	0.001	39	86	0.04244138454988811
16	0.001	39	74	0.04244138454988811
16	0.001	39	71	0.007079523011075997
16	0.001	39	76	0.007079523011075997
16	0.001	39	19	0.011679738156282943
16	0.001	39	24	0.011679738156282943
16	0.001	39	14	0.011679738156282943
16	0.001	39	22	0.011679738156282943
16	0.001	39	17	0.01160840752980248
16	0.001	40	2	0.11422869561049971
16	0.001	40	15	0.09291582094678552
16	0.001	40	55	0.07405185426710488
16	0.001	40	0	0.07169725631119578
16	0.001	40	46	0.07169725631119578
16	0.001	40	69	0.07169725631119578
16	0.001	40	21	0.059666935970118504
16	0.001	40	12	0.059666935970118504
16	0.001	40	24	0.01600974749686046
16	0.001	40	14	0.01600974749686046
16	0.001	40	88	0.04928987987522251
16	0.001	40	53	0.04928987987522251
16	0.001	40	38	0.04928987987522251
16	0.001	40	22	0.01600974749686046
16	0.001	40	19	0.01600974749686046
16	0.001	40	62	0.04928987987522251
16	0.001	40	98	0.04928987987522251
16	0.001	40	74	0.0278924644856884
16	0.001	40	86	0.0278924644856884
16	0.001	40	71	0.021121823892769783
16	0.001	40	76	0.005041722905429905
16	0.001	41	2	0.11183220231721322
16	0.001	41	15	0.1032144898587931
16	0.001	41	55	0.07559787448436013
16	0.001	41	0	0.07559787448436013
16	0.001	41	69	0.07559787448436013
16	0.001	41	46	0.07559787448436013
16	0.001	41	12	0.029296544408602517
16	0.001	41	21	0.029296544408602517
16	0.001	41	24	0.011443697002856386
16	0.001	41	38	0.03248302983837173
16	0.001	41	98	0.03248302983837173
16	0.001	41	53	0.03248302983837173
16	0.001	41	62	0.03248302983837173
16	0.001	41	88	0.03248302983837173
16	0.001	41	74	0.03248302983837173
16	0.001	41	14	0.010759112162155521
16	0.001	41	71	0.011443697002856386
16	0.001	41	63	0.011443697002856386
16	0.001	41	86	0.011443697002856386
16	0.001	41	76	0.011443697002856386
16	0.001	42	2	0.12796457533084754
16	0.001	42	15	0.07809178206058749
16	0.001	42	55	0.07809178206058749
16	0.001	42	0	0.07809178206058749
16	0.001	42	69	0.07809178206058749
16	0.001	42	46	0.07809178206058749
16	0.001	42	21	0.05815172013739843
16	0.001	42	12	0.05815172013739843
16	0.001	42	24	0.026357459228780734
16	0.001	42	19	0.01969524967312642
16	0.001	42	53	0.03221718659819907
16	0.001	42	38	0.03221718659819907
16	0.001	42	98	0.03221718659819907
16	0.001	42	62	0.03221718659819907
16	0.001	42	88	0.03221718659819907
16	0.001	42	22	0.01969524967312642
16	0.001	42	14	0.01969524967312642
16	0.001	42	13	0.009165460154970101
16	0.001	42	34	0.003454342572248499
16	0.001	42	17	0.002946703405346658
16	0.001	43	2	0.11473980721891297
16	0.001	43	15	0.08775187621066695
16	0.001	43	55	0.07289147457387188
16	0.001	43	0	0.07237399170408827
16	0.001	43	69	0.07237399170408827
16	0.001	43	46	0.07237399170408827
16	0.001	43	38	0.04990709698221726
16	0.001	43	12	0.04990709698221726
16	0.001	43	21	0.04990709698221726
16	0.001	43	14	0.011594707681238013
16	0.001	43	24	0.011594707681238013
16	0.001	43	62	0.04990709698221726
16	0.001	43	88	0.04990709698221726
16	0.001	43	53	0.04990709698221726
16	0.001	43	98	0.04990709698221726
16	0.001	43	74	0.0450570571815753
16	0.001	43	19	0.011594707681238013
16	0.001	43	86	0.009730550408777426
16	0.001	43	71	0.009730550408777426
16	0.001	43	76	0.009730550408777426
16	0.001	43	17	0.010881583492578081
16	0.001	43	22	0.010881583492578081
16	0.001	44	2	0.1161101999521487
16	0.001	44	15	0.08383310165889224
16	0.001	44	55	0.07333971617492573
16	0.001	44	0	0.07333971617492573
16	0.001	44	46	0.07333971617492573
16	0.001	44	69	0.07333971617492573
16	0.001	44	21	0.04784567467795267
16	0.001	44	12	0.04784567467795267
16	0.001	44	24	0.016256091970500788
16	0.001	44	14	0.016256091970500788
16	0.001	44	38	0.04784567467795267
16	0.001	44	98	0.04784567467795267
16	0.001	44	62	0.04784567467795267
16	0.001	44	53	0.04784567467795267
16	0.001	44	88	0.04784567467795267
16	0.001	44	74	0.02880742656877026
16	0.001	44	71	0.016256091970500788
16	0.001	44	22	0.016256091970500788
16	0.001	44	19	0.016256091970500788
16	0.001	44	86	0.0034296364194267566
16	0.001	45	2	0.11036823943183721
16	0.001	45	15	0.10581436726633811
16	0.001	45	55	0.07345243628197615
16	0.001	45	0	0.062579786286484
16	0.001	45	46	0.06350822366702785
16	0.001	45	69	0.06350822366702785
16	0.001	45	21	0.053339054625792116
16	0.001	45	12	0.053339054625792116
16	0.001	45	38	0.053339054625792116
16	0.001	45	24	0.014573921989006033
16	0.001	45	14	0.014573921989006033
16	0.001	45	19	0.014573921989006033
16	0.001	45	98	0.053339054625792116
16	0.001	45	62	0.053339054625792116
16	0.001	45	88	0.053339054625792116
16	0.001	45	53	0.053339054625792116
16	0.001	45	74	0.036257523640915765
16	0.001	45	71	0.018790302347459972
16	0.001	45	76	0.005919397363646627
16	0.001	45	22	0.014573921989006033
16	0.001	45	17	0.00845996289315126
16	0.001	46	2	0.11114137622093631
16	0.001	46	15	0.0897865497051572
16	0.001	46	55	0.07169173062118893
16	0.001	46	0	0.07066046491966547
16	0.001	46	46	0.07066046491966547
16	0.001	46	69	0.07066046491966547
16	0.001	46	21	0.05376991672741897
16	0.001	46	12	0.05376991672741897
16	0.001	46	38	0.05376991672741897
16	0.001	46	88	0.05376991672741897
16	0.001	46	24	0.01582730603562162
16	0.001	46	22	0.01582730603562162
16	0.001	46	19	0.01582730603562162
16	0.001	46	14	0.01582730603562162
16	0.001	46	98	0.05376991672741897
16	0.001	46	62	0.05376991672741897
16	0.001	46	53	0.05376991672741897
16	0.001	46	74	0.04081106022251698
16	0.001	46	71	0.01917389197317794
16	0.001	46	17	0.008128589682513147
16	0.001	47	2	0.11165961703780966
16	0.001	47	15	0.105953802915146
16	0.001	47	55	0.07337685364716817
16	0.001	47	0	0.06611522671610601
16	0.001	47	46	0.06611522671610601
16	0.001	47	69	0.06611522671610601
16	0.001	47	21	0.0558296321881814
16	0.001	47	12	0.0558296321881814
16	0.001	47	38	0.04980026924954779
16	0.001	47	53	0.04980026924954779
16	0.001	47	88	0.04980026924954779
16	0.001	47	62	0.04980026924954779
16	0.001	47	98	0.04980026924954779
16	0.001	47	74	0.042797236525154624
16	0.001	47	71	0.011395237678047797
16	0.001	47	76	0.011395237678047797
16	0.001	47	86	0.003651287081475202
16	0.001	47	22	0.025237257006747556
16	0.001	47	19	0.025237257006747556
16	0.001	47	14	0.025237257006747556
16	0.001	47	24	0.025237257006747556
16	0.001	48	2	0.11284865808870388
16	0.001	48	15	0.10066756507033375
16	0.001	48	55	0.07127229632043672
16	0.001	48	0	0.06249642881175179
16	0.001	48	46	0.06554528853572303
16	0.001	48	69	0.06554528853572303
16	0.001	48	38	0.047062766188803964
16	0.001	48	12	0.055073889278766344
16	0.001	48	21	0.055073889278766344
16	0.001	48	24	0.013142266227738952
16	0.001	48	53	0.047062766188803964
16	0.001	48	88	0.047062766188803964
16	0.001	48	19	0.013142266227738952
16	0.001	48	14	0.013142266227738952
16	0.001	48	98	0.047062766188803964
16	0.001	48	62	0.047062766188803964
16	0.001	48	86	0.03822930058655367
16	0.001	48	74	0.03822930058655367
16	0.001	48	71	0.015161794523853167
16	0.001	48	22	0.013142266227738952
16	0.001	49	2	0.11210145093662313
16	0.001	49	15	0.10147716684649134
16	0.001	49	55	0.07049627944747315
16	0.001	49	0	0.060896030105747775
16	0.001	49	46	0.06505108602290964
16	0.001	49	69	0.06505108602290964
16	0.001	49	38	0.04204321425783389
16	0.001	49	12	0.04732050191604159
16	0.001	49	21	0.04732050191604159
16	0.001	49	53	0.04204321425783389
16	0.001	49	14	0.013937812216687285
16	0.001	49	24	0.013937812216687285
16	0.001	49	98	0.04204321425783389
16	0.001	49	88	0.04204321425783389
16	0.001	49	62	0.04204321425783389
16	0.001	49	74	0.04173357891079769
16	0.001	49	71	0.007700253091786792
16	0.001	49	22	0.013937812216687285
16	0.001	49	19	0.013937812216687285
16	0.001	49	17	0.010711976171040638
16	0.001	50	2	0.11701084474890837
16	0.001	50	15	0.09882296502151021
16	0.001	50	55	0.06962974618888626
16	0.001	50	0	0.05902855801004562
16	0.001	50	46	0.06587118879605804
16	0.001	50	69	0.06587118879605804
16	0.001	50	38	0.04330178959026264
16	0.001	50	12	0.05390448877753981
16	0.001	50	21	0.05390448877753981
16	0.001	50	24	0.019391124899186245
16	0.001	50	19	0.019391124899186245
16	0.001	50	14	0.019391124899186245
16	0.001	50	98	0.04330178959026264
16	0.001	50	62	0.04330178959026264
16	0.001	50	53	0.04330178959026264
16	0.001	50	88	0.04330178959026264
16	0.001	50	74	0.038309686703803025
16	0.001	50	71	0.019667730923357125
16	0.001	50	76	0.015067920605645374
16	0.001	50	17	0.004793092686909389
16	0.001	51	2	0.11365511631605299
16	0.001	51	15	0.10203645588509605
16	0.001	51	55	0.08986917067998042
16	0.001	51	0	0.0599251562961771
16	0.001	51	12	0.04404059212231845
16	0.001	51	69	0.0599251562961771
16	0.001	51	46	0.0599251562961771
16	0.001	51	21	0.03816911120681122
16	0.001	51	53	0.023094348940440514
16	0.001	51	14	0.015726870668672333
16	0.001	51	38	0.023094348940440514
16	0.001	51	62	0.023094348940440514
16	0.001	51	98	0.023094348940440514
16	0.001	51	88	0.015726870668672333
16	0.001	51	17	0.01538497402057353
16	0.001	51	22	0.015726870668672333
16	0.001	51	74	0.015726870668672333
16	0.001	51	10	0.008271052888733041
16	0.001	51	19	0.008271052888733041
16	0.001	51	71	0.011051458157027103
16	0.001	51	34	0.011051458157027103
16	0.001	51	24	0.011051458157027103
16	0.001	52	2	0.11558964402603618
16	0.001	52	15	0.08920489955367797
16	0.001	52	55	0.08032744446245635
16	0.001	52	0	0.08032744446245635
16	0.001	52	46	0.08032744446245635
16	0.001	52	69	0.08032744446245635
16	0.001	52	38	0.05144676109424561
16	0.001	52	12	0.05144676109424561
16	0.001	52	21	0.05144676109424561
16	0.001	52	24	0.015032945006061043
16	0.001	52	53	0.05144676109424561
16	0.001	52	88	0.05144676109424561
16	0.001	52	62	0.05144676109424561
16	0.001	52	98	0.05144676109424561
16	0.001	52	74	0.035091679866716914
16	0.001	52	19	0.015032945006061043
16	0.001	52	14	0.015032945006061043
16	0.001	52	22	0.015032945006061043
16	0.001	52	17	0.015032945006061043
16	0.001	52	5	0.015032945006061043
16	0.001	53	2	0.11995444014871735
16	0.001	53	15	0.08849651047670506
16	0.001	53	55	0.07517945818033286
16	0.001	53	0	0.07359401483133333
16	0.001	53	46	0.07359401483133333
16	0.001	53	69	0.07359401483133333
16	0.001	53	21	0.05699179320880651
16	0.001	53	12	0.05699179320880651
16	0.001	53	24	0.01582519848011531
16	0.001	53	88	0.05337564216145049
16	0.001	53	38	0.05337564216145049
16	0.001	53	22	0.01582519848011531
16	0.001	53	19	0.01582519848011531
16	0.001	53	14	0.01582519848011531
16	0.001	53	98	0.05337564216145049
16	0.001	53	53	0.05337564216145049
16	0.001	53	62	0.05337564216145049
16	0.001	53	74	0.0276867819372035
16	0.001	53	86	0.020781102414954414
16	0.001	53	17	0.01582519848011531
16	0.001	54	2	0.1128534044103946
16	0.001	54	15	0.08427128396670487
16	0.001	54	55	0.07655432226736375
16	0.001	54	0	0.07655432226736375
16	0.001	54	46	0.07655432226736375
16	0.001	54	69	0.07655432226736375
16	0.001	54	21	0.04755861542667194
16	0.001	54	12	0.04755861542667194
16	0.001	54	24	0.022029011990008895
16	0.001	54	38	0.04755861542667194
16	0.001	54	88	0.04755861542667194
16	0.001	54	22	0.015138142677270934
16	0.001	54	19	0.015138142677270934
16	0.001	54	98	0.04755861542667194
16	0.001	54	62	0.04755861542667194
16	0.001	54	53	0.04755861542667194
16	0.001	54	74	0.032372076041813046
16	0.001	54	71	0.015151918228489122
16	0.001	54	86	0.015151918228489122
16	0.001	54	14	0.015138142677270934
16	0.001	54	5	0.004618829735716051
16	0.001	55	2	0.11679447928406138
16	0.001	55	15	0.09041613465584632
16	0.001	55	55	0.0712118069572459
16	0.001	55	0	0.0712118069572459
16	0.001	55	46	0.0712118069572459
16	0.001	55	69	0.0712118069572459
16	0.001	55	21	0.05374895553548917
16	0.001	55	12	0.05374895553548917
16	0.001	55	38	0.04683683432986989
16	0.001	55	14	0.018178114088931614
16	0.001	55	24	0.018178114088931614
16	0.001	55	62	0.04683683432986989
16	0.001	55	53	0.04683683432986989
16	0.001	55	88	0.04683683432986989
16	0.001	55	98	0.04683683432986989
16	0.001	55	74	0.040267001898557274
16	0.001	55	71	0.019335404358103266
16	0.001	55	19	0.01017824603616837
16	0.001	55	22	0.01017824603616837
16	0.001	55	63	0.005226830805743514
16	0.001	55	76	0.005226830805743514
16	0.001	56	2	0.12102933351904466
16	0.001	56	15	0.12102933351904466
16	0.001	56	55	0.1056443918917777
16	0.001	56	0	0.1056443918917777
16	0.001	56	46	0.1056443918917777
16	0.001	56	69	0.1056443918917777
16	0.001	56	38	0.047397233033914146
16	0.001	56	12	0.05539813256118568
16	0.001	56	21	0.05539813256118568
16	0.001	56	24	0.01379197510043613
16	0.001	56	53	0.047397233033914146
16	0.001	56	88	0.047397233033914146
16	0.001	56	62	0.047397233033914146
16	0.001	56	98	0.047397233033914146
16	0.001	56	86	0.03578224566850486
16	0.001	56	74	0.03578224566850486
16	0.001	56	71	0.008961806253700995
16	0.001	56	76	0.004382020425950799
16	0.001	56	22	0.01379197510043613
16	0.001	56	19	0.01379197510043613
16	0.001	56	14	0.01379197510043613
16	0.001	57	2	0.11370650495609404
16	0.001	57	15	0.10216297120777539
16	0.001	57	55	0.0683285508179698
16	0.001	57	0	0.0571818890543843
16	0.001	57	69	0.0661504805624048
16	0.001	57	46	0.0661504805624048
16	0.001	57	38	0.05060359153127896
16	0.001	57	12	0.053661382906226206
16	0.001	57	21	0.053661382906226206
16	0.001	57	24	0.013727212816799337
16	0.001	57	88	0.05060359153127896
16	0.001	57	53	0.05060359153127896
16	0.001	57	19	0.013727212816799337
16	0.001	57	14	0.013727212816799337
16	0.001	57	98	0.05060359153127896
16	0.001	57	62	0.05060359153127896
16	0.001	57	74	0.021268535742795892
16	0.001	57	86	0.015107839662372839
16	0.001	57	71	0.014828907660989352
16	0.001	57	76	0.011048193903665654
16	0.001	58	2	0.11364705078008425
16	0.001	58	15	0.09903503011636265
16	0.001	58	55	0.07342123897409122
16	0.001	58	0	0.06494702951064317
16	0.001	58	46	0.06928795839506283
16	0.001	58	69	0.06928795839506283
16	0.001	58	21	0.056584262323465924
16	0.001	58	12	0.056584262323465924
16	0.001	58	24	0.01179121927453099
16	0.001	58	38	0.045329500820844304
16	0.001	58	14	0.01179121927453099
16	0.001	58	19	0.01179121927453099
16	0.001	58	22	0.01179121927453099
16	0.001	58	98	0.045329500820844304
16	0.001	58	62	0.045329500820844304
16	0.001	58	53	0.045329500820844304
16	0.001	58	88	0.045329500820844304
16	0.001	58	74	0.04248429119516181
16	0.001	58	86	0.009563030952051414
16	0.001	58	71	0.009563030952051414
16	0.001	58	17	0.008767831131947429
16	0.001	58	76	0.009563030952051414
16	0.001	59	2	0.11155064009108563
16	0.001	59	15	0.08772437137985997
16	0.001	59	55	0.08147298437153892
16	0.001	59	0	0.08147298437153892
16	0.001	59	46	0.08147298437153892
16	0.001	59	69	0.08147298437153892
16	0.001	59	21	0.05349633830752749
16	0.001	59	12	0.05349633830752749
16	0.001	59	38	0.04876590678108429
16	0.001	59	88	0.04876590678108429
16	0.001	59	19	0.016674559351889672
16	0.001	59	14	0.016674559351889672
16	0.001	59	24	0.016674559351889672
16	0.001	59	22	0.016674559351889672
16	0.001	59	98	0.04876590678108429
16	0.001	59	53	0.04876590678108429
16	0.001	59	62	0.04876590678108429
16	0.001	59	74	0.03947030988844765
16	0.001	59	71	0.01655393157969859
16	0.001	59	86	0.01655393157969859
16	0.001	59	76	0.006940113714068695
16	0.001	59	17	0.004414021396852899
16	0.001	60	2	0.12069890494017392
16	0.001	60	15	0.09544605945960037
16	0.001	60	55	0.08854372959083247
16	0.001	60	0	0.08854372959083247
16	0.001	60	69	0.08854372959083247
16	0.001	60	46	0.08854372959083247
16	0.001	60	21	0.05042480720630368
16	0.001	60	12	0.05042480720630368
16	0.001	60	38	0.05042480720630368
16	0.001	60	14	0.016840632308248185
16	0.001	60	24	0.016840632308248185
16	0.001	60	98	0.05042480720630368
16	0.001	60	62	0.05042480720630368
16	0.001	60	88	0.05042480720630368
16	0.001	60	53	0.05042480720630368
16	0.001	60	74	0.021154274995932112
16	0.001	60	86	0.016840632308248185
16	0.001	60	19	0.016840632308248185
16	0.001	60	22	0.016840632308248185
16	0.001	60	34	0.004371892165196162
16	0.001	61	2	0.118496379289268
16	0.001	61	15	0.118496379289268
16	0.001	61	55	0.09879062751526317
16	0.001	61	0	0.09879062751526317
16	0.001	61	69	0.09879062751526317
16	0.001	61	46	0.09879062751526317
16	0.001	61	38	0.056160219088162946
16	0.001	61	12	0.056160219088162946
16	0.001	61	21	0.056160219088162946
16	0.001	61	53	0.056160219088162946
16	0.001	61	24	0.015281042947549499
16	0.001	61	14	0.015281042947549499
16	0.001	61	98	0.056160219088162946
16	0.001	61	88	0.056160219088162946
16	0.001	61	62	0.056160219088162946
16	0.001	61	86	0.03023562541474583
16	0.001	61	74	0.03023562541474583
16	0.001	61	71	0.018970403478802425
16	0.001	61	76	0.008148697354844827
16	0.001	61	22	0.015281042947549499
16	0.001	61	19	0.015281042947549499
16	0.001	62	2	0.09971500472803589
16	0.001	62	15	0.09971500472803589
16	0.001	62	55	0.09971500472803589
16	0.001	62	0	0.09971500472803589
16	0.001	62	69	0.09971500472803589
16	0.001	62	46	0.09971500472803589
16	0.001	62	21	0.038694246383658426
16	0.001	62	12	0.038694246383658426
16	0.001	62	38	0.021993169731924053
16	0.001	62	53	0.021993169731924053
16	0.001	62	88	0.021993169731924053
16	0.001	62	98	0.021993169731924053
16	0.001	62	62	0.021993169731924053
16	0.001	62	24	0.021993169731924053
16	0.001	62	17	0.014141409151361679
16	0.001	62	19	0.014141409151361679
16	0.001	62	22	0.021993169731924053
16	0.001	62	14	0.021993169731924053
16	0.001	62	1	0.014141409151361679
16	0.001	62	28	0.014141409151361679
16	0.001	63	2	0.1520887430269936
16	0.001	63	55	0.06809644107809955
16	0.001	63	15	0.06809644107809955
16	0.001	63	0	0.06809644107809955
16	0.001	63	46	0.06809644107809955
16	0.001	63	69	0.06809644107809955
16	0.001	63	21	0.035761862875156314
16	0.001	63	12	0.035761862875156314
16	0.001	63	88	0.03369049091729814
16	0.001	63	38	0.03369049091729814
16	0.001	63	62	0.03369049091729814
16	0.001	63	53	0.03369049091729814
16	0.001	63	98	0.03369049091729814
16	0.001	63	74	0.027211303120953254
16	0.001	63	71	0.012675422513944488
16	0.001	63	28	0.012675422513944488
16	0.001	63	86	0.005677690818541716
16	0.001	63	19	0.01547023660714595
16	0.001	63	24	0.01547023660714595
16	0.001	63	5	0.01547023660714595
16	0.001	63	14	0.01547023660714595
16	0.001	63	17	0.01547023660714595
16	0.001	64	2	0.11613270300901526
16	0.001	64	15	0.09737647175650505
16	0.001	64	55	0.07407816175863492
16	0.001	64	0	0.07020004821985162
16	0.001	64	69	0.07020004821985162
16	0.001	64	46	0.07020004821985162
16	0.001	64	38	0.06114493048679925
16	0.001	64	12	0.06114493048679925
16	0.001	64	21	0.06114493048679925
16	0.001	64	24	0.01758688729786584
16	0.001	64	14	0.01758688729786584
16	0.001	64	62	0.06114493048679925
16	0.001	64	53	0.06114493048679925
16	0.001	64	88	0.06114493048679925
16	0.001	64	98	0.01758688729786584
16	0.001	64	19	0.01758688729786584
16	0.001	64	74	0.01758688729786584
16	0.001	64	22	0.01758688729786584
16	0.001	64	86	0.01758688729786584
16	0.001	64	34	0.0027934584730549736
16	0.001	65	2	0.11279516873260023
16	0.001	65	15	0.10411970893043872
16	0.001	65	55	0.06954396140889876
16	0.001	65	0	0.05638249190156603
16	0.001	65	69	0.06594234494159394
16	0.001	65	46	0.06594234494159394
16	0.001	65	38	0.045960690525807785
16	0.001	65	12	0.047796412771741695
16	0.001	65	21	0.047796412771741695
16	0.001	65	53	0.045960690525807785
16	0.001	65	14	0.020060322573402428
16	0.001	65	24	0.020060322573402428
16	0.001	65	62	0.045960690525807785
16	0.001	65	88	0.045960690525807785
16	0.001	65	98	0.045960690525807785
16	0.001	65	86	0.032100210153010775
16	0.001	65	74	0.032100210153010775
16	0.001	65	71	0.021097297940477853
16	0.001	65	76	0.0025843965568823177
16	0.001	65	22	0.020060322573402428
16	0.001	65	19	0.020060322573402428
16	0.001	66	2	0.11753801072656522
16	0.001	66	15	0.09292416708016506
16	0.001	66	55	0.08034238561661322
16	0.001	66	0	0.08034238561661322
16	0.001	66	69	0.08034238561661322
16	0.001	66	46	0.08034238561661322
16	0.001	66	21	0.05713166539432657
16	0.001	66	12	0.05713166539432657
16	0.001	66	38	0.030124995722404662
16	0.001	66	88	0.030124995722404662
16	0.001	66	53	0.030124995722404662
16	0.001	66	98	0.030124995722404662
16	0.001	66	62	0.025468793502349117
16	0.001	66	19	0.025468793502349117
16	0.001	66	74	0.025468793502349117
16	0.001	66	14	0.025468793502349117
16	0.001	66	24	0.025468793502349117
16	0.001	66	22	0.025468793502349117
16	0.001	66	17	0.01929073755974623
16	0.001	66	5	0.01929073755974623
16	0.001	67	2	0.11505034631986433
16	0.001	67	15	0.08988541863160837
16	0.001	67	55	0.07420847756335416
16	0.001	67	0	0.07420847756335416
16	0.001	67	69	0.07420847756335416
16	0.001	67	46	0.07420847756335416
16	0.001	67	21	0.04948414372482028
16	0.001	67	12	0.04948414372482028
16	0.001	67	38	0.048086094429902755
16	0.001	67	53	0.048086094429902755
16	0.001	67	88	0.048086094429902755
16	0.001	67	24	0.017216039845190996
16	0.001	67	98	0.048086094429902755
16	0.001	67	62	0.048086094429902755
16	0.001	67	74	0.020703686565085474
16	0.001	67	86	0.020703686565085474
16	0.001	67	19	0.017216039845190996
16	0.001	67	14	0.017216039845190996
16	0.001	67	22	0.017216039845190996
16	0.001	67	71	0.0051828938289472425
16	0.001	68	2	0.12283903061830836
16	0.001	68	15	0.08445500732875316
16	0.001	68	55	0.07380294520229132
16	0.001	68	0	0.06385104397696936
16	0.001	68	69	0.06385104397696936
16	0.001	68	46	0.06385104397696936
16	0.001	68	21	0.05246424035891254
16	0.001	68	12	0.05246424035891254
16	0.001	68	38	0.05246424035891254
16	0.001	68	24	0.0213931548511747
16	0.001	68	14	0.0213931548511747
16	0.001	68	19	0.0213931548511747
16	0.001	68	98	0.05246424035891254
16	0.001	68	62	0.05246424035891254
16	0.001	68	53	0.05246424035891254
16	0.001	68	88	0.05246424035891254
16	0.001	68	74	0.035613335337665315
16	0.001	68	86	0.0033663501303610064
16	0.001	68	22	0.0213931548511747
16	0.001	68	17	0.0072125590827193265
16	0.001	69	2	0.10813258125024035
16	0.001	69	15	0.10242245526555055
16	0.001	69	55	0.07566891163596216
16	0.001	69	0	0.06069839854440137
16	0.001	69	69	0.06120320363211389
16	0.001	69	46	0.06120320363211389
16	0.001	69	38	0.05042789656915481
16	0.001	69	12	0.05303639062591417
16	0.001	69	21	0.05303639062591417
16	0.001	69	24	0.019169371887047846
16	0.001	69	19	0.019169371887047846
16	0.001	69	14	0.019169371887047846
16	0.001	69	98	0.05042789656915481
16	0.001	69	62	0.05042789656915481
16	0.001	69	53	0.05042789656915481
16	0.001	69	88	0.05042789656915481
16	0.001	69	74	0.033645186988721515
16	0.001	69	71	0.019430146177615543
16	0.001	69	22	0.0072601033982822045
16	0.001	69	17	0.0072601033982822045
16	0.001	70	2	0.11684456746099914
16	0.001	70	15	0.10033460614164305
16	0.001	70	55	0.10033460614164305
16	0.001	70	0	0.10033460614164305
16	0.001	70	69	0.10033460614164305
16	0.001	70	46	0.10033460614164305
16	0.001	70	38	0.04789831425746759
16	0.001	70	12	0.04789831425746759
16	0.001	70	21	0.04789831425746759
16	0.001	70	53	0.04789831425746759
16	0.001	70	24	0.012949689016435418
16	0.001	70	62	0.04789831425746759
16	0.001	70	88	0.04789831425746759
16	0.001	70	98	0.04789831425746759
16	0.001	70	14	0.012949689016435418
16	0.001	70	74	0.006149673847607268
16	0.001	70	22	0.012949689016435418
16	0.001	70	19	0.012949689016435418
16	0.001	70	17	0.011210551346773545
16	0.001	70	5	0.007529216404504108
16	0.001	71	2	0.11714999007027121
16	0.001	71	15	0.09415148563607967
16	0.001	71	55	0.07546419924152523
16	0.001	71	0	0.07546419924152523
16	0.001	71	69	0.07546419924152523
16	0.001	71	46	0.07546419924152523
16	0.001	71	38	0.055320318809584886
16	0.001	71	21	0.055320318809584886
16	0.001	71	12	0.055320318809584886
16	0.001	71	19	0.017186539423456302
16	0.001	71	24	0.017186539423456302
16	0.001	71	88	0.055320318809584886
16	0.001	71	98	0.055320318809584886
16	0.001	71	62	0.055320318809584886
16	0.001	71	53	0.055320318809584886
16	0.001	71	74	0.01378217396397794
16	0.001	71	17	0.01378217396397794
16	0.001	71	5	0.01378217396397794
16	0.001	71	14	0.01378217396397794
16	0.001	71	22	0.01378217396397794
16	0.001	72	2	0.11220385058149528
16	0.001	72	15	0.10563983360430837
16	0.001	72	55	0.06779195898105772
16	0.001	72	0	0.054159124660185694
16	0.001	72	69	0.06779195898105772
16	0.001	72	46	0.06779195898105772
16	0.001	72	38	0.045627558000143606
16	0.001	72	12	0.045627558000143606
16	0.001	72	21	0.045627558000143606
16	0.001	72	24	0.014478613330845715
16	0.001	72	88	0.045627558000143606
16	0.001	72	62	0.045627558000143606
16	0.001	72	53	0.045627558000143606
16	0.001	72	98	0.045627558000143606
16	0.001	72	74	0.045627558000143606
16	0.001	72	71	0.01471809650295411
16	0.001	72	14	0.013298707221920524
16	0.001	72	19	0.013298707221920524
16	0.001	72	22	0.013298707221920524
16	0.001	72	17	0.013298707221920524
16	0.001	73	2	0.11550560185527786
16	0.001	73	15	0.08729163934296778
16	0.001	73	55	0.07872163616549219
16	0.001	73	0	0.07872163616549219
16	0.001	73	46	0.07872163616549219
16	0.001	73	69	0.07872163616549219
16	0.001	73	12	0.067001497111946
16	0.001	73	21	0.067001497111946
16	0.001	73	38	0.04456739129136196
16	0.001	73	98	0.022168228026856182
16	0.001	73	53	0.04456739129136196
16	0.001	73	62	0.04456739129136196
16	0.001	73	24	0.022168228026856182
16	0.001	73	14	0.022168228026856182
16	0.001	73	19	0.022168228026856182
16	0.001	73	88	0.022168228026856182
16	0.001	73	74	0.019715484589748075
16	0.001	73	5	0.006713932911974199
16	0.001	73	17	0.0063665853198864334
16	0.001	73	13	0.019715484589748075
16	0.001	73	34	0.019715484589748075
16	0.001	73	22	0.019715484589748075
16	0.001	74	2	0.11074839380323123
16	0.001	74	15	0.10276323946283851
16	0.001	74	55	0.0700859703166544
16	0.001	74	0	0.061474542892408765
16	0.001	74	69	0.06558725870417295
16	0.001	74	46	0.06558725870417295
16	0.001	74	21	0.05224444866311348
16	0.001	74	12	0.05224444866311348
16	0.001	74	38	0.05224444866311348
16	0.001	74	88	0.05224444866311348
16	0.001	74	14	0.017830091669412407
16	0.001	74	24	0.017830091669412407
16	0.001	74	62	0.05224444866311348
16	0.001	74	53	0.05224444866311348
16	0.001	74	98	0.05224444866311348
16	0.001	74	74	0.046570970078924856
16	0.001	74	71	0.017830091669412407
16	0.001	74	22	0.017830091669412407
16	0.001	74	19	0.017830091669412407
16	0.001	74	17	0.012409779766212629
16	0.001	75	2	0.11390155683133221
16	0.001	75	15	0.09276022766811436
16	0.001	75	55	0.07530042447841148
16	0.001	75	0	0.07530042447841148
16	0.001	75	69	0.07530042447841148
16	0.001	75	46	0.07530042447841148
16	0.001	75	21	0.03565317611286855
16	0.001	75	12	0.030941327603089118
16	0.001	75	38	0.03565317611286855
16	0.001	75	14	0.015104573604805039
16	0.001	75	53	0.03565317611286855
16	0.001	75	74	0.03565317611286855
16	0.001	75	98	0.03565317611286855
16	0.001	75	62	0.03565317611286855
16	0.001	75	88	0.03565317611286855
16	0.001	75	71	0.01898759029436746
16	0.001	75	76	0.01898759029436746
16	0.001	75	63	0.01898759029436746
16	0.001	75	22	0.015104573604805039
16	0.001	75	19	0.015104573604805039
16	0.001	76	2	0.10950036094704019
16	0.001	76	15	0.09813888320537864
16	0.001	76	55	0.09256167204459671
16	0.001	76	0	0.09256167204459671
16	0.001	76	69	0.09256167204459671
16	0.001	76	46	0.09256167204459671
16	0.001	76	21	0.03377315912148626
16	0.001	76	53	0.03377315912148626
16	0.001	76	38	0.03377315912148626
16	0.001	76	88	0.03377315912148626
16	0.001	76	98	0.03377315912148626
16	0.001	76	74	0.03377315912148626
16	0.001	76	62	0.03377315912148626
16	0.001	76	76	0.01618783744126323
16	0.001	76	71	0.002235726352594652
16	0.001	76	14	0.01618783744126323
16	0.001	76	19	0.01618783744126323
16	0.001	76	24	0.01618783744126323
16	0.001	76	12	0.01618783744126323
16	0.001	76	6	0.005771842930996683
16	0.001	76	17	0.005519673712260458
16	0.001	77	2	0.1165470773895456
16	0.001	77	15	0.1165470773895456
16	0.001	77	55	0.1165470773895456
16	0.001	77	0	0.1165470773895456
16	0.001	77	46	0.1165470773895456
16	0.001	77	69	0.1165470773895456
16	0.001	77	21	0.05400696628203345
16	0.001	77	12	0.05400696628203345
16	0.001	77	24	0.011635103736381356
16	0.001	77	14	0.011635103736381356
16	0.001	77	19	0.011635103736381356
16	0.001	77	38	0.052131737935993044
16	0.001	77	98	0.052131737935993044
16	0.001	77	53	0.052131737935993044
16	0.001	77	62	0.052131737935993044
16	0.001	77	88	0.052131737935993044
16	0.001	77	22	0.010982569044674243
16	0.001	77	17	0.010982569044674243
16	0.001	77	5	0.008730217426087351
16	0.001	77	28	0.001770228233930411
16	0.001	78	2	0.12252269367742688
16	0.001	78	15	0.09494613244645687
16	0.001	78	55	0.07331893357265068
16	0.001	78	0	0.06912732198075
16	0.001	78	46	0.06912732198075
16	0.001	78	69	0.06912732198075
16	0.001	78	21	0.04327968371664356
16	0.001	78	12	0.03516753358920168
16	0.001	78	38	0.022568470838060198
16	0.001	78	88	0.022568470838060198
16	0.001	78	24	0.022568470838060198
16	0.001	78	62	0.022568470838060198
16	0.001	78	53	0.022568470838060198
16	0.001	78	98	0.022568470838060198
16	0.001	78	19	0.022568470838060198
16	0.001	78	17	0.02216816233215027
16	0.001	78	5	0.02216816233215027
16	0.001	78	22	0.022568470838060198
16	0.001	78	14	0.022568470838060198
16	0.001	78	13	0.003643378704562741
16	0.001	79	2	0.12028586392770338
16	0.001	79	15	0.12028586392770338
16	0.001	79	55	0.07579499349078145
16	0.001	79	0	0.049533528963142594
16	0.001	79	69	0.06082256291064998
16	0.001	79	46	0.06082256291064998
16	0.001	79	38	0.049533528963142594
16	0.001	79	12	0.049533528963142594
16	0.001	79	21	0.049533528963142594
16	0.001	79	24	0.014363449798590217
16	0.001	79	53	0.049533528963142594
16	0.001	79	88	0.049533528963142594
16	0.001	79	62	0.049533528963142594
16	0.001	79	98	0.049533528963142594
16	0.001	79	86	0.007430096578289442
16	0.001	79	14	0.014363449798590217
16	0.001	79	19	0.014363449798590217
16	0.001	79	22	0.014363449798590217
16	0.001	79	5	0.0113866014647985
16	0.001	79	13	0.0024552332336165777
16	0.001	80	2	0.11502358779211128
16	0.001	80	15	0.0923554517636218
16	0.001	80	55	0.0742064054404669
16	0.001	80	0	0.0742064054404669
16	0.001	80	46	0.0742064054404669
16	0.001	80	69	0.0742064054404669
16	0.001	80	38	0.052677255789521274
16	0.001	80	12	0.054533989512091034
16	0.001	80	21	0.054533989512091034
16	0.001	80	19	0.022316704117887453
16	0.001	80	53	0.052677255789521274
16	0.001	80	88	0.052677255789521274
16	0.001	80	62	0.052677255789521274
16	0.001	80	98	0.052677255789521274
16	0.001	80	74	0.022316704117887453
16	0.001	80	17	0.01731215949614825
16	0.001	80	14	0.018739581797868717
16	0.001	80	24	0.018739581797868717
16	0.001	80	22	0.018739581797868717
16	0.001	80	71	0.018739581797868717
16	0.001	81	2	0.11518550637751329
16	0.001	81	15	0.1121160374543498
16	0.001	81	55	0.08156489286037638
16	0.001	81	0	0.059789773111648827
16	0.001	81	46	0.08156489286037638
16	0.001	81	69	0.08156489286037638
16	0.001	81	21	0.059789773111648827
16	0.001	81	12	0.013786990891246678
16	0.001	81	24	0.013786990891246678
16	0.001	81	38	0.03977789226400799
16	0.001	81	88	0.03977789226400799
16	0.001	81	98	0.03977789226400799
16	0.001	81	53	0.03977789226400799
16	0.001	81	62	0.03977789226400799
16	0.001	81	74	0.03977789226400799
16	0.001	81	71	0.016002159958413302
16	0.001	81	76	0.01185376616082091
16	0.001	81	63	0.0020557427144110682
16	0.001	81	19	0.008449500788076712
16	0.001	81	22	0.008449500788076712
16	0.001	81	5	0.008449500788076712
16	0.001	81	14	0.008449500788076712
16	0.001	82	2	0.10856142814900761
16	0.001	82	15	0.08594970034819616
16	0.001	82	55	0.07502649026173758
16	0.001	82	0	0.07502649026173758
16	0.001	82	69	0.07502649026173758
16	0.001	82	46	0.07502649026173758
16	0.001	82	12	0.06225444365081744
16	0.001	82	21	0.06225444365081744
16	0.001	82	38	0.023467213288304024
16	0.001	82	19	0.023467213288304024
16	0.001	82	53	0.023467213288304024
16	0.001	82	88	0.023467213288304024
16	0.001	82	62	0.023467213288304024
16	0.001	82	98	0.023467213288304024
16	0.001	82	24	0.023467213288304024
16	0.001	82	22	0.023467213288304024
16	0.001	82	14	0.023467213288304024
16	0.001	82	17	0.016832881224455278
16	0.001	82	5	0.016832881224455278
16	0.001	82	28	0.003608266847650258
16	0.001	83	2	0.1174594171479822
16	0.001	83	15	0.08817084462335932
16	0.001	83	55	0.07399392325343641
16	0.001	83	0	0.07399392325343641
16	0.001	83	69	0.07399392325343641
16	0.001	83	46	0.07399392325343641
16	0.001	83	38	0.0534850606939518
16	0.001	83	12	0.0534850606939518
16	0.001	83	21	0.0534850606939518
16	0.001	83	53	0.0534850606939518
16	0.001	83	24	0.015652685311010488
16	0.001	83	19	0.015652685311010488
16	0.001	83	14	0.015652685311010488
16	0.001	83	98	0.0534850606939518
16	0.001	83	62	0.0534850606939518
16	0.001	83	88	0.0534850606939518
16	0.001	83	74	0.03969917379558411
16	0.001	83	71	0.015652685311010488
16	0.001	83	76	0.007060566696397875
16	0.001	83	22	0.011513263769543251
16	0.001	83	17	0.009842794750143824
16	0.001	84	2	0.11720527496327252
16	0.001	84	15	0.09913752223494729
16	0.001	84	55	0.09841528453634354
16	0.001	84	0	0.09841528453634354
16	0.001	84	46	0.09841528453634354
16	0.001	84	69	0.09841528453634354
16	0.001	84	38	0.05627157050621075
16	0.001	84	12	0.05627157050621075
16	0.001	84	21	0.05627157050621075
16	0.001	84	53	0.05627157050621075
16	0.001	84	88	0.05627157050621075
16	0.001	84	14	0.015911390262657542
16	0.001	84	98	0.05627157050621075
16	0.001	84	62	0.05627157050621075
16	0.001	84	24	0.015911390262657542
16	0.001	84	19	0.015911390262657542
16	0.001	84	74	0.015911390262657542
16	0.001	84	86	0.015911390262657542
16	0.001	84	17	0.012190691676362286
16	0.001	84	22	0.015911390262657542
16	0.001	84	13	0.015911390262657542
16	0.001	85	2	0.1115209486988272
16	0.001	85	15	0.10062349880387055
16	0.001	85	55	0.07433462606437095
16	0.001	85	0	0.06365469370135143
16	0.001	85	46	0.06365469370135143
16	0.001	85	69	0.06365469370135143
16	0.001	85	38	0.05553986522907564
16	0.001	85	12	0.05553986522907564
16	0.001	85	21	0.05553986522907564
16	0.001	85	24	0.016801588729274793
16	0.001	85	14	0.016801588729274793
16	0.001	85	98	0.05553986522907564
16	0.001	85	62	0.05553986522907564
16	0.001	85	88	0.05553986522907564
16	0.001	85	53	0.05553986522907564
16	0.001	85	74	0.02433947736320717
16	0.001	85	71	0.018655924382514837
16	0.001	85	19	0.016801588729274793
16	0.001	85	22	0.016801588729274793
16	0.001	85	17	0.011332001590269068
16	0.001	86	2	0.12312776032226538
16	0.001	86	15	0.0910963159389471
16	0.001	86	55	0.0910963159389471
16	0.001	86	0	0.0910963159389471
16	0.001	86	69	0.0910963159389471
16	0.001	86	46	0.0910963159389471
16	0.001	86	21	0.030434628591142494
16	0.001	86	12	0.025741548160589496
16	0.001	86	38	0.01914810593607039
16	0.001	86	62	0.025741548160589496
16	0.001	86	88	0.025741548160589496
16	0.001	86	53	0.01914810593607039
16	0.001	86	98	0.01914810593607039
16	0.001	86	24	0.017769050904917556
16	0.001	86	14	0.017769050904917556
16	0.001	86	19	0.017769050904917556
16	0.001	86	17	0.017769050904917556
16	0.001	86	22	0.017769050904917556
16	0.001	86	74	0.006874899386997845
16	0.001	86	28	0.004384051723132107
16	0.001	87	2	0.11567669789972926
16	0.001	87	15	0.08806199344726964
16	0.001	87	55	0.07571004875117145
16	0.001	87	0	0.07571004875117145
16	0.001	87	69	0.07571004875117145
16	0.001	87	46	0.07571004875117145
16	0.001	87	38	0.05487722169739918
16	0.001	87	12	0.05487722169739918
16	0.001	87	21	0.05487722169739918
16	0.001	87	24	0.01904897043468776
16	0.001	87	88	0.05487722169739918
16	0.001	87	53	0.05487722169739918
16	0.001	87	98	0.05487722169739918
16	0.001	87	62	0.05487722169739918
16	0.001	87	74	0.03328827876044023
16	0.001	87	19	0.01904897043468776
16	0.001	87	76	0.01904897043468776
16	0.001	87	71	0.01904897043468776
16	0.001	87	17	0.013774853377647035
16	0.001	87	22	0.01588196272516043
16	0.001	87	14	0.01588196272516043
16	0.001	88	2	0.11537086439074005
16	0.001	88	15	0.10305556721679973
16	0.001	88	55	0.07049547105763877
16	0.001	88	0	0.05948762263750869
16	0.001	88	46	0.06313153465878121
16	0.001	88	69	0.06313153465878121
16	0.001	88	38	0.04934784886679197
16	0.001	88	12	0.05247549067702206
16	0.001	88	21	0.05247549067702206
16	0.001	88	24	0.013673183823161503
16	0.001	88	14	0.013673183823161503
16	0.001	88	62	0.04934784886679197
16	0.001	88	88	0.04934784886679197
16	0.001	88	53	0.04934784886679197
16	0.001	88	98	0.04934784886679197
16	0.001	88	74	0.029833571596498146
16	0.001	88	86	0.029833571596498146
16	0.001	88	71	0.018707952204491247
16	0.001	88	19	0.013673183823161503
16	0.001	88	22	0.013673183823161503
16	0.001	89	2	0.11210980442912596
16	0.001	89	15	0.09739294030657439
16	0.001	89	55	0.07004888175462531
16	0.001	89	0	0.061836783351482606
16	0.001	89	69	0.06429702234925237
16	0.001	89	46	0.06429702234925237
16	0.001	89	21	0.05618015795756217
16	0.001	89	12	0.05618015795756217
16	0.001	89	38	0.05618015795756217
16	0.001	89	24	0.01613756353524157
16	0.001	89	14	0.01613756353524157
16	0.001	89	62	0.05618015795756217
16	0.001	89	53	0.05618015795756217
16	0.001	89	88	0.05618015795756217
16	0.001	89	98	0.05618015795756217
16	0.001	89	74	0.03374983562641837
16	0.001	89	71	0.019299594784715494
16	0.001	89	76	0.006044247899467522
16	0.001	89	22	0.01613756353524157
16	0.001	89	19	0.01613756353524157
16	0.001	89	17	0.011310982322365194
16	0.001	90	2	0.11078863233883272
16	0.001	90	15	0.0920414460365946
16	0.001	90	55	0.0696109645290747
16	0.001	90	0	0.06591358016792172
16	0.001	90	46	0.06591358016792172
16	0.001	90	69	0.06591358016792172
16	0.001	90	21	0.059074165339730804
16	0.001	90	12	0.059074165339730804
16	0.001	90	38	0.059074165339730804
16	0.001	90	88	0.059074165339730804
16	0.001	90	24	0.013043186925296667
16	0.001	90	62	0.059074165339730804
16	0.001	90	53	0.059074165339730804
16	0.001	90	98	0.059074165339730804
16	0.001	90	74	0.03939210620695643
16	0.001	90	71	0.013043186925296667
16	0.001	90	14	0.013043186925296667
16	0.001	90	22	0.013043186925296667
16	0.001	90	19	0.013043186925296667
16	0.001	90	17	0.009921703877842952
16	0.001	91	2	0.11896975782464703
16	0.001	91	15	0.08957999935498503
16	0.001	91	55	0.07254862627446472
16	0.001	91	0	0.07254862627446472
16	0.001	91	69	0.07254862627446472
16	0.001	91	46	0.07254862627446472
16	0.001	91	21	0.05554492570052854
16	0.001	91	12	0.05554492570052854
16	0.001	91	38	0.05554492570052854
16	0.001	91	24	0.01602472950382977
16	0.001	91	14	0.01602472950382977
16	0.001	91	98	0.05554492570052854
16	0.001	91	62	0.05554492570052854
16	0.001	91	53	0.05554492570052854
16	0.001	91	88	0.05554492570052854
16	0.001	91	74	0.03177214227174918
16	0.001	91	19	0.01602472950382977
16	0.001	91	71	0.01602472950382977
16	0.001	91	22	0.01602472950382977
16	0.001	91	76	0.01602472950382977
16	0.001	92	2	0.126010311723454
16	0.001	92	15	0.10182217847770826
16	0.001	92	55	0.08748705096961659
16	0.001	92	0	0.08748705096961659
16	0.001	92	46	0.08748705096961659
16	0.001	92	69	0.08748705096961659
16	0.001	92	21	0.031346201103639525
16	0.001	92	38	0.031346201103639525
16	0.001	92	12	0.024269848331946103
16	0.001	92	22	0.0008292604120630994
16	0.001	92	62	0.024269848331946103
16	0.001	92	53	0.024269848331946103
16	0.001	92	88	0.024269848331946103
16	0.001	92	98	0.024269848331946103
16	0.001	92	19	0.024269848331946103
16	0.001	92	74	0.020179072127805123
16	0.001	92	5	0.020179072127805123
16	0.001	92	86	0.020179072127805123
16	0.001	92	6	0.020179072127805123
16	0.001	92	71	0.014204361263485241
16	0.001	92	76	0.002067480789571731
16	0.001	93	2	0.11612982109460428
16	0.001	93	15	0.10777339696240086
16	0.001	93	55	0.06917662887029848
16	0.001	93	0	0.0664142142284276
16	0.001	93	69	0.0664142142284276
16	0.001	93	46	0.0664142142284276
16	0.001	93	38	0.05149226661975936
16	0.001	93	12	0.05236978164569564
16	0.001	93	21	0.05236978164569564
16	0.001	93	24	0.015100021648231942
16	0.001	93	53	0.05149226661975936
16	0.001	93	88	0.05149226661975936
16	0.001	93	98	0.05149226661975936
16	0.001	93	62	0.05149226661975936
16	0.001	93	74	0.048176919173793534
16	0.001	93	86	0.001417085001803336
16	0.001	93	71	0.001417085001803336
16	0.001	93	14	0.015100021648231942
16	0.001	93	19	0.015100021648231942
16	0.001	93	22	0.015100021648231942
16	0.001	93	17	0.015100021648231942
16	0.001	93	5	0.015100021648231942
16	0.001	94	2	0.12220771514365587
16	0.001	94	15	0.12220771514365587
16	0.001	94	55	0.0944051372972623
16	0.001	94	0	0.0944051372972623
16	0.001	94	69	0.0944051372972623
16	0.001	94	46	0.0944051372972623
16	0.001	94	38	0.05683968934739787
16	0.001	94	12	0.05683968934739787
16	0.001	94	21	0.05683968934739787
16	0.001	94	24	0.010198416894374545
16	0.001	94	53	0.05683968934739787
16	0.001	94	19	0.010198416894374545
16	0.001	94	14	0.010198416894374545
16	0.001	94	98	0.05683968934739787
16	0.001	94	88	0.05683968934739787
16	0.001	94	62	0.05683968934739787
16	0.001	94	74	0.02338972946668725
16	0.001	94	86	0.02338972946668725
16	0.001	94	71	0.01848107484719868
16	0.001	94	76	0.009506297859367116
16	0.001	94	22	0.010198416894374545
16	0.001	95	2	0.12155037008468031
16	0.001	95	15	0.08815715091578537
16	0.001	95	55	0.07204716658384071
16	0.001	95	0	0.06682907144072998
16	0.001	95	69	0.06682907144072998
16	0.001	95	46	0.06682907144072998
16	0.001	95	21	0.049774231573566446
16	0.001	95	12	0.049774231573566446
16	0.001	95	38	0.042457385998591515
16	0.001	95	24	0.015449600706490922
16	0.001	95	88	0.042457385998591515
16	0.001	95	53	0.042457385998591515
16	0.001	95	98	0.042457385998591515
16	0.001	95	62	0.042457385998591515
16	0.001	95	74	0.04237909798547271
16	0.001	95	71	0.01850545048423606
16	0.001	95	14	0.015449600706490922
16	0.001	95	76	0.004810705418383412
16	0.001	95	22	0.015449600706490922
16	0.001	95	19	0.015449600706490922
16	0.001	95	17	0.010419385362691332
16	0.001	96	2	0.12169653038733992
16	0.001	96	15	0.12169653038733992
16	0.001	96	55	0.09521999289396407
16	0.001	96	0	0.09521999289396407
16	0.001	96	69	0.09521999289396407
16	0.001	96	46	0.09521999289396407
16	0.001	96	38	0.04270325262271358
16	0.001	96	12	0.04921212339061491
16	0.001	96	21	0.04921212339061491
16	0.001	96	24	0.012044468660101936
16	0.001	96	14	0.012044468660101936
16	0.001	96	62	0.04270325262271358
16	0.001	96	88	0.04270325262271358
16	0.001	96	53	0.04270325262271358
16	0.001	96	98	0.04270325262271358
16	0.001	96	86	0.03481366028641355
16	0.001	96	74	0.03481366028641355
16	0.001	96	71	0.012044468660101936
16	0.001	96	76	0.012044468660101936
16	0.001	96	22	0.008652041586275559
16	0.001	96	19	0.012044468660101936
16	0.001	97	2	0.11007711125217455
16	0.001	97	15	0.0985790334083872
16	0.001	97	55	0.07215456766069207
16	0.001	97	0	0.0606809821634964
16	0.001	97	69	0.06493376423929248
16	0.001	97	46	0.06493376423929248
16	0.001	97	21	0.05732029928322707
16	0.001	97	12	0.05732029928322707
16	0.001	97	38	0.05732029928322707
16	0.001	97	88	0.05732029928322707
16	0.001	97	53	0.05732029928322707
16	0.001	97	14	0.012911388487573646
16	0.001	97	24	0.012911388487573646
16	0.001	97	98	0.05732029928322707
16	0.001	97	62	0.05732029928322707
16	0.001	97	74	0.039667577434245024
16	0.001	97	86	0.015356321120297957
16	0.001	97	19	0.012911388487573646
16	0.001	97	22	0.012911388487573646
16	0.001	97	17	0.012632659307304936
16	0.001	98	2	0.12339892995436513
16	0.001	98	15	0.12339892995436513
16	0.001	98	55	0.10289785987470935
16	0.001	98	0	0.10289785987470935
16	0.001	98	69	0.10289785987470935
16	0.001	98	46	0.10289785987470935
16	0.001	98	38	0.06030627595198618
16	0.001	98	12	0.06030627595198618
16	0.001	98	21	0.06030627595198618
16	0.001	98	53	0.06030627595198618
16	0.001	98	88	0.06030627595198618
16	0.001	98	24	0.012924967042731675
16	0.001	98	98	0.06030627595198618
16	0.001	98	62	0.06030627595198618
16	0.001	98	74	0.02689272972616425
16	0.001	98	71	0.01140414320946555
16	0.001	98	19	0.012924967042731675
16	0.001	98	14	0.012924967042731675
16	0.001	98	17	0.012924967042731675
16	0.001	98	22	0.012924967042731675
16	0.001	99	2	0.11275093950754875
16	0.001	99	15	0.08959347125745919
16	0.001	99	55	0.07472829427834932
16	0.001	99	0	0.07472829427834932
16	0.001	99	46	0.07472829427834932
16	0.001	99	69	0.07472829427834932
16	0.001	99	38	0.05584077129354221
16	0.001	99	12	0.05584077129354221
16	0.001	99	21	0.05584077129354221
16	0.001	99	24	0.018618871931667495
16	0.001	99	14	0.018618871931667495
16	0.001	99	98	0.05584077129354221
16	0.001	99	62	0.05584077129354221
16	0.001	99	53	0.05584077129354221
16	0.001	99	88	0.05584077129354221
16	0.001	99	74	0.03705999117259085
16	0.001	99	71	0.018618871931667495
16	0.001	99	22	0.018618871931667495
16	0.001	99	19	0.018618871931667495
16	0.001	99	17	0.012723808754592825
16	0.001	100	2	0.11342478924427236
16	0.001	100	15	0.09763400153908292
16	0.001	100	55	0.09564725959618513
16	0.001	100	0	0.09564725959618513
16	0.001	100	21	0.061368755410736095
16	0.001	100	69	0.09564725959618513
16	0.001	100	46	0.09564725959618513
16	0.001	100	24	0.02928225174813319
16	0.001	100	53	0.053537962902227336
16	0.001	100	88	0.053537962902227336
16	0.001	100	62	0.02928225174813319
16	0.001	100	74	0.02928225174813319
16	0.001	100	22	0.02928225174813319
16	0.001	100	12	0.02928225174813319
16	0.001	100	86	0.02928225174813319
16	0.001	100	38	0.02928225174813319
16	0.001	100	19	0.015182203923297766
16	0.001	100	5	0.015182203923297766
16	0.001	100	34	0.0014386342110802438
16	0.001	100	76	0.014992440183546278
16	0.001	100	71	0.014992440183546278
16	0.01	1	2	0.12332699151388216
16	0.01	1	15	0.09991582350316514
16	0.01	1	55	0.09651199041195208
16	0.01	1	0	0.09651199041195208
16	0.01	1	69	0.09651199041195208
16	0.01	1	46	0.09651199041195208
16	0.01	1	38	0.0312865871476839
16	0.01	1	12	0.03869357518045782
16	0.01	1	21	0.03869357518045782
16	0.01	1	53	0.0312865871476839
16	0.01	1	62	0.0312865871476839
16	0.01	1	98	0.0312865871476839
16	0.01	1	88	0.0312865871476839
16	0.01	1	24	0.02052821720694724
16	0.01	1	14	0.02052821720694724
16	0.01	1	86	0.012285867098103729
16	0.01	1	74	0.012285867098103729
16	0.01	1	17	0.012285867098103729
16	0.01	1	22	0.02052821720694724
16	0.01	1	19	0.02052821720694724
16	0.01	1	10	0.009604857884529609
16	0.01	2	2	0.10766776266567307
16	0.01	2	15	0.10295215621106314
16	0.01	2	55	0.09246446219337554
16	0.01	2	0	0.09246446219337554
16	0.01	2	69	0.09246446219337554
16	0.01	2	46	0.09246446219337554
16	0.01	2	21	0.058242828278433946
16	0.01	2	12	0.058242828278433946
16	0.01	2	38	0.058242828278433946
16	0.01	2	53	0.058242828278433946
16	0.01	2	62	0.058242828278433946
16	0.01	2	98	0.058242828278433946
16	0.01	2	88	0.058242828278433946
16	0.01	2	74	0.01033505057692255
16	0.01	2	14	0.010906308620845385
16	0.01	2	24	0.010906308620845385
16	0.01	2	22	0.010906308620845385
16	0.01	2	19	0.010906308620845385
16	0.01	2	17	0.010906308620845385
16	0.01	2	13	0.004204132859173156
16	0.01	3	2	0.12186801095599668
16	0.01	3	15	0.09062678180220377
16	0.01	3	55	0.076281237512797
16	0.01	3	0	0.076281237512797
16	0.01	3	69	0.076281237512797
16	0.01	3	46	0.076281237512797
16	0.01	3	12	0.05931493899287078
16	0.01	3	53	0.027099078269734157
16	0.01	3	98	0.026152853296172975
16	0.01	3	38	0.027099078269734157
16	0.01	3	88	0.027099078269734157
16	0.01	3	62	0.027099078269734157
16	0.01	3	19	0.012068365205133687
16	0.01	3	21	0.01351145108117932
16	0.01	3	14	0.01351145108117932
16	0.01	3	17	0.012068365205133687
16	0.01	3	74	0.01351145108117932
16	0.01	3	6	0.002613357438279805
16	0.01	3	13	0.01351145108117932
16	0.01	3	24	0.01351145108117932
16	0.01	3	34	0.01351145108117932
16	0.01	3	22	0.01351145108117932
16	0.01	4	2	0.11422597551957994
16	0.01	4	15	0.10437414422551108
16	0.01	4	55	0.09316151846283072
16	0.01	4	0	0.09316151846283072
16	0.01	4	69	0.09316151846283072
16	0.01	4	46	0.09316151846283072
16	0.01	4	38	0.03705919657316017
16	0.01	4	12	0.04936928050171832
16	0.01	4	21	0.04936928050171832
16	0.01	4	53	0.03705919657316017
16	0.01	4	88	0.03705919657316017
16	0.01	4	24	0.01880950627423848
16	0.01	4	62	0.03705919657316017
16	0.01	4	98	0.03705919657316017
16	0.01	4	74	0.02180186013946589
16	0.01	4	28	0.0017190083510629094
16	0.01	4	14	0.01880950627423848
16	0.01	4	19	0.01880950627423848
16	0.01	4	17	0.017299250620810166
16	0.01	4	22	0.017299250620810166
16	0.01	4	34	0.002467623758848139
16	0.01	5	2	0.11453872289442599
16	0.01	5	15	0.08907726935753957
16	0.01	5	55	0.07688224923093707
16	0.01	5	0	0.07688224923093707
16	0.01	5	69	0.07688224923093707
16	0.01	5	46	0.07688224923093707
16	0.01	5	21	0.05758577244696652
16	0.01	5	12	0.05758577244696652
16	0.01	5	24	0.01683129311357894
16	0.01	5	88	0.04247963214544957
16	0.01	5	38	0.04247963214544957
16	0.01	5	22	0.01683129311357894
16	0.01	5	19	0.01683129311357894
16	0.01	5	14	0.01683129311357894
16	0.01	5	98	0.04247963214544957
16	0.01	5	62	0.04247963214544957
16	0.01	5	53	0.04247963214544957
16	0.01	5	74	0.04247963214544957
16	0.01	5	71	0.01683129311357894
16	0.01	5	76	0.014269388949687174
16	0.01	6	2	0.11011729115689414
16	0.01	6	15	0.09661894925867323
16	0.01	6	55	0.08328593447485123
16	0.01	6	0	0.08328593447485123
16	0.01	6	46	0.08328593447485123
16	0.01	6	69	0.08328593447485123
16	0.01	6	38	0.040021327357568345
16	0.01	6	21	0.040021327357568345
16	0.01	6	12	0.040021327357568345
16	0.01	6	14	0.013528668164795069
16	0.01	6	62	0.040021327357568345
16	0.01	6	88	0.040021327357568345
16	0.01	6	53	0.040021327357568345
16	0.01	6	98	0.018885878705237783
16	0.01	6	74	0.018476067852719085
16	0.01	6	86	0.014402707343514056
16	0.01	6	71	0.010080969318133714
16	0.01	6	24	0.013528668164795069
16	0.01	6	19	0.013528668164795069
16	0.01	6	17	0.010080969318133714
16	0.01	6	22	0.013528668164795069
16	0.01	7	2	0.11766563021211
16	0.01	7	15	0.0870711110091556
16	0.01	7	55	0.07143165333002557
16	0.01	7	0	0.07143165333002557
16	0.01	7	69	0.07143165333002557
16	0.01	7	46	0.07143165333002557
16	0.01	7	21	0.05316927301116195
16	0.01	7	12	0.05316927301116195
16	0.01	7	38	0.05316927301116195
16	0.01	7	53	0.05316927301116195
16	0.01	7	14	0.010569842234316274
16	0.01	7	24	0.010569842234316274
16	0.01	7	98	0.05316927301116195
16	0.01	7	88	0.05316927301116195
16	0.01	7	62	0.05316927301116195
16	0.01	7	74	0.03549334573603152
16	0.01	7	71	0.017981035758511902
16	0.01	7	76	0.010571232551048835
16	0.01	7	63	0.010569842234316274
16	0.01	7	22	0.00979591786546056
16	0.01	7	19	0.00979591786546056
16	0.01	8	2	0.12124385914482808
16	0.01	8	15	0.08523322359850372
16	0.01	8	55	0.072200758222442
16	0.01	8	0	0.072200758222442
16	0.01	8	69	0.072200758222442
16	0.01	8	46	0.072200758222442
16	0.01	8	38	0.05167118285866782
16	0.01	8	12	0.05637196621920003
16	0.01	8	21	0.05637196621920003
16	0.01	8	24	0.014664453495736801
16	0.01	8	88	0.05167118285866782
16	0.01	8	53	0.05167118285866782
16	0.01	8	62	0.05167118285866782
16	0.01	8	98	0.05167118285866782
16	0.01	8	74	0.03452349160345292
16	0.01	8	19	0.014664453495736801
16	0.01	8	71	0.011269674503880783
16	0.01	8	76	0.011269674503880783
16	0.01	8	22	0.014664453495736801
16	0.01	8	14	0.014664453495736801
16	0.01	8	17	0.011311638759534726
16	0.01	9	2	0.10825426087803336
16	0.01	9	15	0.1010149610003298
16	0.01	9	55	0.07454653247488643
16	0.01	9	0	0.06188671422978796
16	0.01	9	46	0.06188671422978796
16	0.01	9	69	0.06188671422978796
16	0.01	9	21	0.05617493480179059
16	0.01	9	12	0.05617493480179059
16	0.01	9	38	0.05181564751659292
16	0.01	9	88	0.05181564751659292
16	0.01	9	53	0.05181564751659292
16	0.01	9	24	0.009777591839640347
16	0.01	9	62	0.05181564751659292
16	0.01	9	98	0.05181564751659292
16	0.01	9	74	0.0374902147439829
16	0.01	9	71	0.012332672194138007
16	0.01	9	86	0.009011741542877833
16	0.01	9	14	0.009777591839640347
16	0.01	9	22	0.00941097455564781
16	0.01	9	19	0.00941097455564781
16	0.01	10	2	0.11023398115080767
16	0.01	10	15	0.09648701268966402
16	0.01	10	55	0.08649075737562044
16	0.01	10	0	0.08649075737562044
16	0.01	10	46	0.08649075737562044
16	0.01	10	69	0.08649075737562044
16	0.01	10	12	0.0335899602904763
16	0.01	10	21	0.0335899602904763
16	0.01	10	22	0.01099596837447705
16	0.01	10	53	0.050004558695187766
16	0.01	10	38	0.050004558695187766
16	0.01	10	62	0.050004558695187766
16	0.01	10	98	0.050004558695187766
16	0.01	10	88	0.050004558695187766
16	0.01	10	74	0.01099596837447705
16	0.01	10	86	0.009223035056148113
16	0.01	10	24	0.01099596837447705
16	0.01	10	19	0.01099596837447705
16	0.01	10	14	0.01099596837447705
16	0.01	10	28	0.00833698552174388
16	0.01	10	63	0.00833698552174388
16	0.01	10	40	0.00833698552174388
16	0.01	10	71	0.00833698552174388
16	0.01	10	76	0.00833698552174388
16	0.01	11	2	0.08908044847116242
16	0.01	11	55	0.082166942463662
16	0.01	11	46	0.082166942463662
16	0.01	11	0	0.082166942463662
16	0.01	11	15	0.082166942463662
16	0.01	11	69	0.082166942463662
16	0.01	11	62	0.034067822459431
16	0.01	11	21	0.034067822459431
16	0.01	11	38	0.034067822459431
16	0.01	11	53	0.034067822459431
16	0.01	11	88	0.034067822459431
16	0.01	11	74	0.034067822459431
16	0.01	11	86	0.034067822459431
16	0.01	11	71	0.019652701969654313
16	0.01	11	76	0.009595276355016748
16	0.01	11	14	0.009595276355016748
16	0.01	11	22	0.009595276355016748
16	0.01	11	1	0.009595276355016748
16	0.01	11	17	0.009595276355016748
16	0.01	11	52	0.009595276355016748
16	0.01	12	2	0.1032639987379201
16	0.01	12	15	0.1032639987379201
16	0.01	12	55	0.06929442303622274
16	0.01	12	0	0.05818957644824172
16	0.01	12	69	0.06630851969565042
16	0.01	12	46	0.06630851969565042
16	0.01	12	53	0.038488998522248186
16	0.01	12	12	0.049465372048608035
16	0.01	12	21	0.049465372048608035
16	0.01	12	24	0.018220486660104018
16	0.01	12	14	0.018220486660104018
16	0.01	12	22	0.018220486660104018
16	0.01	12	19	0.018220486660104018
16	0.01	12	98	0.038488998522248186
16	0.01	12	62	0.038488998522248186
16	0.01	12	38	0.038488998522248186
16	0.01	12	88	0.038488998522248186
16	0.01	12	74	0.0336959005757513
16	0.01	12	86	0.0336959005757513
16	0.01	12	71	0.018676561961541497
16	0.01	12	76	0.004855489004116077
16	0.01	13	2	0.11506687075850983
16	0.01	13	15	0.11066429260994022
16	0.01	13	55	0.09801239748060496
16	0.01	13	0	0.09801239748060496
16	0.01	13	69	0.09801239748060496
16	0.01	13	46	0.09801239748060496
16	0.01	13	38	0.06598391828544727
16	0.01	13	12	0.06598391828544727
16	0.01	13	21	0.06598391828544727
16	0.01	13	88	0.06598391828544727
16	0.01	13	62	0.06598391828544727
16	0.01	13	53	0.06598391828544727
16	0.01	13	98	0.06598391828544727
16	0.01	13	86	0.025371759213265916
16	0.01	13	74	0.025371759213265916
16	0.01	13	19	0.025371759213265916
16	0.01	13	14	0.014361781234851507
16	0.01	13	24	0.014361781234851507
16	0.01	13	22	0.012098489064143356
16	0.01	13	17	0.00963102738654606
16	0.01	14	2	0.11421079011660418
16	0.01	14	15	0.1092121121520179
16	0.01	14	55	0.07689555213657735
16	0.01	14	0	0.07385171496240983
16	0.01	14	46	0.07385171496240983
16	0.01	14	69	0.07385171496240983
16	0.01	14	21	0.056520108810431374
16	0.01	14	12	0.056520108810431374
16	0.01	14	38	0.052081555413133564
16	0.01	14	14	0.019813616875715687
16	0.01	14	19	0.019813616875715687
16	0.01	14	24	0.01137224659259587
16	0.01	14	22	0.008465066723868831
16	0.01	14	98	0.052081555413133564
16	0.01	14	62	0.052081555413133564
16	0.01	14	88	0.052081555413133564
16	0.01	14	53	0.052081555413133564
16	0.01	14	74	0.045802123241025956
16	0.01	14	76	0.015307475655725199
16	0.01	14	40	0.015307475655725199
16	0.01	14	63	0.015307475655725199
16	0.01	14	71	0.015307475655725199
16	0.01	15	2	0.11636863545760821
16	0.01	15	15	0.09259658603255769
16	0.01	15	55	0.07031508482620176
16	0.01	15	0	0.06886961264716371
16	0.01	15	69	0.06886961264716371
16	0.01	15	46	0.06886961264716371
16	0.01	15	12	0.04609472517434625
16	0.01	15	21	0.04609472517434625
16	0.01	15	38	0.04609472517434625
16	0.01	15	53	0.04609472517434625
16	0.01	15	88	0.04609472517434625
16	0.01	15	98	0.04609472517434625
16	0.01	15	62	0.04609472517434625
16	0.01	15	74	0.036010633868232514
16	0.01	15	71	0.011655577566713303
16	0.01	15	86	0.011655577566713303
16	0.01	15	76	0.003932669530863057
16	0.01	15	19	0.013014032470784467
16	0.01	15	14	0.013014032470784467
16	0.01	15	24	0.013014032470784467
16	0.01	15	22	0.013014032470784467
16	0.01	15	17	0.013014032470784467
16	0.01	16	2	0.12685372636769648
16	0.01	16	15	0.12685372636769648
16	0.01	16	0	0.1110936879809474
16	0.01	16	46	0.1110936879809474
16	0.01	16	55	0.1110936879809474
16	0.01	16	69	0.1110936879809474
16	0.01	16	53	0.047125041145217914
16	0.01	16	12	0.05523054760623855
16	0.01	16	21	0.05523054760623855
16	0.01	16	24	0.02888870442314806
16	0.01	16	14	0.02888870442314806
16	0.01	16	98	0.047125041145217914
16	0.01	16	38	0.047125041145217914
16	0.01	16	88	0.047125041145217914
16	0.01	16	74	0.02888870442314806
16	0.01	16	86	0.02888870442314806
16	0.01	16	71	0.02888870442314806
16	0.01	16	19	0.02888870442314806
16	0.01	16	22	0.02888870442314806
16	0.01	16	63	0.005269158899478913
16	0.01	17	2	0.11229980922356629
16	0.01	17	15	0.10121693968012614
16	0.01	17	55	0.07103155129296367
16	0.01	17	0	0.06947171833401537
16	0.01	17	46	0.06947171833401537
16	0.01	17	69	0.06947171833401537
16	0.01	17	38	0.06528948592586575
16	0.01	17	12	0.06528948592586575
16	0.01	17	21	0.06528948592586575
16	0.01	17	53	0.06528948592586575
16	0.01	17	88	0.06528948592586575
16	0.01	17	98	0.06528948592586575
16	0.01	17	62	0.06528948592586575
16	0.01	17	24	0.018225237648425117
16	0.01	17	76	0.0017976858536982022
16	0.01	17	71	0.0017976858536982022
16	0.01	17	19	0.018225237648425117
16	0.01	17	14	0.018225237648425117
16	0.01	17	22	0.018225237648425117
16	0.01	17	17	0.018225237648425117
16	0.01	17	13	0.01563530833774773
16	0.01	17	5	0.00526627280359276
16	0.01	18	2	0.11740254901315236
16	0.01	18	15	0.09260662450062455
16	0.01	18	55	0.06864812561101145
16	0.01	18	0	0.06864812561101145
16	0.01	18	46	0.06864812561101145
16	0.01	18	69	0.06864812561101145
16	0.01	18	38	0.045676117494880694
16	0.01	18	12	0.04861410146525449
16	0.01	18	21	0.04861410146525449
16	0.01	18	53	0.045676117494880694
16	0.01	18	62	0.045676117494880694
16	0.01	18	14	0.015776281282955985
16	0.01	18	24	0.015776281282955985
16	0.01	18	98	0.045676117494880694
16	0.01	18	88	0.045676117494880694
16	0.01	18	74	0.04270146401732353
16	0.01	18	86	0.013213933971183183
16	0.01	18	71	0.013213933971183183
16	0.01	18	19	0.015776281282955985
16	0.01	18	22	0.015776281282955985
16	0.01	18	17	0.009101043495029484
16	0.01	19	2	0.11534454073033598
16	0.01	19	15	0.11029466981814597
16	0.01	19	0	0.07015203754535117
16	0.01	19	46	0.04690803686807662
16	0.01	19	12	0.03655058033277784
16	0.01	19	24	0.02017269556655304
16	0.01	19	69	0.02802022456727526
16	0.01	19	55	0.02802022456727526
16	0.01	19	38	0.02679933263203532
16	0.01	19	21	0.01285444456643685
16	0.01	19	62	0.02679933263203532
16	0.01	19	88	0.02679933263203532
16	0.01	19	53	0.02679933263203532
16	0.01	19	98	0.02679933263203532
16	0.01	19	74	0.026009650678723992
16	0.01	19	76	0.01771358334219245
16	0.01	19	63	0.010265383941199548
16	0.01	19	71	0.007345673967461797
16	0.01	19	17	0.010265383941199548
16	0.01	19	19	0.010265383941199548
16	0.01	20	2	0.11729771997699612
16	0.01	20	15	0.10675020620653765
16	0.01	20	55	0.07351787302368795
16	0.01	20	0	0.07351787302368795
16	0.01	20	69	0.07351787302368795
16	0.01	20	46	0.07351787302368795
16	0.01	20	38	0.04587212709904367
16	0.01	20	12	0.05420389073328131
16	0.01	20	21	0.05420389073328131
16	0.01	20	24	0.013819618336789796
16	0.01	20	88	0.04587212709904367
16	0.01	20	53	0.04587212709904367
16	0.01	20	62	0.04587212709904367
16	0.01	20	98	0.04587212709904367
16	0.01	20	74	0.04587212709904367
16	0.01	20	71	0.013819618336789796
16	0.01	20	19	0.013819618336789796
16	0.01	20	14	0.013819618336789796
16	0.01	20	22	0.012065041815858667
16	0.01	20	17	0.012065041815858667
16	0.01	21	2	0.2296025443146094
16	0.01	21	55	0.062727248952581
16	0.01	21	46	0.05921028076382474
16	0.01	21	15	0.05921028076382474
16	0.01	21	0	0.05921028076382474
16	0.01	21	69	0.05921028076382474
16	0.01	21	38	0.042644411190623295
16	0.01	21	53	0.042644411190623295
16	0.01	21	62	0.02619177848281494
16	0.01	21	74	0.02619177848281494
16	0.01	21	88	0.02619177848281494
16	0.01	21	71	0.02619177848281494
16	0.01	21	76	0.02619177848281494
16	0.01	21	98	0.02619177848281494
16	0.01	21	21	0.02619177848281494
16	0.01	21	12	0.02619177848281494
16	0.01	21	14	0.02619177848281494
16	0.01	21	19	0.02619177848281494
16	0.01	21	42	0.02619177848281494
16	0.01	21	86	0.02619177848281494
16	0.01	22	2	0.10569139236822273
16	0.01	22	15	0.10223062171813738
16	0.01	22	55	0.0715964522166401
16	0.01	22	0	0.06603993928431348
16	0.01	22	46	0.06603993928431348
16	0.01	22	69	0.06603993928431348
16	0.01	22	21	0.03523145494601008
16	0.01	22	12	0.026063008765106768
16	0.01	22	38	0.02817117176412217
16	0.01	22	53	0.02817117176412217
16	0.01	22	14	0.023423550544623237
16	0.01	22	88	0.026063008765106768
16	0.01	22	98	0.026063008765106768
16	0.01	22	74	0.025594120654497024
16	0.01	22	86	0.025594120654497024
16	0.01	22	19	0.0152558497145466
16	0.01	22	24	0.023423550544623237
16	0.01	22	22	0.023423550544623237
16	0.01	22	17	0.021839288371349505
16	0.01	22	7	0.01565107298331635
16	0.01	23	2	0.11992900394153028
16	0.01	23	15	0.11992900394153028
16	0.01	23	55	0.11992900394153028
16	0.01	23	0	0.051896648625309294
16	0.01	23	69	0.07348668821687586
16	0.01	23	46	0.07348668821687586
16	0.01	23	21	0.051896648625309294
16	0.01	23	12	0.020140736317744018
16	0.01	23	24	0.017763984567321454
16	0.01	23	53	0.03175946836628186
16	0.01	23	62	0.03175946836628186
16	0.01	23	38	0.03175946836628186
16	0.01	23	86	0.020140736317744018
16	0.01	23	74	0.020140736317744018
16	0.01	23	98	0.020140736317744018
16	0.01	23	76	0.017763984567321454
16	0.01	23	63	0.005983854481019132
16	0.01	23	14	0.017763984567321454
16	0.01	23	19	0.017763984567321454
16	0.01	23	17	0.017763984567321454
16	0.01	24	2	0.11669595357630723
16	0.01	24	15	0.10475813927340671
16	0.01	24	55	0.07048804902474697
16	0.01	24	0	0.059698582367934475
16	0.01	24	69	0.07048804902474697
16	0.01	24	46	0.07048804902474697
16	0.01	24	38	0.02853346540359455
16	0.01	24	12	0.03913060773811134
16	0.01	24	21	0.03913060773811134
16	0.01	24	14	0.013258710257813291
16	0.01	24	88	0.02853346540359455
16	0.01	24	53	0.02853346540359455
16	0.01	24	98	0.02853346540359455
16	0.01	24	62	0.02853346540359455
16	0.01	24	74	0.019733942908533166
16	0.01	24	28	0.013258710257813291
16	0.01	24	24	0.013258710257813291
16	0.01	24	19	0.013258710257813291
16	0.01	24	22	0.013258710257813291
16	0.01	24	5	0.011196656962065503
16	0.01	25	2	0.11358661229398556
16	0.01	25	15	0.09579916243124682
16	0.01	25	55	0.08353377303339302
16	0.01	25	0	0.08292837410068762
16	0.01	25	21	0.051920133429234114
16	0.01	25	69	0.08292837410068762
16	0.01	25	46	0.08292837410068762
16	0.01	25	12	0.051920133429234114
16	0.01	25	14	0.01672467150542199
16	0.01	25	38	0.051920133429234114
16	0.01	25	88	0.051920133429234114
16	0.01	25	98	0.051920133429234114
16	0.01	25	62	0.051920133429234114
16	0.01	25	53	0.051920133429234114
16	0.01	25	86	0.01574208234437217
16	0.01	25	28	0.01574208234437217
16	0.01	25	19	0.003455896425082838
16	0.01	25	1	0.01574208234437217
16	0.01	25	74	0.01574208234437217
16	0.01	25	29	0.013676224004732852
16	0.01	25	76	0.013676224004732852
16	0.01	26	2	0.11423817909691629
16	0.01	26	15	0.09472532820595903
16	0.01	26	55	0.07592815137684653
16	0.01	26	0	0.0639839186515808
16	0.01	26	69	0.07592815137684653
16	0.01	26	46	0.07592815137684653
16	0.01	26	21	0.05324632414114309
16	0.01	26	12	0.05324632414114309
16	0.01	26	38	0.03949363217961528
16	0.01	26	14	0.018328544963852594
16	0.01	26	24	0.018328544963852594
16	0.01	26	19	0.018328544963852594
16	0.01	26	22	0.018328544963852594
16	0.01	26	98	0.03949363217961528
16	0.01	26	53	0.03949363217961528
16	0.01	26	62	0.03949363217961528
16	0.01	26	88	0.03949363217961528
16	0.01	26	86	0.03756854722334152
16	0.01	26	74	0.03756854722334152
16	0.01	26	71	0.019552933197815217
16	0.01	27	2	0.2575236394357582
16	0.01	27	0	0.03877341683678298
16	0.01	27	55	0.12989095863756028
16	0.01	27	69	0.12989095863756028
16	0.01	27	46	0.12989095863756028
16	0.01	27	38	0.03877341683678298
16	0.01	27	21	0.031162800152366627
16	0.01	27	12	0.031162800152366627
16	0.01	27	53	0.03877341683678298
16	0.01	27	62	0.03877341683678298
16	0.01	27	74	0.03877341683678298
16	0.01	27	98	0.03877341683678298
16	0.01	27	71	0.03123091633119935
16	0.01	27	40	0.014342987335534284
16	0.01	27	24	0.021063252525964023
16	0.01	27	19	0.014342987335534284
16	0.01	27	22	0.014342987335534284
16	0.01	27	51	0.010047949578856734
16	0.01	27	63	0.010047949578856734
16	0.01	27	80	0.010047949578856734
16	0.01	28	2	0.10753238122503218
16	0.01	28	15	0.09403256070027467
16	0.01	28	0	0.09403256070027467
16	0.01	28	55	0.09403256070027467
16	0.01	28	69	0.09403256070027467
16	0.01	28	46	0.09403256070027467
16	0.01	28	21	0.02278542522062665
16	0.01	28	12	0.02278542522062665
16	0.01	28	53	0.034852548558774
16	0.01	28	98	0.034852548558774
16	0.01	28	38	0.034852548558774
16	0.01	28	88	0.034852548558774
16	0.01	28	62	0.034852548558774
16	0.01	28	74	0.018003399256943522
16	0.01	28	19	0.009666491780074806
16	0.01	28	14	0.009666491780074806
16	0.01	28	24	0.009403917491855093
16	0.01	28	22	0.009403917491855093
16	0.01	28	13	0.009403917491855093
16	0.01	28	6	0.003628983507885392
16	0.01	29	2	0.10782814124539071
16	0.01	29	15	0.09467740842098
16	0.01	29	55	0.07449765855346462
16	0.01	29	0	0.06503555676972927
16	0.01	29	69	0.07449765855346462
16	0.01	29	46	0.07449765855346462
16	0.01	29	21	0.04784880342518691
16	0.01	29	12	0.04784880342518691
16	0.01	29	24	0.02658736934606403
16	0.01	29	19	0.01862354847271566
16	0.01	29	14	0.015162774764462306
16	0.01	29	88	0.03579160481545142
16	0.01	29	38	0.03579160481545142
16	0.01	29	53	0.03579160481545142
16	0.01	29	98	0.03579160481545142
16	0.01	29	62	0.03579160481545142
16	0.01	29	74	0.02658736934606403
16	0.01	29	17	0.01389938833814969
16	0.01	29	13	0.009413269399285041
16	0.01	29	5	0.005202830400551373
16	0.01	30	2	0.11186795759784969
16	0.01	30	15	0.10270812887644609
16	0.01	30	55	0.0758981299845448
16	0.01	30	0	0.05746753064319431
16	0.01	30	46	0.0758981299845448
16	0.01	30	69	0.0758981299845448
16	0.01	30	21	0.049185339992606956
16	0.01	30	12	0.049185339992606956
16	0.01	30	38	0.04495207955246799
16	0.01	30	24	0.015712704514956273
16	0.01	30	88	0.04495207955246799
16	0.01	30	62	0.04495207955246799
16	0.01	30	53	0.04495207955246799
16	0.01	30	98	0.04495207955246799
16	0.01	30	74	0.04329467839507456
16	0.01	30	86	0.011814984902697803
16	0.01	30	71	0.011814984902697803
16	0.01	30	76	0.003400466426115053
16	0.01	30	17	0.015712704514956273
16	0.01	30	22	0.015712704514956273
16	0.01	30	14	0.015712704514956273
16	0.01	30	19	0.015712704514956273
16	0.01	30	5	0.015712704514956273
16	0.01	31	2	0.1167246722929573
16	0.01	31	15	0.09395162192195854
16	0.01	31	55	0.0729538671943111
16	0.01	31	0	0.06834564103297616
16	0.01	31	69	0.06834564103297616
16	0.01	31	46	0.06834564103297616
16	0.01	31	21	0.06318910562639035
16	0.01	31	12	0.06318910562639035
16	0.01	31	38	0.052499792489428126
16	0.01	31	14	0.02701916072304491
16	0.01	31	24	0.02701916072304491
16	0.01	31	88	0.052499792489428126
16	0.01	31	53	0.052499792489428126
16	0.01	31	98	0.052499792489428126
16	0.01	31	62	0.052499792489428126
16	0.01	31	74	0.031074786585440873
16	0.01	31	86	0.031074786585440873
16	0.01	31	19	0.031074786585440873
16	0.01	31	17	0.014330493192497863
16	0.01	31	22	0.02701916072304491
16	0.01	32	2	0.11175620142282057
16	0.01	32	15	0.11172563008414121
16	0.01	32	55	0.06816001744559896
16	0.01	32	0	0.06816001744559896
16	0.01	32	69	0.06816001744559896
16	0.01	32	46	0.06816001744559896
16	0.01	32	38	0.054727657927604006
16	0.01	32	12	0.06341415602973957
16	0.01	32	21	0.06341415602973957
16	0.01	32	19	0.011204562056625043
16	0.01	32	22	0.002296333495689684
16	0.01	32	62	0.054727657927604006
16	0.01	32	53	0.054727657927604006
16	0.01	32	88	0.054727657927604006
16	0.01	32	98	0.054727657927604006
16	0.01	32	74	0.03953748839243236
16	0.01	32	71	0.015053207592905123
16	0.01	32	76	0.015053207592905123
16	0.01	32	63	0.011204562056625043
16	0.01	32	40	0.011204562056625043
16	0.01	33	2	0.1579369134608224
16	0.01	33	15	0.10378741533866422
16	0.01	33	55	0.10292599864955869
16	0.01	33	69	0.10292599864955869
16	0.01	33	46	0.10292599864955869
16	0.01	33	12	0.03308555714491016
16	0.01	33	21	0.03308555714491016
16	0.01	33	0	0.03273671480343605
16	0.01	33	53	0.03273671480343605
16	0.01	33	38	0.03273671480343605
16	0.01	33	88	0.03273671480343605
16	0.01	33	98	0.03273671480343605
16	0.01	33	62	0.03273671480343605
16	0.01	33	74	0.023085435549536834
16	0.01	33	71	0.01599222688531903
16	0.01	33	76	0.01599222688531903
16	0.01	33	40	0.01599222688531903
16	0.01	33	60	0.009481669026400416
16	0.01	33	22	0.006858237713886372
16	0.01	33	19	0.006858237713886372
16	0.01	33	24	0.006858237713886372
16	0.01	33	14	0.006858237713886372
16	0.01	34	2	0.11106280560107443
16	0.01	34	15	0.09766627785169811
16	0.01	34	0	0.06986875705602577
16	0.01	34	55	0.06986875705602577
16	0.01	34	46	0.06986875705602577
16	0.01	34	69	0.06986875705602577
16	0.01	34	53	0.03051626391709854
16	0.01	34	12	0.05042290073531161
16	0.01	34	21	0.05042290073531161
16	0.01	34	88	0.03051626391709854
16	0.01	34	14	0.028503345162263806
16	0.01	34	24	0.028503345162263806
16	0.01	34	22	0.028503345162263806
16	0.01	34	19	0.028503345162263806
16	0.01	34	38	0.03051626391709854
16	0.01	34	62	0.03051626391709854
16	0.01	34	98	0.03051626391709854
16	0.01	34	74	0.028503345162263806
16	0.01	34	17	0.028503345162263806
16	0.01	34	5	0.0023163008042498536
16	0.01	35	2	0.11695117597412534
16	0.01	35	15	0.0911286121380256
16	0.01	35	0	0.08249702434721735
16	0.01	35	55	0.08249702434721735
16	0.01	35	69	0.08249702434721735
16	0.01	35	46	0.08249702434721735
16	0.01	35	38	0.03698073867567725
16	0.01	35	12	0.040899599324387304
16	0.01	35	21	0.040899599324387304
16	0.01	35	22	0.02651982736995551
16	0.01	35	24	0.02651982736995551
16	0.01	35	19	0.02651982736995551
16	0.01	35	98	0.03698073867567725
16	0.01	35	62	0.03698073867567725
16	0.01	35	53	0.03698073867567725
16	0.01	35	88	0.03698073867567725
16	0.01	35	14	0.018877041079545003
16	0.01	35	5	0.009607860101921467
16	0.01	35	34	0.005235602753423246
16	0.01	35	28	0.0036624662101550306
16	0.01	36	2	0.1158552848790674
16	0.01	36	15	0.09991955862130063
16	0.01	36	55	0.07392576044253266
16	0.01	36	0	0.06816021270685767
16	0.01	36	69	0.06816021270685767
16	0.01	36	46	0.06816021270685767
16	0.01	36	38	0.038658923351628106
16	0.01	36	12	0.048769996637914405
16	0.01	36	21	0.048769996637914405
16	0.01	36	88	0.038658923351628106
16	0.01	36	53	0.038658923351628106
16	0.01	36	62	0.038658923351628106
16	0.01	36	98	0.038658923351628106
16	0.01	36	74	0.026107169241204563
16	0.01	36	19	0.019888414112887567
16	0.01	36	71	0.019888414112887567
16	0.01	36	17	0.0075721121557724555
16	0.01	36	22	0.019888414112887567
16	0.01	36	14	0.019888414112887567
16	0.01	36	24	0.019888414112887567
16	0.01	37	2	0.10936582598999074
16	0.01	37	15	0.10283988962196065
16	0.01	37	55	0.06812164188650535
16	0.01	37	0	0.05542888112889699
16	0.01	37	69	0.05542888112889699
16	0.01	37	46	0.05542888112889699
16	0.01	37	21	0.04205888077206414
16	0.01	37	12	0.04205888077206414
16	0.01	37	24	0.024845421602582143
16	0.01	37	38	0.03216122514170688
16	0.01	37	19	0.020562414774741033
16	0.01	37	88	0.03216122514170688
16	0.01	37	98	0.03216122514170688
16	0.01	37	53	0.03216122514170688
16	0.01	37	62	0.03216122514170688
16	0.01	37	74	0.03216122514170688
16	0.01	37	71	0.019958864486960125
16	0.01	37	76	0.006646745149558353
16	0.01	37	14	0.0179615987259727
16	0.01	37	13	0.0179615987259727
16	0.01	37	22	0.0179615987259727
16	0.01	38	2	0.11038960729486544
16	0.01	38	15	0.08898893903955236
16	0.01	38	55	0.07412127959864372
16	0.01	38	0	0.07412127959864372
16	0.01	38	46	0.07412127959864372
16	0.01	38	69	0.07412127959864372
16	0.01	38	38	0.05197894566239232
16	0.01	38	12	0.05197894566239232
16	0.01	38	21	0.05197894566239232
16	0.01	38	24	0.01634881911691431
16	0.01	38	53	0.05197894566239232
16	0.01	38	88	0.05197894566239232
16	0.01	38	98	0.05197894566239232
16	0.01	38	62	0.05197894566239232
16	0.01	38	74	0.03648463791876353
16	0.01	38	71	0.014449023503502328
16	0.01	38	76	0.013722162471413087
16	0.01	38	40	0.009873948799223504
16	0.01	38	22	0.013722162471413087
16	0.01	38	19	0.013722162471413087
16	0.01	38	14	0.013722162471413087
16	0.01	39	2	0.1192623440648781
16	0.01	39	15	0.1192623440648781
16	0.01	39	55	0.10639242640689442
16	0.01	39	0	0.10639242640689442
16	0.01	39	46	0.10639242640689442
16	0.01	39	69	0.10639242640689442
16	0.01	39	12	0.0493108595493992
16	0.01	39	21	0.0493108595493992
16	0.01	39	14	0.022036619732637645
16	0.01	39	53	0.0493108595493992
16	0.01	39	38	0.0493108595493992
16	0.01	39	88	0.0493108595493992
16	0.01	39	98	0.0493108595493992
16	0.01	39	62	0.0493108595493992
16	0.01	39	19	0.022036619732637645
16	0.01	39	86	0.022036619732637645
16	0.01	39	74	0.022036619732637645
16	0.01	39	22	0.009408091423971088
16	0.01	39	17	0.012124474182082222
16	0.01	39	76	0.012124474182082222
16	0.01	39	24	0.009408091423971088
16	0.01	40	2	0.11920918604984546
16	0.01	40	15	0.09529788251051304
16	0.01	40	55	0.07645987295850491
16	0.01	40	0	0.07024503578291583
16	0.01	40	69	0.07024503578291583
16	0.01	40	46	0.07024503578291583
16	0.01	40	53	0.03471896388354601
16	0.01	40	21	0.0633572025413619
16	0.01	40	12	0.0633572025413619
16	0.01	40	14	0.009035889142583098
16	0.01	40	88	0.03471896388354601
16	0.01	40	38	0.03471896388354601
16	0.01	40	98	0.03471896388354601
16	0.01	40	62	0.03471896388354601
16	0.01	40	74	0.027324814967659594
16	0.01	40	86	0.021696926828888533
16	0.01	40	71	0.021696926828888533
16	0.01	40	22	0.009035889142583098
16	0.01	40	24	0.009035889142583098
16	0.01	40	19	0.009003923274255133
16	0.01	41	2	0.11070740938088737
16	0.01	41	15	0.11070740938088737
16	0.01	41	0	0.08331503070592872
16	0.01	41	55	0.08331503070592872
16	0.01	41	69	0.08331503070592872
16	0.01	41	46	0.08331503070592872
16	0.01	41	12	0.02468109446417716
16	0.01	41	38	0.038059112412484226
16	0.01	41	21	0.024204568572199926
16	0.01	41	24	0.024204568572199926
16	0.01	41	98	0.038059112412484226
16	0.01	41	53	0.038059112412484226
16	0.01	41	62	0.038059112412484226
16	0.01	41	88	0.038059112412484226
16	0.01	41	74	0.038059112412484226
16	0.01	41	76	0.02468109446417716
16	0.01	41	71	0.02468109446417716
16	0.01	41	86	0.02468109446417716
16	0.01	41	63	0.02468109446417716
16	0.01	41	19	0.003429077718833112
16	0.01	42	2	0.2056196187944316
16	0.01	42	55	0.06438223090080157
16	0.01	42	0	0.06438223090080157
16	0.01	42	69	0.06438223090080157
16	0.01	42	46	0.06438223090080157
16	0.01	42	15	0.05363076454782512
16	0.01	42	21	0.05363076454782512
16	0.01	42	12	0.05363076454782512
16	0.01	42	24	0.03709326193453464
16	0.01	42	38	0.03709326193453464
16	0.01	42	53	0.03709326193453464
16	0.01	42	88	0.03709326193453464
16	0.01	42	62	0.03709326193453464
16	0.01	42	98	0.03709326193453464
16	0.01	42	19	0.010634144608657014
16	0.01	42	22	0.012901946505392
16	0.01	42	13	0.012901946505392
16	0.01	42	14	0.009971293464436943
16	0.01	42	1	0.010634144608657014
16	0.01	42	17	0.010634144608657014
16	0.01	43	2	0.1341752605119048
16	0.01	43	15	0.1341752605119048
16	0.01	43	55	0.08388771374130924
16	0.01	43	46	0.08388771374130924
16	0.01	43	69	0.08388771374130924
16	0.01	43	38	0.03167240022181402
16	0.01	43	0	0.03167240022181402
16	0.01	43	12	0.03167240022181402
16	0.01	43	14	0.03167240022181402
16	0.01	43	21	0.03167240022181402
16	0.01	43	98	0.0285569000629517
16	0.01	43	88	0.031541603460679905
16	0.01	43	62	0.031541603460679905
16	0.01	43	53	0.031541603460679905
16	0.01	43	74	0.020913821769480635
16	0.01	43	76	0.020913821769480635
16	0.01	43	71	0.020913821769480635
16	0.01	43	19	0.0019408279689943945
16	0.01	43	60	0.01158558264798267
16	0.01	43	40	0.01158558264798267
16	0.01	44	2	0.11663698043039142
16	0.01	44	15	0.0870761753797799
16	0.01	44	55	0.07682680969978142
16	0.01	44	0	0.07682680969978142
16	0.01	44	69	0.07682680969978142
16	0.01	44	46	0.07682680969978142
16	0.01	44	21	0.042227074981351045
16	0.01	44	12	0.042227074981351045
16	0.01	44	24	0.02287814250634498
16	0.01	44	53	0.042227074981351045
16	0.01	44	14	0.01392731565512549
16	0.01	44	98	0.042227074981351045
16	0.01	44	62	0.042227074981351045
16	0.01	44	88	0.042227074981351045
16	0.01	44	38	0.042227074981351045
16	0.01	44	74	0.03673977565516241
16	0.01	44	71	0.01377724870393318
16	0.01	44	86	0.01377724870393318
16	0.01	44	19	0.01392731565512549
16	0.01	44	22	0.01392731565512549
16	0.01	44	13	0.01392731565512549
16	0.01	44	5	0.01392731565512549
16	0.01	45	2	0.11177508757232622
16	0.01	45	15	0.10967677786372178
16	0.01	45	55	0.07553589319943321
16	0.01	45	0	0.07169336872439422
16	0.01	45	46	0.07169336872439422
16	0.01	45	69	0.07169336872439422
16	0.01	45	21	0.05469854150886195
16	0.01	45	12	0.05469854150886195
16	0.01	45	24	0.015169176319643214
16	0.01	45	14	0.015169176319643214
16	0.01	45	19	0.012645828233606547
16	0.01	45	22	0.012645828233606547
16	0.01	45	98	0.05469854150886195
16	0.01	45	62	0.05469854150886195
16	0.01	45	88	0.05469854150886195
16	0.01	45	38	0.05469854150886195
16	0.01	45	53	0.05469854150886195
16	0.01	45	74	0.028298588702063202
16	0.01	45	71	0.013325401706433773
16	0.01	45	76	0.007765343294538741
16	0.01	46	2	0.11229919650897048
16	0.01	46	15	0.0910017146698256
16	0.01	46	55	0.06996205711637264
16	0.01	46	0	0.06916467441204019
16	0.01	46	69	0.06916467441204019
16	0.01	46	46	0.06916467441204019
16	0.01	46	21	0.06272860304240384
16	0.01	46	12	0.06272860304240384
16	0.01	46	38	0.05734580826558779
16	0.01	46	88	0.05734580826558779
16	0.01	46	19	0.011762323767448487
16	0.01	46	24	0.011762323767448487
16	0.01	46	14	0.011762323767448487
16	0.01	46	62	0.05734580826558779
16	0.01	46	53	0.05734580826558779
16	0.01	46	98	0.05734580826558779
16	0.01	46	74	0.04136818566133848
16	0.01	46	71	0.021708973665222668
16	0.01	46	63	0.005277166229825564
16	0.01	46	76	0.005277166229825564
16	0.01	47	2	0.11298626449070126
16	0.01	47	15	0.11071168741220566
16	0.01	47	55	0.07667767452236185
16	0.01	47	0	0.06548917310744863
16	0.01	47	69	0.06548917310744863
16	0.01	47	46	0.06548917310744863
16	0.01	47	38	0.044598756909528525
16	0.01	47	12	0.05855504916744881
16	0.01	47	21	0.05855504916744881
16	0.01	47	14	0.01899810525787256
16	0.01	47	53	0.044598756909528525
16	0.01	47	74	0.040215619089322724
16	0.01	47	98	0.044598756909528525
16	0.01	47	62	0.044598756909528525
16	0.01	47	88	0.044598756909528525
16	0.01	47	76	0.011057425558702528
16	0.01	47	24	0.01899810525787256
16	0.01	47	22	0.01899810525787256
16	0.01	47	19	0.01899810525787256
16	0.01	47	86	0.007631435251361116
16	0.01	47	60	0.007631435251361116
16	0.01	47	63	0.007631435251361116
16	0.01	47	40	0.007631435251361116
16	0.01	47	71	0.007631435251361116
16	0.01	48	2	0.11982371656169497
16	0.01	48	15	0.09696661365182233
16	0.01	48	55	0.07249106776052705
16	0.01	48	0	0.06451890939423403
16	0.01	48	46	0.06451890939423403
16	0.01	48	69	0.06451890939423403
16	0.01	48	38	0.03856302055493471
16	0.01	48	21	0.041446602601511305
16	0.01	48	12	0.041446602601511305
16	0.01	48	88	0.03856302055493471
16	0.01	48	53	0.03856302055493471
16	0.01	48	62	0.03856302055493471
16	0.01	48	98	0.03856302055493471
16	0.01	48	74	0.03856302055493471
16	0.01	48	86	0.03856302055493471
16	0.01	48	71	0.013505835389397569
16	0.01	48	76	0.013505835389397569
16	0.01	48	19	0.013012068411482334
16	0.01	48	14	0.013012068411482334
16	0.01	48	24	0.013012068411482334
16	0.01	49	2	0.11056998528548394
16	0.01	49	15	0.10170971621272125
16	0.01	49	55	0.07154310766747968
16	0.01	49	0	0.06198682634135169
16	0.01	49	69	0.0625584070662829
16	0.01	49	46	0.0625584070662829
16	0.01	49	38	0.04896960888287988
16	0.01	49	12	0.04896960888287988
16	0.01	49	21	0.04896960888287988
16	0.01	49	24	0.01640633810257684
16	0.01	49	14	0.01640633810257684
16	0.01	49	88	0.04896960888287988
16	0.01	49	62	0.04896960888287988
16	0.01	49	53	0.04896960888287988
16	0.01	49	98	0.04896960888287988
16	0.01	49	74	0.04896960888287988
16	0.01	49	19	0.01640633810257684
16	0.01	49	22	0.01640633810257684
16	0.01	49	17	0.012125604402993937
16	0.01	49	86	0.002173996893711592
16	0.01	50	2	0.11804432291685323
16	0.01	50	15	0.1112090722852314
16	0.01	50	55	0.06971693202333787
16	0.01	50	0	0.05849746200316118
16	0.01	50	69	0.06510102586282672
16	0.01	50	46	0.06510102586282672
16	0.01	50	21	0.04504859899563538
16	0.01	50	12	0.04504859899563538
16	0.01	50	38	0.04504859899563538
16	0.01	50	14	0.013800331024650008
16	0.01	50	24	0.013800331024650008
16	0.01	50	98	0.04504859899563538
16	0.01	50	62	0.04504859899563538
16	0.01	50	88	0.04504859899563538
16	0.01	50	53	0.04504859899563538
16	0.01	50	74	0.0342779238755679
16	0.01	50	71	0.020833703760743148
16	0.01	50	76	0.013519454075935347
16	0.01	50	17	0.013800331024650008
16	0.01	50	19	0.013800331024650008
16	0.01	51	2	0.10552091574071533
16	0.01	51	15	0.10395449574445693
16	0.01	51	0	0.09104184360170728
16	0.01	51	55	0.08717949162258742
16	0.01	51	12	0.03253901466406617
16	0.01	51	62	0.026388088254935996
16	0.01	51	53	0.01924550158679867
16	0.01	51	38	0.01924550158679867
16	0.01	51	17	0.01924550158679867
16	0.01	51	21	0.01924550158679867
16	0.01	51	14	0.01924550158679867
16	0.01	51	98	0.01924550158679867
16	0.01	51	22	0.01924550158679867
16	0.01	51	74	0.017589844694008948
16	0.01	51	71	0.017589844694008948
16	0.01	51	28	0.01924550158679867
16	0.01	51	10	0.01924550158679867
16	0.01	51	86	0.01924550158679867
16	0.01	51	34	0.017589844694008948
16	0.01	51	1	0.013190948365828735
16	0.01	51	46	0.013190948365828735
16	0.01	52	2	0.11778721599049599
16	0.01	52	15	0.09099132166084754
16	0.01	52	55	0.07700730044728642
16	0.01	52	0	0.07700730044728642
16	0.01	52	46	0.07700730044728642
16	0.01	52	69	0.07700730044728642
16	0.01	52	38	0.05382584227894061
16	0.01	52	21	0.055309020117965436
16	0.01	52	12	0.055309020117965436
16	0.01	52	19	0.021863689391321193
16	0.01	52	88	0.05382584227894061
16	0.01	52	53	0.05382584227894061
16	0.01	52	62	0.05382584227894061
16	0.01	52	98	0.05382584227894061
16	0.01	52	74	0.021863689391321193
16	0.01	52	17	0.021863689391321193
16	0.01	52	14	0.021863689391321193
16	0.01	52	5	0.021863689391321193
16	0.01	52	76	0.009808898365371438
16	0.01	52	22	0.021863689391321193
16	0.01	52	24	0.021863689391321193
16	0.01	53	2	0.12043090638977412
16	0.01	53	15	0.08750427017832665
16	0.01	53	55	0.07687953478117256
16	0.01	53	0	0.07426635011519181
16	0.01	53	46	0.07426635011519181
16	0.01	53	69	0.07426635011519181
16	0.01	53	21	0.05215190335936245
16	0.01	53	12	0.05215190335936245
16	0.01	53	24	0.016368803654609146
16	0.01	53	19	0.016368803654609146
16	0.01	53	14	0.016368803654609146
16	0.01	53	22	0.016368803654609146
16	0.01	53	98	0.044321101297257234
16	0.01	53	62	0.044321101297257234
16	0.01	53	53	0.044321101297257234
16	0.01	53	88	0.044321101297257234
16	0.01	53	38	0.044321101297257234
16	0.01	53	74	0.03147420343065789
16	0.01	53	86	0.019789245357485757
16	0.01	53	28	0.016368803654609146
16	0.01	54	2	0.11117348004170736
16	0.01	54	15	0.09240022630523917
16	0.01	54	55	0.07582590126711618
16	0.01	54	0	0.06416541667967783
16	0.01	54	46	0.06507306713219321
16	0.01	54	69	0.06507306713219321
16	0.01	54	21	0.04731308284561886
16	0.01	54	12	0.04731308284561886
16	0.01	54	24	0.022444321030144966
16	0.01	54	22	0.022444321030144966
16	0.01	54	19	0.022444321030144966
16	0.01	54	38	0.04731308284561886
16	0.01	54	98	0.04731308284561886
16	0.01	54	62	0.04731308284561886
16	0.01	54	88	0.04731308284561886
16	0.01	54	53	0.04731308284561886
16	0.01	54	74	0.019361804511948816
16	0.01	54	86	0.01901656269019928
16	0.01	54	5	0.003399919844994407
16	0.01	54	71	0.01383467043771559
16	0.01	54	76	0.01383467043771559
16	0.01	55	2	0.11712495076965093
16	0.01	55	15	0.10030038437689508
16	0.01	55	55	0.07159432016623156
16	0.01	55	0	0.0641721377289034
16	0.01	55	46	0.07159432016623156
16	0.01	55	69	0.07159432016623156
16	0.01	55	12	0.0492499843793077
16	0.01	55	21	0.0492499843793077
16	0.01	55	14	0.028354464947109307
16	0.01	55	24	0.028354464947109307
16	0.01	55	19	0.006354554083614207
16	0.01	55	22	0.006354554083614207
16	0.01	55	98	0.0492499843793077
16	0.01	55	62	0.0492499843793077
16	0.01	55	88	0.0492499843793077
16	0.01	55	38	0.0492499843793077
16	0.01	55	53	0.0492499843793077
16	0.01	55	74	0.0492499843793077
16	0.01	55	71	0.011260594704613965
16	0.01	55	63	0.011260594704613965
16	0.01	55	76	0.011260594704613965
16	0.01	55	17	0.006354554083614207
16	0.01	55	5	0.006354554083614207
16	0.01	56	2	0.12321868055310059
16	0.01	56	15	0.12321868055310059
16	0.01	56	55	0.1050279959823638
16	0.01	56	0	0.1050279959823638
16	0.01	56	69	0.1050279959823638
16	0.01	56	46	0.1050279959823638
16	0.01	56	38	0.04644254871943232
16	0.01	56	12	0.05231190376144186
16	0.01	56	21	0.05231190376144186
16	0.01	56	24	0.018876531702859918
16	0.01	56	14	0.018876531702859918
16	0.01	56	62	0.04644254871943232
16	0.01	56	53	0.04644254871943232
16	0.01	56	88	0.04644254871943232
16	0.01	56	98	0.04644254871943232
16	0.01	56	86	0.042767715741069544
16	0.01	56	74	0.042767715741069544
16	0.01	56	71	0.0014816128813396764
16	0.01	56	76	0.0014816128813396764
16	0.01	56	19	0.018876531702859918
16	0.01	56	22	0.018876531702859918
16	0.01	56	17	0.004158057287408253
16	0.01	57	2	0.11302815037351711
16	0.01	57	15	0.10323134320812574
16	0.01	57	55	0.06834587069425628
16	0.01	57	0	0.06311229258869305
16	0.01	57	69	0.06834587069425628
16	0.01	57	46	0.06834587069425628
16	0.01	57	38	0.058714164899386294
16	0.01	57	12	0.06311229258869305
16	0.01	57	21	0.06311229258869305
16	0.01	57	53	0.058714164899386294
16	0.01	57	88	0.058714164899386294
16	0.01	57	14	0.00521947288896984
16	0.01	57	19	0.008613156249217649
16	0.01	57	24	0.00521947288896984
16	0.01	57	62	0.058714164899386294
16	0.01	57	98	0.058714164899386294
16	0.01	57	74	0.01964784286143358
16	0.01	57	86	0.01964784286143358
16	0.01	57	76	0.01964784286143358
16	0.01	57	71	0.01964784286143358
16	0.01	57	40	0.01964784286143358
16	0.01	58	2	0.11486240284416918
16	0.01	58	15	0.09817120407733466
16	0.01	58	55	0.08021333307680514
16	0.01	58	0	0.08021333307680514
16	0.01	58	46	0.08021333307680514
16	0.01	58	69	0.08021333307680514
16	0.01	58	12	0.04763401745728308
16	0.01	58	21	0.04763401745728308
16	0.01	58	24	0.016066679928225965
16	0.01	58	19	0.016066679928225965
16	0.01	58	22	0.007511402564127647
16	0.01	58	62	0.04763401745728308
16	0.01	58	38	0.04763401745728308
16	0.01	58	53	0.04763401745728308
16	0.01	58	88	0.04763401745728308
16	0.01	58	98	0.04763401745728308
16	0.01	58	74	0.04763401745728308
16	0.01	58	14	0.007511402564127647
16	0.01	58	71	0.016066679928225965
16	0.01	58	86	0.016066679928225965
16	0.01	58	76	0.016066679928225965
16	0.01	59	2	0.10756426356946983
16	0.01	59	15	0.09520405908282423
16	0.01	59	0	0.09520405908282423
16	0.01	59	55	0.09520405908282423
16	0.01	59	46	0.09520405908282423
16	0.01	59	69	0.09520405908282423
16	0.01	59	21	0.04082492320800129
16	0.01	59	12	0.04082492320800129
16	0.01	59	14	0.021475388421616018
16	0.01	59	88	0.04082492320800129
16	0.01	59	38	0.04082492320800129
16	0.01	59	98	0.04082492320800129
16	0.01	59	53	0.04082492320800129
16	0.01	59	62	0.04082492320800129
16	0.01	59	74	0.04082492320800129
16	0.01	59	71	0.009152467312997072
16	0.01	59	86	0.00858452576363566
16	0.01	59	22	0.021475388421616018
16	0.01	59	24	0.021475388421616018
16	0.01	59	19	0.021475388421616018
16	0.01	59	17	0.021475388421616018
16	0.01	59	13	0.021475388421616018
16	0.01	60	2	0.12211672732754243
16	0.01	60	15	0.09069416750509847
16	0.01	60	55	0.09069416750509847
16	0.01	60	0	0.09069416750509847
16	0.01	60	69	0.09069416750509847
16	0.01	60	46	0.09069416750509847
16	0.01	60	21	0.04792554454497311
16	0.01	60	12	0.04792554454497311
16	0.01	60	24	0.015597956436497794
16	0.01	60	14	0.015597956436497794
16	0.01	60	53	0.04792554454497311
16	0.01	60	98	0.04792554454497311
16	0.01	60	62	0.04792554454497311
16	0.01	60	88	0.04792554454497311
16	0.01	60	38	0.04792554454497311
16	0.01	60	74	0.01682995356293496
16	0.01	60	19	0.012482791070863511
16	0.01	60	22	0.012482791070863511
16	0.01	60	34	0.011969202051222544
16	0.01	60	86	0.005645627431730974
16	0.01	60	17	0.005645627431730974
16	0.01	61	2	0.11587869702904453
16	0.01	61	15	0.1049813317536455
16	0.01	61	55	0.09492969249003029
16	0.01	61	0	0.09492969249003029
16	0.01	61	69	0.09492969249003029
16	0.01	61	46	0.09492969249003029
16	0.01	61	21	0.060459623337214545
16	0.01	61	12	0.060459623337214545
16	0.01	61	38	0.05821068618151972
16	0.01	61	53	0.05821068618151972
16	0.01	61	62	0.05821068618151972
16	0.01	61	88	0.05821068618151972
16	0.01	61	98	0.05821068618151972
16	0.01	61	74	0.028667436933310874
16	0.01	61	86	0.028667436933310874
16	0.01	61	19	0.01709277665742493
16	0.01	61	71	0.01709277665742493
16	0.01	61	76	0.0017211159305790971
16	0.01	61	22	0.01709277665742493
16	0.01	61	14	0.01709277665742493
16	0.01	61	24	0.01709277665742493
16	0.01	62	2	0.09251683064616881
16	0.01	62	15	0.08884363266294908
16	0.01	62	55	0.08884363266294908
16	0.01	62	0	0.08034571362234304
16	0.01	62	69	0.06525237932895626
16	0.01	62	46	0.044840545090220764
16	0.01	62	21	0.025665465085346575
16	0.01	62	38	0.025665465085346575
16	0.01	62	12	0.025665465085346575
16	0.01	62	53	0.025665465085346575
16	0.01	62	98	0.01991856456707392
16	0.01	62	62	0.01991856456707392
16	0.01	62	88	0.01991856456707392
16	0.01	62	19	0.013984600199473937
16	0.01	62	24	0.013984600199473937
16	0.01	62	17	0.013835638019656022
16	0.01	62	1	0.013835638019656022
16	0.01	62	14	0.013984600199473937
16	0.01	62	22	0.013984600199473937
16	0.01	62	74	0.013984600199473937
16	0.01	62	86	0.013984600199473937
16	0.01	62	34	0.013984600199473937
16	0.01	63	2	0.21663123367088208
16	0.01	63	0	0.05062109070451076
16	0.01	63	21	0.04836141195554126
16	0.01	63	69	0.04836141195554126
16	0.01	63	55	0.04836141195554126
16	0.01	63	46	0.04091468284667012
16	0.01	63	12	0.016554823029588234
16	0.01	63	38	0.04091468284667012
16	0.01	63	53	0.04091468284667012
16	0.01	63	62	0.04091468284667012
16	0.01	63	74	0.016554823029588234
16	0.01	63	98	0.016554823029588234
16	0.01	63	71	0.016554823029588234
16	0.01	63	88	0.016554823029588234
16	0.01	63	19	0.013146799583340071
16	0.01	63	17	0.013146799583340071
16	0.01	63	5	0.008615987287687029
16	0.01	63	63	0.013146799583340071
16	0.01	63	28	0.013146799583340071
16	0.01	63	36	0.0036254173416525224
16	0.01	64	2	0.1130271431872689
16	0.01	64	15	0.09798614356451618
16	0.01	64	55	0.07973973694216999
16	0.01	64	0	0.07973973694216999
16	0.01	64	69	0.07973973694216999
16	0.01	64	46	0.07973973694216999
16	0.01	64	38	0.04387769676413747
16	0.01	64	21	0.04387769676413747
16	0.01	64	12	0.04387769676413747
16	0.01	64	53	0.04387769676413747
16	0.01	64	62	0.04387769676413747
16	0.01	64	88	0.04387769676413747
16	0.01	64	98	0.01981110617612489
16	0.01	64	74	0.016727797841923492
16	0.01	64	14	0.01981110617612489
16	0.01	64	24	0.01981110617612489
16	0.01	64	86	0.016727797841923492
16	0.01	64	22	0.016727797841923492
16	0.01	64	5	0.016402809549600633
16	0.01	64	19	0.016402809549600633
16	0.01	65	2	0.11351365212166985
16	0.01	65	15	0.108323920528917
16	0.01	65	55	0.06903641251175249
16	0.01	65	0	0.05789492306530901
16	0.01	65	69	0.06903641251175249
16	0.01	65	46	0.06903641251175249
16	0.01	65	38	0.03786302253506848
16	0.01	65	21	0.0399076478570976
16	0.01	65	12	0.0399076478570976
16	0.01	65	53	0.03786302253506848
16	0.01	65	62	0.03786302253506848
16	0.01	65	98	0.03786302253506848
16	0.01	65	74	0.02730200527413261
16	0.01	65	24	0.02080379085589267
16	0.01	65	88	0.02730200527413261
16	0.01	65	86	0.02730200527413261
16	0.01	65	71	0.02730200527413261
16	0.01	65	63	0.007737421486201655
16	0.01	65	76	0.007737421486201655
16	0.01	65	19	0.02080379085589267
16	0.01	65	14	0.02080379085589267
16	0.01	65	22	0.02080379085589267
16	0.01	66	2	0.11974128168612985
16	0.01	66	15	0.09182405699090249
16	0.01	66	55	0.08321363662536006
16	0.01	66	0	0.08321363662536006
16	0.01	66	69	0.08321363662536006
16	0.01	66	46	0.08321363662536006
16	0.01	66	21	0.057720244629305056
16	0.01	66	12	0.057720244629305056
16	0.01	66	38	0.03557920458173501
16	0.01	66	88	0.03557920458173501
16	0.01	66	53	0.03557920458173501
16	0.01	66	98	0.03557920458173501
16	0.01	66	62	0.021683726784504843
16	0.01	66	19	0.021683726784504843
16	0.01	66	14	0.021683726784504843
16	0.01	66	24	0.021683726784504843
16	0.01	66	22	0.021683726784504843
16	0.01	66	74	0.021683726784504843
16	0.01	66	17	0.01943236707680873
16	0.01	66	5	0.01943236707680873
16	0.01	67	2	0.11171268576950584
16	0.01	67	15	0.09265326666917975
16	0.01	67	55	0.07420957282376708
16	0.01	67	0	0.07420957282376708
16	0.01	67	69	0.07420957282376708
16	0.01	67	46	0.07420957282376708
16	0.01	67	21	0.04761153249712918
16	0.01	67	53	0.029876078633541726
16	0.01	67	19	0.025047321075292634
16	0.01	67	12	0.025047321075292634
16	0.01	67	62	0.029876078633541726
16	0.01	67	88	0.029876078633541726
16	0.01	67	38	0.029876078633541726
16	0.01	67	98	0.029876078633541726
16	0.01	67	74	0.025047321075292634
16	0.01	67	24	0.0202054219500559
16	0.01	67	14	0.0202054219500559
16	0.01	67	86	0.025047321075292634
16	0.01	67	5	0.025047321075292634
16	0.01	67	28	0.006206134698714802
16	0.01	67	22	0.015995647195939156
16	0.01	68	2	0.12466737997077698
16	0.01	68	15	0.08554855127713615
16	0.01	68	55	0.07433101485015925
16	0.01	68	0	0.060251087004267845
16	0.01	68	69	0.06273910339908749
16	0.01	68	46	0.06273910339908749
16	0.01	68	21	0.04969823840360458
16	0.01	68	12	0.04969823840360458
16	0.01	68	14	0.02162765881683497
16	0.01	68	38	0.04969823840360458
16	0.01	68	19	0.02162765881683497
16	0.01	68	24	0.02162765881683497
16	0.01	68	98	0.04969823840360458
16	0.01	68	62	0.04969823840360458
16	0.01	68	88	0.04969823840360458
16	0.01	68	53	0.04969823840360458
16	0.01	68	74	0.035064265735664374
16	0.01	68	22	0.02162765881683497
16	0.01	68	34	0.002229620623660742
16	0.01	68	71	0.0024567905140545744
16	0.01	68	86	0.0024567905140545744
16	0.01	69	2	0.11009582296717
16	0.01	69	15	0.11009582296717
16	0.01	69	55	0.08054955557475768
16	0.01	69	0	0.06387526170493932
16	0.01	69	46	0.06387526170493932
16	0.01	69	69	0.06387526170493932
16	0.01	69	38	0.03787225481546547
16	0.01	69	21	0.03887071138364506
16	0.01	69	12	0.03887071138364506
16	0.01	69	53	0.03787225481546547
16	0.01	69	88	0.03787225481546547
16	0.01	69	14	0.016148685767469317
16	0.01	69	62	0.03787225481546547
16	0.01	69	98	0.03787225481546547
16	0.01	69	74	0.020376803347741418
16	0.01	69	71	0.020376803347741418
16	0.01	69	40	0.01607315409316766
16	0.01	69	19	0.016148685767469317
16	0.01	69	24	0.016148685767469317
16	0.01	69	60	0.01607315409316766
16	0.01	69	76	0.01607315409316766
16	0.01	69	63	0.01607315409316766
16	0.01	70	2	0.11600799590861259
16	0.01	70	15	0.09436073139218526
16	0.01	70	55	0.09436073139218526
16	0.01	70	0	0.09436073139218526
16	0.01	70	69	0.09436073139218526
16	0.01	70	46	0.09436073139218526
16	0.01	70	38	0.031792705773253174
16	0.01	70	12	0.031792705773253174
16	0.01	70	21	0.031792705773253174
16	0.01	70	53	0.031792705773253174
16	0.01	70	98	0.031792705773253174
16	0.01	70	62	0.031792705773253174
16	0.01	70	88	0.031792705773253174
16	0.01	70	74	0.01007078266392749
16	0.01	70	86	0.00889875076356147
16	0.01	70	24	0.016064554566512974
16	0.01	70	19	0.016064554566512974
16	0.01	70	14	0.016064554566512974
16	0.01	70	22	0.016064554566512974
16	0.01	70	28	0.003936915799685474
16	0.01	71	2	0.11683924068638392
16	0.01	71	15	0.09152929379194698
16	0.01	71	55	0.07192701138765474
16	0.01	71	0	0.07192701138765474
16	0.01	71	69	0.07192701138765474
16	0.01	71	46	0.07192701138765474
16	0.01	71	12	0.05119620912449061
16	0.01	71	21	0.05119620912449061
16	0.01	71	38	0.05119620912449061
16	0.01	71	24	0.013257273302939668
16	0.01	71	88	0.05119620912449061
16	0.01	71	98	0.05119620912449061
16	0.01	71	53	0.05119620912449061
16	0.01	71	62	0.05119620912449061
16	0.01	71	17	0.018885979968267158
16	0.01	71	19	0.018885979968267158
16	0.01	71	22	0.013257273302939668
16	0.01	71	13	0.013257273302939668
16	0.01	71	34	0.010387683198857307
16	0.01	71	5	0.0015411265670416785
16	0.01	72	2	0.11615729671280109
16	0.01	72	15	0.10703365171559281
16	0.01	72	0	0.0743713695372159
16	0.01	72	21	0.03584020757427044
16	0.01	72	69	0.07464760626672307
16	0.01	72	46	0.07464760626672307
16	0.01	72	55	0.07464760626672307
16	0.01	72	12	0.026981719713209635
16	0.01	72	24	0.01740910934663063
16	0.01	72	19	0.01740910934663063
16	0.01	72	98	0.03584020757427044
16	0.01	72	62	0.03584020757427044
16	0.01	72	88	0.03584020757427044
16	0.01	72	38	0.03584020757427044
16	0.01	72	74	0.03584020757427044
16	0.01	72	53	0.01594387495311413
16	0.01	72	14	0.01594387495311413
16	0.01	72	76	0.002288459951718568
16	0.01	72	63	0.002288459951718568
16	0.01	72	17	0.01594387495311413
16	0.01	72	34	0.01594387495311413
16	0.01	72	22	0.01594387495311413
16	0.01	73	2	0.1225965800341114
16	0.01	73	15	0.08188607648195663
16	0.01	73	55	0.06391184340521584
16	0.01	73	0	0.05763266277232144
16	0.01	73	46	0.06391184340521584
16	0.01	73	69	0.06391184340521584
16	0.01	73	12	0.052372067632513106
16	0.01	73	21	0.04675507235784465
16	0.01	73	98	0.03735252781620051
16	0.01	73	38	0.03735252781620051
16	0.01	73	62	0.03735252781620051
16	0.01	73	53	0.03735252781620051
16	0.01	73	14	0.014492903513044787
16	0.01	73	28	0.012988873881240698
16	0.01	73	19	0.012988873881240698
16	0.01	73	24	0.014492903513044787
16	0.01	73	34	0.014492903513044787
16	0.01	73	22	0.014492903513044787
16	0.01	73	13	0.014492903513044787
16	0.01	73	8	0.010999395653407096
16	0.01	74	2	0.11131774239734629
16	0.01	74	15	0.11131774239734629
16	0.01	74	55	0.0692837767506556
16	0.01	74	0	0.0692837767506556
16	0.01	74	69	0.0692837767506556
16	0.01	74	46	0.0692837767506556
16	0.01	74	21	0.05397053773963609
16	0.01	74	12	0.05397053773963609
16	0.01	74	38	0.050127779554760096
16	0.01	74	88	0.050127779554760096
16	0.01	74	24	0.013153137158639807
16	0.01	74	14	0.013153137158639807
16	0.01	74	62	0.050127779554760096
16	0.01	74	53	0.050127779554760096
16	0.01	74	98	0.050127779554760096
16	0.01	74	74	0.04758912947852289
16	0.01	74	71	0.016297208429755305
16	0.01	74	40	0.0019769395694492118
16	0.01	74	22	0.013153137158639807
16	0.01	74	19	0.013153137158639807
16	0.01	74	17	0.011623548282164308
16	0.01	75	2	0.11350266327476242
16	0.01	75	15	0.10808712746505392
16	0.01	75	0	0.10808712746505392
16	0.01	75	55	0.10808712746505392
16	0.01	75	69	0.10808712746505392
16	0.01	75	46	0.10808712746505392
16	0.01	75	53	0.04241520103555306
16	0.01	75	21	0.015312211941960262
16	0.01	75	98	0.04241520103555306
16	0.01	75	88	0.04241520103555306
16	0.01	75	38	0.04241520103555306
16	0.01	75	62	0.04241520103555306
16	0.01	75	74	0.04241520103555306
16	0.01	75	71	0.018740277237633614
16	0.01	75	76	0.018740277237633614
16	0.01	75	63	0.01752610572895671
16	0.01	75	51	0.01642119206614078
16	0.01	75	14	0.015312211941960262
16	0.01	75	19	0.006352320854777076
16	0.01	75	22	0.006352320854777076
16	0.01	76	2	0.11329917049512063
16	0.01	76	15	0.09981733290530297
16	0.01	76	55	0.09981733290530297
16	0.01	76	0	0.09981733290530297
16	0.01	76	6	0.03718301702728706
16	0.01	76	69	0.09981733290530297
16	0.01	76	46	0.09981733290530297
16	0.01	76	53	0.03718301702728706
16	0.01	76	38	0.03718301702728706
16	0.01	76	98	0.03718301702728706
16	0.01	76	74	0.03155791699711379
16	0.01	76	88	0.03155791699711379
16	0.01	76	60	0.03155791699711379
16	0.01	76	19	0.011220491693479127
16	0.01	76	80	0.03155791699711379
16	0.01	76	40	0.03155791699711379
16	0.01	76	52	0.03155791699711379
16	0.01	76	54	0.03155791699711379
16	0.01	76	76	0.011220491693479127
16	0.01	76	21	0.0022655139688617797
16	0.01	77	2	0.11730211723780881
16	0.01	77	15	0.11296460669032267
16	0.01	77	55	0.11296460669032267
16	0.01	77	0	0.11296460669032267
16	0.01	77	69	0.11296460669032267
16	0.01	77	46	0.11296460669032267
16	0.01	77	21	0.055624322889745635
16	0.01	77	12	0.055624322889745635
16	0.01	77	24	0.012746925093692425
16	0.01	77	38	0.050812384213574605
16	0.01	77	62	0.050812384213574605
16	0.01	77	88	0.050812384213574605
16	0.01	77	98	0.050812384213574605
16	0.01	77	53	0.050812384213574605
16	0.01	77	19	0.012746925093692425
16	0.01	77	14	0.012746925093692425
16	0.01	77	22	0.012746925093692425
16	0.01	77	17	0.012732614117841393
16	0.01	77	74	0.008286040623058282
16	0.01	77	36	0.008286040623058282
16	0.01	77	29	0.008286040623058282
16	0.01	77	1	0.008286040623058282
16	0.01	77	86	0.008286040623058282
16	0.01	77	28	0.008286040623058282
16	0.01	78	2	0.12507512687861325
16	0.01	78	15	0.09575077436633155
16	0.01	78	55	0.06973506518897021
16	0.01	78	0	0.06973506518897021
16	0.01	78	46	0.06973506518897021
16	0.01	78	69	0.06973506518897021
16	0.01	78	21	0.04251836293843547
16	0.01	78	12	0.03880527429026807
16	0.01	78	38	0.02027353619093594
16	0.01	78	88	0.02027353619093594
16	0.01	78	53	0.02027353619093594
16	0.01	78	24	0.02027353619093594
16	0.01	78	14	0.02027353619093594
16	0.01	78	19	0.02027353619093594
16	0.01	78	98	0.02027353619093594
16	0.01	78	62	0.02027353619093594
16	0.01	78	17	0.01746690784656902
16	0.01	78	22	0.02027353619093594
16	0.01	78	5	0.011248392397970503
16	0.01	78	10	0.004518215051861114
16	0.01	79	2	0.14628189074796205
16	0.01	79	15	0.14628189074796205
16	0.01	79	55	0.08669168352840716
16	0.01	79	46	0.08669168352840716
16	0.01	79	69	0.08669168352840716
16	0.01	79	38	0.05792345876583481
16	0.01	79	12	0.05792345876583481
16	0.01	79	21	0.05792345876583481
16	0.01	79	24	0.015033258055374882
16	0.01	79	62	0.05792345876583481
16	0.01	79	53	0.05792345876583481
16	0.01	79	88	0.05792345876583481
16	0.01	79	98	0.017459912379819125
16	0.01	79	19	0.010711540889271553
16	0.01	79	76	0.006888324421862441
16	0.01	79	22	0.010711540889271553
16	0.01	79	14	0.010711540889271553
16	0.01	79	5	0.006880048233529531
16	0.01	79	10	0.00610154499994448
16	0.01	79	13	0.006012217719880441
16	0.01	79	34	0.006012217719880441
16	0.01	80	2	0.11730116492134847
16	0.01	80	15	0.09093231610771042
16	0.01	80	55	0.07527588539980311
16	0.01	80	0	0.0721619244472348
16	0.01	80	46	0.0721619244472348
16	0.01	80	69	0.0721619244472348
16	0.01	80	38	0.05394093245714545
16	0.01	80	21	0.05911039970868193
16	0.01	80	12	0.05911039970868193
16	0.01	80	19	0.020376915578703705
16	0.01	80	14	0.015248318824394893
16	0.01	80	62	0.05394093245714545
16	0.01	80	88	0.05394093245714545
16	0.01	80	53	0.05394093245714545
16	0.01	80	98	0.05394093245714545
16	0.01	80	74	0.020376915578703705
16	0.01	80	17	0.01691775264303731
16	0.01	80	71	0.013434220712035629
16	0.01	80	22	0.015026408185028562
16	0.01	80	24	0.015026408185028562
16	0.01	81	2	0.14883203574717432
16	0.01	81	15	0.14883203574717432
16	0.01	81	55	0.09668256021975642
16	0.01	81	69	0.09668256021975642
16	0.01	81	46	0.09668256021975642
16	0.01	81	21	0.0534905991478369
16	0.01	81	0	0.029303555547501463
16	0.01	81	38	0.03195071051270486
16	0.01	81	88	0.03195071051270486
16	0.01	81	53	0.03195071051270486
16	0.01	81	62	0.03195071051270486
16	0.01	81	98	0.03195071051270486
16	0.01	81	74	0.027439158559100472
16	0.01	81	71	0.027439158559100472
16	0.01	81	76	0.027439158559100472
16	0.01	81	63	0.027439158559100472
16	0.01	81	60	0.027439158559100472
16	0.01	81	51	0.027439158559100472
16	0.01	81	56	0.003067101620504803
16	0.01	81	5	0.0031871735925035048
16	0.01	81	19	0.0031871735925035048
16	0.01	82	2	0.10846757284935832
16	0.01	82	15	0.086436337522855
16	0.01	82	55	0.07386519671129183
16	0.01	82	0	0.07386519671129183
16	0.01	82	69	0.07386519671129183
16	0.01	82	46	0.07386519671129183
16	0.01	82	12	0.06500657072989682
16	0.01	82	21	0.06500657072989682
16	0.01	82	38	0.02147129965849189
16	0.01	82	53	0.02147129965849189
16	0.01	82	19	0.02147129965849189
16	0.01	82	62	0.02147129965849189
16	0.01	82	88	0.02147129965849189
16	0.01	82	98	0.02147129965849189
16	0.01	82	14	0.02147129965849189
16	0.01	82	24	0.02147129965849189
16	0.01	82	22	0.01925485943379398
16	0.01	82	5	0.01925485943379398
16	0.01	82	17	0.01925485943379398
16	0.01	82	28	0.0037817564120008382
16	0.01	83	2	0.11639524653528514
16	0.01	83	15	0.09042564023505813
16	0.01	83	55	0.07149137294678558
16	0.01	83	0	0.07149137294678558
16	0.01	83	69	0.07149137294678558
16	0.01	83	46	0.07149137294678558
16	0.01	83	38	0.04774557254758908
16	0.01	83	12	0.05118936816065308
16	0.01	83	21	0.05118936816065308
16	0.01	83	53	0.04774557254758908
16	0.01	83	14	0.01494986203156351
16	0.01	83	19	0.01494986203156351
16	0.01	83	24	0.01494986203156351
16	0.01	83	98	0.04774557254758908
16	0.01	83	88	0.04774557254758908
16	0.01	83	62	0.04774557254758908
16	0.01	83	74	0.03184568772626582
16	0.01	83	71	0.012270928917996636
16	0.01	83	22	0.012270928917996636
16	0.01	83	17	0.008265773955450657
16	0.01	84	2	0.12870947420806858
16	0.01	84	55	0.09131868176167796
16	0.01	84	15	0.07632525017236502
16	0.01	84	0	0.07632525017236502
16	0.01	84	46	0.07632525017236502
16	0.01	84	69	0.07632525017236502
16	0.01	84	12	0.05045858411071917
16	0.01	84	21	0.05045858411071917
16	0.01	84	38	0.04777534722474878
16	0.01	84	53	0.04777534722474878
16	0.01	84	62	0.046615351751267665
16	0.01	84	98	0.046615351751267665
16	0.01	84	88	0.046615351751267665
16	0.01	84	14	0.015051192290670833
16	0.01	84	19	0.015051192290670833
16	0.01	84	24	0.015051192290670833
16	0.01	84	22	0.015051192290670833
16	0.01	84	13	0.015051192290670833
16	0.01	84	17	0.006452127289133786
16	0.01	84	86	0.015051192290670833
16	0.01	84	74	0.015051192290670833
16	0.01	85	2	0.11316184528017416
16	0.01	85	15	0.10301750109741255
16	0.01	85	55	0.07273447928075118
16	0.01	85	0	0.06852272603214916
16	0.01	85	46	0.06852272603214916
16	0.01	85	69	0.06852272603214916
16	0.01	85	38	0.05088387770080157
16	0.01	85	21	0.05088387770080157
16	0.01	85	12	0.05088387770080157
16	0.01	85	24	0.010841139186747156
16	0.01	85	98	0.05088387770080157
16	0.01	85	62	0.05088387770080157
16	0.01	85	88	0.05088387770080157
16	0.01	85	53	0.05088387770080157
16	0.01	85	74	0.021697059555226977
16	0.01	85	71	0.021697059555226977
16	0.01	85	76	0.006270330721009894
16	0.01	85	19	0.010841139186747156
16	0.01	85	14	0.010841139186747156
16	0.01	85	22	0.010841139186747156
16	0.01	85	13	0.010841139186747156
16	0.01	86	2	0.12426267906435857
16	0.01	86	15	0.09068025867939103
16	0.01	86	55	0.08588310765219592
16	0.01	86	0	0.08588310765219592
16	0.01	86	69	0.08588310765219592
16	0.01	86	46	0.08588310765219592
16	0.01	86	12	0.04089229923782018
16	0.01	86	21	0.04089229923782018
16	0.01	86	38	0.023985948936750563
16	0.01	86	62	0.04089229923782018
16	0.01	86	88	0.04089229923782018
16	0.01	86	53	0.023985948936750563
16	0.01	86	98	0.018590859405031506
16	0.01	86	24	0.015250671606074375
16	0.01	86	19	0.015250671606074375
16	0.01	86	17	0.015250671606074375
16	0.01	86	14	0.015250671606074375
16	0.01	86	22	0.0092175417378697
16	0.01	86	74	0.0092175417378697
16	0.01	86	10	0.0034247762653777944
16	0.01	86	5	0.0034247762653777944
16	0.01	87	2	0.11949539044438574
16	0.01	87	15	0.08811912628499416
16	0.01	87	55	0.07945987903586757
16	0.01	87	0	0.07945987903586757
16	0.01	87	69	0.07945987903586757
16	0.01	87	46	0.07945987903586757
16	0.01	87	38	0.05086338995805402
16	0.01	87	21	0.05086338995805402
16	0.01	87	12	0.05086338995805402
16	0.01	87	24	0.03355663255643151
16	0.01	87	53	0.05086338995805402
16	0.01	87	98	0.05086338995805402
16	0.01	87	62	0.05086338995805402
16	0.01	87	88	0.05086338995805402
16	0.01	87	19	0.018462897675123872
16	0.01	87	14	0.018462897675123872
16	0.01	87	22	0.018462897675123872
16	0.01	87	7	0.018462897675123872
16	0.01	87	10	0.0016986780493799085
16	0.01	87	74	0.00899826387725424
16	0.01	87	71	0.00899826387725424
16	0.01	87	76	0.00899826387725424
16	0.01	88	2	0.11641660740194763
16	0.01	88	15	0.10640445213411555
16	0.01	88	55	0.07021740123847511
16	0.01	88	0	0.06763495235835333
16	0.01	88	46	0.06763495235835333
16	0.01	88	69	0.06763495235835333
16	0.01	88	21	0.053115766997649395
16	0.01	88	12	0.053115766997649395
16	0.01	88	53	0.053115766997649395
16	0.01	88	38	0.053115766997649395
16	0.01	88	88	0.053115766997649395
16	0.01	88	62	0.053115766997649395
16	0.01	88	98	0.053115766997649395
16	0.01	88	14	0.016303336792461275
16	0.01	88	74	0.021936486153057586
16	0.01	88	86	0.021936486153057586
16	0.01	88	71	0.016303336792461275
16	0.01	88	19	0.016303336792461275
16	0.01	88	24	0.016303336792461275
16	0.01	88	22	0.0026199183734410556
16	0.01	89	2	0.11055341205503341
16	0.01	89	15	0.09268818388408342
16	0.01	89	55	0.068805816013975
16	0.01	89	0	0.068805816013975
16	0.01	89	69	0.068805816013975
16	0.01	89	46	0.068805816013975
16	0.01	89	21	0.0560404219635769
16	0.01	89	12	0.0560404219635769
16	0.01	89	38	0.0560404219635769
16	0.01	89	14	0.015660097048189225
16	0.01	89	24	0.015660097048189225
16	0.01	89	62	0.0560404219635769
16	0.01	89	88	0.0560404219635769
16	0.01	89	53	0.0560404219635769
16	0.01	89	98	0.0560404219635769
16	0.01	89	74	0.03552614716482741
16	0.01	89	71	0.015660097048189225
16	0.01	89	19	0.015660097048189225
16	0.01	89	22	0.015660097048189225
16	0.01	89	17	0.011150454423063188
16	0.01	90	2	0.11081185791786348
16	0.01	90	15	0.09226812592918016
16	0.01	90	55	0.06597653258052202
16	0.01	90	0	0.06532564703097549
16	0.01	90	69	0.06532564703097549
16	0.01	90	46	0.06532564703097549
16	0.01	90	38	0.05969544512575243
16	0.01	90	12	0.05969544512575243
16	0.01	90	21	0.05969544512575243
16	0.01	90	24	0.015813486240453326
16	0.01	90	14	0.015813486240453326
16	0.01	90	22	0.015813486240453326
16	0.01	90	98	0.05969544512575243
16	0.01	90	62	0.05969544512575243
16	0.01	90	53	0.05969544512575243
16	0.01	90	88	0.05969544512575243
16	0.01	90	74	0.042130811288837486
16	0.01	90	71	0.012578732023635271
16	0.01	90	76	0.012578732023635271
16	0.01	90	19	0.015813486240453326
16	0.01	90	17	0.015813486240453326
16	0.01	91	2	0.1169075524908818
16	0.01	91	15	0.0898433207501474
16	0.01	91	55	0.07199373306063046
16	0.01	91	0	0.07199373306063046
16	0.01	91	69	0.07199373306063046
16	0.01	91	46	0.07199373306063046
16	0.01	91	21	0.05586363204688401
16	0.01	91	12	0.05586363204688401
16	0.01	91	24	0.02049363415718456
16	0.01	91	38	0.05586363204688401
16	0.01	91	88	0.05586363204688401
16	0.01	91	98	0.05586363204688401
16	0.01	91	62	0.05586363204688401
16	0.01	91	53	0.05586363204688401
16	0.01	91	74	0.03182503178076197
16	0.01	91	14	0.02049363415718456
16	0.01	91	19	0.015407264468302082
16	0.01	91	71	0.02049363415718456
16	0.01	91	22	0.02049363415718456
16	0.01	91	76	0.02049363415718456
16	0.01	92	2	0.12361756011076087
16	0.01	92	15	0.10746405677750792
16	0.01	92	55	0.10746405677750792
16	0.01	92	0	0.10746405677750792
16	0.01	92	69	0.03709914342807514
16	0.01	92	46	0.03709914342807514
16	0.01	92	38	0.03484661589428643
16	0.01	92	62	0.02144274201247464
16	0.01	92	53	0.02144274201247464
16	0.01	92	22	0.020701066941189932
16	0.01	92	21	0.01323164172822746
16	0.01	92	12	0.02144274201247464
16	0.01	92	19	0.02144274201247464
16	0.01	92	74	0.02144274201247464
16	0.01	92	98	0.02144274201247464
16	0.01	92	86	0.020701066941189932
16	0.01	92	5	0.020701066941189932
16	0.01	92	6	0.020701066941189932
16	0.01	92	40	0.015339866266643508
16	0.01	92	88	0.015339866266643508
16	0.01	92	24	0.01323164172822746
16	0.01	92	14	0.01323164172822746
16	0.01	93	2	0.11643805473825015
16	0.01	93	15	0.10564357550965958
16	0.01	93	55	0.0686250735644547
16	0.01	93	0	0.062299520946334945
16	0.01	93	69	0.0686250735644547
16	0.01	93	46	0.0686250735644547
16	0.01	93	38	0.05334170456066646
16	0.01	93	12	0.056044049969605395
16	0.01	93	21	0.056044049969605395
16	0.01	93	24	0.01237761520932197
16	0.01	93	53	0.05334170456066646
16	0.01	93	88	0.05334170456066646
16	0.01	93	98	0.05334170456066646
16	0.01	93	62	0.05334170456066646
16	0.01	93	74	0.04907950079663194
16	0.01	93	71	0.009296528451708112
16	0.01	93	14	0.01237761520932197
16	0.01	93	19	0.01237761520932197
16	0.01	93	22	0.01237761520932197
16	0.01	93	17	0.00898399407756852
16	0.01	94	2	0.12094883724821061
16	0.01	94	15	0.12094883724821061
16	0.01	94	55	0.09341418133826941
16	0.01	94	0	0.09341418133826941
16	0.01	94	69	0.09341418133826941
16	0.01	94	46	0.09341418133826941
16	0.01	94	38	0.05453803812321158
16	0.01	94	12	0.05453803812321158
16	0.01	94	21	0.05453803812321158
16	0.01	94	24	0.009273775144922796
16	0.01	94	14	0.009273775144922796
16	0.01	94	19	0.009273775144922796
16	0.01	94	98	0.05453803812321158
16	0.01	94	88	0.05453803812321158
16	0.01	94	62	0.05453803812321158
16	0.01	94	53	0.05453803812321158
16	0.01	94	86	0.02343127735411399
16	0.01	94	74	0.02343127735411399
16	0.01	94	71	0.018899514262595722
16	0.01	94	76	0.00905231833483339
16	0.01	94	22	0.009273775144922796
16	0.01	95	2	0.12407029671946464
16	0.01	95	15	0.08841082083547103
16	0.01	95	55	0.07257523748786843
16	0.01	95	0	0.06413239867250599
16	0.01	95	69	0.06413239867250599
16	0.01	95	46	0.06413239867250599
16	0.01	95	38	0.05611223601741501
16	0.01	95	12	0.05611223601741501
16	0.01	95	21	0.05611223601741501
16	0.01	95	24	0.01737421343742557
16	0.01	95	19	0.004516610512538197
16	0.01	95	88	0.05611223601741501
16	0.01	95	53	0.05611223601741501
16	0.01	95	98	0.05611223601741501
16	0.01	95	62	0.05611223601741501
16	0.01	95	74	0.05611223601741501
16	0.01	95	71	0.0069517102991899175
16	0.01	95	76	0.0069517102991899175
16	0.01	95	40	0.0069517102991899175
16	0.01	95	63	0.0069517102991899175
16	0.01	95	60	0.006278544561896605
16	0.01	96	2	0.11786194028086133
16	0.01	96	15	0.11786194028086133
16	0.01	96	55	0.09319829933685533
16	0.01	96	0	0.09319829933685533
16	0.01	96	69	0.09319829933685533
16	0.01	96	46	0.09319829933685533
16	0.01	96	38	0.03678404162527907
16	0.01	96	21	0.04116734536250229
16	0.01	96	12	0.04116734536250229
16	0.01	96	53	0.03678404162527907
16	0.01	96	98	0.03678404162527907
16	0.01	96	62	0.03678404162527907
16	0.01	96	88	0.03678404162527907
16	0.01	96	74	0.03678404162527907
16	0.01	96	86	0.03678404162527907
16	0.01	96	24	0.00962601267981226
16	0.01	96	76	0.013541516398858106
16	0.01	96	71	0.013541516398858106
16	0.01	96	63	0.00962601267981226
16	0.01	96	19	0.006969780168890524
16	0.01	96	14	0.00962601267981226
16	0.01	97	2	0.10772043550176433
16	0.01	97	15	0.10203274931636436
16	0.01	97	55	0.07534018159079747
16	0.01	97	0	0.061124162377259164
16	0.01	97	69	0.06261827206209125
16	0.01	97	46	0.06261827206209125
16	0.01	97	38	0.05313433861112045
16	0.01	97	12	0.05313433861112045
16	0.01	97	21	0.05313433861112045
16	0.01	97	53	0.05313433861112045
16	0.01	97	14	0.011424548996898438
16	0.01	97	24	0.011424548996898438
16	0.01	97	19	0.011424548996898438
16	0.01	97	98	0.05313433861112045
16	0.01	97	88	0.05313433861112045
16	0.01	97	62	0.05313433861112045
16	0.01	97	74	0.027585200260897086
16	0.01	97	86	0.016325705117003635
16	0.01	97	76	0.010361636462591143
16	0.01	97	22	0.011424548996898438
16	0.01	98	2	0.12290939280830365
16	0.01	98	15	0.11062422567613915
16	0.01	98	55	0.10403565925692232
16	0.01	98	0	0.10403565925692232
16	0.01	98	69	0.10403565925692232
16	0.01	98	46	0.10403565925692232
16	0.01	98	12	0.06655042393712271
16	0.01	98	21	0.06655042393712271
16	0.01	98	19	0.018809569480253866
16	0.01	98	38	0.05159513670519833
16	0.01	98	53	0.05159513670519833
16	0.01	98	98	0.05159513670519833
16	0.01	98	88	0.05159513670519833
16	0.01	98	62	0.05159513670519833
16	0.01	98	74	0.018809569480253866
16	0.01	98	17	0.018809569480253866
16	0.01	98	24	0.018809569480253866
16	0.01	98	22	0.018809569480253866
16	0.01	98	14	0.018809569480253866
16	0.01	98	5	0.010150875565841109
16	0.01	99	2	0.11286722346496308
16	0.01	99	15	0.09007146294007827
16	0.01	99	55	0.08007501471990792
16	0.01	99	0	0.08007501471990792
16	0.01	99	69	0.08007501471990792
16	0.01	99	46	0.08007501471990792
16	0.01	99	38	0.05354458944535525
16	0.01	99	12	0.05354458944535525
16	0.01	99	21	0.05354458944535525
16	0.01	99	24	0.017552588048560212
16	0.01	99	14	0.017552588048560212
16	0.01	99	98	0.05354458944535525
16	0.01	99	62	0.05354458944535525
16	0.01	99	53	0.05354458944535525
16	0.01	99	88	0.05354458944535525
16	0.01	99	74	0.04233432300374427
16	0.01	99	71	0.009664701790109928
16	0.01	99	22	0.017552588048560212
16	0.01	99	19	0.017552588048560212
16	0.01	99	76	0.0029763143309712078
16	0.01	100	2	0.1952922308166248
16	0.01	100	55	0.10201097387394997
16	0.01	100	46	0.10201097387394997
16	0.01	100	15	0.09580003332195965
16	0.01	100	0	0.10201097387394997
16	0.01	100	69	0.10201097387394997
16	0.01	100	21	0.04109059599181411
16	0.01	100	22	0.02497161897953352
16	0.01	100	88	0.02324137331096328
16	0.01	100	6	0.015684127332382093
16	0.01	100	24	0.015684127332382093
16	0.01	100	12	0.013943194057145126
16	0.01	100	86	0.014801100437923964
16	0.01	100	74	0.014801100437923964
16	0.01	100	76	0.01205877630733993
16	0.01	100	34	0.008976648028771848
16	0.01	100	19	0.01205877630733993
16	0.01	100	5	0.01205877630733993
16	0.01	100	40	0.01205877630733993
16	0.01	100	13	0.008976648028771848
16	0.01	100	17	0.008976648028771848
16	0.01	100	42	0.008370264437561135
16	0.1	1	2	0.12334619061641465
16	0.1	1	15	0.10395928271223519
16	0.1	1	55	0.09915683586648569
16	0.1	1	0	0.09915683586648569
16	0.1	1	46	0.09915683586648569
16	0.1	1	69	0.09915683586648569
16	0.1	1	38	0.026987027004243998
16	0.1	1	21	0.026987027004243998
16	0.1	1	12	0.026987027004243998
16	0.1	1	53	0.026987027004243998
16	0.1	1	62	0.026987027004243998
16	0.1	1	88	0.026987027004243998
16	0.1	1	98	0.026987027004243998
16	0.1	1	24	0.011455164303883983
16	0.1	1	17	0.015312206910247088
16	0.1	1	86	0.015312206910247088
16	0.1	1	74	0.015312206910247088
16	0.1	1	10	0.015312206910247088
16	0.1	1	71	0.012619799274546394
16	0.1	1	7	0.006241398799943393
16	0.1	2	2	0.10712788543321461
16	0.1	2	15	0.09588075103892534
16	0.1	2	55	0.0911516103519279
16	0.1	2	0	0.0911516103519279
16	0.1	2	69	0.0911516103519279
16	0.1	2	46	0.0911516103519279
16	0.1	2	21	0.05032209139926122
16	0.1	2	12	0.05032209139926122
16	0.1	2	88	0.05032209139926122
16	0.1	2	38	0.05032209139926122
16	0.1	2	53	0.05032209139926122
16	0.1	2	98	0.05032209139926122
16	0.1	2	62	0.05032209139926122
16	0.1	2	74	0.014900111819302493
16	0.1	2	86	0.013969089922149003
16	0.1	2	24	0.008735403341665834
16	0.1	2	14	0.008735403341665834
16	0.1	2	1	0.013969089922149003
16	0.1	2	28	0.013969089922149003
16	0.1	2	29	0.006760558117298528
16	0.1	2	22	0.008735403341665834
16	0.1	2	19	0.008735403341665834
16	0.1	2	13	0.008735403341665834
16	0.1	2	17	0.008735403341665834
16	0.1	3	2	0.10430587973154634
16	0.1	3	15	0.10328735660965006
16	0.1	3	55	0.07789610698365566
16	0.1	3	0	0.07546263928393332
16	0.1	3	46	0.07546263928393332
16	0.1	3	69	0.07546263928393332
16	0.1	3	88	0.03494817727788531
16	0.1	3	12	0.02593862280997834
16	0.1	3	98	0.02593862280997834
16	0.1	3	53	0.019708315555116852
16	0.1	3	13	0.017742035247942576
16	0.1	3	86	0.017742035247942576
16	0.1	3	38	0.017742035247942576
16	0.1	3	6	0.017742035247942576
16	0.1	3	14	0.017742035247942576
16	0.1	3	74	0.017742035247942576
16	0.1	3	34	0.006564836580092169
16	0.1	3	36	0.017742035247942576
16	0.1	3	29	0.017742035247942576
16	0.1	3	23	0.017742035247942576
16	0.1	4	2	0.11363504142938032
16	0.1	4	15	0.10368153632653415
16	0.1	4	55	0.08557896221771535
16	0.1	4	0	0.08557896221771535
16	0.1	4	69	0.08557896221771535
16	0.1	4	46	0.08557896221771535
16	0.1	4	38	0.04329690226221886
16	0.1	4	12	0.04329690226221886
16	0.1	4	21	0.04329690226221886
16	0.1	4	53	0.04329690226221886
16	0.1	4	88	0.04329690226221886
16	0.1	4	62	0.04329690226221886
16	0.1	4	98	0.04329690226221886
16	0.1	4	74	0.01902846295858439
16	0.1	4	28	0.00861403826114335
16	0.1	4	24	0.01902846295858439
16	0.1	4	19	0.01902846295858439
16	0.1	4	14	0.01902846295858439
16	0.1	4	34	0.013148334663699506
16	0.1	4	22	0.008658644671039295
16	0.1	5	2	0.11513860659108177
16	0.1	5	15	0.09191182381280903
16	0.1	5	55	0.07473898105153638
16	0.1	5	0	0.07473898105153638
16	0.1	5	69	0.07473898105153638
16	0.1	5	46	0.07473898105153638
16	0.1	5	38	0.04466047444419943
16	0.1	5	12	0.04866602852400738
16	0.1	5	21	0.04866602852400738
16	0.1	5	62	0.04466047444419943
16	0.1	5	24	0.022176116823927942
16	0.1	5	14	0.022176116823927942
16	0.1	5	19	0.022176116823927942
16	0.1	5	98	0.04466047444419943
16	0.1	5	53	0.04466047444419943
16	0.1	5	88	0.04466047444419943
16	0.1	5	74	0.027168436779943985
16	0.1	5	5	0.022176116823927942
16	0.1	5	22	0.022176116823927942
16	0.1	5	13	0.007552118508803265
16	0.1	6	2	0.11145646712021645
16	0.1	6	15	0.11145646712021645
16	0.1	6	55	0.11145646712021645
16	0.1	6	0	0.08051179496592441
16	0.1	6	12	0.03732769170758078
16	0.1	6	69	0.05773919786162006
16	0.1	6	46	0.05773919786162006
16	0.1	6	53	0.03732769170758078
16	0.1	6	38	0.03732769170758078
16	0.1	6	21	0.009100123173742893
16	0.1	6	62	0.03304946244106723
16	0.1	6	88	0.03304946244106723
16	0.1	6	98	0.011035198879060204
16	0.1	6	24	0.009100123173742893
16	0.1	6	86	0.011035198879060204
16	0.1	6	71	0.011035198879060204
16	0.1	6	74	0.011035198879060204
16	0.1	6	14	0.009100123173742893
16	0.1	6	17	0.007521526618871727
16	0.1	6	13	0.007521526618871727
16	0.1	6	19	0.009100123173742893
16	0.1	6	22	0.009100123173742893
16	0.1	7	2	0.11844921933919644
16	0.1	7	15	0.0880624676118407
16	0.1	7	55	0.07584418750939496
16	0.1	7	0	0.07584418750939496
16	0.1	7	69	0.07584418750939496
16	0.1	7	46	0.07584418750939496
16	0.1	7	21	0.048054852961257194
16	0.1	7	12	0.048054852961257194
16	0.1	7	14	0.015247000804073008
16	0.1	7	38	0.04637997172624256
16	0.1	7	53	0.04637997172624256
16	0.1	7	19	0.01286283772208958
16	0.1	7	24	0.01286283772208958
16	0.1	7	22	0.01286283772208958
16	0.1	7	98	0.04637997172624256
16	0.1	7	88	0.04637997172624256
16	0.1	7	62	0.04637997172624256
16	0.1	7	74	0.03443115071587463
16	0.1	7	71	0.019836676276027133
16	0.1	7	76	0.010804941782064877
16	0.1	7	63	0.010804941782064877
16	0.1	8	2	0.11808259754514261
16	0.1	8	15	0.08966758318628179
16	0.1	8	55	0.06823510387554052
16	0.1	8	0	0.06823510387554052
16	0.1	8	69	0.06823510387554052
16	0.1	8	46	0.06823510387554052
16	0.1	8	21	0.053019611718525914
16	0.1	8	12	0.053019611718525914
16	0.1	8	53	0.04579344472023915
16	0.1	8	19	0.03444783086313544
16	0.1	8	24	0.02437644628151339
16	0.1	8	38	0.04579344472023915
16	0.1	8	88	0.04579344472023915
16	0.1	8	98	0.04579344472023915
16	0.1	8	62	0.04579344472023915
16	0.1	8	74	0.03444783086313544
16	0.1	8	76	0.02437644628151339
16	0.1	8	17	0.005713158319363696
16	0.1	8	14	0.02437644628151339
16	0.1	8	22	0.02437644628151339
16	0.1	8	13	0.02437644628151339
16	0.1	9	2	0.14291028646630566
16	0.1	9	15	0.0792248687271987
16	0.1	9	55	0.06682783386310505
16	0.1	9	0	0.06306956506279625
16	0.1	9	46	0.06619373351845292
16	0.1	9	69	0.06619373351845292
16	0.1	9	38	0.05136049176230427
16	0.1	9	12	0.06306956506279625
16	0.1	9	21	0.06306956506279625
16	0.1	9	14	0.0027464983516407105
16	0.1	9	53	0.05136049176230427
16	0.1	9	88	0.05136049176230427
16	0.1	9	62	0.05136049176230427
16	0.1	9	98	0.05136049176230427
16	0.1	9	74	0.03869624265650523
16	0.1	9	71	0.02190628017893434
16	0.1	9	86	0.02190628017893434
16	0.1	9	63	0.013355237664307894
16	0.1	9	40	0.013355237664307894
16	0.1	9	60	0.013355237664307894
16	0.1	10	2	0.10714338170476223
16	0.1	10	15	0.09228889547797645
16	0.1	10	55	0.09228889547797645
16	0.1	10	0	0.08917126852583618
16	0.1	10	69	0.08785895805992126
16	0.1	10	46	0.08785895805992126
16	0.1	10	53	0.04234905016006626
16	0.1	10	22	0.024412663801372993
16	0.1	10	21	0.024412663801372993
16	0.1	10	98	0.04234905016006626
16	0.1	10	38	0.04234905016006626
16	0.1	10	88	0.04234905016006626
16	0.1	10	76	0.04234905016006626
16	0.1	10	62	0.04234905016006626
16	0.1	10	40	0.03361114055672262
16	0.1	10	29	0.0029419552399489557
16	0.1	10	13	0.024412663801372993
16	0.1	10	34	0.024412663801372993
16	0.1	10	12	0.024412663801372993
16	0.1	10	17	0.024412663801372993
16	0.1	11	55	0.1032084331061485
16	0.1	11	74	0.061737177241227424
16	0.1	11	0	0.1032084331061485
16	0.1	11	46	0.1032084331061485
16	0.1	11	62	0.1032084331061485
16	0.1	11	69	0.1032084331061485
16	0.1	11	1	0.05593069534510533
16	0.1	11	2	0.02482694759395339
16	0.1	11	38	0.03557823788752782
16	0.1	11	53	0.03557823788752782
16	0.1	11	71	0.03557823788752782
16	0.1	11	76	0.03557823788752782
16	0.1	11	86	0.03557823788752782
16	0.1	11	88	0.02482694759395339
16	0.1	11	36	0.02482694759395339
16	0.1	11	21	0.02482694759395339
16	0.1	11	17	0.008472163797756817
16	0.1	11	52	0.02482694759395339
16	0.1	11	23	0.008472163797756817
16	0.1	11	70	0.008472163797756817
16	0.1	12	55	0.07106549064844578
16	0.1	12	15	0.07106549064844578
16	0.1	12	2	0.07106549064844578
16	0.1	12	0	0.05126474399273285
16	0.1	12	69	0.07106549064844578
16	0.1	12	46	0.07106549064844578
16	0.1	12	12	0.033467681342196666
16	0.1	12	21	0.033467681342196666
16	0.1	12	24	0.033467681342196666
16	0.1	12	53	0.033467681342196666
16	0.1	12	14	0.01242401510694965
16	0.1	12	62	0.033467681342196666
16	0.1	12	88	0.033467681342196666
16	0.1	12	38	0.033467681342196666
16	0.1	12	98	0.030753592484113575
16	0.1	12	22	0.01242401510694965
16	0.1	12	74	0.030753592484113575
16	0.1	12	86	0.030753592484113575
16	0.1	12	19	0.009229703512837287
16	0.1	12	76	0.01242401510694965
16	0.1	12	71	0.01242401510694965
16	0.1	13	2	0.12052019961555152
16	0.1	13	15	0.09195012625749897
16	0.1	13	55	0.07263879063009246
16	0.1	13	0	0.07263879063009246
16	0.1	13	69	0.07263879063009246
16	0.1	13	46	0.07263879063009246
16	0.1	13	38	0.03497217901024277
16	0.1	13	21	0.035294059231550566
16	0.1	13	12	0.035294059231550566
16	0.1	13	62	0.02811043107925507
16	0.1	13	14	0.016689660893382127
16	0.1	13	88	0.027883034510108515
16	0.1	13	98	0.027883034510108515
16	0.1	13	53	0.027883034510108515
16	0.1	13	19	0.016689660893382127
16	0.1	13	74	0.016689660893382127
16	0.1	13	86	0.016689660893382127
16	0.1	13	24	0.016076539571171666
16	0.1	13	22	0.016076539571171666
16	0.1	13	13	0.012787316639569416
16	0.1	14	2	0.11207226953127829
16	0.1	14	15	0.11207226953127829
16	0.1	14	55	0.10042378936155368
16	0.1	14	0	0.08448327683602665
16	0.1	14	46	0.08448327683602665
16	0.1	14	69	0.08448327683602665
16	0.1	14	21	0.04057057995009248
16	0.1	14	12	0.04057057995009248
16	0.1	14	19	0.027592803334110873
16	0.1	14	88	0.033865027080255766
16	0.1	14	62	0.033865027080255766
16	0.1	14	38	0.033865027080255766
16	0.1	14	98	0.033865027080255766
16	0.1	14	53	0.033865027080255766
16	0.1	14	74	0.025885213747468685
16	0.1	14	63	0.025885213747468685
16	0.1	14	40	0.025885213747468685
16	0.1	14	76	0.007212488077580468
16	0.1	14	71	0.007212488077580468
16	0.1	14	28	0.0065970588093214565
16	0.1	15	2	0.11440222196148042
16	0.1	15	15	0.11440222196148042
16	0.1	15	55	0.09552281737847362
16	0.1	15	0	0.06403403931916568
16	0.1	15	69	0.09552281737847362
16	0.1	15	46	0.09552281737847362
16	0.1	15	12	0.06403403931916568
16	0.1	15	21	0.014653213554321377
16	0.1	15	22	0.014653213554321377
16	0.1	15	53	0.038979445309168775
16	0.1	15	38	0.038979445309168775
16	0.1	15	88	0.038979445309168775
16	0.1	15	62	0.038979445309168775
16	0.1	15	98	0.02929558913178013
16	0.1	15	74	0.02929558913178013
16	0.1	15	71	0.0105064093989841
16	0.1	15	14	0.014653213554321377
16	0.1	15	24	0.014653213554321377
16	0.1	15	40	0.004112445862509623
16	0.1	15	28	0.007682332386454582
16	0.1	15	76	0.004112445862509623
16	0.1	15	17	0.007682332386454582
16	0.1	16	2	0.12398970234748834
16	0.1	16	15	0.12398970234748834
16	0.1	16	0	0.07908328508445445
16	0.1	16	46	0.07908328508445445
16	0.1	16	55	0.07908328508445445
16	0.1	16	69	0.07908328508445445
16	0.1	16	12	0.05794624436271638
16	0.1	16	21	0.05794624436271638
16	0.1	16	10	0.018349500677856487
16	0.1	16	98	0.032507629371399845
16	0.1	16	53	0.032507629371399845
16	0.1	16	88	0.032507629371399845
16	0.1	16	86	0.032507629371399845
16	0.1	16	71	0.018349500677856487
16	0.1	16	40	0.018349500677856487
16	0.1	16	74	0.018349500677856487
16	0.1	16	63	0.018349500677856487
16	0.1	16	19	0.0042219577372885385
16	0.1	16	24	0.00345384496739364
16	0.1	16	94	0.011444693613092916
16	0.1	16	100	0.011444693613092916
16	0.1	16	60	0.011444693613092916
16	0.1	17	2	0.14609282866394496
16	0.1	17	55	0.0901161206163895
16	0.1	17	15	0.07033960460517044
16	0.1	17	0	0.07033960460517044
16	0.1	17	46	0.07033960460517044
16	0.1	17	69	0.07033960460517044
16	0.1	17	12	0.03751194729196289
16	0.1	17	21	0.03751194729196289
16	0.1	17	62	0.03751194729196289
16	0.1	17	38	0.03751194729196289
16	0.1	17	53	0.03751194729196289
16	0.1	17	88	0.02223975578726301
16	0.1	17	98	0.02223975578726301
16	0.1	17	28	0.01136000712415654
16	0.1	17	19	0.02223975578726301
16	0.1	17	17	0.02223975578726301
16	0.1	17	14	0.02223975578726301
16	0.1	17	24	0.02223975578726301
16	0.1	17	1	0.005769118895897309
16	0.1	17	76	0.005769118895897309
16	0.1	17	6	0.02223975578726301
16	0.1	17	13	0.02223975578726301
16	0.1	17	22	0.02223975578726301
16	0.1	18	2	0.11737690849296366
16	0.1	18	15	0.09155447379002242
16	0.1	18	55	0.08323868103097619
16	0.1	18	0	0.07662951549148653
16	0.1	18	46	0.08323868103097619
16	0.1	18	69	0.08323868103097619
16	0.1	18	38	0.04411430438115605
16	0.1	18	21	0.07662951549148653
16	0.1	18	12	0.07662951549148653
16	0.1	18	62	0.04411430438115605
16	0.1	18	98	0.04411430438115605
16	0.1	18	53	0.04411430438115605
16	0.1	18	74	0.0368171106134838
16	0.1	18	86	0.012865960999094216
16	0.1	18	71	0.01064936822297191
16	0.1	18	88	0.0007051076461259514
16	0.1	18	19	0.01437141095949356
16	0.1	18	24	0.01437141095949356
16	0.1	18	14	0.01437141095949356
16	0.1	18	22	0.01437141095949356
16	0.1	19	15	0.11256575739931293
16	0.1	19	2	0.11256575739931293
16	0.1	19	0	0.07374169338662097
16	0.1	19	62	0.06075949349711805
16	0.1	19	12	0.06075949349711805
16	0.1	19	24	0.06075949349711805
16	0.1	19	17	0.015104360600066601
16	0.1	19	76	0.03505311389728002
16	0.1	19	46	0.03505311389728002
16	0.1	19	74	0.03505311389728002
16	0.1	19	88	0.03505311389728002
16	0.1	19	38	0.03505311389728002
16	0.1	19	51	0.03505311389728002
16	0.1	19	53	0.03505311389728002
16	0.1	19	63	0.015104360600066601
16	0.1	19	54	0.015104360600066601
16	0.1	19	86	0.015104360600066601
16	0.1	19	21	0.009196371120926704
16	0.1	19	71	0.009196371120926704
16	0.1	19	6	0.015104360600066601
16	0.1	19	19	0.015104360600066601
16	0.1	19	1	0.015104360600066601
16	0.1	20	2	0.11716636638283223
16	0.1	20	15	0.11471974719687374
16	0.1	20	55	0.07383047929790788
16	0.1	20	0	0.07383047929790788
16	0.1	20	69	0.07383047929790788
16	0.1	20	46	0.07383047929790788
16	0.1	20	38	0.045961155353764285
16	0.1	20	12	0.05607044294978796
16	0.1	20	21	0.05607044294978796
16	0.1	20	14	0.018602361786206487
16	0.1	20	88	0.045961155353764285
16	0.1	20	53	0.045961155353764285
16	0.1	20	62	0.045961155353764285
16	0.1	20	98	0.045961155353764285
16	0.1	20	74	0.045961155353764285
16	0.1	20	71	0.018602361786206487
16	0.1	20	24	0.018602361786206487
16	0.1	20	19	0.018602361786206487
16	0.1	20	22	0.018602361786206487
16	0.1	20	17	0.005777717218084613
16	0.1	21	2	0.1650623199856179
16	0.1	21	55	0.09922256484273594
16	0.1	21	46	0.06108536167964361
16	0.1	21	0	0.06108536167964361
16	0.1	21	38	0.06108536167964361
16	0.1	21	69	0.06108536167964361
16	0.1	21	53	0.06108536167964361
16	0.1	21	19	0.035836705624574215
16	0.1	21	71	0.06108536167964361
16	0.1	21	74	0.06108536167964361
16	0.1	21	76	0.06108536167964361
16	0.1	21	14	0.035836705624574215
16	0.1	21	80	0.035836705624574215
16	0.1	21	6	0.035836705624574215
16	0.1	21	21	0.035836705624574215
16	0.1	21	12	0.035836705624574215
16	0.1	21	22	0.035836705624574215
16	0.1	21	62	0.005495493049227043
16	0.1	21	5	0.035836705624574215
16	0.1	21	8	0.035836705624574215
16	0.1	21	28	0.035836705624574215
16	0.1	22	2	0.11923588749251339
16	0.1	22	15	0.08304222004812455
16	0.1	22	55	0.08304222004812455
16	0.1	22	0	0.06383622636869317
16	0.1	22	46	0.06383622636869317
16	0.1	22	69	0.06383622636869317
16	0.1	22	21	0.04831692019036512
16	0.1	22	53	0.03482557411989387
16	0.1	22	14	0.04831692019036512
16	0.1	22	12	0.04831692019036512
16	0.1	22	38	0.03482557411989387
16	0.1	22	98	0.030465947531379368
16	0.1	22	74	0.027519508443117634
16	0.1	22	86	0.027519508443117634
16	0.1	22	6	0.02483876386865113
16	0.1	22	88	0.014905876763441787
16	0.1	22	24	0.02483876386865113
16	0.1	22	17	0.02483876386865113
16	0.1	22	7	0.02483876386865113
16	0.1	22	22	0.02483876386865113
16	0.1	23	55	0.15040593127796814
16	0.1	23	15	0.15040593127796814
16	0.1	23	2	0.15040593127796814
16	0.1	23	46	0.025087685544129608
16	0.1	23	62	0.025087685544129608
16	0.1	23	38	0.025087685544129608
16	0.1	23	24	0.03549293607922548
16	0.1	23	28	0.03549293607922548
16	0.1	23	21	0.03549293607922548
16	0.1	23	14	0.03549293607922548
16	0.1	23	1	0.03549293607922548
16	0.1	23	53	0.025087685544129608
16	0.1	23	0	0.025087685544129608
16	0.1	23	17	0.009687201648380992
16	0.1	23	12	0.00937974898802646
16	0.1	23	13	0.00937974898802646
16	0.1	23	74	0.025087685544129608
16	0.1	23	69	0.025087685544129608
16	0.1	23	71	0.025087685544129608
16	0.1	23	60	0.025087685544129608
16	0.1	23	76	0.025087685544129608
16	0.1	23	40	0.025087685544129608
16	0.1	23	63	0.025087685544129608
16	0.1	24	2	0.1147852652111643
16	0.1	24	15	0.10686592428493312
16	0.1	24	55	0.0661481970630618
16	0.1	24	46	0.0661481970630618
16	0.1	24	69	0.0661481970630618
16	0.1	24	0	0.064589382997328
16	0.1	24	38	0.041643424333958665
16	0.1	24	12	0.041643424333958665
16	0.1	24	21	0.041643424333958665
16	0.1	24	14	0.022997252698039813
16	0.1	24	88	0.041643424333958665
16	0.1	24	98	0.041643424333958665
16	0.1	24	53	0.041643424333958665
16	0.1	24	22	0.014515573418160014
16	0.1	24	24	0.014515573418160014
16	0.1	24	28	0.012258909568897384
16	0.1	24	19	0.00898277360252972
16	0.1	24	86	0.012258909568897384
16	0.1	24	1	0.012258909568897384
16	0.1	24	9	0.012258909568897384
16	0.1	24	29	0.012258909568897384
16	0.1	24	71	0.012258909568897384
16	0.1	24	36	0.012258909568897384
16	0.1	25	2	0.11330869028320416
16	0.1	25	15	0.09852141846142913
16	0.1	25	55	0.09852141846142913
16	0.1	25	0	0.09231075950322197
16	0.1	25	21	0.09231075950322197
16	0.1	25	88	0.027128712936635324
16	0.1	25	69	0.07354124610902384
16	0.1	25	46	0.07354124610902384
16	0.1	25	12	0.017211201825707286
16	0.1	25	14	0.017211201825707286
16	0.1	25	98	0.02546174685923329
16	0.1	25	53	0.02546174685923329
16	0.1	25	38	0.02546174685923329
16	0.1	25	62	0.02546174685923329
16	0.1	25	86	0.017363789931719616
16	0.1	25	28	0.017211201825707286
16	0.1	25	1	0.017211201825707286
16	0.1	25	76	0.01492223314448328
16	0.1	25	74	0.011054061579129523
16	0.1	25	17	0.0028622301723872793
16	0.1	26	2	0.11345801164107387
16	0.1	26	15	0.09943984005023554
16	0.1	26	55	0.08413261794470576
16	0.1	26	0	0.06490180521804893
16	0.1	26	69	0.08413261794470576
16	0.1	26	46	0.08413261794470576
16	0.1	26	21	0.058890372639098604
16	0.1	26	12	0.058890372639098604
16	0.1	26	14	0.011841645098052652
16	0.1	26	24	0.011841645098052652
16	0.1	26	19	0.011346099455000638
16	0.1	26	22	0.0014794504478642236
16	0.1	26	98	0.04236938041464808
16	0.1	26	62	0.04236938041464808
16	0.1	26	38	0.04236938041464808
16	0.1	26	88	0.04236938041464808
16	0.1	26	53	0.04236938041464808
16	0.1	26	74	0.02192942581703384
16	0.1	26	86	0.02192942581703384
16	0.1	26	71	0.02192942581703384
16	0.1	26	80	0.011531328584251025
16	0.1	27	2	0.15909056987794437
16	0.1	27	55	0.13403187862081078
16	0.1	27	12	0.016033172516195557
16	0.1	27	24	0.016033172516195557
16	0.1	27	46	0.13403187862081078
16	0.1	27	69	0.13403187862081078
16	0.1	27	38	0.050389280361073686
16	0.1	27	62	0.050389280361073686
16	0.1	27	53	0.050389280361073686
16	0.1	27	74	0.050389280361073686
16	0.1	27	40	0.020498407892449007
16	0.1	27	98	0.020498407892449007
16	0.1	27	21	0.016033172516195557
16	0.1	27	22	0.016033172516195557
16	0.1	27	19	0.016033172516195557
16	0.1	27	71	0.008711562448675957
16	0.1	27	42	0.008711562448675957
16	0.1	27	34	0.016033172516195557
16	0.1	27	14	0.016033172516195557
16	0.1	27	5	0.016033172516195557
16	0.1	27	10	0.016033172516195557
16	0.1	28	2	0.1301492090492146
16	0.1	28	55	0.10108891852988512
16	0.1	28	0	0.10108891852988512
16	0.1	28	15	0.10108891852988512
16	0.1	28	69	0.10108891852988512
16	0.1	28	46	0.06605298326424178
16	0.1	28	62	0.06086148318448278
16	0.1	28	98	0.06086148318448278
16	0.1	28	53	0.06086148318448278
16	0.1	28	88	0.06086148318448278
16	0.1	28	38	0.06086148318448278
16	0.1	28	29	0.014889081270848429
16	0.1	28	21	0.007660986344888501
16	0.1	28	19	0.014889081270848429
16	0.1	28	14	0.007660986344888501
16	0.1	28	63	0.014889081270848429
16	0.1	28	1	0.014889081270848429
16	0.1	28	12	0.014889081270848429
16	0.1	28	6	0.014889081270848429
16	0.1	28	28	0.014889081270848429
16	0.1	28	56	0.014889081270848429
16	0.1	28	36	0.014889081270848429
16	0.1	29	2	0.10573530971971737
16	0.1	29	15	0.10573530971971737
16	0.1	29	55	0.08559212060473852
16	0.1	29	46	0.08559212060473852
16	0.1	29	69	0.08559212060473852
16	0.1	29	0	0.0635999663999985
16	0.1	29	21	0.0635999663999985
16	0.1	29	12	0.0635999663999985
16	0.1	29	98	0.032880745516673485
16	0.1	29	88	0.032880745516673485
16	0.1	29	19	0.032880745516673485
16	0.1	29	53	0.032880745516673485
16	0.1	29	62	0.032880745516673485
16	0.1	29	38	0.032880745516673485
16	0.1	29	74	0.032880745516673485
16	0.1	29	17	0.032880745516673485
16	0.1	29	5	0.032880745516673485
16	0.1	29	76	0.01093055889239003
16	0.1	29	86	0.01093055889239003
16	0.1	29	24	0.0015722291405578397
16	0.1	29	28	0.0015722291405578397
16	0.1	30	2	0.12044429952980601
16	0.1	30	15	0.09812071021272457
16	0.1	30	55	0.07061496481638814
16	0.1	30	0	0.0572154098108894
16	0.1	30	46	0.07061496481638814
16	0.1	30	69	0.07061496481638814
16	0.1	30	21	0.0417126050577559
16	0.1	30	12	0.033058819124469285
16	0.1	30	38	0.033058819124469285
16	0.1	30	24	0.017439953618729572
16	0.1	30	19	0.017439953618729572
16	0.1	30	62	0.033058819124469285
16	0.1	30	53	0.033058819124469285
16	0.1	30	88	0.033058819124469285
16	0.1	30	98	0.033058819124469285
16	0.1	30	74	0.033058819124469285
16	0.1	30	71	0.033058819124469285
16	0.1	30	86	0.033058819124469285
16	0.1	30	60	0.004597570510610378
16	0.1	30	22	0.011843994951019707
16	0.1	30	14	0.011843994951019707
16	0.1	31	2	0.11551463140903719
16	0.1	31	15	0.09914979179504482
16	0.1	31	55	0.06961989080164067
16	0.1	31	0	0.06961989080164067
16	0.1	31	46	0.06961989080164067
16	0.1	31	69	0.06961989080164067
16	0.1	31	21	0.06961989080164067
16	0.1	31	12	0.06961989080164067
16	0.1	31	53	0.04671897488458169
16	0.1	31	38	0.04671897488458169
16	0.1	31	88	0.04671897488458169
16	0.1	31	98	0.04671897488458169
16	0.1	31	62	0.04671897488458169
16	0.1	31	19	0.017410124181790936
16	0.1	31	74	0.017410124181790936
16	0.1	31	86	0.017410124181790936
16	0.1	31	6	0.009503530298363457
16	0.1	31	22	0.017410124181790936
16	0.1	31	14	0.017410124181790936
16	0.1	31	24	0.017410124181790936
16	0.1	32	2	0.13869005976799548
16	0.1	32	15	0.09938651278842715
16	0.1	32	46	0.05883875133414613
16	0.1	32	0	0.05883875133414613
16	0.1	32	69	0.05883875133414613
16	0.1	32	55	0.05883875133414613
16	0.1	32	38	0.05883875133414613
16	0.1	32	21	0.050040698064126324
16	0.1	32	12	0.050040698064126324
16	0.1	32	19	0.018452061555235755
16	0.1	32	13	0.018452061555235755
16	0.1	32	5	0.018452061555235755
16	0.1	32	88	0.04495868634130228
16	0.1	32	53	0.04495868634130228
16	0.1	32	98	0.04495868634130228
16	0.1	32	62	0.04495868634130228
16	0.1	32	76	0.018452061555235755
16	0.1	32	71	0.018452061555235755
16	0.1	32	74	0.018452061555235755
16	0.1	32	40	0.018452061555235755
16	0.1	33	2	0.22721732064291897
16	0.1	33	55	0.09452544905712368
16	0.1	33	12	0.06761690207337218
16	0.1	33	46	0.06761690207337218
16	0.1	33	69	0.06761690207337218
16	0.1	33	21	0.028104984015007276
16	0.1	33	24	0.028104984015007276
16	0.1	33	7	0.014293904595538075
16	0.1	33	38	0.028104984015007276
16	0.1	33	53	0.028104984015007276
16	0.1	33	62	0.028104984015007276
16	0.1	33	88	0.028104984015007276
16	0.1	33	74	0.021404263836923638
16	0.1	33	76	0.021404263836923638
16	0.1	33	40	0.021404263836923638
16	0.1	33	98	0.020234497117349946
16	0.1	33	71	0.020234497117349946
16	0.1	33	60	0.01978018903930201
16	0.1	33	56	0.01538141113083284
16	0.1	33	54	0.01538141113083284
16	0.1	33	95	0.01538141113083284
16	0.1	34	2	0.11699737515215095
16	0.1	34	15	0.10826694104487099
16	0.1	34	0	0.07525388640257248
16	0.1	34	55	0.08224059869314423
16	0.1	34	46	0.08224059869314423
16	0.1	34	69	0.08224059869314423
16	0.1	34	53	0.06305519198810995
16	0.1	34	12	0.06305519198810995
16	0.1	34	21	0.06305519198810995
16	0.1	34	98	0.06305519198810995
16	0.1	34	74	0.01613019893875922
16	0.1	34	19	0.01613019893875922
16	0.1	34	24	0.01613019893875922
16	0.1	34	22	0.01613019893875922
16	0.1	34	23	0.006504186086719491
16	0.1	34	88	0.01613019893875922
16	0.1	34	17	0.01613019893875922
16	0.1	34	71	0.01613019893875922
16	0.1	34	10	0.005279236708093407
16	0.1	34	14	0.004795408171815275
16	0.1	35	2	0.0894909976154339
16	0.1	35	15	0.0894909976154339
16	0.1	35	0	0.0762273146153643
16	0.1	35	55	0.0762273146153643
16	0.1	35	69	0.0762273146153643
16	0.1	35	46	0.0762273146153643
16	0.1	35	12	0.046759144337559316
16	0.1	35	21	0.046759144337559316
16	0.1	35	24	0.046759144337559316
16	0.1	35	22	0.046759144337559316
16	0.1	35	38	0.046759144337559316
16	0.1	35	62	0.046759144337559316
16	0.1	35	53	0.046759144337559316
16	0.1	35	98	0.046759144337559316
16	0.1	35	88	0.046759144337559316
16	0.1	35	19	0.011430432199535233
16	0.1	35	86	0.013428997577300967
16	0.1	35	14	0.013428997577300967
16	0.1	35	10	0.0030744402221756077
16	0.1	35	71	0.006005660252245377
16	0.1	35	8	0.006005660252245377
16	0.1	36	2	0.11759604922131157
16	0.1	36	15	0.09759329864606402
16	0.1	36	55	0.07482936952897515
16	0.1	36	0	0.07482936952897515
16	0.1	36	69	0.07482936952897515
16	0.1	36	46	0.07482936952897515
16	0.1	36	12	0.047288612016951635
16	0.1	36	21	0.047288612016951635
16	0.1	36	38	0.03006561440056704
16	0.1	36	88	0.03006561440056704
16	0.1	36	24	0.025630687538884568
16	0.1	36	62	0.03006561440056704
16	0.1	36	53	0.03006561440056704
16	0.1	36	98	0.03006561440056704
16	0.1	36	74	0.025630687538884568
16	0.1	36	19	0.025630687538884568
16	0.1	36	71	0.006936887596813719
16	0.1	36	14	0.025630687538884568
16	0.1	36	22	0.025630687538884568
16	0.1	36	86	0.005491567536558675
16	0.1	37	2	0.13794537897779852
16	0.1	37	15	0.13794537897779852
16	0.1	37	55	0.07116866915481089
16	0.1	37	0	0.0657718554963252
16	0.1	37	21	0.0657718554963252
16	0.1	37	12	0.0657718554963252
16	0.1	37	38	0.023159123474959627
16	0.1	37	19	0.023159123474959627
16	0.1	37	24	0.023159123474959627
16	0.1	37	46	0.023159123474959627
16	0.1	37	62	0.023159123474959627
16	0.1	37	98	0.023159123474959627
16	0.1	37	69	0.023159123474959627
16	0.1	37	88	0.023159123474959627
16	0.1	37	53	0.023159123474959627
16	0.1	37	74	0.019729527941025296
16	0.1	37	71	0.017512546739539177
16	0.1	37	76	0.017512546739539177
16	0.1	37	40	0.007014873421277767
16	0.1	37	86	0.007014873421277767
16	0.1	38	2	0.11207304346708098
16	0.1	38	15	0.08949249809266477
16	0.1	38	55	0.07938526972276326
16	0.1	38	0	0.07422575086813132
16	0.1	38	46	0.07422575086813132
16	0.1	38	69	0.07422575086813132
16	0.1	38	12	0.050997486981377585
16	0.1	38	21	0.050997486981377585
16	0.1	38	24	0.025008601294276886
16	0.1	38	53	0.04356189189226704
16	0.1	38	38	0.04356189189226704
16	0.1	38	19	0.010535050802457141
16	0.1	38	22	0.010535050802457141
16	0.1	38	14	0.010535050802457141
16	0.1	38	98	0.04356189189226704
16	0.1	38	62	0.04356189189226704
16	0.1	38	88	0.04356189189226704
16	0.1	38	74	0.03310260552590855
16	0.1	38	71	0.025008601294276886
16	0.1	38	76	0.025008601294276886
16	0.1	38	40	0.00772230469953339
16	0.1	38	63	0.00772230469953339
16	0.1	39	2	0.16334397404645667
16	0.1	39	15	0.1005731091597162
16	0.1	39	55	0.1005731091597162
16	0.1	39	46	0.1005731091597162
16	0.1	39	0	0.1005731091597162
16	0.1	39	69	0.025165143017916943
16	0.1	39	62	0.025165143017916943
16	0.1	39	12	0.025165143017916943
16	0.1	39	21	0.020879067328537195
16	0.1	39	88	0.025165143017916943
16	0.1	39	53	0.025165143017916943
16	0.1	39	38	0.025165143017916943
16	0.1	39	98	0.025165143017916943
16	0.1	39	14	0.016748901019402736
16	0.1	39	19	0.016748901019402736
16	0.1	39	22	0.016748901019402736
16	0.1	39	74	0.016748901019402736
16	0.1	39	17	0.016748901019402736
16	0.1	39	76	0.003748780060937982
16	0.1	39	28	0.0015601741513385874
16	0.1	40	2	0.16221243180399955
16	0.1	40	55	0.07599183661556194
16	0.1	40	15	0.07300805838999933
16	0.1	40	0	0.05585465404964743
16	0.1	40	69	0.06341584022316477
16	0.1	40	46	0.06341584022316477
16	0.1	40	12	0.05585465404964743
16	0.1	40	21	0.05585465404964743
16	0.1	40	88	0.04103678582929648
16	0.1	40	14	0.0077200812254089495
16	0.1	40	38	0.04103678582929648
16	0.1	40	53	0.04103678582929648
16	0.1	40	98	0.04103678582929648
16	0.1	40	74	0.028145798103317573
16	0.1	40	62	0.028145798103317573
16	0.1	40	71	0.02042441561918393
16	0.1	40	22	0.0077200812254089495
16	0.1	40	40	0.016033987965489875
16	0.1	40	76	0.016033987965489875
16	0.1	40	86	0.016033987965489875
16	0.1	41	2	0.12902963894447111
16	0.1	41	15	0.12902963894447111
16	0.1	41	55	0.07910740250522193
16	0.1	41	0	0.06391717445596554
16	0.1	41	69	0.06391717445596554
16	0.1	41	46	0.06391717445596554
16	0.1	41	24	0.02959702413080368
16	0.1	41	88	0.03267137679721765
16	0.1	41	38	0.03267137679721765
16	0.1	41	98	0.03267137679721765
16	0.1	41	53	0.03267137679721765
16	0.1	41	62	0.03267137679721765
16	0.1	41	74	0.03267137679721765
16	0.1	41	71	0.03267137679721765
16	0.1	41	76	0.03267137679721765
16	0.1	41	86	0.011441953607410576
16	0.1	41	63	0.011441953607410576
16	0.1	41	42	0.011441953607410576
16	0.1	41	89	0.005117226708877535
16	0.1	41	51	0.005117226708877535
16	0.1	42	2	0.20472471547062485
16	0.1	42	55	0.09930963157719593
16	0.1	42	21	0.09930963157719593
16	0.1	42	0	0.09930963157719593
16	0.1	42	69	0.09930963157719593
16	0.1	42	46	0.09930963157719593
16	0.1	42	88	0.05552975273166307
16	0.1	42	38	0.05552975273166307
16	0.1	42	53	0.05552975273166307
16	0.1	42	24	0.028082488366431086
16	0.1	42	40	0.028082488366431086
16	0.1	42	6	0.011121769832549257
16	0.1	42	62	0.028082488366431086
16	0.1	42	13	0.028082488366431086
16	0.1	42	34	0.028082488366431086
16	0.1	42	98	0.028082488366431086
16	0.1	42	12	0.0039788018497736105
16	0.1	42	17	0.0039788018497736105
16	0.1	42	22	0.028082488366431086
16	0.1	42	8	0.028082488366431086
16	0.1	42	14	0.028082488366431086
16	0.1	42	60	0.010290341170540934
16	0.1	42	80	0.010290341170540934
16	0.1	43	2	0.14834374650684456
16	0.1	43	15	0.14834374650684456
16	0.1	43	55	0.09306573140694298
16	0.1	43	46	0.09306573140694298
16	0.1	43	69	0.058724330680785884
16	0.1	43	38	0.058724330680785884
16	0.1	43	12	0.058724330680785884
16	0.1	43	14	0.028780158370283082
16	0.1	43	21	0.015699484500190517
16	0.1	43	53	0.058724330680785884
16	0.1	43	88	0.058724330680785884
16	0.1	43	62	0.058724330680785884
16	0.1	43	17	0.014654783420679392
16	0.1	43	76	0.009327103599494095
16	0.1	43	60	0.006368825900407983
16	0.1	43	71	0.006368825900407983
16	0.1	43	40	0.0014449353421249356
16	0.1	43	19	0.006368825900407983
16	0.1	43	24	0.006368825900407983
16	0.1	43	6	0.006368825900407983
16	0.1	43	10	0.006368825900407983
16	0.1	44	2	0.11701163762325394
16	0.1	44	15	0.10970673199860283
16	0.1	44	0	0.10970673199860283
16	0.1	44	55	0.10970673199860283
16	0.1	44	69	0.10970673199860283
16	0.1	44	46	0.10970673199860283
16	0.1	44	53	0.029690172026644836
16	0.1	44	21	0.01847718066333725
16	0.1	44	12	0.01847718066333725
16	0.1	44	24	0.016688281004206988
16	0.1	44	88	0.029690172026644836
16	0.1	44	98	0.029690172026644836
16	0.1	44	62	0.029690172026644836
16	0.1	44	38	0.029690172026644836
16	0.1	44	74	0.016688281004206988
16	0.1	44	86	0.016688281004206988
16	0.1	44	28	0.016688281004206988
16	0.1	44	19	0.016688281004206988
16	0.1	44	5	0.006082093622240579
16	0.1	44	14	0.006082093622240579
16	0.1	44	22	0.006082093622240579
16	0.1	44	13	0.006082093622240579
16	0.1	44	29	0.016688281004206988
16	0.1	44	17	0.016688281004206988
16	0.1	45	2	0.11668704001000488
16	0.1	45	15	0.10521326127579396
16	0.1	45	55	0.07677447470385909
16	0.1	45	0	0.06915912051862874
16	0.1	45	46	0.06915912051862874
16	0.1	45	69	0.06915912051862874
16	0.1	45	53	0.06915912051862874
16	0.1	45	21	0.06915912051862874
16	0.1	45	12	0.06915912051862874
16	0.1	45	14	0.020761351548194806
16	0.1	45	24	0.020761351548194806
16	0.1	45	62	0.06915912051862874
16	0.1	45	98	0.06915912051862874
16	0.1	45	88	0.06915912051862874
16	0.1	45	38	0.06915912051862874
16	0.1	45	60	0.018768111622306325
16	0.1	45	19	0.007095812192090216
16	0.1	45	22	0.007095812192090216
16	0.1	45	13	0.0029462813623357988
16	0.1	45	5	0.0029462813623357988
16	0.1	45	63	0.018768111622306325
16	0.1	45	71	0.018768111622306325
16	0.1	45	74	0.018768111622306325
16	0.1	45	76	0.018768111622306325
16	0.1	46	2	0.11433321207916958
16	0.1	46	15	0.09085892155033577
16	0.1	46	0	0.07690565382640871
16	0.1	46	55	0.07690565382640871
16	0.1	46	69	0.07690565382640871
16	0.1	46	46	0.07690565382640871
16	0.1	46	21	0.06779919998634196
16	0.1	46	12	0.06779919998634196
16	0.1	46	38	0.05198724334999944
16	0.1	46	88	0.05198724334999944
16	0.1	46	17	0.013541755407666731
16	0.1	46	53	0.05198724334999944
16	0.1	46	62	0.05198724334999944
16	0.1	46	98	0.05198724334999944
16	0.1	46	74	0.05198724334999944
16	0.1	46	19	0.013541755407666731
16	0.1	46	14	0.013541755407666731
16	0.1	46	5	0.013541755407666731
16	0.1	46	24	0.013541755407666731
16	0.1	46	28	0.0020861249063732104
16	0.1	47	2	0.11947753948547081
16	0.1	47	15	0.11490341654804222
16	0.1	47	55	0.09292123418617396
16	0.1	47	0	0.059448367761477654
16	0.1	47	69	0.07622380092963031
16	0.1	47	46	0.07622380092963031
16	0.1	47	12	0.059448367761477654
16	0.1	47	21	0.059448367761477654
16	0.1	47	14	0.014995958749439323
16	0.1	47	24	0.009295595798395012
16	0.1	47	13	0.009295595798395012
16	0.1	47	22	0.009295595798395012
16	0.1	47	88	0.059448367761477654
16	0.1	47	53	0.059448367761477654
16	0.1	47	62	0.059448367761477654
16	0.1	47	98	0.059448367761477654
16	0.1	47	38	0.059448367761477654
16	0.1	47	74	0.023393543679560546
16	0.1	47	40	0.023393543679560546
16	0.1	47	76	0.023393543679560546
16	0.1	47	71	0.023393543679560546
16	0.1	47	63	0.017983482355369992
16	0.1	47	42	0.017983482355369992
16	0.1	48	2	0.1732744487371156
16	0.1	48	55	0.08229406146141129
16	0.1	48	15	0.060224395932046065
16	0.1	48	0	0.060224395932046065
16	0.1	48	46	0.060224395932046065
16	0.1	48	69	0.060224395932046065
16	0.1	48	38	0.047478844603066304
16	0.1	48	12	0.03196583519949727
16	0.1	48	88	0.03196583519949727
16	0.1	48	21	0.03196583519949727
16	0.1	48	14	0.03196583519949727
16	0.1	48	24	0.03196583519949727
16	0.1	48	62	0.03196583519949727
16	0.1	48	86	0.03196583519949727
16	0.1	48	53	0.03196583519949727
16	0.1	48	74	0.03196583519949727
16	0.1	48	22	0.01351123446877544
16	0.1	48	13	0.01351123446877544
16	0.1	48	76	0.012446214191181791
16	0.1	48	98	0.012446214191181791
16	0.1	48	71	0.012446214191181791
16	0.1	49	2	0.10893157103060976
16	0.1	49	15	0.10214422648063391
16	0.1	49	55	0.07464066137252467
16	0.1	49	0	0.06017637980861035
16	0.1	49	69	0.06017637980861035
16	0.1	49	46	0.06017637980861035
16	0.1	49	38	0.04295079153075643
16	0.1	49	12	0.04295079153075643
16	0.1	49	21	0.04295079153075643
16	0.1	49	88	0.04295079153075643
16	0.1	49	24	0.014614137900536782
16	0.1	49	19	0.014614137900536782
16	0.1	49	14	0.013104020308177429
16	0.1	49	98	0.04295079153075643
16	0.1	49	62	0.04295079153075643
16	0.1	49	53	0.04295079153075643
16	0.1	49	74	0.035134745602880754
16	0.1	49	76	0.011228088718986005
16	0.1	49	22	0.011228088718986005
16	0.1	49	17	0.011228088718986005
16	0.1	50	2	0.15032364972691858
16	0.1	50	15	0.15032364972691858
16	0.1	50	55	0.0925297422856364
16	0.1	50	21	0.019249108971694726
16	0.1	50	69	0.0925297422856364
16	0.1	50	46	0.0925297422856364
16	0.1	50	14	0.019249108971694726
16	0.1	50	53	0.04870636408367749
16	0.1	50	88	0.04870636408367749
16	0.1	50	38	0.04870636408367749
16	0.1	50	17	0.019249108971694726
16	0.1	50	12	0.019249108971694726
16	0.1	50	0	0.04870636408367749
16	0.1	50	98	0.04870636408367749
16	0.1	50	62	0.04870636408367749
16	0.1	50	74	0.017553844774810097
16	0.1	50	24	0.016202347537279654
16	0.1	50	19	0.016202347537279654
16	0.1	50	6	0.004995428589964311
16	0.1	50	76	0.017553844774810097
16	0.1	50	63	0.017553844774810097
16	0.1	50	60	0.017553844774810097
16	0.1	50	71	0.017553844774810097
16	0.1	51	2	0.12325487580357063
16	0.1	51	15	0.12325487580357063
16	0.1	51	62	0.12325487580357063
16	0.1	51	0	0.12325487580357063
16	0.1	51	86	0.05999629190417374
16	0.1	51	74	0.05999629190417374
16	0.1	51	17	0.05999629190417374
16	0.1	51	28	0.05999629190417374
16	0.1	51	98	0.05999629190417374
16	0.1	51	10	0.05999629190417374
16	0.1	51	71	0.010810347533042157
16	0.1	51	21	0.037113488028899966
16	0.1	51	14	0.037113488028899966
16	0.1	51	22	0.037113488028899966
16	0.1	51	34	0.037113488028899966
16	0.1	51	24	0.037113488028899966
16	0.1	51	13	0.037113488028899966
16	0.1	51	8	0.037113488028899966
16	0.1	51	7	0.037113488028899966
16	0.1	51	80	0.010932720852555389
16	0.1	51	53	0.010810347533042157
16	0.1	52	2	0.11797518029866379
16	0.1	52	15	0.10118417597354665
16	0.1	52	55	0.06471150343993666
16	0.1	52	0	0.059107081024758534
16	0.1	52	46	0.06471150343993666
16	0.1	52	69	0.06471150343993666
16	0.1	52	12	0.03871079197855712
16	0.1	52	21	0.03871079197855712
16	0.1	52	17	0.02503739426136415
16	0.1	52	19	0.02503739426136415
16	0.1	52	88	0.03871079197855712
16	0.1	52	53	0.03871079197855712
16	0.1	52	38	0.03871079197855712
16	0.1	52	62	0.03871079197855712
16	0.1	52	98	0.03871079197855712
16	0.1	52	5	0.020212154701876997
16	0.1	52	14	0.014941482827351592
16	0.1	52	76	0.008519762198754713
16	0.1	52	74	0.008519762198754713
16	0.1	52	24	0.014941482827351592
16	0.1	52	22	0.014941482827351592
16	0.1	52	86	0.011486563522878272
16	0.1	53	2	0.12172181876561786
16	0.1	53	15	0.08792697466152513
16	0.1	53	55	0.07820008726521079
16	0.1	53	0	0.06353490615795712
16	0.1	53	46	0.06353490615795712
16	0.1	53	69	0.06353490615795712
16	0.1	53	21	0.0497465726233991
16	0.1	53	12	0.03230543610791561
16	0.1	53	19	0.022214015009869102
16	0.1	53	24	0.022214015009869102
16	0.1	53	22	0.015625535242006022
16	0.1	53	53	0.0497465726233991
16	0.1	53	38	0.0497465726233991
16	0.1	53	74	0.0497465726233991
16	0.1	53	98	0.0497465726233991
16	0.1	53	88	0.0497465726233991
16	0.1	53	62	0.0497465726233991
16	0.1	53	14	0.015625535242006022
16	0.1	53	17	0.007667416145657889
16	0.1	53	28	0.005135781813977575
16	0.1	53	86	0.005135781813977575
16	0.1	54	2	0.13875704708400044
16	0.1	54	15	0.13875704708400044
16	0.1	54	55	0.09794854277710702
16	0.1	54	21	0.04755769406730318
16	0.1	54	46	0.09794854277710702
16	0.1	54	69	0.09794854277710702
16	0.1	54	53	0.02605205273220037
16	0.1	54	0	0.04755769406730318
16	0.1	54	38	0.02605205273220037
16	0.1	54	22	0.02605205273220037
16	0.1	54	12	0.02605205273220037
16	0.1	54	19	0.024171860529195108
16	0.1	54	24	0.024171860529195108
16	0.1	54	98	0.02605205273220037
16	0.1	54	62	0.02605205273220037
16	0.1	54	88	0.02605205273220037
16	0.1	54	86	0.024171860529195108
16	0.1	54	74	0.024171860529195108
16	0.1	54	76	0.012539729441055001
16	0.1	54	5	0.012539729441055001
16	0.1	55	2	0.14860624383167897
16	0.1	55	15	0.14860624383167897
16	0.1	55	55	0.12664541752808992
16	0.1	55	12	0.03120185703826047
16	0.1	55	46	0.12664541752808992
16	0.1	55	69	0.12664541752808992
16	0.1	55	0	0.03120185703826047
16	0.1	55	21	0.03120185703826047
16	0.1	55	14	0.03120185703826047
16	0.1	55	24	0.03120185703826047
16	0.1	55	22	0.004463924625041555
16	0.1	55	19	0.004463924625041555
16	0.1	55	74	0.02292602994795268
16	0.1	55	98	0.03120185703826047
16	0.1	55	62	0.03120185703826047
16	0.1	55	38	0.03120185703826047
16	0.1	55	88	0.03120185703826047
16	0.1	55	53	0.03120185703826047
16	0.1	55	76	0.02292602994795268
16	0.1	55	1	0.01521946686726717
16	0.1	55	63	0.01521946686726717
16	0.1	55	60	0.003844912074936458
16	0.1	56	2	0.12761117216822945
16	0.1	56	15	0.12761117216822945
16	0.1	56	55	0.10012331744910424
16	0.1	56	46	0.10012331744910424
16	0.1	56	69	0.10012331744910424
16	0.1	56	0	0.10012331744910424
16	0.1	56	38	0.03488792166552565
16	0.1	56	12	0.05458263203038181
16	0.1	56	21	0.05458263203038181
16	0.1	56	53	0.03488792166552565
16	0.1	56	62	0.03488792166552565
16	0.1	56	24	0.014277494244363658
16	0.1	56	88	0.03488792166552565
16	0.1	56	98	0.03488792166552565
16	0.1	56	74	0.03488792166552565
16	0.1	56	86	0.03488792166552565
16	0.1	56	71	0.014277494244363658
16	0.1	56	76	0.014277494244363658
16	0.1	56	22	0.014277494244363658
16	0.1	56	14	0.014277494244363658
16	0.1	56	19	0.007177704262401489
16	0.1	57	2	0.09814833634119913
16	0.1	57	15	0.09814833634119913
16	0.1	57	0	0.06745357097675045
16	0.1	57	55	0.06745357097675045
16	0.1	57	69	0.06745357097675045
16	0.1	57	46	0.06745357097675045
16	0.1	57	12	0.05815599406137864
16	0.1	57	21	0.05815599406137864
16	0.1	57	38	0.03760435465329749
16	0.1	57	19	0.017923258775820804
16	0.1	57	28	0.017923258775820804
16	0.1	57	53	0.03760435465329749
16	0.1	57	98	0.03760435465329749
16	0.1	57	88	0.03760435465329749
16	0.1	57	62	0.03760435465329749
16	0.1	57	1	0.0018081062817996176
16	0.1	57	40	0.016517685298608222
16	0.1	57	86	0.016517685298608222
16	0.1	57	76	0.016517685298608222
16	0.1	57	74	0.016517685298608222
16	0.1	57	71	0.016517685298608222
16	0.1	57	60	0.016517685298608222
16	0.1	57	80	0.016517685298608222
16	0.1	58	2	0.1215855632948275
16	0.1	58	15	0.10755915597877491
16	0.1	58	0	0.10755915597877491
16	0.1	58	55	0.10755915597877491
16	0.1	58	46	0.10755915597877491
16	0.1	58	69	0.10755915597877491
16	0.1	58	21	0.02164508663572135
16	0.1	58	12	0.02164508663572135
16	0.1	58	38	0.03163025756754607
16	0.1	58	53	0.03163025756754607
16	0.1	58	88	0.03163025756754607
16	0.1	58	74	0.02164508663572135
16	0.1	58	62	0.02164508663572135
16	0.1	58	98	0.02164508663572135
16	0.1	58	76	0.019002817728859367
16	0.1	58	71	0.012281857111128789
16	0.1	58	22	0.010069561975807374
16	0.1	58	17	0.004661953326662102
16	0.1	58	19	0.004661953326662102
16	0.1	58	60	0.0035858321779927054
16	0.1	59	2	0.11063789179762967
16	0.1	59	15	0.11063789179762967
16	0.1	59	0	0.11063789179762967
16	0.1	59	55	0.11063789179762967
16	0.1	59	46	0.11063789179762967
16	0.1	59	69	0.11063789179762967
16	0.1	59	21	0.008634663235430535
16	0.1	59	88	0.04196408004121019
16	0.1	59	62	0.04196408004121019
16	0.1	59	53	0.04196408004121019
16	0.1	59	38	0.04196408004121019
16	0.1	59	98	0.04196408004121019
16	0.1	59	74	0.029923018738779398
16	0.1	59	60	0.011641855178221413
16	0.1	59	71	0.01037741649615465
16	0.1	59	63	0.01037741649615465
16	0.1	59	14	0.005428301762440133
16	0.1	59	22	0.005428301762440133
16	0.1	59	42	0.01037741649615465
16	0.1	59	51	0.01037741649615465
16	0.1	59	76	0.01037741649615465
16	0.1	59	40	0.01037741649615465
16	0.1	59	86	0.009222207122663837
16	0.1	60	2	0.12303242982079858
16	0.1	60	15	0.10015376950499734
16	0.1	60	55	0.10015376950499734
16	0.1	60	0	0.10015376950499734
16	0.1	60	69	0.10015376950499734
16	0.1	60	46	0.10015376950499734
16	0.1	60	21	0.036288923964473224
16	0.1	60	12	0.036288923964473224
16	0.1	60	24	0.030291727722691265
16	0.1	60	53	0.036288923964473224
16	0.1	60	38	0.036288923964473224
16	0.1	60	14	0.015092906619880463
16	0.1	60	88	0.036288923964473224
16	0.1	60	98	0.036288923964473224
16	0.1	60	62	0.036288923964473224
16	0.1	60	17	0.018652000344603036
16	0.1	60	74	0.018652000344603036
16	0.1	60	19	0.015092906619880463
16	0.1	60	22	0.008014438158569887
16	0.1	60	34	0.008014438158569887
16	0.1	61	2	0.1176324933837032
16	0.1	61	15	0.10303427959134742
16	0.1	61	55	0.08641383646171061
16	0.1	61	0	0.07329732470231223
16	0.1	61	46	0.07329732470231223
16	0.1	61	69	0.07329732470231223
16	0.1	61	53	0.04224957625102253
16	0.1	61	38	0.04224957625102253
16	0.1	61	21	0.04224957625102253
16	0.1	61	12	0.04224957625102253
16	0.1	61	88	0.04224957625102253
16	0.1	61	98	0.04224957625102253
16	0.1	61	62	0.04224957625102253
16	0.1	61	86	0.025433335955046592
16	0.1	61	74	0.025433335955046592
16	0.1	61	19	0.018224683910768976
16	0.1	61	22	0.018224683910768976
16	0.1	61	14	0.018224683910768976
16	0.1	61	24	0.018224683910768976
16	0.1	61	34	0.006612502433911058
16	0.1	62	2	0.12369441504279893
16	0.1	62	15	0.09445052261143869
16	0.1	62	0	0.07945102993503246
16	0.1	62	69	0.07945102993503246
16	0.1	62	55	0.07945102993503246
16	0.1	62	21	0.037737903966275826
16	0.1	62	38	0.03204099777831258
16	0.1	62	53	0.028400923746975726
16	0.1	62	12	0.027672848221333812
16	0.1	62	88	0.028400923746975726
16	0.1	62	98	0.028400923746975726
16	0.1	62	62	0.028400923746975726
16	0.1	62	19	0.027672848221333812
16	0.1	62	24	0.027672848221333812
16	0.1	62	5	0.008871905942473758
16	0.1	62	17	0.008871905942473758
16	0.1	62	34	0.027672848221333812
16	0.1	62	74	0.027672848221333812
16	0.1	62	14	0.027672848221333812
16	0.1	62	22	0.027672848221333812
16	0.1	63	2	0.24342470721571377
16	0.1	63	0	0.07708996325379441
16	0.1	63	53	0.03197716977191825
16	0.1	63	69	0.029672994046530905
16	0.1	63	38	0.028041619219291245
16	0.1	63	21	0.02718855296086814
16	0.1	63	10	0.02718855296086814
16	0.1	63	19	0.02718855296086814
16	0.1	63	74	0.02718855296086814
16	0.1	63	55	0.02718855296086814
16	0.1	63	62	0.02718855296086814
16	0.1	63	12	0.02718855296086814
16	0.1	63	5	0.02718855296086814
16	0.1	63	75	0.0269910941771795
16	0.1	63	23	0.0269910941771795
16	0.1	63	80	0.0269910941771795
16	0.1	63	17	0.0269910941771795
16	0.1	63	28	0.005818397171028859
16	0.1	63	100	0.0269910941771795
16	0.1	63	94	0.0269910941771795
16	0.1	63	98	0.008375045787510001
16	0.1	64	2	0.09872391981621269
16	0.1	64	15	0.09872391981621269
16	0.1	64	0	0.06112181704961954
16	0.1	64	12	0.04983267628377905
16	0.1	64	69	0.05180087614123346
16	0.1	64	55	0.05180087614123346
16	0.1	64	46	0.05180087614123346
16	0.1	64	38	0.03822667919365626
16	0.1	64	53	0.03822667919365626
16	0.1	64	88	0.0358387190461319
16	0.1	64	98	0.0358387190461319
16	0.1	64	24	0.029766257200872736
16	0.1	64	14	0.029766257200872736
16	0.1	64	21	0.029766257200872736
16	0.1	64	5	0.020025540509579897
16	0.1	64	13	0.029766257200872736
16	0.1	64	62	0.029766257200872736
16	0.1	64	74	0.029766257200872736
16	0.1	64	19	0.020025540509579897
16	0.1	64	10	0.016908788511636793
16	0.1	65	2	0.11677318846457736
16	0.1	65	15	0.11677318846457736
16	0.1	65	55	0.0659855139377615
16	0.1	65	46	0.0659855139377615
16	0.1	65	69	0.0659855139377615
16	0.1	65	0	0.0537879569669737
16	0.1	65	12	0.04825458570277433
16	0.1	65	38	0.03205253291081158
16	0.1	65	21	0.01969148343188026
16	0.1	65	53	0.020376755045232318
16	0.1	65	98	0.020376755045232318
16	0.1	65	62	0.020376755045232318
16	0.1	65	74	0.020376755045232318
16	0.1	65	71	0.020376755045232318
16	0.1	65	86	0.020376755045232318
16	0.1	65	63	0.01969148343188026
16	0.1	65	19	0.016807689019781445
16	0.1	65	76	0.016807689019781445
16	0.1	65	80	0.016807689019781445
16	0.1	65	22	0.016807689019781445
16	0.1	66	2	0.12119316609934266
16	0.1	66	15	0.08954652381104608
16	0.1	66	55	0.07990413507438213
16	0.1	66	0	0.07990413507438213
16	0.1	66	69	0.07990413507438213
16	0.1	66	46	0.07990413507438213
16	0.1	66	21	0.05706504109273967
16	0.1	66	12	0.05706504109273967
16	0.1	66	62	0.020553760916144324
16	0.1	66	53	0.04487025318202306
16	0.1	66	88	0.04487025318202306
16	0.1	66	98	0.04487025318202306
16	0.1	66	38	0.04487025318202306
16	0.1	66	19	0.020553760916144324
16	0.1	66	24	0.020553760916144324
16	0.1	66	14	0.020553760916144324
16	0.1	66	17	0.020553760916144324
16	0.1	66	74	0.020553760916144324
16	0.1	66	5	0.020553760916144324
16	0.1	66	22	0.020553760916144324
16	0.1	67	2	0.08079653592857576
16	0.1	67	15	0.08079653592857576
16	0.1	67	55	0.08079653592857576
16	0.1	67	0	0.08079653592857576
16	0.1	67	21	0.037190381992382594
16	0.1	67	69	0.08079653592857576
16	0.1	67	46	0.08079653592857576
16	0.1	67	53	0.03146381440012293
16	0.1	67	62	0.03146381440012293
16	0.1	67	38	0.03146381440012293
16	0.1	67	88	0.03146381440012293
16	0.1	67	19	0.03146381440012293
16	0.1	67	74	0.010599874184135922
16	0.1	67	24	0.020926159150817567
16	0.1	67	14	0.020926159150817567
16	0.1	67	86	0.00983989751240289
16	0.1	67	28	0.00983989751240289
16	0.1	67	22	0.00983989751240289
16	0.1	67	13	0.00983989751240289
16	0.1	67	98	0.00983989751240289
16	0.1	68	2	0.13832939388222562
16	0.1	68	15	0.08403798278460833
16	0.1	68	55	0.07320699029405935
16	0.1	68	0	0.05082949764693626
16	0.1	68	69	0.07101081937811193
16	0.1	68	46	0.07101081937811193
16	0.1	68	53	0.0485910015285066
16	0.1	68	12	0.05082949764693626
16	0.1	68	21	0.05082949764693626
16	0.1	68	19	0.04079038786381681
16	0.1	68	14	0.04079038786381681
16	0.1	68	10	0.0070834661605144195
16	0.1	68	62	0.0485910015285066
16	0.1	68	98	0.0485910015285066
16	0.1	68	38	0.0485910015285066
16	0.1	68	88	0.0485910015285066
16	0.1	68	76	0.019680109811997446
16	0.1	68	5	0.0070834661605144195
16	0.1	68	63	0.012171022206654374
16	0.1	68	60	0.012171022206654374
16	0.1	68	71	0.012171022206654374
16	0.1	68	74	0.012171022206654374
16	0.1	69	2	0.11547734444595914
16	0.1	69	15	0.11547734444595914
16	0.1	69	55	0.08240582834111455
16	0.1	69	0	0.0755795480052084
16	0.1	69	69	0.053506014651892385
16	0.1	69	46	0.047835412552875524
16	0.1	69	38	0.04270871843028838
16	0.1	69	53	0.04023433660748368
16	0.1	69	88	0.02625198686949381
16	0.1	69	12	0.023197966663620364
16	0.1	69	71	0.023197966663620364
16	0.1	69	98	0.023197966663620364
16	0.1	69	14	0.023197966663620364
16	0.1	69	21	0.023197966663620364
16	0.1	69	74	0.023197966663620364
16	0.1	69	40	0.023197966663620364
16	0.1	69	63	0.011855053383713286
16	0.1	69	76	0.008277605105226793
16	0.1	69	42	0.008277605105226793
16	0.1	69	17	0.008514955720291154
16	0.1	69	24	0.008514955720291154
16	0.1	69	34	0.008514955720291154
16	0.1	69	22	0.008514955720291154
16	0.1	70	2	0.14032478840692716
16	0.1	70	55	0.08865236856597387
16	0.1	70	15	0.08865236856597387
16	0.1	70	0	0.08865236856597387
16	0.1	70	46	0.08865236856597387
16	0.1	70	69	0.08865236856597387
16	0.1	70	38	0.030799710342915263
16	0.1	70	53	0.02453233442623977
16	0.1	70	12	0.01634232777199341
16	0.1	70	62	0.02453233442623977
16	0.1	70	88	0.02453233442623977
16	0.1	70	98	0.02453233442623977
16	0.1	70	74	0.018844983217667415
16	0.1	70	28	0.010744826583835713
16	0.1	70	1	0.009577892639519374
16	0.1	70	14	0.010744826583835713
16	0.1	70	24	0.010744826583835713
16	0.1	70	19	0.010744826583835713
16	0.1	70	21	0.010744826583835713
16	0.1	70	22	0.010744826583835713
16	0.1	70	13	0.010432018397758158
16	0.1	70	5	0.010432018397758158
16	0.1	71	2	0.10288326927125964
16	0.1	71	15	0.09810753802889309
16	0.1	71	55	0.08985402172084428
16	0.1	71	0	0.0824948396971791
16	0.1	71	12	0.0824948396971791
16	0.1	71	69	0.0824948396971791
16	0.1	71	46	0.0824948396971791
16	0.1	71	62	0.03196538848156941
16	0.1	71	38	0.03196538848156941
16	0.1	71	53	0.03196538848156941
16	0.1	71	88	0.03196538848156941
16	0.1	71	17	0.022982091110753125
16	0.1	71	98	0.020405197995425797
16	0.1	71	13	0.022982091110753125
16	0.1	71	21	0.022982091110753125
16	0.1	71	28	0.020405197995425797
16	0.1	71	76	0.012942048336956894
16	0.1	71	24	0.020405197995425797
16	0.1	71	34	0.020405197995425797
16	0.1	71	22	0.020405197995425797
16	0.1	72	2	0.11640154791592162
16	0.1	72	15	0.10052928059577786
16	0.1	72	0	0.07331202976671058
16	0.1	72	21	0.0613090998395147
16	0.1	72	55	0.07331202976671058
16	0.1	72	69	0.07331202976671058
16	0.1	72	46	0.07331202976671058
16	0.1	72	24	0.028687706611269213
16	0.1	72	19	0.028687706611269213
16	0.1	72	62	0.05049869365470989
16	0.1	72	88	0.05049869365470989
16	0.1	72	98	0.05049869365470989
16	0.1	72	74	0.01479497463805671
16	0.1	72	12	0.011738935001740605
16	0.1	72	14	0.011738935001740605
16	0.1	72	17	0.008815509653122822
16	0.1	72	29	0.005744356420445279
16	0.1	72	76	0.010499919306255698
16	0.1	72	63	0.010499919306255698
16	0.1	72	60	0.010499919306255698
16	0.1	72	40	0.010499919306255698
16	0.1	72	80	0.010499919306255698
16	0.1	72	42	0.010499919306255698
16	0.1	73	2	0.1755796673116249
16	0.1	73	15	0.07746042716385265
16	0.1	73	46	0.07746042716385265
16	0.1	73	55	0.07746042716385265
16	0.1	73	69	0.07746042716385265
16	0.1	73	0	0.045055089680169746
16	0.1	73	21	0.045055089680169746
16	0.1	73	12	0.045055089680169746
16	0.1	73	28	0.045055089680169746
16	0.1	73	98	0.045055089680169746
16	0.1	73	62	0.045055089680169746
16	0.1	73	13	0.021874767677726392
16	0.1	73	1	0.015726496762814093
16	0.1	73	9	0.015726496762814093
16	0.1	73	10	0.015726496762814093
16	0.1	73	7	0.015726496762814093
16	0.1	73	8	0.021874767677726392
16	0.1	73	34	0.021874767677726392
16	0.1	73	22	0.021874767677726392
16	0.1	73	24	0.021874767677726392
16	0.1	73	14	0.021874767677726392
16	0.1	73	16	0.013551494937639415
16	0.1	74	2	0.1249638087421263
16	0.1	74	15	0.1249638087421263
16	0.1	74	55	0.07851442129454601
16	0.1	74	0	0.057553466484176544
16	0.1	74	69	0.07851442129454601
16	0.1	74	46	0.07851442129454601
16	0.1	74	21	0.057553466484176544
16	0.1	74	12	0.057553466484176544
16	0.1	74	22	0.010669195094326626
16	0.1	74	38	0.04120367333073436
16	0.1	74	53	0.04120367333073436
16	0.1	74	62	0.04120367333073436
16	0.1	74	98	0.04120367333073436
16	0.1	74	88	0.04120367333073436
16	0.1	74	74	0.04120367333073436
16	0.1	74	71	0.019096452535137736
16	0.1	74	76	0.019096452535137736
16	0.1	74	40	0.016693064434352936
16	0.1	74	63	0.016693064434352936
16	0.1	74	86	0.009426681258212723
16	0.1	75	2	0.1373602488676251
16	0.1	75	15	0.1373602488676251
16	0.1	75	0	0.0494668496101693
16	0.1	75	55	0.08292020694346941
16	0.1	75	69	0.08292020694346941
16	0.1	75	46	0.08292020694346941
16	0.1	75	53	0.0494668496101693
16	0.1	75	88	0.0494668496101693
16	0.1	75	98	0.0494668496101693
16	0.1	75	74	0.03495862485782076
16	0.1	75	76	0.02532916091662277
16	0.1	75	71	0.02532916091662277
16	0.1	75	19	0.02532916091662277
16	0.1	75	14	0.02532916091662277
16	0.1	75	13	0.02532916091662277
16	0.1	75	54	0.02532916091662277
16	0.1	75	56	0.02532916091662277
16	0.1	75	51	0.02532916091662277
16	0.1	75	22	0.014690856049395379
16	0.1	75	21	0.014690856049395379
16	0.1	75	99	0.0036202824467225516
16	0.1	76	2	0.17691874960912538
16	0.1	76	55	0.0985881411185008
16	0.1	76	15	0.0985881411185008
16	0.1	76	0	0.0985881411185008
16	0.1	76	69	0.0985881411185008
16	0.1	76	46	0.0985881411185008
16	0.1	76	60	0.028655354882231608
16	0.1	76	98	0.028655354882231608
16	0.1	76	53	0.022431252457142888
16	0.1	76	6	0.023024749831271014
16	0.1	76	1	0.023024749831271014
16	0.1	76	19	0.022431252457142888
16	0.1	76	36	0.022431252457142888
16	0.1	76	12	0.01427754554006031
16	0.1	76	52	0.01427754554006031
16	0.1	76	5	0.013981726049899413
16	0.1	76	17	0.013981726049899413
16	0.1	76	38	0.01427754554006031
16	0.1	76	80	0.01427754554006031
16	0.1	76	40	0.01427754554006031
16	0.1	76	74	0.01427754554006031
16	0.1	76	54	0.01427754554006031
16	0.1	77	2	0.12041195630522983
16	0.1	77	15	0.11137147724103963
16	0.1	77	55	0.08964806052704827
16	0.1	77	0	0.08964806052704827
16	0.1	77	69	0.08964806052704827
16	0.1	77	46	0.08964806052704827
16	0.1	77	38	0.049126682141219624
16	0.1	77	21	0.0564507643434291
16	0.1	77	12	0.0564507643434291
16	0.1	77	88	0.049126682141219624
16	0.1	77	62	0.049126682141219624
16	0.1	77	53	0.049126682141219624
16	0.1	77	98	0.049126682141219624
16	0.1	77	74	0.014154855499143842
16	0.1	77	19	0.010650936485712496
16	0.1	77	24	0.010650936485712496
16	0.1	77	22	0.010650936485712496
16	0.1	77	34	0.010650936485712496
16	0.1	77	14	0.010650936485712496
16	0.1	77	17	0.010650936485712496
16	0.1	77	76	0.014154855499143842
16	0.1	77	36	0.014154855499143842
16	0.1	77	29	0.014154855499143842
16	0.1	77	28	0.014154855499143842
16	0.1	77	1	0.014154855499143842
16	0.1	77	86	0.014154855499143842
16	0.1	78	2	0.14406480770755653
16	0.1	78	15	0.09877124850617819
16	0.1	78	0	0.07173513799763198
16	0.1	78	55	0.07173513799763198
16	0.1	78	46	0.07173513799763198
16	0.1	78	69	0.07173513799763198
16	0.1	78	21	0.05165244991565643
16	0.1	78	12	0.05165244991565643
16	0.1	78	38	0.02829791914728282
16	0.1	78	53	0.02829791914728282
16	0.1	78	88	0.016997602298358835
16	0.1	78	14	0.016997602298358835
16	0.1	78	24	0.016997602298358835
16	0.1	78	22	0.016810043795626745
16	0.1	78	98	0.016810043795626745
16	0.1	78	19	0.016810043795626745
16	0.1	78	17	0.016810043795626745
16	0.1	78	10	0.016810043795626745
16	0.1	78	6	0.016810043795626745
16	0.1	78	74	0.016810043795626745
16	0.1	79	2	0.14393444900255578
16	0.1	79	15	0.14393444900255578
16	0.1	79	55	0.10638692514107571
16	0.1	79	46	0.10638692514107571
16	0.1	79	69	0.10638692514107571
16	0.1	79	21	0.034568987769371326
16	0.1	79	62	0.03957990809134918
16	0.1	79	38	0.03957990809134918
16	0.1	79	24	0.034568987769371326
16	0.1	79	12	0.034568987769371326
16	0.1	79	10	0.023327842615382642
16	0.1	79	53	0.03320455781776231
16	0.1	79	88	0.03320455781776231
16	0.1	79	76	0.018268869400280583
16	0.1	79	98	0.018268869400280583
16	0.1	79	60	0.007561044506211511
16	0.1	79	42	0.007561044506211511
16	0.1	79	1	0.007561044506211511
16	0.1	79	28	0.0038582624130224685
16	0.1	79	34	0.0042239044536503
16	0.1	79	19	0.0042239044536503
16	0.1	79	14	0.0042239044536503
16	0.1	79	22	0.0042239044536503
16	0.1	80	2	0.11497644077691054
16	0.1	80	15	0.08640060063473655
16	0.1	80	55	0.0808421293686363
16	0.1	80	0	0.0808421293686363
16	0.1	80	69	0.0808421293686363
16	0.1	80	46	0.0808421293686363
16	0.1	80	12	0.06515924372197174
16	0.1	80	21	0.06515924372197174
16	0.1	80	14	0.020090262834606774
16	0.1	80	19	0.018831569781688533
16	0.1	80	38	0.059073733601553984
16	0.1	80	62	0.059073733601553984
16	0.1	80	88	0.059073733601553984
16	0.1	80	53	0.059073733601553984
16	0.1	80	98	0.059073733601553984
16	0.1	80	74	0.020090262834606774
16	0.1	80	22	0.01393732016278385
16	0.1	80	17	0.016566793159867886
16	0.1	80	86	0.016566793159867886
16	0.1	80	40	0.006560170733285032
16	0.1	80	24	0.01393732016278385
16	0.1	81	55	0.13025985940166593
16	0.1	81	2	0.13025985940166593
16	0.1	81	15	0.13025985940166593
16	0.1	81	46	0.0746235490729906
16	0.1	81	69	0.0746235490729906
16	0.1	81	38	0.04053567929283388
16	0.1	81	98	0.04053567929283388
16	0.1	81	53	0.04053567929283388
16	0.1	81	76	0.023031475659278634
16	0.1	81	21	0.023031475659278634
16	0.1	81	6	0.023031475659278634
16	0.1	81	36	0.02083268055685038
16	0.1	81	17	0.02083268055685038
16	0.1	81	51	0.023031475659278634
16	0.1	81	62	0.023031475659278634
16	0.1	81	63	0.023031475659278634
16	0.1	81	71	0.023031475659278634
16	0.1	81	88	0.023031475659278634
16	0.1	81	74	0.01540829970513692
16	0.1	81	9	0.011014428094341118
16	0.1	82	2	0.1106381086936772
16	0.1	82	15	0.08244774541632674
16	0.1	82	55	0.07709900652852034
16	0.1	82	0	0.07709900652852034
16	0.1	82	69	0.07709900652852034
16	0.1	82	46	0.07709900652852034
16	0.1	82	12	0.061814056176803654
16	0.1	82	21	0.061814056176803654
16	0.1	82	38	0.029949490197569623
16	0.1	82	53	0.029949490197569623
16	0.1	82	88	0.029949490197569623
16	0.1	82	62	0.029949490197569623
16	0.1	82	19	0.01600272982165832
16	0.1	82	98	0.029949490197569623
16	0.1	82	14	0.029949490197569623
16	0.1	82	24	0.029949490197569623
16	0.1	82	22	0.00812215166173665
16	0.1	82	5	0.015704871685291333
16	0.1	82	17	0.015704871685291333
16	0.1	82	10	0.00602949255281493
16	0.1	83	2	0.11153900075151756
16	0.1	83	15	0.08576725381767987
16	0.1	83	55	0.07625320233622002
16	0.1	83	0	0.07625320233622002
16	0.1	83	69	0.07625320233622002
16	0.1	83	46	0.07625320233622002
16	0.1	83	38	0.03452199123301799
16	0.1	83	21	0.05613831529064952
16	0.1	83	12	0.05613831529064952
16	0.1	83	62	0.025717057822378712
16	0.1	83	19	0.019787611556128893
16	0.1	83	14	0.023738932217161574
16	0.1	83	17	0.019787611556128893
16	0.1	83	88	0.025717057822378712
16	0.1	83	98	0.025717057822378712
16	0.1	83	53	0.025717057822378712
16	0.1	83	74	0.023738932217161574
16	0.1	83	5	0.019787611556128893
16	0.1	83	24	0.017372264429411362
16	0.1	83	22	0.017372264429411362
16	0.1	84	2	0.10711715613095084
16	0.1	84	55	0.10711715613095084
16	0.1	84	0	0.05940515054658364
16	0.1	84	46	0.05940515054658364
16	0.1	84	15	0.05940515054658364
16	0.1	84	53	0.05940515054658364
16	0.1	84	38	0.05940515054658364
16	0.1	84	69	0.05940515054658364
16	0.1	84	12	0.05940515054658364
16	0.1	84	21	0.0573653339904682
16	0.1	84	98	0.021185870873220592
16	0.1	84	76	0.021185870873220592
16	0.1	84	14	0.010847795641594798
16	0.1	84	62	0.021185870873220592
16	0.1	84	22	0.008525768457112604
16	0.1	84	40	0.021185870873220592
16	0.1	84	71	0.021185870873220592
16	0.1	84	24	0.008525768457112604
16	0.1	84	86	0.003983819774403322
16	0.1	84	60	0.003946506224595873
16	0.1	85	2	0.12801638875042595
16	0.1	85	15	0.10686198116341951
16	0.1	85	55	0.08896622150479329
16	0.1	85	69	0.08896622150479329
16	0.1	85	46	0.08896622150479329
16	0.1	85	0	0.05204068276611197
16	0.1	85	12	0.05204068276611197
16	0.1	85	38	0.030621280196111027
16	0.1	85	53	0.030621280196111027
16	0.1	85	88	0.030621280196111027
16	0.1	85	98	0.030621280196111027
16	0.1	85	62	0.030621280196111027
16	0.1	85	71	0.02261706703304014
16	0.1	85	74	0.02261706703304014
16	0.1	85	21	0.009465627771617788
16	0.1	85	24	0.009465627771617788
16	0.1	85	76	0.013947289867141636
16	0.1	85	60	0.013947289867141636
16	0.1	85	63	0.013947289867141636
16	0.1	85	86	0.013947289867141636
16	0.1	85	40	0.0054982750976406355
16	0.1	85	22	0.009465627771617788
16	0.1	85	19	0.009465627771617788
16	0.1	85	14	0.009465627771617788
16	0.1	85	13	0.009465627771617788
16	0.1	86	2	0.1256632371107554
16	0.1	86	15	0.09874264775260289
16	0.1	86	55	0.0722798815247716
16	0.1	86	0	0.06622380547196469
16	0.1	86	69	0.0722798815247716
16	0.1	86	46	0.0722798815247716
16	0.1	86	12	0.02989244696155399
16	0.1	86	88	0.020564047171434424
16	0.1	86	53	0.020564047171434424
16	0.1	86	38	0.020564047171434424
16	0.1	86	62	0.020564047171434424
16	0.1	86	21	0.020564047171434424
16	0.1	86	98	0.020464026672817798
16	0.1	86	17	0.020464026672817798
16	0.1	86	19	0.01755169894009194
16	0.1	86	10	0.018895876445378094
16	0.1	86	14	0.018895876445378094
16	0.1	86	24	0.018895876445378094
16	0.1	86	74	0.018895876445378094
16	0.1	86	5	0.01755169894009194
16	0.1	87	2	0.1198687224747734
16	0.1	87	15	0.1198687224747734
16	0.1	87	55	0.1198687224747734
16	0.1	87	46	0.1198687224747734
16	0.1	87	0	0.08528125902834427
16	0.1	87	69	0.049571414680986345
16	0.1	87	12	0.049571414680986345
16	0.1	87	24	0.03191472465588628
16	0.1	87	21	0.03191472465588628
16	0.1	87	14	0.03191472465588628
16	0.1	87	62	0.049571414680986345
16	0.1	87	53	0.049571414680986345
16	0.1	87	88	0.049571414680986345
16	0.1	87	38	0.049571414680986345
16	0.1	87	7	0.02282935641968173
16	0.1	87	98	0.02282935641968173
16	0.1	87	10	0.02282935641968173
16	0.1	87	1	0.01528806035291266
16	0.1	87	36	0.010445716582557153
16	0.1	87	22	0.003948700435855507
16	0.1	88	2	0.1222349462566899
16	0.1	88	15	0.10149520573348497
16	0.1	88	55	0.08301450307174925
16	0.1	88	0	0.07740340689808879
16	0.1	88	69	0.07740340689808879
16	0.1	88	46	0.07740340689808879
16	0.1	88	53	0.04515975325327726
16	0.1	88	38	0.04196208374369887
16	0.1	88	88	0.04196208374369887
16	0.1	88	98	0.01817217564107415
16	0.1	88	62	0.0179758501369791
16	0.1	88	14	0.01817217564107415
16	0.1	88	21	0.01817217564107415
16	0.1	88	12	0.01817217564107415
16	0.1	88	80	0.008647458072074794
16	0.1	88	63	0.008647458072074794
16	0.1	88	17	0.014912626259827132
16	0.1	88	24	0.014912626259827132
16	0.1	88	19	0.014912626259827132
16	0.1	88	22	0.010248732489631601
16	0.1	89	2	0.11050680724769295
16	0.1	89	15	0.09408824378762319
16	0.1	89	55	0.07178864495960795
16	0.1	89	0	0.07159369371703267
16	0.1	89	69	0.07159369371703267
16	0.1	89	46	0.07159369371703267
16	0.1	89	21	0.06434368772768664
16	0.1	89	12	0.06434368772768664
16	0.1	89	38	0.06434368772768664
16	0.1	89	53	0.06434368772768664
16	0.1	89	24	0.012376659268988026
16	0.1	89	62	0.06434368772768664
16	0.1	89	88	0.06434368772768664
16	0.1	89	98	0.06434368772768664
16	0.1	89	74	0.03305646935793457
16	0.1	89	19	0.012376659268988026
16	0.1	89	14	0.012376659268988026
16	0.1	89	22	0.012376659268988026
16	0.1	89	17	0.012376659268988026
16	0.1	89	13	0.012376659268988026
16	0.1	90	2	0.11347316204010946
16	0.1	90	15	0.08447475755423367
16	0.1	90	55	0.08447475755423367
16	0.1	90	0	0.05581290212803824
16	0.1	90	69	0.08447475755423367
16	0.1	90	46	0.08447475755423367
16	0.1	90	21	0.05581290212803824
16	0.1	90	12	0.05581290212803824
16	0.1	90	38	0.03803309156046935
16	0.1	90	53	0.03803309156046935
16	0.1	90	24	0.03531855140811716
16	0.1	90	22	0.03531855140811716
16	0.1	90	14	0.03531855140811716
16	0.1	90	88	0.03803309156046935
16	0.1	90	98	0.03803309156046935
16	0.1	90	62	0.03803309156046935
16	0.1	90	74	0.037611668659810193
16	0.1	90	13	0.001548725266759096
16	0.1	90	76	0.008591536312558101
16	0.1	90	71	0.008591536312558101
16	0.1	90	1	0.004456823078061965
16	0.1	91	2	0.11657164849264284
16	0.1	91	15	0.09096946727236224
16	0.1	91	55	0.07156751355498384
16	0.1	91	0	0.07156751355498384
16	0.1	91	69	0.07156751355498384
16	0.1	91	46	0.07156751355498384
16	0.1	91	21	0.06104372373582509
16	0.1	91	12	0.06104372373582509
16	0.1	91	24	0.015095016428944629
16	0.1	91	88	0.054130623604932725
16	0.1	91	38	0.054130623604932725
16	0.1	91	53	0.054130623604932725
16	0.1	91	98	0.054130623604932725
16	0.1	91	62	0.054130623604932725
16	0.1	91	74	0.021733385416454382
16	0.1	91	19	0.021733385416454382
16	0.1	91	22	0.015095016428944629
16	0.1	91	14	0.013823141523390719
16	0.1	91	17	0.0021067053777419184
16	0.1	91	76	0.004058359069165085
16	0.1	91	13	0.004058359069165085
16	0.1	92	2	0.17170364677975755
16	0.1	92	55	0.17170364677975755
16	0.1	92	15	0.17170364677975755
16	0.1	92	0	0.06132776908253674
16	0.1	92	19	0.06132776908253674
16	0.1	92	38	0.054142760641786115
16	0.1	92	62	0.054142760641786115
16	0.1	92	69	0.054142760641786115
16	0.1	92	53	0.054142760641786115
16	0.1	92	6	0.04790898211883119
16	0.1	92	5	0.04790898211883119
16	0.1	92	74	0.04790898211883119
16	0.1	92	12	0.04790898211883119
16	0.1	92	46	0.039739417102045066
16	0.1	92	98	0.00848197511827836
16	0.1	92	28	0.039739417102045066
16	0.1	92	36	0.039739417102045066
16	0.1	92	1	0.039739417102045066
16	0.1	92	29	0.039739417102045066
16	0.1	92	27	0.0030672739345134373
16	0.1	92	86	0.00848197511827836
16	0.1	93	2	0.11715121035924957
16	0.1	93	15	0.1105963907433714
16	0.1	93	55	0.06883523886527579
16	0.1	93	0	0.06861683553612845
16	0.1	93	69	0.06861683553612845
16	0.1	93	46	0.06861683553612845
16	0.1	93	38	0.051649893028327676
16	0.1	93	12	0.06331874832401208
16	0.1	93	21	0.06331874832401208
16	0.1	93	88	0.051649893028327676
16	0.1	93	53	0.051649893028327676
16	0.1	93	62	0.051649893028327676
16	0.1	93	98	0.051649893028327676
16	0.1	93	74	0.04881219137528646
16	0.1	93	71	0.014391254849986025
16	0.1	93	40	0.00795063399213556
16	0.1	93	63	0.00795063399213556
16	0.1	93	19	0.011225594096845341
16	0.1	93	24	0.011225594096845341
16	0.1	93	14	0.011225594096845341
16	0.1	93	22	0.011225594096845341
16	0.1	93	86	0.006076775403713998
16	0.1	93	76	0.006076775403713998
16	0.1	94	2	0.11966906823918914
16	0.1	94	15	0.11881553855136391
16	0.1	94	55	0.09233031045656917
16	0.1	94	0	0.09233031045656917
16	0.1	94	69	0.09233031045656917
16	0.1	94	46	0.09233031045656917
16	0.1	94	38	0.047701271981647426
16	0.1	94	12	0.04864636949454196
16	0.1	94	21	0.04864636949454196
16	0.1	94	24	0.0125726522716678
16	0.1	94	14	0.008230415681643203
16	0.1	94	53	0.047701271981647426
16	0.1	94	62	0.047701271981647426
16	0.1	94	98	0.047701271981647426
16	0.1	94	88	0.047701271981647426
16	0.1	94	86	0.0241290714324683
16	0.1	94	74	0.0241290714324683
16	0.1	94	71	0.023839259427401123
16	0.1	94	19	0.008230415681643203
16	0.1	94	22	0.008230415681643203
16	0.1	95	2	0.12005576103393811
16	0.1	95	15	0.08387756504500975
16	0.1	95	55	0.07914989824106038
16	0.1	95	0	0.05971392400294475
16	0.1	95	69	0.05971392400294475
16	0.1	95	46	0.05971392400294475
16	0.1	95	38	0.04948542181782118
16	0.1	95	12	0.05478129554100542
16	0.1	95	21	0.05478129554100542
16	0.1	95	88	0.04948542181782118
16	0.1	95	24	0.011877008893579606
16	0.1	95	53	0.04948542181782118
16	0.1	95	62	0.04948542181782118
16	0.1	95	98	0.04948542181782118
16	0.1	95	74	0.04948542181782118
16	0.1	95	76	0.011877008893579606
16	0.1	95	40	0.011877008893579606
16	0.1	95	17	0.011877008893579606
16	0.1	95	19	0.0028665817255528812
16	0.1	95	60	0.011877008893579606
16	0.1	95	63	0.011877008893579606
16	0.1	96	2	0.12145238986758927
16	0.1	96	15	0.10808493506591596
16	0.1	96	0	0.08744508909348114
16	0.1	96	55	0.08744508909348114
16	0.1	96	69	0.08744508909348114
16	0.1	96	46	0.08744508909348114
16	0.1	96	12	0.029713537981075448
16	0.1	96	21	0.029713537981075448
16	0.1	96	88	0.029713537981075448
16	0.1	96	53	0.029713537981075448
16	0.1	96	38	0.029713537981075448
16	0.1	96	62	0.029713537981075448
16	0.1	96	98	0.029713537981075448
16	0.1	96	74	0.029713537981075448
16	0.1	96	86	0.026279042647790272
16	0.1	96	19	0.009355636078546949
16	0.1	96	14	0.009326387087977958
16	0.1	96	22	0.005063425333173629
16	0.1	96	34	0.005063425333173629
16	0.1	96	17	0.005063425333173629
16	0.1	97	2	0.10935637583999262
16	0.1	97	15	0.10935637583999262
16	0.1	97	55	0.09370465543095045
16	0.1	97	0	0.06149077501894373
16	0.1	97	46	0.06149077501894373
16	0.1	97	69	0.06149077501894373
16	0.1	97	38	0.05557761958051293
16	0.1	97	21	0.05557761958051293
16	0.1	97	12	0.05557761958051293
16	0.1	97	53	0.05557761958051293
16	0.1	97	98	0.05557761958051293
16	0.1	97	62	0.05557761958051293
16	0.1	97	74	0.010476613895668742
16	0.1	97	88	0.010476613895668742
16	0.1	97	19	0.010476613895668742
16	0.1	97	24	0.010476613895668742
16	0.1	97	14	0.010476613895668742
16	0.1	97	76	0.00865900213009271
16	0.1	97	71	0.00865900213009271
16	0.1	97	86	0.00865900213009271
16	0.1	97	40	0.00865900213009271
16	0.1	98	2	0.10246989455386527
16	0.1	98	15	0.10246989455386527
16	0.1	98	55	0.08532215255081223
16	0.1	98	0	0.08532215255081223
16	0.1	98	69	0.08532215255081223
16	0.1	98	46	0.08532215255081223
16	0.1	98	98	0.03814881443288322
16	0.1	98	21	0.044696623467828725
16	0.1	98	12	0.044696623467828725
16	0.1	98	62	0.03814881443288322
16	0.1	98	53	0.03814881443288322
16	0.1	98	38	0.01871212254841807
16	0.1	98	71	0.01871212254841807
16	0.1	98	22	0.01871212254841807
16	0.1	98	14	0.01871212254841807
16	0.1	98	19	0.01871212254841807
16	0.1	98	17	0.01871212254841807
16	0.1	98	24	0.01871212254841807
16	0.1	98	74	0.01871212254841807
16	0.1	98	88	0.01871212254841807
16	0.1	98	86	0.0077677626917014245
16	0.1	99	2	0.11529089090700184
16	0.1	99	15	0.10020005754851324
16	0.1	99	0	0.10020005754851324
16	0.1	99	55	0.10020005754851324
16	0.1	99	69	0.10020005754851324
16	0.1	99	46	0.10020005754851324
16	0.1	99	38	0.03944364053652607
16	0.1	99	21	0.03487667838043726
16	0.1	99	12	0.03487667838043726
16	0.1	99	53	0.03944364053652607
16	0.1	99	98	0.03944364053652607
16	0.1	99	62	0.03944364053652607
16	0.1	99	88	0.03944364053652607
16	0.1	99	74	0.03944364053652607
16	0.1	99	76	0.009958768028921105
16	0.1	99	24	0.017981102858581652
16	0.1	99	14	0.017981102858581652
16	0.1	99	22	0.017981102858581652
16	0.1	99	19	0.017981102858581652
16	0.1	99	13	0.012776961300575809
16	0.1	100	2	0.18870623461886044
16	0.1	100	55	0.1436594358689703
16	0.1	100	0	0.11370650447340318
16	0.1	100	69	0.11370650447340318
16	0.1	100	46	0.11370650447340318
16	0.1	100	6	0.038824795470240925
16	0.1	100	21	0.033071232326402154
16	0.1	100	22	0.033071232326402154
16	0.1	100	86	0.015485230226936791
16	0.1	100	28	0.015485230226936791
16	0.1	100	24	0.015485230226936791
16	0.1	100	11	0.010720153851808002
16	0.1	100	12	0.010720153851808002
16	0.1	100	34	0.010720153851808002
16	0.1	100	13	0.010720153851808002
16	0.1	100	52	0.009777017798948023
16	0.1	100	80	0.009777017798948023
16	0.1	100	14	0.010720153851808002
16	0.1	100	19	0.010720153851808002
16	0.1	100	5	0.010720153851808002
16	0.1	100	8	0.010720153851808002
16	1	1	2	0.11974455580629172
16	1	1	15	0.1144325588782912
16	1	1	55	0.09947879249143263
16	1	1	0	0.09947879249143263
16	1	1	46	0.09947879249143263
16	1	1	69	0.09947879249143263
16	1	1	12	0.02971547141798929
16	1	1	22	0.02530144774739059
16	1	1	38	0.028916486970564557
16	1	1	53	0.028916486970564557
16	1	1	62	0.028916486970564557
16	1	1	88	0.028916486970564557
16	1	1	98	0.028916486970564557
16	1	1	17	0.028916486970564557
16	1	1	86	0.011980402327459384
16	1	1	74	0.011980402327459384
16	1	1	21	0.02530144774739059
16	1	1	24	0.02530144774739059
16	1	1	34	0.02530144774739059
16	1	1	14	0.0047797067433219135
16	1	2	2	0.1252557730581706
16	1	2	55	0.11311263583790815
16	1	2	15	0.08788681174220678
16	1	2	0	0.0509776478185738
16	1	2	21	0.03901451212068551
16	1	2	69	0.0441871306472588
16	1	2	46	0.0441871306472588
16	1	2	12	0.03785527558772266
16	1	2	62	0.031001514067210776
16	1	2	98	0.023670279138678467
16	1	2	38	0.023670279138678467
16	1	2	53	0.023670279138678467
16	1	2	74	0.023670279138678467
16	1	2	1	0.022119548832001623
16	1	2	88	0.018448665286848586
16	1	2	28	0.018448665286848586
16	1	2	29	0.018448665286848586
16	1	2	86	0.018448665286848586
16	1	2	19	0.018448665286848586
16	1	2	63	0.004521340627935594
16	1	3	15	0.15112490644924867
16	1	3	2	0.15112490644924867
16	1	3	55	0.10935835804749762
16	1	3	0	0.07004608408578322
16	1	3	86	0.07004608408578322
16	1	3	46	0.03533343184622005
16	1	3	88	0.03533343184622005
16	1	3	74	0.03533343184622005
16	1	3	69	0.03533343184622005
16	1	3	63	0.01964676449621555
16	1	3	98	0.023710262186993233
16	1	3	23	0.023710262186993233
16	1	3	36	0.023710262186993233
16	1	3	29	0.023710262186993233
16	1	3	13	0.017390463580805555
16	1	3	80	0.01504222652049625
16	1	3	12	0.01504222652049625
16	1	3	14	0.004993172483687468
16	1	3	71	0.004993172483687468
16	1	3	76	0.004516820834853011
16	1	4	2	0.11786132266505399
16	1	4	15	0.11786132266505399
16	1	4	55	0.09447984090505843
16	1	4	0	0.09447984090505843
16	1	4	69	0.09447984090505843
16	1	4	46	0.09447984090505843
16	1	4	38	0.02906588371941544
16	1	4	12	0.02906588371941544
16	1	4	21	0.02906588371941544
16	1	4	62	0.01992648028508826
16	1	4	88	0.01992648028508826
16	1	4	53	0.016516119902868255
16	1	4	98	0.01503687382643572
16	1	4	86	0.01503687382643572
16	1	4	28	0.01503687382643572
16	1	4	29	0.01503687382643572
16	1	4	34	0.01503687382643572
16	1	4	14	0.01503687382643572
16	1	4	19	0.01503687382643572
16	1	4	24	0.01503687382643572
16	1	5	2	0.11571807763614779
16	1	5	15	0.09212155083952957
16	1	5	55	0.07183172287249347
16	1	5	0	0.07183172287249347
16	1	5	69	0.07183172287249347
16	1	5	46	0.07183172287249347
16	1	5	38	0.045055654498659
16	1	5	21	0.045055654498659
16	1	5	12	0.045055654498659
16	1	5	14	0.02297044939976758
16	1	5	24	0.02297044939976758
16	1	5	53	0.045055654498659
16	1	5	62	0.045055654498659
16	1	5	98	0.045055654498659
16	1	5	22	0.02297044939976758
16	1	5	88	0.010566194718056612
16	1	5	5	0.02297044939976758
16	1	5	19	0.02297044939976758
16	1	5	74	0.00911058998529196
16	1	5	13	0.005746777357398765
16	1	6	2	0.15336748536395406
16	1	6	15	0.15336748536395406
16	1	6	55	0.13698651111912669
16	1	6	0	0.057603600957662836
16	1	6	38	0.054197839260747754
16	1	6	12	0.022387627705062703
16	1	6	17	0.017943743957584118
16	1	6	53	0.054197839260747754
16	1	6	69	0.054197839260747754
16	1	6	46	0.054197839260747754
16	1	6	63	0.022387627705062703
16	1	6	71	0.022387627705062703
16	1	6	76	0.022387627705062703
16	1	6	86	0.022387627705062703
16	1	6	10	0.017943743957584118
16	1	6	7	0.008666531720452222
16	1	6	24	0.003176545351219075
16	1	6	60	0.008666531720452222
16	1	6	40	0.008666531720452222
16	1	6	98	0.008666531720452222
16	1	6	62	0.004366372329937225
16	1	7	2	0.11538289863832324
16	1	7	15	0.09780898051925997
16	1	7	55	0.07440991504578416
16	1	7	0	0.06754605870115446
16	1	7	69	0.07440991504578416
16	1	7	46	0.07440991504578416
16	1	7	12	0.029707608926466435
16	1	7	21	0.029707608926466435
16	1	7	14	0.029707608926466435
16	1	7	22	0.015005340868089011
16	1	7	19	0.012532976407564275
16	1	7	88	0.029565732073844313
16	1	7	98	0.029565732073844313
16	1	7	74	0.029565732073844313
16	1	7	62	0.029565732073844313
16	1	7	38	0.029565732073844313
16	1	7	53	0.029565732073844313
16	1	7	71	0.02756648811175916
16	1	7	24	0.006803554530418278
16	1	7	63	0.006210194141934956
16	1	8	2	0.1417862498070116
16	1	8	15	0.10120916502313552
16	1	8	0	0.06636859629509241
16	1	8	21	0.043380753771028784
16	1	8	69	0.0630178593010307
16	1	8	46	0.0630178593010307
16	1	8	55	0.0630178593010307
16	1	8	53	0.055542939374641706
16	1	8	12	0.03089545890015193
16	1	8	86	0.011384585530420046
16	1	8	19	0.011384585530420046
16	1	8	88	0.018088134990898022
16	1	8	74	0.018088134990898022
16	1	8	98	0.018088134990898022
16	1	8	62	0.018088134990898022
16	1	8	38	0.011384585530420046
16	1	8	1	0.011384585530420046
16	1	8	28	0.011384585530420046
16	1	8	76	0.006294661507811217
16	1	8	22	0.0038736358838441618
16	1	9	2	0.2752974893287463
16	1	9	55	0.1055473150306614
16	1	9	69	0.1055473150306614
16	1	9	46	0.1055473150306614
16	1	9	38	0.04440892184334878
16	1	9	21	0.04440892184334878
16	1	9	12	0.04440892184334878
16	1	9	0	0.04440892184334878
16	1	9	62	0.04440892184334878
16	1	9	53	0.04440892184334878
16	1	9	98	0.04440892184334878
16	1	9	88	0.04440892184334878
16	1	9	86	0.04440892184334878
16	1	9	74	0.04440892184334878
16	1	9	63	0.01725470925096656
16	1	9	15	0.006899489747915274
16	1	9	40	0.01725470925096656
16	1	9	71	0.01725470925096656
16	1	9	60	0.00969625106705706
16	1	9	51	0.007055487772672489
16	1	10	2	0.09700080383157005
16	1	10	55	0.09684265128375616
16	1	10	15	0.0926894973992987
16	1	10	0	0.0926894973992987
16	1	10	88	0.07412897614490253
16	1	10	46	0.07412897614490253
16	1	10	69	0.07412897614490253
16	1	10	53	0.07412897614490253
16	1	10	21	0.03757039681910707
16	1	10	76	0.07412897614490253
16	1	10	38	0.07412897614490253
16	1	10	98	0.03757039681910707
16	1	10	22	0.03757039681910707
16	1	10	99	0.03757039681910707
16	1	10	13	0.03757039681910707
16	1	10	34	0.03757039681910707
16	1	10	29	0.03757039681910707
16	1	10	62	0.022861128175886616
16	1	10	54	0.022861128175886616
16	1	10	17	0.01037195217015081
16	1	11	62	0.12033199112487472
16	1	11	0	0.12033199112487472
16	1	11	74	0.12033199112487472
16	1	11	55	0.12033199112487472
16	1	11	69	0.12033199112487472
16	1	11	46	0.12033199112487472
16	1	11	1	0.0880106706075834
16	1	11	36	0.03191603459086248
16	1	11	71	0.04976352695231252
16	1	11	76	0.04976352695231252
16	1	11	38	0.04976352695231252
16	1	11	53	0.04976352695231252
16	1	11	86	0.03191603459086248
16	1	11	52	0.018522502291834768
16	1	11	70	0.018522502291834768
16	1	11	21	0.018522502291834768
16	1	11	17	0.016565796353036653
16	1	11	9	0.018522502291834768
16	1	11	23	0.016565796353036653
16	1	11	88	0.018522502291834768
16	1	11	60	0.008357896010363708
16	1	12	55	0.0812257653524726
16	1	12	0	0.045903267349870915
16	1	12	69	0.0812257653524726
16	1	12	46	0.0812257653524726
16	1	12	12	0.043120454303197116
16	1	12	53	0.043120454303197116
16	1	12	21	0.043120454303197116
16	1	12	24	0.043120454303197116
16	1	12	38	0.043120454303197116
16	1	12	62	0.043120454303197116
16	1	12	88	0.043120454303197116
16	1	12	76	0.043120454303197116
16	1	12	74	0.029606320935306855
16	1	12	71	0.029606320935306855
16	1	12	86	0.029606320935306855
16	1	12	40	0.029606320935306855
16	1	12	98	0.029606320935306855
16	1	12	60	0.029606320935306855
16	1	12	28	0.01621257425173767
16	1	12	51	0.01621257425173767
16	1	13	2	0.15876848462732956
16	1	13	55	0.09117852692754119
16	1	13	0	0.09117852692754119
16	1	13	15	0.09117852692754119
16	1	13	46	0.09117852692754119
16	1	13	69	0.09117852692754119
16	1	13	12	0.05668161309094688
16	1	13	62	0.05668161309094688
16	1	13	38	0.05668161309094688
16	1	13	21	0.02241978207329571
16	1	13	74	0.02241978207329571
16	1	13	14	0.02241978207329571
16	1	13	24	0.02241978207329571
16	1	13	19	0.01618973587753764
16	1	13	98	0.02241978207329571
16	1	13	22	0.02241978207329571
16	1	13	86	0.01618973587753764
16	1	13	28	0.01618973587753764
16	1	13	6	0.008948907593620516
16	1	13	5	0.008948907593620516
16	1	14	55	0.11962874166033505
16	1	14	15	0.09280440620494576
16	1	14	2	0.09280440620494576
16	1	14	0	0.07682670771918469
16	1	14	21	0.042334947678497985
16	1	14	46	0.07420019762578255
16	1	14	69	0.07420019762578255
16	1	14	88	0.03943078256362897
16	1	14	12	0.026587409905444274
16	1	14	63	0.026587409905444274
16	1	14	62	0.026587409905444274
16	1	14	98	0.026587409905444274
16	1	14	74	0.022561924271046342
16	1	14	38	0.022561924271046342
16	1	14	1	0.022561924271046342
16	1	14	28	0.022561924271046342
16	1	14	9	0.022561924271046342
16	1	14	19	0.014244305009375605
16	1	14	22	0.006615029066041191
16	1	14	40	0.022561924271046342
16	1	14	53	0.022561924271046342
16	1	15	15	0.18557717736382753
16	1	15	2	0.18557717736382753
16	1	15	55	0.13241639808550526
16	1	15	46	0.13241639808550526
16	1	15	69	0.13241639808550526
16	1	15	12	0.026487030165970142
16	1	15	0	0.026487030165970142
16	1	15	28	0.026487030165970142
16	1	15	62	0.026487030165970142
16	1	15	21	0.026241954320397807
16	1	15	22	0.026241954320397807
16	1	15	74	0.026487030165970142
16	1	15	53	0.026487030165970142
16	1	15	38	0.026487030165970142
16	1	15	23	0.026241954320397807
16	1	15	88	0.01755485283750499
16	1	15	71	0.01755485283750499
16	1	15	76	0.01755485283750499
16	1	15	14	0.026241954320397807
16	1	15	24	0.026241954320397807
16	1	15	17	0.026241954320397807
16	1	15	13	0.026241954320397807
16	1	15	34	0.026241954320397807
16	1	16	15	0.08183022328362509
16	1	16	12	0.08183022328362509
16	1	16	46	0.08183022328362509
16	1	16	69	0.08183022328362509
16	1	16	55	0.08183022328362509
16	1	16	98	0.07458467894681
16	1	16	0	0.03557922070238951
16	1	16	10	0.03557922070238951
16	1	16	88	0.03557922070238951
16	1	16	2	0.015240355300667575
16	1	16	86	0.020483919346636605
16	1	16	100	0.020483919346636605
16	1	16	19	0.015240355300667575
16	1	16	6	0.015240355300667575
16	1	16	63	0.020483919346636605
16	1	16	40	0.020483919346636605
16	1	16	94	0.020483919346636605
16	1	16	53	0.020483919346636605
16	1	16	71	0.020483919346636605
16	1	16	99	0.020483919346636605
16	1	16	42	0.010780042869835894
16	1	16	21	0.015240355300667575
16	1	16	9	0.015240355300667575
16	1	16	7	0.015240355300667575
16	1	16	28	0.015240355300667575
16	1	16	5	0.015240355300667575
16	1	16	20	0.014313815627354872
16	1	17	2	0.16037944090969283
16	1	17	55	0.1481265540729766
16	1	17	69	0.0562592790825334
16	1	17	46	0.0562592790825334
16	1	17	53	0.032957030768823364
16	1	17	6	0.032957030768823364
16	1	17	0	0.032957030768823364
16	1	17	38	0.032957030768823364
16	1	17	12	0.032957030768823364
16	1	17	21	0.032957030768823364
16	1	17	63	0.032957030768823364
16	1	17	28	0.032957030768823364
16	1	17	19	0.032957030768823364
16	1	17	23	0.032957030768823364
16	1	17	76	0.032957030768823364
16	1	17	15	0.032957030768823364
16	1	17	17	0.032957030768823364
16	1	17	52	0.032957030768823364
16	1	17	71	0.032957030768823364
16	1	17	62	0.032957030768823364
16	1	18	2	0.10158753207883411
16	1	18	15	0.0916262280627022
16	1	18	55	0.0825408779822635
16	1	18	0	0.0825408779822635
16	1	18	46	0.0825408779822635
16	1	18	69	0.0825408779822635
16	1	18	12	0.0825408779822635
16	1	18	21	0.0825408779822635
16	1	18	98	0.0825408779822635
16	1	18	62	0.0825408779822635
16	1	18	74	0.020147918026771214
16	1	18	28	0.007856066733632797
16	1	18	40	0.020147918026771214
16	1	18	38	0.020147918026771214
16	1	18	86	0.020147918026771214
16	1	18	22	0.020147918026771214
16	1	18	53	0.020147918026771214
16	1	18	60	0.020147918026771214
16	1	18	14	0.012100771629076471
16	1	18	19	0.0017609159238544654
16	1	19	15	0.11069818988442363
16	1	19	62	0.11069818988442363
16	1	19	0	0.11069818988442363
16	1	19	86	0.05519386408770015
16	1	19	51	0.04475754364501041
16	1	19	12	0.037725746848720924
16	1	19	76	0.02584119000417388
16	1	19	24	0.02319936250723804
16	1	19	74	0.02319936250723804
16	1	19	1	0.02319936250723804
16	1	19	17	0.02319936250723804
16	1	19	93	0.02319936250723804
16	1	19	19	0.02319936250723804
16	1	19	6	0.02319936250723804
16	1	19	54	0.01909776981389537
16	1	19	5	0.01909776981389537
16	1	19	9	0.01909776981389537
16	1	19	56	0.0004298403954951889
16	1	19	7	0.017779807625574913
16	1	19	10	0.017779807625574913
16	1	19	27	0.017779807625574913
16	1	20	2	0.14574916177314745
16	1	20	15	0.14574916177314745
16	1	20	55	0.10453935909108943
16	1	20	0	0.05334245888683316
16	1	20	69	0.10453935909108943
16	1	20	46	0.10453935909108943
16	1	20	21	0.05334245888683316
16	1	20	12	0.05334245888683316
16	1	20	14	0.013911957518429151
16	1	20	53	0.05334245888683316
16	1	20	88	0.05334245888683316
16	1	20	38	0.05334245888683316
16	1	20	24	0.013911957518429151
16	1	20	62	0.03399274197415565
16	1	20	98	0.03399274197415565
16	1	20	74	0.03399274197415565
16	1	20	71	0.015626139328134406
16	1	20	19	0.013911957518429151
16	1	20	22	0.013911957518429151
16	1	20	51	0.015626139328134406
16	1	20	60	0.015626139328134406
16	1	20	63	0.015626139328134406
16	1	20	40	0.015626139328134406
16	1	20	76	0.015626139328134406
16	1	21	55	0.07102337635434688
16	1	21	74	0.06061658798848786
16	1	21	38	0.06061658798848786
16	1	21	2	0.06061658798848786
16	1	21	0	0.06061658798848786
16	1	21	80	0.06061658798848786
16	1	21	71	0.06061658798848786
16	1	21	53	0.06061658798848786
16	1	21	46	0.06061658798848786
16	1	21	86	0.06061658798848786
16	1	21	76	0.06061658798848786
16	1	21	69	0.06061658798848786
16	1	21	14	0.02216981714770207
16	1	21	6	0.030424694846577255
16	1	21	19	0.030424694846577255
16	1	21	35	0.02216981714770207
16	1	21	89	0.02216981714770207
16	1	21	12	0.02216981714770207
16	1	21	21	0.02216981714770207
16	1	21	22	0.011950069552148225
16	1	22	2	0.1808452826348796
16	1	22	55	0.0878194564917964
16	1	22	0	0.06404953161824578
16	1	22	21	0.06404953161824578
16	1	22	46	0.06404953161824578
16	1	22	69	0.06404953161824578
16	1	22	15	0.06404953161824578
16	1	22	12	0.06404953161824578
16	1	22	17	0.06404953161824578
16	1	22	86	0.06404953161824578
16	1	22	53	0.06404953161824578
16	1	22	98	0.06404953161824578
16	1	22	6	0.06404953161824578
16	1	22	7	0.041727130629993864
16	1	22	14	0.041727130629993864
16	1	22	74	0.06404953161824578
16	1	22	38	0.06404953161824578
16	1	22	10	0.010148505440962493
16	1	22	40	0.02930764765045044
16	1	22	60	0.02930764765045044
16	1	23	15	0.1632622942538613
16	1	23	28	0.0976223117290168
16	1	23	40	0.0976223117290168
16	1	23	1	0.0976223117290168
16	1	23	55	0.0976223117290168
16	1	23	60	0.0976223117290168
16	1	23	2	0.0976223117290168
16	1	23	14	0.0976223117290168
16	1	23	24	0.0976223117290168
16	1	23	21	0.0976223117290168
16	1	23	76	0.03970559935871418
16	1	23	71	0.03970559935871418
16	1	23	62	0.03970559935871418
16	1	23	74	0.03970559935871418
16	1	23	38	0.03970559935871418
16	1	23	13	0.007009588640661536
16	1	23	46	0.03970559935871418
16	1	23	53	0.03970559935871418
16	1	23	63	0.03970559935871418
16	1	23	51	0.028152345229848396
16	1	23	69	0.028152345229848396
16	1	24	2	0.10521958043195538
16	1	24	15	0.10521958043195538
16	1	24	55	0.08363958876968916
16	1	24	46	0.08363958876968916
16	1	24	69	0.08363958876968916
16	1	24	0	0.08363958876968916
16	1	24	21	0.05504777233262276
16	1	24	12	0.05153734098682846
16	1	24	88	0.03746329218679364
16	1	24	38	0.027499408880264323
16	1	24	98	0.023848684205276548
16	1	24	6	0.01691352416915255
16	1	24	71	0.01691352416915255
16	1	24	86	0.01691352416915255
16	1	24	1	0.013465217464502138
16	1	24	53	0.01691352416915255
16	1	24	22	0.01691352416915255
16	1	24	34	0.01691352416915255
16	1	24	60	0.01691352416915255
16	1	24	36	0.013465217464502138
16	1	24	29	0.013465217464502138
16	1	24	8	0.0133478929722503
16	1	24	14	0.0133478929722503
16	1	25	2	0.13071510880134266
16	1	25	15	0.08632160294544888
16	1	25	21	0.08632160294544888
16	1	25	55	0.08632160294544888
16	1	25	88	0.08632160294544888
16	1	25	0	0.07794205094574667
16	1	25	98	0.028017762631498064
16	1	25	14	0.016824000400802498
16	1	25	46	0.028017762631498064
16	1	25	69	0.028017762631498064
16	1	25	53	0.028017762631498064
16	1	25	38	0.028017762631498064
16	1	25	86	0.028017762631498064
16	1	25	28	0.016998947585089984
16	1	25	1	0.016998947585089984
16	1	25	62	0.016998947585089984
16	1	25	80	0.016998947585089984
16	1	25	17	0.016998947585089984
16	1	25	10	0.016998947585089984
16	1	25	76	0.016998947585089984
16	1	26	2	0.11941077898828277
16	1	26	15	0.11941077898828277
16	1	26	55	0.10079526359428893
16	1	26	0	0.05861366322386401
16	1	26	69	0.10079526359428893
16	1	26	46	0.10079526359428893
16	1	26	12	0.05861366322386401
16	1	26	21	0.05861366322386401
16	1	26	13	0.016701682715762438
16	1	26	53	0.026757272153679363
16	1	26	38	0.026757272153679363
16	1	26	14	0.009138776756466913
16	1	26	88	0.026757272153679363
16	1	26	62	0.026757272153679363
16	1	26	98	0.026757272153679363
16	1	26	71	0.026757272153679363
16	1	26	74	0.026757272153679363
16	1	26	80	0.018328402162820046
16	1	26	86	0.018328402162820046
16	1	26	40	0.018328402162820046
16	1	27	69	0.08668116364793522
16	1	27	24	0.028844221677173196
16	1	27	46	0.07762322844230676
16	1	27	55	0.07762322844230676
16	1	27	38	0.07762322844230676
16	1	27	62	0.07762322844230676
16	1	27	53	0.0341454151724574
16	1	27	74	0.0341454151724574
16	1	27	21	0.028844221677173196
16	1	27	22	0.028844221677173196
16	1	27	94	0.0022135823534344843
16	1	27	34	0.028844221677173196
16	1	27	14	0.028844221677173196
16	1	27	23	0.028563903316633235
16	1	27	8	0.028563903316633235
16	1	27	13	0.028563903316633235
16	1	27	12	0.028563903316633235
16	1	27	19	0.01715566205647856
16	1	27	5	0.01715566205647856
16	1	27	35	0.015818685252002508
16	1	28	2	0.09424787867190897
16	1	28	0	0.09424787867190897
16	1	28	55	0.07330619000507156
16	1	28	69	0.07330619000507156
16	1	28	15	0.05238200800999463
16	1	28	98	0.05238200800999463
16	1	28	63	0.05238200800999463
16	1	28	88	0.05238200800999463
16	1	28	14	0.016432530125664875
16	1	28	46	0.05238200800999463
16	1	28	62	0.05238200800999463
16	1	28	25	0.02240956009778046
16	1	28	53	0.02240956009778046
16	1	28	29	0.02240956009778046
16	1	28	21	0.016432530125664875
16	1	28	56	0.009824988357160645
16	1	28	38	0.009824988357160645
16	1	28	20	0.016432530125664875
16	1	28	34	0.016432530125664875
16	1	28	8	0.016432530125664875
16	1	28	13	0.016432530125664875
16	1	28	22	0.016432530125664875
16	1	28	24	0.016432530125664875
16	1	28	19	0.012538463686023743
16	1	28	6	0.012538463686023743
16	1	29	2	0.1186514869908156
16	1	29	15	0.07987833300207978
16	1	29	55	0.06592468189518773
16	1	29	21	0.06592468189518773
16	1	29	0	0.04766195353435091
16	1	29	69	0.04766195353435091
16	1	29	46	0.04766195353435091
16	1	29	98	0.04766195353435091
16	1	29	12	0.027051658746457746
16	1	29	88	0.027051658746457746
16	1	29	74	0.027051658746457746
16	1	29	19	0.026603511435492923
16	1	29	17	0.026603511435492923
16	1	29	23	0.026603511435492923
16	1	29	28	0.026603511435492923
16	1	29	62	0.026603511435492923
16	1	29	5	0.026603511435492923
16	1	29	29	0.026603511435492923
16	1	29	86	0.026603511435492923
16	1	29	16	0.026603511435492923
16	1	30	2	0.18744844028476332
16	1	30	55	0.07311264467092084
16	1	30	15	0.07311264467092084
16	1	30	0	0.07311264467092084
16	1	30	21	0.07311264467092084
16	1	30	69	0.05194778779502045
16	1	30	46	0.05194778779502045
16	1	30	62	0.05194778779502045
16	1	30	12	0.015924002176818764
16	1	30	53	0.05194778779502045
16	1	30	38	0.05194778779502045
16	1	30	88	0.05194778779502045
16	1	30	74	0.04741874862932321
16	1	30	86	0.04741874862932321
16	1	30	71	0.04741874862932321
16	1	30	98	0.04741874862932321
16	1	30	42	0.0074018618408762124
16	1	30	19	0.015924002176818764
16	1	30	24	0.015924002176818764
16	1	30	14	0.015924002176818764
16	1	30	22	0.015924002176818764
16	1	31	2	0.1310489770171919
16	1	31	15	0.09681183129987621
16	1	31	0	0.06650023236605031
16	1	31	55	0.05343350397292901
16	1	31	69	0.05343350397292901
16	1	31	46	0.05343350397292901
16	1	31	98	0.05061755519828315
16	1	31	12	0.05061755519828315
16	1	31	21	0.05061755519828315
16	1	31	24	0.011331381571419497
16	1	31	38	0.05061755519828315
16	1	31	53	0.05061755519828315
16	1	31	88	0.05061755519828315
16	1	31	62	0.05061755519828315
16	1	31	19	0.015559564526319503
16	1	31	52	0.003630555103945162
16	1	31	22	0.010341470230177128
16	1	31	14	0.010341470230177128
16	1	31	28	0.008017414159666466
16	1	31	34	0.008017414159666466
16	1	31	36	0.008017414159666466
16	1	32	2	0.27390259264088923
16	1	32	0	0.05129772969155688
16	1	32	15	0.04510098554208363
16	1	32	46	0.04510098554208363
16	1	32	38	0.04510098554208363
16	1	32	12	0.04510098554208363
16	1	32	80	0.04510098554208363
16	1	32	69	0.04510098554208363
16	1	32	98	0.04510098554208363
16	1	32	62	0.012210875173274195
16	1	32	53	0.012210875173274195
16	1	32	19	0.04510098554208363
16	1	32	5	0.04510098554208363
16	1	32	21	0.04510098554208363
16	1	32	28	0.04510098554208363
16	1	32	10	0.007811159886689961
16	1	32	54	0.003702912614210682
16	1	32	76	0.003702912614210682
16	1	32	13	0.007811159886689961
16	1	32	7	0.007811159886689961
16	1	32	6	0.007811159886689961
16	1	32	17	0.0022664099592733244
16	1	33	2	0.17762740291331344
16	1	33	55	0.17762740291331344
16	1	33	69	0.057259012593565306
16	1	33	24	0.04478893910900759
16	1	33	12	0.04478893910900759
16	1	33	88	0.057259012593565306
16	1	33	46	0.057259012593565306
16	1	33	7	0.04478893910900759
16	1	33	62	0.038424028035484566
16	1	33	36	0.04478893910900759
16	1	33	10	0.04478893910900759
16	1	33	1	0.038424028035484566
16	1	33	28	0.038424028035484566
16	1	33	29	0.038424028035484566
16	1	33	40	0.038424028035484566
16	1	33	74	0.038424028035484566
16	1	33	23	0.013103371258120722
16	1	33	21	0.013103371258120722
16	1	33	25	0.01067298328799672
16	1	33	95	0.023073137488488545
16	1	33	56	0.023073137488488545
16	1	33	54	0.023073137488488545
16	1	33	76	0.023073137488488545
16	1	34	2	0.12164184529088502
16	1	34	15	0.12164184529088502
16	1	34	0	0.06803181244954566
16	1	34	12	0.06803181244954566
16	1	34	46	0.08518724048300397
16	1	34	69	0.08518724048300397
16	1	34	55	0.08518724048300397
16	1	34	98	0.03338355434986601
16	1	34	71	0.03338355434986601
16	1	34	60	0.020332991420602863
16	1	34	51	0.012667234933534645
16	1	34	19	0.01853334811185996
16	1	34	21	0.01853334811185996
16	1	34	52	0.011979813607791852
16	1	34	76	0.011979813607791852
16	1	34	86	0.01853334811185996
16	1	34	23	0.01853334811185996
16	1	34	53	0.011979813607791852
16	1	34	58	0.011979813607791852
16	1	34	24	0.01853334811185996
16	1	34	5	0.01853334811185996
16	1	34	6	0.01853334811185996
16	1	34	1	0.01853334811185996
16	1	34	35	0.007384551943400442
16	1	35	15	0.08242844210367067
16	1	35	55	0.05975334532828536
16	1	35	0	0.05975334532828536
16	1	35	69	0.05975334532828536
16	1	35	46	0.05975334532828536
16	1	35	2	0.032757711941920994
16	1	35	12	0.032757711941920994
16	1	35	98	0.032757711941920994
16	1	35	62	0.032757711941920994
16	1	35	88	0.032757711941920994
16	1	35	22	0.032757711941920994
16	1	35	21	0.032757711941920994
16	1	35	24	0.032757711941920994
16	1	35	38	0.032757711941920994
16	1	35	53	0.032757711941920994
16	1	35	1	0.016535157602632793
16	1	35	23	0.016535157602632793
16	1	35	14	0.016535157602632793
16	1	35	8	0.016535157602632793
16	1	35	6	0.016535157602632793
16	1	36	2	0.12756583027708807
16	1	36	15	0.07599324544796428
16	1	36	55	0.07365049967239712
16	1	36	46	0.07365049967239712
16	1	36	0	0.0636897895399714
16	1	36	12	0.0594161510586081
16	1	36	69	0.056343068359165326
16	1	36	38	0.03059568906084087
16	1	36	88	0.03059568906084087
16	1	36	62	0.03059568906084087
16	1	36	21	0.03059568906084087
16	1	36	86	0.03059568906084087
16	1	36	71	0.017785124445511096
16	1	36	98	0.017785124445511096
16	1	36	19	0.017785124445511096
16	1	36	76	0.017785124445511096
16	1	36	24	0.008297133700808918
16	1	36	14	0.008297133700808918
16	1	36	74	0.012965523798316928
16	1	36	5	0.012965523798316928
16	1	36	53	0.012965523798316928
16	1	36	6	0.012965523798316928
16	1	37	2	0.16146226624197138
16	1	37	15	0.14058437474804972
16	1	37	62	0.0443265772307345
16	1	37	98	0.0443265772307345
16	1	37	38	0.043057165022919966
16	1	37	12	0.043057165022919966
16	1	37	86	0.043057165022919966
16	1	37	21	0.027941438396189386
16	1	37	16	0.027941438396189386
16	1	37	71	0.043057165022919966
16	1	37	53	0.043057165022919966
16	1	37	76	0.043057165022919966
16	1	37	74	0.043057165022919966
16	1	37	40	0.02324777423576543
16	1	37	36	0.027941438396189386
16	1	37	29	0.027941438396189386
16	1	37	88	0.004951590140859867
16	1	37	6	0.027941438396189386
16	1	37	28	0.027941438396189386
16	1	37	19	0.027941438396189386
16	1	37	0	0.027941438396189386
16	1	38	2	0.12795272997505894
16	1	38	55	0.10118829735750373
16	1	38	15	0.09728036521242334
16	1	38	0	0.08425866756793682
16	1	38	69	0.08168887378352907
16	1	38	46	0.08168887378352907
16	1	38	62	0.033506847339137134
16	1	38	21	0.033506847339137134
16	1	38	12	0.033506847339137134
16	1	38	24	0.01866163447922795
16	1	38	88	0.033506847339137134
16	1	38	53	0.033506847339137134
16	1	38	98	0.033506847339137134
16	1	38	38	0.033506847339137134
16	1	38	76	0.01219690055026735
16	1	38	74	0.012135333839416873
16	1	38	71	0.012135333839416873
16	1	38	63	0.012135333839416873
16	1	38	86	0.011097209675233841
16	1	38	36	0.006378148195400399
16	1	39	2	0.21308797415168984
16	1	39	55	0.10006368615744553
16	1	39	46	0.10006368615744553
16	1	39	0	0.10006368615744553
16	1	39	62	0.10006368615744553
16	1	39	21	0.022150182487592106
16	1	39	14	0.01978883603306614
16	1	39	22	0.01978883603306614
16	1	39	12	0.01978883603306614
16	1	39	34	0.01978883603306614
16	1	39	74	0.01978883603306614
16	1	39	88	0.01978883603306614
16	1	39	53	0.01978883603306614
16	1	39	38	0.01978883603306614
16	1	39	28	0.01978883603306614
16	1	39	17	0.01978883603306614
16	1	39	24	0.01978883603306614
16	1	39	76	0.01978883603306614
16	1	39	19	0.01978883603306614
16	1	39	13	0.001721714550502819
16	1	40	2	0.1827198712068116
16	1	40	55	0.08167630643218585
16	1	40	46	0.0570906182254727
16	1	40	12	0.0570906182254727
16	1	40	88	0.0570906182254727
16	1	40	69	0.0570906182254727
16	1	40	71	0.024431875980305086
16	1	40	76	0.024431875980305086
16	1	40	21	0.024431875980305086
16	1	40	15	0.024431875980305086
16	1	40	29	0.024431875980305086
16	1	40	0	0.024431875980305086
16	1	40	98	0.024431875980305086
16	1	40	38	0.024431875980305086
16	1	40	74	0.024431875980305086
16	1	40	53	0.024431875980305086
16	1	40	62	0.024431875980305086
16	1	40	40	0.024431875980305086
16	1	40	17	0.005920915325754712
16	1	40	14	0.000603988164345992
16	1	41	55	0.10280708022696698
16	1	41	2	0.10280708022696698
16	1	41	15	0.10280708022696698
16	1	41	46	0.04591024655944993
16	1	41	69	0.04591024655944993
16	1	41	0	0.04591024655944993
16	1	41	24	0.02458193282747608
16	1	41	88	0.04591024655944993
16	1	41	38	0.04591024655944993
16	1	41	98	0.04557847114041108
16	1	41	62	0.02458193282747608
16	1	41	86	0.02458193282747608
16	1	41	22	0.015250259377795772
16	1	41	74	0.02458193282747608
16	1	41	21	0.015250259377795772
16	1	41	28	0.015250259377795772
16	1	41	14	0.015250259377795772
16	1	41	71	0.02458193282747608
16	1	41	89	0.02458193282747608
16	1	41	76	0.02458193282747608
16	1	41	53	0.02458193282747608
16	1	41	42	0.013357016200085864
16	1	42	2	0.2066508239436097
16	1	42	55	0.09675471399511293
16	1	42	0	0.09675471399511293
16	1	42	21	0.09675471399511293
16	1	42	46	0.09675471399511293
16	1	42	69	0.09675471399511293
16	1	42	88	0.09675471399511293
16	1	42	40	0.08620154619624322
16	1	42	34	0.02074574423524234
16	1	42	16	0.02074574423524234
16	1	42	6	0.02074574423524234
16	1	42	3	0.02074574423524234
16	1	42	13	0.02074574423524234
16	1	42	53	0.02074574423524234
16	1	42	38	0.02074574423524234
16	1	42	24	0.02074574423524234
16	1	42	17	0.02074574423524234
16	1	42	14	0.008845105817584015
16	1	42	8	0.008845105817584015
16	1	42	89	0.007312223767841492
16	1	42	10	0.007312223767841492
16	1	42	7	0.007312223767841492
16	1	43	15	0.19289682352624987
16	1	43	2	0.029279904995562444
16	1	43	55	0.18845379902477602
16	1	43	46	0.18845379902477602
16	1	43	69	0.033346294536490156
16	1	43	1	0.029279904995562444
16	1	43	38	0.027626470088130992
16	1	43	10	0.029279904995562444
16	1	43	17	0.029279904995562444
16	1	43	12	0.029279904995562444
16	1	43	14	0.029279904995562444
16	1	43	7	0.029279904995562444
16	1	43	88	0.027626470088130992
16	1	43	21	0.027626470088130992
16	1	43	62	0.027626470088130992
16	1	43	60	0.027626470088130992
16	1	43	40	0.027626470088130992
16	1	43	59	0.027626470088130992
16	1	43	53	0.027626470088130992
16	1	43	54	0.027626470088130992
16	1	44	2	0.11328089808402324
16	1	44	15	0.09913507141832457
16	1	44	0	0.08541589430670019
16	1	44	55	0.06644384905703712
16	1	44	46	0.06644384905703712
16	1	44	69	0.05453795225571229
16	1	44	98	0.023876345134016756
16	1	44	53	0.023876345134016756
16	1	44	38	0.023876345134016756
16	1	44	62	0.019622145166826515
16	1	44	28	0.01941847906866958
16	1	44	19	0.01941847906866958
16	1	44	13	0.01941847906866958
16	1	44	74	0.01941847906866958
16	1	44	29	0.012771722449655347
16	1	44	9	0.012771722449655347
16	1	44	5	0.01904557793748001
16	1	44	24	0.01904557793748001
16	1	44	14	0.01904557793748001
16	1	44	21	0.01904557793748001
16	1	44	22	0.01904557793748001
16	1	45	2	0.14192554108533315
16	1	45	55	0.05712016460164001
16	1	45	69	0.05683286621529921
16	1	45	46	0.05683286621529921
16	1	45	12	0.05683286621529921
16	1	45	15	0.05683286621529921
16	1	45	0	0.05448625327267865
16	1	45	21	0.05448625327267865
16	1	45	53	0.03254283928567083
16	1	45	38	0.03254283928567083
16	1	45	88	0.03254283928567083
16	1	45	98	0.03254283928567083
16	1	45	60	0.02252806627417662
16	1	45	62	0.02252806627417662
16	1	45	52	0.02252806627417662
16	1	45	24	0.01708336685541006
16	1	45	14	0.01708336685541006
16	1	45	54	0.0162482423565638
16	1	45	76	0.0162482423565638
16	1	45	63	0.0162482423565638
16	1	46	2	0.15087653960921102
16	1	46	15	0.11637038115395831
16	1	46	0	0.11637038115395831
16	1	46	55	0.11637038115395831
16	1	46	69	0.11637038115395831
16	1	46	46	0.11637038115395831
16	1	46	21	0.03339325155778836
16	1	46	62	0.03339325155778836
16	1	46	12	0.03339325155778836
16	1	46	53	0.03339325155778836
16	1	46	38	0.03339325155778836
16	1	46	88	0.03339325155778836
16	1	46	74	0.03339325155778836
16	1	46	28	0.03339325155778836
16	1	46	98	0.03339325155778836
16	1	46	17	0.03339325155778836
16	1	46	86	0.013631990136355744
16	1	46	5	0.017595789808873774
16	1	46	19	0.017595789808873774
16	1	46	80	0.013631990136355744
16	1	47	2	0.1667936450237453
16	1	47	55	0.10945599194392092
16	1	47	15	0.09767583296356887
16	1	47	21	0.04322003573268875
16	1	47	12	0.04322003573268875
16	1	47	98	0.050951670422741985
16	1	47	69	0.050951670422741985
16	1	47	46	0.050951670422741985
16	1	47	88	0.050951670422741985
16	1	47	62	0.050951670422741985
16	1	47	0	0.050951670422741985
16	1	47	53	0.050951670422741985
16	1	47	38	0.050951670422741985
16	1	47	40	0.04322003573268875
16	1	47	74	0.04322003573268875
16	1	47	14	0.006211447269732392
16	1	47	71	0.04322003573268875
16	1	47	76	0.04322003573268875
16	1	47	42	0.04322003573268875
16	1	47	63	0.013198485498101195
16	1	48	2	0.24727586318281844
16	1	48	55	0.0680780817252028
16	1	48	0	0.0680780817252028
16	1	48	38	0.0680780817252028
16	1	48	69	0.0680780817252028
16	1	48	74	0.0680780817252028
16	1	48	46	0.0680780817252028
16	1	48	21	0.005126166844010828
16	1	48	24	0.0024040359602281636
16	1	48	88	0.024313188449315057
16	1	48	71	0.024313188449315057
16	1	48	62	0.024313188449315057
16	1	48	76	0.024313188449315057
16	1	48	86	0.014041724421015285
16	1	48	52	0.014041724421015285
16	1	48	53	0.014041724421015285
16	1	48	60	0.014041724421015285
16	1	48	40	0.014041724421015285
16	1	48	48	0.014041724421015285
16	1	48	47	0.014041724421015285
16	1	48	42	0.007782955017936644
16	1	48	98	0.006309903147719723
16	1	49	2	0.10502527398368663
16	1	49	15	0.10502527398368663
16	1	49	55	0.10502527398368663
16	1	49	0	0.08010246286700523
16	1	49	21	0.08010246286700523
16	1	49	46	0.08010246286700523
16	1	49	69	0.08010246286700523
16	1	49	38	0.08010246286700523
16	1	49	88	0.08010246286700523
16	1	49	53	0.08010246286700523
16	1	49	12	0.02985832140712212
16	1	49	19	0.02985832140712212
16	1	49	62	0.08010246286700523
16	1	49	98	0.08010246286700523
16	1	49	52	0.004683107755595955
16	1	49	24	0.026175564340755568
16	1	49	17	0.026175564340755568
16	1	49	14	0.009986190940062202
16	1	49	5	0.009986190940062202
16	1	49	22	0.006679965877588448
16	1	50	55	0.1291941951527857
16	1	50	15	0.1291941951527857
16	1	50	2	0.1291941951527857
16	1	50	17	0.03926553997459342
16	1	50	88	0.03174699010295639
16	1	50	16	0.02770273459540849
16	1	50	14	0.02770273459540849
16	1	50	21	0.02770273459540849
16	1	50	12	0.02770273459540849
16	1	50	63	0.03174699010295639
16	1	50	69	0.03174699010295639
16	1	50	46	0.03174699010295639
16	1	50	53	0.03174699010295639
16	1	50	38	0.03174699010295639
16	1	50	56	0.03174699010295639
16	1	50	62	0.020025183718131483
16	1	50	24	0.00897265553064351
16	1	50	19	0.00897265553064351
16	1	50	99	0.020025183718131483
16	1	50	60	0.020025183718131483
16	1	50	54	0.020025183718131483
16	1	50	98	0.006719716567372868
16	1	50	48	0.006719716567372868
16	1	51	62	0.13885425176402705
16	1	51	0	0.13885425176402705
16	1	51	15	0.06672575334948429
16	1	51	86	0.059339718977931416
16	1	51	2	0.059339718977931416
16	1	51	28	0.059339718977931416
16	1	51	74	0.059339718977931416
16	1	51	98	0.059339718977931416
16	1	51	17	0.059339718977931416
16	1	51	59	0.059339718977931416
16	1	51	10	0.059339718977931416
16	1	51	58	0.03250347661467957
16	1	51	21	0.059339718977931416
16	1	51	14	0.059339718977931416
16	1	51	22	0.059339718977931416
16	1	51	34	0.059339718977931416
16	1	51	71	0.03250347661467957
16	1	51	7	0.059339718977931416
16	1	51	80	0.059339718977931416
16	1	51	42	0.03250347661467957
16	1	51	53	0.012179085186052055
16	1	51	8	0.059339718977931416
16	1	51	13	0.059339718977931416
16	1	51	24	0.059339718977931416
16	1	52	2	0.14188551283787934
16	1	52	15	0.14188551283787934
16	1	52	55	0.09787875314770976
16	1	52	46	0.09787875314770976
16	1	52	69	0.09787875314770976
16	1	52	12	0.03309226700957369
16	1	52	0	0.03309226700957369
16	1	52	17	0.03309226700957369
16	1	52	53	0.03309226700957369
16	1	52	38	0.03309226700957369
16	1	52	21	0.01707058484994687
16	1	52	98	0.01707058484994687
16	1	52	19	0.01707058484994687
16	1	52	86	0.01707058484994687
16	1	52	88	0.013504214943001839
16	1	52	5	0.013504214943001839
16	1	52	76	0.013504214943001839
16	1	52	62	0.013504214943001839
16	1	52	71	0.006194957362751975
16	1	52	10	0.006194957362751975
16	1	53	2	0.1212795143041575
16	1	53	15	0.09717577085650543
16	1	53	55	0.07642708442506528
16	1	53	0	0.06047424343949659
16	1	53	46	0.06256027923111476
16	1	53	69	0.06256027923111476
16	1	53	21	0.06047424343949659
16	1	53	53	0.06047424343949659
16	1	53	38	0.06047424343949659
16	1	53	74	0.03328768502682079
16	1	53	62	0.03328768502682079
16	1	53	88	0.03328768502682079
16	1	53	12	0.03328768502682079
16	1	53	19	0.03328768502682079
16	1	53	24	0.017187001397526876
16	1	53	28	0.013760952458615293
16	1	53	22	0.010935529480383949
16	1	53	23	0.010935529480383949
16	1	53	71	0.013760952458615293
16	1	53	98	0.013760952458615293
16	1	53	5	0.006999267516464915
16	1	53	14	0.006999267516464915
16	1	54	55	0.0860527423783723
16	1	54	2	0.0860527423783723
16	1	54	15	0.0860527423783723
16	1	54	21	0.06401040494190009
16	1	54	22	0.02430655491683249
16	1	54	28	0.02430655491683249
16	1	54	53	0.05148518779524128
16	1	54	46	0.05148518779524128
16	1	54	69	0.05148518779524128
16	1	54	38	0.05148518779524128
16	1	54	88	0.02430655491683249
16	1	54	12	0.02430655491683249
16	1	54	24	0.02430655491683249
16	1	54	62	0.02430655491683249
16	1	54	23	0.009895739127637844
16	1	54	52	0.021579240300003886
16	1	54	98	0.021579240300003886
16	1	54	19	0.021579240300003886
16	1	54	86	0.012516598389059256
16	1	54	5	0.012516598389059256
16	1	55	55	0.1853053095030085
16	1	55	2	0.1853053095030085
16	1	55	15	0.1853053095030085
16	1	55	46	0.1853053095030085
16	1	55	69	0.1853053095030085
16	1	55	14	0.030714705445074625
16	1	55	86	0.030714705445074625
16	1	55	21	0.030714705445074625
16	1	55	12	0.030714705445074625
16	1	55	23	0.030714705445074625
16	1	55	24	0.030714705445074625
16	1	55	22	0.014790338055901216
16	1	55	8	0.014790338055901216
16	1	55	10	0.014790338055901216
16	1	55	13	0.014790338055901216
16	1	55	1	0.02278657543773511
16	1	55	19	0.0019535855860984067
16	1	55	38	0.02278657543773511
16	1	55	53	0.02278657543773511
16	1	55	76	0.02278657543773511
16	1	55	62	0.02278657543773511
16	1	55	98	0.02278657543773511
16	1	55	88	0.02278657543773511
16	1	55	63	0.021131204520938574
16	1	55	74	0.021131204520938574
16	1	56	2	0.1310575941211643
16	1	56	15	0.1310575941211643
16	1	56	55	0.09317491840406583
16	1	56	46	0.09317491840406583
16	1	56	0	0.058619313386816654
16	1	56	69	0.058619313386816654
16	1	56	21	0.04286587953942593
16	1	56	12	0.04286587953942593
16	1	56	62	0.04286587953942593
16	1	56	53	0.04286587953942593
16	1	56	38	0.04286587953942593
16	1	56	24	0.01601685747453657
16	1	56	74	0.03680501383542504
16	1	56	98	0.03680501383542504
16	1	56	86	0.03680501383542504
16	1	56	76	0.005480296167220161
16	1	56	14	0.01601685747453657
16	1	56	22	0.01601685747453657
16	1	56	13	0.01601685747453657
16	1	56	51	0.005480296167220161
16	1	56	71	0.005480296167220161
16	1	57	2	0.05600317826459146
16	1	57	15	0.05600317826459146
16	1	57	0	0.05377072805679834
16	1	57	28	0.03448657988528802
16	1	57	55	0.05377072805679834
16	1	57	69	0.05377072805679834
16	1	57	46	0.05377072805679834
16	1	57	98	0.05377072805679834
16	1	57	12	0.031527839228993076
16	1	57	1	0.031527839228993076
16	1	57	53	0.031527839228993076
16	1	57	38	0.031527839228993076
16	1	57	86	0.031527839228993076
16	1	57	40	0.007060639100383513
16	1	57	17	0.031527839228993076
16	1	57	10	0.031527839228993076
16	1	57	23	0.031527839228993076
16	1	57	21	0.031527839228993076
16	1	57	29	0.031527839228993076
16	1	57	19	0.031527839228993076
16	1	57	7	0.031527839228993076
16	1	58	2	0.1719612964817357
16	1	58	55	0.10515679077123262
16	1	58	0	0.10515679077123262
16	1	58	15	0.10515679077123262
16	1	58	69	0.0797174183514341
16	1	58	46	0.0797174183514341
16	1	58	36	0.019080094689999834
16	1	58	88	0.06566711018160513
16	1	58	38	0.06566711018160513
16	1	58	53	0.06566711018160513
16	1	58	76	0.0184207781021637
16	1	58	71	0.013465621611988148
16	1	58	98	0.013465621611988148
16	1	58	74	0.003681571326513399
16	1	58	21	0.012992220773954573
16	1	58	1	0.012992220773954573
16	1	58	9	0.012992220773954573
16	1	58	17	0.012992220773954573
16	1	58	10	0.012992220773954573
16	1	58	22	0.010184257523063088
16	1	58	34	0.010184257523063088
16	1	59	2	0.09029208980037715
16	1	59	55	0.09029208980037715
16	1	59	15	0.09029208980037715
16	1	59	0	0.09029208980037715
16	1	59	46	0.09029208980037715
16	1	59	69	0.09029208980037715
16	1	59	17	0.030398743033548923
16	1	59	88	0.030398743033548923
16	1	59	62	0.030398743033548923
16	1	59	22	0.02000585331760605
16	1	59	38	0.030398743033548923
16	1	59	53	0.030398743033548923
16	1	59	98	0.030398743033548923
16	1	59	60	0.02000585331760605
16	1	59	74	0.011261019446059947
16	1	59	63	0.011261019446059947
16	1	59	42	0.011261019446059947
16	1	59	40	0.011261019446059947
16	1	59	13	0.02000585331760605
16	1	59	28	0.02000585331760605
16	1	59	24	0.02000585331760605
16	1	59	21	0.02000585331760605
16	1	59	14	0.02000585331760605
16	1	60	2	0.11636688997611581
16	1	60	15	0.09678579102697493
16	1	60	0	0.09678579102697493
16	1	60	55	0.09678579102697493
16	1	60	69	0.09678579102697493
16	1	60	46	0.09678579102697493
16	1	60	98	0.03734848217871837
16	1	60	12	0.03734848217871837
16	1	60	21	0.03734848217871837
16	1	60	24	0.03734848217871837
16	1	60	17	0.03734848217871837
16	1	60	53	0.03734848217871837
16	1	60	14	0.017275705659149543
16	1	60	19	0.017275705659149543
16	1	60	38	0.03734848217871837
16	1	60	62	0.03734848217871837
16	1	60	5	0.008427876863667725
16	1	60	8	0.004468844300368444
16	1	60	60	0.008427876863667725
16	1	60	1	0.008427876863667725
16	1	60	10	0.008427876863667725
16	1	61	2	0.13190795088090648
16	1	61	15	0.09393495693350899
16	1	61	55	0.09393495693350899
16	1	61	0	0.058654268089007214
16	1	61	46	0.058654268089007214
16	1	61	69	0.058654268089007214
16	1	61	53	0.0466397180300399
16	1	61	38	0.0466397180300399
16	1	61	98	0.02675850189660406
16	1	61	12	0.027143817363058226
16	1	61	21	0.027143817363058226
16	1	61	88	0.027143817363058226
16	1	61	62	0.02675850189660406
16	1	61	63	0.02675850189660406
16	1	61	74	0.012876391711818555
16	1	61	19	0.011239157045730754
16	1	61	22	0.011239157045730754
16	1	61	14	0.007280871004080307
16	1	61	40	0.012876391711818555
16	1	61	71	0.012876391711818555
16	1	61	76	0.012876391711818555
16	1	61	86	0.012876391711818555
16	1	61	60	0.012876391711818555
16	1	62	2	0.18984574187025108
16	1	62	15	0.11161962360964621
16	1	62	69	0.06963230681492623
16	1	62	0	0.04592311921135989
16	1	62	21	0.04592311921135989
16	1	62	38	0.029489517549689082
16	1	62	19	0.02771754242888807
16	1	62	88	0.02771754242888807
16	1	62	53	0.02771754242888807
16	1	62	62	0.02771754242888807
16	1	62	98	0.017201896987677764
16	1	62	12	0.02771754242888807
16	1	62	5	0.02771754242888807
16	1	62	17	0.02771754242888807
16	1	62	74	0.017201896987677764
16	1	62	24	0.017201896987677764
16	1	62	14	0.017201896987677764
16	1	62	29	0.017201896987677764
16	1	62	36	0.017201896987677764
16	1	62	71	0.002704538953722322
16	1	62	22	0.002704538953722322
16	1	62	55	0.002704538953722322
16	1	63	2	0.31399705609126305
16	1	63	0	0.047749673959247126
16	1	63	35	0.047749673959247126
16	1	63	75	0.047749673959247126
16	1	63	70	0.047749673959247126
16	1	63	80	0.047749673959247126
16	1	63	23	0.047749673959247126
16	1	63	19	0.03101582063615355
16	1	63	100	0.047749673959247126
16	1	63	5	0.03101582063615355
16	1	63	53	0.047749673959247126
16	1	63	62	0.047749673959247126
16	1	63	94	0.047749673959247126
16	1	63	86	0.03101582063615355
16	1	63	51	0.03101582063615355
16	1	63	12	0.03101582063615355
16	1	63	10	0.03101582063615355
16	1	63	21	0.023600624264332303
16	1	63	9	0.03101582063615355
16	1	63	74	0.03101582063615355
16	1	63	38	0.03101582063615355
16	1	64	69	0.08398728184578087
16	1	64	15	0.08398728184578087
16	1	64	2	0.08398728184578087
16	1	64	0	0.08398728184578087
16	1	64	12	0.08398728184578087
16	1	64	98	0.08398728184578087
16	1	64	38	0.03645508289024386
16	1	64	53	0.03645508289024386
16	1	64	74	0.03645508289024386
16	1	64	24	0.03645508289024386
16	1	64	5	0.03645508289024386
16	1	64	19	0.03645508289024386
16	1	64	16	0.03645508289024386
16	1	64	14	0.03645508289024386
16	1	64	13	0.03645508289024386
16	1	64	9	0.03645508289024386
16	1	64	40	0.03645508289024386
16	1	64	55	0.03645508289024386
16	1	64	21	0.03645508289024386
16	1	64	27	0.0030692182211182082
16	1	65	2	0.10877287930642189
16	1	65	15	0.09721262757123941
16	1	65	55	0.07095071296258007
16	1	65	46	0.07095071296258007
16	1	65	12	0.06821201870414363
16	1	65	0	0.07095071296258007
16	1	65	69	0.07095071296258007
16	1	65	98	0.02874514941811778
16	1	65	10	0.034489497200975654
16	1	65	19	0.034489497200975654
16	1	65	86	0.02874514941811778
16	1	65	38	0.02874514941811778
16	1	65	1	0.00698744877922511
16	1	65	74	0.02874514941811778
16	1	65	62	0.02874514941811778
16	1	65	21	0.00698744877922511
16	1	65	7	0.00698744877922511
16	1	65	42	0.02874514941811778
16	1	65	80	0.02874514941811778
16	1	65	53	0.02874514941811778
16	1	65	71	0.02874514941811778
16	1	65	63	0.02874514941811778
16	1	65	48	0.00872941248393417
16	1	66	2	0.12305517783952191
16	1	66	55	0.09276502437204093
16	1	66	15	0.09276502437204093
16	1	66	0	0.05964872571439008
16	1	66	69	0.05964872571439008
16	1	66	46	0.05964872571439008
16	1	66	12	0.05219287221200641
16	1	66	21	0.05219287221200641
16	1	66	62	0.02212114911749415
16	1	66	17	0.02212114911749415
16	1	66	53	0.02212114911749415
16	1	66	38	0.02212114911749415
16	1	66	88	0.02212114911749415
16	1	66	98	0.02212114911749415
16	1	66	19	0.02212114911749415
16	1	66	14	0.02212114911749415
16	1	66	74	0.02212114911749415
16	1	66	5	0.02212114911749415
16	1	66	24	0.02212114911749415
16	1	66	22	0.02212114911749415
16	1	67	55	0.06459209823688089
16	1	67	0	0.04963485310886593
16	1	67	15	0.04963485310886593
16	1	67	2	0.04963485310886593
16	1	67	62	0.04963485310886593
16	1	67	46	0.04963485310886593
16	1	67	69	0.04963485310886593
16	1	67	21	0.04963485310886593
16	1	67	38	0.04963485310886593
16	1	67	53	0.04963485310886593
16	1	67	100	0.029093118826902173
16	1	67	14	0.01582318935639424
16	1	67	24	0.01582318935639424
16	1	67	86	0.01523687388443143
16	1	67	9	0.01523687388443143
16	1	67	28	0.01523687388443143
16	1	67	13	0.01523687388443143
16	1	67	22	0.01523687388443143
16	1	67	74	0.01523687388443143
16	1	67	1	0.01523687388443143
16	1	68	2	0.18899567279652052
16	1	68	55	0.061710001761202664
16	1	68	15	0.061710001761202664
16	1	68	46	0.06129376718133643
16	1	68	69	0.06129376718133643
16	1	68	53	0.05324472560461284
16	1	68	12	0.05324472560461284
16	1	68	0	0.05324472560461284
16	1	68	88	0.05324472560461284
16	1	68	21	0.026053868190523032
16	1	68	98	0.05324472560461284
16	1	68	38	0.05324472560461284
16	1	68	76	0.01901025711956172
16	1	68	19	0.026053868190523032
16	1	68	51	0.01901025711956172
16	1	68	71	0.01901025711956172
16	1	68	60	0.01901025711956172
16	1	68	62	0.01901025711956172
16	1	68	63	0.01901025711956172
16	1	68	100	0.0014250991479226604
16	1	69	2	0.1310374315169911
16	1	69	15	0.12292210946890952
16	1	69	0	0.09610922589260394
16	1	69	69	0.09610922589260394
16	1	69	55	0.09610922589260394
16	1	69	38	0.09610922589260394
16	1	69	53	0.044652838495275654
16	1	69	46	0.033719329941320715
16	1	69	21	0.01555806145204425
16	1	69	71	0.013711713486227158
16	1	69	80	0.013711713486227158
16	1	69	40	0.005893745709581439
16	1	69	14	0.013711713486227158
16	1	69	34	0.013711713486227158
16	1	69	22	0.013711713486227158
16	1	69	1	0.013711713486227158
16	1	69	8	0.013711713486227158
16	1	69	13	0.013711713486227158
16	1	69	24	0.013711713486227158
16	1	69	29	0.013711713486227158
16	1	69	10	0.008777710149801879
16	1	70	2	0.23745667755107994
16	1	70	55	0.10219295443602897
16	1	70	69	0.06675208641111921
16	1	70	46	0.06675208641111921
16	1	70	88	0.040334005794003834
16	1	70	38	0.040334005794003834
16	1	70	15	0.040334005794003834
16	1	70	0	0.040334005794003834
16	1	70	14	0.03671448076085561
16	1	70	53	0.040334005794003834
16	1	70	62	0.03671448076085561
16	1	70	28	0.03671448076085561
16	1	70	74	0.03671448076085561
16	1	70	12	0.006000953806032258
16	1	70	24	0.006000953806032258
16	1	70	13	0.006000953806032258
16	1	70	22	0.006000953806032258
16	1	70	19	0.006000953806032258
16	1	70	21	0.005341529099008481
16	1	70	63	0.0021145128341231363
16	1	71	55	0.17676532431214365
16	1	71	2	0.17676532431214365
16	1	71	15	0.17676532431214365
16	1	71	12	0.04071107136194243
16	1	71	62	0.04071107136194243
16	1	71	28	0.04071107136194243
16	1	71	0	0.04071107136194243
16	1	71	46	0.04071107136194243
16	1	71	69	0.04071107136194243
16	1	71	63	0.04071107136194243
16	1	71	17	0.03084902632827974
16	1	71	21	0.03084902632827974
16	1	71	13	0.03084902632827974
16	1	71	24	0.03084902632827974
16	1	71	58	0.014389487071424057
16	1	71	38	0.014389487071424057
16	1	71	34	0.03084902632827974
16	1	71	22	0.03084902632827974
16	1	71	8	0.03084902632827974
16	1	71	14	0.03084902632827974
16	1	72	2	0.15267133979812533
16	1	72	15	0.11626717045248974
16	1	72	0	0.11626717045248974
16	1	72	46	0.07898916459059022
16	1	72	21	0.025010822596588544
16	1	72	98	0.07898916459059022
16	1	72	55	0.07898916459059022
16	1	72	69	0.07898916459059022
16	1	72	88	0.02519477910529452
16	1	72	36	0.025010822596588544
16	1	72	62	0.02519477910529452
16	1	72	63	0.02519477910529452
16	1	72	9	0.025010822596588544
16	1	72	29	0.025010822596588544
16	1	72	52	0.021110938631489898
16	1	72	80	0.021110938631489898
16	1	72	35	0.021110938631489898
16	1	72	86	0.021110938631489898
16	1	72	24	0.021110938631489898
16	1	72	76	0.013896937825664708
16	1	73	2	0.19399461349825203
16	1	73	46	0.17042302308430857
16	1	73	28	0.10692845221132723
16	1	73	55	0.04998072576463543
16	1	73	21	0.04998072576463543
16	1	73	69	0.04998072576463543
16	1	73	15	0.04998072576463543
16	1	73	13	0.04998072576463543
16	1	73	14	0.04998072576463543
16	1	73	24	0.04998072576463543
16	1	73	12	0.04998072576463543
16	1	73	98	0.04998072576463543
16	1	73	9	0.04998072576463543
16	1	73	0	0.04998072576463543
16	1	73	47	0.04998072576463543
16	1	73	1	0.025836789973677367
16	1	73	62	0.04998072576463543
16	1	73	16	0.04998072576463543
16	1	73	8	0.04998072576463543
16	1	73	34	0.04998072576463543
16	1	73	22	0.04998072576463543
16	1	74	2	0.1309706572758677
16	1	74	15	0.11611045331605883
16	1	74	55	0.10012801624090227
16	1	74	21	0.03571484601753326
16	1	74	69	0.10012801624090227
16	1	74	46	0.10012801624090227
16	1	74	12	0.03571484601753326
16	1	74	62	0.03571484601753326
16	1	74	38	0.03571484601753326
16	1	74	53	0.03571484601753326
16	1	74	98	0.03571484601753326
16	1	74	22	0.017686270755501696
16	1	74	0	0.03571484601753326
16	1	74	74	0.03571484601753326
16	1	74	76	0.03571484601753326
16	1	74	88	0.03571484601753326
16	1	74	71	0.03571484601753326
16	1	74	63	0.025463292851686806
16	1	74	42	0.020391942691266693
16	1	74	40	0.020391942691266693
16	1	75	2	0.16536907101733467
16	1	75	15	0.16536907101733467
16	1	75	55	0.08361328542116689
16	1	75	13	0.014885012907274875
16	1	75	69	0.08361328542116689
16	1	75	46	0.08361328542116689
16	1	75	88	0.08361328542116689
16	1	75	98	0.08361328542116689
16	1	75	53	0.0230725804337363
16	1	75	56	0.0230725804337363
16	1	75	54	0.0230725804337363
16	1	75	99	0.0230725804337363
16	1	75	74	0.0230725804337363
16	1	75	51	0.0230725804337363
16	1	75	47	0.010730221358261904
16	1	75	76	0.010730221358261904
16	1	75	1	0.014885012907274875
16	1	75	14	0.014885012907274875
16	1	75	52	0.007814285552553278
16	1	75	71	0.007814285552553278
16	1	75	10	0.014885012907274875
16	1	75	7	0.014885012907274875
16	1	75	17	0.014885012907274875
16	1	75	22	0.002737623733654298
16	1	76	2	0.3862730684040053
16	1	76	55	0.07322770270345544
16	1	76	0	0.07322770270345544
16	1	76	15	0.07322770270345544
16	1	76	1	0.0452335693251611
16	1	76	6	0.042058013826422005
16	1	76	60	0.0452335693251611
16	1	76	69	0.0452335693251611
16	1	76	46	0.0452335693251611
16	1	76	98	0.03458492478044411
16	1	76	36	0.042058013826422005
16	1	76	19	0.042058013826422005
16	1	76	12	0.042058013826422005
16	1	76	17	0.042058013826422005
16	1	76	5	0.042058013826422005
16	1	76	52	0.01885831183748104
16	1	76	53	0.01885831183748104
16	1	76	54	0.01885831183748104
16	1	76	40	0.008294780482186612
16	1	76	74	0.005354256526955865
16	1	77	2	0.14105415144261507
16	1	77	15	0.11336866899825182
16	1	77	12	0.029097625492569935
16	1	77	21	0.029097625492569935
16	1	77	69	0.08625561647639458
16	1	77	55	0.08625561647639458
16	1	77	46	0.08625561647639458
16	1	77	0	0.029097625492569935
16	1	77	38	0.029097625492569935
16	1	77	22	0.029097625492569935
16	1	77	98	0.022726650543759032
16	1	77	53	0.029097625492569935
16	1	77	88	0.029097625492569935
16	1	77	62	0.029097625492569935
16	1	77	19	0.016757964203356
16	1	77	1	0.016757964203356
16	1	77	36	0.016757964203356
16	1	77	14	0.008552799500975617
16	1	77	24	0.013338587843376598
16	1	77	34	0.013338587843376598
16	1	78	2	0.15810692980513308
16	1	78	15	0.09297370579975214
16	1	78	0	0.08069648276689433
16	1	78	46	0.06366897513821279
16	1	78	21	0.04636443886127715
16	1	78	69	0.06366897513821279
16	1	78	55	0.06366897513821279
16	1	78	53	0.04636443886127715
16	1	78	38	0.04636443886127715
16	1	78	12	0.04636443886127715
16	1	78	24	0.021864470872954265
16	1	78	14	0.021864470872954265
16	1	78	34	0.021864470872954265
16	1	78	28	0.01448135764565017
16	1	78	74	0.01448135764565017
16	1	78	6	0.01448135764565017
16	1	78	17	0.01448135764565017
16	1	78	76	0.01448135764565017
16	1	78	22	0.006626529308691764
16	1	78	40	0.006964916950193259
16	1	78	10	0.006964916950193259
16	1	79	2	0.14332005280722995
16	1	79	15	0.14332005280722995
16	1	79	55	0.1049209847723862
16	1	79	24	0.0319901792448167
16	1	79	69	0.0933316848311355
16	1	79	46	0.0933316848311355
16	1	79	62	0.049761331685214426
16	1	79	60	0.049761331685214426
16	1	79	42	0.049761331685214426
16	1	79	51	0.017768727762319424
16	1	79	10	0.017768727762319424
16	1	79	21	0.017768727762319424
16	1	79	98	0.01478110381204906
16	1	79	58	0.01478110381204906
16	1	79	23	0.01634044686824478
16	1	79	28	0.01634044686824478
16	1	79	1	0.01634044686824478
16	1	79	7	0.01634044686824478
16	1	79	52	0.01478110381204906
16	1	79	9	0.0023705089016369287
16	1	80	2	0.10729793165101342
16	1	80	15	0.10729793165101342
16	1	80	0	0.10729793165101342
16	1	80	55	0.08932544674167905
16	1	80	21	0.05397309321134158
16	1	80	69	0.08778022219773866
16	1	80	46	0.08778022219773866
16	1	80	16	0.03338329877374634
16	1	80	53	0.05397309321134158
16	1	80	38	0.05397309321134158
16	1	80	62	0.05397309321134158
16	1	80	88	0.05397309321134158
16	1	80	12	0.03338329877374634
16	1	80	14	0.020832278759650023
16	1	80	52	0.020832278759650023
16	1	80	98	0.020832278759650023
16	1	80	28	0.014549866397147459
16	1	80	22	0.014612488452260401
16	1	80	24	0.014612488452260401
16	1	80	34	0.014612488452260401
16	1	80	13	0.014612488452260401
16	1	81	15	0.19654415777206447
16	1	81	55	0.1032945231225824
16	1	81	46	0.1032945231225824
16	1	81	69	0.05089463057187604
16	1	81	9	0.06212150805256742
16	1	81	36	0.06212150805256742
16	1	81	38	0.05089463057187604
16	1	81	98	0.05089463057187604
16	1	81	76	0.05089463057187604
16	1	81	99	0.05089463057187604
16	1	81	63	0.05089463057187604
16	1	81	71	0.05089463057187604
16	1	81	50	0.03837760355050266
16	1	81	53	0.03837760355050266
16	1	81	47	0.022263068971464666
16	1	81	17	0.002758875304835185
16	1	81	77	0.021195287604945597
16	1	81	51	0.021195287604945597
16	1	81	66	0.021195287604945597
16	1	81	95	0.012034197735065666
16	1	81	78	0.012034197735065666
16	1	82	2	0.1273894657913323
16	1	82	55	0.10329556599715405
16	1	82	0	0.10329556599715405
16	1	82	15	0.10329556599715405
16	1	82	46	0.10329556599715405
16	1	82	69	0.10329556599715405
16	1	82	21	0.04565087187411229
16	1	82	12	0.04565087187411229
16	1	82	88	0.027631470124867333
16	1	82	38	0.027631470124867333
16	1	82	53	0.027631470124867333
16	1	82	98	0.02067569455498409
16	1	82	17	0.01594981412228925
16	1	82	19	0.01594981412228925
16	1	82	8	0.02067569455498409
16	1	82	24	0.02067569455498409
16	1	82	14	0.02067569455498409
16	1	82	62	0.02067569455498409
16	1	82	74	0.00020008471726474326
16	1	82	5	0.012286021489745487
16	1	82	10	0.012286021489745487
16	1	83	2	0.12488558363393065
16	1	83	15	0.12488558363393065
16	1	83	55	0.12488558363393065
16	1	83	0	0.09602932524120326
16	1	83	12	0.046834089572768495
16	1	83	69	0.046834089572768495
16	1	83	46	0.046834089572768495
16	1	83	21	0.046834089572768495
16	1	83	38	0.024951623706138407
16	1	83	98	0.02051189046607317
16	1	83	19	0.02051189046607317
16	1	83	17	0.02051189046607317
16	1	83	14	0.02051189046607317
16	1	83	63	0.02051189046607317
16	1	83	74	0.02051189046607317
16	1	83	62	0.02051189046607317
16	1	83	53	0.02051189046607317
16	1	83	88	0.02051189046607317
16	1	83	1	0.02051189046607317
16	1	83	5	0.0017477005597266273
16	1	83	86	0.0017477005597266273
16	1	84	55	0.07425942291427587
16	1	84	2	0.07425942291427587
16	1	84	46	0.05706092889212046
16	1	84	12	0.047999415550820906
16	1	84	53	0.05706092889212046
16	1	84	38	0.05706092889212046
16	1	84	0	0.05706092889212046
16	1	84	69	0.03216511157157784
16	1	84	21	0.03216511157157784
16	1	84	15	0.024652073146882763
16	1	84	14	0.003533018034403914
16	1	84	71	0.02442156158181768
16	1	84	76	0.02442156158181768
16	1	84	98	0.02442156158181768
16	1	84	40	0.02442156158181768
16	1	84	60	0.011214950677341727
16	1	84	52	0.011214950677341727
16	1	84	62	0.011214950677341727
16	1	84	86	0.011214950677341727
16	1	84	54	0.011214950677341727
16	1	84	63	0.011214950677341727
16	1	85	2	0.17674003712999367
16	1	85	69	0.07424397712544092
16	1	85	55	0.07424397712544092
16	1	85	46	0.06307640198703042
16	1	85	63	0.017832035522338984
16	1	85	12	0.03962177912641959
16	1	85	15	0.03962177912641959
16	1	85	38	0.017301451545809733
16	1	85	1	0.016026823246755275
16	1	85	28	0.016026823246755275
16	1	85	23	0.016026823246755275
16	1	85	19	0.016026823246755275
16	1	85	74	0.017301451545809733
16	1	85	71	0.017301451545809733
16	1	85	98	0.017301451545809733
16	1	85	53	0.017301451545809733
16	1	85	60	0.016026823246755275
16	1	85	62	0.016026823246755275
16	1	85	24	0.0016498085555434105
16	1	85	88	0.006419621411654999
16	1	85	100	0.006419621411654999
16	1	86	2	0.13262081575037749
16	1	86	15	0.10305650346275844
16	1	86	46	0.09112308411066461
16	1	86	55	0.09112308411066461
16	1	86	88	0.027590663653671178
16	1	86	69	0.027590663653671178
16	1	86	74	0.027590663653671178
16	1	86	53	0.027590663653671178
16	1	86	38	0.027590663653671178
16	1	86	12	0.027590663653671178
16	1	86	0	0.027590663653671178
16	1	86	17	0.027590663653671178
16	1	86	98	0.02155556576080307
16	1	86	23	0.02155556576080307
16	1	86	54	0.021494564755400094
16	1	86	29	0.021494564755400094
16	1	86	10	0.021494564755400094
16	1	86	19	0.021494564755400094
16	1	86	14	0.00858842363964273
16	1	86	24	0.00858842363964273
16	1	86	5	0.021494564755400094
16	1	86	42	0.021494564755400094
16	1	87	2	0.08749207160297315
16	1	87	15	0.08749207160297315
16	1	87	55	0.08749207160297315
16	1	87	88	0.038183786645701684
16	1	87	46	0.038183786645701684
16	1	87	62	0.038183786645701684
16	1	87	1	0.038183786645701684
16	1	87	0	0.038183786645701684
16	1	87	24	0.038183786645701684
16	1	87	14	0.038183786645701684
16	1	87	36	0.038183786645701684
16	1	87	16	0.029598636890636177
16	1	87	38	0.029598636890636177
16	1	87	9	0.029598636890636177
16	1	87	7	0.029598636890636177
16	1	87	53	0.029598636890636177
16	1	87	10	0.013899676035837511
16	1	87	69	0.013349789297473042
16	1	87	13	0.011345736054237568
16	1	87	17	0.010971551972301853
16	1	87	11	0.010971551972301853
16	1	88	2	0.1432344013619674
16	1	88	55	0.11960360270342091
16	1	88	15	0.06547196271263508
16	1	88	0	0.0587654925669172
16	1	88	53	0.0587654925669172
16	1	88	46	0.0587654925669172
16	1	88	69	0.0587654925669172
16	1	88	38	0.05608341482426571
16	1	88	63	0.04418651649519185
16	1	88	17	0.025358766019443504
16	1	88	1	0.025358766019443504
16	1	88	88	0.021341584926343853
16	1	88	80	0.021341584926343853
16	1	88	98	0.021341584926343853
16	1	88	95	0.013022247055780976
16	1	88	86	0.013022247055780976
16	1	88	36	0.006620565884986276
16	1	88	14	0.006620565884986276
16	1	88	51	0.007061710934899632
16	1	88	76	0.007061710934899632
16	1	88	71	0.007061710934899632
16	1	88	10	0.006620565884986276
16	1	88	29	0.006620565884986276
16	1	88	12	0.006620565884986276
16	1	88	21	0.006620565884986276
16	1	89	2	0.108031528472612
16	1	89	15	0.10080504557531075
16	1	89	55	0.10080504557531075
16	1	89	0	0.08304202601567733
16	1	89	69	0.08304202601567733
16	1	89	46	0.08304202601567733
16	1	89	38	0.08304202601567733
16	1	89	12	0.08304202601567733
16	1	89	21	0.08304202601567733
16	1	89	53	0.08304202601567733
16	1	89	98	0.08304202601567733
16	1	89	88	0.08304202601567733
16	1	89	62	0.08304202601567733
16	1	89	86	0.01217011130146822
16	1	89	22	0.01023875528837631
16	1	89	19	0.01217011130146822
16	1	89	74	0.01217011130146822
16	1	89	76	0.01217011130146822
16	1	89	17	0.004491017923491673
16	1	89	13	0.0038596850626419284
16	1	89	14	0.01023875528837631
16	1	89	24	0.01023875528837631
16	1	90	2	0.1300731933646316
16	1	90	55	0.09759851531868836
16	1	90	46	0.09759851531868836
16	1	90	15	0.09759851531868836
16	1	90	21	0.09759851531868836
16	1	90	0	0.09759851531868836
16	1	90	69	0.04822707732956853
16	1	90	53	0.04822707732956853
16	1	90	38	0.04822707732956853
16	1	90	62	0.034128329693953505
16	1	90	98	0.034128329693953505
16	1	90	74	0.025964679451082977
16	1	90	14	0.011066360249613601
16	1	90	22	0.011066360249613601
16	1	90	24	0.005724894244778006
16	1	90	1	0.025964679451082977
16	1	90	71	0.025964679451082977
16	1	90	76	0.025964679451082977
16	1	90	63	0.025964679451082977
16	1	90	86	0.004255964205025861
16	1	91	2	0.10689812443751201
16	1	91	15	0.08664711935876063
16	1	91	55	0.0826752919349915
16	1	91	0	0.07637638993644129
16	1	91	69	0.07637638993644129
16	1	91	46	0.07637638993644129
16	1	91	21	0.07249928852217966
16	1	91	12	0.07249928852217966
16	1	91	88	0.023827786540565755
16	1	91	19	0.023827786540565755
16	1	91	98	0.023827786540565755
16	1	91	53	0.023827786540565755
16	1	91	38	0.023827786540565755
16	1	91	74	0.023827786540565755
16	1	91	62	0.023827786540565755
16	1	91	24	0.011045700244880594
16	1	91	5	0.016117186404001324
16	1	91	23	0.016117186404001324
16	1	91	10	0.0034175467291263513
16	1	91	22	0.011045700244880594
16	1	91	13	0.007800469878761255
16	1	92	2	0.17994189289239107
16	1	92	15	0.17994189289239107
16	1	92	19	0.13404147635387853
16	1	92	62	0.13404147635387853
16	1	92	55	0.13404147635387853
16	1	92	38	0.13404147635387853
16	1	92	53	0.13404147635387853
16	1	92	36	0.13404147635387853
16	1	92	29	0.032145433919877175
16	1	92	12	0.13404147635387853
16	1	92	5	0.13404147635387853
16	1	92	6	0.13404147635387853
16	1	92	28	0.032145433919877175
16	1	92	1	0.032145433919877175
16	1	92	0	0.032145433919877175
16	1	92	27	0.02193880088717256
16	1	92	16	0.016277141729018254
16	1	92	94	0.02193880088717256
16	1	92	35	0.01111750347692425
16	1	92	74	0.02193880088717256
16	1	92	69	0.02193880088717256
16	1	92	100	0.02193880088717256
16	1	93	2	0.11315584515966712
16	1	93	15	0.10949258108759174
16	1	93	55	0.08604314040860389
16	1	93	0	0.05415660066473227
16	1	93	69	0.060842484366818224
16	1	93	46	0.060842484366818224
16	1	93	21	0.05415660066473227
16	1	93	12	0.03444193511063292
16	1	93	38	0.03444193511063292
16	1	93	22	0.021902707888128165
16	1	93	88	0.03444193511063292
16	1	93	62	0.03444193511063292
16	1	93	74	0.03444193511063292
16	1	93	98	0.03444193511063292
16	1	93	53	0.03444193511063292
16	1	93	71	0.026593230925387557
16	1	93	40	0.026593230925387557
16	1	93	63	0.011279114580212626
16	1	93	42	0.0022033436045396
16	1	93	14	0.014185484398554772
16	1	93	24	0.014185484398554772
16	1	93	13	0.014185484398554772
16	1	94	2	0.11744795147400929
16	1	94	15	0.11383297921860465
16	1	94	55	0.09051691584326034
16	1	94	0	0.07876905837539384
16	1	94	69	0.07876905837539384
16	1	94	46	0.07876905837539384
16	1	94	38	0.05270033481409376
16	1	94	21	0.05991683743627277
16	1	94	12	0.05991683743627277
16	1	94	24	0.012804065329512896
16	1	94	53	0.05270033481409376
16	1	94	62	0.05270033481409376
16	1	94	98	0.05270033481409376
16	1	94	88	0.05270033481409376
16	1	94	86	0.05270033481409376
16	1	94	74	0.05270033481409376
16	1	94	71	0.01281758839117336
16	1	94	63	0.01281758839117336
16	1	94	40	0.006618517223342322
16	1	94	14	0.004869761771911189
16	1	94	19	0.004869761771911189
16	1	95	2	0.10296419539069829
16	1	95	55	0.10296419539069829
16	1	95	15	0.061089184031820294
16	1	95	0	0.05094567090251902
16	1	95	21	0.05094567090251902
16	1	95	69	0.05094567090251902
16	1	95	46	0.05094567090251902
16	1	95	62	0.05094567090251902
16	1	95	12	0.05094567090251902
16	1	95	17	0.023830625933423995
16	1	95	38	0.05094567090251902
16	1	95	88	0.05094567090251902
16	1	95	74	0.023830625933423995
16	1	95	40	0.023830625933423995
16	1	95	23	0.023830625933423995
16	1	95	60	0.023830625933423995
16	1	95	53	0.023830625933423995
16	1	95	10	0.023830625933423995
16	1	95	76	0.023830625933423995
16	1	95	24	0.01646876110765098
16	1	96	2	0.15489268410724008
16	1	96	15	0.07860676528001607
16	1	96	0	0.07501656459237653
16	1	96	17	0.03018057131993805
16	1	96	69	0.07501656459237653
16	1	96	46	0.07501656459237653
16	1	96	55	0.07501656459237653
16	1	96	88	0.03018057131993805
16	1	96	38	0.03018057131993805
16	1	96	53	0.03018057131993805
16	1	96	74	0.03018057131993805
16	1	96	98	0.03018057131993805
16	1	96	21	0.02300104723393768
16	1	96	62	0.02300104723393768
16	1	96	12	0.02300104723393768
16	1	96	19	0.02300104723393768
16	1	96	52	0.012566760426338941
16	1	96	1	0.007999196674774677
16	1	96	34	0.02300104723393768
16	1	96	22	0.02300104723393768
16	1	96	14	0.02300104723393768
16	1	97	55	0.14435956862343108
16	1	97	2	0.14435956862343108
16	1	97	15	0.14435956862343108
16	1	97	0	0.034426528982597834
16	1	97	46	0.08318981388167326
16	1	97	69	0.08318981388167326
16	1	97	12	0.032716730135393224
16	1	97	38	0.030908345736687718
16	1	97	53	0.030908345736687718
16	1	97	21	0.021124536158477984
16	1	97	10	0.01719361065757654
16	1	97	40	0.030908345736687718
16	1	97	98	0.030908345736687718
16	1	97	62	0.030908345736687718
16	1	97	60	0.030908345736687718
16	1	97	71	0.01769390663589446
16	1	97	76	0.01769390663589446
16	1	97	59	0.01666253381745849
16	1	97	19	0.01666253381745849
16	1	97	17	0.01666253381745849
16	1	98	15	0.07410103767611326
16	1	98	2	0.07410103767611326
16	1	98	0	0.07410103767611326
16	1	98	98	0.07410103767611326
16	1	98	21	0.05686494161948483
16	1	98	55	0.07410103767611326
16	1	98	69	0.07410103767611326
16	1	98	46	0.07410103767611326
16	1	98	62	0.07410103767611326
16	1	98	12	0.02423708823369612
16	1	98	71	0.02423708823369612
16	1	98	14	0.02423708823369612
16	1	98	22	0.02423708823369612
16	1	98	23	0.02423708823369612
16	1	98	28	0.02423708823369612
16	1	98	29	0.02423708823369612
16	1	98	76	0.01730431732333285
16	1	98	74	0.01730431732333285
16	1	98	24	0.02423708823369612
16	1	98	13	0.02423708823369612
16	1	99	2	0.1343908987463506
16	1	99	15	0.09926457915805169
16	1	99	0	0.09926457915805169
16	1	99	55	0.09022290239538996
16	1	99	46	0.09022290239538996
16	1	99	69	0.09022290239538996
16	1	99	12	0.024568480933536422
16	1	99	38	0.03659030449832846
16	1	99	53	0.03659030449832846
16	1	99	14	0.024568480933536422
16	1	99	24	0.024568480933536422
16	1	99	74	0.03659030449832846
16	1	99	98	0.03659030449832846
16	1	99	88	0.03659030449832846
16	1	99	62	0.03659030449832846
16	1	99	76	0.01541174399127757
16	1	99	40	0.0011966410142241265
16	1	99	21	0.024568480933536422
16	1	99	22	0.024568480933536422
16	1	99	19	0.024568480933536422
16	1	100	55	0.2325084802063608
16	1	100	2	0.1513907374154091
16	1	100	28	0.05890699363996493
16	1	100	11	0.05890699363996493
16	1	100	69	0.05890699363996493
16	1	100	46	0.05890699363996493
16	1	100	99	0.05890699363996493
16	1	100	0	0.05890699363996493
16	1	100	21	0.025135537122738645
16	1	100	86	0.025135537122738645
16	1	100	22	0.025135537122738645
16	1	100	6	0.025135537122738645
16	1	100	24	0.01640493106702875
16	1	100	80	0.025135537122738645
16	1	100	52	0.025135537122738645
16	1	100	59	0.01414827205750456
16	1	100	34	0.011404616446985405
16	1	100	13	0.011404616446985405
16	1	100	12	0.006591401015261597
16	1	100	3	0.009700548575673207
16	1	100	51	0.009700548575673207
16	10	1	2	0.1426468069970154
16	10	1	15	0.1426468069970154
16	10	1	55	0.1426468069970154
16	10	1	69	0.05413570690787547
16	10	1	46	0.05413570690787547
16	10	1	12	0.05413570690787547
16	10	1	0	0.05413570690787547
16	10	1	88	0.03819792770648452
16	10	1	53	0.03819792770648452
16	10	1	22	0.030667524895651683
16	10	1	98	0.030667524895651683
16	10	1	38	0.030667524895651683
16	10	1	17	0.030667524895651683
16	10	1	63	0.030667524895651683
16	10	1	62	0.030667524895651683
16	10	1	71	0.019167491171327475
16	10	1	76	0.006707858944751942
16	10	1	24	0.006822853212534757
16	10	1	21	0.006822853212534757
16	10	1	34	0.005564057708518163
16	10	2	2	0.18177779114240047
16	10	2	55	0.11523583206380847
16	10	2	15	0.055906035455009606
16	10	2	0	0.05503528816477384
16	10	2	62	0.04975278484709998
16	10	2	74	0.04975278484709998
16	10	2	21	0.04975278484709998
16	10	2	1	0.04975278484709998
16	10	2	98	0.04975278484709998
16	10	2	12	0.04975278484709998
16	10	2	69	0.04975278484709998
16	10	2	46	0.04975278484709998
16	10	2	38	0.046974079972185695
16	10	2	53	0.046974079972185695
16	10	2	19	0.012511680195485406
16	10	2	28	0.046974079972185695
16	10	2	29	0.046974079972185695
16	10	2	63	0.005220924289421998
16	10	2	24	0.012493367412797156
16	10	2	14	0.012493367412797156
16	10	2	22	0.012493367412797156
16	10	3	15	0.3165586646894154
16	10	3	2	0.06604564622278539
16	10	3	86	0.06604564622278539
16	10	3	0	0.06604564622278539
16	10	3	55	0.06557151231404061
16	10	3	88	0.06557151231404061
16	10	3	74	0.06557151231404061
16	10	3	80	0.050007618542032756
16	10	3	23	0.050007618542032756
16	10	3	63	0.050007618542032756
16	10	3	46	0.050007618542032756
16	10	3	29	0.050007618542032756
16	10	3	98	0.050007618542032756
16	10	3	36	0.050007618542032756
16	10	3	69	0.005373130373001479
16	10	3	52	0.050007618542032756
16	10	3	16	0.050007618542032756
16	10	3	27	0.050007618542032756
16	10	3	12	0.013134553477517664
16	10	3	13	0.013134553477517664
16	10	3	14	0.008699326610674811
16	10	4	2	0.13371304095002504
16	10	4	15	0.13371304095002504
16	10	4	55	0.055919627908619984
16	10	4	46	0.055919627908619984
16	10	4	69	0.055919627908619984
16	10	4	62	0.035272835676690546
16	10	4	0	0.035272835676690546
16	10	4	21	0.023218325934415095
16	10	4	29	0.035272835676690546
16	10	4	86	0.035272835676690546
16	10	4	28	0.02762607964819528
16	10	4	12	0.023218325934415095
16	10	4	9	0.023218325934415095
16	10	4	88	0.023218325934415095
16	10	4	24	0.023218325934415095
16	10	4	14	0.023218325934415095
16	10	4	34	0.023218325934415095
16	10	4	19	0.023218325934415095
16	10	4	22	0.012322991831474027
16	10	4	8	0.012322991831474027
16	10	5	2	0.10730056978959858
16	10	5	15	0.09091553608905344
16	10	5	55	0.07311779318625275
16	10	5	0	0.07311779318625275
16	10	5	38	0.07311779318625275
16	10	5	21	0.05305014490681133
16	10	5	69	0.07311779318625275
16	10	5	46	0.07311779318625275
16	10	5	98	0.03308107684467752
16	10	5	53	0.03308107684467752
16	10	5	14	0.024618819062263146
16	10	5	62	0.026858943853999007
16	10	5	36	0.026858943853999007
16	10	5	51	0.026858943853999007
16	10	5	1	0.026858943853999007
16	10	5	24	0.012443426034732178
16	10	5	5	0.026858943853999007
16	10	5	19	0.026858943853999007
16	10	5	12	0.026858943853999007
16	10	5	63	0.026858943853999007
16	10	6	2	0.19574986419375393
16	10	6	15	0.19574986419375393
16	10	6	55	0.06448027961861712
16	10	6	38	0.04444469060909758
16	10	6	53	0.04444469060909758
16	10	6	63	0.04194212978593508
16	10	6	17	0.04194212978593508
16	10	6	0	0.04194212978593508
16	10	6	10	0.04194212978593508
16	10	6	12	0.04194212978593508
16	10	6	7	0.04194212978593508
16	10	6	24	0.003761670712062737
16	10	6	76	0.04194212978593508
16	10	6	69	0.04194212978593508
16	10	6	46	0.04194212978593508
16	10	6	71	0.04194212978593508
16	10	6	86	0.02799986984895365
16	10	6	60	0.018358220760587154
16	10	6	40	0.018358220760587154
16	10	6	98	0.017928447454866794
16	10	7	2	0.15586036804097406
16	10	7	15	0.15586036804097406
16	10	7	55	0.07434189863270231
16	10	7	46	0.07434189863270231
16	10	7	69	0.07434189863270231
16	10	7	0	0.04487118325137517
16	10	7	12	0.04487118325137517
16	10	7	98	0.04487118325137517
16	10	7	88	0.04487118325137517
16	10	7	28	0.027307341936703065
16	10	7	74	0.027307341936703065
16	10	7	21	0.027307341936703065
16	10	7	14	0.027307341936703065
16	10	7	40	0.014972155603113688
16	10	7	22	0.014972155603113688
16	10	7	19	0.0066485889731761885
16	10	7	7	0.0066485889731761885
16	10	7	17	0.0018484059898742217
16	10	7	71	0.014972155603113688
16	10	7	63	0.014972155603113688
16	10	7	1	0.014972155603113688
16	10	7	62	0.014972155603113688
16	10	7	60	0.014972155603113688
16	10	8	15	0.11936913697547365
16	10	8	2	0.10123955443486578
16	10	8	0	0.09293864911546233
16	10	8	69	0.09293864911546233
16	10	8	46	0.09293864911546233
16	10	8	53	0.040327450018518146
16	10	8	21	0.040327450018518146
16	10	8	86	0.040327450018518146
16	10	8	1	0.030116642658236326
16	10	8	74	0.040327450018518146
16	10	8	55	0.040327450018518146
16	10	8	12	0.030116642658236326
16	10	8	88	0.012379890816730266
16	10	8	22	0.008966428058892204
16	10	8	14	0.008966428058892204
16	10	8	24	0.008966428058892204
16	10	8	13	0.008966428058892204
16	10	8	19	0.012379890816730266
16	10	8	76	0.012379890816730266
16	10	8	28	0.012379890816730266
16	10	8	98	0.012379890816730266
16	10	8	62	0.012379890816730266
16	10	8	34	0.008966428058892204
16	10	9	2	0.24084511299764252
16	10	9	12	0.03727826250104125
16	10	9	55	0.06161597054029702
16	10	9	69	0.06161597054029702
16	10	9	46	0.06161597054029702
16	10	9	62	0.030538371642558952
16	10	9	38	0.030538371642558952
16	10	9	53	0.030538371642558952
16	10	9	86	0.030538371642558952
16	10	9	74	0.030538371642558952
16	10	9	88	0.030538371642558952
16	10	9	98	0.030538371642558952
16	10	9	63	0.030538371642558952
16	10	9	99	0.030538371642558952
16	10	9	80	0.030538371642558952
16	10	9	40	0.017593835163907178
16	10	9	9	0.005751748377196893
16	10	9	100	0.008178213755299075
16	10	9	94	0.008178213755299075
16	10	9	60	0.008178213755299075
16	10	9	71	0.006898503718830101
16	10	10	55	0.14127334312278983
16	10	10	88	0.14127334312278983
16	10	10	46	0.14127334312278983
16	10	10	69	0.14127334312278983
16	10	10	53	0.07774657842019105
16	10	10	2	0.07774657842019105
16	10	10	0	0.07774657842019105
16	10	10	38	0.07774657842019105
16	10	10	76	0.07774657842019105
16	10	10	54	0.07774657842019105
16	10	10	29	0.07774657842019105
16	10	10	15	0.07774657842019105
16	10	10	99	0.07774657842019105
16	10	10	56	0.07774657842019105
16	10	10	21	0.03021235605279734
16	10	10	22	0.03021235605279734
16	10	10	62	0.03021235605279734
16	10	10	84	0.014330082597936156
16	10	10	98	0.014330082597936156
16	10	10	13	0.03021235605279734
16	10	10	34	0.03021235605279734
16	10	10	52	0.026200831146160074
16	10	11	62	0.12710156528114766
16	10	11	0	0.12710156528114766
16	10	11	74	0.12710156528114766
16	10	11	55	0.12710156528114766
16	10	11	69	0.12710156528114766
16	10	11	46	0.12710156528114766
16	10	11	1	0.09114157761729509
16	10	11	36	0.03378105223612623
16	10	11	71	0.048496491615196424
16	10	11	76	0.048496491615196424
16	10	11	38	0.048496491615196424
16	10	11	53	0.048496491615196424
16	10	11	86	0.02956026722595744
16	10	11	23	0.0178545450508964
16	10	11	52	0.020151084645183243
16	10	11	70	0.020151084645183243
16	10	11	9	0.012673129829538794
16	10	11	17	0.0178545450508964
16	10	11	88	0.0178545450508964
16	10	11	60	0.010435564115756975
16	10	11	21	0.012673129829538794
16	10	12	0	0.09099856978724767
16	10	12	12	0.02357672055799717
16	10	12	69	0.09099856978724767
16	10	12	46	0.09099856978724767
16	10	12	55	0.09099856978724767
16	10	12	38	0.03985509430193472
16	10	12	53	0.03985509430193472
16	10	12	62	0.027175288382366002
16	10	12	76	0.027175288382366002
16	10	12	24	0.023223506958196357
16	10	12	28	0.023223506958196357
16	10	12	21	0.023223506958196357
16	10	12	40	0.012210819891340168
16	10	12	17	0.023223506958196357
16	10	12	10	0.023223506958196357
16	10	12	7	0.023223506958196357
16	10	12	60	0.012210819891340168
16	10	12	88	0.012210819891340168
16	10	12	71	0.012210819891340168
16	10	12	22	0.023223506958196357
16	10	12	14	0.023223506958196357
16	10	12	34	0.02266917725623823
16	10	12	13	0.02266917725623823
16	10	13	2	0.14519554503570414
16	10	13	0	0.10347457588678499
16	10	13	55	0.06758294758020805
16	10	13	15	0.06124494220802319
16	10	13	69	0.06758294758020805
16	10	13	46	0.06758294758020805
16	10	13	14	0.04295951979324946
16	10	13	12	0.06124494220802319
16	10	13	74	0.06124494220802319
16	10	13	62	0.06124494220802319
16	10	13	38	0.06124494220802319
16	10	13	28	0.040843794120174776
16	10	13	22	0.04295951979324946
16	10	13	24	0.04295951979324946
16	10	13	21	0.040843794120174776
16	10	13	71	0.040843794120174776
16	10	13	16	0.040843794120174776
16	10	13	19	0.040843794120174776
16	10	13	5	0.040843794120174776
16	10	13	6	0.040843794120174776
16	10	14	15	0.20802735943379497
16	10	14	55	0.14993175696813976
16	10	14	0	0.0798997806116533
16	10	14	2	0.0798997806116533
16	10	14	46	0.0798997806116533
16	10	14	69	0.0798997806116533
16	10	14	88	0.036213430506627266
16	10	14	9	0.036213430506627266
16	10	14	21	0.036213430506627266
16	10	14	62	0.036213430506627266
16	10	14	63	0.036213430506627266
16	10	14	1	0.024808545242399865
16	10	14	98	0.024808545242399865
16	10	14	12	0.024808545242399865
16	10	14	28	0.024808545242399865
16	10	14	74	0.010489600180965208
16	10	14	40	0.010489600180965208
16	10	14	80	0.010489600180965208
16	10	14	68	0.010489600180965208
16	10	14	100	0.006961904857088621
16	10	15	15	0.1379049972186314
16	10	15	2	0.13606056826292653
16	10	15	55	0.13606056826292653
16	10	15	46	0.13606056826292653
16	10	15	69	0.13606056826292653
16	10	15	28	0.022755250354058704
16	10	15	62	0.022755250354058704
16	10	15	74	0.020572531700432422
16	10	15	23	0.022755250354058704
16	10	15	21	0.022755250354058704
16	10	15	22	0.022755250354058704
16	10	15	14	0.022755250354058704
16	10	15	24	0.022755250354058704
16	10	15	12	0.022755250354058704
16	10	15	0	0.022755250354058704
16	10	15	53	0.01679572752814879
16	10	15	38	0.01679572752814879
16	10	15	71	0.008983249226048037
16	10	15	13	0.022755250354058704
16	10	15	34	0.022755250354058704
16	10	15	8	0.022755250354058704
16	10	15	17	0.022755250354058704
16	10	15	10	0.006150029926491657
16	10	16	46	0.1030171153942584
16	10	16	69	0.1030171153942584
16	10	16	55	0.09733480317419511
16	10	16	15	0.09733480317419511
16	10	16	88	0.09733480317419511
16	10	16	12	0.09733480317419511
16	10	16	98	0.09733480317419511
16	10	16	9	0.03575524857289101
16	10	16	100	0.04290821353964048
16	10	16	99	0.04290821353964048
16	10	16	51	0.033683801928788726
16	10	16	20	0.019212425006817187
16	10	16	86	0.019212425006817187
16	10	16	63	0.019212425006817187
16	10	16	42	0.019212425006817187
16	10	16	40	0.019212425006817187
16	10	16	75	0.019212425006817187
16	10	16	94	0.019212425006817187
16	10	16	58	0.019212425006817187
16	10	16	81	0.011019331906730658
16	10	17	55	0.13553889791224497
16	10	17	63	0.08128089537461411
16	10	17	6	0.05144525673409155
16	10	17	46	0.08128089537461411
16	10	17	69	0.08128089537461411
16	10	17	2	0.05144525673409155
16	10	17	53	0.05144525673409155
16	10	17	12	0.05144525673409155
16	10	17	23	0.05144525673409155
16	10	17	76	0.05144525673409155
16	10	17	28	0.05144525673409155
16	10	17	19	0.05144525673409155
16	10	17	21	0.027306209449648896
16	10	17	71	0.05144525673409155
16	10	17	38	0.05144525673409155
16	10	17	52	0.027306209449648896
16	10	17	13	0.004592813335313063
16	10	17	5	0.027306209449648896
16	10	17	0	0.027306209449648896
16	10	17	14	0.004592813335313063
16	10	18	2	0.11613383525504441
16	10	18	15	0.11613383525504441
16	10	18	0	0.0754714938842036
16	10	18	55	0.06436345902076442
16	10	18	12	0.057021615036637885
16	10	18	36	0.057021615036637885
16	10	18	62	0.057021615036637885
16	10	18	46	0.057021615036637885
16	10	18	69	0.057021615036637885
16	10	18	98	0.057021615036637885
16	10	18	21	0.028381464125290058
16	10	18	28	0.022811227257668383
16	10	18	40	0.028381464125290058
16	10	18	60	0.028381464125290058
16	10	18	16	0.028381464125290058
16	10	18	74	0.028381464125290058
16	10	18	19	0.012375293050121765
16	10	18	6	0.012375293050121765
16	10	18	22	0.008133410728857362
16	10	18	100	0.008133410728857362
16	10	18	86	0.008133410728857362
16	10	19	0	0.1842669919821631
16	10	19	62	0.1842669919821631
16	10	19	86	0.1842669919821631
16	10	19	51	0.048348066677426596
16	10	19	15	0.048348066677426596
16	10	19	17	0.048348066677426596
16	10	19	12	0.048348066677426596
16	10	19	6	0.048348066677426596
16	10	19	7	0.048348066677426596
16	10	19	10	0.048348066677426596
16	10	19	19	0.048348066677426596
16	10	19	76	0.048348066677426596
16	10	19	1	0.048348066677426596
16	10	19	93	0.048348066677426596
16	10	19	5	0.048348066677426596
16	10	19	74	0.048348066677426596
16	10	19	27	0.048348066677426596
16	10	19	9	0.048348066677426596
16	10	19	4	0.048348066677426596
16	10	19	75	0.008438966309955203
16	10	20	2	0.14744071449160193
16	10	20	15	0.14744071449160193
16	10	20	55	0.08522071584089475
16	10	20	21	0.028503138167084646
16	10	20	69	0.08522071584089475
16	10	20	46	0.08522071584089475
16	10	20	12	0.028503138167084646
16	10	20	88	0.02621259502216161
16	10	20	38	0.02621259502216161
16	10	20	53	0.02621259502216161
16	10	20	74	0.021042857981857132
16	10	20	98	0.021042857981857132
16	10	20	0	0.021042857981857132
16	10	20	14	0.02075528910486981
16	10	20	76	0.01856079217481825
16	10	20	71	0.01856079217481825
16	10	20	22	0.02075528910486981
16	10	20	24	0.02075528910486981
16	10	20	40	0.01856079217481825
16	10	20	60	0.01856079217481825
16	10	20	51	0.01856079217481825
16	10	20	63	0.01856079217481825
16	10	20	62	0.01856079217481825
16	10	21	74	0.09718091434362491
16	10	21	86	0.15811324140492092
16	10	21	80	0.15811324140492092
16	10	21	38	0.09718091434362491
16	10	21	53	0.09718091434362491
16	10	21	55	0.09718091434362491
16	10	21	71	0.09718091434362491
16	10	21	0	0.09718091434362491
16	10	21	76	0.058622851571228186
16	10	21	46	0.058622851571228186
16	10	21	69	0.024912423550352215
16	10	21	35	0.024912423550352215
16	10	21	14	0.024912423550352215
16	10	21	89	0.02200972796066955
16	10	21	2	0.024912423550352215
16	10	21	6	0.024912423550352215
16	10	21	19	0.024912423550352215
16	10	21	12	0.02200972796066955
16	10	21	21	0.02200972796066955
16	10	21	100	0.005535449681111824
16	10	22	2	0.1275242117452555
16	10	22	55	0.08596282787007888
16	10	22	17	0.08596282787007888
16	10	22	46	0.08596282787007888
16	10	22	69	0.08596282787007888
16	10	22	0	0.08596282787007888
16	10	22	86	0.08596282787007888
16	10	22	21	0.08596282787007888
16	10	22	98	0.08596282787007888
16	10	22	6	0.08596282787007888
16	10	22	12	0.08596282787007888
16	10	22	20	0.08596282787007888
16	10	22	53	0.05631897008746869
16	10	22	38	0.05631897008746869
16	10	22	74	0.05631897008746869
16	10	22	59	0.05517411823111944
16	10	22	40	0.05517411823111944
16	10	22	60	0.05517411823111944
16	10	22	19	0.05517411823111944
16	10	22	5	0.05517411823111944
16	10	23	15	0.13240159067024995
16	10	23	28	0.11155036476763494
16	10	23	1	0.08076365014419186
16	10	23	60	0.10133266985383133
16	10	23	40	0.10133266985383133
16	10	23	55	0.10133266985383133
16	10	23	24	0.08076365014419186
16	10	23	14	0.08076365014419186
16	10	23	76	0.036402277452045044
16	10	23	2	0.08076365014419186
16	10	23	21	0.08076365014419186
16	10	23	71	0.036402277452045044
16	10	23	62	0.036402277452045044
16	10	23	74	0.036402277452045044
16	10	23	38	0.036402277452045044
16	10	23	53	0.036402277452045044
16	10	23	13	0.010919651656859673
16	10	23	63	0.036402277452045044
16	10	23	46	0.036402277452045044
16	10	23	51	0.02542680177625133
16	10	23	69	0.02542680177625133
16	10	24	2	0.08578478018684138
16	10	24	15	0.08578478018684138
16	10	24	55	0.08578478018684138
16	10	24	0	0.08578478018684138
16	10	24	21	0.08578478018684138
16	10	24	46	0.08578478018684138
16	10	24	88	0.08578478018684138
16	10	24	69	0.08578478018684138
16	10	24	86	0.04465832383823795
16	10	24	29	0.08578478018684138
16	10	24	1	0.08578478018684138
16	10	24	36	0.039478680882927934
16	10	24	60	0.039478680882927934
16	10	24	71	0.039478680882927934
16	10	24	80	0.039478680882927934
16	10	24	6	0.039478680882927934
16	10	24	12	0.039478680882927934
16	10	24	16	0.039478680882927934
16	10	24	98	0.039478680882927934
16	10	24	38	0.039478680882927934
16	10	25	2	0.09931560366310539
16	10	25	88	0.09931560366310539
16	10	25	21	0.09931560366310539
16	10	25	15	0.09931560366310539
16	10	25	55	0.03837439601185121
16	10	25	0	0.03837439601185121
16	10	25	98	0.027899492091547837
16	10	25	86	0.027899492091547837
16	10	25	14	0.027899492091547837
16	10	25	38	0.027899492091547837
16	10	25	53	0.027899492091547837
16	10	25	22	0.027899492091547837
16	10	25	8	0.027899492091547837
16	10	25	34	0.027899492091547837
16	10	25	13	0.027899492091547837
16	10	25	24	0.027899492091547837
16	10	25	17	0.027899492091547837
16	10	25	10	0.027899492091547837
16	10	25	28	0.015794241893170947
16	10	25	80	0.015794241893170947
16	10	25	1	0.015794241893170947
16	10	25	7	0.015794241893170947
16	10	26	2	0.15073478168746887
16	10	26	15	0.15073478168746887
16	10	26	12	0.04895069824841222
16	10	26	55	0.07426288290040484
16	10	26	69	0.07426288290040484
16	10	26	46	0.07426288290040484
16	10	26	53	0.04895069824841222
16	10	26	38	0.04895069824841222
16	10	26	0	0.04895069824841222
16	10	26	98	0.04895069824841222
16	10	26	13	0.04895069824841222
16	10	26	21	0.04895069824841222
16	10	26	74	0.04895069824841222
16	10	26	62	0.04895069824841222
16	10	26	19	0.005987519222423693
16	10	26	40	0.04895069824841222
16	10	26	71	0.04895069824841222
16	10	26	88	0.04895069824841222
16	10	26	29	0.018208140123725368
16	10	26	80	0.005092834300907948
16	10	26	8	0.005987519222423693
16	10	27	69	0.14663799395241472
16	10	27	23	0.06486141349518623
16	10	27	24	0.06486141349518623
16	10	27	46	0.06486141349518623
16	10	27	55	0.06486141349518623
16	10	27	38	0.06486141349518623
16	10	27	62	0.06486141349518623
16	10	27	99	0.06486141349518623
16	10	27	95	0.06486141349518623
16	10	27	57	0.06486141349518623
16	10	27	53	0.06486141349518623
16	10	27	77	0.015926231528876046
16	10	27	22	0.06486141349518623
16	10	27	21	0.06486141349518623
16	10	27	13	0.06486141349518623
16	10	27	8	0.06486141349518623
16	10	27	34	0.06486141349518623
16	10	27	14	0.06486141349518623
16	10	27	96	0.015926231528876046
16	10	27	4	0.010060088960022607
16	10	27	32	0.010060088960022607
16	10	28	2	0.07338620153822516
16	10	28	0	0.07338620153822516
16	10	28	63	0.07338620153822516
16	10	28	55	0.07338620153822516
16	10	28	98	0.07338620153822516
16	10	28	69	0.07338620153822516
16	10	28	62	0.04671440712068716
16	10	28	88	0.04671440712068716
16	10	28	25	0.03877924430590232
16	10	28	46	0.04671440712068716
16	10	28	29	0.03877924430590232
16	10	28	34	0.07338620153822516
16	10	28	8	0.07338620153822516
16	10	28	13	0.07338620153822516
16	10	28	22	0.07338620153822516
16	10	28	24	0.07338620153822516
16	10	28	21	0.07338620153822516
16	10	28	14	0.07338620153822516
16	10	28	15	0.04671440712068716
16	10	28	20	0.04671440712068716
16	10	29	2	0.13989520453683074
16	10	29	15	0.08458953149015654
16	10	29	21	0.08458953149015654
16	10	29	55	0.04708429610270567
16	10	29	98	0.03251175338970081
16	10	29	46	0.03251175338970081
16	10	29	23	0.03251175338970081
16	10	29	69	0.03251175338970081
16	10	29	12	0.03251175338970081
16	10	29	88	0.03251175338970081
16	10	29	74	0.03251175338970081
16	10	29	0	0.03251175338970081
16	10	29	28	0.03251175338970081
16	10	29	16	0.03251175338970081
16	10	29	19	0.03251175338970081
16	10	29	86	0.03251175338970081
16	10	29	27	0.03251175338970081
16	10	29	29	0.03251175338970081
16	10	29	33	0.00116102923138218
16	10	29	5	0.02516945932873874
16	10	29	17	0.02516945932873874
16	10	30	2	0.22551098745397768
16	10	30	0	0.1553897270270091
16	10	30	21	0.04609290822156445
16	10	30	62	0.04609290822156445
16	10	30	88	0.022662067299867996
16	10	30	74	0.022662067299867996
16	10	30	86	0.022662067299867996
16	10	30	1	0.022662067299867996
16	10	30	71	0.022662067299867996
16	10	30	53	0.022662067299867996
16	10	30	15	0.007765684242750769
16	10	30	98	0.022662067299867996
16	10	30	38	0.022662067299867996
16	10	30	55	0.022662067299867996
16	10	30	47	0.022662067299867996
16	10	30	42	0.022662067299867996
16	10	30	76	0.013397413553406009
16	10	30	69	0.013397413553406009
16	10	30	58	0.003815977543589757
16	10	30	23	0.007765684242750769
16	10	30	24	0.007765684242750769
16	10	31	15	0.14698948197412925
16	10	31	2	0.14698948197412925
16	10	31	0	0.10238713875939377
16	10	31	98	0.044643270577353455
16	10	31	21	0.044643270577353455
16	10	31	55	0.041109232538500164
16	10	31	69	0.041109232538500164
16	10	31	46	0.041109232538500164
16	10	31	53	0.03574847378333675
16	10	31	12	0.03574847378333675
16	10	31	36	0.027870453651345006
16	10	31	38	0.03574847378333675
16	10	31	24	0.02122473094009335
16	10	31	76	0.027870453651345006
16	10	31	14	0.02122473094009335
16	10	31	22	0.02122473094009335
16	10	31	88	0.027870453651345006
16	10	31	52	0.027870453651345006
16	10	31	71	0.027870453651345006
16	10	31	62	0.027870453651345006
16	10	32	2	0.2855469363638818
16	10	32	80	0.09895174549590106
16	10	32	0	0.09513251634706966
16	10	32	38	0.04690291146438232
16	10	32	98	0.04638387821916153
16	10	32	12	0.04690291146438232
16	10	32	19	0.04690291146438232
16	10	32	6	0.04690291146438232
16	10	32	28	0.04690291146438232
16	10	32	5	0.04690291146438232
16	10	32	86	0.021113474722296202
16	10	32	54	0.027995782592063014
16	10	32	46	0.027995782592063014
16	10	32	56	0.027995782592063014
16	10	32	52	0.027995782592063014
16	10	32	42	0.021113474722296202
16	10	32	69	0.0023825973534096676
16	10	32	15	0.011553101230707805
16	10	32	10	0.011553101230707805
16	10	32	7	0.011553101230707805
16	10	32	3	0.00288931468610994
16	10	33	55	0.14860969644276595
16	10	33	88	0.14428566734484247
16	10	33	2	0.06617919048683878
16	10	33	24	0.06617919048683878
16	10	33	36	0.06617919048683878
16	10	33	43	0.06617919048683878
16	10	33	46	0.06617919048683878
16	10	33	69	0.06617919048683878
16	10	33	54	0.029024801191118887
16	10	33	12	0.06617919048683878
16	10	33	7	0.06617919048683878
16	10	33	10	0.06617919048683878
16	10	33	68	0.029024801191118887
16	10	33	56	0.029024801191118887
16	10	33	1	0.029024801191118887
16	10	33	74	0.029024801191118887
16	10	33	40	0.023641734702907303
16	10	33	62	0.023641734702907303
16	10	33	47	0.023641734702907303
16	10	33	60	0.023641734702907303
16	10	33	76	0.023641734702907303
16	10	33	59	0.023641734702907303
16	10	33	95	0.023641734702907303
16	10	34	15	0.18180849547900696
16	10	34	6	0.0453620067589765
16	10	34	55	0.0896038922428333
16	10	34	46	0.0896038922428333
16	10	34	69	0.0896038922428333
16	10	34	2	0.052013459205200195
16	10	34	51	0.052013459205200195
16	10	34	71	0.052013459205200195
16	10	34	60	0.030103313653842206
16	10	34	98	0.030103313653842206
16	10	34	12	0.0453620067589765
16	10	34	86	0.0453620067589765
16	10	34	0	0.0453620067589765
16	10	34	1	0.0453620067589765
16	10	34	19	0.032654037905316485
16	10	34	80	0.032654037905316485
16	10	34	5	0.032654037905316485
16	10	34	33	0.032654037905316485
16	10	34	58	0.030103313653842206
16	10	34	52	0.030103313653842206
16	10	34	76	0.030103313653842206
16	10	34	39	0.00892549190614592
16	10	35	15	0.11472467924736174
16	10	35	0	0.11472467924736174
16	10	35	55	0.047445639084904366
16	10	35	46	0.047445639084904366
16	10	35	69	0.047445639084904366
16	10	35	98	0.047445639084904366
16	10	35	62	0.047445639084904366
16	10	35	12	0.04176895703957704
16	10	35	1	0.04176895703957704
16	10	35	88	0.04176895703957704
16	10	35	24	0.04176895703957704
16	10	35	21	0.04176895703957704
16	10	35	22	0.04176895703957704
16	10	35	23	0.04176895703957704
16	10	35	14	0.04176895703957704
16	10	35	6	0.04176895703957704
16	10	35	8	0.04176895703957704
16	10	35	38	0.04176895703957704
16	10	35	28	0.04176895703957704
16	10	35	53	0.04176895703957704
16	10	36	2	0.16099653199359054
16	10	36	55	0.09869347374544968
16	10	36	0	0.09869347374544968
16	10	36	15	0.09869347374544968
16	10	36	46	0.09869347374544968
16	10	36	12	0.04993825650328652
16	10	36	86	0.04993825650328652
16	10	36	62	0.04993825650328652
16	10	36	69	0.04993825650328652
16	10	36	38	0.04993825650328652
16	10	36	19	0.03543858688297618
16	10	36	88	0.04993825650328652
16	10	36	71	0.04993825650328652
16	10	36	76	0.04993825650328652
16	10	36	21	0.03543858688297618
16	10	36	98	0.03543858688297618
16	10	36	5	0.03543858688297618
16	10	36	6	0.03543858688297618
16	10	36	74	0.011647890744803447
16	10	36	24	0.0021749330392899957
16	10	37	2	0.19822760634377493
16	10	37	62	0.18202155602799627
16	10	37	98	0.06422309539918783
16	10	37	86	0.06422309539918783
16	10	37	36	0.06422309539918783
16	10	37	15	0.06422309539918783
16	10	37	76	0.03614305465093976
16	10	37	29	0.06422309539918783
16	10	37	16	0.06422309539918783
16	10	37	12	0.06422309539918783
16	10	37	71	0.03614305465093976
16	10	37	38	0.02381233146831555
16	10	37	43	0.02381233146831555
16	10	37	28	0.02381233146831555
16	10	37	19	0.02381233146831555
16	10	37	6	0.02381233146831555
16	10	37	27	0.02381233146831555
16	10	37	21	0.013517735751499525
16	10	37	5	0.013517735751499525
16	10	37	53	0.00391935126839703
16	10	38	2	0.20924951208529075
16	10	38	55	0.1179342788658012
16	10	38	15	0.09260816574906101
16	10	38	0	0.09260816574906101
16	10	38	9	0.02673793852700793
16	10	38	62	0.02673793852700793
16	10	38	46	0.02673793852700793
16	10	38	69	0.02673793852700793
16	10	38	98	0.02509505227003455
16	10	38	63	0.02509505227003455
16	10	38	88	0.02509505227003455
16	10	38	76	0.02059728454961161
16	10	38	71	0.018323738501800208
16	10	38	21	0.018323738501800208
16	10	38	12	0.018323738501800208
16	10	38	36	0.018323738501800208
16	10	38	86	0.018323738501800208
16	10	38	53	0.013029672887232354
16	10	38	24	0.016660567374905667
16	10	38	80	0.016660567374905667
16	10	39	2	0.12168169543970235
16	10	39	62	0.07110398904076448
16	10	39	21	0.03232205351191176
16	10	39	22	0.03232205351191176
16	10	39	46	0.03647817786455535
16	10	39	55	0.03647817786455535
16	10	39	0	0.03647817786455535
16	10	39	54	0.026512779795777746
16	10	39	14	0.03232205351191176
16	10	39	34	0.03232205351191176
16	10	39	24	0.0315597828417267
16	10	39	52	0.026512779795777746
16	10	39	28	0.0315597828417267
16	10	39	74	0.0315597828417267
16	10	39	8	0.0315597828417267
16	10	39	13	0.0315597828417267
16	10	39	99	0.017674626635701914
16	10	39	95	0.017074783687222077
16	10	39	76	0.01082543772229693
16	10	39	12	0.012421696126415452
16	10	39	17	0.012421696126415452
16	10	40	2	0.08916225959160187
16	10	40	55	0.0775026754844335
16	10	40	88	0.06172226614600357
16	10	40	46	0.06172226614600357
16	10	40	69	0.06172226614600357
16	10	40	12	0.06172226614600357
16	10	40	76	0.06172226614600357
16	10	40	71	0.06172226614600357
16	10	40	74	0.030224282906193112
16	10	40	21	0.030224282906193112
16	10	40	29	0.030224282906193112
16	10	40	17	0.015228785877015389
16	10	40	19	0.015228785877015389
16	10	40	38	0.030224282906193112
16	10	40	53	0.030224282906193112
16	10	40	98	0.030224282906193112
16	10	40	62	0.02068720133929888
16	10	40	40	0.02068720133929888
16	10	40	0	0.015228785877015389
16	10	40	51	0.0010116355632138697
16	10	41	15	0.14021756991724763
16	10	41	55	0.08379847464681076
16	10	41	2	0.04424520561847162
16	10	41	24	0.04424520561847162
16	10	41	22	0.04424520561847162
16	10	41	14	0.04424520561847162
16	10	41	86	0.04424520561847162
16	10	41	98	0.04424520561847162
16	10	41	69	0.04424520561847162
16	10	41	46	0.04424520561847162
16	10	41	88	0.04424520561847162
16	10	41	0	0.04424520561847162
16	10	41	38	0.04424520561847162
16	10	41	21	0.04424520561847162
16	10	41	34	0.04424520561847162
16	10	41	62	0.010920530845102538
16	10	41	89	0.010920530845102538
16	10	41	71	0.010920530845102538
16	10	41	53	0.010920530845102538
16	10	41	76	0.010920530845102538
16	10	41	74	0.010920530845102538
16	10	41	28	0.04424520561847162
16	10	41	8	0.04424520561847162
16	10	41	13	0.04424520561847162
16	10	41	9	0.01641830917884403
16	10	41	17	0.01641830917884403
16	10	42	2	0.2824105313875458
16	10	42	55	0.09726208000167405
16	10	42	21	0.09726208000167405
16	10	42	46	0.09726208000167405
16	10	42	69	0.09726208000167405
16	10	42	88	0.09726208000167405
16	10	42	0	0.07151447358134697
16	10	42	40	0.06478778962493965
16	10	42	3	0.04887504686398643
16	10	42	34	0.040230891552222495
16	10	42	24	0.02330155473657969
16	10	42	16	0.025091999018890015
16	10	42	11	0.025091999018890015
16	10	42	89	0.02330155473657969
16	10	42	6	0.0206008247777447
16	10	42	13	0.019724614151322577
16	10	42	17	0.019724614151322577
16	10	42	81	0.019724614151322577
16	10	42	78	0.019724614151322577
16	10	42	14	0.0007231919084411399
16	10	43	15	0.3098217240542636
16	10	43	46	0.08741725419925382
16	10	43	55	0.08741725419925382
16	10	43	59	0.08741725419925382
16	10	43	1	0.08469706503130002
16	10	43	69	0.04351942736157478
16	10	43	60	0.03486154514564765
16	10	43	7	0.06486392776459478
16	10	43	10	0.06486392776459478
16	10	43	17	0.06486392776459478
16	10	43	12	0.033383906037968765
16	10	43	40	0.03486154514564765
16	10	43	14	0.019266503846504218
16	10	43	88	0.020412281066737894
16	10	43	20	0.01680998768318354
16	10	43	54	0.020412281066737894
16	10	43	62	0.020412281066737894
16	10	43	38	0.020412281066737894
16	10	43	56	0.020412281066737894
16	10	43	53	0.020412281066737894
16	10	44	2	0.21669922540689554
16	10	44	15	0.21053266542590862
16	10	44	0	0.049251211973201856
16	10	44	98	0.049251211973201856
16	10	44	55	0.049251211973201856
16	10	44	53	0.049251211973201856
16	10	44	9	0.049251211973201856
16	10	44	38	0.049251211973201856
16	10	44	74	0.049251211973201856
16	10	44	46	0.049251211973201856
16	10	44	28	0.049251211973201856
16	10	44	69	0.028158151627555483
16	10	44	5	0.04418952739154718
16	10	44	19	0.04418952739154718
16	10	44	29	0.028158151627555483
16	10	44	13	0.028158151627555483
16	10	44	51	0.02081008605798264
16	10	44	24	0.010589827816432574
16	10	44	63	0.02081008605798264
16	10	44	62	0.02081008605798264
16	10	44	40	0.02081008605798264
16	10	45	55	0.04600054310292261
16	10	45	12	0.07098852131624875
16	10	45	2	0.07098852131624875
16	10	45	69	0.04600054310292261
16	10	45	21	0.044534067017347655
16	10	45	46	0.020372093815523785
16	10	45	53	0.020372093815523785
16	10	45	38	0.020372093815523785
16	10	45	0	0.020372093815523785
16	10	45	88	0.020372093815523785
16	10	45	14	0.015119168180871551
16	10	45	24	0.015119168180871551
16	10	45	15	0.015119168180871551
16	10	45	52	0.020372093815523785
16	10	45	60	0.020372093815523785
16	10	45	98	0.020372093815523785
16	10	45	54	0.011473710713619772
16	10	45	22	0.010873028578550152
16	10	45	13	0.007378110166765102
16	10	45	59	0.000517380771809267
16	10	46	2	0.27840898191648955
16	10	46	55	0.09410379219700485
16	10	46	46	0.09410379219700485
16	10	46	69	0.09410379219700485
16	10	46	74	0.06933489515508774
16	10	46	0	0.06933489515508774
16	10	46	15	0.06933489515508774
16	10	46	62	0.06933489515508774
16	10	46	16	0.03433183415611147
16	10	46	53	0.06933489515508774
16	10	46	38	0.06933489515508774
16	10	46	88	0.06933489515508774
16	10	46	89	0.019053881004399854
16	10	46	51	0.019053881004399854
16	10	46	28	0.03433183415611147
16	10	46	86	0.03433183415611147
16	10	46	27	0.03433183415611147
16	10	46	80	0.03433183415611147
16	10	46	9	0.03433183415611147
16	10	46	17	0.008756508316393017
16	10	46	36	0.008756508316393017
16	10	46	12	0.008756508316393017
16	10	47	2	0.22651805559816593
16	10	47	55	0.09069024048058784
16	10	47	98	0.049024511175400846
16	10	47	21	0.049024511175400846
16	10	47	15	0.049024511175400846
16	10	47	14	0.01055991145795722
16	10	47	69	0.049024511175400846
16	10	47	46	0.049024511175400846
16	10	47	88	0.049024511175400846
16	10	47	62	0.049024511175400846
16	10	47	53	0.049024511175400846
16	10	47	38	0.049024511175400846
16	10	47	0	0.03094872478728616
16	10	47	40	0.03094872478728616
16	10	47	42	0.03094872478728616
16	10	47	74	0.03094872478728616
16	10	47	76	0.03094872478728616
16	10	47	71	0.03094872478728616
16	10	47	12	0.03094872478728616
16	10	47	9	0.005290746457325036
16	10	47	8	0.01055991145795722
16	10	47	34	0.01055991145795722
16	10	47	22	0.01055991145795722
16	10	47	24	0.01055991145795722
16	10	47	13	0.01055991145795722
16	10	48	2	0.24296365615357823
16	10	48	38	0.1213491373462286
16	10	48	55	0.05185273420134599
16	10	48	74	0.04500183850724788
16	10	48	0	0.03770452140313131
16	10	48	69	0.03770452140313131
16	10	48	46	0.03770452140313131
16	10	48	76	0.03770452140313131
16	10	48	71	0.03770452140313131
16	10	48	62	0.023675282881391604
16	10	48	88	0.023675282881391604
16	10	48	52	0.023675282881391604
16	10	48	86	0.023675282881391604
16	10	48	60	0.023675282881391604
16	10	48	21	0.014608507892128744
16	10	48	14	0.014608507892128744
16	10	48	24	0.014608507892128744
16	10	48	40	0.023675282881391604
16	10	48	53	0.023675282881391604
16	10	48	48	0.023675282881391604
16	10	48	47	0.023675282881391604
16	10	48	13	0.004807834159457402
16	10	48	22	0.004807834159457402
16	10	48	16	0.004807834159457402
16	10	48	12	0.004807834159457402
16	10	49	2	0.09577158187098574
16	10	49	55	0.09012485650774334
16	10	49	15	0.09012485650774334
16	10	49	88	0.035996402272732056
16	10	49	21	0.06550161999580308
16	10	49	0	0.06550161999580308
16	10	49	38	0.026991155264519215
16	10	49	46	0.026991155264519215
16	10	49	19	0.026991155264519215
16	10	49	12	0.026991155264519215
16	10	49	69	0.026991155264519215
16	10	49	98	0.026991155264519215
16	10	49	53	0.026991155264519215
16	10	49	52	0.025616116628554893
16	10	49	80	0.026991155264519215
16	10	49	5	0.026991155264519215
16	10	49	17	0.026991155264519215
16	10	49	36	0.026991155264519215
16	10	49	24	0.013010432844802968
16	10	49	42	0.010807186554497595
16	10	49	62	0.010807186554497595
16	10	50	63	0.06445286826306831
16	10	50	15	0.06445286826306831
16	10	50	55	0.06445286826306831
16	10	50	88	0.06445286826306831
16	10	50	16	0.06445286826306831
16	10	50	17	0.06445286826306831
16	10	50	2	0.06445286826306831
16	10	50	53	0.06445286826306831
16	10	50	38	0.06445286826306831
16	10	50	56	0.06445286826306831
16	10	50	54	0.06445286826306831
16	10	50	7	0.06445286826306831
16	10	50	10	0.06445286826306831
16	10	50	14	0.018906628714332314
16	10	50	21	0.009432956950624825
16	10	50	99	0.048286656864765784
16	10	50	69	0.048286656864765784
16	10	50	46	0.048286656864765784
16	10	50	60	0.048286656864765784
16	10	50	48	0.048286656864765784
16	10	50	62	0.048286656864765784
16	10	51	62	0.15734111430294787
16	10	51	0	0.15734111430294787
16	10	51	15	0.060916609783419055
16	10	51	86	0.060916609783419055
16	10	51	28	0.060916609783419055
16	10	51	74	0.060916609783419055
16	10	51	98	0.060916609783419055
16	10	51	2	0.060916609783419055
16	10	51	59	0.060916609783419055
16	10	51	17	0.060916609783419055
16	10	51	10	0.060916609783419055
16	10	51	58	0.03836206773463211
16	10	51	21	0.060916609783419055
16	10	51	14	0.060916609783419055
16	10	51	80	0.060916609783419055
16	10	51	42	0.03836206773463211
16	10	51	7	0.060916609783419055
16	10	51	71	0.03836206773463211
16	10	51	8	0.060916609783419055
16	10	51	13	0.060916609783419055
16	10	51	24	0.060916609783419055
16	10	51	34	0.060916609783419055
16	10	51	22	0.060916609783419055
16	10	52	2	0.12818483071083436
16	10	52	15	0.12818483071083436
16	10	52	55	0.07314060083053588
16	10	52	46	0.07314060083053588
16	10	52	69	0.07314060083053588
16	10	52	17	0.04939228948429781
16	10	52	12	0.04939228948429781
16	10	52	86	0.030174558846385587
16	10	52	53	0.04939228948429781
16	10	52	38	0.04939228948429781
16	10	52	76	0.030174558846385587
16	10	52	0	0.030174558846385587
16	10	52	19	0.020170577866783782
16	10	52	71	0.030174558846385587
16	10	52	21	0.030174558846385587
16	10	52	98	0.030174558846385587
16	10	52	10	0.020170577866783782
16	10	52	7	0.020170577866783782
16	10	52	5	0.020170577866783782
16	10	52	80	0.010543693260215257
16	10	53	2	0.15538417389284276
16	10	53	15	0.15538417389284276
16	10	53	55	0.07548316996392034
16	10	53	69	0.07548316996392034
16	10	53	0	0.06521967894281085
16	10	53	46	0.07548316996392034
16	10	53	53	0.07548316996392034
16	10	53	38	0.07548316996392034
16	10	53	21	0.06062355181525495
16	10	53	74	0.06062355181525495
16	10	53	71	0.06062355181525495
16	10	53	76	0.06062355181525495
16	10	53	63	0.02065099197019717
16	10	53	24	0.017267271132641558
16	10	53	62	0.0076181856538972016
16	10	53	12	0.02065099197019717
16	10	53	19	0.02065099197019717
16	10	53	23	0.02065099197019717
16	10	53	35	0.02065099197019717
16	10	53	22	0.017267271132641558
16	10	53	14	0.017267271132641558
16	10	54	15	0.16765726792198146
16	10	54	21	0.04142025086655692
16	10	54	53	0.04142025086655692
16	10	54	2	0.04142025086655692
16	10	54	55	0.04142025086655692
16	10	54	38	0.04142025086655692
16	10	54	24	0.04142025086655692
16	10	54	22	0.04142025086655692
16	10	54	28	0.04142025086655692
16	10	54	12	0.04142025086655692
16	10	54	34	0.04142025086655692
16	10	54	19	0.04142025086655692
16	10	54	52	0.04142025086655692
16	10	54	5	0.04142025086655692
16	10	54	23	0.04142025086655692
16	10	54	13	0.04142025086655692
16	10	54	8	0.04142025086655692
16	10	54	14	0.04142025086655692
16	10	54	6	0.04142025086655692
16	10	54	1	0.04142025086655692
16	10	55	15	0.20637356807692478
16	10	55	55	0.18566238754320977
16	10	55	2	0.041503560216184565
16	10	55	46	0.18566238754320977
16	10	55	69	0.18566238754320977
16	10	55	86	0.05918985366478108
16	10	55	14	0.026860852679006415
16	10	55	21	0.026860852679006415
16	10	55	23	0.026860852679006415
16	10	55	24	0.026860852679006415
16	10	55	12	0.026860852679006415
16	10	55	22	0.026860852679006415
16	10	55	8	0.026860852679006415
16	10	55	13	0.026860852679006415
16	10	55	76	0.020579976440426067
16	10	55	10	0.020579976440426067
16	10	55	1	0.020579976440426067
16	10	55	34	0.007956637426603758
16	10	55	88	0.020579976440426067
16	10	55	62	0.020579976440426067
16	10	55	98	0.020579976440426067
16	10	56	2	0.17926450416269493
16	10	56	15	0.17926450416269493
16	10	56	0	0.06370837044003663
16	10	56	46	0.06635419836064677
16	10	56	55	0.06635419836064677
16	10	56	21	0.035124355708520245
16	10	56	74	0.035124355708520245
16	10	56	23	0.010167448886416233
16	10	56	38	0.035124355708520245
16	10	56	53	0.035124355708520245
16	10	56	69	0.035124355708520245
16	10	56	98	0.035124355708520245
16	10	56	62	0.035124355708520245
16	10	56	51	0.035124355708520245
16	10	56	42	0.017335938710299568
16	10	56	86	0.010167448886416233
16	10	56	24	0.008420405581328658
16	10	56	12	0.010167448886416233
16	10	56	59	0.010167448886416233
16	10	56	14	0.004354849733114443
16	10	56	22	0.004354849733114443
16	10	57	15	0.07665336602305192
16	10	57	55	0.07415538635264628
16	10	57	2	0.07665336602305192
16	10	57	0	0.07665336602305192
16	10	57	28	0.07665336602305192
16	10	57	46	0.07415538635264628
16	10	57	98	0.07415538635264628
16	10	57	69	0.07415538635264628
16	10	57	38	0.022669089311161173
16	10	57	1	0.022669089311161173
16	10	57	12	0.022669089311161173
16	10	57	53	0.022669089311161173
16	10	57	86	0.022669089311161173
16	10	57	80	0.022669089311161173
16	10	57	40	0.022669089311161173
16	10	57	76	0.015557956753768596
16	10	57	62	0.015557956753768596
16	10	57	60	0.015557956753768596
16	10	57	17	0.022669089311161173
16	10	57	10	0.022669089311161173
16	10	57	23	0.022669089311161173
16	10	57	7	0.022669089311161173
16	10	57	19	0.010944437273230438
16	10	57	29	0.010944437273230438
16	10	58	2	0.23128892987150304
16	10	58	55	0.09643906704498285
16	10	58	69	0.042981336894939756
16	10	58	9	0.04850054149930931
16	10	58	46	0.042981336894939756
16	10	58	0	0.04850054149930931
16	10	58	15	0.04850054149930931
16	10	58	36	0.04850054149930931
16	10	58	1	0.04037025112128142
16	10	58	88	0.03454466982738513
16	10	58	17	0.03454466982738513
16	10	58	10	0.03454466982738513
16	10	58	38	0.03454466982738513
16	10	58	53	0.03454466982738513
16	10	58	76	0.03454466982738513
16	10	58	99	0.03454466982738513
16	10	58	71	0.03454466982738513
16	10	58	7	0.00869877874703713
16	10	58	40	0.014095331990673117
16	10	58	60	0.014095331990673117
16	10	58	100	0.013401476587267138
16	10	59	55	0.07915738100122346
16	10	59	2	0.07915738100122346
16	10	59	0	0.07915738100122346
16	10	59	69	0.07915738100122346
16	10	59	46	0.07915738100122346
16	10	59	15	0.03135103153739904
16	10	59	88	0.02583897623616747
16	10	59	98	0.02583897623616747
16	10	59	62	0.02583897623616747
16	10	59	53	0.02583897623616747
16	10	59	38	0.02583897623616747
16	10	59	60	0.019245234357575275
16	10	59	17	0.03135103153739904
16	10	59	22	0.03135103153739904
16	10	59	28	0.03135103153739904
16	10	59	34	0.03135103153739904
16	10	59	8	0.03135103153739904
16	10	59	13	0.03135103153739904
16	10	59	24	0.03135103153739904
16	10	59	21	0.03135103153739904
16	10	59	14	0.03135103153739904
16	10	59	23	0.022199003369055642
16	10	59	7	0.022199003369055642
16	10	59	10	0.022199003369055642
16	10	59	9	0.01467584564165687
16	10	60	2	0.15777220081630905
16	10	60	15	0.15777220081630905
16	10	60	55	0.08698731062516184
16	10	60	17	0.07541437455801112
16	10	60	0	0.07746143666738729
16	10	60	69	0.08698731062516184
16	10	60	46	0.08698731062516184
16	10	60	98	0.040337509805888495
16	10	60	10	0.040337509805888495
16	10	60	12	0.040337509805888495
16	10	60	60	0.040337509805888495
16	10	60	21	0.040337509805888495
16	10	60	1	0.040337509805888495
16	10	60	7	0.040337509805888495
16	10	60	36	0.040337509805888495
16	10	60	24	0.040337509805888495
16	10	60	6	0.040337509805888495
16	10	60	19	0.024334266222472797
16	10	60	5	0.02359518682886096
16	10	60	14	0.02359518682886096
16	10	61	2	0.15777868439415837
16	10	61	55	0.0880622206873795
16	10	61	15	0.07277039181575448
16	10	61	0	0.07277039181575448
16	10	61	46	0.07277039181575448
16	10	61	69	0.07277039181575448
16	10	61	53	0.07277039181575448
16	10	61	38	0.07277039181575448
16	10	61	88	0.035293311668108014
16	10	61	12	0.035293311668108014
16	10	61	21	0.026978017730199675
16	10	61	98	0.030448604244601725
16	10	61	63	0.030448604244601725
16	10	61	62	0.030448604244601725
16	10	61	19	0.015088811942243761
16	10	61	22	0.015088811942243761
16	10	61	76	0.026978017730199675
16	10	61	14	0.0059600032436425985
16	10	61	10	0.0059600032436425985
16	10	61	60	0.026978017730199675
16	10	61	86	0.026978017730199675
16	10	61	71	0.026978017730199675
16	10	61	40	0.026978017730199675
16	10	61	74	0.026978017730199675
16	10	62	2	0.23782999482403713
16	10	62	69	0.05587436067155864
16	10	62	21	0.051064855145033755
16	10	62	15	0.051064855145033755
16	10	62	62	0.051064855145033755
16	10	62	88	0.051064855145033755
16	10	62	19	0.051064855145033755
16	10	62	12	0.051064855145033755
16	10	62	14	0.051064855145033755
16	10	62	24	0.051064855145033755
16	10	62	71	0.051064855145033755
16	10	62	74	0.02275104043237861
16	10	62	38	0.022482013358155868
16	10	62	29	0.051064855145033755
16	10	62	17	0.051064855145033755
16	10	62	5	0.051064855145033755
16	10	62	9	0.03288537899015408
16	10	62	22	0.010335405396601901
16	10	62	16	0.004541460872295503
16	10	62	53	0.004541460872295503
16	10	63	2	0.3585107311881942
16	10	63	35	0.13488511102318235
16	10	63	75	0.06523216514264187
16	10	63	70	0.06523216514264187
16	10	63	23	0.06523216514264187
16	10	63	0	0.06523216514264187
16	10	63	80	0.06523216514264187
16	10	63	86	0.06523216514264187
16	10	63	19	0.06523216514264187
16	10	63	62	0.06523216514264187
16	10	63	94	0.06523216514264187
16	10	63	100	0.06523216514264187
16	10	63	53	0.06523216514264187
16	10	63	51	0.06523216514264187
16	10	63	5	0.06523216514264187
16	10	63	9	0.06523216514264187
16	10	63	10	0.06523216514264187
16	10	63	12	0.06523216514264187
16	10	63	38	0.033346885235154604
16	10	63	74	0.033346885235154604
16	10	64	98	0.10751083555930774
16	10	64	0	0.10751083555930774
16	10	64	74	0.08870579562011809
16	10	64	12	0.10751083555930774
16	10	64	15	0.10751083555930774
16	10	64	69	0.08870579562011809
16	10	64	38	0.08870579562011809
16	10	64	53	0.08870579562011809
16	10	64	9	0.04714129633919355
16	10	64	5	0.02203451314237939
16	10	64	19	0.02203451314237939
16	10	64	40	0.02203451314237939
16	10	64	16	0.02036573186519645
16	10	64	2	0.02036573186519645
16	10	64	95	0.02203451314237939
16	10	64	14	0.02203451314237939
16	10	64	13	0.02203451314237939
16	10	64	24	0.02203451314237939
16	10	64	52	0.01665571274441864
16	10	64	58	0.010216323962854922
16	10	64	42	0.010216323962854922
16	10	64	54	0.010216323962854922
16	10	64	27	0.010216323962854922
16	10	65	2	0.1193016107191945
16	10	65	0	0.1193016107191945
16	10	65	15	0.1193016107191945
16	10	65	55	0.05804436234435608
16	10	65	12	0.05804436234435608
16	10	65	86	0.05022100440537496
16	10	65	80	0.05022100440537496
16	10	65	46	0.05022100440537496
16	10	65	69	0.04945851117391216
16	10	65	98	0.04945851117391216
16	10	65	42	0.01389648626746037
16	10	65	10	0.0325756642683555
16	10	65	19	0.0325756642683555
16	10	65	1	0.01389648626746037
16	10	65	7	0.01389648626746037
16	10	65	5	0.01389648626746037
16	10	65	29	0.01389648626746037
16	10	65	27	0.01389648626746037
16	10	65	34	0.01389648626746037
16	10	65	17	0.01389648626746037
16	10	66	2	0.11417136306685705
16	10	66	55	0.10290300346425538
16	10	66	15	0.09260329572133248
16	10	66	46	0.07281103106958954
16	10	66	69	0.07281103106958954
16	10	66	21	0.05252208015203082
16	10	66	0	0.04182032002252702
16	10	66	17	0.04182032002252702
16	10	66	12	0.04182032002252702
16	10	66	62	0.040185048286155274
16	10	66	98	0.018660649145373093
16	10	66	19	0.018660649145373093
16	10	66	5	0.018000368572872284
16	10	66	88	0.018000368572872284
16	10	66	24	0.015014888906546705
16	10	66	22	0.015014888906546705
16	10	66	14	0.015014888906546705
16	10	66	34	0.015014888906546705
16	10	66	36	0.018000368572872284
16	10	66	53	0.018000368572872284
16	10	66	29	0.018000368572872284
16	10	66	13	0.015014888906546705
16	10	67	0	0.07875604979001273
16	10	67	62	0.05819941482478514
16	10	67	55	0.05819941482478514
16	10	67	21	0.046242598008156756
16	10	67	53	0.046242598008156756
16	10	67	38	0.046242598008156756
16	10	67	15	0.046242598008156756
16	10	67	46	0.046242598008156756
16	10	67	100	0.046242598008156756
16	10	67	69	0.046242598008156756
16	10	67	9	0.028510548668308364
16	10	67	24	0.028510548668308364
16	10	67	14	0.028510548668308364
16	10	67	86	0.028510548668308364
16	10	67	22	0.028510548668308364
16	10	67	13	0.028510548668308364
16	10	67	8	0.028510548668308364
16	10	67	34	0.028510548668308364
16	10	67	74	0.0003712561379499691
16	10	67	1	0.005822499101243919
16	10	67	2	0.005822499101243919
16	10	68	2	0.21462721529279477
16	10	68	12	0.05844527109749147
16	10	68	55	0.05357779532147696
16	10	68	19	0.029000464023220436
16	10	68	46	0.04044287575578112
16	10	68	69	0.04044287575578112
16	10	68	88	0.04044287575578112
16	10	68	53	0.04044287575578112
16	10	68	51	0.029000464023220436
16	10	68	15	0.02810102628633792
16	10	68	98	0.02810102628633792
16	10	68	38	0.02810102628633792
16	10	68	76	0.02810102628633792
16	10	68	0	0.02810102628633792
16	10	68	71	0.02810102628633792
16	10	68	84	0.02810102628633792
16	10	68	10	0.02318796334122992
16	10	68	36	0.02318796334122992
16	10	68	1	0.02318796334122992
16	10	68	28	0.02318796334122992
16	10	68	5	0.02318796334122992
16	10	68	6	0.02318796334122992
16	10	69	2	0.18020534824152784
16	10	69	38	0.1352897544733803
16	10	69	69	0.1352897544733803
16	10	69	15	0.10170504185699179
16	10	69	53	0.045495958515117244
16	10	69	55	0.045079573007088085
16	10	69	89	0.045079573007088085
16	10	69	0	0.045079573007088085
16	10	69	80	0.045079573007088085
16	10	69	21	0.0431113833615491
16	10	69	35	0.045079573007088085
16	10	69	1	0.045079573007088085
16	10	69	51	0.001052884117341976
16	10	69	34	0.0431113833615491
16	10	69	22	0.0431113833615491
16	10	69	13	0.0431113833615491
16	10	69	8	0.0431113833615491
16	10	69	14	0.0431113833615491
16	10	69	24	0.0431113833615491
16	10	69	29	0.0431113833615491
16	10	69	86	0.0431113833615491
16	10	70	2	0.18568842091186652
16	10	70	55	0.10516212272918112
16	10	70	38	0.06143450437192228
16	10	70	88	0.07014057393906202
16	10	70	69	0.07014057393906202
16	10	70	46	0.07014057393906202
16	10	70	14	0.06143450437192228
16	10	70	28	0.06143450437192228
16	10	70	53	0.06143450437192228
16	10	70	13	0.018149518467973833
16	10	70	74	0.020672271106764548
16	10	70	62	0.020672271106764548
16	10	70	80	0.020672271106764548
16	10	70	63	0.020672271106764548
16	10	70	24	0.018149518467973833
16	10	70	22	0.018149518467973833
16	10	70	34	0.018149518467973833
16	10	70	21	0.018149518467973833
16	10	70	6	0.01513348802009961
16	10	70	12	0.01513348802009961
16	10	71	15	0.1903466834805001
16	10	71	55	0.1903466834805001
16	10	71	2	0.059600930790871094
16	10	71	28	0.05949478715910057
16	10	71	63	0.05949478715910057
16	10	71	62	0.05949478715910057
16	10	71	12	0.04501300684384644
16	10	71	58	0.03467421528102512
16	10	71	13	0.03467421528102512
16	10	71	21	0.03467421528102512
16	10	71	0	0.03467421528102512
16	10	71	47	0.03467421528102512
16	10	71	46	0.03467421528102512
16	10	71	69	0.03467421528102512
16	10	71	17	0.03467421528102512
16	10	71	40	0.027160972395617645
16	10	71	60	0.024817253955386066
16	10	71	76	0.024817253955386066
16	10	71	38	0.024817253955386066
16	10	71	14	0.03467421528102512
16	10	71	8	0.03467421528102512
16	10	71	34	0.03467421528102512
16	10	71	22	0.03467421528102512
16	10	71	24	0.03467421528102512
16	10	72	2	0.22477934365593516
16	10	72	15	0.1320566246811403
16	10	72	0	0.1320566246811403
16	10	72	36	0.1320566246811403
16	10	72	98	0.04579143547366131
16	10	72	29	0.04579143547366131
16	10	72	9	0.04579143547366131
16	10	72	25	0.04579143547366131
16	10	72	63	0.04579143547366131
16	10	72	52	0.04579143547366131
16	10	72	55	0.04579143547366131
16	10	72	69	0.04579143547366131
16	10	72	46	0.04579143547366131
16	10	72	35	0.04579143547366131
16	10	72	88	0.04579143547366131
16	10	72	80	0.04579143547366131
16	10	72	86	0.04579143547366131
16	10	72	21	0.04579143547366131
16	10	72	20	0.04579143547366131
16	10	72	100	0.018371197017704267
16	10	73	2	0.18103727084750576
16	10	73	46	0.16773232695776286
16	10	73	28	0.16773232695776286
16	10	73	21	0.046764675996845105
16	10	73	55	0.046764675996845105
16	10	73	13	0.046764675996845105
16	10	73	14	0.046764675996845105
16	10	73	69	0.046764675996845105
16	10	73	9	0.046764675996845105
16	10	73	98	0.046764675996845105
16	10	73	15	0.046764675996845105
16	10	73	8	0.046764675996845105
16	10	73	34	0.046764675996845105
16	10	73	22	0.046764675996845105
16	10	73	24	0.046764675996845105
16	10	73	12	0.046764675996845105
16	10	73	47	0.046764675996845105
16	10	73	0	0.046764675996845105
16	10	73	16	0.046764675996845105
16	10	73	1	0.046764675996845105
16	10	74	2	0.16660964728776714
16	10	74	55	0.05828500757627342
16	10	74	15	0.05828500757627342
16	10	74	69	0.05828500757627342
16	10	74	46	0.05828500757627342
16	10	74	21	0.05096955582965997
16	10	74	62	0.033352888653187064
16	10	74	22	0.016775645227748572
16	10	74	38	0.033352888653187064
16	10	74	24	0.005666798668994894
16	10	74	14	0.005666798668994894
16	10	74	98	0.033352888653187064
16	10	74	53	0.033352888653187064
16	10	74	74	0.033352888653187064
16	10	74	76	0.033352888653187064
16	10	74	71	0.033352888653187064
16	10	74	0	0.033352888653187064
16	10	74	88	0.033352888653187064
16	10	74	12	0.016775645227748572
16	10	74	63	0.016775645227748572
16	10	74	40	0.01641461719967324
16	10	74	42	0.01641461719967324
16	10	75	2	0.07287493946870402
16	10	75	15	0.07287493946870402
16	10	75	88	0.04538473680451863
16	10	75	55	0.03676554759550202
16	10	75	7	0.036811827811802485
16	10	75	46	0.03676554759550202
16	10	75	1	0.036811827811802485
16	10	75	17	0.036811827811802485
16	10	75	10	0.036811827811802485
16	10	75	54	0.03676554759550202
16	10	75	56	0.03676554759550202
16	10	75	98	0.03676554759550202
16	10	75	69	0.03676554759550202
16	10	75	14	0.029269247347999197
16	10	75	13	0.029269247347999197
16	10	75	99	0.03219058943015195
16	10	75	52	0.015716287726699956
16	10	75	16	0.013508415783077973
16	10	75	53	0.015716287726699956
16	10	75	51	0.015716287726699956
16	10	75	74	0.015716287726699956
16	10	75	47	0.015716287726699956
16	10	76	2	0.4884863960738443
16	10	76	55	0.07115158858497327
16	10	76	0	0.07115158858497327
16	10	76	15	0.0616885249536784
16	10	76	1	0.05307055276475272
16	10	76	6	0.05307055276475272
16	10	76	36	0.05307055276475272
16	10	76	60	0.05307055276475272
16	10	76	69	0.05307055276475272
16	10	76	46	0.05307055276475272
16	10	76	98	0.032035304595618035
16	10	76	19	0.05307055276475272
16	10	76	5	0.05307055276475272
16	10	76	12	0.05307055276475272
16	10	76	17	0.05307055276475272
16	10	76	52	0.023230592676030292
16	10	76	14	0.004276177004162768
16	10	76	53	0.01623269448930903
16	10	76	54	0.01623269448930903
16	10	76	40	0.009974650089922306
16	10	76	74	0.00790621909246691
16	10	77	2	0.197414743768279
16	10	77	15	0.04340383999547094
16	10	77	12	0.04340383999547094
16	10	77	36	0.04340383999547094
16	10	77	21	0.04340383999547094
16	10	77	46	0.04340383999547094
16	10	77	38	0.04340383999547094
16	10	77	1	0.019032985276002983
16	10	77	53	0.04340383999547094
16	10	77	55	0.04340383999547094
16	10	77	69	0.04340383999547094
16	10	77	88	0.04340383999547094
16	10	77	22	0.024995077355111434
16	10	77	62	0.024995077355111434
16	10	77	19	0.019367015681281626
16	10	77	76	0.014197895687981287
16	10	77	23	0.014197895687981287
16	10	77	16	0.014197895687981287
16	10	77	98	0.014197895687981287
16	10	77	80	0.014197895687981287
16	10	77	5	0.005285777798405059
16	10	78	2	0.12038961560641262
16	10	78	15	0.12038961560641262
16	10	78	0	0.12038961560641262
16	10	78	46	0.10082516637852167
16	10	78	53	0.04921715065188891
16	10	78	21	0.02896007255836693
16	10	78	38	0.02788305338501305
16	10	78	55	0.02788305338501305
16	10	78	14	0.023216728313987585
16	10	78	24	0.023216728313987585
16	10	78	34	0.023216728313987585
16	10	78	76	0.02788305338501305
16	10	78	69	0.02788305338501305
16	10	78	74	0.02688662859582509
16	10	78	6	0.02688662859582509
16	10	78	12	0.02688662859582509
16	10	78	40	0.02688662859582509
16	10	78	86	0.007632817159131699
16	10	78	17	0.0036576768919060368
16	10	78	9	0.0195842160645167
16	10	78	28	0.0195842160645167
16	10	79	2	0.2170135855252154
16	10	79	55	0.084440480335884
16	10	79	28	0.07059022840491193
16	10	79	69	0.08329791825028723
16	10	79	46	0.08329791825028723
16	10	79	60	0.07059022840491193
16	10	79	9	0.07059022840491193
16	10	79	15	0.07059022840491193
16	10	79	42	0.07059022840491193
16	10	79	62	0.07059022840491193
16	10	79	1	0.07059022840491193
16	10	79	10	0.04528240207804955
16	10	79	23	0.04528240207804955
16	10	79	7	0.04528240207804955
16	10	79	17	0.04528240207804955
16	10	79	70	0.04528240207804955
16	10	79	97	0.04528240207804955
16	10	79	24	0.021395422226348687
16	10	79	20	0.021395422226348687
16	10	79	61	0.021395422226348687
16	10	80	2	0.15140306628185216
16	10	80	55	0.07999124972745153
16	10	80	0	0.09130316271227237
16	10	80	15	0.09130316271227237
16	10	80	16	0.07726494449653012
16	10	80	46	0.07726494449653012
16	10	80	69	0.07726494449653012
16	10	80	21	0.044432256425421646
16	10	80	52	0.044432256425421646
16	10	80	14	0.044432256425421646
16	10	80	53	0.044432256425421646
16	10	80	38	0.044432256425421646
16	10	80	62	0.044432256425421646
16	10	80	22	0.044432256425421646
16	10	80	24	0.044432256425421646
16	10	80	9	0.004700180975297414
16	10	80	88	0.044432256425421646
16	10	80	28	0.004700180975297414
16	10	80	34	0.044432256425421646
16	10	80	13	0.044432256425421646
16	10	80	8	0.04281869667039691
16	10	81	46	0.25971992351106427
16	10	81	15	0.25971992351106427
16	10	81	99	0.11761848897609774
16	10	81	55	0.11761848897609774
16	10	81	36	0.11058315992880091
16	10	81	9	0.11058315992880091
16	10	81	33	0.023611568365857347
16	10	81	38	0.11058315992880091
16	10	81	69	0.11058315992880091
16	10	81	50	0.11058315992880091
16	10	81	6	0.013082376675880877
16	10	81	17	0.013082376675880877
16	10	81	20	0.013082376675880877
16	10	81	16	0.013082376675880877
16	10	81	71	0.11058315992880091
16	10	81	63	0.11058315992880091
16	10	81	76	0.11058315992880091
16	10	81	98	0.11058315992880091
16	10	81	77	0.033652192879561275
16	10	81	66	0.033652192879561275
16	10	81	47	0.033652192879561275
16	10	81	53	0.033652192879561275
16	10	81	51	0.033652192879561275
16	10	82	2	0.14192881097099216
16	10	82	55	0.07631646014304862
16	10	82	0	0.07631646014304862
16	10	82	15	0.07268603928619947
16	10	82	46	0.05599860879025114
16	10	82	9	0.035194547849264846
16	10	82	88	0.05599860879025114
16	10	82	69	0.05599860879025114
16	10	82	21	0.023289686593443742
16	10	82	8	0.02188326750535845
16	10	82	17	0.011722259855912099
16	10	82	12	0.011722259855912099
16	10	82	38	0.02188326750535845
16	10	82	86	0.02188326750535845
16	10	82	98	0.02188326750535845
16	10	82	53	0.02188326750535845
16	10	82	36	0.011722259855912099
16	10	82	80	0.02188326750535845
16	10	82	24	0.02188326750535845
16	10	82	14	0.02188326750535845
16	10	82	10	0.005751231466678726
16	10	82	51	0.02188326750535845
16	10	82	74	0.02188326750535845
16	10	83	15	0.11515053714378319
16	10	83	55	0.11515053714378319
16	10	83	0	0.11515053714378319
16	10	83	2	0.11445542608758115
16	10	83	12	0.04067342550934952
16	10	83	63	0.04067342550934952
16	10	83	74	0.02195168716783332
16	10	83	17	0.02195168716783332
16	10	83	21	0.02195168716783332
16	10	83	46	0.02195168716783332
16	10	83	19	0.01571649910424366
16	10	83	38	0.02195168716783332
16	10	83	69	0.02195168716783332
16	10	83	98	0.02195168716783332
16	10	83	1	0.02195168716783332
16	10	83	62	0.02195168716783332
16	10	83	14	0.01571649910424366
16	10	83	86	0.01571649910424366
16	10	83	5	0.006434149170808703
16	10	83	28	0.01571649910424366
16	10	83	53	0.01571649910424366
16	10	84	55	0.05880808750732807
16	10	84	2	0.05880808750732807
16	10	84	0	0.05791282391281956
16	10	84	12	0.04945190325092988
16	10	84	46	0.05791282391281956
16	10	84	53	0.05791282391281956
16	10	84	38	0.05791282391281956
16	10	84	69	0.04510636619641841
16	10	84	21	0.04510636619641841
16	10	84	15	0.011792642088454985
16	10	84	71	0.014326428596704542
16	10	84	76	0.014326428596704542
16	10	84	40	0.014326428596704542
16	10	84	98	0.014326428596704542
16	10	84	60	0.011422883930491548
16	10	84	52	0.011422883930491548
16	10	84	62	0.011422883930491548
16	10	84	86	0.010529379572294334
16	10	84	29	0.0046387603344353765
16	10	84	14	0.0046387603344353765
16	10	84	54	0.010529379572294334
16	10	84	63	0.010529379572294334
16	10	85	63	0.053831027190984045
16	10	85	2	0.047460751993022327
16	10	85	55	0.053831027190984045
16	10	85	69	0.053831027190984045
16	10	85	46	0.047460751993022327
16	10	85	1	0.047460751993022327
16	10	85	12	0.047460751993022327
16	10	85	28	0.01850654262289976
16	10	85	19	0.01850654262289976
16	10	85	23	0.01850654262289976
16	10	85	5	0.01850654262289976
16	10	85	6	0.01850654262289976
16	10	85	74	0.017334931902780275
16	10	85	71	0.017334931902780275
16	10	85	98	0.017334931902780275
16	10	85	86	0.01109402014045711
16	10	85	15	0.01109402014045711
16	10	85	24	0.0077393192125252185
16	10	85	38	0.0077393192125252185
16	10	85	60	0.0077393192125252185
16	10	86	2	0.11952759423260276
16	10	86	46	0.04725970946974027
16	10	86	74	0.03329468852222412
16	10	86	15	0.03329468852222412
16	10	86	53	0.03329468852222412
16	10	86	38	0.03329468852222412
16	10	86	55	0.03113480957166098
16	10	86	88	0.03113480957166098
16	10	86	23	0.03113480957166098
16	10	86	12	0.03113480957166098
16	10	86	17	0.03113480957166098
16	10	86	54	0.03113480957166098
16	10	86	29	0.028387684271351517
16	10	86	10	0.028387684271351517
16	10	86	69	0.028387684271351517
16	10	86	35	0.007936719043179299
16	10	86	40	0.028387684271351517
16	10	86	42	0.028387684271351517
16	10	86	60	0.028387684271351517
16	10	86	98	0.028387684271351517
16	10	86	19	0.00982705178523931
16	10	87	88	0.21230418180019694
16	10	87	2	0.06712784585597906
16	10	87	1	0.06712784585597906
16	10	87	15	0.06712784585597906
16	10	87	55	0.05774801689319129
16	10	87	62	0.05774801689319129
16	10	87	36	0.05774801689319129
16	10	87	46	0.05774801689319129
16	10	87	16	0.05774801689319129
16	10	87	24	0.05028308797479177
16	10	87	14	0.05028308797479177
16	10	87	0	0.05028308797479177
16	10	87	9	0.05028308797479177
16	10	87	27	0.05028308797479177
16	10	87	7	0.0287024263901097
16	10	87	38	0.013431908822017733
16	10	87	53	0.013431908822017733
16	10	87	13	0.011059878521497235
16	10	87	11	0.013431908822017733
16	10	87	10	0.013431908822017733
16	10	88	2	0.1454711198231181
16	10	88	55	0.1454711198231181
16	10	88	69	0.07922671552005073
16	10	88	46	0.07922671552005073
16	10	88	53	0.07922671552005073
16	10	88	38	0.07922671552005073
16	10	88	0	0.07922671552005073
16	10	88	63	0.07922671552005073
16	10	88	15	0.05179507439190475
16	10	88	1	0.05179507439190475
16	10	88	98	0.02928625252140683
16	10	88	80	0.02928625252140683
16	10	88	29	0.02928625252140683
16	10	88	36	0.02928625252140683
16	10	88	17	0.02928625252140683
16	10	88	10	0.02928625252140683
16	10	88	7	0.02928625252140683
16	10	88	89	0.02928625252140683
16	10	88	95	0.02928625252140683
16	10	88	86	0.009373914281602426
16	10	89	2	0.15009989427895165
16	10	89	15	0.15009989427895165
16	10	89	55	0.11404931588303806
16	10	89	0	0.05581068368981315
16	10	89	21	0.05581068368981315
16	10	89	98	0.05581068368981315
16	10	89	12	0.05581068368981315
16	10	89	38	0.05581068368981315
16	10	89	53	0.05581068368981315
16	10	89	46	0.05581068368981315
16	10	89	69	0.05581068368981315
16	10	89	88	0.05581068368981315
16	10	89	62	0.05581068368981315
16	10	89	86	0.04008818762311384
16	10	89	22	0.013130226157283029
16	10	89	17	0.013130226157283029
16	10	89	28	0.013130226157283029
16	10	89	14	0.013130226157283029
16	10	89	24	0.013130226157283029
16	10	89	13	0.013130226157283029
16	10	90	55	0.09341093349992206
16	10	90	2	0.08807178090798698
16	10	90	46	0.07677462043930933
16	10	90	0	0.07677462043930933
16	10	90	21	0.07677462043930933
16	10	90	15	0.0699795086529211
16	10	90	53	0.0699795086529211
16	10	90	69	0.0699795086529211
16	10	90	38	0.0699795086529211
16	10	90	63	0.027340686762513267
16	10	90	62	0.027340686762513267
16	10	90	98	0.027340686762513267
16	10	90	24	0.01384136531899269
16	10	90	23	0.01384136531899269
16	10	90	22	0.01384136531899269
16	10	90	14	0.01384136531899269
16	10	90	1	0.027340686762513267
16	10	90	99	0.027340686762513267
16	10	90	74	0.027340686762513267
16	10	90	71	0.027340686762513267
16	10	90	76	0.027340686762513267
16	10	90	86	0.012499747468581944
16	10	90	51	0.012499747468581944
16	10	90	80	0.011933033002883826
16	10	91	55	0.10246607902086377
16	10	91	2	0.08971295427932599
16	10	91	15	0.07975233249691759
16	10	91	0	0.07405718977173995
16	10	91	69	0.07405718977173995
16	10	91	46	0.07405718977173995
16	10	91	74	0.07405718977173995
16	10	91	12	0.04752433594952304
16	10	91	23	0.026731980090390416
16	10	91	21	0.027217566971679763
16	10	91	19	0.026731980090390416
16	10	91	53	0.027217566971679763
16	10	91	88	0.027217566971679763
16	10	91	98	0.027217566971679763
16	10	91	5	0.026731980090390416
16	10	91	6	0.019761698885058878
16	10	91	38	0.016243685033329184
16	10	91	28	0.016243685033329184
16	10	91	1	0.016243685033329184
16	10	91	63	0.005960257437222539
16	10	92	15	0.25194973142640503
16	10	92	2	0.19199118382174188
16	10	92	62	0.1575020316209862
16	10	92	19	0.1575020316209862
16	10	92	38	0.1575020316209862
16	10	92	5	0.1575020316209862
16	10	92	6	0.1575020316209862
16	10	92	53	0.1575020316209862
16	10	92	36	0.1575020316209862
16	10	92	55	0.1575020316209862
16	10	92	12	0.1575020316209862
16	10	92	29	0.051410535517999394
16	10	92	100	0.07936998594560946
16	10	92	94	0.07936998594560946
16	10	92	28	0.051410535517999394
16	10	92	1	0.051410535517999394
16	10	92	27	0.01561933461424278
16	10	92	74	0.008402290470762063
16	10	92	70	0.003729618290534618
16	10	92	16	0.009890659326982066
16	10	92	35	0.009890659326982066
16	10	92	0	0.009890659326982066
16	10	93	55	0.11602150372830441
16	10	93	2	0.11602150372830441
16	10	93	15	0.11602150372830441
16	10	93	46	0.049056319349950514
16	10	93	21	0.11602150372830441
16	10	93	0	0.11602150372830441
16	10	93	69	0.049056319349950514
16	10	93	22	0.019861808772448634
16	10	93	62	0.048162109258249625
16	10	93	38	0.048162109258249625
16	10	93	88	0.048162109258249625
16	10	93	74	0.03681821909384055
16	10	93	98	0.03681821909384055
16	10	93	40	0.03681821909384055
16	10	93	53	0.03681821909384055
16	10	93	52	0.018893459206674106
16	10	93	71	0.018893459206674106
16	10	93	42	0.018893459206674106
16	10	93	60	0.018893459206674106
16	10	93	100	0.018893459206674106
16	10	94	2	0.1288879101201389
16	10	94	55	0.1288879101201389
16	10	94	15	0.10194490075622238
16	10	94	0	0.05655568354323831
16	10	94	12	0.05655568354323831
16	10	94	21	0.03996179311225126
16	10	94	69	0.05044930251232668
16	10	94	46	0.05044930251232668
16	10	94	38	0.05044930251232668
16	10	94	19	0.022406357867355287
16	10	94	62	0.05044930251232668
16	10	94	74	0.05044930251232668
16	10	94	53	0.05044930251232668
16	10	94	86	0.03996179311225126
16	10	94	63	0.03996179311225126
16	10	94	88	0.03996179311225126
16	10	94	98	0.03996179311225126
16	10	94	51	0.018801025910079826
16	10	94	5	0.015876372979855544
16	10	94	24	0.015876372979855544
16	10	95	55	0.08351441233131901
16	10	95	62	0.07449693238186446
16	10	95	46	0.05341432181982735
16	10	95	15	0.05341432181982735
16	10	95	2	0.05341432181982735
16	10	95	0	0.05341432181982735
16	10	95	69	0.05341432181982735
16	10	95	88	0.05341432181982735
16	10	95	23	0.05341432181982735
16	10	95	21	0.05341432181982735
16	10	95	17	0.05341432181982735
16	10	95	10	0.05341432181982735
16	10	95	12	0.05341432181982735
16	10	95	7	0.05341432181982735
16	10	95	40	0.05341432181982735
16	10	95	38	0.05341432181982735
16	10	95	74	0.05341432181982735
16	10	95	60	0.05341432181982735
16	10	95	24	0.014178886973608744
16	10	95	1	0.014178886973608744
16	10	96	2	0.2692583305364586
16	10	96	0	0.034235311940891765
16	10	96	88	0.03371437943623851
16	10	96	17	0.034235311940891765
16	10	96	15	0.034235311940891765
16	10	96	98	0.025237815584902963
16	10	96	46	0.03371437943623851
16	10	96	55	0.03371437943623851
16	10	96	69	0.032342055832296615
16	10	96	74	0.025237815584902963
16	10	96	21	0.025237815584902963
16	10	96	38	0.025237815584902963
16	10	96	53	0.025237815584902963
16	10	96	52	0.025237815584902963
16	10	96	12	0.025237815584902963
16	10	96	1	0.025237815584902963
16	10	96	95	0.025237815584902963
16	10	96	19	0.025237815584902963
16	10	96	56	0.012503387401945718
16	10	96	22	0.0025472462261157563
16	10	97	55	0.17480354221973546
16	10	97	2	0.15738327806137617
16	10	97	15	0.13182055719456914
16	10	97	10	0.036497443156750534
16	10	97	46	0.07789325840337662
16	10	97	69	0.07789325840337662
16	10	97	40	0.036497443156750534
16	10	97	60	0.036497443156750534
16	10	97	7	0.036497443156750534
16	10	97	12	0.036497443156750534
16	10	97	38	0.036497443156750534
16	10	97	59	0.036497443156750534
16	10	97	0	0.036497443156750534
16	10	97	21	0.03314374689588391
16	10	97	1	0.03314374689588391
16	10	97	62	0.036497443156750534
16	10	97	98	0.036497443156750534
16	10	97	53	0.036497443156750534
16	10	97	76	0.036497443156750534
16	10	97	71	0.036497443156750534
16	10	98	15	0.1216787141065944
16	10	98	0	0.1216787141065944
16	10	98	98	0.06543042336276175
16	10	98	55	0.06543042336276175
16	10	98	21	0.06543042336276175
16	10	98	2	0.03666634368048774
16	10	98	62	0.06543042336276175
16	10	98	69	0.06543042336276175
16	10	98	46	0.06543042336276175
16	10	98	29	0.03666634368048774
16	10	98	28	0.03666634368048774
16	10	98	23	0.03666634368048774
16	10	98	71	0.03666634368048774
16	10	98	12	0.03666634368048774
16	10	98	76	0.02954475713003985
16	10	98	74	0.02954475713003985
16	10	98	14	0.03666634368048774
16	10	98	53	0.020095214622958008
16	10	98	17	0.020095214622958008
16	10	98	24	0.03666634368048774
16	10	98	22	0.03666634368048774
16	10	98	34	0.03666634368048774
16	10	98	8	0.03666634368048774
16	10	98	13	0.03666634368048774
16	10	99	2	0.18918778972015385
16	10	99	15	0.13416774089820868
16	10	99	0	0.13416774089820868
16	10	99	55	0.05415918179909943
16	10	99	46	0.030439010961119325
16	10	99	69	0.030439010961119325
16	10	99	12	0.02275059931644304
16	10	99	74	0.030439010961119325
16	10	99	53	0.030439010961119325
16	10	99	38	0.030439010961119325
16	10	99	98	0.014534125581149417
16	10	99	24	0.02275059931644304
16	10	99	14	0.02275059931644304
16	10	99	19	0.02275059931644304
16	10	99	21	0.02275059931644304
16	10	99	22	0.02275059931644304
16	10	99	62	0.014534125581149417
16	10	99	88	0.014534125581149417
16	10	99	76	0.014534125581149417
16	10	99	5	0.0038014760129299143
16	10	100	55	0.26794926749531345
16	10	100	46	0.1554804389623796
16	10	100	2	0.1554804389623796
16	10	100	28	0.1554804389623796
16	10	100	11	0.1554804389623796
16	10	100	69	0.1554804389623796
16	10	100	99	0.09316403302214589
16	10	100	3	0.031144663374029193
16	10	100	0	0.031144663374029193
16	10	100	86	0.031144663374029193
16	10	100	21	0.031065462851585676
16	10	100	52	0.031144663374029193
16	10	100	6	0.031144663374029193
16	10	100	22	0.031065462851585676
16	10	100	80	0.031144663374029193
16	10	100	51	0.031144663374029193
16	10	100	59	0.031144663374029193
16	10	100	24	0.017190904906610398
16	10	100	75	0.007885765664771666
16	10	100	12	0.005391317017508109
16	100	1	2	0.11975351048370342
16	100	1	15	0.11975351048370342
16	100	1	55	0.11975351048370342
16	100	1	88	0.11975351048370342
16	100	1	29	0.07336258414604642
16	100	1	69	0.05550132121195614
16	100	1	12	0.07336258414604642
16	100	1	36	0.07336258414604642
16	100	1	46	0.05550132121195614
16	100	1	63	0.04250642715538443
16	100	1	1	0.04250642715538443
16	100	1	23	0.04250642715538443
16	100	1	53	0.04250642715538443
16	100	1	98	0.04250642715538443
16	100	1	0	0.04250642715538443
16	100	1	22	0.03243532299484817
16	100	1	38	0.01878598896185538
16	100	1	17	0.014043261170979402
16	100	1	62	0.00662059829757123
16	100	1	70	0.00662059829757123
16	100	2	2	0.2143184073317689
16	100	2	55	0.08577997996132185
16	100	2	15	0.05298782128090121
16	100	2	0	0.05298782128090121
16	100	2	62	0.05298782128090121
16	100	2	74	0.05298782128090121
16	100	2	1	0.05298782128090121
16	100	2	21	0.05298782128090121
16	100	2	46	0.05298782128090121
16	100	2	69	0.05298782128090121
16	100	2	98	0.05298782128090121
16	100	2	12	0.05298782128090121
16	100	2	38	0.05298782128090121
16	100	2	19	0.012360491620491975
16	100	2	53	0.05298782128090121
16	100	2	28	0.05298782128090121
16	100	2	29	0.05298782128090121
16	100	2	63	0.010769470444939288
16	100	2	86	0.009528356682087659
16	100	2	24	0.004133290182253116
16	100	2	14	0.004133290182253116
16	100	3	15	0.4438826195536191
16	100	3	86	0.061643914847991484
16	100	3	2	0.061643914847991484
16	100	3	0	0.061643914847991484
16	100	3	55	0.061643914847991484
16	100	3	80	0.061643914847991484
16	100	3	74	0.061643914847991484
16	100	3	88	0.061643914847991484
16	100	3	23	0.061643914847991484
16	100	3	29	0.061643914847991484
16	100	3	46	0.061643914847991484
16	100	3	63	0.061643914847991484
16	100	3	98	0.061643914847991484
16	100	3	36	0.061643914847991484
16	100	3	52	0.061643914847991484
16	100	3	71	0.004037546466180239
16	100	3	40	0.004037546466180239
16	100	3	16	0.061643914847991484
16	100	3	27	0.061643914847991484
16	100	3	12	0.014843149845404614
16	100	3	13	0.014843149845404614
16	100	3	54	0.003939063502767127
16	100	4	2	0.07323631633520009
16	100	4	15	0.07323631633520009
16	100	4	29	0.07323631633520009
16	100	4	21	0.036100221569848163
16	100	4	55	0.07323631633520009
16	100	4	62	0.07323631633520009
16	100	4	46	0.07323631633520009
16	100	4	86	0.07323631633520009
16	100	4	69	0.07323631633520009
16	100	4	28	0.026274337050545476
16	100	4	0	0.026274337050545476
16	100	4	9	0.026274337050545476
16	100	4	24	0.014029119427237656
16	100	4	14	0.014029119427237656
16	100	4	51	0.012746919231820015
16	100	4	99	0.012746919231820015
16	100	4	75	0.012746919231820015
16	100	4	12	0.014029119427237656
16	100	4	34	0.014029119427237656
16	100	4	88	0.012746919231820015
16	100	4	36	0.012746919231820015
16	100	4	48	0.012746919231820015
16	100	4	100	0.009202788958709022
16	100	5	2	0.08529216372079083
16	100	5	15	0.08284049828551945
16	100	5	55	0.08284049828551945
16	100	5	38	0.08284049828551945
16	100	5	0	0.08284049828551945
16	100	5	53	0.08284049828551945
16	100	5	69	0.08284049828551945
16	100	5	46	0.08284049828551945
16	100	5	36	0.06651084110283839
16	100	5	98	0.06651084110283839
16	100	5	51	0.06651084110283839
16	100	5	1	0.04699919950454512
16	100	5	62	0.04699919950454512
16	100	5	21	0.04699919950454512
16	100	5	10	0.035034614494141275
16	100	5	17	0.035034614494141275
16	100	5	7	0.035034614494141275
16	100	5	14	0.024630388775528558
16	100	5	24	0.024630388775528558
16	100	5	22	0.024630388775528558
16	100	6	2	0.1948317657342963
16	100	6	15	0.1948317657342963
16	100	6	55	0.04844308369126448
16	100	6	38	0.044058887764821315
16	100	6	53	0.044058887764821315
16	100	6	63	0.043077786127155786
16	100	6	71	0.043077786127155786
16	100	6	17	0.043077786127155786
16	100	6	10	0.043077786127155786
16	100	6	7	0.043077786127155786
16	100	6	0	0.043077786127155786
16	100	6	12	0.043077786127155786
16	100	6	86	0.028396055664161368
16	100	6	76	0.043077786127155786
16	100	6	69	0.043077786127155786
16	100	6	46	0.043077786127155786
16	100	6	40	0.02084515360287133
16	100	6	60	0.02084515360287133
16	100	6	98	0.01578771639566624
16	100	6	80	0.0036746951406369985
16	100	7	15	0.17360257784124877
16	100	7	2	0.17360257784124877
16	100	7	55	0.04242490943660012
16	100	7	28	0.03714008285623255
16	100	7	12	0.03714008285623255
16	100	7	88	0.03714008285623255
16	100	7	46	0.03714008285623255
16	100	7	69	0.03714008285623255
16	100	7	40	0.03714008285623255
16	100	7	60	0.03714008285623255
16	100	7	98	0.03714008285623255
16	100	7	0	0.03714008285623255
16	100	7	74	0.03714008285623255
16	100	7	1	0.024603605585010395
16	100	7	21	0.03201708538056679
16	100	7	14	0.03201708538056679
16	100	7	22	0.024603605585010395
16	100	7	63	0.024603605585010395
16	100	7	71	0.02203354983563255
16	100	7	62	0.01107935587804585
16	100	8	15	0.2338323628151026
16	100	8	2	0.09262514035746834
16	100	8	0	0.09262514035746834
16	100	8	69	0.09262514035746834
16	100	8	46	0.09262514035746834
16	100	8	86	0.055959552270514204
16	100	8	21	0.055959552270514204
16	100	8	1	0.04447987663047467
16	100	8	53	0.055959552270514204
16	100	8	74	0.055959552270514204
16	100	8	55	0.02835881208772106
16	100	8	12	0.02835881208772106
16	100	8	80	0.006260890575574681
16	100	8	22	0.021560781333510914
16	100	8	14	0.021560781333510914
16	100	8	24	0.021560781333510914
16	100	8	13	0.021560781333510914
16	100	8	34	0.006260890575574681
16	100	8	88	0.006260890575574681
16	100	8	19	0.004113205843497507
16	100	8	28	0.004113205843497507
16	100	9	2	0.18199445235161002
16	100	9	69	0.047767183880050836
16	100	9	55	0.047767183880050836
16	100	9	46	0.047767183880050836
16	100	9	62	0.047767183880050836
16	100	9	38	0.047767183880050836
16	100	9	86	0.047767183880050836
16	100	9	53	0.047767183880050836
16	100	9	74	0.047767183880050836
16	100	9	88	0.029312649239677184
16	100	9	9	0.023327039650030735
16	100	9	12	0.023327039650030735
16	100	9	99	0.029312649239677184
16	100	9	98	0.029312649239677184
16	100	9	80	0.029312649239677184
16	100	9	63	0.029312649239677184
16	100	9	94	0.021907239738041515
16	100	9	40	0.021907239738041515
16	100	9	100	0.021907239738041515
16	100	9	16	0.006564962530792915
16	100	9	11	0.006564962530792915
16	100	9	60	0.0026505012353824475
16	100	10	88	0.18571214661277258
16	100	10	55	0.18571214661277258
16	100	10	46	0.18571214661277258
16	100	10	69	0.18571214661277258
16	100	10	0	0.07353578258893391
16	100	10	2	0.07353578258893391
16	100	10	53	0.07353578258893391
16	100	10	38	0.07353578258893391
16	100	10	76	0.07353578258893391
16	100	10	54	0.07353578258893391
16	100	10	15	0.07353578258893391
16	100	10	29	0.07353578258893391
16	100	10	99	0.07353578258893391
16	100	10	56	0.07353578258893391
16	100	10	21	0.036077538595934946
16	100	10	22	0.036077538595934946
16	100	10	62	0.036077538595934946
16	100	10	98	0.005861592708809595
16	100	10	84	0.005861592708809595
16	100	10	13	0.036077538595934946
16	100	10	34	0.036077538595934946
16	100	10	52	0.036077538595934946
16	100	11	62	0.12783468725955596
16	100	11	0	0.12783468725955596
16	100	11	74	0.12783468725955596
16	100	11	55	0.12783468725955596
16	100	11	69	0.12783468725955596
16	100	11	46	0.12783468725955596
16	100	11	1	0.09146598823727256
16	100	11	36	0.03388518101481375
16	100	11	71	0.048451960055573
16	100	11	76	0.048451960055573
16	100	11	38	0.048451960055573
16	100	11	53	0.048451960055573
16	100	11	86	0.02906680734181625
16	100	11	70	0.020130488999040904
16	100	11	52	0.020130488999040904
16	100	11	23	0.016808296976852044
16	100	11	9	0.012538835344418381
16	100	11	17	0.016808296976852044
16	100	11	88	0.016808296976852044
16	100	11	60	0.010728444957659062
16	100	11	21	0.012538835344418381
16	100	12	0	0.11094270696368377
16	100	12	46	0.11094270696368377
16	100	12	69	0.11094270696368377
16	100	12	55	0.11094270696368377
16	100	12	53	0.04568007772728453
16	100	12	38	0.04568007772728453
16	100	12	76	0.03206983084942965
16	100	12	62	0.03206983084942965
16	100	12	28	0.03206983084942965
16	100	12	12	0.02240479144376841
16	100	12	24	0.02240479144376841
16	100	12	40	0.014517110636945949
16	100	12	71	0.014517110636945949
16	100	12	60	0.014517110636945949
16	100	12	10	0.02240479144376841
16	100	12	7	0.02240479144376841
16	100	12	17	0.02240479144376841
16	100	12	21	0.02240479144376841
16	100	12	22	0.02240479144376841
16	100	12	14	0.02240479144376841
16	100	12	34	0.018834717460011276
16	100	12	13	0.018834717460011276
16	100	13	2	0.1575021560403466
16	100	13	0	0.15056395397686947
16	100	13	55	0.06095003416201959
16	100	13	46	0.06095003416201959
16	100	13	69	0.06095003416201959
16	100	13	14	0.06095003416201959
16	100	13	74	0.06095003416201959
16	100	13	24	0.06095003416201959
16	100	13	12	0.06095003416201959
16	100	13	38	0.06095003416201959
16	100	13	62	0.06095003416201959
16	100	13	15	0.06095003416201959
16	100	13	22	0.06095003416201959
16	100	13	28	0.04081473414481136
16	100	13	71	0.04081473414481136
16	100	13	19	0.04081473414481136
16	100	13	21	0.04081473414481136
16	100	13	16	0.04081473414481136
16	100	13	5	0.04081473414481136
16	100	13	6	0.04081473414481136
16	100	14	15	0.25297579849242335
16	100	14	55	0.15590823225846018
16	100	14	0	0.09141643519847524
16	100	14	2	0.062210962230267966
16	100	14	46	0.062210962230267966
16	100	14	69	0.062210962230267966
16	100	14	88	0.03732668271061095
16	100	14	21	0.03732668271061095
16	100	14	9	0.03732668271061095
16	100	14	63	0.03732668271061095
16	100	14	62	0.03732668271061095
16	100	14	1	0.023976206376166972
16	100	14	28	0.023976206376166972
16	100	14	98	0.023976206376166972
16	100	14	12	0.02332666387095377
16	100	14	80	0.014386063171834215
16	100	14	74	0.0139652007190941
16	100	14	40	0.0139652007190941
16	100	14	68	0.0139652007190941
16	100	14	100	0.0037932189909057287
16	100	15	15	0.1634583758222528
16	100	15	2	0.1309769708489737
16	100	15	55	0.1309769708489737
16	100	15	46	0.1309769708489737
16	100	15	69	0.1309769708489737
16	100	15	28	0.024790732538301864
16	100	15	21	0.024790732538301864
16	100	15	22	0.024790732538301864
16	100	15	74	0.024790732538301864
16	100	15	62	0.024790732538301864
16	100	15	23	0.024790732538301864
16	100	15	12	0.024790732538301864
16	100	15	14	0.024790732538301864
16	100	15	24	0.024790732538301864
16	100	15	0	0.024790732538301864
16	100	15	53	0.014457679017026867
16	100	15	38	0.014457679017026867
16	100	15	13	0.024790732538301864
16	100	15	34	0.024790732538301864
16	100	15	8	0.024790732538301864
16	100	15	17	0.024790732538301864
16	100	15	10	0.005997645472247253
16	100	16	46	0.19656000769788748
16	100	16	69	0.19656000769788748
16	100	16	55	0.19656000769788748
16	100	16	88	0.05959411847003623
16	100	16	98	0.05959411847003623
16	100	16	99	0.05959411847003623
16	100	16	12	0.05959411847003623
16	100	16	15	0.05959411847003623
16	100	16	51	0.05959411847003623
16	100	16	100	0.05959411847003623
16	100	16	9	0.05959411847003623
16	100	16	75	0.05959411847003623
16	100	16	20	0.05959411847003623
16	100	16	86	0.017358688259508873
16	100	16	27	0.017358688259508873
16	100	16	28	0.017358688259508873
16	100	16	58	0.017358688259508873
16	100	16	63	0.017358688259508873
16	100	16	42	0.017358688259508873
16	100	16	40	0.004729436099230877
16	100	17	55	0.17050757150775214
16	100	17	63	0.17050757150775214
16	100	17	6	0.06736830215128338
16	100	17	46	0.17050757150775214
16	100	17	69	0.17050757150775214
16	100	17	23	0.06736830215128338
16	100	17	12	0.06736830215128338
16	100	17	53	0.06736830215128338
16	100	17	76	0.06736830215128338
16	100	17	28	0.06736830215128338
16	100	17	2	0.06736830215128338
16	100	17	19	0.06736830215128338
16	100	17	21	0.02779867666972336
16	100	17	38	0.06736830215128338
16	100	17	71	0.06736830215128338
16	100	17	5	0.030715036245187764
16	100	17	52	0.030715036245187764
16	100	17	13	0.0028036717210862417
16	100	17	0	0.012830217938342865
16	100	17	57	0.012830217938342865
16	100	17	17	0.003689865353719834
16	100	18	15	0.13521938827823562
16	100	18	2	0.13521938827823562
16	100	18	0	0.10462167790510755
16	100	18	55	0.06406360840006545
16	100	18	69	0.050984956130473436
16	100	18	36	0.05924441514302256
16	100	18	12	0.05924441514302256
16	100	18	16	0.025282693379070017
16	100	18	28	0.023484098907907064
16	100	18	46	0.050984956130473436
16	100	18	62	0.050984956130473436
16	100	18	98	0.04582154226429052
16	100	18	40	0.025282693379070017
16	100	18	60	0.025282693379070017
16	100	18	21	0.025282693379070017
16	100	18	74	0.022870303333473983
16	100	18	100	0.006725203146942962
16	100	18	6	0.018327036269586483
16	100	18	19	0.018327036269586483
16	100	18	9	0.018327036269586483
16	100	18	86	0.006725203146942962
16	100	18	5	0.018327036269586483
16	100	18	23	0.018327036269586483
16	100	19	0	0.21929023531860012
16	100	19	86	0.21929023531860012
16	100	19	62	0.21929023531860012
16	100	19	17	0.04972816403995849
16	100	19	51	0.04972816403995849
16	100	19	15	0.04972816403995849
16	100	19	12	0.049013188107594335
16	100	19	7	0.04972816403995849
16	100	19	10	0.04972816403995849
16	100	19	93	0.049013188107594335
16	100	19	76	0.049013188107594335
16	100	19	1	0.049013188107594335
16	100	19	5	0.049013188107594335
16	100	19	19	0.049013188107594335
16	100	19	6	0.049013188107594335
16	100	19	74	0.03201449398759433
16	100	19	27	0.03201449398759433
16	100	19	9	0.03201449398759433
16	100	19	4	0.03201449398759433
16	100	19	23	0.030144008130894788
16	100	19	32	0.030144008130894788
16	100	20	2	0.1381166124426966
16	100	20	15	0.1381166124426966
16	100	20	55	0.05574634319435674
16	100	20	21	0.03667178651499173
16	100	20	69	0.05574634319435674
16	100	20	46	0.05574634319435674
16	100	20	88	0.031466110218522234
16	100	20	12	0.02338022232287836
16	100	20	38	0.031466110218522234
16	100	20	53	0.031466110218522234
16	100	20	98	0.031466110218522234
16	100	20	74	0.031466110218522234
16	100	20	14	0.02338022232287836
16	100	20	24	0.02338022232287836
16	100	20	22	0.02338022232287836
16	100	20	34	0.008710628954707809
16	100	20	76	0.009131328328542325
16	100	20	71	0.009131328328542325
16	100	20	40	0.009131328328542325
16	100	20	60	0.000997950387802417
16	100	20	62	0.000997950387802417
16	100	20	0	0.000997950387802417
16	100	20	51	0.000997950387802417
16	100	20	63	0.000997950387802417
16	100	21	74	0.10338333958456251
16	100	21	86	0.26375573806360747
16	100	21	80	0.26375573806360747
16	100	21	38	0.09314017562422934
16	100	21	53	0.09314017562422934
16	100	21	55	0.09314017562422934
16	100	21	71	0.09314017562422934
16	100	21	0	0.09314017562422934
16	100	21	76	0.05411778857809298
16	100	21	46	0.05411778857809298
16	100	21	35	0.030753657153958572
16	100	21	69	0.030753657153958572
16	100	21	14	0.02097366754588441
16	100	21	6	0.030753657153958572
16	100	21	19	0.030753657153958572
16	100	21	89	0.02097366754588441
16	100	21	2	0.019075203580051606
16	100	21	12	0.019075203580051606
16	100	21	21	0.019075203580051606
16	100	21	100	0.005534793701670516
16	100	22	55	0.08444733705980621
16	100	22	2	0.08444733705980621
16	100	22	17	0.08444733705980621
16	100	22	46	0.08444733705980621
16	100	22	69	0.08444733705980621
16	100	22	0	0.08444733705980621
16	100	22	86	0.08444733705980621
16	100	22	20	0.08444733705980621
16	100	22	21	0.08444733705980621
16	100	22	12	0.08444733705980621
16	100	22	6	0.08444733705980621
16	100	22	98	0.08444733705980621
16	100	22	4	0.08444733705980621
16	100	22	18	0.08444733705980621
16	100	22	32	0.08444733705980621
16	100	22	59	0.02109964323697895
16	100	22	53	0.040238472321584125
16	100	22	74	0.040238472321584125
16	100	22	38	0.040238472321584125
16	100	22	7	0.02109964323697895
16	100	22	5	0.02109964323697895
16	100	22	19	0.02109964323697895
16	100	23	15	0.1285722291941595
16	100	23	28	0.11365024829983485
16	100	23	1	0.07889375990014981
16	100	23	60	0.09866290495614378
16	100	23	40	0.09866290495614378
16	100	23	55	0.09866290495614378
16	100	23	24	0.07889375990014981
16	100	23	14	0.07889375990014981
16	100	23	76	0.03630517638989637
16	100	23	2	0.07889375990014981
16	100	23	21	0.07889375990014981
16	100	23	71	0.03630517638989637
16	100	23	62	0.03465006615122558
16	100	23	74	0.03465006615122558
16	100	23	38	0.03465006615122558
16	100	23	53	0.03465006615122558
16	100	23	13	0.010987630067777253
16	100	23	63	0.03465006615122558
16	100	23	46	0.03465006615122558
16	100	23	51	0.024314999688325553
16	100	23	69	0.024314999688325553
16	100	24	0	0.2331772243885477
16	100	24	15	0.12266848822166104
16	100	24	88	0.10965781126493711
16	100	24	2	0.10965781126493711
16	100	24	1	0.10965781126493711
16	100	24	29	0.10965781126493711
16	100	24	21	0.10965781126493711
16	100	24	55	0.07905821302233253
16	100	24	86	0.07801132378458335
16	100	24	69	0.07801132378458335
16	100	24	46	0.07801132378458335
16	100	24	60	0.054796265847259655
16	100	24	36	0.054796265847259655
16	100	24	80	0.054796265847259655
16	100	24	71	0.04746819468506728
16	100	24	6	0.04746819468506728
16	100	24	98	0.045866385278437255
16	100	24	16	0.04746819468506728
16	100	24	12	0.04746819468506728
16	100	24	22	0.009024548913419831
16	100	25	2	0.08438004356476146
16	100	25	88	0.08438004356476146
16	100	25	21	0.08438004356476146
16	100	25	15	0.07971529632745232
16	100	25	14	0.029198119727276588
16	100	25	55	0.029198119727276588
16	100	25	0	0.029198119727276588
16	100	25	98	0.029198119727276588
16	100	25	86	0.029198119727276588
16	100	25	38	0.029198119727276588
16	100	25	53	0.029198119727276588
16	100	25	28	0.01850333628702439
16	100	25	8	0.029198119727276588
16	100	25	34	0.029198119727276588
16	100	25	13	0.029198119727276588
16	100	25	24	0.029198119727276588
16	100	25	22	0.029198119727276588
16	100	25	10	0.029198119727276588
16	100	25	17	0.029198119727276588
16	100	25	80	0.01850333628702439
16	100	25	1	0.01850333628702439
16	100	25	7	0.01850333628702439
16	100	26	15	0.1533286205362084
16	100	26	2	0.1533286205362084
16	100	26	55	0.07474254586254307
16	100	26	12	0.06463129910711991
16	100	26	69	0.07474254586254307
16	100	26	46	0.07474254586254307
16	100	26	38	0.06463129910711991
16	100	26	53	0.06463129910711991
16	100	26	98	0.03780321704019887
16	100	26	74	0.03780321704019887
16	100	26	0	0.03780321704019887
16	100	26	21	0.03780321704019887
16	100	26	13	0.03780321704019887
16	100	26	40	0.03780321704019887
16	100	26	71	0.03780321704019887
16	100	26	62	0.03780321704019887
16	100	26	88	0.03780321704019887
16	100	26	29	0.03780321704019887
16	100	26	60	0.0052514924528872554
16	100	26	8	0.01503675829476611
16	100	26	19	0.01503675829476611
16	100	27	69	0.15616662466337886
16	100	27	99	0.15616662466337886
16	100	27	23	0.15616662466337886
16	100	27	55	0.10567912594434818
16	100	27	46	0.10567912594434818
16	100	27	62	0.10567912594434818
16	100	27	38	0.0793758315513207
16	100	27	95	0.05018748144797243
16	100	27	57	0.05018748144797243
16	100	27	77	0.05018748144797243
16	100	27	24	0.038626913738542205
16	100	27	21	0.038626913738542205
16	100	27	37	0.05018748144797243
16	100	27	96	0.05018748144797243
16	100	27	53	0.05018748144797243
16	100	27	94	0.022157080272756643
16	100	27	13	0.038626913738542205
16	100	27	8	0.038626913738542205
16	100	27	34	0.038626913738542205
16	100	27	14	0.038626913738542205
16	100	27	22	0.038626913738542205
16	100	27	4	0.038626913738542205
16	100	27	32	0.038626913738542205
16	100	28	0	0.08452032995989432
16	100	28	2	0.08452032995989432
16	100	28	63	0.08452032995989432
16	100	28	55	0.06990469673580044
16	100	28	98	0.08452032995989432
16	100	28	69	0.061975612737792285
16	100	28	62	0.04064401684297848
16	100	28	88	0.03893341649250074
16	100	28	25	0.03893341649250074
16	100	28	14	0.08452032995989432
16	100	28	34	0.08452032995989432
16	100	28	8	0.08452032995989432
16	100	28	13	0.08452032995989432
16	100	28	22	0.08452032995989432
16	100	28	24	0.08452032995989432
16	100	28	21	0.08452032995989432
16	100	28	20	0.03893341649250074
16	100	28	15	0.03893341649250074
16	100	28	46	0.03893341649250074
16	100	28	29	0.03741917983017255
16	100	29	2	0.1446813667133336
16	100	29	15	0.08089043396684448
16	100	29	21	0.08089043396684448
16	100	29	55	0.040093697299787075
16	100	29	98	0.040093697299787075
16	100	29	23	0.03266632261249521
16	100	29	12	0.03266632261249521
16	100	29	46	0.03266632261249521
16	100	29	16	0.03266632261249521
16	100	29	88	0.03266632261249521
16	100	29	74	0.03266632261249521
16	100	29	69	0.03266632261249521
16	100	29	0	0.03266632261249521
16	100	29	28	0.03266632261249521
16	100	29	19	0.03266632261249521
16	100	29	86	0.03266632261249521
16	100	29	27	0.03266632261249521
16	100	29	29	0.03266632261249521
16	100	29	33	0.004280214623141005
16	100	29	17	0.020905209518239504
16	100	29	5	0.020905209518239504
16	100	30	0	0.29652786816329857
16	100	30	2	0.29652786816329857
16	100	30	62	0.029420816800721176
16	100	30	21	0.029420816800721176
16	100	30	88	0.029420816800721176
16	100	30	74	0.029420816800721176
16	100	30	47	0.029420816800721176
16	100	30	71	0.029420816800721176
16	100	30	98	0.029420816800721176
16	100	30	42	0.029420816800721176
16	100	30	86	0.029420816800721176
16	100	30	1	0.029420816800721176
16	100	30	23	0.020627383163485835
16	100	30	38	0.029420816800721176
16	100	30	53	0.029420816800721176
16	100	30	76	0.02856225268731506
16	100	30	58	0.02856225268731506
16	100	30	24	0.011259614268293222
16	100	30	80	0.020627383163485835
16	100	30	55	0.020627383163485835
16	100	30	99	0.020627383163485835
16	100	31	15	0.15873553106923458
16	100	31	0	0.15873553106923458
16	100	31	2	0.15873553106923458
16	100	31	98	0.04352959652473856
16	100	31	21	0.04352959652473856
16	100	31	55	0.03986143867702586
16	100	31	69	0.03986143867702586
16	100	31	46	0.02571210978607389
16	100	31	36	0.022231712443758097
16	100	31	24	0.012238086249408397
16	100	31	53	0.022231712443758097
16	100	31	12	0.022231712443758097
16	100	31	38	0.022231712443758097
16	100	31	71	0.022231712443758097
16	100	31	76	0.022231712443758097
16	100	31	52	0.022231712443758097
16	100	31	62	0.022231712443758097
16	100	31	88	0.022231712443758097
16	100	31	25	0.022231712443758097
16	100	31	51	0.004756893817904782
16	100	32	2	0.3973494793286349
16	100	32	80	0.1250433389056124
16	100	32	0	0.10411584793702813
16	100	32	38	0.04117238373160827
16	100	32	12	0.04117238373160827
16	100	32	98	0.035385365197866885
16	100	32	5	0.04117238373160827
16	100	32	19	0.04117238373160827
16	100	32	86	0.04117238373160827
16	100	32	6	0.04117238373160827
16	100	32	28	0.04117238373160827
16	100	32	54	0.035385365197866885
16	100	32	56	0.035385365197866885
16	100	32	52	0.035385365197866885
16	100	32	46	0.035385365197866885
16	100	32	42	0.035385365197866885
16	100	32	10	0.013470939242976003
16	100	32	7	0.013470939242976003
16	100	32	3	0.013470939242976003
16	100	32	17	0.013470939242976003
16	100	33	88	0.22891196151799015
16	100	33	55	0.2287208175473072
16	100	33	43	0.09815574837337539
16	100	33	69	0.09815574837337539
16	100	33	46	0.09815574837337539
16	100	33	54	0.05796732925617891
16	100	33	24	0.05796732925617891
16	100	33	2	0.05796732925617891
16	100	33	36	0.05796732925617891
16	100	33	7	0.05796732925617891
16	100	33	12	0.05796732925617891
16	100	33	68	0.05796732925617891
16	100	33	56	0.05796732925617891
16	100	33	10	0.05796732925617891
16	100	33	74	0.04570335343558345
16	100	33	47	0.04570335343558345
16	100	33	1	0.024878332858952263
16	100	33	62	0.04570335343558345
16	100	33	60	0.04570335343558345
16	100	33	76	0.04570335343558345
16	100	33	59	0.04570335343558345
16	100	33	40	0.04570335343558345
16	100	33	95	0.04570335343558345
16	100	34	15	0.16844722202305565
16	100	34	55	0.11000549795280362
16	100	34	6	0.05431991549676343
16	100	34	51	0.11000549795280362
16	100	34	86	0.053025935744109645
16	100	34	46	0.11000549795280362
16	100	34	69	0.11000549795280362
16	100	34	71	0.05431991549676343
16	100	34	1	0.034723330393271384
16	100	34	12	0.034723330393271384
16	100	34	0	0.034723330393271384
16	100	34	80	0.034723330393271384
16	100	34	19	0.034723330393271384
16	100	34	98	0.03359356279388809
16	100	34	60	0.03359356279388809
16	100	34	76	0.03359356279388809
16	100	34	5	0.034723330393271384
16	100	34	33	0.034723330393271384
16	100	34	2	0.034723330393271384
16	100	34	39	0.01501939201491956
16	100	34	58	0.01501939201491956
16	100	34	52	0.01501939201491956
16	100	35	15	0.1408964933897623
16	100	35	0	0.1408964933897623
16	100	35	55	0.059836770296485986
16	100	35	46	0.059836770296485986
16	100	35	69	0.059836770296485986
16	100	35	98	0.059836770296485986
16	100	35	62	0.059836770296485986
16	100	35	12	0.059836770296485986
16	100	35	1	0.059836770296485986
16	100	35	88	0.03262402838111209
16	100	35	21	0.03262402838111209
16	100	35	24	0.03262402838111209
16	100	35	23	0.03262402838111209
16	100	35	22	0.03262402838111209
16	100	35	14	0.03262402838111209
16	100	35	8	0.03262402838111209
16	100	35	6	0.03262402838111209
16	100	35	28	0.03262402838111209
16	100	35	38	0.03262402838111209
16	100	35	53	0.03262402838111209
16	100	36	2	0.17859888938493484
16	100	36	55	0.09287073123095657
16	100	36	0	0.09287073123095657
16	100	36	15	0.09287073123095657
16	100	36	46	0.09287073123095657
16	100	36	12	0.057628711372350816
16	100	36	86	0.057628711372350816
16	100	36	62	0.057628711372350816
16	100	36	69	0.057628711372350816
16	100	36	19	0.028780786402487813
16	100	36	38	0.057628711372350816
16	100	36	71	0.057628711372350816
16	100	36	76	0.057628711372350816
16	100	36	88	0.057628711372350816
16	100	36	98	0.028780786402487813
16	100	36	21	0.026337875841910396
16	100	36	5	0.028780786402487813
16	100	36	6	0.028780786402487813
16	100	36	74	0.006239188988152853
16	100	36	16	0.006014833623124377
16	100	37	62	0.20265477085416925
16	100	37	2	0.19044423987731238
16	100	37	36	0.05097491655678855
16	100	37	86	0.05097491655678855
16	100	37	98	0.05097491655678855
16	100	37	76	0.03446513281532924
16	100	37	16	0.05097491655678855
16	100	37	15	0.05097491655678855
16	100	37	29	0.05097491655678855
16	100	37	12	0.05097491655678855
16	100	37	71	0.03135527836628248
16	100	37	43	0.030939053784849638
16	100	37	38	0.019890863373985816
16	100	37	95	0.012354643954189587
16	100	37	19	0.030939053784849638
16	100	37	6	0.030939053784849638
16	100	37	28	0.030939053784849638
16	100	37	27	0.030939053784849638
16	100	37	100	0.009781250349057639
16	100	37	74	0.005800895460281569
16	100	38	2	0.29340840524508643
16	100	38	55	0.07623810464395615
16	100	38	15	0.06862432802539103
16	100	38	0	0.06840617072877443
16	100	38	62	0.03773096853115055
16	100	38	9	0.0375988291290071
16	100	38	63	0.037336102131440244
16	100	38	98	0.037336102131440244
16	100	38	69	0.037336102131440244
16	100	38	46	0.037336102131440244
16	100	38	88	0.023936026721752886
16	100	38	76	0.023936026721752886
16	100	38	71	0.023936026721752886
16	100	38	21	0.020329766043201854
16	100	38	86	0.020555350319786267
16	100	38	36	0.020555350319786267
16	100	38	42	0.020329766043201854
16	100	38	12	0.020329766043201854
16	100	38	80	0.020329766043201854
16	100	38	24	0.01722945218110852
16	100	39	2	0.09442730949289554
16	100	39	62	0.09442730949289554
16	100	39	21	0.030280182406454623
16	100	39	22	0.030280182406454623
16	100	39	34	0.030280182406454623
16	100	39	14	0.030280182406454623
16	100	39	24	0.030280182406454623
16	100	39	0	0.030280182406454623
16	100	39	46	0.030280182406454623
16	100	39	55	0.030280182406454623
16	100	39	54	0.030280182406454623
16	100	39	74	0.030280182406454623
16	100	39	28	0.030280182406454623
16	100	39	8	0.030280182406454623
16	100	39	13	0.030280182406454623
16	100	39	52	0.030280182406454623
16	100	39	99	0.030280182406454623
16	100	39	95	0.027249149135198086
16	100	39	76	0.022385457916168108
16	100	39	17	0.008341243055376799
16	100	40	2	0.07681165343034183
16	100	40	55	0.07681165343034183
16	100	40	88	0.06492625261239672
16	100	40	46	0.06492625261239672
16	100	40	69	0.06492625261239672
16	100	40	12	0.058209889412993245
16	100	40	76	0.06492625261239672
16	100	40	71	0.06492625261239672
16	100	40	74	0.028904105098031357
16	100	40	21	0.028904105098031357
16	100	40	29	0.028904105098031357
16	100	40	17	0.015620391139864404
16	100	40	19	0.015620391139864404
16	100	40	38	0.028904105098031357
16	100	40	53	0.028904105098031357
16	100	40	98	0.028904105098031357
16	100	40	62	0.028904105098031357
16	100	40	40	0.028904105098031357
16	100	40	0	0.007764161432489952
16	100	40	5	0.0025703889942664065
16	100	41	15	0.16163092434195317
16	100	41	55	0.07985384647651106
16	100	41	2	0.04791823825782184
16	100	41	24	0.04791823825782184
16	100	41	38	0.04791823825782184
16	100	41	14	0.04791823825782184
16	100	41	22	0.04791823825782184
16	100	41	69	0.04791823825782184
16	100	41	46	0.04791823825782184
16	100	41	88	0.04791823825782184
16	100	41	0	0.04791823825782184
16	100	41	98	0.04791823825782184
16	100	41	21	0.04791823825782184
16	100	41	86	0.04791823825782184
16	100	41	89	0.008529020746570611
16	100	41	62	0.008529020746570611
16	100	41	8	0.04791823825782184
16	100	41	13	0.04791823825782184
16	100	41	34	0.04791823825782184
16	100	41	28	0.04791823825782184
16	100	41	9	0.012775946947820603
16	100	41	17	0.010797615925145708
16	100	42	2	0.3448413260076854
16	100	42	55	0.11237173470529485
16	100	42	46	0.11237173470529485
16	100	42	88	0.11237173470529485
16	100	42	21	0.09921217356672504
16	100	42	69	0.11237173470529485
16	100	42	0	0.062118760852123076
16	100	42	40	0.062118760852123076
16	100	42	3	0.04788529456048255
16	100	42	34	0.04210989750820648
16	100	42	11	0.03469860667525634
16	100	42	16	0.03469860667525634
16	100	42	89	0.03469860667525634
16	100	42	24	0.024051594780255127
16	100	42	6	0.024051594780255127
16	100	42	13	0.024051594780255127
16	100	42	17	0.019776829996022736
16	100	42	81	0.024051594780255127
16	100	42	78	0.024051594780255127
16	100	42	14	0.0007164040062293597
16	100	43	15	0.4243812438761516
16	100	43	46	0.1135796952781241
16	100	43	55	0.1135796952781241
16	100	43	59	0.1135796952781241
16	100	43	1	0.11075749485690303
16	100	43	17	0.07047175465958078
16	100	43	10	0.07047175465958078
16	100	43	7	0.07047175465958078
16	100	43	69	0.04849696224700358
16	100	43	12	0.03705483849865117
16	100	43	40	0.04470362617609286
16	100	43	60	0.04470362617609286
16	100	43	88	0.0286665371755225
16	100	43	20	0.015913246529532403
16	100	43	14	0.015913246529532403
16	100	43	54	0.0286665371755225
16	100	43	38	0.0286665371755225
16	100	43	62	0.0286665371755225
16	100	43	56	0.02782832654518239
16	100	43	53	0.017681454960212825
16	100	44	2	0.26528408784694996
16	100	44	15	0.26528408784694996
16	100	44	9	0.0767088440334731
16	100	44	38	0.0767088440334731
16	100	44	53	0.0767088440334731
16	100	44	98	0.0767088440334731
16	100	44	74	0.0767088440334731
16	100	44	0	0.0496814370490612
16	100	44	19	0.0496814370490612
16	100	44	55	0.0496814370490612
16	100	44	28	0.0496814370490612
16	100	44	5	0.0496814370490612
16	100	44	46	0.03799059647486567
16	100	44	29	0.03799059647486567
16	100	44	51	0.03799059647486567
16	100	44	40	0.022084600670035454
16	100	44	63	0.022084600670035454
16	100	44	60	0.022084600670035454
16	100	44	35	0.022084600670035454
16	100	44	6	0.022084600670035454
16	100	45	55	0.04829199799021034
16	100	45	2	0.04829199799021034
16	100	45	12	0.04829199799021034
16	100	45	21	0.04829199799021034
16	100	45	69	0.04829199799021034
16	100	45	24	0.042986681204195146
16	100	45	14	0.042986681204195146
16	100	45	38	0.023737868328147227
16	100	45	53	0.023737868328147227
16	100	45	46	0.023737868328147227
16	100	45	22	0.042986681204195146
16	100	45	13	0.042986681204195146
16	100	45	34	0.042986681204195146
16	100	45	15	0.042986681204195146
16	100	45	0	0.042986681204195146
16	100	45	98	0.010447802739337073
16	100	45	52	0.010447802739337073
16	100	45	60	0.010447802739337073
16	100	45	88	0.010447802739337073
16	100	45	54	0.008285790649354627
16	100	45	28	0.042986681204195146
16	100	45	6	0.042986681204195146
16	100	45	80	0.042986681204195146
16	100	45	86	0.042986681204195146
16	100	45	5	0.042986681204195146
16	100	45	8	0.042986681204195146
16	100	45	19	0.042986681204195146
16	100	46	2	0.2928752890936125
16	100	46	74	0.1225229521946677
16	100	46	16	0.043052837897284174
16	100	46	69	0.16382904805024087
16	100	46	46	0.16382904805024087
16	100	46	55	0.16382904805024087
16	100	46	0	0.043052837897284174
16	100	46	27	0.043052837897284174
16	100	46	62	0.043052837897284174
16	100	46	53	0.043052837897284174
16	100	46	88	0.043052837897284174
16	100	46	38	0.043052837897284174
16	100	46	89	0.043052837897284174
16	100	46	51	0.04088913954532327
16	100	46	15	0.043052837897284174
16	100	46	98	0.00509791595204406
16	100	46	9	0.043052837897284174
16	100	46	86	0.043052837897284174
16	100	46	28	0.043052837897284174
16	100	46	80	0.043052837897284174
16	100	46	36	0.013053482585288977
16	100	47	2	0.22971548516150608
16	100	47	55	0.08437107230220836
16	100	47	98	0.047539830649478976
16	100	47	21	0.047539830649478976
16	100	47	15	0.047539830649478976
16	100	47	14	0.030302640817824737
16	100	47	88	0.047539830649478976
16	100	47	62	0.047539830649478976
16	100	47	69	0.047539830649478976
16	100	47	46	0.047539830649478976
16	100	47	53	0.047539830649478976
16	100	47	38	0.047539830649478976
16	100	47	0	0.027132918880884108
16	100	47	40	0.027132918880884108
16	100	47	42	0.027132918880884108
16	100	47	74	0.013226002790926878
16	100	47	76	0.013226002790926878
16	100	47	71	0.01119435899578291
16	100	47	12	0.030302640817824737
16	100	47	8	0.030302640817824737
16	100	47	34	0.030302640817824737
16	100	47	22	0.030302640817824737
16	100	47	24	0.030302640817824737
16	100	47	13	0.030302640817824737
16	100	47	10	0.009968411843002723
16	100	48	2	0.23821666439966388
16	100	48	38	0.15913027182910622
16	100	48	55	0.06728522068635287
16	100	48	74	0.06728522068635287
16	100	48	0	0.03070344474214928
16	100	48	69	0.03070344474214928
16	100	48	71	0.03070344474214928
16	100	48	46	0.03070344474214928
16	100	48	76	0.03070344474214928
16	100	48	62	0.023788180754333126
16	100	48	88	0.023788180754333126
16	100	48	52	0.023788180754333126
16	100	48	86	0.023788180754333126
16	100	48	60	0.023788180754333126
16	100	48	14	0.01512642124503474
16	100	48	24	0.01512642124503474
16	100	48	21	0.01512642124503474
16	100	48	53	0.023788180754333126
16	100	48	40	0.023788180754333126
16	100	48	48	0.023788180754333126
16	100	48	47	0.023788180754333126
16	100	48	13	0.006778541420843682
16	100	48	22	0.006778541420843682
16	100	48	12	0.006778541420843682
16	100	48	16	0.006778541420843682
16	100	49	88	0.0736986709754802
16	100	49	2	0.0736986709754802
16	100	49	15	0.0622554928468465
16	100	49	55	0.04946960448298067
16	100	49	21	0.04946960448298067
16	100	49	0	0.04946960448298067
16	100	49	98	0.03252896380665492
16	100	49	80	0.03252896380665492
16	100	49	38	0.03252896380665492
16	100	49	52	0.03252896380665492
16	100	49	42	0.03221724536422876
16	100	49	19	0.03252896380665492
16	100	49	36	0.03252896380665492
16	100	49	12	0.03252896380665492
16	100	49	5	0.03252896380665492
16	100	49	17	0.03252896380665492
16	100	49	58	0.03221724536422876
16	100	49	6	0.004978007398743341
16	100	49	54	0.03221724536422876
16	100	49	56	0.03221724536422876
16	100	49	53	0.03221724536422876
16	100	50	63	0.13530026181680346
16	100	50	88	0.07432645373127778
16	100	50	55	0.07432645373127778
16	100	50	15	0.07432645373127778
16	100	50	17	0.07432645373127778
16	100	50	16	0.07432645373127778
16	100	50	7	0.07432645373127778
16	100	50	10	0.07432645373127778
16	100	50	2	0.07432645373127778
16	100	50	54	0.07432645373127778
16	100	50	56	0.07432645373127778
16	100	50	53	0.07432645373127778
16	100	50	38	0.07432645373127778
16	100	50	27	0.02719746125449174
16	100	50	14	0.02719746125449174
16	100	50	21	0.02719746125449174
16	100	50	12	0.02719746125449174
16	100	50	19	0.006321458964787908
16	100	50	62	0.039926500964669834
16	100	50	60	0.039926500964669834
16	100	50	48	0.039926500964669834
16	100	50	99	0.039926500964669834
16	100	50	69	0.039926500964669834
16	100	50	46	0.039926500964669834
16	100	51	62	0.1562080588540883
16	100	51	0	0.1562080588540883
16	100	51	15	0.06100475851188798
16	100	51	86	0.06100475851188798
16	100	51	28	0.06100475851188798
16	100	51	74	0.06100475851188798
16	100	51	98	0.06100475851188798
16	100	51	2	0.06100475851188798
16	100	51	59	0.06100475851188798
16	100	51	17	0.06100475851188798
16	100	51	10	0.06100475851188798
16	100	51	58	0.03867789311621937
16	100	51	21	0.06100475851188798
16	100	51	14	0.06100475851188798
16	100	51	80	0.06100475851188798
16	100	51	42	0.03867789311621937
16	100	51	7	0.06100475851188798
16	100	51	71	0.03867789311621937
16	100	51	8	0.06100475851188798
16	100	51	13	0.06100475851188798
16	100	51	24	0.06100475851188798
16	100	51	34	0.06100475851188798
16	100	51	22	0.06100475851188798
16	100	52	2	0.11995858383281334
16	100	52	15	0.11995858383281334
16	100	52	55	0.0621698252644347
16	100	52	12	0.04591886897075281
16	100	52	17	0.04591886897075281
16	100	52	69	0.0621698252644347
16	100	52	46	0.0621698252644347
16	100	52	86	0.02658784299774986
16	100	52	53	0.032714923412108146
16	100	52	38	0.032714923412108146
16	100	52	76	0.02658784299774986
16	100	52	0	0.02658784299774986
16	100	52	71	0.02658784299774986
16	100	52	21	0.02658784299774986
16	100	52	98	0.02658784299774986
16	100	52	80	0.01639556042062344
16	100	52	88	0.005733665958682247
16	100	52	7	0.02658784299774986
16	100	52	19	0.02658784299774986
16	100	52	10	0.02658784299774986
16	100	52	5	0.02658784299774986
16	100	53	2	0.1435469987645114
16	100	53	15	0.12301043497849373
16	100	53	55	0.0856454410003181
16	100	53	53	0.08850137877138874
16	100	53	38	0.08850137877138874
16	100	53	69	0.0856454410003181
16	100	53	46	0.0856454410003181
16	100	53	0	0.068389107085546
16	100	53	21	0.068389107085546
16	100	53	35	0.036146776544207684
16	100	53	74	0.068389107085546
16	100	53	76	0.068389107085546
16	100	53	71	0.068389107085546
16	100	53	23	0.036146776544207684
16	100	53	63	0.036146776544207684
16	100	53	24	0.017791642078712828
16	100	53	12	0.036146776544207684
16	100	53	19	0.036146776544207684
16	100	53	22	0.017791642078712828
16	100	53	14	0.017791642078712828
16	100	54	15	0.17748404177965826
16	100	54	21	0.05598485777402916
16	100	54	53	0.03971607521157466
16	100	54	38	0.03971607521157466
16	100	54	12	0.03841087671654644
16	100	54	22	0.03841087671654644
16	100	54	28	0.03841087671654644
16	100	54	2	0.03841087671654644
16	100	54	24	0.03841087671654644
16	100	54	34	0.03841087671654644
16	100	54	5	0.03841087671654644
16	100	54	19	0.03841087671654644
16	100	54	52	0.03841087671654644
16	100	54	55	0.03841087671654644
16	100	54	13	0.03841087671654644
16	100	54	8	0.03841087671654644
16	100	54	14	0.03841087671654644
16	100	54	23	0.03841087671654644
16	100	54	25	0.02074435747311645
16	100	54	1	0.03841087671654644
16	100	54	6	0.03841087671654644
16	100	55	15	0.24502965437925953
16	100	55	55	0.21925474655946156
16	100	55	69	0.21925474655946156
16	100	55	46	0.21925474655946156
16	100	55	86	0.0676733396473359
16	100	55	2	0.02917559492029051
16	100	55	14	0.02917559492029051
16	100	55	21	0.02917559492029051
16	100	55	23	0.02917559492029051
16	100	55	24	0.02917559492029051
16	100	55	22	0.02819467335065521
16	100	55	1	0.018173953347933338
16	100	55	76	0.018173953347933338
16	100	55	98	0.01590418780945279
16	100	55	13	0.02819467335065521
16	100	55	8	0.02819467335065521
16	100	55	12	0.02819467335065521
16	100	55	10	0.01799786843893586
16	100	55	34	0.01799786843893586
16	100	55	88	0.01590418780945279
16	100	55	62	0.01590418780945279
16	100	56	15	0.21414853817661458
16	100	56	2	0.21414853817661458
16	100	56	55	0.05441879442958916
16	100	56	74	0.05441879442958916
16	100	56	0	0.05441879442958916
16	100	56	46	0.05441879442958916
16	100	56	21	0.04025761983035473
16	100	56	23	0.022921489859754993
16	100	56	38	0.04025761983035473
16	100	56	53	0.04025761983035473
16	100	56	98	0.04025761983035473
16	100	56	24	0.01226495921975609
16	100	56	62	0.04025761983035473
16	100	56	69	0.04025761983035473
16	100	56	51	0.04025761983035473
16	100	56	42	0.04025761983035473
16	100	56	59	0.022921489859754993
16	100	56	86	0.022921489859754993
16	100	56	22	0.01226495921975609
16	100	56	14	0.01226495921975609
16	100	57	15	0.06978284017640031
16	100	57	55	0.06678408030921434
16	100	57	0	0.06978284017640031
16	100	57	28	0.06978284017640031
16	100	57	2	0.06978284017640031
16	100	57	98	0.06678408030921434
16	100	57	46	0.06678408030921434
16	100	57	69	0.06678408030921434
16	100	57	1	0.024407652592213988
16	100	57	38	0.024407652592213988
16	100	57	86	0.024407652592213988
16	100	57	53	0.024407652592213988
16	100	57	80	0.024407652592213988
16	100	57	40	0.024407652592213988
16	100	57	76	0.01981062065035007
16	100	57	60	0.01981062065035007
16	100	57	62	0.01981062065035007
16	100	57	17	0.024407652592213988
16	100	57	10	0.024407652592213988
16	100	57	12	0.024407652592213988
16	100	57	23	0.024407652592213988
16	100	57	7	0.024407652592213988
16	100	57	19	0.01200232762283052
16	100	57	29	0.01200232762283052
16	100	58	2	0.2142705318396131
16	100	58	55	0.09270215325208904
16	100	58	9	0.06753764500989218
16	100	58	36	0.06753764500989218
16	100	58	0	0.06753764500989218
16	100	58	69	0.045442383594108064
16	100	58	46	0.045442383594108064
16	100	58	88	0.03421097044703299
16	100	58	1	0.045442383594108064
16	100	58	15	0.045442383594108064
16	100	58	17	0.03421097044703299
16	100	58	10	0.03421097044703299
16	100	58	76	0.03421097044703299
16	100	58	38	0.03421097044703299
16	100	58	53	0.03421097044703299
16	100	58	99	0.03421097044703299
16	100	58	71	0.03421097044703299
16	100	58	60	0.024040831347241852
16	100	58	40	0.024040831347241852
16	100	58	100	0.017899599722575953
16	100	59	55	0.07190928601182729
16	100	59	0	0.07190928601182729
16	100	59	2	0.07190928601182729
16	100	59	69	0.07190928601182729
16	100	59	46	0.07190928601182729
16	100	59	88	0.024035157649046218
16	100	59	62	0.024035157649046218
16	100	59	98	0.024035157649046218
16	100	59	53	0.024035157649046218
16	100	59	15	0.0530423110577397
16	100	59	38	0.024035157649046218
16	100	59	60	0.021377255266478493
16	100	59	17	0.0530423110577397
16	100	59	34	0.0530423110577397
16	100	59	8	0.0530423110577397
16	100	59	13	0.0530423110577397
16	100	59	24	0.0530423110577397
16	100	59	21	0.0530423110577397
16	100	59	14	0.0530423110577397
16	100	59	22	0.0530423110577397
16	100	59	28	0.0530423110577397
16	100	59	23	0.024693177393392614
16	100	59	7	0.024693177393392614
16	100	59	10	0.024693177393392614
16	100	59	9	0.014145965539916766
16	100	60	15	0.17724004246333033
16	100	60	2	0.17724004246333033
16	100	60	17	0.08084093999957319
16	100	60	0	0.058419652944551356
16	100	60	69	0.11066078390358003
16	100	60	46	0.11066078390358003
16	100	60	55	0.11066078390358003
16	100	60	10	0.05714145293589472
16	100	60	7	0.05714145293589472
16	100	60	1	0.05714145293589472
16	100	60	98	0.05714145293589472
16	100	60	60	0.05714145293589472
16	100	60	12	0.05714145293589472
16	100	60	36	0.05714145293589472
16	100	60	6	0.03982062851843665
16	100	60	21	0.03982062851843665
16	100	60	24	0.03982062851843665
16	100	60	19	0.03982062851843665
16	100	60	54	0.017382849290291606
16	100	60	56	0.017382849290291606
16	100	60	5	0.03982062851843665
16	100	60	14	0.013963377620715343
16	100	61	2	0.16217311164202539
16	100	61	55	0.0881708243808362
16	100	61	15	0.07206969883555626
16	100	61	46	0.07206969883555626
16	100	61	69	0.07206969883555626
16	100	61	0	0.07206969883555626
16	100	61	88	0.04218858897949354
16	100	61	38	0.07206969883555626
16	100	61	53	0.07206969883555626
16	100	61	12	0.04218858897949354
16	100	61	63	0.04062877908349415
16	100	61	98	0.04062877908349415
16	100	61	62	0.026819878879740904
16	100	61	21	0.02090427437225529
16	100	61	19	0.02090427437225529
16	100	61	76	0.021298641811881437
16	100	61	10	0.011921019302208787
16	100	61	22	0.011921019302208787
16	100	61	86	0.021298641811881437
16	100	61	60	0.021298641811881437
16	100	61	74	0.021298641811881437
16	100	61	71	0.021298641811881437
16	100	61	40	0.021298641811881437
16	100	62	2	0.2677034343235801
16	100	62	62	0.10410910751811937
16	100	62	21	0.10410910751811937
16	100	62	19	0.10410910751811937
16	100	62	5	0.10410910751811937
16	100	62	12	0.10410910751811937
16	100	62	71	0.10410910751811937
16	100	62	29	0.10410910751811937
16	100	62	69	0.10410910751811937
16	100	62	88	0.10410910751811937
16	100	62	17	0.10410910751811937
16	100	62	14	0.10410910751811937
16	100	62	24	0.10410910751811937
16	100	62	22	0.01468477956116216
16	100	62	9	0.011703506026353408
16	100	62	34	0.011703506026353408
16	100	62	16	0.011703506026353408
16	100	62	74	0.011703506026353408
16	100	62	15	0.007123225788820941
16	100	62	51	0.007051776385333612
16	100	63	2	0.39784589372365287
16	100	63	35	0.14820650261134222
16	100	63	75	0.06808066945093563
16	100	63	70	0.06808066945093563
16	100	63	80	0.06808066945093563
16	100	63	0	0.06808066945093563
16	100	63	23	0.06808066945093563
16	100	63	86	0.06808066945093563
16	100	63	19	0.06808066945093563
16	100	63	62	0.06808066945093563
16	100	63	94	0.06808066945093563
16	100	63	100	0.06808066945093563
16	100	63	51	0.06808066945093563
16	100	63	53	0.06808066945093563
16	100	63	10	0.06808066945093563
16	100	63	9	0.06808066945093563
16	100	63	12	0.06808066945093563
16	100	63	5	0.06808066945093563
16	100	63	38	0.031537822754651584
16	100	63	74	0.031537822754651584
16	100	64	98	0.11470318122975952
16	100	64	0	0.09066431711268302
16	100	64	74	0.08099263108940005
16	100	64	12	0.08099263108940005
16	100	64	15	0.08099263108940005
16	100	64	38	0.07811035150226171
16	100	64	5	0.03937800705536012
16	100	64	69	0.07811035150226171
16	100	64	53	0.07811035150226171
16	100	64	9	0.05688382742063377
16	100	64	40	0.03937800705536012
16	100	64	24	0.01960800159346708
16	100	64	19	0.03937800705536012
16	100	64	16	0.03937800705536012
16	100	64	52	0.03937800705536012
16	100	64	14	0.018249313856516725
16	100	64	95	0.018249313856516725
16	100	64	13	0.018249313856516725
16	100	64	47	0.016142342915457998
16	100	64	2	0.03937800705536012
16	100	64	27	0.03937800705536012
16	100	64	54	0.03937800705536012
16	100	64	58	0.03937800705536012
16	100	64	42	0.03937800705536012
16	100	65	0	0.11263310441695051
16	100	65	2	0.11263310441695051
16	100	65	15	0.11263310441695051
16	100	65	86	0.08760208491231751
16	100	65	80	0.08760208491231751
16	100	65	55	0.08760208491231751
16	100	65	12	0.06408342828631458
16	100	65	46	0.05077295613867227
16	100	65	19	0.03677557908095839
16	100	65	98	0.04334658962869189
16	100	65	69	0.04334658962869189
16	100	65	42	0.01849261481960596
16	100	65	10	0.03677557908095839
16	100	65	1	0.01849261481960596
16	100	65	7	0.01849261481960596
16	100	65	48	0.01849261481960596
16	100	65	5	0.0165687694154804
16	100	65	71	0.016888962750203153
16	100	65	74	0.016888962750203153
16	100	65	34	0.0165687694154804
16	100	65	17	0.0165687694154804
16	100	65	29	0.0165687694154804
16	100	65	27	0.0165687694154804
16	100	66	2	0.10424359451466997
16	100	66	55	0.10424359451466997
16	100	66	15	0.06688703910958503
16	100	66	69	0.07389928497727982
16	100	66	46	0.07389928497727982
16	100	66	17	0.047012555930707495
16	100	66	21	0.06688703910958503
16	100	66	12	0.04244442222547558
16	100	66	62	0.04038424459427562
16	100	66	0	0.04038424459427562
16	100	66	19	0.03273829923572758
16	100	66	14	0.04038424459427562
16	100	66	22	0.04038424459427562
16	100	66	34	0.04038424459427562
16	100	66	24	0.04038424459427562
16	100	66	36	0.04038424459427562
16	100	66	5	0.03273829923572758
16	100	66	98	0.04038424459427562
16	100	66	29	0.04038424459427562
16	100	66	88	0.013692156306210517
16	100	66	13	0.04038424459427562
16	100	66	8	0.04038424459427562
16	100	67	0	0.0705233817556828
16	100	67	62	0.04858237084621027
16	100	67	55	0.042920663306430774
16	100	67	21	0.0406540262423814
16	100	67	53	0.03860859477755004
16	100	67	38	0.03860859477755004
16	100	67	46	0.03860859477755004
16	100	67	69	0.03860859477755004
16	100	67	24	0.0329486594251623
16	100	67	15	0.03860859477755004
16	100	67	14	0.0329486594251623
16	100	67	100	0.03860859477755004
16	100	67	9	0.0329486594251623
16	100	67	86	0.0329486594251623
16	100	67	1	0.011190661503219691
16	100	67	13	0.0329486594251623
16	100	67	22	0.0329486594251623
16	100	67	34	0.0329486594251623
16	100	67	8	0.0329486594251623
16	100	67	28	0.011190661503219691
16	100	68	2	0.19174646803066522
16	100	68	12	0.05858915753643177
16	100	68	55	0.049449984244863306
16	100	68	19	0.04740285504878317
16	100	68	46	0.04740285504878317
16	100	68	5	0.04740285504878317
16	100	68	6	0.04740285504878317
16	100	68	51	0.04740285504878317
16	100	68	69	0.04740285504878317
16	100	68	88	0.04740285504878317
16	100	68	53	0.04740285504878317
16	100	68	98	0.024660015957536842
16	100	68	28	0.025686400036471126
16	100	68	38	0.024660015957536842
16	100	68	76	0.024660015957536842
16	100	68	36	0.025686400036471126
16	100	68	15	0.025686400036471126
16	100	68	1	0.025686400036471126
16	100	68	0	0.025686400036471126
16	100	68	10	0.025686400036471126
16	100	69	2	0.20982951976003897
16	100	69	38	0.13046938025511065
16	100	69	69	0.11333747974478492
16	100	69	53	0.08578319687845182
16	100	69	89	0.08578319687845182
16	100	69	15	0.06976945126244997
16	100	69	21	0.06976945126244997
16	100	69	35	0.06976945126244997
16	100	69	55	0.06976945126244997
16	100	69	80	0.06976945126244997
16	100	69	0	0.06976945126244997
16	100	69	1	0.06976945126244997
16	100	69	100	0.0032030632044562626
16	100	69	34	0.06976945126244997
16	100	69	22	0.06976945126244997
16	100	69	13	0.06976945126244997
16	100	69	8	0.06976945126244997
16	100	69	24	0.06976945126244997
16	100	69	14	0.06976945126244997
16	100	69	29	0.06976945126244997
16	100	69	86	0.06976945126244997
16	100	70	2	0.12769389669080042
16	100	70	55	0.10169854426049424
16	100	70	88	0.061682086758624965
16	100	70	69	0.061682086758624965
16	100	70	46	0.061682086758624965
16	100	70	14	0.061682086758624965
16	100	70	38	0.061682086758624965
16	100	70	28	0.061682086758624965
16	100	70	53	0.061682086758624965
16	100	70	13	0.02514112188691116
16	100	70	24	0.02514112188691116
16	100	70	22	0.02514112188691116
16	100	70	80	0.02514112188691116
16	100	70	63	0.02514112188691116
16	100	70	74	0.02514112188691116
16	100	70	62	0.02514112188691116
16	100	70	21	0.02514112188691116
16	100	70	34	0.02514112188691116
16	100	70	6	0.013146691103030383
16	100	70	8	0.0026701518062569917
16	100	71	15	0.20455858042073613
16	100	71	55	0.18436647733671835
16	100	71	2	0.07203514524531095
16	100	71	28	0.07203514524531095
16	100	71	63	0.05152720280277893
16	100	71	62	0.05069858782381105
16	100	71	12	0.03491508657341867
16	100	71	58	0.033851578025311024
16	100	71	47	0.033851578025311024
16	100	71	13	0.033851578025311024
16	100	71	21	0.033851578025311024
16	100	71	0	0.033851578025311024
16	100	71	46	0.033851578025311024
16	100	71	69	0.033851578025311024
16	100	71	60	0.024660707011030396
16	100	71	17	0.033851578025311024
16	100	71	40	0.024660707011030396
16	100	71	76	0.024660707011030396
16	100	71	38	0.024660707011030396
16	100	71	14	0.033851578025311024
16	100	71	8	0.033851578025311024
16	100	71	34	0.033851578025311024
16	100	71	22	0.033851578025311024
16	100	71	24	0.033851578025311024
16	100	72	2	0.3134135138703013
16	100	72	15	0.14433675973987253
16	100	72	36	0.14433675973987253
16	100	72	0	0.14433675973987253
16	100	72	98	0.050125281176881836
16	100	72	63	0.050125281176881836
16	100	72	29	0.04340739625718728
16	100	72	9	0.04340739625718728
16	100	72	25	0.04340739625718728
16	100	72	35	0.0430825130999357
16	100	72	52	0.0430825130999357
16	100	72	80	0.0430825130999357
16	100	72	55	0.0430825130999357
16	100	72	69	0.0430825130999357
16	100	72	46	0.0430825130999357
16	100	72	88	0.0430825130999357
16	100	72	21	0.0430825130999357
16	100	72	86	0.0430825130999357
16	100	72	20	0.0430825130999357
16	100	72	100	0.03706868118387356
16	100	73	2	0.18057343106668525
16	100	73	46	0.17450894203785702
16	100	73	28	0.17450894203785702
16	100	73	21	0.04653587869167718
16	100	73	55	0.04653587869167718
16	100	73	13	0.04653587869167718
16	100	73	69	0.04653587869167718
16	100	73	9	0.04653587869167718
16	100	73	14	0.04653587869167718
16	100	73	15	0.04653587869167718
16	100	73	98	0.04653587869167718
16	100	73	8	0.04653587869167718
16	100	73	34	0.04653587869167718
16	100	73	22	0.04653587869167718
16	100	73	24	0.04653587869167718
16	100	73	12	0.04653587869167718
16	100	73	0	0.04653587869167718
16	100	73	47	0.04653587869167718
16	100	73	16	0.04653587869167718
16	100	73	1	0.04653587869167718
16	100	74	2	0.17602551983008816
16	100	74	55	0.07513410210399035
16	100	74	15	0.04979273894075547
16	100	74	69	0.07513410210399035
16	100	74	46	0.07513410210399035
16	100	74	21	0.04979273894075547
16	100	74	62	0.028160075412041245
16	100	74	22	0.030052400700739335
16	100	74	38	0.022488144488009804
16	100	74	24	0.030052400700739335
16	100	74	14	0.030052400700739335
16	100	74	98	0.022488144488009804
16	100	74	53	0.022488144488009804
16	100	74	74	0.022488144488009804
16	100	74	13	0.030052400700739335
16	100	74	34	0.030052400700739335
16	100	74	8	0.030052400700739335
16	100	74	12	0.030052400700739335
16	100	74	17	0.021397960522174755
16	100	74	63	0.016528346501449253
16	100	74	0	0.016528346501449253
16	100	74	88	0.016528346501449253
16	100	74	76	0.022488144488009804
16	100	74	71	0.022488144488009804
16	100	75	88	0.07976030920884081
16	100	75	2	0.06845382323952119
16	100	75	15	0.06845382323952119
16	100	75	7	0.06845382323952119
16	100	75	55	0.030317345144862746
16	100	75	17	0.06845382323952119
16	100	75	10	0.06845382323952119
16	100	75	1	0.06845382323952119
16	100	75	14	0.026439325548741986
16	100	75	13	0.026439325548741986
16	100	75	16	0.015691221641838404
16	100	75	98	0.030317345144862746
16	100	75	54	0.030317345144862746
16	100	75	69	0.030317345144862746
16	100	75	46	0.030317345144862746
16	100	75	56	0.030317345144862746
16	100	75	99	0.030317345144862746
16	100	75	52	0.030317345144862746
16	100	75	53	0.015691221641838404
16	100	75	47	0.015691221641838404
16	100	76	2	0.5036352487450098
16	100	76	55	0.07302942971526347
16	100	76	0	0.07302942971526347
16	100	76	15	0.06038535357046201
16	100	76	1	0.053688953778219535
16	100	76	6	0.053688953778219535
16	100	76	36	0.053688953778219535
16	100	76	60	0.053688953778219535
16	100	76	69	0.053688953778219535
16	100	76	46	0.053688953778219535
16	100	76	98	0.03177837931952803
16	100	76	19	0.053688953778219535
16	100	76	5	0.053688953778219535
16	100	76	12	0.053688953778219535
16	100	76	17	0.053688953778219535
16	100	76	52	0.02327509603484906
16	100	76	14	0.004282261928854734
16	100	76	53	0.01638333315814558
16	100	76	54	0.01638333315814558
16	100	76	40	0.010161070859649473
16	100	76	74	0.00818899590890975
16	100	77	2	0.144461352364379
16	100	77	38	0.09155737034581565
16	100	77	53	0.09155737034581565
16	100	77	36	0.04009240687439932
16	100	77	12	0.04009240687439932
16	100	77	15	0.04009240687439932
16	100	77	46	0.03790880473174522
16	100	77	69	0.03790880473174522
16	100	77	55	0.03790880473174522
16	100	77	88	0.03790880473174522
16	100	77	21	0.029099044283625745
16	100	77	62	0.022143354668804335
16	100	77	22	0.022143354668804335
16	100	77	1	0.018803051768184222
16	100	77	76	0.018803051768184222
16	100	77	80	0.018803051768184222
16	100	77	19	0.017273662314993818
16	100	77	16	0.017273662314993818
16	100	77	5	0.007123899610196695
16	100	77	27	0.007123899610196695
16	100	77	23	0.007123899610196695
16	100	77	86	0.018803051768184222
16	100	77	29	0.018803051768184222
16	100	77	71	0.018803051768184222
16	100	77	98	0.018803051768184222
16	100	78	2	0.14711382399272535
16	100	78	0	0.14711382399272535
16	100	78	15	0.14711382399272535
16	100	78	46	0.059065637940264176
16	100	78	53	0.05390222946524774
16	100	78	21	0.03178764096444131
16	100	78	76	0.032095978625643
16	100	78	38	0.032095978625643
16	100	78	74	0.02612424606782931
16	100	78	24	0.03178764096444131
16	100	78	34	0.03178764096444131
16	100	78	14	0.03178764096444131
16	100	78	9	0.03178764096444131
16	100	78	22	0.02338800432150964
16	100	78	69	0.02612424606782931
16	100	78	55	0.02612424606782931
16	100	78	28	0.02338800432150964
16	100	78	13	0.02338800432150964
16	100	78	40	0.02612424606782931
16	100	78	6	0.02612424606782931
16	100	78	12	0.0065623771884948485
16	100	79	2	0.27107804619729736
16	100	79	28	0.14483538300951312
16	100	79	9	0.14483538300951312
16	100	79	55	0.14483538300951312
16	100	79	69	0.14483538300951312
16	100	79	46	0.14483538300951312
16	100	79	60	0.08990254647984733
16	100	79	10	0.041664915913354285
16	100	79	1	0.041664915913354285
16	100	79	42	0.041664915913354285
16	100	79	7	0.041664915913354285
16	100	79	17	0.041664915913354285
16	100	79	70	0.041664915913354285
16	100	79	23	0.041664915913354285
16	100	79	15	0.041664915913354285
16	100	79	62	0.041664915913354285
16	100	79	97	0.041664915913354285
16	100	79	20	0.032601386032788386
16	100	79	61	0.032601386032788386
16	100	79	18	0.032601386032788386
16	100	80	2	0.19808328212932147
16	100	80	15	0.10138274634584628
16	100	80	0	0.10138274634584628
16	100	80	16	0.09610234259608083
16	100	80	55	0.08555093917352702
16	100	80	46	0.05373096061344447
16	100	80	69	0.05373096061344447
16	100	80	21	0.05373096061344447
16	100	80	52	0.05373096061344447
16	100	80	14	0.05373096061344447
16	100	80	53	0.05373096061344447
16	100	80	38	0.05373096061344447
16	100	80	22	0.05373096061344447
16	100	80	24	0.05373096061344447
16	100	80	13	0.05373096061344447
16	100	80	9	0.008647162044405186
16	100	80	28	0.008647162044405186
16	100	80	34	0.05373096061344447
16	100	80	62	0.05373096061344447
16	100	80	88	0.05373096061344447
16	100	80	8	0.05373096061344447
16	100	80	98	0.00667689927722922
16	100	81	46	0.3234871215857984
16	100	81	15	0.2630480442047129
16	100	81	99	0.19595168261930396
16	100	81	55	0.10933777203702458
16	100	81	36	0.10933777203702458
16	100	81	9	0.10933777203702458
16	100	81	33	0.028194911863933254
16	100	81	38	0.10933777203702458
16	100	81	50	0.10933777203702458
16	100	81	69	0.10933777203702458
16	100	81	98	0.10933777203702458
16	100	81	17	0.012964852161061451
16	100	81	16	0.012964852161061451
16	100	81	20	0.012964852161061451
16	100	81	71	0.10933777203702458
16	100	81	63	0.10933777203702458
16	100	81	76	0.10933777203702458
16	100	81	77	0.03220278245353196
16	100	81	66	0.03220278245353196
16	100	81	51	0.03220278245353196
16	100	81	53	0.03220278245353196
16	100	81	47	0.03220278245353196
16	100	81	78	0.0007989264619456748
16	100	82	2	0.12979110769925267
16	100	82	0	0.10236671423748801
16	100	82	55	0.06687699720000351
16	100	82	88	0.06687699720000351
16	100	82	9	0.04264676991952482
16	100	82	15	0.04264676991952482
16	100	82	46	0.03161086173583093
16	100	82	69	0.03161086173583093
16	100	82	21	0.019377836257130906
16	100	82	86	0.019377836257130906
16	100	82	8	0.019377836257130906
16	100	82	80	0.019377836257130906
16	100	82	36	0.011861232203938159
16	100	82	17	0.011861232203938159
16	100	82	98	0.019377836257130906
16	100	82	38	0.019377836257130906
16	100	82	53	0.019377836257130906
16	100	82	51	0.019377836257130906
16	100	82	10	0.005978367429171945
16	100	82	12	0.005978367429171945
16	100	82	74	0.019377836257130906
16	100	82	24	0.019377836257130906
16	100	82	14	0.019377836257130906
16	100	82	71	0.00940144030782637
16	100	83	15	0.14483621957565643
16	100	83	0	0.14483621957565643
16	100	83	55	0.14483621957565643
16	100	83	2	0.07794814034775646
16	100	83	63	0.05311764330762437
16	100	83	12	0.04762898394546216
16	100	83	74	0.031693941652107795
16	100	83	21	0.02425734011093614
16	100	83	17	0.02425734011093614
16	100	83	38	0.02425734011093614
16	100	83	46	0.02425734011093614
16	100	83	19	0.017521512480844964
16	100	83	86	0.017521512480844964
16	100	83	1	0.02425734011093614
16	100	83	62	0.02425734011093614
16	100	83	98	0.02425734011093614
16	100	83	69	0.02425734011093614
16	100	83	14	0.016065870998442682
16	100	83	10	0.004952433231918611
16	100	83	5	0.004952433231918611
16	100	83	28	0.016065870998442682
16	100	83	53	0.016065870998442682
16	100	84	55	0.05799575245872846
16	100	84	2	0.05799575245872846
16	100	84	0	0.05799575245872846
16	100	84	12	0.04960429043869527
16	100	84	46	0.05799575245872846
16	100	84	53	0.05799575245872846
16	100	84	38	0.05799575245872846
16	100	84	69	0.04647636911402336
16	100	84	21	0.04647636911402336
16	100	84	15	0.010406260177756092
16	100	84	71	0.015661886035049106
16	100	84	76	0.015661886035049106
16	100	84	40	0.015661886035049106
16	100	84	98	0.015661886035049106
16	100	84	60	0.010406260177756092
16	100	84	62	0.010406260177756092
16	100	84	52	0.010406260177756092
16	100	84	86	0.010406260177756092
16	100	84	14	0.005012155453026129
16	100	84	29	0.005012155453026129
16	100	84	54	0.010406260177756092
16	100	84	63	0.010406260177756092
16	100	85	63	0.08567441309236999
16	100	85	69	0.06860589939393345
16	100	85	55	0.06860589939393345
16	100	85	1	0.047499172413529564
16	100	85	46	0.047499172413529564
16	100	85	2	0.047499172413529564
16	100	85	12	0.047499172413529564
16	100	85	28	0.02502409894251637
16	100	85	19	0.02502409894251637
16	100	85	23	0.02502409894251637
16	100	85	5	0.02502409894251637
16	100	85	6	0.02502409894251637
16	100	85	74	0.02293338441880674
16	100	85	86	0.02293338441880674
16	100	85	71	0.013027282526676422
16	100	85	98	0.013027282526676422
16	100	85	60	0.012831885040978736
16	100	85	38	0.009863765955617953
16	100	85	62	0.0034360480739885225
16	100	85	15	0.0043634683248926585
16	100	85	24	0.0043634683248926585
16	100	86	2	0.08208270985690762
16	100	86	46	0.04771799768472055
16	100	86	74	0.04771799768472055
16	100	86	88	0.03177039620194647
16	100	86	53	0.03177039620194647
16	100	86	38	0.03177039620194647
16	100	86	15	0.03177039620194647
16	100	86	17	0.03177039620194647
16	100	86	54	0.03177039620194647
16	100	86	55	0.03177039620194647
16	100	86	12	0.03177039620194647
16	100	86	23	0.03177039620194647
16	100	86	29	0.03177039620194647
16	100	86	10	0.029643978681357566
16	100	86	40	0.030408624111042875
16	100	86	98	0.030408624111042875
16	100	86	60	0.030408624111042875
16	100	86	42	0.030408624111042875
16	100	86	69	0.010995787930619208
16	100	86	35	0.010995787930619208
16	100	87	88	0.3043823013425762
16	100	87	1	0.05267060405703537
16	100	87	2	0.05267060405703537
16	100	87	15	0.05267060405703537
16	100	87	55	0.04741675842767755
16	100	87	62	0.04741675842767755
16	100	87	36	0.04741675842767755
16	100	87	16	0.04741675842767755
16	100	87	46	0.04741675842767755
16	100	87	24	0.04741675842767755
16	100	87	14	0.04741675842767755
16	100	87	27	0.04741675842767755
16	100	87	9	0.04741675842767755
16	100	87	0	0.04741675842767755
16	100	87	7	0.028862009249245993
16	100	87	38	0.013475812428777142
16	100	87	53	0.013475812428777142
16	100	87	13	0.011066674266463534
16	100	87	11	0.013475812428777142
16	100	87	10	0.013475812428777142
16	100	88	55	0.13005807771618533
16	100	88	2	0.11363062246940979
16	100	88	53	0.08977696543709597
16	100	88	46	0.08977696543709597
16	100	88	69	0.08977696543709597
16	100	88	38	0.08977696543709597
16	100	88	1	0.04090165944460987
16	100	88	63	0.08977696543709597
16	100	88	0	0.08977696543709597
16	100	88	15	0.037485462322788474
16	100	88	98	0.028307398194480575
16	100	88	36	0.037485462322788474
16	100	88	29	0.037485462322788474
16	100	88	17	0.037485462322788474
16	100	88	10	0.037485462322788474
16	100	88	7	0.037485462322788474
16	100	88	23	0.016609115055957753
16	100	88	12	0.016609115055957753
16	100	88	95	0.028307398194480575
16	100	88	89	0.028307398194480575
16	100	88	80	0.028307398194480575
16	100	88	86	0.006003841324464018
16	100	89	2	0.21937305380709138
16	100	89	15	0.21937305380709138
16	100	89	55	0.0662358613831256
16	100	89	0	0.0639860057126299
16	100	89	21	0.0639860057126299
16	100	89	98	0.04595994809739279
16	100	89	22	0.0151805051840097
16	100	89	53	0.04595994809739279
16	100	89	38	0.04595994809739279
16	100	89	88	0.04595994809739279
16	100	89	62	0.04595994809739279
16	100	89	46	0.04595994809739279
16	100	89	69	0.04595994809739279
16	100	89	12	0.04595994809739279
16	100	89	86	0.04595994809739279
16	100	89	17	0.014524935378263713
16	100	89	28	0.014524935378263713
16	100	89	14	0.0151805051840097
16	100	89	24	0.0151805051840097
16	100	89	13	0.0151805051840097
16	100	89	8	0.0151805051840097
16	100	89	34	0.0151805051840097
16	100	90	55	0.10007766682549128
16	100	90	2	0.08848219126772468
16	100	90	46	0.08848219126772468
16	100	90	21	0.08848219126772468
16	100	90	0	0.08848219126772468
16	100	90	15	0.06028767985072489
16	100	90	53	0.06028767985072489
16	100	90	69	0.06028767985072489
16	100	90	38	0.06028767985072489
16	100	90	63	0.029618251591642556
16	100	90	62	0.029618251591642556
16	100	90	98	0.029618251591642556
16	100	90	22	0.021057470806917545
16	100	90	14	0.021057470806917545
16	100	90	23	0.021057470806917545
16	100	90	24	0.021057470806917545
16	100	90	99	0.029618251591642556
16	100	90	74	0.029618251591642556
16	100	90	71	0.029618251591642556
16	100	90	76	0.029618251591642556
16	100	90	1	0.029618251591642556
16	100	90	86	0.006566305218084073
16	100	90	56	0.021057470806917545
16	100	90	54	0.021057470806917545
16	100	90	8	0.021057470806917545
16	100	90	13	0.021057470806917545
16	100	90	34	0.021057470806917545
16	100	90	52	0.021057470806917545
16	100	91	55	0.11029412285507506
16	100	91	74	0.076745663268586
16	100	91	2	0.076745663268586
16	100	91	15	0.076745663268586
16	100	91	69	0.076745663268586
16	100	91	46	0.076745663268586
16	100	91	0	0.06390806470185052
16	100	91	12	0.04840115447892341
16	100	91	23	0.04840115447892341
16	100	91	19	0.04840115447892341
16	100	91	98	0.04840115447892341
16	100	91	21	0.04840115447892341
16	100	91	5	0.04840115447892341
16	100	91	88	0.04840115447892341
16	100	91	53	0.04840115447892341
16	100	91	6	0.04840115447892341
16	100	91	59	0.0015644893355523718
16	100	91	1	0.0282791362197274
16	100	91	28	0.0282791362197274
16	100	91	22	0.0067924826150638955
16	100	91	24	0.0067924826150638955
16	100	92	15	0.3248266661844809
16	100	92	2	0.1876229192660097
16	100	92	62	0.15683100361916905
16	100	92	19	0.15683100361916905
16	100	92	38	0.15683100361916905
16	100	92	5	0.15683100361916905
16	100	92	6	0.15683100361916905
16	100	92	53	0.15683100361916905
16	100	92	55	0.15683100361916905
16	100	92	36	0.15683100361916905
16	100	92	12	0.15683100361916905
16	100	92	29	0.05000812309241579
16	100	92	100	0.08993117504664876
16	100	92	94	0.08993117504664876
16	100	92	28	0.05000812309241579
16	100	92	1	0.05000812309241579
16	100	92	27	0.014182928135620734
16	100	92	35	0.008662838505711689
16	100	92	70	0.008662838505711689
16	100	92	74	0.008662838505711689
16	100	93	55	0.13768160241567917
16	100	93	2	0.13768160241567917
16	100	93	0	0.13768160241567917
16	100	93	15	0.13768160241567917
16	100	93	21	0.13768160241567917
16	100	93	22	0.019864026386314373
16	100	93	38	0.08016990473874892
16	100	93	69	0.08016990473874892
16	100	93	46	0.08016990473874892
16	100	93	62	0.08016990473874892
16	100	93	88	0.037761669294361484
16	100	93	74	0.02305181468930283
16	100	93	98	0.02305181468930283
16	100	93	40	0.02305181468930283
16	100	93	52	0.02305181468930283
16	100	93	53	0.02305181468930283
16	100	93	60	0.019864026386314373
16	100	93	13	0.004618457601403792
16	100	93	100	0.019864026386314373
16	100	93	71	0.019864026386314373
16	100	93	42	0.019864026386314373
16	100	94	2	0.10447242178430181
16	100	94	55	0.10447242178430181
16	100	94	0	0.10447242178430181
16	100	94	15	0.10447242178430181
16	100	94	12	0.10447242178430181
16	100	94	74	0.10447242178430181
16	100	94	38	0.10447242178430181
16	100	94	19	0.03583390538223525
16	100	94	53	0.10447242178430181
16	100	94	69	0.10447242178430181
16	100	94	46	0.10447242178430181
16	100	94	62	0.10447242178430181
16	100	94	86	0.03583390538223525
16	100	94	63	0.03583390538223525
16	100	94	98	0.03583390538223525
16	100	94	88	0.03583390538223525
16	100	94	51	0.03583390538223525
16	100	94	5	0.03583390538223525
16	100	94	21	0.03583390538223525
16	100	94	40	0.003053327053420271
16	100	95	55	0.12264885610600193
16	100	95	62	0.12264885610600193
16	100	95	23	0.05444110958319038
16	100	95	46	0.05444110958319038
16	100	95	15	0.05444110958319038
16	100	95	17	0.05444110958319038
16	100	95	69	0.05444110958319038
16	100	95	0	0.05444110958319038
16	100	95	88	0.05444110958319038
16	100	95	40	0.05444110958319038
16	100	95	21	0.05444110958319038
16	100	95	2	0.05444110958319038
16	100	95	10	0.05444110958319038
16	100	95	12	0.05444110958319038
16	100	95	7	0.05444110958319038
16	100	95	60	0.05444110958319038
16	100	95	38	0.05444110958319038
16	100	95	74	0.05444110958319038
16	100	95	24	0.018568316696665248
16	100	95	1	0.018568316696665248
16	100	96	2	0.2737847154918465
16	100	96	88	0.0636221027248181
16	100	96	0	0.0636221027248181
16	100	96	17	0.06092370897903782
16	100	96	15	0.03536550615856497
16	100	96	98	0.03536550615856497
16	100	96	21	0.019848668367001197
16	100	96	46	0.03290316871103943
16	100	96	55	0.03290316871103943
16	100	96	74	0.03290316871103943
16	100	96	69	0.019848668367001197
16	100	96	53	0.019848668367001197
16	100	96	12	0.019848668367001197
16	100	96	52	0.019848668367001197
16	100	96	38	0.019848668367001197
16	100	96	19	0.019848668367001197
16	100	96	95	0.019848668367001197
16	100	96	1	0.019848668367001197
16	100	96	56	0.015230959336027894
16	100	96	22	0.0031540440843127924
16	100	97	55	0.20618730784133313
16	100	97	2	0.20618730784133313
16	100	97	15	0.099032752993453
16	100	97	10	0.055457960770451
16	100	97	46	0.055457960770451
16	100	97	69	0.055457960770451
16	100	97	7	0.055457960770451
16	100	97	40	0.03685365448029838
16	100	97	60	0.03685365448029838
16	100	97	59	0.02871157783358065
16	100	97	38	0.02871157783358065
16	100	97	12	0.027860901359342816
16	100	97	21	0.027860901359342816
16	100	97	1	0.027860901359342816
16	100	97	0	0.02871157783358065
16	100	97	62	0.02871157783358065
16	100	97	98	0.02871157783358065
16	100	97	53	0.02871157783358065
16	100	97	76	0.027860901359342816
16	100	97	71	0.027860901359342816
16	100	98	0	0.1479861213850818
16	100	98	15	0.1479861213850818
16	100	98	98	0.06566204926379818
16	100	98	21	0.06566204926379818
16	100	98	55	0.06566204926379818
16	100	98	29	0.05120159079780794
16	100	98	62	0.06566204926379818
16	100	98	69	0.06566204926379818
16	100	98	46	0.06566204926379818
16	100	98	2	0.05120159079780794
16	100	98	28	0.05120159079780794
16	100	98	23	0.05120159079780794
16	100	98	71	0.05120159079780794
16	100	98	12	0.05120159079780794
16	100	98	76	0.029290542216647345
16	100	98	74	0.029290542216647345
16	100	98	17	0.018517093845522237
16	100	98	53	0.018517093845522237
16	100	98	24	0.05120159079780794
16	100	98	22	0.05120159079780794
16	100	98	14	0.05120159079780794
16	100	98	34	0.05120159079780794
16	100	98	8	0.05120159079780794
16	100	98	13	0.05120159079780794
16	100	99	2	0.21418624250447346
16	100	99	0	0.1462164081164722
16	100	99	15	0.1462164081164722
16	100	99	55	0.05425384146582732
16	100	99	12	0.0227942290226704
16	100	99	74	0.028709730192434578
16	100	99	46	0.028709730192434578
16	100	99	24	0.0227942290226704
16	100	99	14	0.0227942290226704
16	100	99	21	0.0227942290226704
16	100	99	38	0.028709730192434578
16	100	99	69	0.028709730192434578
16	100	99	53	0.028709730192434578
16	100	99	98	0.010806849435965844
16	100	99	19	0.0227942290226704
16	100	99	22	0.0227942290226704
16	100	99	5	0.003893610536290826
16	100	99	76	0.010103196047572599
16	100	99	62	0.010103196047572599
16	100	99	88	0.010103196047572599
16	100	100	55	0.26327627150409555
16	100	100	28	0.1538193523819371
16	100	100	69	0.1538193523819371
16	100	100	46	0.1538193523819371
16	100	100	2	0.1538193523819371
16	100	100	11	0.1538193523819371
16	100	100	99	0.10568952167041129
16	100	100	3	0.04053665723434088
16	100	100	0	0.031364987972764664
16	100	100	86	0.031364987972764664
16	100	100	52	0.031364987972764664
16	100	100	21	0.031364987972764664
16	100	100	59	0.031364987972764664
16	100	100	80	0.031364987972764664
16	100	100	51	0.031364987972764664
16	100	100	6	0.031364987972764664
16	100	100	22	0.031364987972764664
16	100	100	24	0.01735611923229763
16	100	100	75	0.016960897932380505
16	100	100	34	0.002699272331857127
16	true	1	88	0.17207154171254288
16	true	1	29	0.17207154171254288
16	true	1	15	0.15156526843852594
16	true	1	2	0.15156526843852594
16	true	1	55	0.15156526843852594
16	true	1	36	0.11845252917290655
16	true	1	12	0.0654658072215629
16	true	1	69	0.0654658072215629
16	true	1	23	0.0654658072215629
16	true	1	46	0.0654658072215629
16	true	1	63	0.0654658072215629
16	true	1	1	0.0654658072215629
16	true	1	53	0.04085982635643317
16	true	1	98	0.027427832132492908
16	true	1	0	0.025754537147885313
16	true	1	38	0.012059706643224083
16	true	1	22	0.01482463427832907
16	true	1	6	0.01482463427832907
16	true	1	9	0.01482463427832907
16	true	1	21	0.001875659869473965
16	true	2	2	0.2200135011563369
16	true	2	55	0.07832002090644821
16	true	2	15	0.05290114953825401
16	true	2	0	0.05290114953825401
16	true	2	62	0.05290114953825401
16	true	2	74	0.05290114953825401
16	true	2	1	0.05290114953825401
16	true	2	21	0.05290114953825401
16	true	2	98	0.05290114953825401
16	true	2	69	0.05290114953825401
16	true	2	46	0.05290114953825401
16	true	2	12	0.05290114953825401
16	true	2	38	0.05290114953825401
16	true	2	19	0.013220907989366261
16	true	2	53	0.05290114953825401
16	true	2	28	0.05290114953825401
16	true	2	29	0.05290114953825401
16	true	2	63	0.011456043370866064
16	true	2	86	0.01036310378594191
16	true	2	24	0.0033137405578422094
16	true	2	14	0.0033137405578422094
16	true	3	15	0.46319978632617803
16	true	3	86	0.06265661019082129
16	true	3	2	0.06265661019082129
16	true	3	0	0.06265661019082129
16	true	3	55	0.06265661019082129
16	true	3	80	0.06265661019082129
16	true	3	74	0.06265661019082129
16	true	3	88	0.06265661019082129
16	true	3	23	0.06265661019082129
16	true	3	29	0.06265661019082129
16	true	3	46	0.06265661019082129
16	true	3	63	0.06265661019082129
16	true	3	98	0.06265661019082129
16	true	3	36	0.06265661019082129
16	true	3	52	0.06265661019082129
16	true	3	71	0.004217073608615074
16	true	3	40	0.004217073608615074
16	true	3	16	0.06265661019082129
16	true	3	27	0.06265661019082129
16	true	3	12	0.013103855376485606
16	true	3	13	0.013103855376485606
16	true	3	54	0.005704814974110147
16	true	4	62	0.07306777107682012
16	true	4	55	0.07306777107682012
16	true	4	29	0.07306777107682012
16	true	4	15	0.07306777107682012
16	true	4	2	0.07306777107682012
16	true	4	21	0.0354104063384492
16	true	4	69	0.07306777107682012
16	true	4	46	0.07306777107682012
16	true	4	86	0.07306777107682012
16	true	4	28	0.028707823009889465
16	true	4	24	0.016796474131412324
16	true	4	0	0.016796474131412324
16	true	4	9	0.016796474131412324
16	true	4	34	0.016796474131412324
16	true	4	14	0.016796474131412324
16	true	4	36	0.013778855581452941
16	true	4	51	0.013778855581452941
16	true	4	75	0.013778855581452941
16	true	4	99	0.013778855581452941
16	true	4	88	0.013778855581452941
16	true	4	8	0.012273056381249807
16	true	4	22	0.012273056381249807
16	true	4	12	0.012273056381249807
16	true	5	2	0.06758916776002946
16	true	5	38	0.06758916776002946
16	true	5	15	0.06758916776002946
16	true	5	55	0.06758916776002946
16	true	5	53	0.05884800833421214
16	true	5	0	0.05884800833421214
16	true	5	69	0.05884800833421214
16	true	5	46	0.05884800833421214
16	true	5	36	0.05884800833421214
16	true	5	10	0.05777864249266461
16	true	5	51	0.05884800833421214
16	true	5	98	0.05884800833421214
16	true	5	1	0.05777864249266461
16	true	5	21	0.05777864249266461
16	true	5	62	0.05777864249266461
16	true	5	7	0.05777864249266461
16	true	5	17	0.05777864249266461
16	true	5	14	0.02487097964314066
16	true	5	24	0.02487097964314066
16	true	5	22	0.02487097964314066
16	true	6	2	0.19473624238249512
16	true	6	15	0.19473624238249512
16	true	6	55	0.04649423418566747
16	true	6	38	0.044051680025134425
16	true	6	53	0.044051680025134425
16	true	6	63	0.043238633143718216
16	true	6	71	0.043238633143718216
16	true	6	17	0.043238633143718216
16	true	6	10	0.043238633143718216
16	true	6	7	0.043238633143718216
16	true	6	0	0.043238633143718216
16	true	6	12	0.043238633143718216
16	true	6	86	0.028443848731022018
16	true	6	76	0.043238633143718216
16	true	6	69	0.043238633143718216
16	true	6	46	0.043238633143718216
16	true	6	40	0.021077265985650347
16	true	6	60	0.021077265985650347
16	true	6	98	0.015542502626174081
16	true	6	80	0.004010629138909943
16	true	7	15	0.17303790322490153
16	true	7	2	0.13130014385200664
16	true	7	28	0.04598996078664371
16	true	7	55	0.03534316936837804
16	true	7	88	0.03534316936837804
16	true	7	12	0.03534316936837804
16	true	7	60	0.03534316936837804
16	true	7	40	0.03534316936837804
16	true	7	46	0.03534316936837804
16	true	7	98	0.03534316936837804
16	true	7	69	0.03534316936837804
16	true	7	74	0.03534316936837804
16	true	7	0	0.03534316936837804
16	true	7	21	0.02672665933976866
16	true	7	14	0.02672665933976866
16	true	7	63	0.03534316936837804
16	true	7	1	0.03534316936837804
16	true	7	71	0.025370952757496446
16	true	7	22	0.02672665933976866
16	true	7	24	0.0027839598753499153
16	true	8	15	0.26915072805056195
16	true	8	2	0.09134820819472488
16	true	8	0	0.09134820819472488
16	true	8	69	0.09134820819472488
16	true	8	46	0.09134820819472488
16	true	8	86	0.06042916331225109
16	true	8	21	0.06042916331225109
16	true	8	1	0.04625198928353751
16	true	8	53	0.06042916331225109
16	true	8	74	0.06042916331225109
16	true	8	55	0.0211632206028391
16	true	8	12	0.0211632206028391
16	true	8	80	0.0122487415406065
16	true	8	22	0.015401537588292423
16	true	8	24	0.015401537588292423
16	true	8	13	0.015401537588292423
16	true	8	14	0.015401537588292423
16	true	8	34	0.005853143889682846
16	true	8	88	0.005853143889682846
16	true	8	19	0.003482571839451682
16	true	8	28	0.003482571839451682
16	true	9	2	0.16000625238136915
16	true	9	69	0.05262773304359599
16	true	9	55	0.05262773304359599
16	true	9	46	0.05262773304359599
16	true	9	62	0.05262773304359599
16	true	9	38	0.05262773304359599
16	true	9	86	0.05262773304359599
16	true	9	53	0.05262773304359599
16	true	9	74	0.05262773304359599
16	true	9	9	0.018503935107101563
16	true	9	12	0.018503935107101563
16	true	9	88	0.02358176919109354
16	true	9	11	0.01644871907633857
16	true	9	16	0.01644871907633857
16	true	9	98	0.02358176919109354
16	true	9	63	0.02358176919109354
16	true	9	80	0.02358176919109354
16	true	9	99	0.02358176919109354
16	true	9	40	0.01766683600111296
16	true	9	100	0.01766683600111296
16	true	9	94	0.01766683600111296
16	true	10	88	0.19204057795923393
16	true	10	55	0.23024964281120192
16	true	10	46	0.23024964281120192
16	true	10	69	0.23024964281120192
16	true	10	0	0.07211705578707511
16	true	10	2	0.07211705578707511
16	true	10	53	0.07211705578707511
16	true	10	38	0.07211705578707511
16	true	10	76	0.07211705578707511
16	true	10	29	0.07211705578707511
16	true	10	54	0.07211705578707511
16	true	10	99	0.07211705578707511
16	true	10	15	0.07211705578707511
16	true	10	56	0.07211705578707511
16	true	10	21	0.037244714323856835
16	true	10	22	0.037244714323856835
16	true	10	62	0.037244714323856835
16	true	10	98	0.006140995109317924
16	true	10	84	0.006140995109317924
16	true	10	13	0.037244714323856835
16	true	10	34	0.037244714323856835
16	true	10	52	0.037244714323856835
16	true	11	62	0.12791682661731735
16	true	11	0	0.12791682661731735
16	true	11	74	0.12791682661731735
16	true	11	55	0.12791682661731735
16	true	11	69	0.12791682661731735
16	true	11	46	0.12791682661731735
16	true	11	1	0.09150216396196151
16	true	11	36	0.033896761049063744
16	true	11	71	0.0484469114619806
16	true	11	76	0.0484469114619806
16	true	11	38	0.0484469114619806
16	true	11	53	0.0484469114619806
16	true	11	86	0.029011814439377837
16	true	11	70	0.020117555633469935
16	true	11	52	0.020117555633469935
16	true	11	23	0.01669147358474004
16	true	11	9	0.012523854318652872
16	true	11	17	0.01669147358474004
16	true	11	88	0.01669147358474004
16	true	11	60	0.010761040239743797
16	true	11	21	0.012523854318652872
16	true	12	0	0.11100820146415767
16	true	12	46	0.11100820146415767
16	true	12	69	0.11100820146415767
16	true	12	55	0.11100820146415767
16	true	12	53	0.046001373973484694
16	true	12	38	0.046001373973484694
16	true	12	76	0.03456639887188187
16	true	12	62	0.03456639887188187
16	true	12	28	0.03456639887188187
16	true	12	40	0.016813307076481748
16	true	12	24	0.021828654987297712
16	true	12	12	0.021828654987297712
16	true	12	71	0.016813307076481748
16	true	12	60	0.016813307076481748
16	true	12	10	0.021828654987297712
16	true	12	7	0.021828654987297712
16	true	12	17	0.021828654987297712
16	true	12	21	0.021828654987297712
16	true	12	22	0.021828654987297712
16	true	12	14	0.021828654987297712
16	true	12	34	0.018248089457608616
16	true	12	13	0.018248089457608616
16	true	12	8	0.014419651254075577
16	true	13	2	0.15932996248288994
16	true	13	0	0.1534099082950557
16	true	13	55	0.06021402582799905
16	true	13	46	0.06021402582799905
16	true	13	69	0.06021402582799905
16	true	13	74	0.06021402582799905
16	true	13	14	0.06021402582799905
16	true	13	24	0.06021402582799905
16	true	13	12	0.06021402582799905
16	true	13	38	0.06021402582799905
16	true	13	62	0.06021402582799905
16	true	13	15	0.06021402582799905
16	true	13	22	0.06021402582799905
16	true	13	28	0.04000594179735537
16	true	13	71	0.04000594179735537
16	true	13	19	0.04000594179735537
16	true	13	21	0.04000594179735537
16	true	13	16	0.04000594179735537
16	true	13	63	0.009653384372735887
16	true	13	5	0.04000594179735537
16	true	13	6	0.04000594179735537
16	true	14	15	0.2599801116766569
16	true	14	55	0.15589453667202824
16	true	14	0	0.09517579434248927
16	true	14	2	0.05892432856464676
16	true	14	46	0.05892432856464676
16	true	14	69	0.05892432856464676
16	true	14	88	0.03740908976174252
16	true	14	21	0.03740908976174252
16	true	14	9	0.03740908976174252
16	true	14	63	0.03740908976174252
16	true	14	62	0.03740908976174252
16	true	14	1	0.02397244261787727
16	true	14	28	0.02397244261787727
16	true	14	98	0.02397244261787727
16	true	14	12	0.022607661842196602
16	true	14	80	0.015013207081812592
16	true	14	74	0.014364309617240735
16	true	14	40	0.014364309617240735
16	true	14	68	0.014364309617240735
16	true	14	100	0.003433496522314308
16	true	15	15	0.16663220408234508
16	true	15	2	0.1304572061060709
16	true	15	55	0.1304572061060709
16	true	15	46	0.1304572061060709
16	true	15	69	0.1304572061060709
16	true	15	28	0.025284944225369435
16	true	15	21	0.025284944225369435
16	true	15	22	0.025284944225369435
16	true	15	74	0.025284944225369435
16	true	15	62	0.025284944225369435
16	true	15	23	0.025284944225369435
16	true	15	12	0.025284944225369435
16	true	15	14	0.025284944225369435
16	true	15	24	0.025284944225369435
16	true	15	0	0.025284944225369435
16	true	15	53	0.014398826106895378
16	true	15	38	0.014398826106895378
16	true	15	13	0.025284944225369435
16	true	15	34	0.025284944225369435
16	true	15	8	0.025284944225369435
16	true	15	17	0.025284944225369435
16	true	15	10	0.005979565556220529
16	true	16	46	0.24063731631345636
16	true	16	69	0.24063731631345636
16	true	16	55	0.24063731631345636
16	true	16	88	0.07051308042806055
16	true	16	98	0.07051308042806055
16	true	16	99	0.07051308042806055
16	true	16	12	0.07051308042806055
16	true	16	15	0.07051308042806055
16	true	16	51	0.07051308042806055
16	true	16	100	0.07051308042806055
16	true	16	9	0.07051308042806055
16	true	16	75	0.07051308042806055
16	true	16	20	0.06565233350990503
16	true	16	86	0.02066154995911168
16	true	16	27	0.02066154995911168
16	true	16	28	0.02066154995911168
16	true	16	58	0.02066154995911168
16	true	16	63	0.02066154995911168
16	true	16	42	0.02066154995911168
16	true	16	4	0.008115403858173071
16	true	17	55	0.1861623361840036
16	true	17	63	0.1861623361840036
16	true	17	6	0.0679093462487198
16	true	17	46	0.1861623361840036
16	true	17	69	0.1861623361840036
16	true	17	23	0.0679093462487198
16	true	17	12	0.0679093462487198
16	true	17	19	0.0679093462487198
16	true	17	2	0.0679093462487198
16	true	17	28	0.0679093462487198
16	true	17	21	0.027757144837366948
16	true	17	38	0.0679093462487198
16	true	17	71	0.0679093462487198
16	true	17	76	0.0679093462487198
16	true	17	53	0.0679093462487198
16	true	17	52	0.03364531420278042
16	true	17	5	0.03364531420278042
16	true	17	57	0.01355594602535968
16	true	17	0	0.01355594602535968
16	true	17	17	0.003596493412880867
16	true	18	15	0.1377181649785239
16	true	18	2	0.1377181649785239
16	true	18	0	0.10812697293352498
16	true	18	55	0.06405249336036795
16	true	18	69	0.0443499086324562
16	true	18	12	0.06405249336036795
16	true	18	36	0.06405249336036795
16	true	18	16	0.02363475262803683
16	true	18	28	0.02363475262803683
16	true	18	46	0.0443499086324562
16	true	18	62	0.0443499086324562
16	true	18	98	0.0443499086324562
16	true	18	40	0.02363475262803683
16	true	18	60	0.02363475262803683
16	true	18	21	0.02363475262803683
16	true	18	74	0.02154240791729628
16	true	18	100	0.009366126152482983
16	true	18	6	0.017646358537948353
16	true	18	19	0.017646358537948353
16	true	18	9	0.017646358537948353
16	true	18	86	0.009366126152482983
16	true	18	5	0.017646358537948353
16	true	18	23	0.017646358537948353
16	true	19	0	0.22098685704059495
16	true	19	86	0.22098685704059495
16	true	19	62	0.22098685704059495
16	true	19	17	0.05668206753278647
16	true	19	51	0.05668206753278647
16	true	19	12	0.04915597698365999
16	true	19	15	0.05668206753278647
16	true	19	7	0.05668206753278647
16	true	19	10	0.05668206753278647
16	true	19	93	0.04915597698365999
16	true	19	76	0.04915597698365999
16	true	19	1	0.04915597698365999
16	true	19	5	0.04915597698365999
16	true	19	19	0.04915597698365999
16	true	19	6	0.04915597698365999
16	true	19	74	0.030100709175866637
16	true	19	27	0.036457658383355865
16	true	19	9	0.036457658383355865
16	true	19	4	0.036457658383355865
16	true	19	23	0.036457658383355865
16	true	19	32	0.036457658383355865
16	true	20	2	0.13632083816413335
16	true	20	15	0.13632083816413335
16	true	20	55	0.0525369828128545
16	true	20	21	0.03826642061504533
16	true	20	69	0.05033234361207118
16	true	20	46	0.05033234361207118
16	true	20	88	0.0334428433875655
16	true	20	12	0.0233200778576632
16	true	20	38	0.0334428433875655
16	true	20	53	0.0334428433875655
16	true	20	98	0.0334428433875655
16	true	20	74	0.0334428433875655
16	true	20	14	0.0233200778576632
16	true	20	24	0.0233200778576632
16	true	20	22	0.0233200778576632
16	true	20	34	0.008744088609987016
16	true	20	76	0.009249862193601455
16	true	20	71	0.009249862193601455
16	true	20	40	0.009249862193601455
16	true	20	60	0.0008252311584207842
16	true	20	0	0.0008252311584207842
16	true	20	62	0.0008252311584207842
16	true	20	51	0.0008252311584207842
16	true	20	63	0.0008252311584207842
16	true	21	74	0.10569155160971964
16	true	21	86	0.2796477330019369
16	true	21	80	0.2796477330019369
16	true	21	38	0.09254555896863222
16	true	21	53	0.09254555896863222
16	true	21	55	0.09254555896863222
16	true	21	71	0.09254555896863222
16	true	21	0	0.09254555896863222
16	true	21	76	0.05284397436083057
16	true	21	46	0.05284397436083057
16	true	21	35	0.031219388445685496
16	true	21	69	0.031219388445685496
16	true	21	14	0.02148937616981256
16	true	21	6	0.031219388445685496
16	true	21	19	0.031219388445685496
16	true	21	89	0.02148937616981256
16	true	21	2	0.01801046461876838
16	true	21	12	0.01801046461876838
16	true	21	21	0.01801046461876838
16	true	21	100	0.005527129984590927
16	true	22	55	0.08120193291428891
16	true	22	2	0.08120193291428891
16	true	22	17	0.08120193291428891
16	true	22	46	0.08120193291428891
16	true	22	69	0.08120193291428891
16	true	22	0	0.08120193291428891
16	true	22	86	0.08120193291428891
16	true	22	20	0.08120193291428891
16	true	22	21	0.08120193291428891
16	true	22	12	0.08120193291428891
16	true	22	4	0.08120193291428891
16	true	22	98	0.08120193291428891
16	true	22	6	0.08120193291428891
16	true	22	18	0.08120193291428891
16	true	22	32	0.08120193291428891
16	true	22	59	0.025621688689694336
16	true	22	53	0.03295737949805069
16	true	22	74	0.03295737949805069
16	true	22	38	0.03295737949805069
16	true	22	7	0.025621688689694336
16	true	22	5	0.025621688689694336
16	true	22	19	0.025621688689694336
16	true	23	15	0.12813583529114966
16	true	23	28	0.11388562347959434
16	true	23	1	0.07889423953607998
16	true	23	60	0.0983635371479668
16	true	23	40	0.0983635371479668
16	true	23	55	0.0983635371479668
16	true	23	24	0.07889423953607998
16	true	23	14	0.07889423953607998
16	true	23	76	0.036470110147953455
16	true	23	2	0.07889423953607998
16	true	23	21	0.07889423953607998
16	true	23	71	0.036470110147953455
16	true	23	62	0.034452333212015636
16	true	23	74	0.034452333212015636
16	true	23	38	0.034452333212015636
16	true	23	53	0.034452333212015636
16	true	23	13	0.010995455108647712
16	true	23	63	0.034452333212015636
16	true	23	46	0.034452333212015636
16	true	23	51	0.0241895518279636
16	true	23	69	0.0241895518279636
16	true	24	0	0.4539070019022782
16	true	24	15	0.13228643946615903
16	true	24	88	0.10592029915124966
16	true	24	1	0.10592029915124966
16	true	24	2	0.10592029915124966
16	true	24	29	0.10592029915124966
16	true	24	21	0.10592029915124966
16	true	24	55	0.08030248685589071
16	true	24	86	0.07795480080616195
16	true	24	69	0.07795480080616195
16	true	24	46	0.07795480080616195
16	true	24	60	0.058238456754689624
16	true	24	36	0.062349885578206594
16	true	24	80	0.062349885578206594
16	true	24	71	0.050423949078578265
16	true	24	6	0.050423949078578265
16	true	24	98	0.04572289795954736
16	true	24	16	0.050423949078578265
16	true	24	12	0.050423949078578265
16	true	24	22	0.0074757176328962074
16	true	25	2	0.08659449230653342
16	true	25	88	0.08659449230653342
16	true	25	21	0.08659449230653342
16	true	25	15	0.07713239414500228
16	true	25	14	0.028730284956693934
16	true	25	55	0.028730284956693934
16	true	25	0	0.028730284956693934
16	true	25	98	0.028730284956693934
16	true	25	86	0.028730284956693934
16	true	25	38	0.028730284956693934
16	true	25	53	0.028730284956693934
16	true	25	28	0.018812290229771225
16	true	25	8	0.028730284956693934
16	true	25	34	0.028730284956693934
16	true	25	13	0.028730284956693934
16	true	25	24	0.028730284956693934
16	true	25	22	0.028730284956693934
16	true	25	10	0.028730284956693934
16	true	25	17	0.028730284956693934
16	true	25	80	0.018812290229771225
16	true	25	1	0.018812290229771225
16	true	25	7	0.018812290229771225
16	true	26	15	0.1430812212000094
16	true	26	2	0.1430812212000094
16	true	26	55	0.07934675729729398
16	true	26	12	0.06502922925369022
16	true	26	69	0.07934675729729398
16	true	26	46	0.07934675729729398
16	true	26	38	0.06502922925369022
16	true	26	53	0.06502922925369022
16	true	26	13	0.039286140929585565
16	true	26	74	0.039286140929585565
16	true	26	98	0.039286140929585565
16	true	26	0	0.039286140929585565
16	true	26	21	0.039286140929585565
16	true	26	40	0.039286140929585565
16	true	26	71	0.039286140929585565
16	true	26	62	0.039286140929585565
16	true	26	88	0.039286140929585565
16	true	26	29	0.039286140929585565
16	true	26	60	0.004788042829955284
16	true	26	8	0.017132393461526875
16	true	26	19	0.017132393461526875
16	true	27	23	0.18909406910318186
16	true	27	99	0.18909406910318186
16	true	27	69	0.1593736686631678
16	true	27	62	0.09238895605159782
16	true	27	46	0.09238895605159782
16	true	27	55	0.09238895605159782
16	true	27	38	0.09238895605159782
16	true	27	95	0.09238895605159782
16	true	27	57	0.09238895605159782
16	true	27	77	0.09238895605159782
16	true	27	24	0.04751474204304632
16	true	27	53	0.09238895605159782
16	true	27	96	0.09238895605159782
16	true	27	21	0.04751474204304632
16	true	27	22	0.04751474204304632
16	true	27	37	0.0004970608422481856
16	true	27	34	0.04751474204304632
16	true	27	14	0.04751474204304632
16	true	27	8	0.04751474204304632
16	true	27	13	0.04751474204304632
16	true	27	32	0.002266463078595526
16	true	28	0	0.08638776790023321
16	true	28	2	0.08638776790023321
16	true	28	63	0.08638776790023321
16	true	28	55	0.06991531538174695
16	true	28	98	0.08638776790023321
16	true	28	69	0.06031353898433734
16	true	28	62	0.04034060717912093
16	true	28	88	0.039257896002215915
16	true	28	25	0.039257896002215915
16	true	28	34	0.08638776790023321
16	true	28	8	0.08638776790023321
16	true	28	13	0.08638776790023321
16	true	28	22	0.08638776790023321
16	true	28	24	0.08638776790023321
16	true	28	21	0.08638776790023321
16	true	28	14	0.08638776790023321
16	true	28	20	0.039257896002215915
16	true	28	15	0.039257896002215915
16	true	28	46	0.039257896002215915
16	true	28	29	0.03715474164724748
16	true	29	2	0.14528210672535
16	true	29	15	0.08045660206626751
16	true	29	21	0.08045660206626751
16	true	29	55	0.04191800683449521
16	true	29	98	0.04191800683449521
16	true	29	23	0.032639214116770274
16	true	29	12	0.032639214116770274
16	true	29	46	0.032639214116770274
16	true	29	16	0.032639214116770274
16	true	29	0	0.032639214116770274
16	true	29	28	0.032639214116770274
16	true	29	86	0.032639214116770274
16	true	29	19	0.032639214116770274
16	true	29	88	0.032639214116770274
16	true	29	74	0.032639214116770274
16	true	29	69	0.032639214116770274
16	true	29	27	0.032639214116770274
16	true	29	29	0.032639214116770274
16	true	29	33	0.0046350004042584984
16	true	29	17	0.020478013072593917
16	true	29	5	0.020478013072593917
16	true	30	0	0.29730606211945354
16	true	30	2	0.29730606211945354
16	true	30	62	0.0400759726389251
16	true	30	21	0.0400759726389251
16	true	30	47	0.0400759726389251
16	true	30	74	0.0400759726389251
16	true	30	88	0.0400759726389251
16	true	30	98	0.0400759726389251
16	true	30	71	0.0400759726389251
16	true	30	42	0.0400759726389251
16	true	30	86	0.0400759726389251
16	true	30	1	0.0400759726389251
16	true	30	23	0.023613567107862478
16	true	30	53	0.0400759726389251
16	true	30	38	0.0400759726389251
16	true	30	76	0.0400759726389251
16	true	30	58	0.0400759726389251
16	true	30	24	0.011304072297697015
16	true	30	80	0.019518064321480604
16	true	30	99	0.019518064321480604
16	true	30	55	0.019518064321480604
16	true	31	15	0.14739795550023102
16	true	31	0	0.14739795550023102
16	true	31	2	0.14739795550023102
16	true	31	98	0.04447759361527787
16	true	31	21	0.04447759361527787
16	true	31	55	0.03974834662188871
16	true	31	69	0.03974834662188871
16	true	31	46	0.025793054565880883
16	true	31	36	0.025793054565880883
16	true	31	24	0.012177595751055316
16	true	31	53	0.025793054565880883
16	true	31	38	0.025793054565880883
16	true	31	71	0.025793054565880883
16	true	31	76	0.025793054565880883
16	true	31	12	0.025793054565880883
16	true	31	62	0.025793054565880883
16	true	31	25	0.025793054565880883
16	true	31	52	0.025793054565880883
16	true	31	88	0.025793054565880883
16	true	31	28	0.005203011794283094
16	true	31	13	0.005203011794283094
16	true	31	8	0.005203011794283094
16	true	31	34	0.005203011794283094
16	true	31	14	0.005203011794283094
16	true	31	22	0.005203011794283094
16	true	32	2	0.42489942121265034
16	true	32	80	0.12851069524062936
16	true	32	0	0.10487726359268619
16	true	32	38	0.04056213747138569
16	true	32	12	0.04056213747138569
16	true	32	98	0.03616173952958145
16	true	32	5	0.04056213747138569
16	true	32	19	0.04056213747138569
16	true	32	86	0.04056213747138569
16	true	32	6	0.04056213747138569
16	true	32	28	0.04056213747138569
16	true	32	54	0.03616173952958145
16	true	32	56	0.03616173952958145
16	true	32	52	0.03616173952958145
16	true	32	46	0.03616173952958145
16	true	32	42	0.03616173952958145
16	true	32	10	0.014785100730439793
16	true	32	7	0.014785100730439793
16	true	32	3	0.014785100730439793
16	true	32	17	0.014785100730439793
16	true	33	88	0.24725451684377955
16	true	33	55	0.2273072955010856
16	true	33	43	0.10109974278991822
16	true	33	69	0.10109974278991822
16	true	33	46	0.10109974278991822
16	true	33	24	0.058856167036985214
16	true	33	2	0.058856167036985214
16	true	33	36	0.058856167036985214
16	true	33	7	0.058856167036985214
16	true	33	12	0.058856167036985214
16	true	33	68	0.058856167036985214
16	true	33	56	0.058856167036985214
16	true	33	54	0.058856167036985214
16	true	33	10	0.058856167036985214
16	true	33	74	0.049400539858032284
16	true	33	47	0.049400539858032284
16	true	33	1	0.023912459406754752
16	true	33	95	0.049400539858032284
16	true	33	60	0.049400539858032284
16	true	33	76	0.049400539858032284
16	true	33	59	0.049400539858032284
16	true	33	62	0.049400539858032284
16	true	33	40	0.049400539858032284
16	true	34	15	0.15660231666310406
16	true	34	51	0.12153759876916383
16	true	34	6	0.05778517674309848
16	true	34	86	0.05778517674309848
16	true	34	46	0.12153759876916383
16	true	34	69	0.12153759876916383
16	true	34	55	0.12153759876916383
16	true	34	71	0.05778517674309848
16	true	34	1	0.03626987293228697
16	true	34	12	0.03626987293228697
16	true	34	98	0.03212169480488125
16	true	34	60	0.03212169480488125
16	true	34	76	0.03212169480488125
16	true	34	80	0.03626987293228697
16	true	34	0	0.03626987293228697
16	true	34	52	0.014866440018447176
16	true	34	5	0.03626987293228697
16	true	34	33	0.03626987293228697
16	true	34	19	0.03626987293228697
16	true	34	39	0.014866440018447176
16	true	34	2	0.014866440018447176
16	true	34	58	0.014866440018447176
16	true	35	15	0.14416267344879966
16	true	35	0	0.14416267344879966
16	true	35	55	0.06149409337049106
16	true	35	46	0.06149409337049106
16	true	35	69	0.06149409337049106
16	true	35	98	0.06149409337049106
16	true	35	62	0.06149409337049106
16	true	35	24	0.03098539632171219
16	true	35	1	0.06149409337049106
16	true	35	12	0.06149409337049106
16	true	35	88	0.03098539632171219
16	true	35	21	0.03098539632171219
16	true	35	23	0.03098539632171219
16	true	35	22	0.03098539632171219
16	true	35	14	0.03098539632171219
16	true	35	8	0.03098539632171219
16	true	35	6	0.03098539632171219
16	true	35	28	0.03098539632171219
16	true	35	38	0.03098539632171219
16	true	35	53	0.03098539632171219
16	true	36	2	0.17938131935562382
16	true	36	55	0.0905493535069616
16	true	36	15	0.0905493535069616
16	true	36	0	0.0905493535069616
16	true	36	46	0.0905493535069616
16	true	36	12	0.05778937548968511
16	true	36	86	0.05778937548968511
16	true	36	62	0.05778937548968511
16	true	36	69	0.05778937548968511
16	true	36	19	0.032226100325161565
16	true	36	6	0.032226100325161565
16	true	36	71	0.05778937548968511
16	true	36	38	0.05778937548968511
16	true	36	76	0.05778937548968511
16	true	36	88	0.05778937548968511
16	true	36	98	0.032226100325161565
16	true	36	21	0.02296671663683906
16	true	36	5	0.032226100325161565
16	true	36	16	0.006888600216111818
16	true	36	74	0.005626996544569953
16	true	37	62	0.2114591032358997
16	true	37	2	0.1826576477104434
16	true	37	36	0.04817180447721518
16	true	37	86	0.04817180447721518
16	true	37	98	0.04817180447721518
16	true	37	76	0.03493589875245573
16	true	37	16	0.04817180447721518
16	true	37	15	0.04817180447721518
16	true	37	29	0.04817180447721518
16	true	37	12	0.04817180447721518
16	true	37	71	0.031612834809294485
16	true	37	43	0.031612834809294485
16	true	37	27	0.031612834809294485
16	true	37	28	0.031612834809294485
16	true	37	19	0.031612834809294485
16	true	37	6	0.031612834809294485
16	true	37	38	0.019320051137119973
16	true	37	95	0.014500188151780733
16	true	37	100	0.014500188151780733
16	true	37	74	0.007107852501330663
16	true	38	2	0.3139239527637009
16	true	38	55	0.06847824229529478
16	true	38	15	0.06688973736708272
16	true	38	0	0.06501446910593194
16	true	38	9	0.037320200434425986
16	true	38	62	0.03494374029514702
16	true	38	63	0.03059784570205271
16	true	38	98	0.03059784570205271
16	true	38	69	0.03059784570205271
16	true	38	46	0.03059784570205271
16	true	38	88	0.026478863375911335
16	true	38	76	0.026478863375911335
16	true	38	71	0.026478863375911335
16	true	38	36	0.021759216536668815
16	true	38	86	0.021759216536668815
16	true	38	42	0.021056923397859355
16	true	38	21	0.021056923397859355
16	true	38	80	0.021056923397859355
16	true	38	12	0.021056923397859355
16	true	38	24	0.015059849617922134
16	true	39	2	0.09729654068991418
16	true	39	62	0.09729654068991418
16	true	39	21	0.031035726401092374
16	true	39	22	0.031035726401092374
16	true	39	34	0.031035726401092374
16	true	39	14	0.031035726401092374
16	true	39	24	0.031035726401092374
16	true	39	0	0.031035726401092374
16	true	39	55	0.031035726401092374
16	true	39	46	0.031035726401092374
16	true	39	28	0.031035726401092374
16	true	39	8	0.031035726401092374
16	true	39	13	0.031035726401092374
16	true	39	74	0.02951929111392614
16	true	39	95	0.02848470190818312
16	true	39	52	0.031035726401092374
16	true	39	54	0.031035726401092374
16	true	39	99	0.031035726401092374
16	true	39	76	0.02347628677355836
16	true	39	17	0.009207025930634999
16	true	40	2	0.07672974377388204
16	true	40	55	0.07672974377388204
16	true	40	88	0.0670635885480544
16	true	40	46	0.0670635885480544
16	true	40	69	0.0670635885480544
16	true	40	12	0.057803132865474914
16	true	40	76	0.0670635885480544
16	true	40	71	0.0670635885480544
16	true	40	74	0.029719648541717218
16	true	40	21	0.029719648541717218
16	true	40	29	0.029719648541717218
16	true	40	17	0.01563106303325872
16	true	40	19	0.01563106303325872
16	true	40	38	0.029719648541717218
16	true	40	53	0.029719648541717218
16	true	40	98	0.029719648541717218
16	true	40	40	0.029719648541717218
16	true	40	62	0.029719648541717218
16	true	40	0	0.006858939799132742
16	true	40	5	0.0029441151228962025
16	true	41	15	0.16424311401325573
16	true	41	55	0.07938179497937016
16	true	41	2	0.04786452472119021
16	true	41	24	0.04786452472119021
16	true	41	38	0.04786452472119021
16	true	41	14	0.04786452472119021
16	true	41	22	0.04786452472119021
16	true	41	69	0.04786452472119021
16	true	41	46	0.04786452472119021
16	true	41	88	0.04786452472119021
16	true	41	0	0.04786452472119021
16	true	41	98	0.04786452472119021
16	true	41	21	0.04786452472119021
16	true	41	86	0.04786452472119021
16	true	41	89	0.008459504650909574
16	true	41	62	0.008459504650909574
16	true	41	8	0.04786452472119021
16	true	41	13	0.04786452472119021
16	true	41	34	0.04786452472119021
16	true	41	28	0.04786452472119021
16	true	41	9	0.01309829913022728
16	true	41	17	0.010151148182455279
16	true	42	2	0.35622513775534026
16	true	42	55	0.11525207348454436
16	true	42	46	0.11525207348454436
16	true	42	88	0.11525207348454436
16	true	42	21	0.09929389712470053
16	true	42	69	0.11525207348454436
16	true	42	0	0.06201433804208109
16	true	42	40	0.06201433804208109
16	true	42	3	0.047785772311621254
16	true	42	34	0.042299794932636275
16	true	42	11	0.03606000824267427
16	true	42	16	0.03606000824267427
16	true	42	89	0.03606000824267427
16	true	42	24	0.025927045688455132
16	true	42	6	0.025927045688455132
16	true	42	13	0.025927045688455132
16	true	42	17	0.01979570162932814
16	true	42	81	0.025927045688455132
16	true	42	78	0.025927045688455132
16	true	42	14	0.0007161260009764239
16	true	43	15	0.4446886905788721
16	true	43	46	0.11696381799813084
16	true	43	55	0.11696381799813084
16	true	43	59	0.11696381799813084
16	true	43	1	0.11427028074247252
16	true	43	17	0.07102700484798727
16	true	43	10	0.07102700484798727
16	true	43	7	0.07102700484798727
16	true	43	69	0.04874045821976782
16	true	43	12	0.03690061129597325
16	true	43	40	0.04629030145707334
16	true	43	60	0.04629030145707334
16	true	43	88	0.028754653068863347
16	true	43	20	0.012761002172690413
16	true	43	14	0.012761002172690413
16	true	43	54	0.028754653068863347
16	true	43	38	0.028754653068863347
16	true	43	62	0.028754653068863347
16	true	43	56	0.028754653068863347
16	true	43	53	0.017300322627546053
16	true	44	2	0.28783570676207076
16	true	44	15	0.28783570676207076
16	true	44	9	0.08084633907159462
16	true	44	38	0.08084633907159462
16	true	44	53	0.08084633907159462
16	true	44	74	0.08084633907159462
16	true	44	98	0.08084633907159462
16	true	44	19	0.046126404335595485
16	true	44	0	0.046126404335595485
16	true	44	28	0.046126404335595485
16	true	44	55	0.039397445650908816
16	true	44	5	0.046126404335595485
16	true	44	51	0.02374970707157917
16	true	44	29	0.02374970707157917
16	true	44	46	0.02374970707157917
16	true	44	40	0.02254308927680826
16	true	44	63	0.02254308927680826
16	true	44	60	0.02254308927680826
16	true	44	6	0.02254308927680826
16	true	44	35	0.02254308927680826
16	true	45	55	0.04810785847035216
16	true	45	2	0.04810785847035216
16	true	45	12	0.04810785847035216
16	true	45	21	0.04810785847035216
16	true	45	69	0.04810785847035216
16	true	45	24	0.04318714177724949
16	true	45	14	0.04318714177724949
16	true	45	38	0.02255399637175817
16	true	45	53	0.02255399637175817
16	true	45	46	0.02255399637175817
16	true	45	22	0.04318714177724949
16	true	45	13	0.04318714177724949
16	true	45	34	0.04318714177724949
16	true	45	15	0.04318714177724949
16	true	45	8	0.04318714177724949
16	true	45	0	0.04318714177724949
16	true	45	19	0.04318714177724949
16	true	45	98	0.016990732074057654
16	true	45	60	0.016990732074057654
16	true	45	52	0.016990732074057654
16	true	45	88	0.016990732074057654
16	true	45	28	0.04318714177724949
16	true	45	6	0.04318714177724949
16	true	45	80	0.04318714177724949
16	true	45	86	0.04318714177724949
16	true	45	5	0.04318714177724949
16	true	46	2	0.2914397953169537
16	true	46	74	0.13540971324662515
16	true	46	16	0.0461710797649995
16	true	46	69	0.1865603876899168
16	true	46	46	0.1865603876899168
16	true	46	55	0.1865603876899168
16	true	46	0	0.0461710797649995
16	true	46	27	0.0461710797649995
16	true	46	62	0.0461710797649995
16	true	46	53	0.0461710797649995
16	true	46	88	0.0461710797649995
16	true	46	38	0.0461710797649995
16	true	46	89	0.0461710797649995
16	true	46	51	0.04371938947663755
16	true	46	15	0.0461710797649995
16	true	46	98	0.005576401059060889
16	true	46	28	0.0461710797649995
16	true	46	80	0.0461710797649995
16	true	46	9	0.0461710797649995
16	true	46	86	0.0461710797649995
16	true	46	36	0.015243031068828294
16	true	47	2	0.22880188150655323
16	true	47	55	0.08348987413049541
16	true	47	98	0.04709055565662985
16	true	47	21	0.04709055565662985
16	true	47	15	0.04709055565662985
16	true	47	14	0.03337502109167128
16	true	47	88	0.04709055565662985
16	true	47	62	0.04709055565662985
16	true	47	69	0.04709055565662985
16	true	47	46	0.04709055565662985
16	true	47	53	0.04709055565662985
16	true	47	38	0.04709055565662985
16	true	47	0	0.027637029997227024
16	true	47	40	0.027637029997227024
16	true	47	42	0.027637029997227024
16	true	47	74	0.013193099710619258
16	true	47	76	0.013193099710619258
16	true	47	71	0.011403099252071813
16	true	47	12	0.03337502109167128
16	true	47	8	0.03337502109167128
16	true	47	34	0.03337502109167128
16	true	47	22	0.03337502109167128
16	true	47	24	0.03337502109167128
16	true	47	13	0.03337502109167128
16	true	47	10	0.009869072997884976
16	true	48	2	0.23756967212655158
16	true	48	38	0.16390043763208795
16	true	48	55	0.07009250603612806
16	true	48	74	0.07009250603612806
16	true	48	0	0.029825016530514607
16	true	48	69	0.029825016530514607
16	true	48	71	0.029825016530514607
16	true	48	46	0.029825016530514607
16	true	48	76	0.029825016530514607
16	true	48	62	0.024056296766491275
16	true	48	88	0.024056296766491275
16	true	48	52	0.024056296766491275
16	true	48	86	0.024056296766491275
16	true	48	21	0.01487737194082541
16	true	48	14	0.01487737194082541
16	true	48	24	0.01487737194082541
16	true	48	60	0.024056296766491275
16	true	48	53	0.024056296766491275
16	true	48	40	0.024056296766491275
16	true	48	48	0.024056296766491275
16	true	48	47	0.024056296766491275
16	true	48	81	0.0037537953674790674
16	true	48	13	0.006894569958085247
16	true	48	22	0.006894569958085247
16	true	48	12	0.006894569958085247
16	true	48	16	0.006894569958085247
16	true	49	88	0.11529707049259841
16	true	49	2	0.06216627073549512
16	true	49	15	0.055927357220081256
16	true	49	55	0.03405143385286881
16	true	49	21	0.05174276499255107
16	true	49	0	0.05174276499255107
16	true	49	80	0.03405143385286881
16	true	49	52	0.03405143385286881
16	true	49	98	0.03405143385286881
16	true	49	38	0.03405143385286881
16	true	49	36	0.03405143385286881
16	true	49	12	0.03405143385286881
16	true	49	19	0.03405143385286881
16	true	49	42	0.03405143385286881
16	true	49	17	0.03405143385286881
16	true	49	53	0.03405143385286881
16	true	49	58	0.03405143385286881
16	true	49	54	0.03405143385286881
16	true	49	56	0.03405143385286881
16	true	49	5	0.03405143385286881
16	true	50	63	0.1498717988726746
16	true	50	88	0.08621317805016511
16	true	50	55	0.08621317805016511
16	true	50	15	0.08621317805016511
16	true	50	17	0.08621317805016511
16	true	50	16	0.08621317805016511
16	true	50	7	0.08621317805016511
16	true	50	10	0.08621317805016511
16	true	50	2	0.0664671964556464
16	true	50	54	0.08621317805016511
16	true	50	56	0.08621317805016511
16	true	50	53	0.08621317805016511
16	true	50	38	0.08621317805016511
16	true	50	27	0.027251938824708364
16	true	50	14	0.027251938824708364
16	true	50	21	0.027251938824708364
16	true	50	12	0.027251938824708364
16	true	50	19	0.006846602113033894
16	true	50	62	0.03360792025125793
16	true	50	60	0.03360792025125793
16	true	50	48	0.03360792025125793
16	true	50	69	0.03360792025125793
16	true	50	46	0.03360792025125793
16	true	50	99	0.03360792025125793
16	true	51	62	0.15606364499061304
16	true	51	0	0.15606364499061304
16	true	51	15	0.061013489405959506
16	true	51	86	0.061013489405959506
16	true	51	28	0.061013489405959506
16	true	51	74	0.061013489405959506
16	true	51	98	0.061013489405959506
16	true	51	2	0.061013489405959506
16	true	51	59	0.061013489405959506
16	true	51	17	0.061013489405959506
16	true	51	10	0.061013489405959506
16	true	51	58	0.038712129038348614
16	true	51	21	0.061013489405959506
16	true	51	14	0.061013489405959506
16	true	51	80	0.061013489405959506
16	true	51	42	0.038712129038348614
16	true	51	7	0.061013489405959506
16	true	51	71	0.038712129038348614
16	true	51	8	0.061013489405959506
16	true	51	13	0.061013489405959506
16	true	51	24	0.061013489405959506
16	true	51	34	0.061013489405959506
16	true	51	22	0.061013489405959506
16	true	52	2	0.1189227203650454
16	true	52	15	0.1189227203650454
16	true	52	55	0.06059877525367951
16	true	52	12	0.04576536342056009
16	true	52	17	0.04576536342056009
16	true	52	69	0.06059877525367951
16	true	52	46	0.06059877525367951
16	true	52	86	0.027357458422068683
16	true	52	53	0.03072237295848611
16	true	52	38	0.03072237295848611
16	true	52	76	0.027357458422068683
16	true	52	0	0.027357458422068683
16	true	52	71	0.027357458422068683
16	true	52	21	0.027357458422068683
16	true	52	98	0.027357458422068683
16	true	52	80	0.017118745920364324
16	true	52	88	0.005595642454234311
16	true	52	7	0.027357458422068683
16	true	52	19	0.027357458422068683
16	true	52	10	0.027357458422068683
16	true	52	5	0.027357458422068683
16	true	53	2	0.14733794945593787
16	true	53	15	0.1342931311278932
16	true	53	55	0.0848053181566727
16	true	53	53	0.1342931311278932
16	true	53	38	0.1342931311278932
16	true	53	69	0.0848053181566727
16	true	53	46	0.0848053181566727
16	true	53	0	0.06719687834814694
16	true	53	21	0.06719687834814694
16	true	53	35	0.03632334557961912
16	true	53	74	0.06719687834814694
16	true	53	76	0.06719687834814694
16	true	53	71	0.06719687834814694
16	true	53	23	0.03632334557961912
16	true	53	63	0.03632334557961912
16	true	53	24	0.01782633368592981
16	true	53	12	0.03632334557961912
16	true	53	19	0.03632334557961912
16	true	53	22	0.01782633368592981
16	true	53	14	0.01782633368592981
16	true	54	15	0.17922842229045866
16	true	54	21	0.05717605186876699
16	true	54	53	0.03881888530896357
16	true	54	38	0.03881888530896357
16	true	54	12	0.03229054743050836
16	true	54	22	0.03378543836983458
16	true	54	28	0.03378543836983458
16	true	54	24	0.03378543836983458
16	true	54	2	0.03378543836983458
16	true	54	34	0.03378543836983458
16	true	54	14	0.03378543836983458
16	true	54	13	0.03378543836983458
16	true	54	8	0.03378543836983458
16	true	54	19	0.03229054743050836
16	true	54	23	0.03229054743050836
16	true	54	52	0.03229054743050836
16	true	54	55	0.03229054743050836
16	true	54	1	0.03229054743050836
16	true	54	6	0.03229054743050836
16	true	54	5	0.03229054743050836
16	true	54	25	0.022251024095150753
16	true	55	15	0.24786360414162714
16	true	55	55	0.22228043940979816
16	true	55	86	0.06792633136869193
16	true	55	46	0.22228043940979816
16	true	55	69	0.22228043940979816
16	true	55	2	0.029145514181571432
16	true	55	14	0.029145514181571432
16	true	55	21	0.029145514181571432
16	true	55	23	0.029145514181571432
16	true	55	24	0.029145514181571432
16	true	55	22	0.028078703585724493
16	true	55	1	0.019241751904228395
16	true	55	76	0.019241751904228395
16	true	55	13	0.028078703585724493
16	true	55	8	0.028078703585724493
16	true	55	12	0.028078703585724493
16	true	55	10	0.019241751904228395
16	true	55	34	0.019241751904228395
16	true	55	88	0.016466312613727316
16	true	55	62	0.016466312613727316
16	true	55	98	0.016466312613727316
16	true	56	15	0.20011824740986464
16	true	56	2	0.20011824740986464
16	true	56	55	0.05218094429883442
16	true	56	74	0.05218094429883442
16	true	56	21	0.03668228455445235
16	true	56	0	0.05218094429883442
16	true	56	46	0.05218094429883442
16	true	56	23	0.018988840626572384
16	true	56	38	0.033912377206549965
16	true	56	53	0.033912377206549965
16	true	56	98	0.033912377206549965
16	true	56	51	0.033912377206549965
16	true	56	24	0.012173225511839287
16	true	56	42	0.033912377206549965
16	true	56	69	0.033912377206549965
16	true	56	62	0.033912377206549965
16	true	56	59	0.018297197323425114
16	true	56	86	0.018297197323425114
16	true	56	22	0.012173225511839287
16	true	56	14	0.012173225511839287
16	true	57	15	0.06918386844783785
16	true	57	55	0.06534939569124469
16	true	57	0	0.06918386844783785
16	true	57	28	0.06918386844783785
16	true	57	2	0.06918386844783785
16	true	57	98	0.06534939569124469
16	true	57	46	0.06534939569124469
16	true	57	69	0.06534939569124469
16	true	57	1	0.024608141848944047
16	true	57	38	0.024608141848944047
16	true	57	86	0.024608141848944047
16	true	57	53	0.024608141848944047
16	true	57	80	0.024608141848944047
16	true	57	40	0.024608141848944047
16	true	57	76	0.019785750916571528
16	true	57	60	0.019785750916571528
16	true	57	62	0.019785750916571528
16	true	57	17	0.024608141848944047
16	true	57	10	0.024608141848944047
16	true	57	12	0.024608141848944047
16	true	57	23	0.024608141848944047
16	true	57	7	0.024608141848944047
16	true	57	19	0.011833934942065458
16	true	57	29	0.011833934942065458
16	true	58	2	0.2129797954816656
16	true	58	55	0.09220039307486887
16	true	58	9	0.0709033096338237
16	true	58	36	0.0709033096338237
16	true	58	0	0.0709033096338237
16	true	58	69	0.041841324358678586
16	true	58	46	0.041841324358678586
16	true	58	88	0.03465195466973876
16	true	58	1	0.041841324358678586
16	true	58	15	0.041841324358678586
16	true	58	17	0.03269880725868677
16	true	58	10	0.03269880725868677
16	true	58	76	0.03269880725868677
16	true	58	38	0.03269880725868677
16	true	58	53	0.03269880725868677
16	true	58	99	0.03269880725868677
16	true	58	71	0.03269880725868677
16	true	58	60	0.02468884738458842
16	true	58	40	0.02468884738458842
16	true	58	100	0.018389493747122055
16	true	59	55	0.07081045561235455
16	true	59	0	0.07081045561235455
16	true	59	2	0.07081045561235455
16	true	59	69	0.07081045561235455
16	true	59	46	0.07081045561235455
16	true	59	88	0.023815741818594142
16	true	59	62	0.023815741818594142
16	true	59	98	0.023815741818594142
16	true	59	53	0.023815741818594142
16	true	59	15	0.05318751820252073
16	true	59	38	0.023815741818594142
16	true	59	22	0.05318751820252073
16	true	59	17	0.05318751820252073
16	true	59	60	0.02142228275850366
16	true	59	34	0.05318751820252073
16	true	59	8	0.05318751820252073
16	true	59	13	0.05318751820252073
16	true	59	24	0.05318751820252073
16	true	59	21	0.05318751820252073
16	true	59	14	0.05318751820252073
16	true	59	28	0.05318751820252073
16	true	59	23	0.02498738583829036
16	true	59	7	0.02498738583829036
16	true	59	10	0.02498738583829036
16	true	59	9	0.014082837023683861
16	true	60	15	0.23156358180877312
16	true	60	2	0.16280285866561658
16	true	60	17	0.08240323910723533
16	true	60	46	0.12147627134308647
16	true	60	55	0.12147627134308647
16	true	60	69	0.12147627134308647
16	true	60	0	0.06126031066375659
16	true	60	10	0.06126031066375659
16	true	60	7	0.06126031066375659
16	true	60	1	0.060229131635996344
16	true	60	60	0.060229131635996344
16	true	60	12	0.060229131635996344
16	true	60	98	0.060229131635996344
16	true	60	36	0.060229131635996344
16	true	60	6	0.02992243488218458
16	true	60	21	0.02992243488218458
16	true	60	19	0.02992243488218458
16	true	60	54	0.02375639898709184
16	true	60	56	0.02375639898709184
16	true	60	5	0.02992243488218458
16	true	60	24	0.02992243488218458
16	true	61	2	0.16247952755453202
16	true	61	55	0.088144352535662
16	true	61	15	0.07136710709654154
16	true	61	46	0.07136710709654154
16	true	61	69	0.07136710709654154
16	true	61	0	0.07136710709654154
16	true	61	88	0.04322653845912409
16	true	61	38	0.07136710709654154
16	true	61	53	0.07136710709654154
16	true	61	12	0.04322653845912409
16	true	61	63	0.040929488067689763
16	true	61	98	0.040929488067689763
16	true	61	62	0.02639678515302643
16	true	61	21	0.022113323099603968
16	true	61	19	0.022113323099603968
16	true	61	76	0.02272552517793748
16	true	61	10	0.010756996837617704
16	true	61	22	0.010756996837617704
16	true	61	86	0.02272552517793748
16	true	61	60	0.02272552517793748
16	true	61	74	0.02272552517793748
16	true	61	71	0.02272552517793748
16	true	61	40	0.02272552517793748
16	true	62	2	0.47069085211368733
16	true	62	62	0.13982196882546843
16	true	62	71	0.10917671039632612
16	true	62	5	0.13982196882546843
16	true	62	12	0.13982196882546843
16	true	62	19	0.13982196882546843
16	true	62	29	0.10917671039632612
16	true	62	69	0.10917671039632612
16	true	62	88	0.10917671039632612
16	true	62	17	0.09468537825176622
16	true	62	21	0.10917671039632612
16	true	62	14	0.10917671039632612
16	true	62	24	0.10917671039632612
16	true	62	22	0.02011093901996697
16	true	62	16	0.02011093901996697
16	true	62	34	0.02011093901996697
16	true	62	13	0.02011093901996697
16	true	62	9	0.013206379659089683
16	true	62	74	0.02011093901996697
16	true	62	51	0.02011093901996697
16	true	62	8	0.02011093901996697
16	true	63	2	0.40375356542161295
16	true	63	35	0.14980415868976113
16	true	63	75	0.06840343005381799
16	true	63	70	0.06840343005381799
16	true	63	80	0.06840343005381799
16	true	63	0	0.06840343005381799
16	true	63	23	0.06840343005381799
16	true	63	86	0.06840343005381799
16	true	63	19	0.06840343005381799
16	true	63	62	0.06840343005381799
16	true	63	94	0.06840343005381799
16	true	63	100	0.06840343005381799
16	true	63	51	0.06840343005381799
16	true	63	53	0.06840343005381799
16	true	63	10	0.06840343005381799
16	true	63	9	0.06840343005381799
16	true	63	12	0.06840343005381799
16	true	63	5	0.06840343005381799
16	true	63	38	0.031322510945353536
16	true	63	74	0.031322510945353536
16	true	64	98	0.11695580921747685
16	true	64	0	0.09707714702794429
16	true	64	74	0.08570953702949446
16	true	64	12	0.08570953702949446
16	true	64	15	0.08570953702949446
16	true	64	38	0.07826921103849793
16	true	64	5	0.045501555204412035
16	true	64	69	0.07826921103849793
16	true	64	53	0.07826921103849793
16	true	64	9	0.05805936217125878
16	true	64	40	0.045501555204412035
16	true	64	24	0.01723067829315111
16	true	64	19	0.045501555204412035
16	true	64	16	0.045501555204412035
16	true	64	13	0.017040002638740726
16	true	64	95	0.017040002638740726
16	true	64	14	0.017040002638740726
16	true	64	47	0.017040002638740726
16	true	64	2	0.045501555204412035
16	true	64	27	0.045501555204412035
16	true	64	54	0.045501555204412035
16	true	64	58	0.045501555204412035
16	true	64	42	0.045501555204412035
16	true	64	52	0.045501555204412035
16	true	65	0	0.11209718261911936
16	true	65	2	0.11209718261911936
16	true	65	15	0.11209718261911936
16	true	65	86	0.10075197249407838
16	true	65	80	0.10075197249407838
16	true	65	55	0.08764968560318115
16	true	65	12	0.06427509866918381
16	true	65	46	0.04989176826505087
16	true	65	19	0.03715201335861031
16	true	65	69	0.04146780449220892
16	true	65	98	0.04146780449220892
16	true	65	42	0.020127524289422567
16	true	65	10	0.03715201335861031
16	true	65	48	0.020127524289422567
16	true	65	1	0.020127524289422567
16	true	65	7	0.020127524289422567
16	true	65	74	0.017956295896422277
16	true	65	71	0.017956295896422277
16	true	65	34	0.015210731042306878
16	true	65	17	0.015210731042306878
16	true	65	29	0.015210731042306878
16	true	65	27	0.015210731042306878
16	true	65	5	0.015210731042306878
16	true	66	55	0.11572127357381888
16	true	66	2	0.11572127357381888
16	true	66	69	0.11572127357381888
16	true	66	46	0.11572127357381888
16	true	66	17	0.05212069647388218
16	true	66	21	0.05212069647388218
16	true	66	15	0.05212069647388218
16	true	66	12	0.048824586848069965
16	true	66	62	0.048824586848069965
16	true	66	0	0.048824586848069965
16	true	66	19	0.03327592615905983
16	true	66	29	0.048824586848069965
16	true	66	14	0.048824586848069965
16	true	66	34	0.048824586848069965
16	true	66	24	0.048824586848069965
16	true	66	22	0.048824586848069965
16	true	66	36	0.048824586848069965
16	true	66	98	0.048824586848069965
16	true	66	5	0.03327592615905983
16	true	66	13	0.048824586848069965
16	true	66	8	0.048824586848069965
16	true	67	0	0.06931408641222625
16	true	67	62	0.050687866561715755
16	true	67	55	0.041032525728467786
16	true	67	21	0.040529765227297856
16	true	67	53	0.03715582734338119
16	true	67	38	0.03715582734338119
16	true	67	46	0.03715582734338119
16	true	67	14	0.0329919505797388
16	true	67	15	0.03715582734338119
16	true	67	24	0.0329919505797388
16	true	67	100	0.03715582734338119
16	true	67	69	0.03715582734338119
16	true	67	9	0.0329919505797388
16	true	67	86	0.0329919505797388
16	true	67	1	0.013218523082567614
16	true	67	13	0.0329919505797388
16	true	67	22	0.0329919505797388
16	true	67	34	0.0329919505797388
16	true	67	8	0.0329919505797388
16	true	67	28	0.013218523082567614
16	true	68	2	0.18763501204684627
16	true	68	12	0.05861423884026376
16	true	68	55	0.052497146791560895
16	true	68	19	0.052497146791560895
16	true	68	46	0.052497146791560895
16	true	68	5	0.052497146791560895
16	true	68	6	0.052497146791560895
16	true	68	51	0.052497146791560895
16	true	68	69	0.052497146791560895
16	true	68	88	0.052497146791560895
16	true	68	53	0.052497146791560895
16	true	68	98	0.024656981460063423
16	true	68	28	0.024656981460063423
16	true	68	1	0.024656981460063423
16	true	68	76	0.024656981460063423
16	true	68	38	0.024656981460063423
16	true	68	36	0.024656981460063423
16	true	68	15	0.024656981460063423
16	true	68	0	0.024656981460063423
16	true	68	10	0.024656981460063423
16	true	69	2	0.2216785169159873
16	true	69	38	0.12999547663434977
16	true	69	69	0.11554706062632959
16	true	69	53	0.09457647502576005
16	true	69	89	0.09457647502576005
16	true	69	15	0.07184180594982183
16	true	69	21	0.07184180594982183
16	true	69	55	0.07184180594982183
16	true	69	35	0.07184180594982183
16	true	69	80	0.07184180594982183
16	true	69	1	0.07184180594982183
16	true	69	0	0.07184180594982183
16	true	69	100	0.003775166713242853
16	true	69	34	0.07184180594982183
16	true	69	22	0.07184180594982183
16	true	69	13	0.07184180594982183
16	true	69	8	0.07184180594982183
16	true	69	24	0.07184180594982183
16	true	69	14	0.07184180594982183
16	true	69	29	0.07184180594982183
16	true	69	86	0.07184180594982183
16	true	70	2	0.11670246328432551
16	true	70	55	0.10099761772515285
16	true	70	88	0.06167439350655998
16	true	70	69	0.06167439350655998
16	true	70	46	0.06167439350655998
16	true	70	14	0.06167439350655998
16	true	70	38	0.06167439350655998
16	true	70	28	0.06167439350655998
16	true	70	53	0.06167439350655998
16	true	70	13	0.028109775310785026
16	true	70	24	0.028109775310785026
16	true	70	22	0.028109775310785026
16	true	70	80	0.028109775310785026
16	true	70	63	0.028109775310785026
16	true	70	74	0.028109775310785026
16	true	70	62	0.028109775310785026
16	true	70	21	0.028109775310785026
16	true	70	34	0.028109775310785026
16	true	70	6	0.00991195752195194
16	true	70	8	0.006952510482883263
16	true	71	15	0.21221805556698828
16	true	71	55	0.18361692467726465
16	true	71	63	0.05407874012741824
16	true	71	28	0.06981818877890292
16	true	71	2	0.06981818877890292
16	true	71	62	0.049644804707032426
16	true	71	12	0.03383273349119083
16	true	71	58	0.03383273349119083
16	true	71	47	0.03383273349119083
16	true	71	13	0.03383273349119083
16	true	71	21	0.03383273349119083
16	true	71	0	0.03383273349119083
16	true	71	46	0.03383273349119083
16	true	71	69	0.03383273349119083
16	true	71	60	0.024641464797559604
16	true	71	17	0.03383273349119083
16	true	71	40	0.024641464797559604
16	true	71	76	0.024641464797559604
16	true	71	38	0.024641464797559604
16	true	71	14	0.03383273349119083
16	true	71	8	0.03383273349119083
16	true	71	34	0.03383273349119083
16	true	71	22	0.03383273349119083
16	true	71	24	0.03383273349119083
16	true	72	2	0.32774667025962706
16	true	72	15	0.1442904789055505
16	true	72	36	0.1442904789055505
16	true	72	0	0.1442904789055505
16	true	72	98	0.0548726134551947
16	true	72	63	0.0548726134551947
16	true	72	29	0.04486779931219314
16	true	72	52	0.042607318253798175
16	true	72	25	0.04486779931219314
16	true	72	9	0.04486779931219314
16	true	72	35	0.042607318253798175
16	true	72	80	0.042607318253798175
16	true	72	86	0.042607318253798175
16	true	72	55	0.042607318253798175
16	true	72	69	0.042607318253798175
16	true	72	46	0.042607318253798175
16	true	72	21	0.042607318253798175
16	true	72	88	0.042607318253798175
16	true	72	20	0.042607318253798175
16	true	72	100	0.039347322629942054
16	true	73	2	0.180539772821255
16	true	73	46	0.17526695569376854
16	true	73	28	0.17526695569376854
16	true	73	21	0.04650931944324994
16	true	73	55	0.04650931944324994
16	true	73	13	0.04650931944324994
16	true	73	69	0.04650931944324994
16	true	73	9	0.04650931944324994
16	true	73	14	0.04650931944324994
16	true	73	15	0.04650931944324994
16	true	73	98	0.04650931944324994
16	true	73	8	0.04650931944324994
16	true	73	34	0.04650931944324994
16	true	73	22	0.04650931944324994
16	true	73	24	0.04650931944324994
16	true	73	12	0.04650931944324994
16	true	73	0	0.04650931944324994
16	true	73	47	0.04650931944324994
16	true	73	16	0.04650931944324994
16	true	73	1	0.04650931944324994
16	true	74	2	0.17722663835683247
16	true	74	55	0.0783219027377677
16	true	74	15	0.0496348418738839
16	true	74	69	0.0783219027377677
16	true	74	46	0.0783219027377677
16	true	74	21	0.0496348418738839
16	true	74	62	0.028356356567693523
16	true	74	22	0.03256153334752293
16	true	74	38	0.02315906987696867
16	true	74	24	0.03256153334752293
16	true	74	14	0.03256153334752293
16	true	74	98	0.02315906987696867
16	true	74	53	0.02315906987696867
16	true	74	74	0.02315906987696867
16	true	74	13	0.03256153334752293
16	true	74	34	0.03256153334752293
16	true	74	12	0.03256153334752293
16	true	74	8	0.03256153334752293
16	true	74	17	0.02134809059723746
16	true	74	0	0.013478010752216186
16	true	74	86	0.009621529117194355
16	true	74	63	0.013478010752216186
16	true	74	88	0.013478010752216186
16	true	74	76	0.02315906987696867
16	true	74	71	0.02315906987696867
16	true	75	88	0.08558254085838041
16	true	75	2	0.070562816912409
16	true	75	15	0.070562816912409
16	true	75	7	0.070562816912409
16	true	75	10	0.070562816912409
16	true	75	17	0.070562816912409
16	true	75	1	0.070562816912409
16	true	75	13	0.02758587226963041
16	true	75	14	0.02758587226963041
16	true	75	16	0.015789856876018287
16	true	75	55	0.033472759325030306
16	true	75	98	0.033472759325030306
16	true	75	69	0.033472759325030306
16	true	75	46	0.033472759325030306
16	true	75	54	0.033472759325030306
16	true	75	56	0.033472759325030306
16	true	75	99	0.033472759325030306
16	true	75	52	0.033472759325030306
16	true	75	53	0.015789856876018287
16	true	75	47	0.015789856876018287
16	true	76	2	0.5053997481433994
16	true	76	55	0.07324149399005592
16	true	76	0	0.07324149399005592
16	true	76	15	0.060238312025462336
16	true	76	1	0.05375938325584904
16	true	76	6	0.05375938325584904
16	true	76	36	0.05375938325584904
16	true	76	60	0.05375938325584904
16	true	76	69	0.05375938325584904
16	true	76	46	0.05375938325584904
16	true	76	98	0.03174983453012905
16	true	76	19	0.05375938325584904
16	true	76	5	0.05375938325584904
16	true	76	12	0.05375938325584904
16	true	76	17	0.05375938325584904
16	true	76	52	0.023280321559677325
16	true	76	14	0.00428294330926642
16	true	76	53	0.016399883145781616
16	true	76	54	0.016399883145781616
16	true	76	40	0.010182077053941169
16	true	76	74	0.008220842984339364
16	true	77	2	0.12797558596819394
16	true	77	36	0.04197806697409686
16	true	77	53	0.11630039870113804
16	true	77	38	0.11630039870113804
16	true	77	12	0.04197806697409686
16	true	77	15	0.04197806697409686
16	true	77	46	0.04197806697409686
16	true	77	1	0.01928637440487171
16	true	77	55	0.04197806697409686
16	true	77	69	0.04197806697409686
16	true	77	88	0.04197806697409686
16	true	77	21	0.026404128258191686
16	true	77	62	0.02233081308474928
16	true	77	22	0.01928637440487171
16	true	77	80	0.01928637440487171
16	true	77	76	0.01928637440487171
16	true	77	19	0.01928637440487171
16	true	77	16	0.01928637440487171
16	true	77	5	0.007390711253535239
16	true	77	27	0.007390711253535239
16	true	77	23	0.007390711253535239
16	true	77	86	0.015818924053360175
16	true	77	29	0.015818924053360175
16	true	77	71	0.015818924053360175
16	true	77	98	0.015818924053360175
16	true	78	2	0.14178572278888307
16	true	78	15	0.14178572278888307
16	true	78	0	0.14178572278888307
16	true	78	46	0.05431229484741823
16	true	78	53	0.05431229484741823
16	true	78	21	0.028454603437265254
16	true	78	76	0.0329647710717612
16	true	78	38	0.0329647710717612
16	true	78	74	0.023996094852014854
16	true	78	34	0.028454603437265254
16	true	78	14	0.028454603437265254
16	true	78	24	0.028454603437265254
16	true	78	9	0.028454603437265254
16	true	78	22	0.023996094852014854
16	true	78	13	0.023996094852014854
16	true	78	28	0.023996094852014854
16	true	78	6	0.023996094852014854
16	true	78	40	0.023996094852014854
16	true	78	69	0.023996094852014854
16	true	78	55	0.023996094852014854
16	true	79	2	0.4405651089293414
16	true	79	28	0.16513061482205701
16	true	79	9	0.16513061482205701
16	true	79	69	0.16513061482205701
16	true	79	46	0.16513061482205701
16	true	79	55	0.16513061482205701
16	true	79	60	0.09789599094494578
16	true	79	10	0.04415067489743482
16	true	79	1	0.04415067489743482
16	true	79	42	0.04415067489743482
16	true	79	7	0.04415067489743482
16	true	79	17	0.04415067489743482
16	true	79	23	0.04415067489743482
16	true	79	15	0.04415067489743482
16	true	79	62	0.037788484774584616
16	true	79	97	0.04415067489743482
16	true	79	70	0.04415067489743482
16	true	79	61	0.037788484774584616
16	true	79	20	0.037788484774584616
16	true	79	18	0.037788484774584616
16	true	80	2	0.2069532799486557
16	true	80	15	0.10290674124870429
16	true	80	0	0.10290674124870429
16	true	80	16	0.09943157498206716
16	true	80	55	0.08551832633820762
16	true	80	46	0.054749944425297264
16	true	80	69	0.054749944425297264
16	true	80	21	0.054749944425297264
16	true	80	52	0.054749944425297264
16	true	80	14	0.054749944425297264
16	true	80	53	0.054749944425297264
16	true	80	38	0.054749944425297264
16	true	80	22	0.054749944425297264
16	true	80	24	0.054749944425297264
16	true	80	13	0.054749944425297264
16	true	80	9	0.006335160633551609
16	true	80	28	0.006335160633551609
16	true	80	62	0.054749944425297264
16	true	80	34	0.054749944425297264
16	true	80	88	0.054749944425297264
16	true	80	8	0.054749944425297264
16	true	80	98	0.007696050233842122
16	true	81	46	0.3639828368466193
16	true	81	15	0.2629612580307512
16	true	81	99	0.21174408699381603
16	true	81	55	0.10487346972903346
16	true	81	36	0.10487346972903346
16	true	81	9	0.10487346972903346
16	true	81	33	0.028600860947151682
16	true	81	38	0.10487346972903346
16	true	81	50	0.10487346972903346
16	true	81	69	0.10487346972903346
16	true	81	16	0.014968736251792724
16	true	81	20	0.014968736251792724
16	true	81	17	0.014968736251792724
16	true	81	71	0.10487346972903346
16	true	81	63	0.10487346972903346
16	true	81	76	0.10487346972903346
16	true	81	98	0.10487346972903346
16	true	81	77	0.032010621113801485
16	true	81	66	0.032010621113801485
16	true	81	51	0.032010621113801485
16	true	81	53	0.032010621113801485
16	true	81	47	0.032010621113801485
16	true	81	78	0.0009391731301759263
16	true	82	2	0.1273010037271981
16	true	82	0	0.10129511006334997
16	true	82	55	0.08542565534004977
16	true	82	88	0.08542565534004977
16	true	82	9	0.03693870277458549
16	true	82	15	0.03117767968165182
16	true	82	46	0.02168075060525067
16	true	82	69	0.02168075060525067
16	true	82	86	0.01649140998989128
16	true	82	21	0.01649140998989128
16	true	82	8	0.01649140998989128
16	true	82	80	0.01649140998989128
16	true	82	36	0.01649140998989128
16	true	82	17	0.01649140998989128
16	true	82	98	0.01613363849448916
16	true	82	10	0.010424081238262153
16	true	82	38	0.01613363849448916
16	true	82	12	0.010424081238262153
16	true	82	51	0.01613363849448916
16	true	82	74	0.01613363849448916
16	true	82	24	0.01613363849448916
16	true	82	14	0.01613363849448916
16	true	82	53	0.01613363849448916
16	true	82	71	0.009379916626614401
16	true	83	15	0.14321432784395588
16	true	83	0	0.14321432784395588
16	true	83	55	0.14321432784395588
16	true	83	2	0.07311443593922226
16	true	83	63	0.05493679644351542
16	true	83	12	0.04778990958416058
16	true	83	74	0.03296390210141746
16	true	83	17	0.0238269745390412
16	true	83	21	0.0238269745390412
16	true	83	38	0.0238269745390412
16	true	83	46	0.0238269745390412
16	true	83	19	0.018853712296257933
16	true	83	86	0.018853712296257933
16	true	83	1	0.0238269745390412
16	true	83	62	0.0238269745390412
16	true	83	69	0.0238269745390412
16	true	83	98	0.0238269745390412
16	true	83	14	0.008108651195624882
16	true	83	10	0.015989811894900192
16	true	83	5	0.015989811894900192
16	true	83	7	0.015989811894900192
16	true	84	55	0.0580049367964462
16	true	84	2	0.0580049367964462
16	true	84	0	0.0580049367964462
16	true	84	12	0.04962130545389074
16	true	84	46	0.0580049367964462
16	true	84	53	0.0580049367964462
16	true	84	38	0.0580049367964462
16	true	84	69	0.0466294969053627
16	true	84	21	0.0466294969053627
16	true	84	15	0.010392542198582322
16	true	84	71	0.015826726774432268
16	true	84	76	0.015826726774432268
16	true	84	40	0.015826726774432268
16	true	84	98	0.015826726774432268
16	true	84	60	0.010392542198582322
16	true	84	62	0.010392542198582322
16	true	84	52	0.010392542198582322
16	true	84	86	0.010392542198582322
16	true	84	14	0.005070210405207264
16	true	84	29	0.005070210405207264
16	true	84	54	0.010392542198582322
16	true	84	63	0.010392542198582322
16	true	85	63	0.08864407153133624
16	true	85	69	0.06841993088119841
16	true	85	55	0.06841993088119841
16	true	85	1	0.047504547870827064
16	true	85	46	0.047504547870827064
16	true	85	12	0.047504547870827064
16	true	85	2	0.047504547870827064
16	true	85	28	0.026184373469444456
16	true	85	19	0.026184373469444456
16	true	85	23	0.026184373469444456
16	true	85	5	0.026184373469444456
16	true	85	6	0.026184373469444456
16	true	85	74	0.023790191085762198
16	true	85	86	0.023790191085762198
16	true	85	71	0.014316870622383886
16	true	85	98	0.014316870622383886
16	true	85	60	0.014316870622383886
16	true	85	38	0.00875066586342195
16	true	85	24	0.004417828960112212
16	true	85	15	0.004417828960112212
16	true	86	2	0.07695869525782827
16	true	86	46	0.049423690065030196
16	true	86	74	0.049423690065030196
16	true	86	88	0.03271581527854227
16	true	86	53	0.03271581527854227
16	true	86	38	0.03271581527854227
16	true	86	15	0.03271581527854227
16	true	86	17	0.03271581527854227
16	true	86	54	0.03271581527854227
16	true	86	55	0.03271581527854227
16	true	86	12	0.03271581527854227
16	true	86	23	0.03271581527854227
16	true	86	29	0.03271581527854227
16	true	86	10	0.030075265891585806
16	true	86	40	0.03271581527854227
16	true	86	98	0.03271581527854227
16	true	86	60	0.03271581527854227
16	true	86	42	0.03271581527854227
16	true	86	69	0.011284567697454237
16	true	86	35	0.011284567697454237
16	true	87	88	0.319430339122943
16	true	87	1	0.05022590054256102
16	true	87	2	0.05022590054256102
16	true	87	15	0.05022590054256102
16	true	87	55	0.0469942466302372
16	true	87	62	0.0469942466302372
16	true	87	16	0.0469942466302372
16	true	87	36	0.0469942466302372
16	true	87	46	0.0469942466302372
16	true	87	24	0.0469942466302372
16	true	87	14	0.0469942466302372
16	true	87	27	0.0469942466302372
16	true	87	9	0.0469942466302372
16	true	87	0	0.0469942466302372
16	true	87	7	0.028884438522050658
16	true	87	38	0.01348338034935867
16	true	87	53	0.01348338034935867
16	true	87	13	0.011069939763930932
16	true	87	11	0.01348338034935867
16	true	87	10	0.01348338034935867
16	true	88	55	0.13056499581450626
16	true	88	2	0.10779743861026084
16	true	88	53	0.09086520012193493
16	true	88	46	0.09086520012193493
16	true	88	69	0.09086520012193493
16	true	88	38	0.09086520012193493
16	true	88	1	0.043737893621310066
16	true	88	63	0.09086520012193493
16	true	88	0	0.09086520012193493
16	true	88	15	0.038662521411014374
16	true	88	98	0.02875908729301172
16	true	88	36	0.038662521411014374
16	true	88	29	0.038662521411014374
16	true	88	17	0.038662521411014374
16	true	88	10	0.038662521411014374
16	true	88	7	0.038662521411014374
16	true	88	23	0.016582089304628202
16	true	88	12	0.016582089304628202
16	true	88	95	0.02875908729301172
16	true	88	80	0.02875908729301172
16	true	88	89	0.02875908729301172
16	true	88	86	0.005598199090088775
16	true	89	2	0.23773275451938333
16	true	89	15	0.23773275451938333
16	true	89	55	0.06347138553210442
16	true	89	0	0.06347138553210442
16	true	89	21	0.06347138553210442
16	true	89	98	0.0466625197413661
16	true	89	22	0.02360977836263851
16	true	89	53	0.0466625197413661
16	true	89	38	0.0466625197413661
16	true	89	88	0.0466625197413661
16	true	89	62	0.0466625197413661
16	true	89	46	0.0466625197413661
16	true	89	69	0.0466625197413661
16	true	89	12	0.0466625197413661
16	true	89	86	0.0466625197413661
16	true	89	17	0.013316477775256137
16	true	89	28	0.013316477775256137
16	true	89	14	0.02360977836263851
16	true	89	24	0.02360977836263851
16	true	89	13	0.02360977836263851
16	true	89	8	0.02360977836263851
16	true	89	34	0.02360977836263851
16	true	90	55	0.10120385845013315
16	true	90	2	0.09305218734790091
16	true	90	46	0.08767104399078093
16	true	90	21	0.09305218734790091
16	true	90	0	0.09305218734790091
16	true	90	15	0.059060424133115706
16	true	90	53	0.059060424133115706
16	true	90	69	0.059060424133115706
16	true	90	38	0.059060424133115706
16	true	90	63	0.029374810815425798
16	true	90	62	0.029374810815425798
16	true	90	98	0.029374810815425798
16	true	90	22	0.022018170571668695
16	true	90	14	0.022018170571668695
16	true	90	23	0.022018170571668695
16	true	90	24	0.022018170571668695
16	true	90	13	0.022018170571668695
16	true	90	34	0.022018170571668695
16	true	90	1	0.029374810815425798
16	true	90	99	0.029374810815425798
16	true	90	74	0.029374810815425798
16	true	90	71	0.029374810815425798
16	true	90	76	0.029374810815425798
16	true	90	86	0.006571668735819953
16	true	90	56	0.022018170571668695
16	true	90	54	0.022018170571668695
16	true	90	8	0.022018170571668695
16	true	90	52	0.022018170571668695
16	true	91	55	0.12451382845105267
16	true	91	74	0.07378429175920542
16	true	91	2	0.07378429175920542
16	true	91	15	0.07378429175920542
16	true	91	69	0.07378429175920542
16	true	91	46	0.07378429175920542
16	true	91	0	0.06180570924737619
16	true	91	12	0.04527691670473536
16	true	91	23	0.04527691670473536
16	true	91	19	0.04527691670473536
16	true	91	5	0.04527691670473536
16	true	91	21	0.04527691670473536
16	true	91	98	0.04527691670473536
16	true	91	88	0.04527691670473536
16	true	91	53	0.04527691670473536
16	true	91	6	0.04527691670473536
16	true	91	59	0.008203536030203653
16	true	91	1	0.027074053137755235
16	true	91	28	0.027074053137755235
16	true	91	24	0.0014762984845999453
16	true	92	15	0.33627301175541024
16	true	92	2	0.18694992590706502
16	true	92	62	0.15667514786503578
16	true	92	19	0.15667514786503578
16	true	92	38	0.15667514786503578
16	true	92	5	0.15667514786503578
16	true	92	6	0.15667514786503578
16	true	92	53	0.15667514786503578
16	true	92	55	0.15667514786503578
16	true	92	36	0.15667514786503578
16	true	92	12	0.15667514786503578
16	true	92	29	0.049801242499819695
16	true	92	100	0.09111903043392537
16	true	92	94	0.09111903043392537
16	true	92	28	0.049801242499819695
16	true	92	1	0.049801242499819695
16	true	92	27	0.013721517760446264
16	true	92	35	0.009148251897038658
16	true	92	70	0.009148251897038658
16	true	92	74	0.009148251897038658
16	true	93	55	0.1256262263408411
16	true	93	2	0.1256262263408411
16	true	93	0	0.1256262263408411
16	true	93	62	0.07820403196852166
16	true	93	15	0.1256262263408411
16	true	93	21	0.1256262263408411
16	true	93	22	0.018520568759972475
16	true	93	46	0.07820403196852166
16	true	93	38	0.07820403196852166
16	true	93	69	0.07820403196852166
16	true	93	88	0.03520237159358961
16	true	93	74	0.026529549972857013
16	true	93	98	0.026529549972857013
16	true	93	40	0.026529549972857013
16	true	93	53	0.018520568759972475
16	true	93	52	0.018520568759972475
16	true	93	60	0.018520568759972475
16	true	93	42	0.015754535832758168
16	true	93	71	0.015754535832758168
16	true	93	100	0.015754535832758168
16	true	94	2	0.11309610750614635
16	true	94	55	0.09453480784118688
16	true	94	0	0.11309610750614635
16	true	94	15	0.11309610750614635
16	true	94	74	0.09453480784118688
16	true	94	12	0.09453480784118688
16	true	94	38	0.09453480784118688
16	true	94	53	0.09453480784118688
16	true	94	19	0.037937240984689424
16	true	94	5	0.037937240984689424
16	true	94	62	0.09453480784118688
16	true	94	69	0.09453480784118688
16	true	94	46	0.09453480784118688
16	true	94	86	0.037937240984689424
16	true	94	63	0.037937240984689424
16	true	94	98	0.037937240984689424
16	true	94	88	0.0322680508051584
16	true	94	51	0.037937240984689424
16	true	94	21	0.037937240984689424
16	true	94	6	0.011161757851024088
16	true	95	55	0.12914166065561478
16	true	95	62	0.12914166065561478
16	true	95	23	0.05364569410401532
16	true	95	46	0.05364569410401532
16	true	95	17	0.05364569410401532
16	true	95	15	0.05364569410401532
16	true	95	69	0.05364569410401532
16	true	95	0	0.05364569410401532
16	true	95	88	0.05364569410401532
16	true	95	40	0.05364569410401532
16	true	95	21	0.05364569410401532
16	true	95	10	0.05364569410401532
16	true	95	12	0.05364569410401532
16	true	95	7	0.05364569410401532
16	true	95	2	0.05364569410401532
16	true	95	60	0.05364569410401532
16	true	95	38	0.05364569410401532
16	true	95	74	0.05364569410401532
16	true	95	24	0.01914520395382477
16	true	95	1	0.01914520395382477
16	true	96	2	0.27692657678381777
16	true	96	88	0.07036607718020296
16	true	96	0	0.07036607718020296
16	true	96	17	0.07036607718020296
16	true	96	98	0.036063602234644804
16	true	96	15	0.036063602234644804
16	true	96	21	0.01932631906814244
16	true	96	74	0.036063602234644804
16	true	96	46	0.036063602234644804
16	true	96	55	0.036063602234644804
16	true	96	69	0.01932631906814244
16	true	96	12	0.01932631906814244
16	true	96	19	0.01932631906814244
16	true	96	38	0.01932631906814244
16	true	96	52	0.01932631906814244
16	true	96	53	0.01932631906814244
16	true	96	95	0.01932631906814244
16	true	96	1	0.01932631906814244
16	true	96	56	0.015249795791739415
16	true	96	22	0.003217161953905024
16	true	97	2	0.2117429787814672
16	true	97	55	0.2117429787814672
16	true	97	15	0.09403654056163424
16	true	97	10	0.0605584928447091
16	true	97	7	0.0605584928447091
16	true	97	46	0.0605584928447091
16	true	97	69	0.0605584928447091
16	true	97	40	0.036533712176917914
16	true	97	60	0.036533712176917914
16	true	97	59	0.02963844562185404
16	true	97	38	0.02963844562185404
16	true	97	53	0.02963844562185404
16	true	97	21	0.02628371896700486
16	true	97	1	0.02628371896700486
16	true	97	12	0.02628371896700486
16	true	97	0	0.02963844562185404
16	true	97	62	0.02963844562185404
16	true	97	98	0.02963844562185404
16	true	97	76	0.02628371896700486
16	true	97	71	0.02628371896700486
16	true	98	0	0.14956353333361583
16	true	98	15	0.14956353333361583
16	true	98	98	0.06547425142638476
16	true	98	21	0.06547425142638476
16	true	98	55	0.06547425142638476
16	true	98	29	0.053132831551663505
16	true	98	69	0.06547425142638476
16	true	98	62	0.06547425142638476
16	true	98	46	0.06547425142638476
16	true	98	2	0.053132831551663505
16	true	98	28	0.053132831551663505
16	true	98	23	0.053132831551663505
16	true	98	71	0.053132831551663505
16	true	98	12	0.053132831551663505
16	true	98	76	0.029243882737351144
16	true	98	74	0.029243882737351144
16	true	98	17	0.018313958801019645
16	true	98	53	0.018313958801019645
16	true	98	24	0.053132831551663505
16	true	98	22	0.053132831551663505
16	true	98	14	0.053132831551663505
16	true	98	34	0.053132831551663505
16	true	98	8	0.053132831551663505
16	true	98	13	0.053132831551663505
16	true	99	2	0.21841005045139295
16	true	99	0	0.14497618485680555
16	true	99	15	0.14497618485680555
16	true	99	55	0.05428408961199897
16	true	99	12	0.02283960679813313
16	true	99	74	0.025141880914673672
16	true	99	46	0.025141880914673672
16	true	99	24	0.02283960679813313
16	true	99	14	0.02283960679813313
16	true	99	21	0.02283960679813313
16	true	99	38	0.025141880914673672
16	true	99	69	0.025141880914673672
16	true	99	53	0.025141880914673672
16	true	99	98	0.01113273309275568
16	true	99	19	0.02283960679813313
16	true	99	22	0.02283960679813313
16	true	99	5	0.0038618130915029692
16	true	99	76	0.008572433916752033
16	true	99	62	0.008572433916752033
16	true	99	88	0.008572433916752033
16	true	100	55	0.2625897422176831
16	true	100	28	0.15532464218770636
16	true	100	69	0.15532464218770636
16	true	100	46	0.15532464218770636
16	true	100	2	0.15363907082701178
16	true	100	11	0.15363907082701178
16	true	100	99	0.1071473922444299
16	true	100	3	0.04212380840571333
16	true	100	0	0.03141153413126835
16	true	100	86	0.03141153413126835
16	true	100	52	0.03141153413126835
16	true	100	21	0.03141153413126835
16	true	100	59	0.03141153413126835
16	true	100	80	0.03141153413126835
16	true	100	51	0.03141153413126835
16	true	100	6	0.03141153413126835
16	true	100	22	0.03141153413126835
16	true	100	75	0.01785956361550511
16	true	100	24	0.017698206796489452
16	true	100	34	0.002706813323088633
